"true_model","true_phi","true_nknots","bic_true_model","adaflasso","phi_adaflasso","phi_yw_adaflasso","nknots_adaflasso","bic_adaflasso","knots_WCM","nknots_WCM","bic_WCM","phi_WCM","knots_AR1seg","nknots_AR1seg","bic_AR1seg","phi_AR1seg","best_iter","changepoints","nknots_best_iter","phi_best_iter","phi_yw_best_iter","min_bic_best_iter","distance_adaflasso","distance_WCM","distance_AR1seg","distance_best_iter_flasso"
"251,501,751",0.3,3,109.294091504635,"246,501,746,751,774",0.284382154228424,0.269934024024641,5,116.636612907037,"246,501,752",3,100.042237785506,0.278663993547303,"246,501,752",3,51.773938180307,0.066843081125558,7,"246,501,751,774",4,0.26824369413614,0.270493791572292,101.87876,2.005,0.006,0.006,1.005
"251,501,751",0.3,3,123.58342864293,"235,251,285,315,501,691,751,761",0.293200461052727,0.293868158528999,8,144.886287747202,"251,502,751",3,125.170335650408,0.314188597042809,"250,501,751",3,250.753983991351,0.505501618645433,10,"251,501,751",3,0.310051676421048,0.313244291655903,123.96489,5,0.001,0.001,0
"251,501,751",0.3,3,126.723704119879,"251,501,512,747,751",0.20263884707948,0.200584008505152,5,87.846954116706,"251,507,747",3,73.8529391404848,0.204039150872199,"251,510,747",3,70.7656238007579,0.195404849588243,3,"251,501,512,747",4,0.197318585905756,0.200095831849468,79.14954,2,0.01,0.013,1.004
"251,501,751",0.3,3,137.678981088937,"242,251,478,513,750",0.19545593327902,0.171191635689462,5,94.3117886261797,"251,501,751",3,76.1066584726154,0.178613496382327,"251,501,751",3,82.1735398137888,0.196533606294779,4,"251,478,513,750",4,0.173528543669935,0.17285255925045,80.93992,2.013,0,0,1.013
"251,501,751",0.3,3,76.9399808996122,"249,455,499,750",0.343875366968858,0.316189737913526,4,114.356756747064,"251,499,750",3,98.6135310540291,0.329579669889903,"249,499,750",3,227.33226664797,0.506518974407667,2,"249,455,499,750",4,0.314297048554775,0.316189737913526,96.84878,1.005,0.003,0.005,1.005
"251,501,751",0.3,3,113.683792578526,"250,501,751,756",0.327192686090431,0.298325958266979,4,142.824691802651,"250,501,751",3,119.074486142709,0.299681413923886,"250,501,751",3,109.643150345384,0.28086617802582,6,"250,501,751",3,0.293691494681827,0.299681413923886,118.14465,1.001,0.001,0.001,0.001
"251,501,751",0.3,3,131.392748583694,"251,258,501,708,750",0.326445938189102,0.304575994433374,5,122.407437406736,"251,501,750",3,101.772471478933,0.314410569844338,"251,501,750",3,65.4000700811262,0.211753002771099,6,"251,501,750",3,0.312744136499822,0.314410569844338,104.22904,2.001,0.001,0.001,0.001
"251,501,751",0.3,3,47.9844364839672,"250,501,751",0.318351912126289,0.297633840319024,3,91.5895527663155,"251,501,752",3,72.2709713272159,0.294010720321271,"250,501,751",3,66.0979818688856,0.285951983880491,2,"250,501,751",3,0.296919481876023,0.297633840319024,78.99588,0.001,0.001,0.001,0.001
"251,501,751",0.3,3,116.838726126818,"226,252,450,501,728,751,759",0.282107697505539,0.279637740474195,7,129.59331247341,"252,501,751",3,110.269389670018,0.293148365001577,"252,501,751",3,113.026123176865,0.298683775324154,7,"252,501,751",3,0.289724996022192,0.293148365001577,109.69721,4.001,0.001,0.001,0.001
"251,501,751",0.3,3,126.215394184205,"256,501,750",0.297155517763611,0.283714560759798,3,109.531623208106,"257,501,750",3,99.3921083844134,0.282315145119365,"256,501,750",3,173.297714607775,0.408341577193317,2,"256,501,750",3,0.278611091432022,0.283714560759798,100.84963,0.006,0.007,0.006,0.006
"251,501,751",0.3,3,90.6348825923417,"241,304,501,664,750,756",0.319203397776465,0.290055747158038,6,144.246439927695,"241,501,751",3,114.152573813009,0.304245919476456,"241,501,750",3,367.217080679701,0.626486607435068,3,"241,304,501,750",4,0.293635443543722,0.295458063162329,117.12532,3.011,0.01,0.011,1.011
"251,501,751",0.3,3,94.5834317548486,"251,505,509,749,751",0.227014082536746,0.219813381870507,5,44.8338497303237,"248,505,751",3,22.1274152769226,0.214430544092679,"251,505,751",3,28.4831216186901,0.230718150991151,3,"251,505,751",3,0.215450230308626,0.219705942103231,27.1953,2.004,0.007,0.004,0.004
"251,501,751",0.3,3,75.9855499084351,"251,503,751",0.27804730237901,0.26098724369835,3,78.1673470306845,"251,503,751",3,66.9732786115304,0.26098724369835,"251,503,751",3,19.9452196286272,0.0615275348814133,2,"251,503,751",3,0.256192326697385,0.26098724369835,66.98954,0.002,0.002,0.002,0.002
"251,501,751",0.3,3,85.0597914262998,"251,501,751,873",0.324883552498992,0.313947896114911,4,106.136605605141,"251,501,751",3,98.4398656620042,0.323074514968039,"251,501,751",3,155.123800387897,0.411233770105492,2,"251,501,751,873",4,0.307526598553821,0.313947896114911,96.50629,1,0,0,1
"251,501,751",0.3,3,136.215759853398,"249,501,752",0.26724005873796,0.267598176143809,3,102.410240302553,"250,501,752",3,99.3220189189512,0.268132110402761,"249,501,752",3,149.040986069165,0.363926021169302,2,"249,501,752",3,0.265807543266388,0.267598176143809,101.82906,0.003,0.002,0.003,0.003
"251,501,751",0.3,3,101.362873032782,"104,251,488,501,504,747",0.288909776038262,0.285384303905146,6,117.456787775403,"251,501,748",3,97.0241825413553,0.293820889979899,"251,501,748",3,43.9083210960825,0.0982663068278899,4,"251,501,747",3,0.290069031780942,0.295514197055483,99.62769,3.004,0.003,0.003,0.004
"251,501,751",0.3,3,117.155094754827,"149,240,254,500,751",0.305812042239362,0.29590295871635,5,115.522523213305,"254,479,501,751",4,95.3261524524398,0.284433597905425,"254,483,500,751",4,57.5415798451061,0.182785614542329,4,"254,500,751",3,0.30279867983643,0.30357989523463,102.24964,2.004,1.003,1.004,0.004
"251,501,751",0.3,3,84.9059392058236,"249,501,751",0.278037503741355,0.268893608722077,3,94.8526134038229,"249,501,751",3,85.5828547628659,0.268893608722077,"249,501,751",3,59.2575710561944,0.210085830689854,2,"249,501,751",3,0.264363616393648,0.268893608722077,87.85769,0.002,0.002,0.002,0.002
"251,501,751",0.3,3,96.5748598640442,"251,493,500,749",0.317090085855266,0.307829659439252,4,115.677754119341,"251,495,749",3,102.713507162837,0.308257072455659,"251,495,749",3,70.6070254941788,0.239631869402202,2,"251,493,500,749",4,0.302639391615822,0.307829659439252,107.91509,1.003,0.008,0.008,1.003
"251,501,751",0.3,3,119.411473287029,"251,501,751",0.297070367525856,0.302121053761188,3,101.35556393008,"251,501,751",3,101.706926429729,0.302121053761188,"251,501,751",3,66.5973222151963,0.212920045862634,2,"251,501,751",3,0.29578380162596,0.302121053761188,100.75305,0,0,0,0
"251,501,751",0.3,3,108.208760152905,"251,501,748",0.311953307063749,0.308655818895844,3,132.75705598334,"251,501,748",3,126.625500297304,0.308655818895844,"251,501,748",3,220.825533879719,0.449009475728946,10,"251,501,748",3,0.303854922374845,0.308655818895844,128.52173,0.003,0.003,0.003,0.003
"251,501,751",0.3,3,123.753006247288,"250,501,751",0.365183257650074,0.365178686225214,3,168.589766895056,"251,501,751",3,167.102469125147,0.36521621849744,"250,501,751",3,268.085376611738,0.512899222336707,2,"250,501,751",3,0.360217197691901,0.365178686225214,165.8121,0.001,0,0.001,0.001
"251,501,751",0.3,3,95.8907333261571,"252,502,694,751",0.252616081234074,0.247172375452719,4,70.1326155623981,"252,502,752",3,64.7212730350331,0.255349851567667,"252,502,751",3,121.989743327399,0.358254870162427,2,"252,502,694,751",4,0.244315467345015,0.247172375452719,66.46686,1.002,0.003,0.002,1.002
"251,501,751",0.3,3,109.79593842126,"251,265,499,751",0.298717650393024,0.28597205351585,4,113.611613041536,"251,500,751",3,98.554306549406,0.28941986566903,"251,499,751",3,129.636433239716,0.346954152320725,4,"251,499,751",3,0.286028384985871,0.290757400337646,101.56102,1.002,0.001,0.002,0.002
"251,501,751",0.3,3,81.2777444041958,"253,501,751",0.347783439925352,0.342630344675212,3,133.506384775851,"253,501,751",3,126.083933200775,0.342630344675212,"253,501,751",3,72.3636831791813,0.232770550762562,2,"253,501,751",3,0.337602299744288,0.342630344675212,127.4793,0.002,0.002,0.002,0.002
"251,501,751",0.3,3,81.8515931253237,"251,258,497,498,745",0.347439351004758,0.325284226693879,5,130.26517543831,"258,498,745",3,106.195522897947,0.32918750627373,"251,497,745",3,275.683121231387,0.555197564632031,5,"251,498,745",3,0.327864808121775,0.327364742773872,106.2556,2.009,0.016,0.01,0.009
"251,501,751",0.3,3,146.787878621572,"119,249,501,751",0.319499608672973,0.315281305238625,4,143.388169708365,"250,501,751",3,134.362715229672,0.318784845800799,"249,501,751",3,196.217729766362,0.428719093933776,3,"249,501,751",3,0.318614168755519,0.320526968352586,137.62305,1.002,0.001,0.002,0.002
"251,501,751",0.3,3,126.332975910248,"251,500,710,751",0.341943779669714,0.334192130078344,4,163.976127814062,"253,501,751",3,150.062536852304,0.335260582685474,"251,500,751",3,145.280586835244,0.330439617674285,3,"251,500,751",3,0.334263141933162,0.338663870095858,154.4321,1.001,0.002,0.001,0.001
"251,501,751",0.3,3,104.139531977046,"252,501,751,905",0.316216269755286,0.301142779342232,4,135.474304967933,"252,501,751",3,126.177722034871,0.312103928097966,"252,501,751",3,119.835924648558,0.300336724721469,2,"252,501,751,905",4,0.293508530439663,0.301142779342232,123.23734,1.001,0.001,0.001,1.001
"251,501,751",0.3,3,123.333954301897,"251,494,519,742,752",0.259625535076364,0.250122946601087,5,123.380533290889,"252,495,751",3,108.641018334272,0.259489904744199,"251,494,750",3,203.59024071401,0.419688351508479,2,"251,494,519,742,752",5,0.250885467838335,0.250122946601087,119.53332,2.008,0.007,0.008,2.008
"251,501,751",0.3,3,141.863352948181,"251,501,751",0.321526458709931,0.315231841568983,3,152.523037355891,"251,503,751",3,147.203033433361,0.316045788428185,"251,501,751",3,154.184153354802,0.331512508445637,2,"251,501,751",3,0.312835002445319,0.315231841568983,148.38187,0,0.002,0,0
"251,501,751",0.3,3,87.7437157856374,"245,251,257,489,501,751",0.313406884352872,0.294760960485425,6,118.848147591779,"257,501,751",3,91.4204068629389,0.302541824830049,"251,501,751",3,125.082946790524,0.35941634319947,5,"257,501,751",3,0.296023369166888,0.302541824830049,91.06949,3,0.006,0,0.006
"251,501,751",0.3,3,71.3753689938156,"251,501,750,776",0.288389704850472,0.268252941794715,4,95.3043336990023,"251,501,750",3,76.2478541626908,0.272275204828725,"251,501,750",3,52.5491932748636,0.222713893775997,3,"251,501,750",3,0.269185749698282,0.272275204828725,79.28682,1.001,0.001,0.001,0.001
"251,501,751",0.3,3,59.8219823534433,"249,498,755",0.332406329420677,0.311098987302492,3,91.5606306992984,"250,499,755",3,74.9856692168286,0.308909426859349,"249,498,755",3,136.893878099013,0.401643802436097,2,"249,498,755",3,0.311715623164427,0.311098987302492,79.16653,0.009,0.007,0.009,0.009
"251,501,751",0.3,3,115.307226351003,"250,503,751,763",0.281201088438009,0.279714759755449,4,111.751075115736,"251,503,751",3,102.703872279835,0.283035605183988,"250,503,751",3,145.093589392491,0.358855998919287,4,"250,503,751",3,0.27919006059586,0.283345783473052,104.90213,1.003,0.002,0.003,0.003
"251,501,751",0.3,3,133.358060210463,"251,328,500,751",0.325173314948899,0.320047476661036,4,133.161260599834,"251,500,751",3,125.449086861534,0.329086074307025,"251,500,751",3,76.976487343406,0.0579752101348334,5,"251,500,751",3,0.322263302903191,0.329086074307025,126.765,1.001,0.001,0.001,0.001
"251,501,751",0.3,3,99.9414574540738,"249,259,501,750,762",0.308521338274939,0.310268942862804,5,145.019788850868,"249,501,751",3,133.796142495783,0.315620811298505,"249,501,751",3,77.7125618269015,0.179041911457239,5,"249,501,750",3,0.315275274120429,0.317976291912579,137.56907,2.003,0.002,0.002,0.003
"251,501,751",0.3,3,115.665021471674,"210,250,499,751",0.274664577794542,0.261841168798104,4,102.356401826588,"250,500,751",3,88.3812193115483,0.265768963832862,"250,499,751",3,100.627248115799,0.292184315232694,3,"250,499,751",3,0.266631054303122,0.267414232790315,93.61717,1.003,0.002,0.003,0.003
"251,501,751",0.3,3,87.949070948332,"250,260,496,499,751",0.305432893827831,0.305185601497866,5,136.559646283073,"251,499,751",3,116.851807995539,0.303509738115534,"250,499,751",3,88.8827551251379,0.249699720695482,3,"250,499,751",3,0.303369245584972,0.307292408483152,122.90798,2.003,0.002,0.003,0.003
"251,501,751",0.3,3,133.566540893057,"53,249,315,479,502,604,750,893",0.299461936423398,0.29352511384479,8,181.264559273996,"250,502,750",3,168.63099117378,0.325795910144397,"249,502,750",3,165.574037866671,0.322345930324742,4,"249,502,750",3,0.32687224171127,0.33212600561944,170.77224,5.004,0.003,0.004,0.004
"251,501,751",0.3,3,105.581239131593,"248,251,503,689,750",0.342838606074373,0.311080152045395,5,129.123846769181,"251,503,751",3,103.810608728679,0.321154842330666,"251,503,751",3,48.7034661280352,0.0611607800481242,3,"248,503,750",3,0.319959181758614,0.319054784844419,104.55982,2.003,0.002,0.002,0.006
"251,501,751",0.3,3,80.2948999149596,"250,499,503,751",0.294922602823856,0.286537849693061,4,105.217529768005,"251,501,751",3,90.845284029713,0.285058127375131,"250,499,751",3,105.72149070402,0.312160813051882,3,"250,499,751",3,0.287867812506413,0.28735907215223,95.71981,1.003,0,0.003,0.003
"251,501,751",0.3,3,105.894598846162,"251,501,751",0.352737003241654,0.348031573044285,3,157.48023442343,"252,501,751",3,152.197589377916,0.346713623776921,"251,501,751",3,206.378068036608,0.429766306166587,2,"251,501,751",3,0.342345369782135,0.348031573044285,151.4789,0,0.001,0,0
"251,501,751",0.3,3,112.220782889518,"251,501,751",0.353046117635851,0.343000140183571,3,144.945376078766,"251,501,751",3,135.13564818428,0.343000140183571,"251,501,751",3,132.001333882435,0.337314323836956,2,"251,501,751",3,0.336490362316958,0.343000140183571,136.05854,0,0,0,0
"251,501,751",0.3,3,83.2143541880633,"251,500,745,751,757",0.327946135366776,0.321395382858803,5,117.214100955625,"251,501,751",3,99.7630457786614,0.324664105544097,"251,500,751",3,250.802828700302,0.532719502153169,6,"251,500,751",3,0.32084225954205,0.324363393820159,99.68878,2.001,0,0.001,0.001
"251,501,751",0.3,3,109.84487563978,"251,501,748,769",0.326388442794273,0.334624650315232,4,139.893770011568,"251,501,751",3,135.372609303021,0.336306366232888,"251,501,748",3,166.212709428306,0.388376678329268,3,"251,501,748",3,0.325958056135139,0.337469040824245,133.47482,1.003,0,0.003,0.003
"251,501,751",0.3,3,93.6857829885764,"251,502,751,801",0.314141248391945,0.320941561770887,4,107.767481503445,"251,502,751",3,103.787135720241,0.323875391151841,"251,502,751",3,76.5944685365997,0.269655226589375,3,"251,502,751",3,0.317019527888708,0.323875391151841,102.98113,1.001,0.001,0.001,0.001
"251,501,751",0.3,3,106.904764665681,"250,253,501,751,786",0.276215584865323,0.2552284976642,5,120.114767256958,"253,501,751",3,101.066566459808,0.261807938917719,"253,501,751",3,58.5019800685738,0.11792875340589,3,"253,501,751",3,0.260129146689422,0.261807938917719,100.84406,2.001,0.002,0.002,0.002
"251,501,751",0.3,3,89.9873362194142,"251,500,509,751,762",0.242559558635193,0.237553391697532,5,78.0994191148967,"251,500,751",3,61.6006629024096,0.243789282047607,"251,500,751",3,175.072364630622,0.420177488989614,3,"251,500,751",3,0.234097480280238,0.243789282047607,62.9137,2.001,0.001,0.001,0.001
"251,501,751",0.3,3,139.375084477069,"251,501,751,754",0.320027043871077,0.322323605868412,4,134.087248883363,"251,501,754",3,125.199818287259,0.32361293414283,"251,501,754,971",4,75.6244959266497,0.0857980952293362,8,"251,501,751",3,0.319662469720727,0.322770107065512,127.01018,1,0.003,1.003,0
"251,501,751",0.3,3,131.234438267326,"251,501,750,763",0.316675145256203,0.316248576314414,4,140.442910116573,"251,501,751",3,132.097865065967,0.321233106137692,"251,501,751",3,83.4537431434471,0.182668689898251,4,"251,501,750",3,0.312601021479237,0.320359376576475,132.68852,1.001,0,0,0.001
"251,501,751",0.3,3,141.338145997363,"249,495,751",0.312956767258398,0.303027422445588,3,133.266486143587,"249,495,751",3,126.594980258159,0.303027422445588,"249,495,751",3,142.006599173458,0.333473239668938,2,"249,495,751",3,0.299057226530347,0.303027422445588,126.76135,0.008,0.008,0.008,0.008
"251,501,751",0.3,3,116.563007445547,"251,283,499,750,751",0.26857042413419,0.262171473740855,5,108.583810358214,"251,499,751",3,95.5479015971831,0.268629480562327,"251,499,751",3,117.406992866504,0.311026545257004,4,"251,499,751",3,0.265617727070893,0.268629480562327,95.2656,2.002,0.002,0.002,0.002
"251,501,751",0.3,3,112.994746840539,"247,251,502,752",0.385554261416594,0.384025915327455,4,193.796860149553,"251,502,752",3,183.694516203158,0.383971476312513,"251,502,752",3,191.052089001064,0.395459628798966,3,"251,502,752",3,0.381239872557836,0.383971476312513,184.37737,1.002,0.002,0.002,0.002
"251,501,751",0.3,3,126.109269022948,"250,255,498,501,750",0.304127915264461,0.293474537288667,5,138.356630115458,"255,501,751",3,118.978466213962,0.293923667987472,"255,499,750",3,160.510398623743,0.369190401986863,3,"255,501,750",3,0.291876970263681,0.295039500546828,118.86978,2.002,0.004,0.007,0.005
"251,501,751",0.3,3,101.203099352268,"248,501,751",0.355699626897603,0.341845471306267,3,145.33668478841,"248,501,751",3,132.032466166075,0.341845471306267,"248,501,751",3,102.734610392677,0.284761954232484,2,"248,501,751",3,0.335982267290116,0.341845471306267,134.29496,0.003,0.003,0.003,0.003
"251,501,751",0.3,3,167.121866447472,"251,501,751",0.290568712508058,0.294410798871313,3,147.460477138283,"251,501,752",3,143.317082301046,0.291559280176206,"251,501,751",3,201.61731358994,0.404175648375988,2,"251,501,751",3,0.289124158165916,0.294410798871313,146.8888,0,0.001,0,0
"251,501,751",0.3,3,137.117227565337,"249,501,751",0.337525678995109,0.33246364334662,3,146.962623186255,"251,501,752",3,141.374348070527,0.330572390411691,"251,501,751",3,102.409703922068,0.236718191935759,2,"249,501,751",3,0.331124450673558,0.33246364334662,143.84208,0.002,0.001,0,0.002
"251,501,751",0.3,3,136.569130543365,"249,501,751",0.275987652593409,0.272772238038859,3,120.041591870242,"249,501,751",3,113.914255882756,0.272772238038859,"249,501,751",3,129.273049425897,0.304726354823538,2,"249,501,751",3,0.269124974987424,0.272772238038859,117.08143,0.002,0.002,0.002,0.002
"251,501,751",0.3,3,113.655767274835,"189,221,248,461,482,491,738,768,857",0.361249788177707,0.275050212641667,9,196.219997851549,"242,492,745",3,99.578840749482,0.272987116709213,"249,487,745",3,235.661218814464,0.477416662485503,5,"248,491,738",3,0.297011589063523,0.291704933455835,122.65071,6.026,0.024,0.022,0.026
"251,501,751",0.3,3,116.983708158277,"251,499,501,751",0.32107667772045,0.312988649363524,4,153.586872704479,"252,501,754",3,136.842472068296,0.306949964174669,"251,499,751",3,202.395210287282,0.414941681205167,4,"251,501,751",3,0.307293203079319,0.313492909509463,139.64063,1,0.004,0.002,0
"251,501,751",0.3,3,70.9649652201291,"244,251,501,526,748,751,833",0.283270545294936,0.284913907976992,7,130.432152965811,"251,501,751",3,111.569770950742,0.295298163886272,"250,501,748",3,447.794774371733,0.704244674348645,3,"251,501,751",3,0.291452188035052,0.295298163886272,110.55245,4,0,0.004,0
"251,501,751",0.3,3,120.154242273853,"250,262,497,508,754",0.250837571626399,0.243371414260083,5,97.0309947807756,"262,498,754",3,83.6959204196421,0.249390439710131,"262,497,754",3,160.803729564509,0.38521581608024,8,"262,497,754",3,0.253024771199335,0.252122076719661,87.47454,2.008,0.017,0.018,0.018
"251,501,751",0.3,3,83.327549847497,"251,501,751",0.311004217262049,0.316048682554607,3,116.298799701807,"251,502,751",3,113.742682114389,0.313473357784586,"251,501,751",3,258.346481742889,0.511900037063079,2,"251,501,751",3,0.309519726103011,0.316048682554607,115.48602,0,0.001,0,0
"251,501,751",0.3,3,131.833572080041,"251,331,501,750,751",0.282286155288538,0.276146223421161,5,148.989133050382,"251,501,751",3,131.846223887507,0.282080196948677,"251,501,750",3,189.490925046247,0.383742984704322,3,"251,501,750",3,0.279177073492457,0.284599697084331,138.37818,2,0,0.001,0.001
"251,501,751",0.3,3,115.624617432255,"251,509,518,751",0.294514500255382,0.28945288010957,4,96.1293755749849,"251,509,753",3,82.7162606528753,0.286216604374954,"251,509,753",3,46.7858875289361,0.188532998843469,3,"251,509,751",3,0.285908583601792,0.289304906377276,85.72308,1.008,0.01,0.01,0.008
"251,501,751",0.3,3,95.7106160377995,"249,499,502,751,908",0.300861265573234,0.282106953391167,5,131.039193240594,"249,501,751",3,114.067120210935,0.292447430091095,"249,500,751",3,176.92675047141,0.391314289234601,2,"249,499,502,751,908",5,0.278319247857342,0.282106953391167,118.71136,2.003,0.002,0.003,2.003
"251,501,751",0.3,3,142.58629104776,"229,251,501,751",0.270364756579698,0.254799474900406,4,108.740212775062,"251,502,751",3,96.324157970288,0.25969452851769,"251,501,751",3,73.233845043977,0.189971552495797,3,"251,501,751",3,0.25456440194176,0.258056231173969,96.36323,1,0.001,0,0
"251,501,751",0.3,3,101.47169507433,"251,499,751",0.313516203855362,0.317378857627768,3,129.612398575633,"251,499,754",3,124.242576032044,0.311985625018628,"251,499,751",3,132.306278269745,0.327778910717364,2,"251,499,751",3,0.309703829834686,0.317378857627768,127.61202,0.002,0.005,0.002,0.002
"251,501,751",0.3,3,154.074271437745,"250,500,745,760",0.322054814233427,0.30813447757736,4,164.272767829443,"251,500,749",3,149.137434928786,0.309320021448292,"250,500,749",3,124.807011536925,0.250825011121895,7,"250,500,745",3,0.313435628038748,0.314510609589108,154.96749,1.008,0.003,0.004,0.008
"251,501,751",0.3,3,99.8501340356068,"222,251,500,703,753",0.329318503308917,0.318903170194607,5,107.044942018846,"251,501,753",3,93.5204122086421,0.330578873151867,"251,500,753",3,180.464989424232,0.464837611127681,3,"251,500,753",3,0.329175146086263,0.330755466722441,96.27832,2.003,0.002,0.003,0.003
"251,501,751",0.3,3,58.1487416447431,"73,251,500,501,561,597,744,751",0.22899562917471,0.216783613940601,8,57.1758734230422,"251,501,561,597,751",5,30.5851985143231,0.225876838235311,"251,500,751",3,180.274332196919,0.451253610235667,5,"251,501,561,597,751",5,0.217627865758901,0.225876838235311,33.97788,5,2,0.001,2
"251,501,751",0.3,3,96.9611182181355,"251,261,498,502,753",0.285416763587093,0.255266140822562,5,112.845029799971,"251,502,753",3,87.3473724138565,0.263528360753684,"251,502,753",3,110.406927805254,0.306314628644086,4,"251,502,753",3,0.257949997894837,0.263528360753684,86.56963,2.003,0.003,0.003,0.003
"251,501,751",0.3,3,93.101427872366,"251,476,501,751",0.274879877496858,0.270337179275744,4,77.4613055389333,"251,501,751",3,71.0195338160525,0.28038941884804,"251,501,751",3,24.9740152963326,0.126318597737671,2,"251,476,501,751",4,0.263368452555309,0.270337179275744,72.16574,1,0,0,1
"251,501,751",0.3,3,117.24441673084,"236,251,501,750",0.260320899027302,0.251175307372329,4,108.87132992288,"251,502,750",3,97.9522034097437,0.254613680568845,"251,501,750",3,89.2878384080217,0.235679597512763,4,"251,501,750",3,0.25328669971802,0.256538988372244,100.50931,1.001,0.002,0.001,0.001
"251,501,751",0.3,3,133.342258127298,"247,262,492,498,501,749,763",0.335473528122198,0.323791730189898,7,164.964051693882,"252,501,749",3,134.724724664234,0.329480681707197,"251,498,749",3,158.232825854775,0.37364583243234,3,"247,498,749",3,0.333781094646211,0.334126124544124,140.71111,4.006,0.003,0.005,0.009
"251,501,751",0.3,3,128.1659518344,"219,251,321,501,502,551,751",0.288141006222934,0.286442029895253,7,140.117507674536,"251,502,751",3,123.93873927375,0.305343493093579,"251,502,751",3,93.0564888488629,0.23070404095465,3,"219,251,502,751",4,0.289656875441408,0.297482000724544,123.366,4,0.001,0.001,1.001
"251,501,751",0.3,3,111.094132031353,"189,249,257,388,501,559,676,752,791",0.304724531120414,0.300834463128313,9,136.318285032591,"251,501,753",3,114.132076785757,0.330205672977336,"251,501,752",3,101.27660973454,0.30651399083041,7,"257,501,752",3,0.333260041213027,0.338008114065895,119.02509,6.003,0.002,0.001,0.007
"251,501,751",0.3,3,150.721285274309,"150,250,293,495,500,592,749",0.292756451026081,0.294532113482637,7,163.009615428472,"250,495,562,749",4,146.502200291465,0.302322267485965,"250,501,562,749",4,96.3973206998734,0.132771215400983,4,"250,495,500,592,749",5,0.300968928530153,0.303640110171927,155.50214,4.004,1.009,1.003,2.004
"251,501,751",0.3,3,107.267317598705,"249,501,751",0.361017023208091,0.358902590029214,3,172.645842115472,"249,501,751",3,166.325134702423,0.358902590029214,"249,501,751",3,267.032219761033,0.498364331728662,2,"249,501,751",3,0.352107440734575,0.358902590029214,167.38028,0.002,0.002,0.002,0.002
"251,501,751",0.3,3,90.6960866031716,"100,250,253,500,507,748",0.240842306432515,0.235970470374751,6,98.1767694519024,"253,504,748",3,79.5509545389614,0.243015377478611,"250,504,748",3,55.4578720642404,0.184393061305341,7,"250,500,748",3,0.245794545482822,0.247864866164058,84.6825,3.005,0.008,0.007,0.005
"251,501,751",0.3,3,111.456355215376,"251,503,751,773",0.304619624365554,0.295472272136957,4,104.205370422344,"251,503,751",3,94.0243238397374,0.299225735710471,"251,503,751",3,53.9623993106607,0.197856723993291,3,"251,503,751",3,0.295724987485106,0.299225735710471,93.78335,1.002,0.002,0.002,0.002
"251,501,751",0.3,3,121.432212655513,"250,499,534,751",0.303063084779908,0.286498025224022,4,119.490483190435,"251,499,751",3,108.254046360827,0.294765601107922,"251,499,751",3,171.897842983505,0.402995280030161,9,"250,499,751",3,0.295447413706836,0.295007525156356,111.19955,1.003,0.002,0.002,0.003
"251,501,751",0.3,3,126.677195547091,"251,498,502,748,762,955",0.239678025351461,0.24194241970922,6,69.6251540305569,"251,498,751",3,57.8518893911682,0.255553372841454,"251,498,748",3,79.6152589330408,0.30470401557639,4,"251,498,748",3,0.255436350977081,0.259627167611981,61.79133,3.004,0.003,0.006,0.006
"251,501,751",0.3,3,112.18545604256,"254,503,516,563,750,753",0.260733069761637,0.257379304077413,6,133.623472931633,"254,507,750",3,116.401559096936,0.26451647678747,"254,503,750",3,126.732565392,0.2846798610293,8,"254,503,516,750",4,0.259349118604325,0.264099574158156,122.27241,3.006,0.01,0.006,1.006
"251,501,751",0.3,3,103.629788614791,"251,501,750,754",0.325882199024253,0.324722903371896,4,144.961170018061,"251,501,754",3,135.230094630062,0.324683273111068,"251,501,754",3,268.743136185644,0.511918201082938,3,"251,501,754",3,0.319107250002773,0.324683273111068,134.35114,1.001,0.003,0.003,0.003
"251,501,751",0.3,3,83.0292531602898,"250,501,751,832",0.244513171550997,0.221747845664824,4,101.662979662649,"251,501,753",3,86.4483212653045,0.231788103626483,"250,501,751",3,188.429767363932,0.390052549152867,2,"250,501,751,832",4,0.217816944960353,0.221747845664824,89.08229,1.001,0.002,0.001,1.001
"251,501,751",0.3,3,135.928870630611,"251,500,744",0.261950980311705,0.25053501124991,3,107.329373631752,"251,500,745",3,95.5798032982729,0.251173157746929,"251,500,745",3,68.92077061496,0.167377497819343,2,"251,500,744",3,0.248527639631471,0.25053501124991,101.85722,0.008,0.007,0.007,0.008
"251,501,751",0.3,3,100.695214331067,"250,501,744,753",0.300240838230193,0.295862697513627,4,102.893377949916,"251,501,744",3,95.0133889184756,0.304217154524644,"250,501,744",3,82.0650720428506,0.278994092640098,2,"250,501,744,753",4,0.29119124680043,0.295862697513627,98.32707,1.003,0.007,0.008,1.003
"251,501,751",0.3,3,79.6432600932973,"251,501,738,750",0.26277780982497,0.258668188421251,4,62.5471499819091,"251,501,750",3,53.70979634348,0.261554822256274,"251,501,750",3,39.0363484073471,0.22903483522432,3,"251,501,750",3,0.258605895435287,0.261554822256274,54.63445,1.001,0.001,0.001,0.001
"251,501,751",0.3,3,83.1845331054271,"254,500,747,777",0.283305335524093,0.279062705894514,4,90.7786385712071,"254,500,747",3,84.7848951544772,0.287897182727359,"254,500,747",3,88.9018167512162,0.295495058465342,2,"254,500,747,777",4,0.276382585507182,0.279062705894514,87.22494,1.008,0.008,0.008,1.008
"251,501,751",0.3,3,128.825374740547,"249,501,505,750",0.358619003954957,0.338640191691016,4,156.138919621167,"250,505,752",3,133.170580107756,0.332594226821551,"249,503,751",3,148.640129190192,0.363531386210983,3,"249,505,750",3,0.339050734242715,0.3377692063566,139.01945,1.003,0.006,0.004,0.007
"251,501,751",0.3,3,93.2121925882812,"251,500,747,768",0.296719131045111,0.275084671605061,4,112.879636710997,"251,503,753",3,93.0134891736301,0.274381991019408,"251,500,753",3,199.577571073506,0.437705665051795,2,"251,500,747,768",4,0.271614055634064,0.275084671605061,100.06127,1.005,0.004,0.003,1.005
"251,501,751",0.3,3,118.138256312925,"251,500,753,765",0.304802094207946,0.299095417732476,4,115.803072895313,"251,501,754",3,106.704621848537,0.304397898971061,"251,500,753",3,224.683935710888,0.487281035832193,6,"251,500,753",3,0.303176394274704,0.302996160861779,109.56232,1.003,0.003,0.003,0.003
"251,501,751",0.3,3,95.5181516771578,"251,496,508,751",0.280417171974246,0.274813591758547,4,76.2089851244826,"251,500,751",3,66.3366151411308,0.279255667753906,"251,500,751",3,198.031990392546,0.478968336220269,4,"251,508,751",3,0.274195711999445,0.281427310445538,68.07105,1.005,0.001,0.001,0.007
"251,501,751",0.3,3,80.8614281984522,"251,500,751",0.270856063941241,0.270139027520923,3,57.6726631252853,"251,500,751",3,52.7447881799989,0.270139027520923,"251,500,751",3,7.24453234056612,0.131348089156628,2,"251,500,751",3,0.259436634842639,0.270139027520923,52.26024,0.001,0.001,0.001,0.001
"251,501,751",0.3,3,136.789084122746,"241,501,751",0.285110602307924,0.275086220254243,3,100.290201648197,"241,501,751",3,93.1019995436277,0.275086220254243,"241,501,751",3,60.5041521769883,0.169824597418722,2,"241,501,751",3,0.27132871187458,0.275086220254243,94.48569,0.01,0.01,0.01,0.01
"251,501,751",0.3,3,100.484033403304,"250,501,751",0.299004766851794,0.295113413844493,3,115.666697948011,"251,501,751",3,110.208384155819,0.296351715498758,"250,501,751",3,111.805184310402,0.300825657854752,2,"250,501,751",3,0.291665411334556,0.295113413844493,111.917,0.001,0,0.001,0.001
"251,501,751",0.3,3,106.439611803153,"250,502,748",0.280224539112367,0.268682290754602,3,108.839922518837,"250,502,750",3,97.1858978304591,0.264322855520495,"250,502,748",3,74.3449347234662,0.210264259772885,2,"250,502,748",3,0.267563365633259,0.268682290754602,102.77307,0.005,0.003,0.005,0.005
"251,501,751",0.3,3,74.0441436022223,"245,248,500,751",0.259793418291655,0.239314783322786,4,56.415315382703,"248,501,751",3,36.0913850520013,0.23719207598001,"248,500,751",3,-1.56497183636888,0.100427059358746,3,"248,500,751",3,0.239142496831752,0.238457299145236,39.66687,1.004,0.003,0.004,0.004
"251,501,751",0.3,3,120.118589550312,"251,500,752",0.323000571807215,0.312407988891967,3,153.282439468762,"251,500,752",3,144.450013332227,0.312407988891967,"251,500,752",3,209.59507449336,0.415125793404809,2,"251,500,752",3,0.308287695901879,0.312407988891967,145.48156,0.002,0.002,0.002,0.002
"251,501,751",0.3,3,109.51888890561,"251,500,751",0.295112705654564,0.28491493506588,3,85.2958707928242,"251,501,751",3,78.1755775920449,0.284110312699697,"251,500,751",3,76.9294085575592,0.282417589301065,2,"251,500,751",3,0.283885391006755,0.28491493506588,80.04281,0.001,0,0.001,0.001
"251,501,751",0.3,3,121.174357145711,"251,491,501,751",0.320728722894809,0.307710973640585,4,106.319734962804,"251,501,752",3,92.0243576659404,0.309215818161349,"251,501,751",3,70.0979743315528,0.259245919115886,6,"251,501,751",3,0.306755216846276,0.311254774840306,93.66053,1,0.001,0,0
"251,501,751",0.3,3,118.003488425628,"251,493,502,667,750,759,829",0.286165850529805,0.279636900909967,7,123.97007599988,"251,502,751",3,105.867839012158,0.2977173627248,"251,502,750",3,171.514935102681,0.409221630923002,3,"251,502,750,829",4,0.28682619544107,0.28845893148167,107.00281,4.002,0.001,0.002,1.002
"251,501,751",0.3,3,136.881590040554,"253,499,501,750",0.303725371302989,0.30836010103048,4,143.817544421896,"253,501,750",3,136.781929636301,0.3096388387021,"253,501,750",3,125.254298758135,0.28545247362463,8,"253,501,750",3,0.302212987442228,0.3096388387021,136.26383,1.003,0.003,0.003,0.003
"251,501,751",0.3,3,119.70048935356,"251,501,751",0.343990652549398,0.334601056137512,3,125.408487716473,"252,501,751",3,114.334121977171,0.327598458853694,"251,501,751",3,202.004718288918,0.470031022780984,2,"251,501,751",3,0.32611925758441,0.334601056137512,116.38381,0,0.001,0,0
"251,501,751",0.3,3,115.064920299765,"250,261,489,509,750,751",0.261441830788143,0.255488650843062,6,120.078827621826,"253,504,751",3,98.5388326869312,0.258823287991744,"251,504,751",3,78.8579249699681,0.210463574617397,4,"250,489,509,751",4,0.256625190289347,0.257670207760775,105.00341,3.009,0.005,0.003,1.009
"251,501,751",0.3,3,109.611595325544,"216,251,460,505,524,751",0.306328662315767,0.310779592547833,6,120.374468385992,"252,505,751",3,107.602310759685,0.323159127047108,"251,505,751",3,165.118543486173,0.418114202332587,3,"251,505,751",3,0.315358335870863,0.322736894937253,107.49905,3.004,0.005,0.004,0.004
"251,501,751",0.3,3,140.386683094043,"253,501,503,514,748,754",0.265101468437482,0.251333474256049,6,141.354750142422,"253,503,751",3,113.583392655278,0.253345264459367,"253,503,751",3,78.1039327937341,0.0665548241401743,10,"253,503,748",3,0.254037712804681,0.256902608079566,117.69025,3.005,0.004,0.004,0.007
"251,501,751",0.3,3,82.0328657124837,"103,182,251,263,501,735,751",0.296604774426663,0.288416114426392,7,121.240888110887,"104,182,251,501,751",5,103.209468147999,0.296984233009618,"251,501,751",3,136.204457695481,0.36351146874538,4,"103,182,251,501,735,751",6,0.283709780462702,0.291636692560209,108.59506,4,2,0,3
"251,501,751",0.3,3,139.649534911599,"251,501,752",0.327629853389771,0.32480410673999,3,137.169316851028,"251,501,752",3,133.49632667139,0.32480410673999,"251,501,748",3,307.56905575477,0.585181048441963,2,"251,501,752",3,0.319573431372616,0.32480410673999,133.35307,0.001,0.001,0.003,0.001
"251,501,751",0.3,3,112.926112130371,"251,500,750",0.290485841770804,0.272132635789517,3,98.7903215668735,"251,500,750",3,85.4630946770191,0.272132635789517,"248,251,500,750",4,211.267012502652,0.468109565042028,2,"251,500,750",3,0.266513485892929,0.272132635789517,87.96067,0.002,0.002,1.002,0.002
"251,501,751",0.3,3,100.257814536057,"251,498,749,756",0.323407164019287,0.306736334761897,4,138.32772242682,"251,500,754",3,120.027979731654,0.306825816595185,"251,498,753",3,125.281975272105,0.317107578205212,3,"251,498,749",3,0.30942167671081,0.311429277481095,124.7963,1.005,0.004,0.005,0.005
"251,501,751",0.3,3,110.277995154525,"251,502,751",0.317872311766588,0.315579355915021,3,131.617808874535,"251,502,751",3,128.403946139107,0.315579355915021,"251,502,751",3,107.661382827322,0.27357453948472,2,"251,502,751",3,0.312133640124945,0.315579355915021,128.60687,0.001,0.001,0.001,0.001
"251,501,751",0.3,3,109.531113499571,"249,501,751",0.311401403507066,0.296637247394363,3,143.426940049077,"249,501,751",3,130.975749155994,0.296637247394363,"249,501,751",3,109.996917673086,0.253012864566077,2,"249,501,751",3,0.292240117993548,0.296637247394363,133.37797,0.002,0.002,0.002,0.002
"251,501,751",0.3,3,95.8928975900603,"251,501,752,856",0.283513269226555,0.267156818929116,4,76.0125336261165,"251,497,752",3,65.0070067844582,0.274850282158443,"251,497,752",3,116.145979135048,0.363904661254332,3,"251,501,752",3,0.271228784729929,0.274695486042402,65.39093,1.001,0.005,0.005,0.001
"251,501,751",0.3,3,83.5438402445599,"251,501,753",0.3068927407671,0.298827751519805,3,124.539202314049,"251,501,753",3,116.672860708442,0.298827751519805,"251,501,753",3,171.138437952578,0.381524374087085,2,"251,501,753",3,0.290535739785949,0.298827751519805,115.41853,0.002,0.002,0.002,0.002
"251,501,751",0.3,3,75.1095325476413,"251,497,502,689,757",0.284149740124968,0.271956290019887,5,91.8707245683711,"251,498,757",3,75.265800133763,0.279275445214955,"251,497,757",3,69.7391837445932,0.269838783657449,2,"251,497,502,689,757",5,0.266552007493056,0.271956290019887,82.53143,2.007,0.009,0.01,2.007
"251,501,751",0.3,3,72.5188024677506,"226,251,465,499,751",0.33074073700989,0.336582081301338,5,114.417052798973,"251,501,751",3,110.722184065099,0.348587184221163,"251,499,751",3,189.23776201248,0.460775045338938,3,"226,251,499,751",4,0.331394509868667,0.339978950938611,108.92689,2.002,0,0.002,1.002
"251,501,751",0.3,3,99.3184011038548,"251,501,733,751",0.278849601864002,0.27592660260835,4,97.3772847231827,"251,501,751",3,90.7121083557922,0.285904339622956,"251,501,751",3,181.344599818669,0.429400289523272,2,"251,501,733,751",4,0.270989353476348,0.27592660260835,93.64098,1,0,0,1
"251,501,751",0.3,3,126.042310339462,"251,500,751",0.275704438188513,0.261795753873949,3,118.997315012292,"251,500,751",3,107.442042202276,0.261795753873949,"251,500,751",3,225.5658986631,0.448952712700029,2,"251,500,751",3,0.256695752975745,0.261795753873949,110.43715,0.001,0.001,0.001,0.001
"251,501,751",0.3,3,121.718114466203,"232,251,255,494,500,508,727,751",0.304070316463886,0.307035943937611,8,143.532017153978,"251,501,751",3,117.016428734425,0.31727031831554,"251,500,751",3,120.818722333292,0.325047884265279,3,"251,494,508,751",4,0.311018856462999,0.315757042799292,121.89523,5.001,0,0.001,1.007
"251,501,751",0.3,3,141.483188881618,"107,249,265,501,751",0.296248122131685,0.28606204823325,5,145.17723612705,"251,501,751",3,130.704213745535,0.290644462998535,"249,500,750",3,260.481381202571,0.500298261437176,3,"249,501,751",3,0.289723834068914,0.293496441734759,130.29242,2.002,0,0.004,0.002
"251,501,751",0.3,3,96.8942121176025,"251,501,749",0.280198977803254,0.258185491322205,3,102.623369302646,"251,501,750",3,86.6795000265824,0.25608158956268,"251,501,749",3,74.5085149447072,0.229945833918628,2,"251,501,749",3,0.255020478760853,0.258185491322205,90.45882,0.002,0.001,0.002,0.002
"251,501,751",0.3,3,118.619632027699,"191,251,399,500,504,725,751,778,812",0.257776728878188,0.26087342916443,9,166.485599444931,"251,501,751",3,150.893854061369,0.295726149115817,"251,501,751",3,149.285785173249,0.292725391644752,4,"191,251,504,725,751",5,0.27490521785083,0.278498217080875,153.25247,6.001,0,0,2.003
"251,501,751",0.3,3,117.75016567143,"251,501,502,747",0.280158714528828,0.277414072859848,4,107.119396116053,"251,502,747",3,99.2694569889733,0.277415360436076,"251,501,747",3,182.564419617065,0.416230063604775,4,"251,502,747",3,0.27480073934934,0.277415360436076,98.84489,1.004,0.005,0.004,0.005
"251,501,751",0.3,3,112.464143381674,"251,501,729,751",0.300677417835506,0.286781048702188,4,134.273971560693,"251,501,751",3,125.027688589125,0.294940353660604,"251,501,748",3,96.8547409998041,0.232724415777685,2,"251,501,729,751",4,0.276851125589061,0.286781048702188,122.14422,1,0,0.003,1
"251,501,751",0.3,3,93.4262222182691,"255,314,501,751",0.254216329021816,0.247184648025926,4,68.9659714591475,"255,501,751",3,61.1785696509814,0.257040794441298,"255,501,751",3,41.5702179153478,0.21123862946244,2,"255,314,501,751",4,0.242173427517728,0.247184648025926,63.44689,1.004,0.004,0.004,1.004
"251,501,751",0.3,3,105.796221451532,"114,250,501,507,618,750",0.257902839561393,0.253398885470825,6,78.4132358341904,"250,501,751",3,70.4778745187585,0.27635037405898,"250,501,750",3,93.7989710554158,0.322290156667309,6,"114,250,501,618,750",5,0.256479061667989,0.257530906103618,72.91263,3.002,0.001,0.002,2.002
"251,501,751",0.3,3,87.8451754845857,"202,251,498,721,751",0.274479523270328,0.255581294329063,5,62.2727244567442,"251,498,752",3,55.0008105761834,0.279830735631685,"251,498,751",3,29.4441806656871,0.221142029683969,2,"202,251,498,721,751",5,0.252751431300235,0.255581294329063,51.90089,2.003,0.004,0.003,2.003
"251,501,751",0.3,3,81.5036541586615,"252,475,504,751",0.256931227463691,0.243550108752809,4,83.941799120112,"252,504,751",3,73.0033896831583,0.25087715507715,"252,504,751",3,46.4863361499996,0.187005998224493,5,"252,504,751",3,0.246372169450401,0.25087715507715,74.08987,1.004,0.004,0.004,0.004
"251,501,751",0.3,3,96.9844054875538,"251,500,751",0.297619477504871,0.26707380754157,3,95.3025181469518,"251,501,751",3,78.1889379823806,0.265742214213847,"250,500,751",3,108.264016232764,0.321219629456621,2,"251,500,751",3,0.263961842287569,0.26707380754157,78.21192,0.001,0,0.002,0.001
"251,501,751",0.3,3,59.7111601603097,"32,215,232,251,500,724,748,752,946",0.290642527469967,0.289087804182758,9,123.307832401806,"247,501,748",3,101.583225571417,0.313412209550747,"247,500,748",3,143.552463518156,0.377429506107101,6,"32,232,251,500,748",5,0.294078837200557,0.298704296102636,101.44117,6.002,0.007,0.008,2.004
"251,501,751",0.3,3,128.992191981122,"251,500,504,752,761",0.322739303254625,0.313187081090189,5,153.045915015404,"252,501,758",3,131.422851613379,0.310693680372848,"251,501,757",3,149.429485285713,0.346709264027583,3,"251,504,761",3,0.315735880096098,0.318873979708844,137.92608,2.002,0.008,0.006,0.013
"251,501,751",0.3,3,80.7113820614755,"187,254,464,501,504,703,751",0.225623207520414,0.218606854175657,7,69.8305931551448,"254,501,751",3,56.4124218805219,0.244491921721397,"251,501,751",3,181.463173156941,0.436258664999938,9,"254,501,751",3,0.242828992516817,0.244491921721397,58.48471,4.003,0.003,0,0.003
"251,501,751",0.3,3,110.338339983535,"251,501,743",0.295364065179929,0.283107775154839,3,86.4378614623208,"251,501,743",3,77.0156279364039,0.283107775154839,"251,501,743",3,102.902656768066,0.332361569176519,2,"251,501,743",3,0.277679374959004,0.283107775154839,78.25079,0.008,0.008,0.008,0.008
"251,501,751",0.3,3,86.9693391021363,"251,498,751",0.294814601243579,0.286356525570395,3,75.9650201058606,"251,499,751",3,65.6789313535496,0.28382255226103,"251,499,751",3,90.8357215734565,0.329017235668109,2,"251,498,751",3,0.281246757535662,0.286356525570395,69.22946,0.003,0.002,0.002,0.003
"251,501,751",0.3,3,73.8926173046764,"251,500,748,756",0.32963169338316,0.315654489725014,4,129.874019407485,"251,501,750",3,109.753589127795,0.313174094090928,"251,500,748",3,187.343461764515,0.427757649804012,6,"251,500,748",3,0.317480682936388,0.319183983951817,116.83969,1.004,0.001,0.004,0.004
"251,501,751",0.3,3,90.8335197584867,"248,501,701,751",0.279478248136037,0.273986566416805,4,102.938505957458,"248,501,752",3,90.7081841608966,0.278986514395969,"248,501,751",3,151.271282571209,0.376739202544206,3,"248,501,751",3,0.273743321845975,0.278798299705014,94.50407,1.003,0.004,0.003,0.003
"251,501,751",0.3,3,93.3741261061573,"228,236,254,501,573,749",0.316891277943476,0.31230926399456,6,135.63944917707,"252,501,750",3,119.706578469301,0.320665703904239,"252,501,749",3,88.723747507331,0.260676334518236,3,"236,254,501,749",4,0.316313720505558,0.31712576856054,122.87282,3.005,0.002,0.003,1.005
"251,501,751",0.3,3,114.610505873425,"238,249,505,751",0.354693139415626,0.35289336753657,4,129.270194434245,"249,506,751",3,119.060003347914,0.352978240975325,"249,505,751",3,125.54690451499,0.365422747440431,8,"249,505,751",3,0.348157776760312,0.353990866169515,119.46151,1.006,0.007,0.006,0.006
"251,501,751",0.3,3,119.161187556092,"183,244,495,500,751",0.290705175719997,0.278992516963226,5,115.071998641671,"244,501,751",3,104.807814589112,0.293226559622248,"244,495,751",3,236.265713047988,0.494834314162168,10,"244,500,751",3,0.296566237456266,0.293154170636875,108.39911,2.008,0.007,0.013,0.008
"251,501,751",0.3,3,107.699740788337,"251,500,751",0.272279023397661,0.271983096178254,3,85.6212319708954,"251,500,751",3,81.0457639256799,0.271983096178254,"251,500,751",3,59.8697226151456,0.220467217019313,2,"251,500,751",3,0.26523728838804,0.271983096178254,82.53828,0.001,0.001,0.001,0.001
"251,501,751",0.3,3,103.850058468179,"249,251,498,500,753",0.299081615124249,0.279001524939312,5,116.808798396439,"249,500,753",3,89.0558263443458,0.277130232523073,"249,500,753",3,109.958194974796,0.316397238291205,3,"251,500,753",3,0.277323404544923,0.280361888799148,92.90663,2.003,0.005,0.005,0.003
"251,501,751",0.3,3,136.495577618854,"251,501,525,750",0.212915888972011,0.214001688511795,4,99.2466324980243,"251,501,751",3,92.1895182762744,0.217358734818418,"251,501,750",3,172.160967994909,0.368554625566794,4,"251,501,750",3,0.213885649650847,0.220269148894068,95.10224,1.001,0,0.001,0.001
"251,501,751",0.3,3,67.0499701384915,"245,251,466,493,499,751",0.240965453482582,0.244468385542381,6,64.2673320749533,"251,499,751",3,45.6860723679405,0.251909398995219,"251,496,751",3,25.0095300966019,0.205827104179141,9,"251,499,751",3,0.243848378809116,0.251909398995219,47.2354,3.002,0.002,0.005,0.002
"251,501,751",0.3,3,105.761679975747,"251,505,533,751",0.291072847767599,0.28511073387814,4,110.046030077346,"251,533,751",3,106.436365835878,0.297646860122578,"251,533,751",3,54.4200985119886,0.140039109329202,2,"251,505,533,751",4,0.281078105589469,0.28511073387814,104.9966,1.004,0.032,0.032,1.004
"251,501,751",0.3,3,114.836298887938,"249,500,750",0.270659181559875,0.251977442615831,3,101.185543643227,"251,500,750",3,84.8492344719114,0.248162947003615,"249,500,750",3,126.556549528017,0.329365860938007,2,"249,500,750",3,0.250227773891848,0.251977442615831,92.0901,0.004,0.002,0.004,0.004
"251,501,751",0.3,3,87.6240345472594,"250,257,501,751",0.269432026792454,0.26054784104848,4,91.2903796744928,"251,501,751",3,73.509323846441,0.261392625438468,"251,501,751",3,28.7809155909455,0.0869827442095359,3,"257,501,751",3,0.256447251904244,0.26518036617469,78.96826,1.001,0,0,0.006
"251,501,751",0.3,3,70.4870689984527,"251,501,756",0.278902902296128,0.265786103669922,3,75.3840515962436,"251,501,756",3,63.9038201764732,0.265786103669922,"251,501,756",3,68.3587883991813,0.274095425002299,2,"251,501,756",3,0.261553472732091,0.265786103669922,66.32908,0.005,0.005,0.005,0.005
"251,501,751",0.3,3,140.426522401901,"181,251,501,751",0.2897554456345,0.260313351214919,4,118.356603243704,"181,251,459,502,751",5,96.1807737760529,0.242219352899709,"181,251,502,751",4,75.8363044898561,0.183181130291175,2,"181,251,501,751",4,0.258027655586945,0.260313351214919,104.49172,1,2.001,1.001,1
"251,501,751",0.3,3,81.3647852403981,"54,249,255,483,490,501,653,748,751",0.270125612540468,0.2750995625082,9,106.142107956683,"249,492,751",3,84.8519926181825,0.296354417643705,"249,490,748",3,184.342057149848,0.446542483496341,3,"54,249,483,501,751",5,0.277913158759967,0.282403708320036,85.91469,6.002,0.011,0.016,2.002
"251,501,751",0.3,3,107.196122045906,"248,490,501,751,923",0.287995820106631,0.274533376934872,5,130.738178070421,"251,501,751,923",4,115.060089425962,0.276900348622634,"248,501,751",3,152.282670045689,0.346960896265528,2,"248,490,501,751,923",5,0.266379017769371,0.274533376934872,119.91521,2.003,1,0.003,2.003
"251,501,751",0.3,3,121.215305210545,"250,500,747,751",0.358152289539805,0.340053324497667,4,149.555066586992,"250,500,751",3,131.225786493199,0.339872924433493,"250,500,747",3,218.496072828506,0.475320386881646,4,"250,500,751",3,0.338922160343783,0.339872924433493,132.38459,1.002,0.002,0.006,0.002
"251,501,751",0.3,3,131.876775316181,"251,478,498,501,749,751,759",0.301680109383979,0.305446316456187,7,144.956520977214,"251,501,751",3,119.984442768995,0.30907720186022,"251,498,751",3,170.618793262478,0.39988646458815,6,"251,498,751",3,0.306934488054434,0.3092132354118,122.32789,4,0,0.003,0.003
"251,501,751",0.3,3,100.067387224824,"251,501,590,751",0.346085131631224,0.340627560710633,4,130.311097625726,"251,505,751",3,125.046237421315,0.347334832391129,"251,501,751",3,197.451324192586,0.457867217557035,2,"251,501,590,751",4,0.336602719045422,0.340627560710633,124.98887,1,0.004,0,1
"251,501,751",0.3,3,115.881537227444,"254,500,756",0.282416820030044,0.258758290709538,3,121.62989182643,"254,403,501,753",4,100.103569954629,0.240873591632451,"254,500,753",3,70.4042799165404,0.153009475329744,4,"254,371,500,756",4,0.244866491635057,0.248147013144921,107.26775,0.009,1.005,0.006,1.009
"251,501,751",0.3,3,120.717780061976,"244,250,284,501,616,754",0.293845998428231,0.277924208517483,6,140.183909195556,"251,501,754",3,124.31828745637,0.300010726359326,"250,501,754",3,189.588981522841,0.40804662589716,10,"250,501,754",3,0.29206784942514,0.296595575500456,124.01845,3.004,0.003,0.004,0.004
"251,501,751",0.3,3,84.3390149881251,"248,501,741,749",0.240368369538635,0.225542539487974,4,83.5123598702702,"249,501,750",3,66.003213432732,0.223264456572238,"248,501,749",3,65.1408449766179,0.222862825225904,3,"248,501,749",3,0.22522562905742,0.226377694561935,69.92375,1.005,0.003,0.005,0.005
"251,501,751",0.3,3,129.02048912834,"120,251,500,508,741,751",0.234182523129195,0.230300397123011,6,132.135725805846,"251,508,751",3,118.515997565777,0.249723101670709,"251,508,751",3,242.436878113283,0.443394143716226,6,"120,251,508,751",4,0.233027099603965,0.238548383693895,120.54181,3.001,0.007,0.007,1.007
"251,501,751",0.3,3,97.9617261311455,"250,376,501,750",0.264577175868666,0.248966023082383,4,106.764937158715,"252,501,751",3,95.5971922980093,0.25812950452632,"250,501,750",3,94.904880405754,0.25796268562635,2,"250,376,501,750",4,0.245649002374692,0.248966023082383,97.75997,1.002,0.001,0.002,1.002
"251,501,751",0.3,3,93.270435601965,"253,501,752",0.344287933792178,0.318960549433203,3,124.611706777488,"253,501,752",3,109.197516367201,0.318960549433203,"253,501,752",3,139.050847267099,0.3680633887864,2,"253,501,752",3,0.318258343541662,0.318960549433203,109.63542,0.003,0.003,0.003,0.003
"251,501,751",0.3,3,137.109598986017,"251,500,743,751",0.287664862118832,0.279475464192195,4,120.225186699944,"251,501,743",3,109.88040279398,0.283638796203392,"251,500,743",3,111.250752524906,0.287716903071349,2,"251,500,743,751",4,0.275136489563855,0.279475464192195,114.90342,1.001,0.008,0.009,1.001
"251,501,751",0.3,3,101.776109820657,"251,501,751,801",0.262084992194698,0.25967886385284,4,94.5152655424472,"251,501,751",3,89.304378495096,0.271019605525084,"251,501,751",3,184.802929645552,0.421934289637104,2,"251,501,751,801",4,0.255248942866393,0.25967886385284,91.40067,1,0,0,1
"251,501,751",0.3,3,90.4757969508542,"250,255,501,751",0.28323041669599,0.266411590538064,4,86.6502413164275,"255,501,754",3,67.5167030891784,0.26196609879568,"250,501,753",3,72.0046835542019,0.273216397526619,6,"250,501,751",3,0.268419370907193,0.271508907280181,74.9606,1.001,0.007,0.003,0.001
"251,501,751",0.3,3,96.4976028379396,"251,495,513,746,751",0.329687781421276,0.3109842031282,5,125.066546384245,"251,507,747",3,105.791236066277,0.316654581042185,"251,507,747",3,67.2569505881555,0.233292554323742,5,"251,495,513,746",4,0.309517355072514,0.312297644286354,107.99188,2.006,0.01,0.01,1.011
"251,501,751",0.3,3,93.2466556325683,"222,251,278,501,740,750",0.268230881987901,0.263133647676647,6,115.354608934532,"251,501,743",3,100.724107450011,0.279165981365592,"251,501,743",3,148.876658287925,0.35784030004136,3,"251,501,740,750",4,0.268958442754502,0.272152186608272,104.95024,3.001,0.008,0.008,1.001
"251,501,751",0.3,3,142.518831527902,"255,500,501,750",0.302515007064957,0.292131797658702,4,136.899600056055,"255,501,750",3,122.979638135191,0.292141818633971,"255,501,750",3,105.996294788721,0.251211231435136,3,"255,501,750",3,0.289479254543658,0.292141818633971,124.02644,1.005,0.005,0.005,0.005
"251,501,751",0.3,3,89.2361137238169,"238,252,501,751",0.265493725550099,0.267056112906873,4,76.2004319609103,"250,501,752",3,69.4832167818352,0.270314754664296,"250,501,751",3,60.3122521700186,0.251861931388084,5,"252,501,751",3,0.265645984325837,0.269880864539709,70.21686,1.001,0.002,0.001,0.001
"251,501,751",0.3,3,109.938851275493,"251,498,749,751",0.284469020766541,0.275232112431572,4,92.9157829342051,"251,499,751",3,77.2384454354216,0.272737381767508,"251,498,749",3,171.252358513352,0.430453502980445,3,"251,498,751",3,0.271517609642046,0.274922529069789,79.84927,1.003,0.002,0.005,0.003
"251,501,751",0.3,3,76.6337175477501,"247,251,502,725,751,785",0.293957180915009,0.29050207338543,6,104.796532750327,"251,502,752",3,79.7870118275483,0.29236694516236,"251,502,752",3,72.5544055775182,0.27869074692944,4,"251,502,751",3,0.294111146490042,0.296051377400293,86.55724,3.001,0.002,0.002,0.001
"251,501,751",0.3,3,116.270498954733,"21,142,236,249,464,500,509,539,578,712,738,751,757,760,784,882,916,927",0.34263474174696,0.29289509797354,18,230.569681464168,"251,501,750",3,124.576376017372,0.325231590291978,"250,499,750",3,138.667775328872,0.352774079678935,5,"21,249,500,751",4,0.316167743647038,0.314000059511179,125.50306,15.003,0.001,0.004,1.003
"251,501,751",0.3,3,101.309454305989,"251,501,751,787,805",0.298606847361493,0.290452902279656,5,88.6688623038119,"252,501,751",3,75.9385296913545,0.298345893713603,"251,501,751",3,59.4510112929748,0.264303332965834,3,"251,501,751,805",4,0.286452839480072,0.290722889240452,76.05128,2,0.001,0,1
"251,501,751",0.3,3,118.788283596564,"251,483,501,744,751",0.289536519435471,0.288956041012032,5,131.714295797018,"251,501,752",3,116.927778793959,0.292266159937546,"251,501,751",3,119.302301248224,0.298239095879505,4,"251,501,751",3,0.289581544862719,0.294105354894618,119.18935,2,0.001,0,0
"251,501,751",0.3,3,137.393681633971,"251,500,741,749",0.286431478101127,0.260082448745107,4,116.468958760181,"253,501,749",3,93.5722094834994,0.258599992458226,"252,501,749",3,58.6638825696822,0.116766768008869,3,"251,500,749",3,0.262273635086313,0.263157214170145,100.01669,1.003,0.004,0.003,0.003
"251,501,751",0.3,3,102.922019555059,"254,501,751",0.268535081171982,0.251170420080138,3,101.362006248713,"254,501,751",3,90.7672818342829,0.251170420080138,"254,501,751",3,91.7072492071555,0.25314657135247,2,"254,501,751",3,0.248112514945704,0.251170420080138,91.64508,0.003,0.003,0.003,0.003
"251,501,751",0.3,3,119.979681159715,"251,278,443,501,751",0.236192419250492,0.23399808019852,5,90.7381982389724,"251,501,751",3,82.9404661281855,0.250401185461643,"251,501,751",3,99.5162339536021,0.285612592225468,4,"251,501,751",3,0.241954318981531,0.250401185461643,84.39844,2,0,0,0
"251,501,751",0.3,3,98.8428231476948,"247,252,440,484,498,509,743,749,751",0.27921855512549,0.269912722062939,9,123.286290310398,"248,498,749",3,86.6680709830427,0.285717547912085,"248,498,749",3,36.4273994495727,0.113008037245756,4,"247,498,749",3,0.290376379115589,0.290065159736684,95.54244,6.004,0.008,0.008,0.009
"251,501,751",0.3,3,140.932524015763,"251,500,754",0.274015380156663,0.272920749709716,3,129.357931171695,"251,500,754",3,122.910566331898,0.272920749709716,"251,500,754",3,136.411311775359,0.300355362795252,2,"251,500,754",3,0.265981628397611,0.272920749709716,125.84154,0.004,0.004,0.004,0.004
"251,501,751",0.3,3,135.129780888979,"251,501,751",0.279659786077295,0.273209859985692,3,127.323665252547,"251,501,751",3,121.349271604606,0.273209859985692,"251,501,751",3,80.1756911697014,0.103186786747948,2,"251,501,751",3,0.266374331530453,0.273209859985692,121.55245,0,0,0,0
"251,501,751",0.3,3,82.206639378721,"251,500,744",0.257099658191238,0.250914047998649,3,41.579170207779,"251,501,744",3,31.6077066004201,0.247754487641161,"251,500,744",3,101.070610822961,0.368112496135022,2,"251,500,744",3,0.247635900516705,0.250914047998649,37.38901,0.008,0.007,0.008,0.008
"251,501,751",0.3,3,113.156013134761,"255,495,750",0.258896478273117,0.240306031838185,3,75.2180124088733,"255,495,751",3,60.5693489422159,0.240860716786456,"255,495,751",3,76.9867030039273,0.276518672448288,2,"255,495,750",3,0.238636293465302,0.240306031838185,66.8224,0.011,0.01,0.01,0.011
"251,501,751",0.3,3,96.7889951646792,"251,501,750",0.316553770573928,0.307396393936635,3,108.726778305032,"251,502,752",3,96.2632267162438,0.298819600228035,"251,501,750",3,159.690262951513,0.405580013131897,2,"251,501,750",3,0.302727137887165,0.307396393936635,101.72948,0.001,0.002,0.001,0.001
"251,501,751",0.3,3,125.749393784924,"192,251,498,500,530,746,827",0.241307941508641,0.217197741687315,7,112.109346654081,"253,500,748",3,86.6674882670244,0.235660976905919,"251,500,746",3,110.827795281192,0.289259393315073,6,"251,500,746",3,0.238862250616031,0.238207435433011,90.54196,4.006,0.006,0.006,0.006
"251,501,751",0.3,3,90.1112427450229,"251,495,506,751",0.296147533948574,0.278965501601788,4,89.5764993198086,"251,499,751",3,71.8805847332092,0.280060514599094,"251,499,751",3,24.1215225373703,0.119157033996904,3,"251,495,751",3,0.279247943170242,0.284471165825514,76.15769,1.005,0.002,0.002,0.006
"251,501,751",0.3,3,93.799454416,"251,501,751,788",0.279309912910799,0.270691790794853,4,85.8217603046698,"251,501,753",3,81.3836073462227,0.280679167942777,"251,500,751",3,129.831427702118,0.366477392709269,2,"251,501,751,788",4,0.260693309768292,0.270691790794853,77.00158,1,0.002,0.001,1
"251,501,751",0.3,3,125.93459489556,"251,501,753",0.266747017668981,0.244597892550376,3,95.8478167816081,"251,501,753",3,84.2211650766846,0.244597892550376,"251,501,753",3,54.5206834643815,0.13733091937936,2,"251,501,753",3,0.242792992586582,0.244597892550376,85.7361,0.002,0.002,0.002,0.002
"251,501,751",0.3,3,108.220302816094,"253,257,501,751,770",0.275307138818242,0.248981360871741,5,97.4990923421872,"254,501,751",3,72.9681738136899,0.252815502067998,"253,501,751",3,211.906686208094,0.470661537728971,4,"253,501,751",3,0.255184420461493,0.253228317702636,76.79218,2.002,0.003,0.002,0.002
"251,501,751",0.3,3,87.2388793732335,"245,251,500,750",0.291804348034814,0.288622182401225,4,126.353029418765,"251,500,751",3,112.894287709908,0.286702220540617,"251,500,750",3,65.3588917867091,0.173645510574338,2,"245,251,500,750",4,0.283764770653658,0.288622182401225,122.02175,1.002,0.001,0.002,1.002
"251,501,751",0.3,3,102.190136148056,"251,257,482,501,512,749",0.31556286457731,0.316049674300553,6,115.447385253322,"251,502,750",3,100.449421799434,0.324413403860753,"251,501,749",3,256.557987790466,0.54759723355996,9,"251,501,749",3,0.326584734579671,0.327050326683489,102.97228,3.002,0.002,0.002,0.002
"251,501,751",0.3,3,92.293013833451,"243,255,501,751",0.289554676682957,0.283265177555323,4,112.223407873557,"252,501,751",3,101.890941471691,0.287321425128766,"251,501,751",3,61.4427636215723,0.189309677377512,2,"243,255,501,751",4,0.27617150848213,0.283265177555323,105.36549,1.004,0.001,0,1.004
"251,501,751",0.3,3,110.249317868967,"251,498,510,751",0.23154168548256,0.225994996611682,4,91.9904995388585,"251,499,751",3,80.3228270112978,0.226970047066034,"251,498,751",3,76.9538060502348,0.219509398639798,3,"251,498,751",3,0.223813681459601,0.229185357104882,83.49814,1.003,0.002,0.003,0.003
"251,501,751",0.3,3,86.6354310041224,"250,278,501,750",0.229278455585845,0.220155655297784,4,55.1445736673462,"250,501,750",3,43.7081229877919,0.22576966696847,"250,501,750",3,105.728970343644,0.337024934133567,4,"250,501,750",3,0.223450191164003,0.22576966696847,47.69336,1.002,0.002,0.002,0.002
"251,501,751",0.3,3,95.7510497582158,"249,257,506,752",0.268319503185197,0.243532042452788,4,93.2532221410996,"257,501,752",3,71.4697926932948,0.24717704460307,"257,501,752",3,50.4037613202063,0.195306531913698,3,"257,506,752",3,0.245121417854967,0.247743258402742,77.03696,1.008,0.007,0.007,0.012
"251,501,751",0.3,3,116.743224159444,"251,282,497,501,736,751",0.289874247134744,0.277824311564796,6,118.581696601173,"251,497,736",3,100.98489953105,0.294536997126365,"251,497,736",3,97.3300175381486,0.286931891267488,3,"251,282,497,736,751",5,0.272791047336891,0.278619521903679,103.5391,3,0.019,0.019,2.004
"251,501,751",0.3,3,114.392484731801,"156,251,500,750",0.267479917266918,0.265778869893862,4,117.529762556978,"251,501,751",3,110.861134595943,0.267126798687888,"251,500,750",3,117.619893905439,0.28314825709267,3,"251,500,750",3,0.270477472748439,0.27083399351263,113.76914,1.002,0,0.002,0.002
"251,501,751",0.3,3,133.191730459896,"252,501,750",0.293942983811475,0.292690651816362,3,137.714191239146,"252,501,750",3,132.417103286765,0.292690651816362,"252,501,750",3,210.067077785958,0.420127423270769,2,"252,501,750",3,0.28670721632356,0.292690651816362,134.30975,0.002,0.002,0.002,0.002
"251,501,751",0.3,3,111.803585480015,"249,501,748",0.296449896437136,0.288373371283157,3,111.9208755959,"249,501,748",3,105.009972088649,0.288373371283157,"249,501,748",3,189.651008583828,0.42235002289408,2,"249,501,748",3,0.278858260497276,0.288373371283157,103.21712,0.005,0.005,0.005,0.005
"251,501,751",0.3,3,109.503002026899,"251,501,750",0.287519455016102,0.291606010955906,3,99.2538367983443,"251,501,750",3,97.4710620812014,0.291606010955906,"250,501,750",3,234.878393984039,0.498912025159376,2,"251,501,750",3,0.285565364201426,0.291606010955906,98.35296,0.001,0.001,0.002,0.001
"251,501,751",0.3,3,100.666789484339,"251,503,752,755",0.25658849970084,0.241682626505951,4,81.649325250395,"251,503,752",3,65.8301729687024,0.241660251167692,"251,503,752",3,54.3155923321503,0.213564935127299,6,"251,503,752",3,0.24172887316599,0.241660251167692,68.00844,1.003,0.003,0.003,0.003
"251,501,751",0.3,3,122.50943585172,"251,480,498,504,750",0.331171198080131,0.322505409982543,5,133.808291200905,"251,498,751",3,117.928758408589,0.328955305336343,"251,498,750",3,167.066459580452,0.413014657210068,10,"251,504,750",3,0.326319196479589,0.328987077594319,119.73618,2.004,0.003,0.004,0.004
"251,501,751",0.3,3,77.7709052311842,"251,500,750,756",0.302363206151301,0.300489354896537,4,85.7190318119975,"251,501,750",3,73.7780842154437,0.299553948843024,"251,500,756",3,85.1033640322917,0.322223485693915,2,"251,500,750,756",4,0.296986807770854,0.300489354896537,82.87376,1.002,0.001,0.006,1.002
"251,501,751",0.3,3,108.67170309505,"251,313,325,501,505,750",0.271653991810084,0.273279540643653,6,113.013240705475,"251,505,750",3,102.135321969635,0.286199841800867,"251,505,750",3,58.3228977251054,0.162482509518369,10,"251,325,501,750",4,0.27109903643377,0.275949776808043,99.59535,3.001,0.005,0.005,1.001
"251,501,751",0.3,3,65.222305587773,"250,254,491,501,751",0.240613882303921,0.231119331755583,5,39.0998983693499,"251,501,751",3,22.3252670170086,0.237874750975551,"250,501,751",3,155.002521617414,0.438333521913015,3,"250,501,751",3,0.230376326058561,0.236947098770641,23.17558,2.001,0,0.001,0.001
"251,501,751",0.3,3,69.0669658306985,"250,501,754",0.296802565528607,0.269850349404557,3,87.5802530318711,"250,502,754",3,67.0535411330757,0.268154132737983,"250,501,754",3,31.5967560384182,0.188057301950252,2,"250,501,754",3,0.266626839914523,0.269850349404557,71.23131,0.004,0.005,0.004,0.004
"251,501,751",0.3,3,137.888041326496,"251,267,496,554,751",0.335475607436252,0.316542014125369,5,146.365716812666,"252,500,751",3,129.132701577996,0.327601755450797,"251,500,751",3,106.516071831585,0.27874906183104,10,"251,496,751",3,0.326745921763281,0.329454185241235,131.96564,2.005,0.002,0.001,0.005
"251,501,751",0.3,3,90.3322953157321,"153,244,253,501,510,750,751",0.275809861104995,0.26669927338041,7,139.139283692113,"253,502,751",3,111.449183183774,0.273916650327093,"253,502,751",3,59.5583629512165,0.0983818947715043,4,"253,501,750",3,0.277946837154754,0.273889297137328,117.25511,4.002,0.003,0.003,0.003
"251,501,751",0.3,3,147.981402979901,"251,495,504,751",0.307755803047235,0.285069412477698,4,136.460938958815,"251,500,751",3,116.551639303375,0.285411781859829,"251,499,751",3,193.943996314727,0.423921711032937,3,"251,504,751",3,0.282779133487497,0.28877887424174,119.96287,1.003,0.001,0.002,0.003
"251,501,751",0.3,3,134.922173710115,"251,262,504,751",0.283342131702742,0.275256989543613,4,128.131410434692,"252,504,751",3,116.877593818026,0.279814503553822,"251,504,751",3,169.590664155287,0.375325222203504,6,"251,504,751",3,0.273800771336418,0.27833021975945,118.35488,1.003,0.004,0.003,0.003
"251,501,751",0.3,3,125.385462078381,"255,501,754",0.278853842372728,0.245406389268192,3,99.3303830346962,"255,502,754",3,81.1830743551822,0.244007652952618,"255,501,754",3,56.4559305553117,0.168808627754382,2,"255,501,754",3,0.245744187645949,0.245406389268192,84.60299,0.007,0.008,0.007,0.007
"251,501,751",0.3,3,95.7663963638971,"251,260,501,751",0.218056473812035,0.215934064590819,4,76.4689826555048,"251,501,751",3,68.3814890840879,0.219105538586139,"251,501,751",3,37.3733206382665,0.11358146134568,3,"251,501,751",3,0.214067934158719,0.219105538586139,68.65419,1,0,0,0
"251,501,751",0.3,3,124.558470362277,"251,499,512,743,751",0.274219130074942,0.269232246427466,5,133.014862316726,"251,500,751",3,119.044498496733,0.274699518184214,"251,500,751",3,155.066159768256,0.340982677520878,5,"251,499,751",3,0.27128075439429,0.275647864028328,120.16083,2.002,0.001,0.001,0.002
"251,501,751",0.3,3,108.779159749916,"247,502,745,841",0.334059867380999,0.330320328214778,4,124.458632024259,"247,502,746",3,117.302028039968,0.336053248872437,"247,502,745",3,106.644323389911,0.318534135007202,2,"247,502,745,841",4,0.324777691905146,0.330320328214778,119.48272,1.011,0.01,0.011,1.011
"251,501,751",0.3,3,87.0224313680585,"251,256,468,505,751",0.345803328252513,0.319559161028857,5,139.031495921261,"256,505,751",3,115.116030043661,0.328060124940498,"251,499,751",3,327.569692036698,0.606926900633912,10,"256,505,751",3,0.333697741651498,0.328060124940498,120.24964,2.004,0.009,0.002,0.009
"251,501,751",0.3,3,92.1055147984155,"54,247,501,735,749",0.262412128292221,0.262050570353728,5,75.7701450396332,"247,501,749",3,73.5220994665411,0.281572939035727,"247,501,749",3,76.9221357731705,0.288119411928896,8,"54,247,501,749",4,0.26049278205006,0.265297052396176,68.94754,2.006,0.006,0.006,1.006
"251,501,751",0.3,3,139.272600929571,"250,501,511,737,751",0.316667898734795,0.313691783928527,5,160.007921727926,"250,511,739",3,147.084924030522,0.316753350191197,"250,501,739",3,186.704620960938,0.38784118334815,10,"250,501,511,737",4,0.317393616632443,0.318365330544822,155.67901,2.001,0.023,0.013,1.015
"251,501,751",0.3,3,122.165849548144,"251,256,479,502,743,754",0.33107443224384,0.311529873235553,6,157.165642087361,"251,502,754",3,130.10632411282,0.318189409755822,"251,502,751",3,103.104300232648,0.259724274107598,3,"251,502,743,754",4,0.311113824509982,0.314028652728563,133.70761,3.004,0.004,0.001,1.004
"251,501,751",0.3,3,115.503731644899,"250,362,499,501,749,759",0.316640571490492,0.309603817845678,6,138.439660073707,"251,501,751",3,120.012217439266,0.317719490642992,"250,499,749",3,222.852574136784,0.478426923414414,5,"250,501,749",3,0.319647564403075,0.318935876542853,122.31366,3.003,0,0.005,0.003
"251,501,751",0.3,3,117.666612845159,"250,254,500,504,748",0.315563144956423,0.31374161961655,5,131.380448012792,"254,501,748",3,115.533870600011,0.313563075185435,"254,501,748",3,88.6846732633867,0.255117581960854,3,"254,500,748",3,0.311740115134428,0.315695408935941,116.37849,2.005,0.006,0.006,0.007
"251,501,751",0.3,3,138.002422609557,"251,501,751,932",0.320987119840992,0.305388476708762,4,146.312873712301,"251,501,751",3,136.143015963157,0.316680827629367,"251,501,751",3,101.997718475306,0.22982834096069,2,"251,501,751,932",4,0.300014462098904,0.305388476708762,136.26691,1,0,0,1
"251,501,751",0.3,3,77.2205222816288,"240,254,469,507,751,769",0.317635389309675,0.302763418972058,6,87.9669708738192,"240,507,751",3,68.5674629288518,0.318870633903066,"240,507,531,751",4,4.19441660042421,0.132892413799487,3,"240,507,751",3,0.314732732589508,0.318870633903066,70.56458,3.009,0.017,1.017,0.017
"251,501,751",0.3,3,90.5738495756158,"249,502,505,751",0.307603434313919,0.302563151638775,4,99.9570648454859,"250,505,751",3,88.7382004223318,0.301115739702583,"249,502,751",3,112.073341081319,0.343738968548327,4,"249,502,751",3,0.302473814184597,0.304034771191486,91.48347,1.003,0.005,0.003,0.003
"251,501,751",0.3,3,97.1138186084152,"251,501,753",0.303945910051877,0.305462342317541,3,102.828807100549,"251,501,753",3,98.9978808772429,0.305462342317541,"251,501,753",3,189.592622673452,0.44423141379639,2,"251,501,753",3,0.300924559615686,0.305462342317541,101.30227,0.002,0.002,0.002,0.002
"251,501,751",0.3,3,115.786100378776,"251,499,751",0.321891210661139,0.314666574646311,3,155.208563903366,"251,500,751",3,148.956602456175,0.312380208606669,"251,499,751",3,158.296031437363,0.329842522071335,2,"251,499,751",3,0.307432957965419,0.314666574646311,147.41701,0.002,0.001,0.002,0.002
"251,501,751",0.3,3,171.443888210104,"250,504,509,751",0.317617629867527,0.302802177670367,4,152.39470182353,"251,506,751",3,136.454392569677,0.30118256196397,"250,506,751",3,103.032531449898,0.201649699025733,3,"250,504,751",3,0.301149740046277,0.305424480662544,139.05276,1.004,0.005,0.006,0.004
"251,501,751",0.3,3,103.84057981957,"251,254,501,749",0.2908457713285,0.27596469694544,4,97.1040231642884,"254,501,750",3,79.1627763458821,0.271001511401353,"254,501,749",3,60.2534093267608,0.228235801260127,5,"254,501,749",3,0.27330437761186,0.275564153797005,81.86965,1.002,0.004,0.005,0.005
"251,501,751",0.3,3,102.193924738342,"249,317,497,503,582,741,751",0.331135920937371,0.329852315611834,7,115.239066420924,"251,503,742",3,104.453976975897,0.352516781267246,"249,503,741",3,106.94463106317,0.359656329182839,10,"249,503,741",3,0.359236817956958,0.354279174634429,108.61593,4.004,0.011,0.014,0.014
"251,501,751",0.3,3,107.308013386576,"141,213,250,263,299,501,512,680,749,753",0.283477040068942,0.286984734285233,10,146.273407680107,"251,501,753",3,121.725679775736,0.316268292543135,"251,501,749",3,77.5317919395345,0.211993765939682,4,"250,501,749",3,0.315424852863106,0.320656335521677,124.06282,7.003,0.002,0.002,0.003
"251,501,751",0.3,3,62.1906709269223,"249,499,501,750",0.322494223601356,0.28258857597409,4,107.358509425554,"249,501,750",3,75.2360213193191,0.282472033007968,"249,499,750",3,140.767818221376,0.382200840719944,3,"249,501,750",3,0.283970299716872,0.282472033007968,77.67401,1.003,0.003,0.005,0.003
"251,501,751",0.3,3,52.7191544937582,"251,494,501,751",0.290504830104194,0.282726661076566,4,64.0561256061381,"251,497,751",3,49.7293807870346,0.282347739253737,"251,497,751",3,26.9149766792698,0.23736892070126,4,"251,494,751",3,0.283793910236315,0.284606715543962,55.03261,1,0.004,0.004,0.007
"251,501,751",0.3,3,81.1569828570158,"251,505,756",0.286463938559644,0.287008111313507,3,92.7189848742993,"251,505,756",3,89.919225881365,0.287008111313507,"251,505,756",3,131.720984310224,0.354026400289863,2,"251,505,756",3,0.282976879994247,0.287008111313507,90.86592,0.009,0.009,0.009,0.009
"251,501,751",0.3,3,137.843992531164,"251,502,751",0.270221549445954,0.259825836689493,3,122.468988666961,"251,502,751",3,114.72290607565,0.259825836689493,"251,501,751",3,127.100628465366,0.287382024605732,2,"251,502,751",3,0.2538337824918,0.259825836689493,115.60899,0.001,0.001,0,0.001
"251,501,751",0.3,3,137.47805853375,"250,501,751",0.299239150802338,0.301444202198676,3,148.240210487104,"251,501,751",3,146.542868631061,0.301831787691926,"250,501,751",3,193.247328695153,0.3847192839354,2,"250,501,751",3,0.29629403459496,0.301444202198676,146.86348,0.001,0,0.001,0.001
"251,501,751",0.3,3,120.230551133508,"251,501,751",0.359407556010009,0.336087866489853,3,158.809115352135,"251,501,751",3,141.647215538719,0.336087866489853,"251,501,751",3,195.014015976594,0.421663543302807,2,"251,501,751",3,0.32779027303168,0.336087866489853,141.44038,0,0,0,0
"251,501,751",0.3,3,97.4244222449979,"251,501,751",0.34395179869961,0.322671612051224,3,130.152468896218,"252,505,753",3,112.215699938681,0.31704839946574,"251,501,751",3,130.314265268239,0.351486563278247,2,"251,501,751",3,0.320971419328161,0.322671612051224,117.65408,0,0.007,0,0
"251,501,751",0.3,3,112.399187140243,"185,213,251,500,505,751",0.300052692645164,0.285715104974067,6,133.868570326787,"251,505,751",3,117.433210525221,0.303087986200068,"250,500,751",3,84.5947848443922,0.229876198392509,5,"213,251,500,505,751",5,0.281754144003097,0.288720085413585,118.21866,3.001,0.004,0.002,2.001
"251,501,751",0.3,3,103.806444605383,"251,501,751",0.313179684921874,0.306636269065067,3,91.9230042805996,"251,501,751",3,87.0921818042452,0.306636269065067,"251,501,751",3,81.8510329444943,0.296126730640624,2,"251,501,751",3,0.298757074381948,0.306636269065067,84.87099,0,0,0,0
"251,501,751",0.3,3,95.1330123724991,"251,501,751",0.315736223986935,0.317053529001359,3,94.4784805218499,"252,501,751",3,92.9393508565159,0.316597052132892,"251,501,751",3,94.2026766630573,0.319989935684713,2,"251,501,751",3,0.311281883383263,0.317053529001359,92.2169,0,0.001,0,0
"251,501,751",0.3,3,105.127757567433,"244,501,751",0.322121735612281,0.296747302624857,3,160.772674281926,"246,501,751",3,140.747775107048,0.293884532172425,"246,501,751",3,139.901078899403,0.292364591684984,2,"244,501,751",3,0.291210277789372,0.296747302624857,143.38368,0.007,0.005,0.005,0.007
"251,501,751",0.3,3,110.32506660634,"248,254,483,498,501,751",0.262423119700368,0.261534879935074,6,108.890647122084,"254,499,751",3,88.6372020653295,0.264761692576367,"254,498,751",3,111.137319710427,0.308722751328738,3,"254,498,751",3,0.258831139932314,0.265817683942516,88.80689,3.003,0.005,0.006,0.006
"251,501,751",0.3,3,125.957883433408,"251,501,742,755",0.307594173540386,0.30226601489115,4,133.505302698512,"252,502,743",3,122.888780747544,0.301506457779865,"251,501,742",3,166.618467287978,0.382613691760494,3,"251,501,742",3,0.306219089950644,0.3064951298175,126.90314,1.004,0.01,0.009,0.009
"251,501,751",0.3,3,135.104030542637,"251,505,558,751",0.250086339264539,0.244896123424394,4,124.632613164879,"252,505,751",3,113.06820975139,0.247501601733843,"252,505,751",3,81.1072357818836,0.033872315858936,4,"251,505,751",3,0.248727272253281,0.252193332589248,119.7755,1.004,0.005,0.005,0.004
"251,501,751",0.3,3,104.05091663347,"235,251,493,501,751,757",0.252498932212017,0.256937084544206,6,86.333852129601,"251,501,757",3,70.6543191367683,0.264094768842812,"251,501,757",3,51.0695878910299,0.21549129533809,7,"251,501,757",3,0.25779427595285,0.264094768842812,69.51935,3,0.006,0.006,0.006
"251,501,751",0.3,3,99.5761212986317,"247,251,500,751",0.277120616364594,0.274087171085988,4,106.505225047205,"251,500,751",3,94.843786918304,0.274957158714332,"251,500,751",3,111.954824448723,0.305728493205677,3,"247,500,751",3,0.27151201552754,0.275491649453249,98.05211,1.001,0.001,0.001,0.005
"251,501,751",0.3,3,123.596379762221,"245,272,501,754",0.304412083436887,0.282881769427678,4,115.07593098471,"250,501,754",3,99.8546198712737,0.28687313953938,"250,501,754",3,140.48125812262,0.362060424662963,2,"245,272,501,754",4,0.27909586299181,0.282881769427678,103.01397,1.009,0.004,0.004,1.009
"251,501,751",0.3,3,124.766909275176,"253,262,365,500,747,750",0.316884571228986,0.306264498850287,6,144.840631754541,"253,500,750",3,130.584456345697,0.32606216415497,"253,500,747",3,224.289644712433,0.472655132836992,3,"253,365,500,747",4,0.307923007284636,0.310858643799237,128.3017,3.004,0.004,0.007,1.007
"251,501,751",0.3,3,58.8084585717679,"251,500,750,755",0.285669419807346,0.277134001880361,4,89.3749616948588,"251,501,751",3,76.5369897035149,0.279283267861854,"251,500,751",3,18.450600181806,0.0830444777700614,7,"251,500,750",3,0.279938127489188,0.278412158129639,79.94764,1.002,0,0.001,0.002
"251,501,751",0.3,3,96.9019726132655,"251,500,750,828",0.330271208865516,0.32214457765718,4,119.02071411055,"251,501,751",3,108.540868952105,0.324922066145032,"251,500,750",3,102.967962257719,0.317251145155658,4,"251,500,750",3,0.328740246138443,0.329727085894212,112.96937,1.002,0,0.002,0.002
"251,501,751",0.3,3,145.468509092847,"253,485,501,512,751,779",0.234265288586739,0.227385731198489,6,117.098200791377,"254,501,751",3,100.179608689951,0.244040727594627,"253,501,751",3,87.3264825538095,0.209594026104132,3,"253,485,512,751",4,0.228281069427559,0.232482449688587,102.81661,3.002,0.003,0.002,1.013
"251,501,751",0.3,3,90.7276798422877,"250,500,749",0.301598137848085,0.291728197860269,3,105.968731719836,"250,501,751",3,92.2473987205873,0.282312026539265,"250,500,749",3,127.327660621624,0.346117300730303,2,"250,500,749",3,0.289992329456403,0.291728197860269,100.00828,0.004,0.001,0.004,0.004
"251,501,751",0.3,3,102.745720219145,"243,251,501,748,751,841",0.333869614917002,0.321743491890303,6,140.111240305423,"251,502,751",3,114.238034563004,0.326329655112378,"251,502,751",3,69.3480881552876,0.220156200718889,3,"251,501,751",3,0.325962956561892,0.326947416010635,116.75056,3,0.001,0.001,0
"251,501,751",0.3,3,91.0891992934117,"232,255,473,502,751",0.307733818891739,0.290993312896792,5,100.265479419366,"253,502,752",3,79.5424714246508,0.293863679496574,"253,502,752",3,43.9979181143055,0.208324042468217,4,"255,502,751",3,0.298340024237942,0.29588850971059,83.31396,2.005,0.004,0.004,0.005
"251,501,751",0.3,3,124.583948979604,"249,501,744",0.298873817438572,0.279775771668347,3,104.591731600322,"252,501,745",3,88.3861684883544,0.273411716779798,"251,501,744",3,76.2926760424964,0.246375737390802,2,"249,501,744",3,0.27921627522294,0.279775771668347,95.67473,0.009,0.007,0.007,0.009
"251,501,751",0.3,3,86.1998314376743,"250,252,397,500,631,690,751,852",0.298973101376919,0.291753627046284,8,129.827558007237,"252,502,751",3,118.242800574023,0.324544501937318,"252,500,749",3,63.5357887724006,0.206357443090838,7,"252,500,751",3,0.323776406904236,0.32905188893319,119.01238,5.002,0.002,0.004,0.002
"251,501,751",0.3,3,121.889035112304,"246,264,498,751",0.301213044536901,0.289232712218596,4,98.6351324242133,"247,499,751",3,84.6291760088072,0.28891509314888,"247,498,751",3,121.859380645992,0.361404368306819,4,"246,498,751",3,0.294939427530183,0.29422186390803,90.6594,1.008,0.006,0.007,0.008
"251,501,751",0.3,3,130.892152894519,"250,501,613,748",0.250900428341574,0.244630964020167,4,79.9603023140685,"251,501,748",3,73.5030957722009,0.256373909179697,"250,501,748",3,119.435822986192,0.348229259566676,2,"250,501,613,748",4,0.242483927737402,0.244630964020167,76.76643,1.004,0.003,0.004,1.004
"251,501,751",0.3,3,100.877373096641,"250,501,512,751,763",0.262204297456027,0.249993679196659,5,122.573717624233,"251,505,751",3,100.234522222546,0.251076598213853,"251,505,751",3,67.9355983306651,0.162826626950464,9,"250,501,751",3,0.257475640305449,0.260041739439814,109.98899,2.001,0.004,0.004,0.001
"251,501,751",0.3,3,129.942372455233,"244,251,501,751",0.334729534297269,0.318995489861926,4,160.267706260938,"251,501,753",3,144.778755154839,0.318349368915035,"250,501,751",3,218.607879392827,0.438607519325264,6,"251,501,751",3,0.314001167675686,0.319828616019586,142.89827,1,0.002,0.001,0
"251,501,751",0.3,3,127.837594208635,"251,500,749",0.293399593231251,0.296548705437966,3,115.930757839939,"251,500,749",3,114.132094736584,0.296548705437966,"251,500,749",3,199.293302179452,0.437137907794434,2,"251,500,749",3,0.292227889268434,0.296548705437966,115.40922,0.003,0.003,0.003,0.003
"251,501,751",0.3,3,116.685937151688,"247,251,486,500,750",0.282573386353543,0.269513060571785,5,114.511521015881,"251,501,750",3,96.8474826277346,0.27813484351883,"251,500,750",3,71.2169286584345,0.215544974407127,3,"251,486,500,750",4,0.265756464964339,0.269417916179236,99.77156,2.002,0.001,0.002,1.002
"251,501,751",0.3,3,109.408738011843,"250,501,752",0.302810890345293,0.297237015188779,3,142.177219894791,"251,501,752",3,134.807997748385,0.295635012924307,"251,501,752",3,132.15978175416,0.29070468173574,2,"250,501,752",3,0.293677561529271,0.297237015188779,137.43009,0.002,0.001,0.001,0.002
"251,501,751",0.3,3,129.127974487306,"249,501,647,751",0.377383647862458,0.369754569983338,4,180.455610467427,"249,501,751",3,169.959947574621,0.375111347182109,"249,501,751",3,190.051403484725,0.407680475441137,3,"249,501,751",3,0.370132263830033,0.375111347182109,170.46938,1.002,0.002,0.002,0.002
"251,501,751",0.3,3,129.415147857443,"231,252,498,501,751",0.32914812119979,0.312986896429315,5,149.182345932322,"252,501,751",3,127.15715011226,0.314911657444511,"251,498,751",3,204.429781536116,0.442637571862778,3,"252,498,751",3,0.310687842135751,0.314923312881581,127.00907,2.001,0.001,0.003,0.004
"251,501,751",0.3,3,125.79761154631,"250,500,506,751",0.311689287035012,0.299748938300712,4,126.974114441028,"250,506,751",3,111.720741234767,0.299620440646943,"250,506,751",3,95.8331650949806,0.263348444291768,5,"250,500,751",3,0.304897526257943,0.306441905495875,119.01434,1.002,0.006,0.006,0.002
"251,501,751",0.3,3,86.0609931486347,"252,495,499,750,755",0.288550896878866,0.284677688727195,5,100.578486233354,"253,499,755",3,85.1904362818928,0.287109360658343,"252,499,750",3,52.5111962422743,0.2176288238767,7,"252,499,750",3,0.287015935291818,0.289001417677599,88.59261,2.004,0.008,0.004,0.004
"251,501,751",0.3,3,83.1448816753373,"251,501,728,751,764,963",0.26926139217365,0.269894075604556,6,102.438883295424,"251,501,751",3,98.1187420862951,0.292412282433092,"251,501,751",3,90.7076522252354,0.278817187006054,6,"251,501,751,963",4,0.267187019277132,0.27686820526704,89.48481,3,0,0,1
"251,501,751",0.3,3,93.4684288830713,"251,496,500,751",0.297744597802373,0.268352915594383,4,112.986867814517,"251,496,752",3,84.2375901979157,0.264239353350307,"251,496,751",3,49.2701902941103,0.173988732244687,3,"251,496,751",3,0.268137679931728,0.270302380756067,91.40276,1.001,0.006,0.005,0.005
"251,501,751",0.3,3,70.335356445235,"251,502,723,748",0.268193785159075,0.259914059179465,4,77.4111421094663,"251,502,748",3,68.3784838675473,0.267502021193661,"251,502,748",3,259.540032686736,0.524949262746178,7,"251,502,748",3,0.2628982389055,0.267502021193661,70.18923,1.004,0.004,0.004,0.004
"251,501,751",0.3,3,87.5071444183713,"251,501,751",0.297807758457572,0.280126078984251,3,74.4937508989452,"251,501,751",3,63.5192818814748,0.280126078984251,"251,501,751",3,51.437286763302,0.254374254402606,2,"251,501,751",3,0.278139172898805,0.280126078984251,64.61782,0,0,0,0
"251,501,751",0.3,3,59.8499536429097,"248,501,748,951",0.294180607473553,0.295171811244992,4,68.2855830604448,"249,501,749",3,59.0811785362898,0.296940369846235,"248,501,748",3,37.3324932082379,0.258473483459234,5,"248,501,748",3,0.300335676557724,0.302953394672937,66.75106,1.006,0.004,0.006,0.006
"251,501,751",0.3,3,95.2025485300209,"250,502,750,796",0.286866986165093,0.280584475904646,4,92.7334224643523,"251,502,751",3,80.8471909571658,0.280733388849182,"250,502,750",3,89.6832352346613,0.300074221796047,3,"250,502,750",3,0.285657601931575,0.284806674537727,86.43264,1.003,0.001,0.003,0.003
"251,501,751",0.3,3,115.433775960701,"117,251,490,507,748,754",0.25520175405833,0.240733190564799,6,93.2051494337641,"251,492,754",3,77.1324939319295,0.258248821597788,"251,492,753",3,54.8199320692656,0.199012793201482,10,"251,490,754",3,0.265251874611758,0.257812664626504,82.0989,3.009,0.012,0.011,0.014
"251,501,751",0.3,3,86.6437776691783,"147,250,254,501,526,751,764",0.249737799843349,0.247790022014515,7,79.7567086211058,"254,501,751",3,65.6956265555253,0.268521961024327,"250,501,751",3,120.766723434594,0.362931778839237,4,"254,501,751",3,0.263401351097262,0.268521961024327,65.63965,4.001,0.003,0.001,0.003
"251,501,751",0.3,3,110.071626081547,"251,501,751",0.245591152421507,0.247655696214393,3,80.4051538257036,"251,501,751",3,75.8351918329734,0.247655696214393,"251,501,751",3,72.5521074306425,0.240061623082903,2,"251,501,751",3,0.242182292163522,0.247655696214393,79.00181,0,0,0,0
"251,501,751",0.3,3,117.729307249831,"226,253,501,751",0.293390140187304,0.284344948921939,4,135.958194164625,"253,501,752",3,121.710679397102,0.285153047424937,"253,501,751",3,132.225146432077,0.306603509142424,3,"253,501,751",3,0.286624424433772,0.286740270387728,126.83438,1.002,0.003,0.002,0.002
"251,501,751",0.3,3,102.264113074825,"250,501,752",0.286137052866747,0.266869168240572,3,98.6954817206879,"250,502,752",3,86.1413687236339,0.264045984603381,"250,501,752",3,117.286246540712,0.322749615064553,2,"250,501,752",3,0.267320296074942,0.266869168240572,89.53425,0.002,0.003,0.002,0.002
"251,501,751",0.3,3,140.435375124567,"251,501,751,763",0.266230928844966,0.246860836264532,4,128.489541534898,"251,501,751",3,115.809549261536,0.253564511895178,"251,501,751",3,183.285899579463,0.37768495744414,6,"251,501,751",3,0.250607341526688,0.253564511895178,117.64777,1,0,0,0
"251,501,751",0.3,3,116.865612092064,"250,501,740,751",0.28321365176414,0.278603406126056,4,122.65222972401,"250,501,751",3,112.205410511221,0.283030621210312,"250,501,751",3,157.811016666722,0.363098044113834,3,"250,501,751",3,0.27799605143087,0.283030621210312,115.04744,1.001,0.001,0.001,0.001
"251,501,751",0.3,3,113.334861756153,"253,501,751",0.303358121657547,0.292340769657792,3,99.7213874515616,"253,501,751",3,88.5221420114985,0.292340769657792,"253,501,751",3,143.857281547552,0.389401554007905,2,"253,501,751",3,0.287448986231978,0.292340769657792,92.28549,0.002,0.002,0.002,0.002
"251,501,751",0.3,3,79.3071047344425,"252,496,501,751",0.34370385683249,0.330424091732191,4,107.955306668405,"252,501,751",3,92.2503230822941,0.330620063340016,"252,496,751",3,133.84278606695,0.397204999602726,3,"252,501,751",3,0.324191205661429,0.330620063340016,90.0741,1.001,0.001,0.006,0.001
"251,501,751",0.3,3,121.598333898629,"159,250,501,751",0.326837483850412,0.317698296931378,4,149.099394363459,"251,474,501,751",4,133.862287198341,0.308660832216083,"249,501,751",3,375.486582363335,0.642618454049723,3,"250,501,751",3,0.320261326079673,0.323638866052281,140.12641,1.001,1,0.002,0.001
"251,501,751",0.3,3,149.333385251481,"251,503,750,761",0.294251869288018,0.295907429913441,4,128.613875371106,"254,503,752",3,120.415516817998,0.295978508925989,"254,503,752",3,78.0609779809008,0.0954009530537436,3,"251,503,750",3,0.294828219742272,0.298292189208695,123.10399,1.003,0.006,0.006,0.003
"251,501,751",0.3,3,110.148042631507,"253,501,738,753",0.234951874366257,0.238370356762131,4,78.6788621534131,"253,501,753",3,73.1572383726288,0.243649767148615,"253,501,753",3,238.643263359208,0.494675009656434,5,"253,501,753",3,0.237090904503705,0.243649767148615,74.22926,1.004,0.004,0.004,0.004
"251,501,751",0.3,3,94.2569591099914,"247,501,749",0.309576267679754,0.300150278975351,3,115.342306622931,"247,501,751",3,104.872189102876,0.295267252653108,"247,501,750",3,101.598740746553,0.289758317312291,2,"247,501,749",3,0.297614102540485,0.300150278975351,109.08147,0.006,0.004,0.005,0.006
"251,501,751",0.3,3,94.9833168297841,"251,500,751",0.292278700532262,0.289951612363255,3,111.324027888396,"251,501,751",3,105.791955808021,0.288759187788322,"251,500,751",3,81.8979095290381,0.239536322784454,2,"251,500,751",3,0.285823467869635,0.289951612363255,108.01696,0.001,0,0.001,0.001
"251,501,751",0.3,3,141.955317549141,"242,501,750",0.29127515893261,0.269996371850379,3,124.516003012196,"242,501,750",3,111.055578620877,0.269996371850379,"242,501,750",3,126.26348232136,0.302249820478959,2,"242,501,750",3,0.265240320654775,0.269996371850379,113.23474,0.01,0.01,0.01,0.01
"251,501,751",0.3,3,97.6102561044304,"250,486,509,751",0.299251273337659,0.286057028550889,4,106.150586225764,"250,486,751",3,97.0989539465781,0.298355263620433,"250,486,751",3,201.995220776273,0.457213278832105,2,"250,486,509,751",4,0.283207231998828,0.286057028550889,97.92192,1.009,0.016,0.016,1.009
"251,501,751",0.3,3,88.5430690307393,"251,501,750",0.286890407971072,0.276689910074231,3,93.2995838019242,"251,501,750",3,84.9056220260764,0.276689910074231,"251,501,750",3,195.6786346026,0.442492376487305,2,"251,501,750",3,0.271325172753563,0.276689910074231,85.46169,0.001,0.001,0.001,0.001
"251,501,751",0.3,3,108.730983930679,"243,246,499,750",0.280666333460066,0.282864188100543,4,113.63958330276,"246,499,751",3,102.906810638263,0.28444445401031,"246,499,750",3,101.804488705946,0.284090700684366,3,"246,499,750",3,0.277964338936018,0.283166221729065,106.02661,1.008,0.007,0.008,0.008
"251,501,751",0.3,3,109.343556902846,"251,492,502,751",0.296115537687975,0.302368345512238,4,116.695295701908,"251,502,751",3,111.264256550955,0.304479364739558,"251,502,751",3,196.955553515156,0.438601553834981,3,"251,502,751",3,0.297959498185981,0.304479364739558,111.3126,1.001,0.001,0.001,0.001
"251,501,751",0.3,3,94.7908902183246,"251,258,500,703,751",0.340589915140086,0.309569634603738,5,142.999203329671,"252,502,752",3,112.244127511772,0.312200416015049,"251,501,751",3,143.083271742545,0.364921651555947,3,"251,500,751",3,0.317197829216158,0.315024372436845,118.46956,2.001,0.003,0,0.001
"251,501,751",0.3,3,101.920285232517,"247,501,751",0.344475132483156,0.340219409649564,3,115.783591486885,"248,501,751",3,109.955833036065,0.338639069485534,"247,501,751",3,128.436761668612,0.371449237783747,2,"247,501,751",3,0.336568964758134,0.340219409649564,111.50882,0.004,0.003,0.004,0.004
"251,501,751",0.3,3,104.755370274787,"243,250,502,723,755",0.346825129664476,0.325895513796141,5,125.852637016195,"250,503,751",3,104.456410164729,0.331201361078107,"250,502,751",3,66.9794825743921,0.250281936149279,5,"250,502,755",3,0.333352159693111,0.335780965748432,107.4855,2.006,0.003,0.002,0.006
"251,501,751",0.3,3,120.380557716457,"253,499,738,826",0.300590249753434,0.281092645301155,4,109.035029894123,"253,500,739",3,95.5923148492986,0.288048518813078,"253,499,739",3,71.7885673287558,0.229707852692036,2,"253,499,738,826",4,0.280782659943557,0.281092645301155,99.61413,1.017,0.015,0.016,1.017
"251,501,751",0.3,3,138.867935125112,"220,249,271,491,501,698,752,760",0.274583983790717,0.257233234639598,8,142.389359317091,"250,501,752",3,110.009266291558,0.270799594552427,"249,501,752",3,154.699719302323,0.357369624272517,10,"249,501,752",3,0.271023777235196,0.27239024901318,112.23159,5.003,0.002,0.003,0.003
"251,501,751",0.3,3,105.610200364587,"251,501,748,753",0.318550095209864,0.31358396532927,4,108.518167482426,"251,501,753",3,97.825034434366,0.315415955667269,"251,501,748",3,97.5390768398116,0.31544245318993,3,"251,501,748",3,0.30856138424577,0.315408347951219,96.92938,1.002,0.002,0.003,0.003
"251,501,751",0.3,3,85.9240389562306,"168,243,253,299,442,467,498,502,561,580,728,761,801",0.376193596172792,0.327409390705049,13,207.34653582438,"251,501,746",3,117.944285689642,0.344477555781197,"247,501,746",3,229.428179544919,0.501130240687945,10,"253,502,761",3,0.365449987495585,0.363565502444271,138.49894,10.013,0.005,0.009,0.013
"251,501,751",0.3,3,114.875248278393,"251,480,501,730,759",0.240363954337599,0.223985191850922,5,81.6609630396074,"251,501,749",3,66.5385706752225,0.233638445372051,"251,500,748",3,58.4968850847108,0.215084985507793,3,"251,501,730,759",4,0.220025950663122,0.227944442324116,67.78888,2.008,0.002,0.004,1.008
"251,501,751",0.3,3,125.00901740397,"252,501,505,523,736,751,841",0.352278521546455,0.346207516758049,7,170.065118117114,"252,505,751",3,147.641083835062,0.357912016289559,"252,505,747",3,259.528304838797,0.522983474446922,5,"252,505,751",3,0.352071880757765,0.357912016289559,145.78229,4.001,0.005,0.009,0.005
"251,501,751",0.3,3,121.405459581928,"250,501,754",0.323900311174727,0.309230195401021,3,116.43260114358,"251,502,755",3,104.631375654788,0.308048820724168,"250,501,754",3,116.778548693968,0.334415503719087,2,"250,501,754",3,0.310303297789568,0.309230195401021,109.84191,0.004,0.005,0.004,0.004
"251,501,751",0.3,3,147.775227797455,"251,501,752",0.301898096090236,0.288498881163289,3,134.917121445231,"252,509,752",3,123.304681572645,0.28251860807673,"251,501,752",3,149.223850502792,0.338454769913687,2,"251,501,752",3,0.284169312294087,0.288498881163289,127.27134,0.001,0.01,0.001,0.001
"251,501,751",0.3,3,133.562063079325,"182,251,480,500,517,751",0.251134208980342,0.248532955547721,6,131.293150567863,"182,251,501,751",4,121.734786211593,0.262598796366691,"251,501,751",3,92.0691435660384,0.177526130771497,3,"182,251,480,517,751",5,0.246208275997704,0.249830988784682,122.71559,3.001,1,0,2.016
"251,501,751",0.3,3,64.5482214455235,"237,251,275,486,501,751",0.247004019475741,0.246501719836775,6,50.4100808350151,"252,501,751",3,33.9491017991697,0.253156702555933,"251,501,751",3,38.8814043367765,0.263307666863865,3,"251,501,751",3,0.252314835349406,0.253896689803329,35.37708,3,0.001,0,0
"251,501,751",0.3,3,104.804731762886,"101,251,331,416,501,507,751,755",0.249458358412676,0.23763485021884,8,111.015980131626,"251,503,755",3,84.8501684631561,0.259737939514267,"251,502,755",3,43.8948083353952,0.0532737209025007,4,"251,501,755",3,0.257714430750688,0.258735152452479,86.72792,5,0.006,0.005,0.004
"251,501,751",0.3,3,78.7336941701768,"251,501,751",0.298918586599592,0.295267852637008,3,110.742120526343,"251,501,751",3,103.433505603079,0.295267852637008,"251,501,751",3,101.239330725042,0.291401439406259,2,"251,501,751",3,0.28853625978816,0.295267852637008,105.10261,0,0,0,0
"251,501,751",0.3,3,80.8819403060862,"251,426,500,751",0.304236989478829,0.309466530223334,4,108.111264730322,"251,427,501,751",4,108.176332261177,0.310142183470072,"251,500,751",3,238.962489628555,0.498598917962709,2,"251,426,500,751",4,0.3029000179304,0.309466530223334,107.3885,1.001,1,0.001,1.001
"251,501,751",0.3,3,130.381369341288,"210,246,273,501,751",0.28974609383107,0.279395873927946,5,128.397052997331,"246,501,752",3,117.292123713312,0.293242257496882,"246,501,751",3,176.897310392295,0.398034277571697,4,"246,501,751",3,0.289741754909301,0.292543165369421,118.22492,2.005,0.006,0.005,0.005
"251,501,751",0.3,3,135.048153566858,"251,503,751",0.290087453655346,0.285484001921349,3,107.85373575813,"251,504,751",3,99.3158146920896,0.283788855314772,"251,504,751",3,96.7329207866212,0.277931627018688,2,"251,503,751",3,0.282376952746725,0.285484001921349,104.52135,0.002,0.003,0.003,0.002
"251,501,751",0.3,3,100.08568721611,"247,250,501,711,749",0.265421137219221,0.25636028595827,5,103.954116076562,"250,501,749",3,92.3772436500808,0.266733251155043,"247,501,749",3,170.782282882783,0.393428624038317,10,"247,501,711,749",4,0.257266542554806,0.257519131135997,93.87697,2.003,0.003,0.006,1.006
"251,501,751",0.3,3,81.3160244794773,"251,292,501,751",0.327913665309395,0.325197358587642,4,114.596973202133,"251,501,751",3,107.019680049926,0.33010546976886,"251,501,751",3,146.148588563858,0.390612270713013,4,"251,501,751",3,0.322869660006174,0.33010546976886,106.12871,1,0,0,0
"251,501,751",0.3,3,147.165091755513,"251,497,500,638,751,789",0.271494130266311,0.274528890329799,6,109.825678071122,"251,500,751",3,98.4514731709402,0.289809102101292,"251,498,751",3,68.0256131365315,0.195870813650811,4,"251,497,751",3,0.289480822659752,0.29147576261944,101.8995,3.001,0.001,0.003,0.004
"251,501,751",0.3,3,125.513181799565,"251,254,501,751",0.323376243624481,0.308472973361986,4,128.169825901547,"254,501,751",3,112.98161643605,0.307872748331723,"254,501,751",3,77.2691830856371,0.21525731905512,5,"254,501,751",3,0.305132853323337,0.307872748331723,112.33497,1,0.003,0.003,0.003
"251,501,751",0.3,3,122.269544285763,"251,502,751",0.298055947992802,0.288279839489336,3,108.059167393779,"251,503,751",3,101.167191244493,0.28769744524274,"251,503,751",3,66.9001200400174,0.191698228136166,2,"251,502,751",3,0.28680992844438,0.288279839489336,102.89427,0.001,0.002,0.002,0.001
"251,501,751",0.3,3,74.3650931278673,"251,500,751",0.271234428852262,0.26697480678751,3,71.771758828436,"251,500,752",3,59.0134670729129,0.260149049268677,"251,500,751",3,203.366753650406,0.472813131452956,2,"251,500,751",3,0.264516898200569,0.26697480678751,68.52813,0.001,0.002,0.001,0.001
"251,501,751",0.3,3,83.898134974712,"251,255,500,751,762",0.269701164214118,0.233634868460644,5,69.8447901540712,"251,500,751",3,41.7133762968877,0.239693858787214,"251,500,751",3,104.282116440898,0.349966232677293,3,"251,500,751",3,0.239223304954659,0.239693858787214,44.28715,2.001,0.001,0.001,0.001
"251,501,751",0.3,3,116.632275969075,"251,500,750",0.334543051982709,0.327862388690524,3,131.974388804148,"251,500,750",3,126.159877048174,0.327862388690524,"251,500,750",3,78.5583678269379,0.208961251679568,2,"251,500,750",3,0.326077302340318,0.327862388690524,127.50111,0.002,0.002,0.002,0.002
"251,501,751",0.3,3,148.295261432949,"251,487,500,749",0.30273275701558,0.278970290710845,4,152.18125608582,"251,489,749",3,134.912907904947,0.285064183233153,"251,489,749",3,106.347935063312,0.206537034678992,7,"251,500,749",3,0.284833455941043,0.286729667048492,139.82946,1.003,0.014,0.014,0.003
"251,501,751",0.3,3,122.451188009683,"249,501,754",0.267761540254799,0.255650569305176,3,102.397062576553,"249,501,754",3,92.7244513126152,0.255650569305176,"249,501,754",3,56.6149981052073,0.0472998307432289,2,"249,501,754",3,0.250223590733434,0.255650569305176,94.75732,0.005,0.005,0.005,0.005
"251,501,751",0.3,3,96.5054972825977,"245,500,751",0.339350220414939,0.319590428329216,3,126.649767975158,"247,500,751",3,110.664122598942,0.318045507696487,"245,500,751",3,176.312983197941,0.419076853729977,2,"245,500,751",3,0.31534349540957,0.319590428329216,113.07419,0.007,0.005,0.007,0.007
"251,501,751",0.3,3,113.237779722135,"85,242,247,501,750",0.248738101243097,0.248668241454721,5,102.710989403938,"247,501,750",3,89.7006297396376,0.257676276160797,"247,501,750",3,51.4993552223552,0.130758011110273,3,"247,501,750",3,0.251704397044666,0.257676276160797,93.17865,2.005,0.005,0.005,0.005
"251,501,751",0.3,3,103.730368441344,"250,499,749",0.328998229670749,0.297291283807537,3,131.740338826327,"250,500,749",3,111.900917187105,0.296965523430584,"249,499,749",3,181.697436954679,0.408012459803131,2,"250,499,749",3,0.297686393187022,0.297291283807537,114.41289,0.005,0.004,0.006,0.005
"251,501,751",0.3,3,106.033992652058,"251,501,507,747,751",0.283036798428098,0.282876381607778,5,128.923715074521,"251,503,750",3,110.741630048907,0.281070802084099,"251,503,750",3,62.2973616292754,0.124997201719535,5,"251,507,751",3,0.280960889712856,0.286595724608148,115.00343,2,0.003,0.003,0.006
"251,501,751",0.3,3,110.687031904312,"230,250,499,754,759",0.330478427877327,0.325219672776569,5,136.43962651963,"250,501,754",3,117.573210005869,0.325100669332216,"250,499,754",3,125.095305371778,0.340364045041845,5,"250,499,754",3,0.32507215283472,0.329223088505067,121.19878,2.006,0.004,0.006,0.006
"251,501,751",0.3,3,80.0841723867522,"174,257,310,501,750",0.266766655661413,0.265140373422951,5,75.3386027398314,"257,501,751",3,62.5244802880437,0.271813163610016,"256,501,750",3,194.252579981051,0.46543731960738,3,"257,501,750",3,0.270376381489816,0.273004105144029,65.81212,2.007,0.006,0.006,0.007
"251,501,751",0.3,3,88.3135919368378,"250,482,490,503,751,956",0.262823816253992,0.253380517837074,6,59.2006166605518,"250,502,751",3,44.5937350820032,0.267030361195375,"250,501,751",3,49.7221641850514,0.278214507612208,3,"250,490,503,751,956",5,0.249026548459494,0.25424486320241,46.33357,3.003,0.002,0.001,2.003
"251,501,751",0.3,3,100.881975775763,"254,503,751",0.321750470653804,0.319526114956371,3,108.531880838478,"254,505,751",3,104.811798053081,0.320015873057396,"254,503,751",3,59.4073578718728,0.214517283211086,2,"254,503,751",3,0.314808422974257,0.319526114956371,104.89008,0.005,0.007,0.005,0.005
"251,501,751",0.3,3,106.936854891928,"252,501,506,751,756",0.311448656015446,0.309800313521927,5,132.097168741302,"252,501,752",3,116.662248820032,0.310468976643115,"252,501,751",3,138.89986866555,0.349879933694049,4,"252,501,751",3,0.311431243508002,0.312207524546259,119.92311,2.001,0.002,0.001,0.001
"251,501,751",0.3,3,96.1760401249748,"250,501,523,751,754",0.331026038238342,0.318728339731763,5,126.91648423362,"250,507,751",3,111.01944858878,0.327517100275736,"250,507,751",3,49.1182222652048,0.150766879819801,3,"250,501,523,751",4,0.314715756787182,0.320877879182314,111.40588,2.001,0.007,0.007,1.001
"251,501,751",0.3,3,113.596949346095,"249,332,500,751",0.296107114190287,0.277408659953628,4,117.724146432261,"249,500,753",3,105.812341503437,0.287337116334455,"249,500,751",3,163.125895211649,0.384966090085744,2,"249,332,500,751",4,0.27648796976589,0.277408659953628,108.02574,1.003,0.005,0.003,1.003
"251,501,751",0.3,3,120.608065679419,"251,265,499,522,742,751",0.310456986770285,0.299217853957267,6,147.310086584954,"251,501,751",3,124.492416781364,0.306745286195175,"251,501,751",3,104.812961790599,0.264242931305154,8,"251,499,751",3,0.3068343566602,0.311573958434589,128.09123,3.002,0,0,0.002
"251,501,751",0.3,3,51.3953165309624,"250,501,662,751",0.248422219480243,0.23713563218875,4,49.3260171171923,"250,501,751",3,38.5835344848621,0.243824262107129,"250,501,751",3,118.623122017922,0.366314278428972,3,"250,501,751",3,0.238101435798334,0.243824262107129,39.06678,1.001,0.001,0.001,0.001
"251,501,751",0.3,3,129.869980830911,"174,251,296,501,751",0.303353367596544,0.294868870231039,5,158.55455148344,"252,501,751",3,148.726558615137,0.30812083844949,"251,501,751",3,168.446249025046,0.344812202049084,4,"251,501,751",3,0.303631924776635,0.308395632290198,148.95739,2,0.001,0,0
"251,501,751",0.3,3,92.1706049367362,"251,353,501,751",0.315261009515772,0.308425861219347,4,100.433894496461,"251,501,751",3,91.5733504774225,0.316693245127228,"251,501,751",3,85.6079093118375,0.305384131691685,5,"251,501,751",3,0.310410888120034,0.316693245127228,92.9978,1,0,0,0
"251,501,751",0.3,3,129.806021228404,"236,251,501,730,751,879",0.279566886018361,0.268164547940637,6,114.844795107933,"251,501,751,879",4,100.374358408132,0.279687041061164,"251,501,740",3,148.356827484121,0.37332539821522,3,"251,501,730,751,879",5,0.263123778090867,0.270312568018087,101.31985,3,1,0.011,2
"251,501,751",0.3,3,114.121386308504,"251,402,500,755",0.326100830453111,0.301231634035771,4,124.057017297269,"238,501,755",3,104.803316232056,0.305199586445685,"246,500,755",3,244.545039797659,0.513684322579145,2,"251,402,500,755",4,0.297872740055589,0.301231634035771,109.59602,1.005,0.017,0.01,1.005
"251,501,751",0.3,3,74.7114198798543,"141,243,251,299,469,501,512,579,751",0.287329342610368,0.265964246810799,9,129.420559301842,"251,512,751",3,102.418106753997,0.301870337565373,"251,512,751",3,77.5945510865085,0.254873241687825,3,"251,299,501,512,751",5,0.277807352819744,0.283770254901681,101.62401,6,0.011,0.011,2
"251,501,751",0.3,3,105.681364573722,"251,501,576,623,747,750",0.308140276591069,0.289028380171286,6,146.301716613365,"251,501,750",3,128.310178654329,0.308185428154037,"251,501,747",3,167.532687922659,0.373627706840733,2,"251,501,576,623,747,750",6,0.278780589875899,0.289028380171286,130.58799,3.001,0.001,0.004,3.001
"251,501,751",0.3,3,119.244688140803,"252,501,748,751",0.262605177813425,0.263390584067509,4,95.1884164333484,"252,501,751",3,87.1278814545464,0.263486817890026,"252,501,748",3,105.753964341305,0.302541893488864,5,"252,501,748",3,0.259520745693176,0.265696730374441,88.3052,1.001,0.001,0.004,0.004
"251,501,751",0.3,3,97.0869726012583,"245,501,749",0.311899241906034,0.282675203000421,3,101.809183524174,"246,501,751",3,83.4477037397313,0.279478840670811,"246,501,751",3,38.1910304504361,0.142782418805012,2,"245,501,749",3,0.282838612838641,0.282675203000421,86.83854,0.008,0.005,0.005,0.008
"251,501,751",0.3,3,90.3679677348813,"236,251,266,500,502,735,751",0.260870799376793,0.264323888206767,7,104.075168859817,"253,502,752",3,84.5504422659091,0.274009406226617,"251,500,751",3,169.838314022202,0.410461127862204,8,"251,502,751",3,0.270792790386981,0.274334786169628,84.78961,4.001,0.004,0.001,0.001
"251,501,751",0.3,3,152.476961904096,"251,494,500,562,578,751",0.297203971537212,0.28560727333077,6,156.067844817686,"251,500,751",3,138.527866600855,0.298558103266166,"251,498,620,625,751",5,170.619642299975,0.355741107648602,3,"251,500,562,751",4,0.279833693585384,0.287505555108354,134.99863,3.001,0.001,2.003,1.001
"251,501,751",0.3,3,130.213253779542,"251,501,750",0.303615018728604,0.292869915259864,3,109.866608386488,"251,501,750",3,103.255637051948,0.292869915259864,"251,501,750",3,131.669252249274,0.347798524841672,2,"251,501,750",3,0.289611235541658,0.292869915259864,103.50078,0.001,0.001,0.001,0.001
"251,501,751",0.3,3,146.419681856947,"251,501,755",0.25720598075554,0.259907649165841,3,105.789711102623,"251,501,755",3,101.397191047635,0.259907649165841,"251,501,755",3,180.229777537955,0.403915925281199,2,"251,501,755",3,0.253467302020401,0.259907649165841,104.3607,0.004,0.004,0.004,0.004
"251,501,751",0.3,3,112.383073058181,"231,249,498,751,763,877",0.235412362924807,0.221605494557344,6,99.0390689990149,"250,498,751",3,78.956812431433,0.235947536906388,"249,498,751",3,123.663665386315,0.323041407730193,8,"249,498,751",3,0.238197469553735,0.24009118796573,86.31443,3.005,0.004,0.005,0.005
"251,501,751",0.3,3,97.0329674310954,"250,496,751",0.256808735558492,0.233393573539943,3,80.3041381255058,"250,496,751",3,66.7230070860537,0.233393573539943,"250,496,751",3,40.7822059082117,0.157866225386963,2,"250,496,751",3,0.231264073890856,0.233393573539943,68.819,0.006,0.006,0.006,0.006
"251,501,751",0.3,3,84.3068394147438,"251,499,669,748,754",0.32052460215469,0.311333895073307,5,102.862056038056,"251,501,669,751",4,90.6722080051827,0.313741204214139,"251,499,748",3,127.131096840183,0.379400056595725,2,"251,499,669,748,754",5,0.304762165015979,0.311333895073307,94.01067,2.005,1,0.005,2.005
"251,501,751",0.3,3,103.934353711758,"249,258,282,481,501,751,765",0.313747079939325,0.312819338635053,7,143.635926575906,"258,501,763",3,120.732231438846,0.321201988266757,"258,501,763",3,81.6214528602354,0.236444165493746,7,"249,258,501,765",4,0.314289645186123,0.320183316061909,125.8516,4.002,0.019,0.019,1.016
"251,501,751",0.3,3,125.88587488645,"251,501,742,751",0.327850734392921,0.320755171093215,4,151.181731366357,"251,501,751",3,139.339230555209,0.324017874107565,"251,501,750",3,220.643723465195,0.452894316641331,9,"251,501,751",3,0.317441676032687,0.324017874107565,139.66809,1,0,0.001,0
"251,501,751",0.3,3,98.2660890404204,"251,500,751",0.337029645169703,0.335078198560417,3,144.903542517609,"251,501,751",3,142.162051953762,0.335578041030936,"251,501,751",3,94.0999369410985,0.236098030616138,2,"251,500,751",3,0.331047162464348,0.335078198560417,141.52514,0.001,0,0,0.001
"251,501,751",0.3,3,109.245442292678,"230,251,501,507,750",0.307493375210552,0.300048730498776,5,135.374532443925,"251,506,750",3,118.264943327363,0.303470190311599,"251,501,750",3,145.127404744206,0.351596445232686,3,"251,501,750",3,0.304339747990384,0.307348938899864,121.67491,2.001,0.006,0.001,0.001
"251,501,751",0.3,3,80.6882312352427,"234,241,250,256,488,501,751",0.253079737965033,0.247554882696775,7,92.3932540553286,"250,497,751",3,68.0340107189624,0.259369482875486,"250,497,751",3,49.4158396135879,0.217969198487347,4,"250,488,501,751",4,0.250274853810495,0.254158286793216,72.48026,4.001,0.005,0.005,1.001
"251,501,751",0.3,3,102.83318712768,"251,501,751",0.272168332616058,0.265274062006873,3,114.304184448486,"251,501,751",3,108.473264379188,0.265274062006873,"251,501,751",3,85.8824308508663,0.212992329013605,2,"251,501,751",3,0.264112495533614,0.265274062006873,110.42683,0,0,0,0
"251,501,751",0.3,3,90.138911855092,"251,501,749,765",0.27214655763002,0.262277967947994,4,102.624958602579,"252,501,750",3,86.9753304444576,0.260341008121159,"251,501,749",3,127.144084570213,0.33279511897256,3,"251,501,749",3,0.264273131700343,0.264858895220684,93.28638,1.002,0.002,0.002,0.002
"251,501,751",0.3,3,83.3200045284386,"248,251,374,501,602,751",0.289950468105004,0.293325855343093,6,106.631807518083,"251,501,751",3,101.577157607748,0.313952142502023,"251,501,531,751",4,40.2725018988211,0.152717200452628,3,"251,501,751",3,0.303769721591582,0.313952142502023,98.46695,3,0,1,0
"251,501,751",0.3,3,100.909118430779,"246,251,492,502,636,748,913",0.265609624551823,0.258032988778741,7,99.2673903064264,"248,499,748",3,76.5890616305717,0.271690136423184,"248,499,748",3,47.7662569163905,0.199318026203284,9,"251,502,748",3,0.274398172504567,0.281104599905297,82.07015,4.004,0.008,0.008,0.004
"251,501,751",0.3,3,130.844006179529,"240,251,499,751",0.290872171637211,0.279899299076113,4,125.50348266945,"252,499,752",3,110.700999345167,0.278133616083528,"251,499,751",3,123.901292176432,0.308883441881401,3,"251,499,751",3,0.282782688251309,0.282302841590725,115.92646,1.002,0.004,0.002,0.002
"251,501,751",0.3,3,74.1377368963321,"253,501,725,750,756",0.292806569227628,0.284925954218412,5,85.5302232718832,"253,501,750",3,70.0102903758685,0.2916483230031,"253,501,750",3,155.328269194067,0.42058896785331,5,"253,501,750",3,0.289147479931191,0.2916483230031,71.91717,2.003,0.003,0.003,0.003
"251,501,751",0.3,3,164.866434268348,"251,501,752",0.299954589050826,0.300573466949898,3,159.014280352027,"251,501,752",3,157.609347948788,0.300573466949898,"251,501,752",3,152.594911197915,0.289316492759027,2,"251,501,752",3,0.296371359863692,0.300573466949898,157.43637,0.001,0.001,0.001,0.001
"251,501,751",0.3,3,121.379611951579,"252,501,751",0.252652714071512,0.245568517007615,3,90.268076867403,"252,501,751",3,84.8615946947611,0.245568517007615,"251,501,751",3,216.99783359179,0.459295935645317,2,"252,501,751",3,0.241548030343443,0.245568517007615,85.6798,0.001,0.001,0,0.001
"251,501,751",0.3,3,108.899677763656,"250,500,746",0.334804197977934,0.311745757083274,3,131.015389509863,"251,500,748",3,112.622124433447,0.309618394393684,"250,500,748",3,124.221425238193,0.331124325884661,2,"250,500,746",3,0.30947877749535,0.311745757083274,117.59486,0.007,0.004,0.005,0.007
"251,501,751",0.3,3,132.073713990617,"250,503,751",0.282227566505401,0.282156565787308,3,127.110258775904,"251,503,751",3,120.678217327386,0.281471907174736,"250,503,751",3,199.651347333873,0.413456211037426,2,"250,503,751",3,0.276093960861974,0.282156565787308,124.33574,0.003,0.002,0.003,0.003
"251,501,751",0.3,3,122.682207289149,"249,501,519,756",0.339899859602095,0.330644248368259,4,139.00838366008,"251,501,756",3,127.215233787374,0.332469049390669,"249,501,756",3,180.852753038062,0.422789836621256,3,"249,501,756",3,0.331702584784428,0.334540611937634,128.82305,1.007,0.005,0.007,0.007
"251,501,751",0.3,3,131.950980818637,"160,249,500,731,750",0.268929670552424,0.27062692782483,5,105.445434962595,"249,500,750",3,97.4530290677721,0.281172553070878,"249,500,750",3,129.996136742196,0.343194804385802,3,"249,500,750",3,0.275674293486555,0.281172553070878,98.2281,2.004,0.004,0.004,0.004
"251,501,751",0.3,3,100.403079508571,"251,501,751,757",0.300917611703289,0.280960507573898,4,114.185926320679,"251,501,751",3,92.4675835965305,0.281004897389795,"251,501,751",3,157.566206660345,0.388878787349084,6,"251,501,751",3,0.275331894631002,0.281004897389795,94.95881,1,0,0,0
"251,501,751",0.3,3,162.933429248883,"251,498,750",0.316299904918049,0.315442293912613,3,167.729043519294,"251,501,751",3,165.210531200428,0.316856217325729,"251,498,750",3,185.025541156691,0.35853912616766,2,"251,498,750",3,0.312806152476153,0.315442293912613,166.1581,0.004,0,0.004,0.004
"251,501,751",0.3,3,107.131075406515,"251,477,506,753,756",0.293061390296375,0.292436556590952,5,106.284589696735,"251,506,753",3,92.3358072373143,0.298475117906405,"251,506,753",3,79.5467467124869,0.271409793576874,4,"251,506,756",3,0.294488763493313,0.299187091882643,95.6932,2.007,0.007,0.007,0.01
"251,501,751",0.3,3,76.4122196337147,"251,500,750",0.285849155699854,0.270868644035842,3,81.3750907196843,"251,501,750",3,71.9542156897523,0.271841350929199,"251,500,750",3,85.2014252996599,0.296871558404905,2,"251,500,750",3,0.270957299337827,0.270868644035842,73.64684,0.002,0.001,0.002,0.002
"251,501,751",0.3,3,112.580422220048,"251,274,498,501,745,803",0.267351611237886,0.271780708482943,6,107.224883861825,"251,501,746",3,102.43238380523,0.292993133412728,"251,498,745",3,92.1753364402888,0.27336488681062,6,"251,274,498,745",4,0.277726350422391,0.280700377250084,101.32738,3.006,0.005,0.009,1.009
"251,501,751",0.3,3,90.8987818150479,"250,501,751",0.303055039284822,0.294554556558701,3,119.918334324587,"251,503,752",3,108.991419774655,0.289189569752978,"250,501,751",3,103.234121446466,0.28197634724905,2,"250,501,751",3,0.294370947152583,0.294554556558701,115.35595,0.001,0.003,0.001,0.001
"251,501,751",0.3,3,81.3479294549684,"250,500,751",0.298721562836783,0.297347162123495,3,89.2453813886211,"250,501,751",3,84.5409723129838,0.298485997087021,"250,500,751",3,170.961961404201,0.429921404977253,2,"250,500,751",3,0.291978824059875,0.297347162123495,85.74802,0.002,0.001,0.002,0.002
"251,501,751",0.3,3,89.2739534040925,"238,262,291,490,498,751,763",0.272504708959969,0.263827557439053,7,104.879365487881,"252,490,751",3,90.7536770136419,0.288470811459122,"251,490,751",3,200.772500048682,0.452361186571082,3,"238,262,490,498,751,763",6,0.260736424787162,0.266702249156016,92.71334,4.014,0.012,0.011,3.014
"251,501,751",0.3,3,111.264536162757,"250,278,501,751",0.300801545686775,0.298554950508841,4,104.961557486277,"251,501,751",3,96.7651903270602,0.302416640086735,"250,501,751",3,265.892103760802,0.550181677663784,3,"250,501,751",3,0.298460132929124,0.303178057507674,98.36043,1.001,0,0.001,0.001
"251,501,751",0.3,3,108.751276321732,"240,251,498,599,742,753",0.295877762024735,0.279731577292803,6,120.079651224507,"251,498,754",3,98.2375310628025,0.291222699227636,"251,498,753",3,49.4865911330074,0.130038268915241,5,"251,498,753",3,0.2922867524303,0.292090418817634,102.00298,3.005,0.006,0.005,0.005
"251,501,751",0.3,3,133.453064799644,"251,379,501,750",0.286942359943533,0.289447876774326,4,108.703302966748,"251,501,750",3,108.736560747493,0.302235217017309,"251,501,750",3,122.920961816776,0.330770614171698,2,"251,379,501,750",4,0.282162748489981,0.289447876774326,106.64025,1.001,0.001,0.001,1.001
"251,501,751",0.3,3,78.7345638821335,"251,494,513,750,931",0.257212050948423,0.228353885646102,5,77.3851554487609,"251,495,751",3,55.3878228959286,0.241229795889816,"251,501,750",3,160.960758353265,0.408128345098085,2,"251,494,513,750,931",5,0.225719550010598,0.228353885646102,62.5166,2.008,0.006,0.001,2.008
"251,501,751",0.3,3,76.0070335081371,"251,499,751",0.314553782953629,0.292726226350157,3,88.71210864355,"251,501,751",3,71.638501864177,0.291134527042101,"251,501,751",3,54.2558195826694,0.256497508813863,2,"251,499,751",3,0.290758091186831,0.292726226350157,75.89279,0.002,0,0,0.002
"251,501,751",0.3,3,100.786861866072,"251,501,753",0.314865575548491,0.296328751380333,3,101.064226720933,"251,502,753",3,87.8583162216772,0.296521393538548,"251,501,753",3,125.67109471317,0.362788698298919,2,"251,501,753",3,0.293236355576157,0.296328751380333,89.88214,0.002,0.003,0.002,0.002
"251,501,751",0.3,3,124.655386739127,"84,251,311,501,751",0.352396342228692,0.336858819327895,5,137.603664297793,"251,501,751",3,130.024988834506,0.357791074487575,"251,501,751",3,95.2187760162327,0.282635110184678,3,"84,251,501,751",4,0.33805822993772,0.341643727334561,124.08318,2,0,0,1
"251,501,751",0.3,3,129.935205846862,"251,497,526,610,751,758,821",0.230457233311598,0.231865103669963,7,136.567172772506,"251,498,758",3,116.213210852271,0.247882258021375,"251,498,758",3,84.6221725454423,0.147718658802325,10,"251,497,758",3,0.249575315083558,0.254040165304184,124.86007,4.004,0.01,0.01,0.011
"251,501,751",0.3,3,67.4891570515527,"250,501,751",0.328245550884538,0.320681799195798,3,89.7257257398636,"250,501,751",3,83.1244586214243,0.320681799195798,"250,501,751",3,126.409775088981,0.387226050919567,2,"250,501,751",3,0.314835919018484,0.320681799195798,82.07207,0.001,0.001,0.001,0.001
"251,501,751",0.3,3,78.996003195857,"247,248,497,501,750",0.290775665562631,0.280803535189214,5,73.2915679211942,"248,501,751",3,54.1542261254692,0.283348577346254,"248,501,750",3,17.6966716520873,0.197425175577658,3,"248,501,750",3,0.280114430337938,0.280591487211272,54.54978,2.004,0.003,0.004,0.004
"251,501,751",0.3,3,71.8300559756044,"72,236,251,501,505,745,750,766",0.27331149339189,0.266048144658137,8,107.690907151373,"251,501,750",3,80.0688324252826,0.284888394288766,"251,501,750",3,67.7302282328959,0.261054707248895,10,"251,501,750",3,0.283088825003554,0.284888394288766,84.74684,5.001,0.001,0.001,0.001
"251,501,751",0.3,3,94.1636314481326,"251,504,745,760",0.255467332555238,0.255003919017723,4,78.4599627001217,"251,504,745",3,74.0914080114184,0.263794882319656,"251,504,745",3,37.1285499263846,0.164773749752775,2,"251,504,745,760",4,0.24443957707586,0.255003919017723,73.36249,1.009,0.009,0.009,1.009
"251,501,751",0.3,3,113.480304957047,"253,488,500,751",0.310931137543584,0.29473884758011,4,148.256680791914,"254,500,752",3,130.282475952284,0.296747021678876,"254,500,751",3,80.72403161213,0.159734336975097,8,"253,500,751",3,0.300414539908437,0.29917902696423,137.2368,1.003,0.005,0.004,0.003
"251,501,751",0.3,3,98.556648739791,"252,501,751",0.319802211919608,0.309354611227553,3,101.937175330049,"252,501,751",3,92.5199510475554,0.309354611227553,"252,501,751",3,80.3868335120606,0.285222252615381,2,"252,501,751",3,0.302181144304568,0.309354611227553,92.88894,0.001,0.001,0.001,0.001
"251,501,751",0.3,3,131.457238310011,"251,500,747,753",0.307439695737004,0.295398645200263,4,145.189112575305,"251,500,753",3,128.96482980269,0.294985606878031,"251,500,753",3,108.34285617309,0.24741632740466,4,"251,500,753",3,0.293223756226286,0.294985606878031,131.81888,1.003,0.003,0.003,0.003
"251,501,751",0.3,3,84.6588093689364,"251,501,754",0.347284926927001,0.336780029685105,3,124.248356663682,"251,501,754",3,115.454557388387,0.336780029685105,"251,501,750",3,250.750297290982,0.522923792775611,2,"251,501,754",3,0.329941578317403,0.336780029685105,114.1295,0.003,0.003,0.001,0.003
"251,501,751",0.3,3,80.3923222992144,"245,500,749",0.296143275471175,0.284092429576247,3,97.0118024353859,"245,501,749",3,84.8748599097522,0.281457913828587,"245,500,749",3,52.5210876690238,0.213664287074787,2,"245,500,749",3,0.279776291231303,0.284092429576247,88.24048,0.009,0.008,0.009,0.009
"251,501,751",0.3,3,98.3463307989806,"251,500,751",0.315968687782286,0.300983316000685,3,123.526612376598,"251,503,753",3,107.199000623875,0.293575891694818,"251,503,751",3,107.434942010571,0.295220816872817,2,"251,500,751",3,0.293489577298608,0.300983316000685,111.83403,0.001,0.004,0.002,0.001
"251,501,751",0.3,3,105.96772358436,"124,250,364,500,506,546,739,750",0.275402349172253,0.275316877980283,8,125.488102981185,"250,506,750",3,103.940520648397,0.29493767381581,"250,506,750",3,111.89988013718,0.309904279754116,8,"250,500,750",3,0.29398256758027,0.29576612125703,107.19486,5.003,0.007,0.007,0.003
"251,501,751",0.3,3,110.197554365043,"251,501,750,751",0.336246499444919,0.314722518442218,4,142.594611674773,"251,501,751",3,122.226064747701,0.314558613989058,"251,501,750",3,114.915497149838,0.301286159887092,3,"251,501,750",3,0.312405228825859,0.314538142984937,125.4905,1,0,0.001,0.001
"251,501,751",0.3,3,84.9305476689261,"250,501,751,783",0.337288745485748,0.329607502644527,4,82.9819994958975,"251,501,751",3,71.599217182781,0.33478196013084,"251,501,751",3,26.8314250739224,0.232821715248252,3,"250,501,751",3,0.331807047911054,0.335811331043538,74.11558,1.001,0,0,0.001
"251,501,751",0.3,3,129.760075644686,"251,494,501,751",0.260702842715074,0.258266934899028,4,110.794731866777,"251,494,751",3,101.163093841387,0.2591365455589,"251,494,751",3,71.3589061428161,0.165638907043555,3,"251,494,751",3,0.256546663317693,0.2591365455589,103.23276,1,0.007,0.007,0.007
"251,501,751",0.3,3,114.44941730254,"249,501,744,757",0.264340240466683,0.258320103929397,4,99.4800173422792,"250,501,757",3,90.1672084581176,0.25978861060706,"250,486,501,757",4,57.0837606445265,0.00644173280548532,3,"249,501,757",3,0.260358504437523,0.26249796134446,92.33849,1.008,0.007,1.007,0.008
"251,501,751",0.3,3,97.5135264787477,"240,251,503,750",0.252626195958881,0.249407755745367,4,96.3849346681997,"251,503,751",3,82.6566326283606,0.247998699528676,"251,503,750",3,103.108652201688,0.288778293489514,3,"251,503,750",3,0.248348724780085,0.251449523994592,88.39968,1.003,0.002,0.003,0.003
"251,501,751",0.3,3,90.3732831731519,"239,253,326,494,502,750,764,774,862",0.238070280504213,0.233874133637836,9,92.5397430176384,"250,501,750",3,68.560171279901,0.257069659944194,"250,501,750",3,60.9601444145755,0.240548062763555,8,"239,253,502,750,764",5,0.243775115192547,0.24819945469313,72.36589,6.004,0.002,0.002,2.004
"251,501,751",0.3,3,120.906702240018,"251,501,751,896",0.339204154364959,0.322190671996293,4,121.498418166157,"251,501,751",3,107.749767325636,0.329992708310293,"251,501,751",3,149.289637353709,0.401765993746061,4,"251,501,751",3,0.32497908186226,0.329992708310293,109.15294,1,0,0,0
"251,501,751",0.3,3,42.4523842119015,"251,501,751",0.318245714323154,0.308463943589181,3,67.0953232417145,"251,501,751",3,59.0608070618123,0.308463943589181,"251,501,751",3,179.747626239845,0.471050041794003,2,"251,501,751",3,0.30655068413719,0.308463943589181,60.08088,0,0,0,0
"251,501,751",0.3,3,138.538715958798,"249,257,500,751",0.279905342228476,0.276324303335423,4,137.835320013896,"251,501,751",3,126.346277057437,0.278248736527957,"251,500,751",3,94.1978916409553,0.190367608994153,3,"249,500,751",3,0.274910337152087,0.278990370316169,130.40955,1.003,0,0.001,0.003
"251,501,751",0.3,3,96.0552509439716,"251,499,504,507,751",0.228024737322174,0.220209392554914,5,74.1894466609098,"251,504,751",3,53.5894261907834,0.221269851913353,"251,504,751",3,34.3469424269475,0.165925551587447,8,"251,507,751",3,0.219809902502351,0.224527559759484,58.9478,2.002,0.003,0.003,0.006
"251,501,751",0.3,3,112.388473087014,"251,497,500,736,751",0.289000507142785,0.293617817339588,5,115.589664542949,"251,500,751",3,104.526377732273,0.298576412445513,"251,500,751",3,104.220632328655,0.297971156474574,5,"251,500,751",3,0.293759617398088,0.298576412445513,105.68088,2.001,0.001,0.001,0.001
"251,501,751",0.3,3,104.953533136098,"247,346,501,751",0.237132226820558,0.206473187881899,4,39.8254687365211,"247,501,751",3,25.7584067313858,0.221333041692036,"247,501,751",3,-1.82629578747602,0.0998210195437133,2,"247,346,501,751",4,0.199321659966444,0.206473187881899,25.14405,1.004,0.004,0.004,1.004
"251,501,751",0.3,3,138.366637846049,"249,500,574,751",0.292606684559908,0.279264080930076,4,111.425012401921,"251,500,751",3,101.937864023299,0.287964116637764,"251,500,751",3,77.9828762916604,0.223008269600947,2,"249,500,574,751",4,0.276882428906421,0.279264080930076,104.72974,1.003,0.001,0.001,1.003
"251,501,751",0.3,3,120.72157400392,"251,499,583,748",0.325575492311076,0.326773942890802,4,133.298221954387,"251,500,748",3,126.671190300894,0.328579461139503,"251,499,748",3,195.662068428758,0.440701706674481,3,"251,499,748",3,0.327292375746358,0.33186247709224,128.87995,1.005,0.004,0.005,0.005
"251,501,751",0.3,3,70.612181113489,"164,251,501,738,751,760",0.276919449293624,0.272697288644557,6,83.3556572795139,"251,501,751",3,67.5556168209181,0.286641094643173,"251,501,751",3,70.9935632862016,0.292828272735305,6,"251,501,751",3,0.277507095262659,0.286641094643173,67.00896,3,0,0,0
"251,501,751",0.3,3,125.003681033621,"241,251,501,750",0.25745885149837,0.252420558966752,4,122.735405738989,"251,501,751",3,109.188633159003,0.252110396175109,"251,501,751",3,105.765677403286,0.244368885915895,3,"251,501,750",3,0.252923809478225,0.255403399644996,114.64905,1.001,0,0,0.001
"251,501,751",0.3,3,112.667076209332,"250,497,500,507,748",0.306563142376464,0.299782102989738,5,154.366296946786,"250,501,748",3,135.573510898378,0.300439855213671,"250,500,748",3,298.810279099251,0.529406345084819,3,"250,500,748",3,0.302601674955067,0.303484612996517,141.60055,2.005,0.004,0.005,0.005
"251,501,751",0.3,3,116.26302417966,"251,259,357,501,751,774",0.264490891762034,0.262911687518633,6,133.10170564589,"259,501,751",3,121.488317892113,0.279123602452346,"251,501,751",3,327.201886852306,0.565976165552571,5,"259,501,751",3,0.270785439857968,0.279123602452346,119.78135,3,0.008,0,0.008
"251,501,751",0.3,3,152.826026736081,"234,252,501,746,756,860",0.279209459280478,0.281115843760566,6,164.39757073777,"252,501,756",3,155.53801120231,0.29844855348309,"252,501,756",3,136.563462756552,0.25457709433233,4,"234,252,501,746,756",5,0.281505130113744,0.286815208626965,160.04159,3.006,0.006,0.006,2.006
"251,501,751",0.3,3,91.8650056285194,"249,252,500,749,750",0.266232947149985,0.242396198527674,5,105.295387528343,"252,500,750",3,79.1150096238895,0.241815893018328,"252,500,750",3,50.2150983248725,0.164202824605625,5,"252,500,749",3,0.245228476582572,0.24401811390983,82.93625,2.003,0.003,0.003,0.004
"251,501,751",0.3,3,83.254479949227,"251,301,501,751",0.293243461500833,0.287729834137001,4,100.167079904198,"251,501,751",3,90.8587307688198,0.291162272904586,"251,501,751",3,87.0989852939281,0.284120076483981,3,"251,501,751",3,0.285412475654809,0.291162272904586,89.95613,1,0,0,0
"251,501,751",0.3,3,85.3288935026275,"251,500,512,747,751",0.329588128889448,0.323894511820321,5,121.918621270045,"251,500,747",3,105.548803831476,0.327363271961337,"251,500,747",3,192.043340091827,0.453133407315003,5,"251,500,747",3,0.324392811524835,0.327363271961337,105.86134,2.001,0.005,0.005,0.005
"251,501,751",0.3,3,106.732616962729,"249,253,501,751",0.302117110241013,0.2923280175086,4,126.678712007045,"253,502,751",3,108.168454905553,0.287101955159106,"253,501,751",3,103.565063122521,0.281182622864816,4,"253,501,751",3,0.289689317669608,0.29288203617823,113.98352,1.002,0.003,0.002,0.002
"251,501,751",0.3,3,98.3759198427767,"251,501,742,751",0.324892443505364,0.321942741960823,4,163.107063553983,"251,501,751",3,153.511832036606,0.326949413899145,"251,501,751",3,149.184600376997,0.319793074900349,3,"251,501,751",3,0.314805146023354,0.326949413899145,151.57573,1,0,0,0
"251,501,751",0.3,3,73.5354739243528,"249,500,751",0.29751939750875,0.281499539112849,3,95.0295901324348,"249,500,751",3,83.4904808442568,0.281499539112849,"249,500,751",3,45.6391421379328,0.196889291602324,2,"249,500,751",3,0.281387905102165,0.281499539112849,86.01407,0.003,0.003,0.003,0.003
"251,501,751",0.3,3,133.266944484105,"228,252,497,501,751,758",0.323118515187292,0.296100379147083,6,157.566138688118,"245,501,751",3,132.661602802172,0.309275103321052,"241,500,751",3,184.078831251231,0.400307768640409,4,"228,252,501,751",4,0.293548016395222,0.298573167088379,129.41237,3.001,0.006,0.011,1.001
"251,501,751",0.3,3,102.756228351476,"251,302,501,751",0.275039357058922,0.276880991751246,4,103.63536059555,"251,501,751",3,105.141723347111,0.292484431124602,"251,501,751",3,71.2889323809474,0.212797248983969,2,"251,302,501,751",4,0.269046709765181,0.276880991751246,100.78261,1,0,0,1
"251,501,751",0.3,3,84.5636615192598,"254,262,500,502,750",0.314377874970022,0.300794779154034,5,95.4598490531983,"262,500,750",3,74.8570323518659,0.304947758558682,"262,500,750",3,95.5821981138908,0.340727519116567,5,"262,500,750",3,0.301913369084998,0.304947758558682,75.27074,2.005,0.013,0.013,0.013
"251,501,751",0.3,3,110.830448140618,"252,502,751",0.287813873312976,0.273055486697391,3,85.270277165439,"252,502,751",3,73.653310906982,0.273055486697391,"252,502,751",3,55.4468005630632,0.229053615776197,2,"252,502,751",3,0.266057787718001,0.273055486697391,75.36797,0.002,0.002,0.002,0.002
"251,501,751",0.3,3,135.264009603707,"246,500,510,751",0.338187653671709,0.332635394916307,4,138.735637770587,"246,501,751",3,130.594857708092,0.336278835884983,"246,500,751",3,141.270987431768,0.358151275333957,7,"246,500,751",3,0.332347703188767,0.336174392850225,130.14604,1.006,0.005,0.006,0.006
"251,501,751",0.3,3,47.4098785446707,"248,252,496,751",0.286780930656381,0.270220687336307,4,84.365243363954,"252,497,751",3,62.8922253809059,0.268819566614378,"248,496,751",3,237.055019951881,0.497560425495979,5,"248,496,751",3,0.267502171815842,0.273669389803542,68.91358,1.006,0.005,0.008,0.008
"251,501,751",0.3,3,67.3044517416973,"251,495,501,751",0.274990415530715,0.274309697336462,4,50.159430076279,"251,495,752",3,36.4740818848715,0.269900893100404,"251,495,751",3,27.9773993707607,0.254924584454447,10,"251,495,751",3,0.27154162481244,0.274768019657395,41.94322,1,0.007,0.006,0.006
"251,501,751",0.3,3,100.597853528895,"53,251,501,748",0.264061471716202,0.258493374540054,4,115.086197622663,"251,501,748",3,110.442049804296,0.269141051927827,"251,501,748",3,134.286831516028,0.311411185544241,2,"53,251,501,748",4,0.249048733163454,0.258493374540054,107.818,1.003,0.003,0.003,1.003
"251,501,751",0.3,3,82.7501609349379,"251,282,496,501,751,952",0.285078167667194,0.275890296213242,6,86.6799144537787,"251,497,751",3,73.6062896932534,0.295340823420443,"251,497,751",3,96.7333680729691,0.335526198537893,4,"251,496,751,952",4,0.281760512150163,0.284752194520627,73.55184,3,0.004,0.004,1.005
"251,501,751",0.3,3,101.818508991092,"216,252,501,747",0.247264479418098,0.231708015377282,4,95.7887492769127,"252,501,748",3,83.1174221434605,0.235999111677451,"251,501,747",3,150.16633190172,0.353343681648139,4,"252,501,747",3,0.237647762004822,0.238081460700448,86.82809,1.005,0.004,0.004,0.005
"251,501,751",0.3,3,111.182271447116,"246,256,501,746,764",0.26032638768009,0.251374454500341,5,117.705323668568,"250,501,751",3,99.5890682382729,0.255681785442969,"250,501,746",3,100.752701838672,0.260193826098035,4,"246,501,746",3,0.259959610434839,0.260969656875113,107.24472,2.01,0.001,0.006,0.01
"251,501,751",0.3,3,112.704868141385,"250,501,751",0.275454207573543,0.272209753104552,3,106.72124836656,"250,501,751",3,99.9322538252548,0.272209753104552,"250,501,751",3,214.316924956456,0.448051815184045,2,"250,501,751",3,0.267215847321334,0.272209753104552,102.82649,0.001,0.001,0.001,0.001
"251,501,751",0.3,3,93.1064259296163,"240,251,501,739,751,760",0.325207168057163,0.314697213628384,6,150.661038818005,"252,501,751",3,124.174061362167,0.318631000673432,"251,501,751",3,159.655965240703,0.377467845947917,5,"251,501,739,751",4,0.31281479875686,0.318543371969969,131.21613,3,0.001,0,1
"251,501,751",0.3,3,60.4160494869156,"251,499,750",0.222051694179283,0.208603443917445,3,31.9369431401727,"251,499,750",3,23.1964280941478,0.208603443917445,"251,499,750",3,22.9028087829042,0.207948131108963,2,"251,499,750",3,0.207970046005765,0.208603443917445,25.65495,0.003,0.003,0.003,0.003
"251,501,751",0.3,3,107.896239679908,"249,282,407,501,750",0.271282342536126,0.271201705118415,5,109.593641233692,"251,501,751",3,103.371026120833,0.285141392062085,"249,501,750",3,107.788528634224,0.295959618203623,7,"249,501,750",3,0.283080734572312,0.287575840503389,106.33771,2.003,0,0.003,0.003
"251,501,751",0.3,3,125.093656736746,"251,494,501,750,779",0.336798113597643,0.328573343310822,5,142.315427342775,"252,501,751",3,126.242211688337,0.33092344791867,"251,500,751",3,112.52828655476,0.306448243045545,3,"251,494,501,750",4,0.327745024586796,0.331223213210942,131.55017,2.001,0.001,0.001,1.001
"251,501,751",0.3,3,107.873247680021,"255,501,607,757",0.273030945502275,0.24055305981671,4,80.1664406234286,"255,502,757",3,63.1267786853135,0.250505131764678,"255,501,757",3,55.4413139243214,0.234166164616162,2,"255,501,607,757",4,0.239537046033975,0.24055305981671,64.78078,1.01,0.011,0.01,1.01
"251,501,751",0.3,3,82.2284761132293,"221,246,261,500,749,922",0.297083873751689,0.290934976518269,6,100.487586162456,"251,500,750",3,86.0958453851108,0.302293990895173,"251,500,749",3,165.622714464542,0.425204044595384,10,"246,261,500,749",4,0.296631574685407,0.302158755717619,89.52584,3.008,0.002,0.003,1.008
"251,501,751",0.3,3,152.99365606322,"148,251,474,500,751",0.296925949750079,0.290526521692661,5,155.536041933835,"251,500,751",3,146.184170220329,0.305465712525144,"251,500,751",3,141.1972422932,0.294629870931489,4,"251,500,751",3,0.298971942213955,0.305465712525144,146.78538,2.001,0.001,0.001,0.001
"251,501,751",0.3,3,123.710455660739,"251,501,748,751",0.322423511898676,0.31617601997725,4,138.262916978725,"251,501,751",3,125.785578346482,0.31500339737034,"251,501,748",3,196.74049748534,0.433702833749899,3,"251,501,748",3,0.318798589844145,0.322579474567153,131.28329,1,0,0.003,0.003
"251,501,751",0.3,3,113.846242252642,"253,474,497,503,749,760",0.260155458697125,0.24596636890721,6,122.256339087142,"253,497,749",3,100.943483576865,0.255958277398873,"253,497,749",3,99.791943493103,0.253455559897128,3,"253,503,749",3,0.257034279628683,0.258724095247294,104.17958,3.006,0.008,0.008,0.006
"251,501,751",0.3,3,120.27554718498,"251,501,751",0.254196866599373,0.241155262577229,3,66.4441864761429,"251,501,751",3,58.4751599173742,0.241155262577229,"251,501,751",3,180.844053388252,0.446860153137733,2,"251,501,751",3,0.239495020474365,0.241155262577229,60.56069,0,0,0,0
"251,501,751",0.3,3,67.5309598018223,"206,251,501,751,765",0.248792535441013,0.252600044644115,5,69.2932278554758,"251,501,752",3,57.1287411944732,0.259809831228315,"251,501,751",3,168.960965032939,0.426479892211755,3,"251,501,751,765",4,0.246866028394686,0.256810254446653,62.75235,2,0.001,0,1
"251,501,751",0.3,3,80.077494036685,"251,501,751",0.29819506575847,0.286414967252374,3,82.6685573164734,"251,501,751",3,71.0672067820176,0.286414967252374,"251,501,751",3,90.8317213685117,0.321521346521707,2,"251,501,751",3,0.281414994470395,0.286414967252374,74.06924,0,0,0,0
"251,501,751",0.3,3,94.823380771177,"251,498,751",0.253134663005309,0.245763812940085,3,58.7941843627005,"251,498,751",3,54.3328046037265,0.245763812940085,"251,498,751",3,17.7040201648565,0.119726655532807,2,"251,498,751",3,0.238473351506021,0.245763812940085,52.25928,0.003,0.003,0.003,0.003
"251,501,751",0.3,3,83.6731374060623,"246,251,444,501,698,751",0.324438030402501,0.317219184185379,6,122.300008699389,"251,501,751",3,103.83447179708,0.330416350048688,"251,501,751",3,92.0376780496234,0.309394747487829,3,"251,501,751",3,0.324182810465168,0.330416350048688,104.67392,3,0,0,0
"251,501,751",0.3,3,93.385170646835,"250,501,756",0.28935586130541,0.280889073686308,3,72.8782060232733,"251,501,756",3,59.003367134031,0.277596453163207,"251,501,756",3,80.9792211565758,0.319031731449602,5,"250,251,501,756",4,0.274330898235231,0.277723124772177,66.84501,0.006,0.005,0.005,1.005
"251,501,751",0.3,3,113.838796954477,"251,467,497,738,751",0.317252356652615,0.312645418968316,5,136.292366690893,"251,497,751",3,126.162185675168,0.323029492526406,"251,497,751",3,125.740737047849,0.32224199642987,7,"251,497,751",3,0.318907137194235,0.323029492526406,126.25064,2.004,0.004,0.004,0.004
"251,501,751",0.3,3,103.48743121904,"249,501,751,782",0.348685697837649,0.327802675186943,4,135.341619016331,"249,501,752",3,120.664087999391,0.337035945844918,"249,501,752",3,70.0986816886664,0.219869437485905,2,"249,501,751,782",4,0.323603711957165,0.327802675186943,121.44149,1.002,0.003,0.003,1.002
"251,501,751",0.3,3,119.182199894498,"245,490,501,751",0.294289336999306,0.284431980496545,4,128.749258158964,"245,494,751",3,118.096765731311,0.289155737411787,"245,490,751",3,112.451449077045,0.278320358268164,3,"245,490,751",3,0.284923922810435,0.289344642128358,118.53354,1.006,0.013,0.017,0.017
"251,501,751",0.3,3,120.653483990114,"251,501,750",0.301971290541783,0.285286134110727,3,108.811741626375,"251,497,750",3,96.1074939729818,0.283506479822497,"251,497,750",3,134.455714737879,0.354710019200877,2,"251,501,750",3,0.279479378431299,0.285286134110727,98.3154,0.001,0.005,0.005,0.001
"251,501,751",0.3,3,119.440785356606,"212,250,473,501,751",0.311789131730644,0.289658655969139,5,109.282549942627,"250,501,752",3,93.0228322621905,0.301971081250646,"250,501,751",3,127.227896991405,0.366700352608177,3,"250,473,501,751",4,0.292102525711055,0.293266611689714,94.00552,2.001,0.002,0.001,1.001
"251,501,751",0.3,3,110.034421030107,"249,495,501,749",0.33070375597039,0.323852810244129,4,143.281194599401,"249,501,749",3,132.029100733753,0.326142439038218,"249,500,749",3,131.270171798057,0.325192789804196,4,"249,501,749",3,0.321984768102782,0.326142439038218,131.9976,1.004,0.004,0.005,0.004
"251,501,751",0.3,3,76.1648806965784,"252,497,501,751",0.290627201916067,0.295093802063209,4,80.6863646181727,"252,501,751",3,73.3168997052082,0.295442098282715,"252,501,751",3,47.0875708790992,0.241074436706195,3,"252,501,751",3,0.291247276669673,0.295442098282715,74.58786,1.001,0.001,0.001,0.001
"251,501,751",0.3,3,86.3720400585058,"251,501,751",0.237778968475994,0.244541689796964,3,86.1213153204211,"253,501,751",3,78.7728406344986,0.240218903312362,"251,501,751",3,92.7689440176213,0.269382795980757,2,"251,501,751",3,0.234263708563629,0.244541689796964,84.57996,0,0.002,0,0
"251,501,751",0.3,3,132.429498094925,"201,249,500,750,760",0.288913176399791,0.284986872418407,5,127.976005654618,"249,500,750",3,114.664494416621,0.292768262014844,"249,500,750",3,70.7656149173197,0.0735716138572509,3,"249,500,750",3,0.291066350740099,0.292768262014844,117.25612,2.004,0.004,0.004,0.004
"251,501,751",0.3,3,132.299741895003,"251,501,751",0.282701381908498,0.282022719265788,3,107.998691934248,"251,501,751",3,105.983310662762,0.282022719265788,"251,501,751",3,120.462568639625,0.311309331554402,2,"251,501,751",3,0.273904855384123,0.282022719265788,104.09214,0,0,0,0
"251,501,751",0.3,3,121.405030345753,"249,501,748,751",0.300294249638274,0.300921723390296,4,120.730767804022,"249,501,751",3,112.96135111652,0.301857150426205,"249,501,751",3,62.6162669237859,0.0979507166360234,3,"249,501,751",3,0.294506655534904,0.301857150426205,111.2013,1.002,0.002,0.002,0.002
"251,501,751",0.3,3,142.735854051887,"146,240,271,425,489,502,752,837,891,956",0.411979093070584,0.336310596265457,10,245.953890347503,"251,504,751",3,169.304830239205,0.35766437273135,"250,503,751",3,105.284681361959,0.163764696889214,8,"240,502,752",3,0.373085081849342,0.365095518675181,180.19813,7.013,0.003,0.003,0.013
"251,501,751",0.3,3,68.1900338145077,"251,501,751",0.374905348483466,0.375529731732555,3,148.971808180114,"251,501,751",3,147.551143303419,0.375529731732555,"251,501,751",3,201.446838666642,0.448385186929004,2,"251,501,751",3,0.365917879069366,0.375529731732555,143.06452,0,0,0,0
"251,501,751",0.3,3,120.003670713496,"248,501,741,751",0.303443104443329,0.295399184124976,4,125.022085766091,"248,501,748",3,109.220580071255,0.292790983145225,"248,500,745",3,278.59272943816,0.543581169288918,3,"248,501,751",3,0.291015422470788,0.295874700035032,112.75817,1.003,0.006,0.01,0.003
"251,501,751",0.3,3,102.198599648172,"250,498,753",0.344471817862402,0.321821441498684,3,136.830155451286,"251,498,753",3,117.210665453535,0.318379825409046,"250,498,753",3,208.728529266893,0.457138231013439,2,"250,498,753",3,0.319681365853789,0.321821441498684,123.06965,0.006,0.005,0.006,0.006
"251,501,751",0.3,3,122.117123926799,"250,501,751",0.278585974014065,0.274350860457437,3,123.704421683934,"251,501,751",3,118.866341343983,0.277045393372243,"250,501,751",3,129.746564293111,0.299461566187339,2,"250,501,751",3,0.271618241483683,0.274350860457437,120.51169,0.001,0,0.001,0.001
"251,501,751",0.3,3,87.8418328062041,"118,246,501,751",0.279805952610366,0.262851468820523,4,91.679382540659,"250,501,751",3,81.9372888819769,0.275225281629943,"246,501,751",3,86.589258348777,0.284396255927847,2,"118,246,501,751",4,0.255884247704911,0.262851468820523,79.74324,1.005,0.001,0.005,1.005
"251,501,751",0.3,3,72.1779866558869,"249,479,501,528,560,750",0.304358327397482,0.280696600096555,6,96.8813214499117,"251,501,751",3,69.7023858749503,0.292126829844352,"251,501,750",3,18.8563291955978,0.162896089543187,8,"249,501,528,750",4,0.281294265333325,0.284990645777974,72.34762,3.003,0,0.001,1.003
"251,501,751",0.3,3,70.0066293082378,"252,501,749",0.342834285477127,0.332504054292522,3,136.598069703118,"252,501,751",3,129.425783289686,0.336008630762695,"252,501,749",3,254.584171140918,0.500923421719404,2,"252,501,749",3,0.326322438094439,0.332504054292522,126.55881,0.003,0.001,0.003,0.003
"251,501,751",0.3,3,106.823649954587,"252,501,751",0.239024004943765,0.222018002717134,3,85.0921774304634,"252,501,751",3,75.0668987044403,0.222018002717134,"252,500,751",3,92.4051438147035,0.259406620087817,2,"252,501,751",3,0.219080440688623,0.222018002717134,76.55295,0.001,0.001,0.002,0.001
"251,501,751",0.3,3,109.679307810866,"251,501,746",0.294052680817094,0.293280614425975,3,118.73741008969,"251,501,746",3,115.376746969327,0.293280614425975,"251,501,746",3,190.211896832946,0.411513850969074,2,"251,501,746",3,0.287283612689834,0.293280614425975,115.32208,0.005,0.005,0.005,0.005
"251,501,751",0.3,3,85.1533522352265,"251,501,510,751,769",0.273424867968264,0.250078358002657,5,98.3218143889493,"251,510,751",3,79.6903569259999,0.260404839614947,"251,501,751",3,98.642400325367,0.296135058743397,5,"251,501,510,751",4,0.249627187583411,0.256178139679976,81.36337,2,0.009,0,1
"251,501,751",0.3,3,79.4401935856362,"250,251,501,753",0.27838974965982,0.277599903623206,4,99.867668206487,"251,501,753",3,89.6318625816212,0.277504351553636,"251,501,753",3,59.2930875750604,0.211822827293038,3,"251,501,753",3,0.272856697404311,0.277504351553636,90.5575,1.002,0.002,0.002,0.002
"251,501,751",0.3,3,93.6026024596151,"251,500,750,789",0.310240987516885,0.289617025585469,4,73.2004710274007,"251,500,751",3,59.3335476467286,0.299166345830558,"251,500,750",3,137.607557120611,0.427776657672443,2,"251,500,750,789",4,0.287457047505179,0.289617025585469,61.9515,1.002,0.001,0.002,1.002
"251,501,751",0.3,3,107.734462280124,"251,503,749",0.278309149839574,0.261217242003916,3,106.06121946405,"251,503,750",3,92.7790562949287,0.259364801693902,"251,503,749",3,126.400157481532,0.32343710768062,2,"251,503,749",3,0.260231193100522,0.261217242003916,97.47122,0.004,0.003,0.004,0.004
"251,501,751",0.3,3,99.0048576209998,"250,500,506,751",0.277322687620897,0.267268355222292,4,91.3320644895731,"250,501,752",3,78.7624905960252,0.266163534016602,"250,506,751",3,110.017240623916,0.324626955184623,10,"250,506,751",3,0.27274005379834,0.27189290061014,84.07585,1.002,0.002,0.006,0.006
"251,501,751",0.3,3,101.992416014663,"209,251,501,519,747,807",0.259141635811083,0.259733119072104,6,90.9581931058535,"251,501,747",3,76.9719512845776,0.274205662210257,"251,501,747",3,55.3683359726374,0.223105565235983,3,"251,501,747",3,0.267784796074474,0.274205662210257,79.10772,3.004,0.004,0.004,0.004
"251,501,751",0.3,3,126.409764979046,"248,501,751",0.328112469237671,0.322481627205836,3,151.064787149914,"250,501,751",3,141.799857329879,0.31968287801349,"250,501,751",3,108.429161505774,0.245293540133985,2,"248,501,751",3,0.313275284534821,0.322481627205836,143.54372,0.003,0.001,0.001,0.003
"251,501,751",0.3,3,108.200783410151,"240,251,498,740",0.317664394050061,0.304656204848779,4,120.081454243541,"251,499,740",3,106.056068108424,0.307572135849704,"251,499,740",3,89.0878590727726,0.273714228752783,3,"251,498,740",3,0.304138130655049,0.306412618129091,106.23011,1.014,0.013,0.013,0.014
"251,501,751",0.3,3,110.376690470997,"249,264,501,749",0.247243135544563,0.242256637063888,4,105.881057505728,"249,501,751",3,90.693735653616,0.244361664081675,"249,501,749",3,70.2002898029264,0.193496084582364,3,"249,501,749",3,0.244509582871447,0.247372084949693,99.62787,1.004,0.002,0.004,0.004
"251,501,751",0.3,3,101.405988590912,"152,251,501,748,751",0.307518216357191,0.30516406668546,5,125.047627249505,"251,501,751",3,110.994669131276,0.313143215252562,"251,501,751",3,214.253897668637,0.467667860229724,3,"251,501,751",3,0.304538699618922,0.313143215252562,111.85733,2,0,0,0
"251,501,751",0.3,3,114.769947841064,"251,501,684,753",0.304955230440477,0.309525614829697,4,146.767483925496,"251,501,753",3,143.055702360506,0.314177557098366,"251,501,753",3,178.062146946509,0.372041635631242,3,"251,501,753",3,0.306410496717415,0.314177557098366,142.00011,1.002,0.002,0.002,0.002
"251,501,751",0.3,3,88.3395284014501,"251,256,501,702,751",0.283653551212436,0.272583300314796,5,104.520580198466,"251,501,751",3,85.117810438715,0.277657201891364,"251,501,750",3,172.916798129546,0.415551829216796,3,"251,501,751",3,0.271848870263072,0.277657201891364,86.12782,2,0,0.001,0
"251,501,751",0.3,3,105.409334177721,"152,250,501,750",0.310600569421085,0.306170294374243,4,119.939748130932,"251,501,750",3,109.836312075172,0.312565566405407,"250,501,750",3,199.353696930817,0.451446888462715,3,"250,501,750",3,0.309959837680613,0.312526457015655,114.61092,1.002,0.001,0.002,0.002
"251,501,751",0.3,3,93.7257359872714,"251,501,751,917",0.303621625414297,0.294246628305007,4,79.4231080354861,"251,501,751",3,76.3337374852357,0.307139775986937,"251,501,751",3,77.6557846143074,0.309687162526477,2,"251,501,751,917",4,0.288221611946881,0.294246628305007,71.77067,1,0,0,1
"251,501,751",0.3,3,103.72677373456,"251,501,723,751",0.253858604916509,0.258335969654434,4,105.894688760809,"251,501,751",3,98.1422233734499,0.261447927486032,"251,501,751",3,156.36895537148,0.360332430907599,3,"251,501,751",3,0.254037197596335,0.261447927486032,100.2717,1,0,0,0
"251,501,751",0.3,3,143.937004941076,"251,501,517,730,750",0.248653481269389,0.231894465661398,5,113.954088747334,"251,502,740",3,100.872365929025,0.243862952623407,"251,501,740",3,118.029481126679,0.283594765113661,10,"251,501,750",3,0.245809984914775,0.243301896540015,103.08463,2.001,0.012,0.011,0.001
"251,501,751",0.3,3,106.361106039825,"249,501,621,751",0.308875461763021,0.295540951344606,4,127.028773347001,"249,501,751",3,116.4423600391,0.306266412246174,"249,501,751",3,125.318894815009,0.322456311575989,2,"249,501,621,751",4,0.290718605916252,0.295540951344606,117.70568,1.002,0.002,0.002,1.002
"251,501,751",0.3,3,82.8465795207963,"250,261,501,751",0.300066786301501,0.296352618259917,4,103.026061495535,"251,501,753",3,90.7485116090422,0.296067528246442,"250,501,751",3,139.531099717349,0.378184221004576,3,"250,501,751",3,0.295736422398552,0.299579268514191,94.67191,1.001,0.002,0.001,0.001
"251,501,751",0.3,3,97.7876917886275,"246,257,501,751,846",0.271596516893196,0.269966052232863,5,91.147202171509,"246,501,751",3,79.9466240739964,0.278762289657136,"246,501,751",3,121.099835926834,0.351270721403766,5,"246,501,751",3,0.276513982778031,0.278762289657136,82.68111,2.005,0.005,0.005,0.005
"251,501,751",0.3,3,125.739627885167,"240,251,501,751",0.312801978767046,0.313288060027075,4,142.325903255208,"248,501,751",3,136.009752007468,0.315966655567932,"246,501,751",3,162.117316022145,0.363092314664698,2,"240,251,501,751",4,0.303795127029928,0.313288060027075,137.83482,1,0.003,0.005,1
"251,501,751",0.3,3,76.3015758873937,"251,498,753",0.253474333632147,0.251662120066555,3,70.2935221151039,"251,498,753",3,62.0492090336295,0.251662120066555,"251,498,753",3,169.526576641815,0.412662045113153,2,"251,498,753",3,0.246396160882736,0.251662120066555,66.84778,0.005,0.005,0.005,0.005
"251,501,751",0.3,3,103.236329888572,"250,326,502,663,748,751",0.319815024741606,0.314494222484277,6,144.7975596163,"250,502,749",3,133.784023280197,0.33083659620759,"250,502,748",3,73.1377795357507,0.175783124304031,2,"250,326,502,663,748,751",6,0.306273899924248,0.314494222484277,137.28204,3.002,0.004,0.005,3.002
"251,501,751",0.3,3,147.719957682781,"246,249,445,506,751,968",0.272597352914031,0.263212305101245,6,143.025829557519,"249,506,751",3,128.475158993091,0.2803227071916,"249,506,751",3,104.156952238541,0.215602195480775,3,"249,445,506,751",4,0.267103218762547,0.269541406200561,129.07731,3.007,0.007,0.007,1.007
"251,501,751",0.3,3,122.663492597026,"251,499,751",0.319233938175343,0.310329076967465,3,152.025466246319,"251,500,751",3,145.836979160673,0.310270372548313,"251,499,751",3,139.139547097259,0.297971615462959,2,"251,499,751",3,0.308134674388255,0.310329076967465,146.28769,0.002,0.001,0.002,0.002
"251,501,751",0.3,3,103.878971531422,"251,501,751",0.306645988366307,0.297473583362991,3,108.000749782428,"251,501,751",3,100.453064738183,0.297473583362991,"251,501,751",3,99.0873998581327,0.294799575135617,2,"251,501,751",3,0.291011263513931,0.297473583362991,100.14474,0,0,0,0
"251,501,751",0.3,3,88.6785605130173,"252,501,736,751",0.318157837578673,0.29695448078358,4,107.760065632878,"252,502,751",3,84.7617359396116,0.297192752609484,"252,502,751",3,32.5565329259952,0.14313358219136,3,"252,501,751",3,0.299033902912911,0.301113297872174,91.14351,1.001,0.002,0.002,0.001
"251,501,751",0.3,3,122.713036814021,"251,498,749",0.339725025083499,0.321428236128285,3,122.989317133775,"251,501,749,798,821",5,103.953947887672,0.295370506044503,"251,484,498,749,911,915",6,51.5000438235291,0.107802959090896,2,"251,498,749",3,0.319712974869252,0.321428236128285,112.74381,0.005,2.002,3.005,0.005
"251,501,751",0.3,3,97.7969467515624,"251,443,492,501,726,751,757",0.303675323944978,0.300627057718208,7,122.3572043813,"251,501,757",3,102.893059319408,0.31472146943107,"251,501,751",3,301.52906830729,0.588614228454089,4,"251,501,757",3,0.311338765301019,0.31472146943107,102.8553,4,0.006,0,0.006
"251,501,751",0.3,3,125.331338214263,"251,501,750,756",0.271348593546411,0.274210172666425,4,96.1518693143831,"251,501,751",3,87.4097290791306,0.274954655667165,"251,501,750",3,93.9049202996105,0.289573318167895,3,"251,501,750",3,0.27256050761024,0.27494695623673,90.24766,1.001,0,0.001,0.001
"251,501,751",0.3,3,135.191755857193,"251,496,747",0.308013611367546,0.29829846651987,3,141.89732850602,"251,498,748",3,133.016482151726,0.295091905559974,"251,498,748",3,86.6809691168154,0.146027773979277,2,"251,496,747",3,0.294463700937225,0.29829846651987,135.4563,0.009,0.006,0.006,0.009
"251,501,751",0.3,3,83.0998481254308,"254,404,499,751,754",0.263766568410779,0.248448442861613,5,82.916895272299,"254,500,754",3,67.747710174909,0.259330702655856,"254,500,754",3,40.662981404975,0.195002162594488,4,"254,499,754",3,0.25956062819696,0.261113953433312,71.36694,2.005,0.007,0.007,0.008
"251,501,751",0.3,3,105.246681502015,"250,506,749",0.351362867798771,0.334949929586742,3,137.995441245021,"251,506,750",3,124.969750759066,0.334672531992476,"250,506,750",3,72.2656530073348,0.21182154253148,2,"250,506,749",3,0.33546764284968,0.334949929586742,129.11437,0.008,0.006,0.007,0.008
"251,501,751",0.3,3,81.4792719158035,"251,500,748",0.293492126245838,0.286924154511503,3,98.919249635309,"251,501,751",3,89.3313761818352,0.284274284212459,"251,500,748",3,128.115867914868,0.351246409046059,2,"251,500,748",3,0.284502308438441,0.286924154511503,94.36994,0.004,0,0.004,0.004
"251,501,751",0.3,3,130.208250350532,"251,502,738,751",0.343168782793059,0.334215043595805,4,150.416437883302,"251,399,426,502,751",5,132.987044112,0.311784949716963,"251,502,748",3,290.555782137755,0.558284702618275,3,"251,502,751",3,0.331020635420739,0.339402846407182,138.06595,1.001,2.001,0.004,0.001
"251,501,751",0.3,3,71.9907472923965,"156,219,251,501,540,592,751",0.318797680668086,0.297031583724815,7,134.855996740847,"251,502,751",3,117.828917255773,0.328336837819908,"251,501,751",3,94.6350607142915,0.288070226981837,2,"156,219,251,501,540,592,751",7,0.293676283056932,0.297031583724815,119.91234,4,0.001,0,4
"251,501,751",0.3,3,70.8520688495557,"250,251,501,751",0.336546742110947,0.330085257487547,4,131.09910424218,"251,501,751",3,119.663584064737,0.330348388883529,"251,501,751",3,200.853278156504,0.444023041812442,3,"251,501,751",3,0.32750047625429,0.330348388883529,119.74494,1,0,0,0
"251,501,751",0.3,3,77.3711309291636,"251,497,501,737,750",0.353832383562538,0.340523394763073,5,116.877349358761,"251,499,750",3,95.6592486790246,0.343043584451604,"251,499,750",3,44.8500825925995,0.23853106938428,3,"251,501,750",3,0.340366358130468,0.34571557549758,96.44732,2.001,0.003,0.003,0.001
"251,501,751",0.3,3,98.5943116974877,"250,256,501,751,772",0.292327421694185,0.29471262102725,5,101.669972225094,"256,501,772",3,96.6981255179818,0.308824409116187,"256,501,751",3,131.138748069761,0.368213881093868,3,"256,501,751,772",4,0.290471742216635,0.296917095325762,94.60023,2.001,0.026,0.005,1.005
"251,501,751",0.3,3,112.103549084869,"250,500,751",0.353380461597916,0.34478805275605,3,133.943072944298,"251,501,601,622,751",5,117.348478848866,0.318213950181103,"250,501,751",3,136.995118341765,0.364964198084948,2,"250,500,751",3,0.343210088473336,0.34478805275605,128.64244,0.002,2,0.001,0.002
"251,501,751",0.3,3,94.494927953091,"253,501,750",0.344062129984791,0.339160059670254,3,99.2923410354571,"253,501,751",3,93.8646800768243,0.338669623250899,"253,501,750",3,115.926628956412,0.377244647960305,2,"253,501,750",3,0.334608677135709,0.339160059670254,94.1854,0.003,0.002,0.003,0.003
"251,501,751",0.3,3,100.373160512914,"36,220,245,269,501,717,727,749,794,861",0.27566949553695,0.257294677848491,10,126.86119792276,"254,501,749",3,108.132895477112,0.306303818667105,"245,501,749",3,126.131102547065,0.338486450700484,10,"36,245,269,501,727,749",6,0.269566649926041,0.272654545531428,100.09197,7.008,0.005,0.008,3.008
"251,501,751",0.3,3,102.303658562453,"251,501,739,750",0.318108315244456,0.304764789232823,4,105.302840384437,"252,501,751",3,91.3051280946082,0.306398886232047,"252,501,750",3,65.1037456560053,0.249102338129481,3,"251,501,750",3,0.304059914067948,0.305640705566655,91.73429,1.001,0.001,0.002,0.001
"251,501,751",0.3,3,126.426828226513,"251,501,612,751",0.276058483673298,0.273492228613191,4,91.7371460297253,"251,501,751",3,85.8387051909668,0.281334646113983,"251,501,512,751",4,54.9488281023111,0.205466602059138,4,"251,501,751",3,0.272530236457143,0.281334646113983,85.99565,1,0,1,0
"251,501,751",0.3,3,102.526196868078,"251,260,494,501,751",0.32570521157987,0.314107416781062,5,111.575591023929,"252,494,751",3,90.6053232650909,0.315055790514728,"251,494,751",3,320.565096865274,0.631851950049536,3,"251,494,751",3,0.317463243247609,0.316856783156273,94.79339,2,0.008,0.007,0.007
"251,501,751",0.3,3,89.9887558283528,"243,257,400,501,746,758",0.229976271093041,0.224374071587631,6,65.9384342640638,"252,501,747",3,51.3162193245321,0.239357941346317,"247,501,746",3,84.8134238568447,0.305703920370203,8,"243,501,746",3,0.242319816340728,0.243646830090638,57.66061,3.011,0.005,0.009,0.013
"251,501,751",0.3,3,124.093541765151,"233,251,294,469,500,748,752,928,945",0.24984235515798,0.235082967144256,9,121.986548149833,"251,500,752",3,97.3375475291775,0.269039953825357,"251,500,752",3,91.9111040868088,0.256653704619435,9,"233,251,500,748,945",5,0.243671398084876,0.247229085748139,96.00536,6.002,0.002,0.002,2.004
"251,501,751",0.3,3,75.948133030236,"248,268,501,690,751,792",0.253703295673052,0.234585098417525,6,86.9729004617257,"251,501,749",3,64.706280573316,0.24645600871277,"248,501,749",3,117.583243141601,0.336306805659815,6,"248,501,690,751",4,0.238861378908691,0.244605843360971,69.01479,3.003,0.002,0.005,1.003
"251,501,751",0.3,3,108.093179753814,"115,251,275,491,501,749",0.30959797992249,0.286766890016539,6,112.782647779533,"251,495,750",3,86.3806756376964,0.295638443885341,"251,495,749",3,96.6744853221684,0.316535907127107,10,"251,491,749",3,0.305181456647217,0.304807054387333,95.2266,3.002,0.007,0.008,0.012
"251,501,751",0.3,3,96.2594359715519,"251,501,749",0.312234735991037,0.292296254043348,3,102.949048784077,"251,501,749",3,90.1352259166676,0.292296254043348,"251,501,748",3,212.425286016894,0.474075850234126,2,"251,501,749",3,0.283609986387517,0.292296254043348,88.10311,0.002,0.002,0.003,0.002
"251,501,751",0.3,3,88.2364920870977,"257,499,509,751",0.227124123266029,0.212504736674948,4,52.919487249748,"257,499,751",3,37.7747351371382,0.213631169676703,"257,499,751",3,39.3520928101491,0.217325721282171,3,"257,499,751",3,0.211107055843381,0.213631169676703,39.68331,1.008,0.008,0.008,0.008
"251,501,751",0.3,3,75.7813848792391,"248,493,502,751",0.332170763681681,0.323840678698448,4,95.4807714325869,"249,502,751",3,81.4481149125999,0.323147760729138,"248,500,751",3,155.548627381867,0.436678997997855,4,"248,502,751",3,0.321201320694577,0.3254789609162,83.3293,1.004,0.003,0.004,0.004
"251,501,751",0.3,3,131.361660556186,"250,500,681,748,756",0.301721767533009,0.296215627214784,5,161.971829629676,"250,501,750",3,147.027098809514,0.299721384790653,"250,501,750",3,102.880145993512,0.178255588209871,3,"250,500,748",3,0.305485850515573,0.304116311962304,152.95837,2.005,0.002,0.002,0.005
"251,501,751",0.3,3,115.641072374709,"250,501,750",0.280361805907753,0.271683190896146,3,84.5436546823365,"250,501,751",3,80.6004320432828,0.274640187826823,"250,501,750",3,82.71665103198,0.280219837795938,2,"250,501,750",3,0.265530563825618,0.271683190896146,77.97629,0.002,0.001,0.002,0.002
"251,501,751",0.3,3,90.6548557269136,"242,497,751",0.319259705000902,0.299707377013189,3,99.7878568735755,"242,497,751",3,85.5714970173523,0.299707377013189,"242,497,751",3,99.603719558252,0.324536797011186,2,"242,497,751",3,0.297169316589238,0.299707377013189,87.89309,0.013,0.013,0.013,0.013
"251,501,751",0.3,3,136.295793514808,"251,501,734,750",0.326208836336686,0.30802340343382,4,140.400219188875,"251,503,750",3,124.642150598313,0.310496177840646,"251,501,750",3,172.497077687617,0.398095204086385,3,"251,501,750",3,0.308736452035886,0.311076386462041,125.93891,1.001,0.003,0.001,0.001
"251,501,751",0.3,3,100.373423351824,"254,260,500,511,703,751",0.262208845275415,0.251321343906758,6,121.931896524425,"260,504,751",3,105.998979134142,0.265775026100828,"259,500,751",3,216.760700583264,0.433944432166188,6,"260,500,751",3,0.268743317202476,0.26835833596138,110.13466,3.004,0.012,0.009,0.01
"251,501,751",0.3,3,150.390231324091,"224,251,506,751",0.3290889507249,0.309393466146568,4,155.518665020089,"251,507,752",3,138.37914296605,0.310137829673581,"251,506,751",3,102.629924861353,0.21592950787463,5,"251,506,751",3,0.313067741489739,0.313882721490778,142.1994,1.005,0.007,0.005,0.005
"251,501,751",0.3,3,111.94988960869,"251,313,501,513,751",0.299420662080153,0.297886981754667,5,141.979403339494,"251,501,751",3,129.938273874456,0.306980512654658,"251,501,750",3,280.13744723435,0.520596706942914,3,"251,501,751",3,0.300567370177825,0.306980512654658,131.29423,2,0,0.001,0
"251,501,751",0.3,3,115.473032472942,"251,501,749,751",0.321561094694907,0.307227292511911,4,123.312944803634,"251,501,751",3,108.759703791914,0.307908082944385,"251,501,751",3,137.207680427193,0.358723275949975,3,"251,501,751",3,0.300424314573104,0.307908082944385,105.54735,1,0,0,0
"251,501,751",0.3,3,84.2753808997759,"245,251,501,751",0.288735958356601,0.283792501133614,4,93.1208121975497,"245,501,751",3,81.2717677516094,0.284707805035874,"245,501,750",3,202.914459672678,0.46349214825277,3,"245,501,751",3,0.277105647359235,0.284707805035874,80.53426,1,0.006,0.007,0.006
"251,501,751",0.3,3,96.1774751664066,"251,501,746",0.337141137288997,0.317021981961144,3,134.008979118553,"251,502,748",3,120.99100616106,0.31928619870809,"251,501,747",3,129.319955849859,0.335375296332986,2,"251,501,746",3,0.315896639669517,0.317021981961144,122.18784,0.005,0.004,0.004,0.005
"251,501,751",0.3,3,142.194114332769,"141,223,247,251,287,501,515,751",0.287193324670314,0.287015575182554,8,155.932622437517,"251,501,751",3,136.669549414682,0.311311273370644,"178,191,251,501,751",5,86.835786937632,0.148561269767698,3,"251,501,751",3,0.305984441228496,0.311311273370644,136.89904,5,0,2,0
"251,501,751",0.3,3,82.4533273610632,"75,251,490,501,510,746,764",0.247939203047971,0.231143992631815,7,89.9093977639424,"251,339,501,751",4,57.1159110795814,0.229891138138555,"251,490,751",3,35.2999275516844,0.173503352625027,6,"251,490,501,746",4,0.246714966505222,0.249825440395277,75.44007,4.005,1,0.011,1.005
"251,501,751",0.3,3,121.207425579142,"251,494,498,688,751",0.260029688287401,0.238738545069257,5,123.36155265913,"252,498,751",3,105.826874924623,0.252419546686144,"251,498,751",3,79.2650081529924,0.179508620646925,3,"251,498,688,751",4,0.236311548904683,0.237330142544811,106.13584,2.003,0.004,0.003,1.003
"251,501,751",0.3,3,88.3035993102771,"251,501,544,751",0.336270067803832,0.329864617423659,4,116.141395100164,"251,501,751",3,108.019471973598,0.336250316122429,"251,501,751",3,66.0176388295441,0.249329740378747,4,"251,501,751",3,0.330525967771563,0.336250316122429,107.41953,1,0,0,0
"251,501,751",0.3,3,79.7077393318673,"254,501,751",0.301505718035673,0.278717792869277,3,97.2716849292399,"254,502,751",3,79.567051789603,0.276952813455802,"254,501,751",3,33.8770541567923,0.16179372035556,2,"254,501,751",3,0.268845669933708,0.278717792869277,80.077,0.003,0.004,0.003,0.003
"251,501,751",0.3,3,103.429546849248,"251,453,500,751",0.338804292082268,0.330748203713432,4,154.339564651286,"251,501,752",3,140.375849280494,0.333267324465651,"251,501,752",3,94.1796832833388,0.232648707272174,2,"251,453,500,751",4,0.327549653768296,0.330748203713432,148.1423,1.001,0.001,0.001,1.001
"251,501,751",0.3,3,81.7152550294852,"251,485,501,745,748,759",0.29590303613783,0.287043307151891,6,122.927041533857,"253,501,749",3,96.2332354785544,0.287807540815884,"253,501,749",3,50.3903374344395,0.0144236978107934,6,"251,501,745,759",4,0.291588599523902,0.292503442632331,108.9325,3.003,0.004,0.004,1.006
"251,501,751",0.3,3,178.510435434922,"192,249,501,755",0.31033850879974,0.286234980505135,4,161.305830434311,"249,501,755",3,146.55005554866,0.292983393451155,"249,501,755",3,132.096319261609,0.254855645813511,5,"249,501,755",3,0.290147430762665,0.292983393451155,147.44789,1.006,0.006,0.006,0.006
"251,501,751",0.3,3,117.048848822308,"251,501,751",0.286469302131122,0.262552464835106,3,102.0722900706,"251,501,751",3,83.2035884856765,0.262552464835106,"251,501,751",3,58.7486294181297,0.194655766645742,2,"251,501,751",3,0.256212222081781,0.262552464835106,88.97537,0,0,0,0
"251,501,751",0.3,3,114.962144833755,"249,261,501,505,751",0.265118024917538,0.268216045893744,5,92.0813046421954,"261,501,751",3,78.9281110651601,0.272701169994994,"261,501,751",3,49.8669265179729,0.19315598599536,3,"249,261,501,751",4,0.264481975725333,0.268250181977455,84.98269,2.002,0.01,0.01,1.002
"251,501,751",0.3,3,91.081181116479,"251,477,501,540,743",0.268541832116537,0.25322528877208,5,112.095932960366,"251,477,501,745",4,99.138507387982,0.258554693939151,"251,501,744",3,65.5226205554418,0.179145733949661,4,"251,477,501,743",4,0.255680099382044,0.25857919265285,100.09948,2.008,1.006,0.007,1.008
"251,501,751",0.3,3,139.513377130037,"251,432,501,751,776,880",0.270118687390581,0.27115817890493,6,128.339752105575,"251,501,752",3,120.715664920474,0.287772294429298,"250,501,751",3,174.622505568542,0.387153031171535,4,"251,501,751,880",4,0.27471235696922,0.280026260860217,119.2592,3,0.001,0.001,1
"251,501,751",0.3,3,98.294621084659,"162,227,252,304,465,487,501,502,661,746,747,920",0.383461149605424,0.307742056369146,12,188.24658493716,"251,501,660,748",4,107.511458029557,0.332464831016671,"251,501,746",3,357.766819568332,0.671090171979675,3,"162,252,502,661,746",5,0.322078288118768,0.323103205742136,108.8285,9.005,1.003,0.005,2.007
"251,501,751",0.3,3,127.004823494041,"249,501,748",0.338640755871775,0.32544817639411,3,135.411332710521,"249,501,749",3,125.366373718391,0.323237819596192,"249,501,748",3,145.471927463637,0.361659949931085,2,"249,501,748",3,0.323751791265909,0.32544817639411,127.86429,0.005,0.004,0.005,0.005
"251,501,751",0.3,3,129.265620986782,"245,250,501,750",0.304927905260742,0.297354798744297,4,131.244462551021,"245,501,751",3,119.479520957181,0.298176983991273,"245,501,750",3,104.107860098511,0.26408503059124,5,"250,501,750",3,0.29944827110257,0.299280706907531,122.96581,1.002,0.006,0.007,0.002
"251,501,751",0.3,3,117.786421627911,"247,500,753",0.373848551074779,0.356952711777444,3,164.973791708948,"250,501,753",3,147.641657061017,0.348232522145559,"253,501,753",3,122.369899351416,0.30038735368473,2,"247,500,753",3,0.355477009656052,0.356952711777444,154.73675,0.007,0.003,0.004,0.007
"251,501,751",0.3,3,96.6254227128253,"252,500,750",0.370543965563735,0.355442910499968,3,137.118344217308,"254,501,751",3,125.456543751272,0.351896066944509,"252,500,750",3,265.860212273886,0.550478741671799,2,"252,500,750",3,0.353309566771115,0.355442910499968,127.20305,0.003,0.003,0.003,0.003
"251,501,751",0.3,3,114.332714505001,"250,257,501,540,750,757",0.25228281890692,0.249142368456369,6,138.911212809056,"251,502,752",3,113.899365114878,0.251136554060384,"250,501,750",3,173.815802025764,0.358932966831936,3,"250,501,750",3,0.260283175096542,0.258794648449589,127.46776,3.002,0.002,0.002,0.002
"251,501,751",0.3,3,132.643502910742,"248,251,500,751",0.278083882080337,0.275455736484378,4,119.78827975151,"251,501,751",3,109.041157660807,0.277366503340089,"251,500,751",3,89.9975840981494,0.230409953435809,3,"251,500,751",3,0.272779686053967,0.27568980508181,111.03588,1.001,0,0.001,0.001
"251,501,751",0.3,3,102.690663819144,"254,501,513,751,760",0.227842947184753,0.226707398519501,5,85.5138471042328,"254,501,751",3,71.8156654221562,0.233183783912258,"254,501,751",3,127.990331914237,0.334553779125629,3,"254,501,751",3,0.230011146697926,0.233183783912258,75.46561,2.003,0.003,0.003,0.003
"251,501,751",0.3,3,123.264206564151,"251,501,751",0.259740145601503,0.255252352295236,3,105.611183031025,"251,501,751",3,99.1310444592412,0.255252352295236,"251,500,751",3,217.515475072329,0.447283296221461,2,"251,501,751",3,0.247814770150868,0.255252352295236,100.62659,0,0,0.001,0
"251,501,751",0.3,3,92.3785632127794,"251,501,751",0.326835380129175,0.307521050362719,3,116.208162227613,"251,501,752",3,101.292309945991,0.30560651558222,"251,501,751",3,116.382181524835,0.333150741829582,2,"251,501,751",3,0.304139237479438,0.307521050362719,103.70146,0,0.001,0,0
"251,501,751",0.3,3,132.162504195211,"156,247,500,751",0.288734638527455,0.274352780747376,4,119.882370620279,"248,501,751",3,107.648894135543,0.280979353531984,"247,500,751",3,229.277084938464,0.477673576762131,3,"247,500,751",3,0.278252445970787,0.278518916394831,109.70386,1.005,0.003,0.005,0.005
"251,501,751",0.3,3,93.4722827701406,"253,501,751",0.309346593418135,0.294970602004041,3,100.57237544185,"253,501,751",3,90.2883951959097,0.294970602004041,"253,501,751",3,179.08575786244,0.430702679573527,2,"253,501,751",3,0.289636475600483,0.294970602004041,90.19933,0.002,0.002,0.002,0.002
"251,501,751",0.3,3,99.2478399327272,"199,245,499,527,732,759,778,791,833",0.422800791151664,0.343952063994645,9,214.497720837188,"244,501,750",3,122.698718848875,0.347397616076886,"244,499,750",3,183.297535364338,0.440001682177594,4,"245,499,759",3,0.3612039658653,0.358328597376364,137.38858,6.016,0.008,0.01,0.016
"251,501,751",0.3,3,101.280168199661,"251,492,500,751",0.305114686795771,0.298563631096925,4,116.758018476089,"251,500,751",3,107.619944560497,0.302221182888939,"251,492,751",3,89.2856556424927,0.266016417313591,7,"251,492,751",3,0.29730746854231,0.304280816271275,107.82597,1.001,0.001,0.009,0.009
"251,501,751",0.3,3,110.627236334529,"251,262,479,498,516,747,751,756",0.306178559651976,0.3087476880891,8,167.069993751673,"251,499,753",3,143.559975097642,0.322362819640321,"251,498,751",3,283.16909296691,0.522862262416292,5,"251,479,516,751",4,0.312624416468053,0.316074607762879,146.41085,5.003,0.004,0.003,1.015
"251,501,751",0.3,3,100.650912564003,"249,499,507,751",0.277118709418693,0.27743993241431,4,118.241345317211,"250,507,751",3,107.822088174425,0.278556436891098,"249,507,751",3,270.046748289596,0.510363630672481,8,"249,507,751",3,0.276941061201471,0.281768594231893,112.78787,1.004,0.007,0.008,0.008
"251,501,751",0.3,3,121.648255745158,"251,501,751",0.232179145140137,0.226325751647189,3,64.8498674547493,"251,501,751",3,59.9416514918055,0.226325751647189,"251,501,751",3,266.071551595146,0.540103192964358,2,"251,501,751",3,0.222682682252368,0.226325751647189,61.20808,0,0,0,0
"251,501,751",0.3,3,132.186812037834,"251,500,751",0.285495800331685,0.279965876569996,3,123.082513542786,"251,501,752",3,111.49096157145,0.272589323247314,"251,500,751",3,77.0889101868771,0.170674879108334,2,"251,500,751",3,0.277916010554334,0.279965876569996,119.7676,0.001,0.001,0.001,0.001
"251,501,751",0.3,3,60.4697484217894,"228,251,501,751,755,914",0.311234509301191,0.312292950312781,6,103.440732159692,"243,501,755",3,93.4336513380676,0.327733588558919,"251,501,751",3,251.496815237216,0.535215980810167,5,"228,251,501,751,755",5,0.309732665944115,0.318352630065542,97.49547,3,0.012,0,2
"251,501,751",0.3,3,91.9053696590681,"251,500,751",0.344019777870689,0.33159236490531,3,137.750650821395,"252,501,751",3,129.481542116602,0.332697891910735,"251,500,751",3,114.333810067905,0.3071897147879,2,"251,500,751",3,0.330804518838857,0.33159236490531,130.08372,0.001,0.001,0.001,0.001
"251,501,751",0.3,3,112.065159632682,"251,276,501,754",0.296298865561833,0.289766631750534,4,112.999758508315,"251,501,754",3,102.370280961787,0.295734692574436,"251,501,754",3,146.862452622255,0.373316982443987,4,"251,501,754",3,0.291249804768118,0.295734692574436,105.50973,1.003,0.003,0.003,0.003
"251,501,751",0.3,3,139.227112250917,"247,336,491,497,527,738,751,820,923",0.273095494023995,0.269231724735137,9,131.426076944686,"247,497,751",3,121.007702106549,0.315695705232872,"247,497,751",3,164.021141765443,0.393472481185893,7,"247,491,527,751,820",5,0.284947082537714,0.290294177293024,115.92869,6.008,0.008,0.008,2.014
"251,501,751",0.3,3,107.27005414984,"253,498,750,754",0.354434591714515,0.328054389925646,4,123.723602262567,"253,498,750",3,98.579668824131,0.329357126159017,"253,498,750",3,61.3213674499456,0.246902165207074,3,"253,498,750",3,0.324835599973337,0.329357126159017,100.91721,1.006,0.006,0.006,0.006
"251,501,751",0.3,3,97.5019816288125,"251,448,500,747",0.328530328435376,0.321563545671862,4,120.692214239935,"251,500,748",3,113.431765819981,0.328162259783262,"251,500,747",3,184.997080403175,0.437848842049757,2,"251,448,500,747",4,0.319216245637388,0.321563545671862,115.55141,1.005,0.004,0.005,1.005
"251,501,751",0.3,3,125.718240307796,"249,495,751,758",0.307619663502145,0.292953988320294,4,124.278972306044,"251,495,753",3,106.00459312223,0.289016072292774,"249,495,751",3,184.64600060695,0.426329381951314,3,"249,495,751",3,0.293127468256284,0.296004655917587,111.67494,1.008,0.008,0.008,0.008
"251,501,751",0.3,3,136.129158872909,"254,483,502,750,751",0.304753200660968,0.290008676322974,5,153.424626700043,"254,502,751",3,135.378168713662,0.296266212608555,"254,502,750",3,189.384027733081,0.390299638522594,3,"254,502,750",3,0.297274195598086,0.298445933024168,140.55953,2.004,0.004,0.005,0.005
"251,501,751",0.3,3,122.717288403102,"250,251,491,501,751",0.313180648986419,0.312556453427269,5,133.380005274151,"251,492,752",3,119.212542443654,0.313101567130584,"250,491,751",3,150.078084682549,0.371677810580934,10,"250,491,751",3,0.316087996571999,0.315098739347463,125.21675,2,0.01,0.011,0.011
"251,501,751",0.3,3,129.516232192856,"256,474,505,751,799",0.277800089444785,0.263738372365756,5,109.746317604815,"256,505,752",3,96.1134060325468,0.274112503701743,"254,505,751",3,127.652556050589,0.337199044655549,6,"256,505,751",3,0.27509001018772,0.275108767138031,98.18312,2.009,0.01,0.007,0.009
"251,501,751",0.3,3,124.458568831968,"102,251,501,751",0.272821190974025,0.269824059538898,4,110.971000585314,"251,501,751",3,105.769339554348,0.279345209549273,"251,501,751",3,120.423452670126,0.308521610118587,2,"102,251,501,751",4,0.259173133534908,0.269824059538898,105.16161,1,0,0,1
"251,501,751",0.3,3,115.765234620725,"253,501,751",0.30819458992427,0.299914564914249,3,142.335332896917,"253,501,751",3,134.417339220471,0.299914564914249,"253,501,751",3,162.549545029936,0.34874636282022,2,"253,501,751",3,0.297065599319364,0.299914564914249,136.57111,0.002,0.002,0.002,0.002
"251,501,751",0.3,3,100.737438094966,"251,501,734,752",0.250146405780294,0.240616957559115,4,110.999925205766,"251,501,752",3,99.1096219311414,0.244156608271165,"251,501,751",3,165.338541460196,0.3552060416348,4,"251,501,752",3,0.238216082738198,0.244156608271165,99.64947,1.001,0.001,0,0.001
"251,501,751",0.3,3,103.578300646185,"251,501,502,751",0.235813708218772,0.244374129091352,4,54.5581931299677,"251,502,751",3,45.6141749158833,0.244310540864369,"251,502,751",3,44.6917757254666,0.242141614228873,3,"251,501,751",3,0.236193537629437,0.243894646393647,49.98108,1,0.001,0.001,0
"251,501,751",0.3,3,176.661148570154,"249,494,743,745",0.325155463987777,0.310081288183781,4,164.959735935004,"250,495,745",3,144.376322659207,0.303046221756195,"249,494,745",3,166.801116799345,0.353829377991052,3,"249,494,745",3,0.307717089099247,0.310576616353668,150.46388,1.015,0.013,0.015,0.015
"251,501,751",0.3,3,122.743309771395,"251,501,751",0.270865861908657,0.275509043205665,3,129.559117778687,"251,501,751",3,124.282384264787,0.275509043205665,"251,501,751",3,78.9188471026617,0.0717495508202837,2,"251,501,751",3,0.263634144672868,0.275509043205665,126.37779,0,0,0,0
"251,501,751",0.3,3,84.7753957813547,"251,500,522,671,745,751",0.257941308363848,0.243267747092108,6,114.666448162089,"251,502,751",3,99.2776622985601,0.262310318170797,"251,502,751",3,50.2783804508011,0.0966100905973641,3,"251,500,522,745,751",5,0.245199721946308,0.246947158920519,102.32007,3.001,0.001,0.001,2.001
"251,501,751",0.3,3,127.659378783149,"237,501,751",0.25648975481018,0.239182701873823,3,108.27009246133,"237,501,751",3,96.1418527866279,0.239182701873823,"237,501,751",3,63.6044105174918,0.101678838388724,2,"237,501,751",3,0.237484835570525,0.239182701873823,100.43538,0.014,0.014,0.014,0.014
"251,501,751",0.3,3,94.3597006921146,"250,501,751",0.323822177536888,0.313620666430549,3,116.227711372018,"250,501,751",3,107.082793846444,0.313620666430549,"250,501,751",3,84.3828952354979,0.268936126691587,2,"250,501,751",3,0.30809911035829,0.313620666430549,107.63724,0.001,0.001,0.001,0.001
"251,501,751",0.3,3,120.963900355864,"251,501,750",0.272539618174462,0.265157125774037,3,109.60135653411,"251,501,750",3,101.120988169883,0.265157125774037,"251,501,750",3,202.722689426979,0.430242318650012,2,"251,501,750",3,0.26343805301797,0.265157125774037,105.52378,0.001,0.001,0.001,0.001
"251,501,751",0.3,3,132.515311266804,"251,501,749",0.364037509546749,0.347565822872529,3,176.960037042344,"252,497,749",3,162.977431530938,0.343205810114396,"251,497,749",3,112.765093447714,0.226590740479467,2,"251,501,749",3,0.344440588064266,0.347565822872529,166.13994,0.002,0.007,0.006,0.002
"251,501,751",0.3,3,101.086298263203,"248,501,750",0.285865563465744,0.28732924015094,3,86.058496757778,"251,501,751",3,80.7228158984089,0.283807176324531,"248,501,750",3,89.8907036287314,0.303939880052897,2,"248,501,750",3,0.281797281465609,0.28732924015094,84.11098,0.004,0,0.004,0.004
"251,501,751",0.3,3,116.742422389523,"251,305,501,744,749",0.281691907839796,0.27710770009647,5,93.4335138633677,"251,501,751",3,80.1734294973197,0.285694659105659,"251,501,749",3,50.6534013881512,0.207985254477095,10,"251,305,501,749",4,0.272974840871649,0.279662853044355,84.19021,2.002,0,0.002,1.002
"251,501,751",0.3,3,117.015959162231,"251,501,742,756,880",0.316768058766201,0.31571723517269,5,145.014159519441,"251,502,756",3,133.5037145685,0.320625711814357,"251,501,754",3,135.197414664653,0.325641672088173,5,"251,501,756",3,0.321120533457468,0.321977834384288,135.60438,2.005,0.006,0.003,0.005
"251,501,751",0.3,3,91.5407914421499,"251,498,751",0.329762569580115,0.321073335699223,3,110.575967237071,"251,498,752",3,102.50026871331,0.321029315140859,"251,498,752",3,43.8343521396613,0.165730223780274,2,"251,498,751",3,0.319120133494424,0.321073335699223,104.71051,0.003,0.004,0.004,0.003
"251,501,751",0.3,3,97.1550415878275,"250,497,751,759",0.28289324631766,0.280314325628675,4,97.7103195099323,"251,497,751",3,85.1474960903228,0.281431807286647,"250,497,749",3,297.435393927156,0.575841946556396,4,"250,497,751",3,0.279594339370401,0.281867187803094,89.84513,1.005,0.004,0.007,0.005
"251,501,751",0.3,3,103.887717685172,"244,251,500,751",0.326371044729291,0.315670985566385,4,143.165513610426,"251,501,751",3,131.069549029155,0.317838766415583,"250,500,751",3,146.893251076074,0.345845500050063,2,"244,251,500,751",4,0.312126119823201,0.315670985566385,135.23277,1.001,0,0.002,1.001
"251,501,751",0.3,3,152.880914172247,"251,501,731,751",0.272996337763502,0.275107441959832,4,130.404812497478,"251,501,751,803",4,124.557117208431,0.269031125500188,"251,501,751",3,98.0877418871311,0.196613050822819,3,"251,501,751",3,0.272552054410785,0.279476310706418,124.53344,1,1,0,0
"251,501,751",0.3,3,113.167773117512,"251,490,501,750",0.322618357151237,0.319589494102651,4,148.315188120959,"251,501,751",3,142.179015420471,0.326262352725081,"251,501,750",3,125.924206814323,0.296206025460732,3,"251,501,750",3,0.313253929825899,0.322262776452232,137.11977,1.001,0,0.001,0.001
"251,501,751",0.3,3,109.598325537697,"248,500,751,762",0.30111973244657,0.292800240230528,4,110.682862746322,"248,501,762",3,98.6458150500937,0.29482553706694,"248,500,762",3,74.6442891045945,0.244015059842569,3,"248,500,762",3,0.291510536573374,0.294045708190354,99.18113,1.004,0.014,0.015,0.015
"251,501,751",0.3,3,122.120489755204,"250,501,748",0.379986183261508,0.358284343156507,3,152.39641729128,"251,501,749",3,137.295580008847,0.357263186924555,"251,501,749",3,72.0548642955233,0.108309286071658,2,"250,501,748",3,0.357327730264382,0.358284343156507,140.03945,0.004,0.002,0.002,0.004
"251,501,751",0.3,3,155.104040074012,"250,280,482,501,751,754",0.305524190487892,0.308236158717727,6,173.891458934491,"250,501,754",3,162.375897162744,0.321190871068091,"250,498,754",3,203.911877885766,0.395635498414931,5,"250,501,754",3,0.317154518078199,0.321190871068091,161.86119,3.001,0.004,0.007,0.004
"251,501,751",0.3,3,95.7195692151235,"251,501,751",0.244224468934865,0.231492304898556,3,57.1786785046726,"251,501,753",3,43.5852591762523,0.230610879243189,"251,501,751",3,114.753028131324,0.357713361307895,2,"251,501,751",3,0.225672891501188,0.231492304898556,49.51285,0,0.002,0,0
"251,501,751",0.3,3,101.741664698548,"219,256,377,502,751,830,941",0.281077047066811,0.257869614548668,7,121.102091489883,"251,502,752",3,107.099139326335,0.291457044661173,"251,502,752",3,59.0372167611784,0.15677072683319,4,"219,256,502,751",4,0.275804393377854,0.279424697289755,103.94983,4.006,0.002,0.002,1.006
"251,501,751",0.3,3,95.5941491381802,"217,247,501,734,748",0.292766068525997,0.279450347538797,5,118.76207232806,"247,501,748",3,107.795351147091,0.294435717428258,"247,501,748",3,55.1966361750108,0.150300653480872,10,"247,501,748",3,0.286631048239543,0.294435717428258,105.27217,2.007,0.007,0.007,0.007
"251,501,751",0.3,3,98.2790531102261,"232,252,501,751",0.250524486464733,0.234320455596767,4,67.9020125363975,"252,501,751",3,55.3261380001324,0.242133751967406,"252,501,751",3,19.2003782244909,0.0741664263040165,9,"252,501,751",3,0.239503338037447,0.242133751967406,58.30414,1.001,0.001,0.001,0.001
"251,501,751",0.3,3,103.764321789034,"251,500,751",0.303140820825437,0.299481993070213,3,115.28988200213,"251,500,753",3,107.527325721642,0.295135964687959,"251,500,751",3,177.796918020525,0.407654475971137,2,"251,500,751",3,0.296198812383842,0.299481993070213,111.7242,0.001,0.003,0.001,0.001
"251,501,751",0.3,3,122.376931111432,"251,264,498,501,746,762",0.303377773323069,0.301178144682901,6,158.895654467596,"252,498,747",3,142.825722023638,0.311270135538068,"252,498,746",3,145.874400709204,0.317244125482569,10,"251,498,746",3,0.310975694390569,0.308504970982632,144.21901,3.005,0.008,0.009,0.008
"251,501,751",0.3,3,140.584360939851,"250,501,745,747,751",0.313725327251811,0.291303284985132,5,152.694697768461,"251,501,747",3,124.598080157849,0.290060726987297,"250,501,747",3,160.692565123038,0.358658019460042,5,"250,501,747",3,0.288301750262785,0.291984700733713,127.13874,2.001,0.004,0.005,0.005
"251,501,751",0.3,3,102.476054805331,"233,249,261,484,501,751",0.350903502619097,0.333302609455697,6,161.179927279241,"253,501,752",3,134.26744109806,0.339569281066074,"249,501,752",3,92.7229541687686,0.257465753578193,3,"249,501,751",3,0.339206726080912,0.342277027929788,135.67409,3.002,0.003,0.003,0.002
"251,501,751",0.3,3,120.841486632217,"251,500,751",0.266146950782481,0.265370089637897,3,103.864272705022,"251,500,752",3,96.8062984052621,0.259648430177923,"251,500,751",3,79.6340116284852,0.220881906378702,2,"251,500,751",3,0.259640255012083,0.265370089637897,101.0862,0.001,0.002,0.001,0.001
"251,501,751",0.3,3,132.008913941418,"246,251,293,501,751",0.303380630261177,0.302112892665767,5,127.513611152828,"251,294,479,501,751",5,112.678186513563,0.290502328956628,"251,501,751",3,94.4532292241028,0.260975938730728,4,"246,293,501,751",4,0.296926967789152,0.303550065079675,118.30274,2,2,0,1.005
"251,501,751",0.3,3,110.719078804655,"250,501,749,751",0.214450289446937,0.214127608828059,4,87.6095613405236,"250,501,751",3,75.7762637265195,0.213250248418271,"250,501,751",3,80.9435478186108,0.225472289658533,3,"250,501,749",3,0.21331801467171,0.217683755445138,83.23142,1.001,0.001,0.001,0.003
"251,501,751",0.3,3,164.518796101393,"251,499,751",0.278586158286769,0.278436475940515,3,118.715504132294,"251,500,752",3,114.598510024601,0.274750468365051,"251,499,751",3,93.8826783416974,0.215726858221522,2,"251,499,751",3,0.27783977170573,0.278436475940515,118.43213,0.002,0.002,0.002,0.002
"251,501,751",0.3,3,110.413120609829,"251,500,752",0.281574086907718,0.260887976003839,3,77.3292011079638,"253,501,752",3,63.8880585173571,0.259797749123401,"251,500,752",3,215.076489353992,0.495811992912333,2,"251,500,752",3,0.260949126288563,0.260887976003839,68.2014,0.002,0.003,0.002,0.002
"251,501,751",0.3,3,95.1232266201014,"251,501,753,754",0.243074846023339,0.22935637678779,4,82.7760065799863,"251,501,754",3,65.5080331954492,0.228508956909702,"251,501,753",3,120.145341880137,0.327630409846939,3,"251,501,753",3,0.227176542269439,0.231091155521559,72.03933,1.002,0.003,0.002,0.002
"251,501,751",0.3,3,125.312349601468,"251,497,750",0.351797981458331,0.317174543040244,3,161.87640190494,"254,499,750",3,137.151192858685,0.311816119670024,"254,499,750",3,93.0997549922153,0.202972084304987,2,"251,497,750",3,0.315264754190685,0.317174543040244,142.18248,0.005,0.006,0.006,0.005
"251,501,751",0.3,3,111.380368981866,"251,501,750,753",0.31562145382845,0.3115355218213,4,104.605137816465,"251,501,753",3,92.7034295475867,0.311011278061492,"251,501,750",3,200.485144165403,0.481468788478473,4,"251,501,753",3,0.308604785785909,0.311011278061492,94.30009,1.001,0.002,0.001,0.002
"251,501,751",0.3,3,93.4357807545177,"250,498,750",0.388195150752238,0.380055407805677,3,127.047030255771,"250,498,751",3,118.093696228252,0.379540057816405,"250,498,750",3,138.266232825061,0.412634393390827,2,"250,498,750",3,0.376797919515719,0.380055407805677,120.3806,0.005,0.004,0.005,0.005
"251,501,751",0.3,3,79.3594040839959,"241,251,501,513,750,779",0.278046640314093,0.272340043372689,6,88.3848645531178,"242,501,750",3,71.9068014095441,0.283023444105235,"242,501,750",3,31.5763488746722,0.185379681038149,4,"241,501,750",3,0.283060980948448,0.283651356599175,73.91864,3.001,0.01,0.01,0.011
"251,501,751",0.3,3,113.475889911275,"251,501,751",0.295952102901079,0.30109374166569,3,136.081048306944,"251,501,751",3,136.457321156169,0.30109374166569,"251,501,751",3,81.325019791244,0.140012028873843,2,"251,501,751",3,0.289806341212903,0.30109374166569,132.97057,0,0,0,0
"251,501,751",0.3,3,111.976038024958,"251,499,751",0.24751021174617,0.24483110487248,3,88.0099079466993,"251,499,751",3,83.1435270466247,0.24483110487248,"251,499,751",3,118.21509301397,0.312496348831614,2,"251,499,751",3,0.240640982259592,0.24483110487248,85.06949,0.002,0.002,0.002,0.002
"251,501,751",0.3,3,111.972790347859,"251,501,751,753",0.292803405054986,0.291862603456093,4,81.9489991417627,"251,501,753",3,71.8979118696794,0.291374871859801,"251,501,751",3,97.7132200970129,0.342315758004524,5,"251,501,753",3,0.289259960803786,0.291374871859801,73.5036,1,0.002,0,0.002
"251,501,751",0.3,3,100.047162141973,"250,501,751",0.286551551296427,0.278777702425781,3,100.525964659543,"250,502,751",3,90.3753911876241,0.276606953701332,"250,501,751",3,145.384278118326,0.371794136139328,2,"250,501,751",3,0.275193161514117,0.278777702425781,95.07399,0.001,0.002,0.001,0.001
"251,501,751",0.3,3,121.341442198779,"251,500,751",0.288128096501812,0.281746884683716,3,94.4214146123461,"251,500,751",3,90.2294436757795,0.281746884683716,"251,500,751",3,69.2674012636003,0.229697864234564,2,"251,500,751",3,0.275533296461331,0.281746884683716,88.74821,0.001,0.001,0.001,0.001
"251,501,751",0.3,3,142.023642150781,"253,501,752",0.291444299248961,0.288527812809207,3,116.986195163438,"105,255,501,752",4,105.596080524611,0.27214920038822,"253,501,752",3,223.490376553577,0.473796926576783,2,"253,501,752",3,0.282600843962456,0.288527812809207,113.17009,0.003,1.005,0.003,0.003
"251,501,751",0.3,3,93.1851664656283,"66,249,251,482,501,748,764",0.371054804629334,0.355894262057468,7,128.535459784989,"251,501,748",3,100.96004137732,0.368251791887283,"249,501,747",3,183.424585336184,0.491399727465642,6,"251,501,748",3,0.36259961499458,0.368251791887283,98.51891,4.003,0.003,0.006,0.003
"251,501,751",0.3,3,133.478951981165,"157,251,264,476,498,525,751",0.285334541341366,0.286588024221624,7,135.746931129382,"251,500,751",3,118.584647373898,0.305641996610771,"251,500,751",3,79.6974830012314,0.193501758144254,4,"251,264,498,751",4,0.296041712996983,0.301266362283054,124.26091,4.003,0.001,0.001,1.003
"251,501,751",0.3,3,81.9463752938071,"156,251,500,751",0.270007641293429,0.254195039602861,4,87.2063793761069,"251,501,752",3,71.1917514335731,0.259734974060509,"251,500,751",3,87.9501875502544,0.293267111328299,3,"251,500,751",3,0.261081404063972,0.260169940220354,77.99483,1.001,0.001,0.001,0.001
"251,501,751",0.3,3,81.9587709535179,"251,484,501,747",0.302136942904385,0.283639551773215,4,115.622152235066,"251,501,748",3,96.9118510957235,0.283588971462909,"251,500,747",3,223.786102798753,0.463048083268953,8,"251,501,747",3,0.286481828694365,0.288423988881107,100.98874,1.004,0.003,0.005,0.004
"251,501,751",0.3,3,100.309381791242,"251,341,501,738,751,758",0.34838297046425,0.319774432698059,6,144.841952656731,"251,501,755",3,117.047411267898,0.33456778902923,"251,500,751",3,135.700100760859,0.368080023333375,4,"251,501,738,758",4,0.321339996291156,0.326921323090292,117.34563,3,0.004,0.001,1.007
"251,501,751",0.3,3,103.456798002195,"251,382,501,753",0.33611557110575,0.312285494562279,4,126.884680939931,"251,501,753",3,112.184600575558,0.322683595546224,"251,501,753",3,89.38958133339,0.277813835886097,2,"251,382,501,753",4,0.303989044482076,0.312285494562279,109.38879,1.002,0.002,0.002,1.002
"251,501,751",0.3,3,84.8022187691352,"248,501,751,755",0.292539212140368,0.281327756873006,4,99.0426757607383,"251,501,755",3,79.5297295811703,0.277009878977876,"251,501,755",3,45.8034667798552,0.196394919522932,7,"248,501,755",3,0.277017894458863,0.280172980164568,84.36171,1.003,0.004,0.004,0.007
"251,501,751",0.3,3,106.10974876634,"252,501,749,751",0.306108781988212,0.297153899358914,4,147.116973947801,"252,501,751",3,132.287598397073,0.296908294209691,"251,501,751",3,159.179175570019,0.343139701516986,3,"252,501,751",3,0.290421103781424,0.296908294209691,132.25971,1.001,0.001,0,0.001
"251,501,751",0.3,3,61.2155466422217,"251,501,751",0.284227751299401,0.288178913625594,3,73.5949953511401,"251,501,751",3,71.0613018303748,0.288178913625594,"251,501,751",3,107.40080703351,0.346077168843704,2,"251,501,751",3,0.277766051672696,0.288178913625594,70.16102,0,0,0,0
"251,501,751",0.3,3,106.084017834951,"247,250,501,751",0.370414466914331,0.354888497691649,4,169.812727068912,"252,501,751",3,152.790153296161,0.35714239419611,"250,499,751",3,263.0969882971,0.513030150625215,3,"247,501,751",3,0.354548866023716,0.360999288648232,155.14274,1.001,0.001,0.003,0.004
"251,501,751",0.3,3,74.2362579058024,"251,501,745,751",0.281069770250237,0.292717210777926,4,97.5396351983598,"251,501,751",3,92.8344579099707,0.29428508832277,"251,501,751",3,76.1397802357859,0.26291455112532,3,"251,501,751",3,0.282027258639089,0.29428508832277,91.46388,1,0,0,0
"251,501,751",0.3,3,110.002268975424,"105,244,251,382,501,517,737,750,826",0.283516494379159,0.284337866107862,9,147.098248107029,"244,506,750",3,123.133584516439,0.308520930580105,"244,506,750",3,76.1850290769063,0.188508125684751,4,"244,382,501,517,737,750",6,0.284385798890307,0.289194105733043,128.7293,6.001,0.013,0.013,3.008
"251,501,751",0.3,3,75.116882358289,"251,493,505,751",0.264858883443667,0.262348707265333,4,63.5307451271546,"252,505,751",3,52.8434937954832,0.263550496393049,"251,505,751",3,25.377512801281,0.198520668946413,3,"251,505,751",3,0.262582994815386,0.266301523024375,56.98584,1.004,0.005,0.004,0.004
"251,501,751",0.3,3,106.051595247092,"250,501,751",0.270841662047346,0.262578257432136,3,83.3005403809141,"251,501,751",3,71.5616383776657,0.262049774551662,"250,501,751",3,135.896681355734,0.374606309514381,2,"250,501,751",3,0.258805761822755,0.262578257432136,78.04999,0.001,0,0.001,0.001
"251,501,751",0.3,3,155.061205293712,"249,256,501,715,751",0.307795288304316,0.299214690384161,5,159.367917590055,"251,501,751",3,145.343595802574,0.304609268256499,"251,501,751",3,137.487834242219,0.286691823709714,4,"249,501,751",3,0.303225829750037,0.305306106254966,146.093,2.002,0,0,0.002
"251,501,751",0.3,3,107.634020995532,"251,501,751",0.272918713430941,0.258671281983609,3,119.981104969732,"251,501,751",3,106.546358646881,0.258671281983609,"251,501,751",3,64.435973163508,0.0638281949309953,2,"251,501,751",3,0.253804751893325,0.258671281983609,111.0767,0,0,0,0
"251,501,751",0.3,3,113.322409345077,"249,428,501,751",0.261005178299536,0.25965842750767,4,88.9749916766531,"249,501,751",3,82.3150155194883,0.264773438411701,"249,500,751",3,204.977011420492,0.458621239350947,3,"249,501,751",3,0.258718224132482,0.264773438411701,82.65402,1.002,0.002,0.003,0.002
"251,501,751",0.3,3,121.6177854605,"251,500,750",0.292175252260767,0.284184667441692,3,113.048543625397,"252,501,750",3,106.504917288894,0.284058485127396,"252,500,750",3,61.370718188757,0.140772270056168,2,"251,500,750",3,0.282298123856569,0.284184667441692,108.42107,0.002,0.002,0.003,0.002
"251,501,751",0.3,3,52.8609582964967,"251,499,751",0.290809716053027,0.287287834738552,3,72.1430590315192,"251,501,751",3,70.0922590447048,0.290039811454286,"251,499,751",3,246.636203171081,0.518877773504687,2,"251,499,751",3,0.286050701768788,0.287287834738552,69.43204,0.002,0,0.002,0.002
"251,501,751",0.3,3,123.514979701065,"246,249,501,749,751",0.271456166650636,0.266524910594606,5,124.728008876351,"249,501,751",3,105.874162715646,0.266747251960247,"249,501,751",3,79.2628398166393,0.197919340690546,6,"249,501,749",3,0.264491584773322,0.272073345412524,110.26002,2.002,0.002,0.002,0.004
"251,501,751",0.3,3,154.851257816531,"207,251,485,502,751",0.307218931348809,0.296642230890517,5,168.036556017876,"251,502,753",3,152.866436609799,0.301844802449438,"251,502,751",3,137.668030154816,0.268736458849673,4,"251,502,751",3,0.303702925217017,0.304513673275665,154.88338,2.001,0.003,0.001,0.001
"251,501,751",0.3,3,154.341377586571,"252,263,454,492,533,751,760",0.277627921416756,0.276473781182191,7,149.615710421517,"252,492,751",3,137.24744750293,0.301242681615086,"252,492,751",3,161.648217026449,0.349676428295337,10,"252,492,751",3,0.301888257795658,0.301242681615086,139.50189,4.01,0.01,0.01,0.01
"251,501,751",0.3,3,107.471082992792,"248,501,751",0.325383770317689,0.326917042915462,3,140.965229067932,"248,501,751",3,138.564189178756,0.326917042915462,"248,501,751",3,251.935917743274,0.49005201995248,2,"248,501,751",3,0.32111144650854,0.326917042915462,138.68382,0.003,0.003,0.003,0.003
"251,501,751",0.3,3,118.342773450517,"251,501,751",0.298839678004166,0.281685406415315,3,120.291124265107,"251,294,501,751",4,99.9156437014593,0.26572946425654,"251,501,751",3,112.591401645206,0.29399111029953,2,"251,501,751",3,0.276015613611301,0.281685406415315,109.4912,0,1,0,0
"251,501,751",0.3,3,100.088424502035,"196,237,251,501,522,751",0.266220389395631,0.254483662374381,6,80.9314782327666,"237,501,751",3,67.6080958006188,0.275441248705317,"237,501,751",3,36.286078601944,0.193054743839287,3,"237,251,501,522,751",5,0.251909063161697,0.258580037564047,68.62941,3,0.014,0.014,2
"251,501,751",0.3,3,86.7180257823783,"40,250,251,491,501,509,750,754",0.282781854825951,0.282245490261394,8,119.500493834362,"251,502,751",3,95.0270925862391,0.296354053371079,"251,501,751",3,74.8910216371496,0.256676298936448,3,"251,509,750",3,0.294498458183793,0.299747120915179,96.47197,5.001,0.001,0,0.009
"251,501,751",0.3,3,97.1789774502553,"251,501,743,771",0.350375444460554,0.331290961740968,4,137.399205686511,"253,507,751",3,120.583773822338,0.33358858769882,"253,501,751",3,67.4652986572909,0.209978633304911,2,"251,501,743,771",4,0.330281051471406,0.331290961740968,126.16514,1.008,0.008,0.002,1.008
"251,501,751",0.3,3,128.753344371164,"252,501,506,750,751",0.307878972003502,0.306277021237377,5,164.983630693871,"252,501,751",3,149.183192319919,0.307710365292737,"252,501,751",3,136.074100380322,0.281346609460855,4,"252,501,751",3,0.301750111291893,0.307710365292737,148.72382,2.001,0.001,0.001,0.001
"251,501,751",0.3,3,117.614061929727,"117,251,505,751",0.318947835130181,0.298120916487527,4,132.886291864747,"251,505,751",3,120.602684546205,0.308044669772032,"251,505,751",3,65.2489979658256,0.106564971032882,2,"117,251,505,751",4,0.289623149838986,0.298120916487527,117.55089,1.004,0.004,0.004,1.004
"251,501,751",0.3,3,157.014614316505,"250,501,750",0.33866826072126,0.330007325015257,3,140.521904004529,"251,501,751",3,133.382275506509,0.328353321132193,"251,501,750",3,89.6839963112109,0.186109471055494,2,"250,501,750",3,0.328945606306323,0.330007325015257,136.20358,0.002,0,0.001,0.002
"251,501,751",0.3,3,125.7870603665,"252,495,503,527,751",0.30082676540142,0.299806731416587,5,130.644701176676,"252,503,751",3,118.857685476446,0.305511762061405,"252,499,751",3,247.164622763643,0.499215861414582,3,"252,495,751",3,0.303711769351446,0.305146225744439,119.78067,2.003,0.003,0.003,0.007
"251,501,751",0.3,3,123.990645836185,"250,501,749",0.309642791624303,0.290568898143015,3,122.802194772821,"251,501,751",3,111.085681440458,0.288752787861395,"250,501,750",3,72.8859267912447,0.184149694864222,2,"250,501,749",3,0.289964589259019,0.290568898143015,113.50881,0.003,0,0.002,0.003
"251,501,751",0.3,3,75.4761654100523,"239,255,501,749",0.303706177184021,0.296250523145026,4,93.6821420275919,"253,501,751",3,81.9027056742067,0.298657886270906,"253,501,749",3,128.09056876025,0.373127924149214,6,"255,501,749",3,0.299523503079589,0.300013929799927,85.86605,1.006,0.002,0.004,0.006
"251,501,751",0.3,3,95.9329587157689,"252,255,500,582,751",0.259392957148423,0.23827345217378,5,89.2473326234743,"252,501,751",3,68.9442752755845,0.248427096324833,"252,501,751",3,34.9241173918013,0.144447658414975,3,"255,500,751",3,0.249185591448088,0.248123216734922,74.42228,2.002,0.001,0.001,0.005
"251,501,751",0.3,3,118.652312868527,"251,499,506,535,752",0.295308002009467,0.279931313068941,5,138.265777458737,"251,506,752",3,120.162074350276,0.285710212856158,"250,506,752",3,134.90574956986,0.313695495814826,8,"251,506,752",3,0.281780599865487,0.285710212856158,118.84044,2.003,0.006,0.007,0.006
"251,501,751",0.3,3,124.74303295148,"154,236,246,276,433,501,666,746,751",0.403598182217821,0.332714825903097,9,212.077676583885,"251,504,749",3,134.511725974915,0.340097187874296,"249,500,751",3,181.753652795641,0.422029749815437,5,"246,501,751",3,0.34825436455746,0.343839736256461,139.89343,6.005,0.005,0.003,0.005
"251,501,751",0.3,3,91.742145896039,"251,503,751",0.320549070154047,0.298096038309286,3,111.165980571397,"251,500,751",3,93.3183189034245,0.297675425227394,"251,500,751",3,62.9417810373517,0.230421206234641,3,"251,404,503,751",4,0.282551079942262,0.285872867318884,94.64106,0.002,0.001,0.001,1.002
"251,501,751",0.3,3,105.099893868528,"251,501,753,919",0.311233132006809,0.30436006716736,4,103.543532002175,"251,502,753",3,91.2762496848748,0.307654134444364,"251,501,753",3,116.262639395757,0.354129741682501,3,"251,501,753",3,0.307987840321462,0.311155737170237,97.01194,1.002,0.003,0.002,0.002
"251,501,751",0.3,3,91.5854813116103,"251,499,508,751",0.31580220719765,0.300474377608002,4,111.625500146749,"251,499,751",3,93.9454469453781,0.30207999825109,"251,499,751",3,80.5130723681345,0.275445626486968,3,"251,499,751",3,0.298087817224194,0.30207999825109,96.31013,1.002,0.002,0.002,0.002
"251,501,751",0.3,3,130.924183880849,"251,501,751",0.226516131597039,0.210839435340968,3,91.7462639856462,"251,501,751",3,81.5567933706789,0.210839435340968,"251,501,751",3,124.310192727498,0.301656094989687,2,"251,501,751",3,0.207852112473635,0.210839435340968,84.90085,0,0,0,0
"251,501,751",0.3,3,127.519174268157,"247,249,250,376,501,752,778",0.322760983100438,0.295709083065997,7,168.86560530984,"249,501,753",3,136.342466185407,0.309564350710564,"249,501,753",3,93.0263374536727,0.198967014010529,6,"249,376,501,752",4,0.301060730505912,0.300619096199228,138.79935,4.002,0.004,0.004,1.003
"251,501,751",0.3,3,100.276166387207,"224,250,254,495,509,749",0.335010532898992,0.324747462303657,6,134.036648226472,"254,509,749",3,113.120054118593,0.332677208503622,"250,509,749",3,203.85648594628,0.468000438600929,8,"254,509,749",3,0.330965949936574,0.332677208503622,113.27938,3.009,0.013,0.011,0.013
"251,501,751",0.3,3,96.5269081636823,"251,500,751",0.257820302990381,0.251070574743963,3,74.3637746024461,"251,500,751",3,69.657317958423,0.251070574743963,"251,500,751",3,121.276008570694,0.342883974709958,2,"251,500,751",3,0.24624878701453,0.251070574743963,69.10761,0.001,0.001,0.001,0.001
"251,501,751",0.3,3,99.8924573950857,"247,256,496,501,524,751",0.311398493074935,0.304770030648144,6,120.601031614102,"256,501,751",3,106.407445209469,0.319190260266787,"256,501,751",3,88.7098938892144,0.283638283593761,4,"247,256,496,524,751",5,0.301080405271283,0.306037998970517,108.77698,3.004,0.005,0.005,2.009
"251,501,751",0.3,3,100.234156056746,"252,285,501,751",0.286858841105253,0.274549853899636,4,92.8022298710106,"252,501,751",3,92.4978132840928,0.295615741778982,"253,274,501,751",4,74.0698263775577,0.260657917409982,2,"252,285,501,751",4,0.269963389172184,0.274549853899636,84.72466,1.001,0.001,1.002,1.001
"251,501,751",0.3,3,104.93783134161,"251,259,489,500,751",0.242130230143066,0.23680792984542,5,100.337179734771,"259,491,751",3,84.8245295055941,0.240094164529996,"259,491,751",3,53.4517971442944,0.144028624389292,10,"259,489,751",3,0.240708937676445,0.243783124818405,88.13394,2.001,0.018,0.018,0.02
"251,501,751",0.3,3,86.3727238932745,"251,501,581,749,871",0.291385366661621,0.286155456884464,5,110.783643144496,"251,501,749",3,109.080795711508,0.308774918567451,"251,501,749",3,109.323764941822,0.30919353742856,2,"251,501,581,749,871",5,0.276910952478983,0.286155456884464,102.96928,2.002,0.002,0.002,2.002
"251,501,751",0.3,3,138.678703463896,"250,501,748",0.278564804726308,0.262402598993353,3,122.44999692626,"250,501,749",3,108.908261999325,0.261559160365088,"250,501,749",3,86.6942386417324,0.199233697687647,2,"250,501,748",3,0.260897000317415,0.262402598993353,114.99094,0.004,0.003,0.003,0.004
"251,501,751",0.3,3,95.3981914594277,"97,251,499,754",0.339633979042044,0.333419777615163,4,148.659848329902,"97,254,499,754",4,141.978697663366,0.332142775267916,"251,499,754",3,224.291179423378,0.456329772110836,2,"97,251,499,754",4,0.329664380398263,0.333419777615163,142.71506,1.005,1.008,0.005,1.005
"251,501,751",0.3,3,113.642563165714,"215,248,253,501,682,753",0.267788458360974,0.268052021474506,6,105.045883487204,"253,501,753",3,93.1581066357473,0.28643869112399,"253,501,753",3,133.986716777643,0.359046167213871,3,"253,501,682,753",4,0.266105521064072,0.272760531750923,92.02728,3.004,0.004,0.004,1.004
"251,501,751",0.3,3,107.468076062837,"250,414,504,750",0.28902361814159,0.28598188034953,4,106.770896140456,"251,501,750",3,105.191523906306,0.298089579161208,"250,504,750",3,221.422598239663,0.475539861715413,2,"250,414,504,750",4,0.28405968089917,0.28598188034953,104.37757,1.005,0.001,0.005,1.005
"251,501,751",0.3,3,118.858795662563,"248,498,522,751",0.284488152387462,0.279175559247954,4,128.81544805785,"249,500,751",3,119.528187746301,0.280063700843611,"248,500,751",3,94.3040934277899,0.221835477731242,3,"248,498,751",3,0.279432148539323,0.283263077741165,121.13338,1.006,0.003,0.004,0.006
"251,501,751",0.3,3,93.0919071301494,"251,503,751",0.314642454950037,0.313015199506582,3,102.45535269847,"251,503,751",3,96.1909706975874,0.313015199506582,"251,503,751",3,72.4603561747541,0.26424635752159,2,"251,503,751",3,0.305773081527998,0.313015199506582,97.88498,0.002,0.002,0.002,0.002
"251,501,751",0.3,3,70.5605040121739,"129,253,501,751",0.27830007672123,0.268812289950945,4,56.9869383240783,"253,501,751",3,50.5616176482445,0.27839475667739,"253,501,751",3,51.978543168171,0.281103285502758,2,"129,253,501,751",4,0.268046524071849,0.268812289950945,51.81969,1.002,0.002,0.002,1.002
"251,501,751",0.3,3,92.7442972561791,"251,500,513,751,821",0.307100191605873,0.297048890493079,5,85.0630266117529,"251,513,751",3,67.9570352214175,0.305945981232927,"251,513,751",3,34.0710479207208,0.227859594226788,3,"251,513,751",3,0.301116334333166,0.305945981232927,70.81839,2.001,0.012,0.012,0.012
"251,501,751",0.3,3,125.164338247026,"248,251,501,749,760",0.322981693202079,0.323124497960347,5,135.370554896431,"248,501,749",3,122.836117451431,0.325639860700092,"248,501,749",3,141.130499384603,0.359211271101572,3,"248,501,749",3,0.322504027870611,0.325639860700092,121.79809,2.002,0.005,0.005,0.005
"251,501,751",0.3,3,122.411632321214,"251,311,501,748",0.240067742925798,0.235070993367424,4,125.909403987162,"254,501,749",3,118.199760534637,0.242483923254973,"251,501,748",3,135.542538005584,0.278936228687832,2,"251,311,501,748",4,0.228299447335884,0.235070993367424,120.91273,1.003,0.005,0.003,1.003
"251,501,751",0.3,3,120.648193957464,"251,501,697,751,752",0.297524797161819,0.289233760479876,5,105.18882340597,"251,501,752",3,89.4125034677732,0.295629073638608,"251,501,752",3,52.5354006261765,0.193096807796584,3,"251,501,751",3,0.291965983801031,0.29625573304227,92.24455,2,0.001,0.001,0
"251,501,751",0.3,3,101.930429491205,"25,251,480,493,501,575,751",0.295296898506779,0.268784140797402,7,105.582951147055,"251,493,752",3,85.5911669762108,0.299382053353068,"251,493,751",3,117.225205154791,0.356156097746575,3,"25,251,480,493,575,751",6,0.267131649514924,0.270972978138382,85.00196,4,0.009,0.008,3.008
"251,501,751",0.3,3,138.077160812055,"252,500,744,751",0.30559907316154,0.30436682293646,4,127.696725529798,"253,501,744",3,118.82115540583,0.304785586448315,"252,500,744",3,172.795877715449,0.403361731225026,3,"252,500,744",3,0.303360226651646,0.305611322880297,120.53051,1.002,0.009,0.009,0.009
"251,501,751",0.3,3,122.98527208619,"251,499,530,751,780",0.25760959892791,0.242558888872328,5,114.939985442443,"251,499,753",3,97.9993844961892,0.250992580608884,"251,499,751",3,180.150085169607,0.393465667448258,5,"251,499,751",3,0.249624940729642,0.252819493864473,101.93812,2.002,0.004,0.002,0.002
"251,501,751",0.3,3,118.46459018058,"194,251,500,745,751",0.268737599893913,0.249772594600352,5,100.257942476349,"251,500,747",3,78.7160188637116,0.256694661735158,"251,500,746",3,95.3810162443821,0.292481383904724,3,"251,500,745",3,0.257800455863908,0.258123183777817,84.44253,2.001,0.005,0.006,0.007
"251,501,751",0.3,3,111.393957338878,"248,251,497,510,721,751",0.278691959768956,0.276927460223555,6,136.262672706374,"251,497,751",3,120.754979624457,0.289288245765882,"251,497,751",3,105.153028548654,0.256888843839937,3,"251,497,751",3,0.281916053936853,0.289288245765882,120.46447,3.004,0.004,0.004,0.004
"251,501,751",0.3,3,80.6754944688257,"248,501,749,751",0.288986668972468,0.282363712657473,4,72.3717752826988,"248,503,751",3,58.5916284714529,0.280095921126053,"248,501,750",3,123.728798819974,0.386934033281529,3,"248,501,751",3,0.276315183067431,0.282312836848062,59.06314,1.003,0.005,0.004,0.003
"251,501,751",0.3,3,124.558886300583,"249,500,750",0.287542566315003,0.27583101376358,3,110.163141480627,"251,501,750",3,100.331074942495,0.274606434964847,"251,501,750",3,68.9440434094936,0.185345074639779,2,"249,500,750",3,0.276052067807919,0.27583101376358,105.07637,0.004,0.001,0.001,0.004
"251,501,751",0.3,3,63.6221321120552,"251,503,740,752,771",0.279030878042471,0.248086395811881,5,86.7266489522998,"251,503,752",3,60.0465897902889,0.25672487334566,"251,503,752",3,21.9588295236986,0.161474335214461,4,"251,503,752",3,0.251530734245659,0.25672487334566,60.29127,2.003,0.003,0.003,0.003
"251,501,751",0.3,3,90.4712526707717,"247,501,751",0.289440639969305,0.272589704624933,3,116.818929743094,"251,501,753",3,97.6264787587454,0.264885308915438,"251,501,751",3,63.011254705376,0.181494743594821,2,"247,501,751",3,0.265936048255763,0.272589704624933,104.98252,0.004,0.002,0,0.004
"251,501,751",0.3,3,116.06709245243,"251,255,500,510,756",0.283699308350215,0.276875907463113,5,114.344680032186,"255,501,756",3,96.6591849226039,0.27882976866383,"255,501,756",3,94.2383465093227,0.273658414514338,4,"255,500,756",3,0.280657289217396,0.279372024425713,101.08155,2.006,0.009,0.009,0.01
"251,501,751",0.3,3,89.3496771409881,"231,251,262,498,501,751,763,813",0.246997478881426,0.249965765993357,8,110.196094426088,"251,501,752",3,89.4339045491388,0.266875870015352,"251,501,751",3,102.114479954668,0.291667569165679,4,"251,501,751,763",4,0.256892660108096,0.260044483831103,90.63649,5,0.001,0,1
"251,501,751",0.3,3,105.50923570042,"251,503,751",0.335102146574221,0.324321032989062,3,134.472730068345,"251,503,751",3,125.612058933683,0.324321032989062,"251,503,751",3,266.929193657874,0.524009914163989,2,"251,503,751",3,0.315803434959149,0.324321032989062,124.03092,0.002,0.002,0.002,0.002
"251,501,751",0.3,3,125.943031518036,"251,452,497,749,761",0.293795378038919,0.292883472463546,5,121.73444822235,"251,498,751",3,109.990561459801,0.298868259166773,"251,498,751",3,66.1905482944771,0.164423203368306,3,"251,497,749",3,0.300647663441826,0.304252678559766,114.49889,2.006,0.003,0.003,0.006
"251,501,751",0.3,3,113.257634584807,"251,500,751",0.265649284009468,0.246754051142143,3,110.700918477138,"251,501,751",3,96.6342312058119,0.2486336949578,"251,500,751",3,212.177825380858,0.431582354509403,2,"251,500,751",3,0.245374579993769,0.246754051142143,101.46693,0.001,0,0.001,0.001
"251,501,751",0.3,3,122.692325808791,"251,501,732,748,813",0.310003574657639,0.28437365504191,5,120.2683933068,"252,501,749",3,100.799530870819,0.292781497830879,"251,501,749",3,70.0580416366988,0.213371250736837,3,"251,501,748,813",4,0.282570442370064,0.284914036518402,100.67288,2.003,0.003,0.002,1.003
"251,501,751",0.3,3,106.282684438398,"251,254,499,751",0.310623660773933,0.301947893127912,4,124.01244913472,"254,500,751",3,111.494585173304,0.302196287717585,"253,500,751",3,55.7306284835132,0.0939442870828768,3,"251,499,751",3,0.302229622357888,0.304558480924126,114.24555,1.002,0.004,0.003,0.002
"251,501,751",0.3,3,107.586764121626,"251,499,500,750",0.29289443787062,0.290335014269803,4,94.2706241735821,"251,500,750",3,84.9452507540516,0.289856152335784,"251,499,750",3,127.395135688798,0.366073392197252,3,"251,500,750",3,0.286418625514228,0.289856152335784,84.87015,1.002,0.002,0.003,0.002
"251,501,751",0.3,3,102.40404001101,"251,490,500,701,751,771",0.276974862207025,0.283531980784403,6,141.289310229469,"251,490,751",3,130.748047184991,0.298416803709843,"251,490,751",3,242.240462863419,0.457462835114325,3,"251,490,500,751",4,0.284897535780409,0.292593676686685,134.58644,3.001,0.011,0.011,1.001
"251,501,751",0.3,3,76.8289450947244,"250,500,528,751,802",0.293865711489345,0.298106061600477,5,79.4273851736739,"250,500,751",3,73.1407688126897,0.309287663558643,"250,500,751",3,17.4088445613638,0.15823343749262,4,"250,500,751",3,0.305580736955198,0.309287663558643,74.79148,2.002,0.002,0.002,0.002
"251,501,751",0.3,3,119.055287580037,"251,501,751",0.336720614408629,0.32362986398499,3,130.635310334701,"251,501,751",3,123.311023750746,0.32362986398499,"251,501,750",3,75.0534339847661,0.196722943002143,2,"251,501,751",3,0.318003446650151,0.32362986398499,120.87697,0,0,0.001,0
"251,501,751",0.3,3,91.6576371852952,"251,273,501,751",0.338098569410717,0.336066010806573,4,121.120399281118,"253,501,753",3,117.509684489488,0.344759480338488,"251,501,751",3,170.247795800215,0.427864873268587,7,"251,501,751",3,0.338955929058296,0.343152627271708,116.52856,1,0.004,0,0
"251,501,751",0.3,3,112.203751241208,"251,501,744",0.314441761658978,0.311136131249254,3,140.741018250152,"251,501,744",3,135.877128083216,0.311136131249254,"251,501,744",3,75.4992930249898,0.0988404480937168,2,"251,501,744",3,0.306610473397844,0.311136131249254,136.54118,0.007,0.007,0.007,0.007
"251,501,751",0.3,3,154.270131165651,"250,501,750",0.299045397287592,0.276448781461138,3,110.036754786399,"251,502,750",3,99.2385907423308,0.279444042377351,"250,501,750",3,92.8474261876586,0.264080870930128,2,"250,501,750",3,0.277950350636812,0.276448781461138,101.38537,0.002,0.002,0.002,0.002
"251,501,751",0.3,3,94.0879144401639,"70,250,265,453,483,500,521,637,751,790,882",0.398571852193302,0.32150986167269,11,210.452918013244,"254,499,750",3,126.903040143903,0.35204297680226,"21,252,499,750",4,70.9169674410687,0.234911531192966,8,"70,250,265,500,751",5,0.336633784472066,0.335192737619944,130.49886,8.002,0.006,1.004,2.002
"251,501,751",0.3,3,117.805335130084,"221,251,499,749",0.289384619149847,0.289751744188,4,130.784432103192,"251,500,749",3,124.748142387912,0.295461639384428,"251,499,749",3,127.843206781201,0.302737170924051,4,"251,499,749",3,0.293716265708302,0.295863662900745,127.80323,1.004,0.003,0.004,0.004
"251,501,751",0.3,3,115.667765918481,"248,500,749,753",0.320799800647858,0.303038295551637,4,139.213132315083,"249,501,751",3,118.773010820439,0.299432056924214,"248,500,749",3,159.418251557656,0.372617280912888,7,"248,500,749",3,0.30618651250313,0.304048707124906,124.90977,1.006,0.002,0.006,0.006
"251,501,751",0.3,3,103.338478169601,"251,269,501,750",0.313025777385923,0.306871011865369,4,119.147882328681,"256,501,751",3,107.043893840699,0.306461804008274,"256,501,750",3,174.022704422368,0.413448370993263,7,"251,501,750",3,0.30961942060173,0.310788757797721,112.02233,1.001,0.005,0.006,0.001
"251,501,751",0.3,3,98.8559186620001,"219,250,501,751,758",0.281089632549989,0.27838525480476,5,109.807562313587,"250,501,751",3,97.801358769905,0.283895481375478,"249,501,751",3,191.861418607793,0.429302879952789,4,"250,501,751",3,0.278612782855135,0.283895481375478,96.82024,2.001,0.001,0.002,0.001
"251,501,751",0.3,3,105.493016131679,"250,255,500,750,802",0.278966370861833,0.265952316928074,5,82.7730292797889,"256,501,750",3,65.7022642694296,0.272226275428048,"255,500,750",3,141.0600842776,0.404417272990048,4,"255,500,750",3,0.275820449060503,0.275224342554359,70.4804,2.003,0.006,0.006,0.006
"251,501,751",0.3,3,123.037002208745,"243,271,501,751",0.311313413790039,0.298527479127736,4,137.530169861052,"251,502,751",3,125.272763970614,0.302286786631524,"251,501,751",3,176.32681888724,0.391829843844301,2,"243,271,501,751",4,0.292432902772625,0.298527479127736,128.29,1.008,0.001,0,1.008
"251,501,751",0.3,3,106.836982932075,"254,501,752",0.274007986040657,0.258127744947968,3,83.0819315493719,"254,501,752",3,72.5317407266087,0.258127744947968,"254,501,752",3,97.0405858848386,0.305442991197445,2,"254,501,752",3,0.253058080934076,0.258127744947968,73.25545,0.004,0.004,0.004,0.004
"251,501,751",0.3,3,136.350833374606,"251,494,750",0.320510876219418,0.310690318563659,3,96.2117308903268,"251,494,751",3,89.9714564630089,0.311051562274573,"251,494,750",3,125.19467648739,0.378816232401642,2,"251,494,750",3,0.304838554380923,0.310690318563659,89.03493,0.008,0.007,0.008,0.008
"251,501,751",0.3,3,116.934851936895,"250,490,499,751,755",0.33404974822444,0.332809624870386,5,143.887549058348,"251,499,754",3,129.506046001582,0.332586608297793,"250,499,752",3,149.883970982756,0.369557767968287,10,"250,499,751",3,0.340195855275127,0.339994608484445,136.3826,2.003,0.005,0.004,0.003
"251,501,751",0.3,3,113.150574741168,"251,501,754",0.322653462630913,0.30482151952552,3,116.769279711618,"251,501,754",3,102.948373430213,0.30482151952552,"251,501,747",3,152.474727398192,0.383411148414722,2,"251,501,754",3,0.29891513485629,0.30482151952552,104.77032,0.003,0.003,0.004,0.003
"251,501,751",0.3,3,94.2302497538288,"251,501,751",0.298281635973624,0.29329515981677,3,120.911465438534,"251,501,751",3,115.284266733894,0.29329515981677,"251,500,751",3,161.176374491904,0.368395314551957,2,"251,501,751",3,0.286466971129649,0.29329515981677,114.81595,0,0,0.001,0
"251,501,751",0.3,3,120.719561866594,"250,501,634,751,833",0.26140929537228,0.259748450518221,5,105.027341499619,"250,501,751",3,96.6259978901059,0.274330923312656,"250,501,751",3,192.980693405724,0.433444027163845,3,"250,501,751",3,0.270062757800436,0.274330923312656,99.69811,2.001,0.001,0.001,0.001
"251,501,751",0.3,3,107.453449556341,"251,499,741",0.358951729774921,0.347044551533887,3,130.625329787942,"253,501,742",3,121.294359107935,0.344650135768965,"251,499,741",3,144.524885016262,0.387115891053217,2,"251,499,741",3,0.346964224474252,0.347044551533887,123.94619,0.012,0.011,0.012,0.012
"251,501,751",0.3,3,125.343476088564,"247,498,507,751",0.283996781838264,0.277122357760449,4,88.9638304278193,"247,507,751",3,78.4019904213652,0.279745266810257,"247,507,751",3,100.463970636963,0.324663879200773,4,"247,507,751",3,0.276491837060725,0.279745266810257,80.2671,1.007,0.01,0.01,0.01
"251,501,751",0.3,3,112.804082686668,"251,501,749,756",0.299989219863497,0.289918878517034,4,127.021144859738,"251,502,754",3,111.300223674363,0.288197394287842,"251,501,754",3,107.312946723619,0.281655187290592,4,"251,501,756",3,0.288198776026088,0.29189753540724,114.43157,1.002,0.004,0.003,0.005
"251,501,751",0.3,3,140.733162734145,"251,499,751,757",0.273056383135619,0.262351084656916,4,153.957956485928,"251,501,757",3,139.522967129214,0.263621394935425,"251,499,757",3,215.497897120064,0.395824935258431,3,"251,499,757",3,0.262396525441111,0.264538935329452,143.90557,1.002,0.006,0.008,0.008
"251,501,751",0.3,3,119.058852995936,"251,502,751",0.230143885104274,0.224501820495279,3,67.1413644474273,"251,502,752",3,59.772761742025,0.221246319189978,"251,502,752",3,33.5929333118882,0.122580236730423,2,"251,502,751",3,0.21999660544196,0.224501820495279,63.36079,0.001,0.002,0.002,0.001
"251,501,751",0.3,3,94.7801652734136,"242,251,437,504,751",0.278742480835272,0.272271465725173,5,81.6432031794271,"251,504,751",3,66.8716613474014,0.280983847927972,"250,504,751",3,72.0707602276912,0.291594069373383,4,"251,504,751",3,0.274444817701021,0.280983847927972,68.60994,2.003,0.003,0.004,0.003
"251,501,751",0.3,3,90.8577239317641,"251,500,756",0.341041613675875,0.291417178993911,3,132.744092430113,"251,500,752",3,100.836356308101,0.289970871124933,"251,500,751",3,85.0398418431924,0.259242533747579,2,"251,500,756",3,0.290685390472647,0.291417178993911,103.77619,0.006,0.002,0.001,0.006
"251,501,751",0.3,3,109.747945666149,"251,496,720,751",0.369388540913066,0.362599475325494,4,143.40617459918,"252,496,751",3,132.790901073711,0.362152080136518,"251,496,751",3,122.270381374188,0.347008905406097,3,"251,496,751",3,0.362928572635419,0.367171203266256,133.76727,1.005,0.006,0.005,0.005
"251,501,751",0.3,3,87.7475481230581,"222,250,501,698,746,751",0.214474747260162,0.204651512193351,6,44.0148808560649,"250,501,751",3,22.6079265607194,0.216635615078848,"250,501,746",3,-6.59683637841576,0.0758391349510001,3,"250,501,751",3,0.216892784691866,0.216635615078848,28.40664,3.001,0.001,0.006,0.001
"251,501,751",0.3,3,93.2603758581644,"61,251,487,500,748,751",0.21922078599907,0.223443631650659,6,65.5164413187391,"61,251,500,751",4,53.175492501791,0.229401776807434,"61,251,500,751",4,42.8083360888703,0.20527524614184,5,"61,251,500,751",4,0.220622149408176,0.229401776807434,54.06718,3.001,1.001,1.001,1.001
"251,501,751",0.3,3,102.77654925211,"250,498,528,751",0.285838599258895,0.275292668251539,4,109.840981798866,"251,502,751",3,98.959640524536,0.27917970590008,"250,502,751",3,103.652324368644,0.289780130931839,5,"250,498,751",3,0.280893497411868,0.282875877271395,102.93296,1.004,0.001,0.002,0.004
"251,501,751",0.3,3,115.003012463415,"258,501,752",0.286028368589651,0.251805150367883,3,114.097670970852,"259,501,752",3,94.9599405066154,0.251861031585824,"258,501,751",3,89.1804676648526,0.24181430837506,2,"258,501,752",3,0.252439971915027,0.251805150367883,98.29147,0.008,0.009,0.007,0.008
"251,501,751",0.3,3,109.209241796915,"251,477,501,749,752",0.30408105012881,0.297057147230745,5,121.882765982136,"252,501,751",3,105.114342773756,0.298093126524116,"251,501,750",3,64.3255279094143,0.193013860469339,4,"251,501,749",3,0.305365578396909,0.306377266575429,112.72159,2.001,0.001,0.001,0.002
"251,501,751",0.3,3,131.410192181259,"250,450,492,501,751",0.264692270026038,0.252203743132383,5,139.073063055443,"250,502,751",3,121.769808486165,0.259897005595209,"250,501,751",3,114.236662219196,0.243039714180975,3,"250,501,751",3,0.257659195380646,0.259102678447716,124.30766,2.001,0.002,0.001,0.001
"251,501,751",0.3,3,117.678673842482,"249,501,750",0.286822838146264,0.284728208743944,3,112.855637218424,"249,501,751",3,107.822014874137,0.283759907174106,"249,501,750",3,199.012150431163,0.431537507156303,2,"249,501,750",3,0.280607364474992,0.284728208743944,109.99069,0.003,0.002,0.003,0.003
"251,501,751",0.3,3,123.531077788674,"217,244,262,479,496,745,751",0.273327862381167,0.271184009804066,7,119.33594072315,"244,496,745",3,103.334881789893,0.292034248619267,"244,496,745",3,156.22606770977,0.385126965005405,5,"244,262,479,496,745,751",6,0.265443968082913,0.274894985944568,109.89967,4.012,0.018,0.018,3.012
"251,501,751",0.3,3,118.624941136132,"144,251,501,746,759",0.315499745327225,0.319134183738877,5,153.975747871927,"251,501,759",3,161.704554646834,0.345629087427373,"251,501,746",3,291.906995485628,0.529193792523434,2,"144,251,501,746,759",5,0.307849524434957,0.319134183738877,149.88394,2.005,0.008,0.005,2.005
"251,501,751",0.3,3,121.633927130701,"250,495,501,512,731,751",0.298342418066983,0.28935965205371,6,164.672337496561,"251,501,737",3,145.482254935743,0.299618776516797,"250,501,736",3,114.363634093139,0.234177395262103,3,"250,501,731,751",4,0.289859283144332,0.294203503275739,147.7839,3.001,0.014,0.016,1.001
"251,501,751",0.3,3,109.432839695914,"253,499,750",0.352524104756477,0.343979545914278,3,124.829700499005,"254,499,750",3,116.606561699081,0.344724672723417,"253,499,750",3,81.0988079443545,0.271780653861492,2,"253,499,750",3,0.341298460609045,0.343979545914278,118.70322,0.005,0.006,0.005,0.005
"251,501,751",0.3,3,76.272775847886,"251,322,464,501,616,727,750",0.29252965037555,0.268148919434782,7,102.868716185971,"253,501,751",3,85.2452462164035,0.30131441489985,"251,501,750",3,167.067680217143,0.426942739273706,2,"251,322,464,501,616,727,750",7,0.264066883729048,0.268148919434782,87.59037,4.001,0.002,0.001,4.001
"251,501,751",0.3,3,130.67554931969,"217,266,272,501,513,745,751",0.224337044739022,0.207278500248616,7,122.06694978018,"218,266,501,749",4,98.230663922116,0.217024716742922,"266,501,749",3,98.6558992208782,0.219265948956154,7,"217,266,501,513,745,751",6,0.203302037464179,0.210190333153874,107.83769,4.015,1.017,0.017,3.015
"251,501,751",0.3,3,132.16301190152,"251,500,751",0.30893023892353,0.299232995597027,3,134.023644505459,"251,501,751",3,125.7519552871,0.298392576101724,"251,500,751",3,220.188593010741,0.452901298068988,2,"251,500,751",3,0.297683177412385,0.299232995597027,128.72697,0.001,0,0.001,0.001
"251,501,751",0.3,3,131.671063817769,"251,503,720,748,754",0.2842230622473,0.264990318809192,5,127.192093269937,"251,503,748",3,106.952204017117,0.270125860530952,"251,503,748",3,97.8060292287341,0.248566603738461,9,"251,503,748",3,0.265276495440199,0.270125860530952,106.77046,2.005,0.005,0.005,0.005
"251,501,751",0.3,3,101.805478409316,"251,501,751",0.307293214753285,0.293920523508292,3,121.481108838197,"252,501,751",3,110.76801118662,0.293741642657849,"252,501,751",3,70.2065443428355,0.193188186103717,2,"251,501,751",3,0.294083507139827,0.293920523508292,114.62196,0,0.001,0.001,0
"251,501,751",0.3,3,92.5222694434384,"263,500,751",0.321954483465593,0.291424050062242,3,115.366566372907,"255,501,754",3,88.4233016054895,0.279177034318383,"254,500,751",3,166.717067995447,0.40638132418204,2,"263,500,751",3,0.288909529632415,0.291424050062242,97.86276,0.013,0.007,0.004,0.013
"251,501,751",0.3,3,80.1161743167176,"251,501,636,751",0.278232878005388,0.271572018649979,4,76.6718727508196,"251,501,751",3,72.3387395922594,0.283549856727062,"251,501,751",3,25.8492647330076,0.15559931131505,2,"251,501,636,751",4,0.265581059459516,0.271572018649979,70.33955,1,0,0,1
"251,501,751",0.3,3,117.117640077949,"251,501,751",0.320374056880341,0.309585451581806,3,147.420012432724,"251,509,751",3,134.2592867589,0.306945565999261,"251,509,751",3,128.300672422202,0.295355795835117,7,"251,501,557,751",4,0.294667947303011,0.299228351473078,138.77625,0,0.008,0.008,1
"251,501,751",0.3,3,109.309185179859,"247,501,748",0.361968953805906,0.338736217037571,3,148.622742783936,"247,501,748",3,132.209521477082,0.338736217037571,"247,501,748",3,79.8298038347112,0.216129929001105,2,"247,501,748",3,0.337091682633319,0.338736217037571,134.50234,0.007,0.007,0.007,0.007
"251,501,751",0.3,3,89.2291829257781,"251,502,562,749",0.324073385665309,0.309594713297436,4,124.472089714585,"251,502,750",3,109.835518327162,0.311485412000641,"251,502,750",3,61.040357996617,0.195901393814444,4,"251,502,749",3,0.315530204888804,0.315313460348507,114.47081,1.003,0.002,0.002,0.003
"251,501,751",0.3,3,109.487638711262,"252,499,737,743,755",0.295867514220207,0.289324105912286,5,101.707091871662,"252,499,743",3,87.7809715656258,0.295884924059322,"252,499,743",3,144.090702202656,0.391639320661902,3,"252,499,737,755",4,0.284037566225616,0.289302843601793,89.06585,2.007,0.011,0.011,1.007
"251,501,751",0.3,3,106.831082274326,"249,499,505,743,751",0.299552470792256,0.294614676241376,5,145.012976409778,"249,501,751",3,126.841153034201,0.29819508923679,"249,501,751",3,91.5265921894823,0.219804477982682,4,"249,499,751",3,0.294207400073946,0.299495293402658,130.01693,2.004,0.002,0.002,0.004
"251,501,751",0.3,3,140.631078129564,"251,500,751",0.287922931999449,0.272847562093203,3,150.111013828566,"253,502,752",3,135.91475601348,0.265071159170741,"253,500,751",3,109.122563424065,0.195022352154383,2,"251,500,751",3,0.271653810717179,0.272847562093203,142.92155,0.001,0.004,0.003,0.001
"251,501,751",0.3,3,136.604188779281,"251,500,751",0.25070401505827,0.250042006433562,3,116.261498996499,"251,501,751",3,111.296280955557,0.251498000492054,"251,500,751",3,142.039380836937,0.314316648037862,2,"251,500,751",3,0.246477844301386,0.250042006433562,114.57801,0.001,0,0.001,0.001
"251,501,751",0.3,3,125.090893230765,"229,253,341,500,537,750",0.285497407169467,0.265249917341985,6,138.642922090089,"253,500,750",3,128.803338442185,0.294217489887497,"252,500,750",3,180.071285222111,0.382036416891898,5,"229,253,500,537,750",5,0.269936234788014,0.272702201600609,126.2899,3.004,0.004,0.003,2.004
"251,501,751",0.3,3,114.849527969918,"250,501,504,740,749",0.347465726800754,0.347564312522623,5,144.727226486975,"251,504,745",3,131.41696933242,0.347039428685227,"251,504,740",3,84.957763516906,0.244798368228174,3,"250,501,740",3,0.351502540488677,0.353401011157209,135.04252,2.003,0.009,0.014,0.012
"251,501,751",0.3,3,78.6794766447643,"250,500,501,750",0.304172691541795,0.296697547011596,4,107.571420363678,"250,501,750",3,95.0136187781921,0.296777060073603,"250,501,750",3,43.2974719348003,0.166917108454887,3,"250,501,750",3,0.294465749905689,0.296777060073603,95.5019,1.002,0.002,0.002,0.002
"251,501,751",0.3,3,86.8931325185311,"93,253,501,517,581,751,809",0.236656955697527,0.236218609957145,7,79.9304876720452,"253,501,752",3,72.9731030932766,0.265724730192201,"253,501,751",3,104.474145410582,0.323232540920227,9,"93,253,501,751",4,0.252387095834992,0.254932682015355,73.40414,4.002,0.003,0.002,1.002
"251,501,751",0.3,3,124.776247537292,"251,268,501,746,748",0.302285533359604,0.300284263774744,5,122.659192340276,"251,502,748",3,108.913189486562,0.304222577676496,"251,501,748",3,64.1251018901636,0.174326046449623,3,"251,501,748",3,0.299766571676261,0.304495982529903,108.27973,2.003,0.004,0.003,0.003
"251,501,751",0.3,3,107.591837202118,"245,251,502,751",0.267445365814225,0.254376792207237,4,94.9092466332363,"253,502,751",3,80.5373426103441,0.254736902660293,"251,502,751",3,56.0762723426407,0.192051595050157,4,"251,502,751",3,0.254885599725873,0.25718865685209,84.41176,1.001,0.003,0.001,0.001
"251,501,751",0.3,3,87.0721922146458,"94,251,501,755",0.251227532680159,0.253279318809354,4,64.6944020950729,"252,501,755",3,59.3414255153767,0.258038350685373,"251,501,755",3,116.936662339956,0.358141625795037,4,"251,501,755",3,0.256349559689804,0.260163177354727,62.54046,1.004,0.005,0.004,0.004
"251,501,751",0.3,3,139.727583708683,"251,267,501,531,751,760",0.275421214943176,0.261077233981639,6,155.116622781664,"255,501,758",3,134.369145020606,0.273054829030817,"255,501,608,614,758",5,90.1759694958354,0.0753135301488406,6,"251,501,760",3,0.272996201853944,0.27827126117422,138.33767,3,0.011,2.011,0.009
"251,501,751",0.3,3,120.384831859411,"251,499,502,751",0.276041781293406,0.275852776320416,4,96.8960512908169,"251,502,751",3,84.3122711092441,0.275823762413236,"251,500,751",3,59.3199983388528,0.210209756714528,3,"251,502,751",3,0.269073069918806,0.275823762413236,86.93838,1.001,0.001,0.001,0.001
"251,501,751",0.3,3,139.244949335443,"250,310,472,500,751",0.206012105571021,0.180454130052118,5,108.187804378884,"251,501,751",3,88.4095828271415,0.188519314170904,"250,500,751",3,106.493842953279,0.238214071211197,3,"250,500,751",3,0.193256052569548,0.1925751698785,94.65617,2.002,0,0.002,0.002
"251,501,751",0.3,3,102.437061123094,"100,251,499,506,729,751,775,867",0.277331888692017,0.269176101603403,8,110.702341517953,"251,502,751",3,94.8642343399907,0.304761100099168,"251,501,751",3,90.841932675477,0.297163254465036,4,"251,499,506,751,775,867",6,0.273426770140139,0.278554203171593,98.1366,5.002,0.001,0,3.002
"251,501,751",0.3,3,78.7203090311326,"251,501,751",0.292211223431298,0.283270308196073,3,75.8498088953536,"251,502,751",3,68.7102591875365,0.285852997695112,"251,502,751",3,14.3040890870602,0.1035188329268,2,"251,501,751",3,0.277136187555683,0.283270308196073,68.18727,0,0.001,0.001,0
"251,501,751",0.3,3,87.373787119724,"251,441,496,505,751,804",0.271445675121781,0.27101776124884,6,105.385105366171,"251,496,751",3,89.041770258348,0.282616897950326,"251,496,751",3,124.537693645404,0.342599447300622,3,"251,496,751",3,0.275079999446018,0.282616897950326,89.95639,3.004,0.005,0.005,0.005
"251,501,751",0.3,3,89.2257262163753,"251,501,751",0.314308362193827,0.313244991179732,3,96.6163589733166,"251,501,752",3,89.3450095873953,0.309049439616187,"251,501,751",3,84.9112350483544,0.304168044149551,2,"251,501,751",3,0.305272016875271,0.313244991179732,91.95199,0,0.001,0,0
"251,501,751",0.3,3,134.500040067676,"246,253,500,751",0.289580506470708,0.282689794106907,4,126.690245328537,"253,500,751",3,114.789289626297,0.284962914714853,"253,500,751",3,219.887509560865,0.455733676133042,4,"253,500,751",3,0.281802581360897,0.284962914714853,116.60395,1.003,0.003,0.003,0.003
"251,501,751",0.3,3,128.145674779472,"251,500,753",0.320795180832043,0.294639529108093,3,150.595991516488,"251,500,753",3,132.790026476096,0.294639529108093,"251,500,753,993",4,93.8334564297803,0.201516082799646,2,"251,500,753",3,0.291728492058984,0.294639529108093,135.25668,0.003,0.003,1.003,0.003
"251,501,751",0.3,3,123.28604248961,"251,501,749",0.282429821749253,0.263990580284032,3,96.0782465961158,"251,501,750",3,85.4834599458309,0.263464542602422,"251,501,749",3,83.8023592448939,0.260401991527834,2,"251,501,749",3,0.263637655071499,0.263990580284032,87.76378,0.002,0.001,0.002,0.002
"251,501,751",0.3,3,96.7581417736082,"251,501,751",0.315350247256199,0.309327107194909,3,98.1834684900186,"252,503,751",3,89.1682192718962,0.30777617755889,"252,503,710,715,751",5,32.0247576334867,0.121127057423277,2,"251,501,751",3,0.308011925215492,0.309327107194909,94.50801,0,0.003,2.003,0
"251,501,751",0.3,3,101.076852162132,"251,453,501,751",0.294802844550207,0.291543981543474,4,106.597220962819,"251,501,751",3,111.069550195238,0.310171266070508,"251,501,751",3,108.613372122602,0.305557547073252,2,"251,453,501,751",4,0.284440714655047,0.291543981543474,101.35927,1,0,0,1
"251,501,751",0.3,3,88.0089474854392,"242,250,501,750",0.306589099514028,0.302515633319693,4,102.874803079244,"251,501,751",3,93.5713053103324,0.306176331394145,"250,501,750",3,97.0709838625095,0.314468571686622,3,"250,501,750",3,0.300965789215274,0.302309820929906,93.247,1.002,0,0.002,0.002
"251,501,751",0.3,3,113.547100912048,"241,255,488,502,751",0.27913334896809,0.260077151092252,5,105.05480876479,"247,502,752",3,88.6213651405052,0.269147591457325,"244,502,751",3,117.105917291255,0.325768413344995,2,"241,255,488,502,751",5,0.258937374616578,0.260077151092252,95.65526,2.005,0.006,0.008,2.005
"251,501,751",0.3,3,121.255241739866,"250,501,750,771",0.313662433111389,0.309987155359937,4,123.759240795227,"251,501,751",3,116.963195423402,0.316705682781338,"250,501,750",3,73.2691721670837,0.206707396757234,2,"250,501,750,771",4,0.306619767486141,0.309987155359937,120.30719,1.002,0,0.002,1.002
"251,501,751",0.3,3,132.461597568449,"251,501,760",0.324351813923306,0.302551879512428,3,123.723897076176,"251,501,760",3,110.994473243337,0.302551879512428,"251,501,760",3,95.2623703092941,0.267877251694058,2,"251,501,760",3,0.296999192294805,0.302551879512428,110.09114,0.009,0.009,0.009,0.009
"251,501,751",0.3,3,76.6755122441824,"193,251,479,510,516,727,751",0.277751014636337,0.268521482229767,7,83.2336857388457,"251,510,752",3,68.52663210356,0.293328271622259,"250,510,751",3,295.4219176185,0.595636864375128,4,"251,479,516,751",4,0.273739876138481,0.274772192377061,62.97401,4.009,0.01,0.01,1.015
"251,501,751",0.3,3,119.974529901904,"250,501,742",0.315596381743112,0.313074723597807,3,144.66295069071,"251,501,742",3,138.676884259689,0.310502112833702,"250,501,742",3,112.865356898951,0.257998013723611,2,"250,501,742",3,0.308417153359019,0.313074723597807,140.99535,0.01,0.009,0.01,0.01
"251,501,751",0.3,3,144.242625944575,"250,489,499,745",0.291729323182713,0.28296121453314,4,91.1777081938882,"250,499,748",3,79.501811166436,0.28435029561415,"250,499,745",3,136.904351471217,0.395905365788714,3,"250,499,745",3,0.285659112295371,0.286250790297154,82.99367,1.009,0.006,0.009,0.009
"251,501,751",0.3,3,154.921923601708,"245,253,301,501,753",0.257457705297677,0.249694883231881,5,139.900154288294,"253,501,753",3,127.903154226185,0.261315556920893,"253,501,753",3,158.919079450857,0.326036591503867,3,"253,301,501,753",4,0.247994673043487,0.251238199444425,129.50291,2.004,0.004,0.004,1.004
"251,501,751",0.3,3,84.4612759649226,"246,251,260,463,501,519,751",0.331265794771685,0.332836825016797,7,138.725267713844,"251,505,751",3,116.393881745458,0.340864088733663,"251,501,751",3,159.489140282591,0.408679380008536,9,"260,501,751",3,0.34643823554567,0.349559425920535,123.40213,4,0.004,0,0.009
"251,501,751",0.3,3,54.78594495124,"56,251,501,746,751",0.320197266886912,0.318866014968207,5,109.404134840298,"251,501,751",3,97.0564559984402,0.323750905698186,"251,501,746",3,148.943810960385,0.400416059953189,5,"251,501,746",3,0.327137426341724,0.332075742013518,102.34457,2,0,0.005,0.005
"251,501,751",0.3,3,138.197139014029,"251,467,501,752",0.28581609926282,0.287686745379588,4,118.947441081913,"251,501,752",3,115.076365352346,0.292808283686337,"251,501,752",3,149.559987836918,0.35913540153234,3,"251,501,752",3,0.29001556139934,0.292808283686337,115.41809,1.001,0.001,0.001,0.001
"251,501,751",0.3,3,128.996806089036,"206,249,250,496,501,755",0.245023066750766,0.24005863255347,6,125.581134185056,"250,501,755",3,106.503874175904,0.247914097827713,"250,501,755",3,71.6016067898261,0.126090351290846,3,"250,496,755",3,0.24693216462834,0.249142365219428,109.3451,3.005,0.005,0.005,0.01
"251,501,751",0.3,3,113.061726706102,"243,251,474,501,751",0.295738837974161,0.272836306733928,5,128.409359023458,"251,501,752",3,106.757017913312,0.278987507640236,"250,501,752",3,65.8292910616551,0.159431824952259,3,"251,501,751",3,0.277702059482373,0.278577129458803,107.51969,2,0.001,0.002,0
"251,501,751",0.3,3,73.0954563805533,"251,508,751",0.366017805249193,0.356792477443587,3,140.09178904735,"251,508,751",3,131.367300604029,0.356792477443587,"251,508,751",3,84.728737090469,0.274772568237384,10,"251,508,706,751",4,0.343267108644879,0.349499039844122,130.78419,0.007,0.007,0.007,1.007
"251,501,751",0.3,3,86.9104727072928,"225,251,488,501,727,751,872",0.346349981096883,0.344212678797706,7,143.173159291546,"251,501,753",3,132.763558529247,0.366619530973035,"251,501,751",3,207.122138045752,0.473974432052323,3,"225,251,501,751,872",5,0.344826282214866,0.35038240366985,130.20914,4,0.002,0,2
"251,501,751",0.3,3,115.718806823238,"251,501,750",0.30967299664399,0.30376036559709,3,113.366734973429,"251,501,751",3,107.344399414098,0.303336064536007,"251,501,750",3,167.746850973455,0.406672742969726,2,"251,501,750",3,0.300559152240905,0.30376036559709,108.96987,0.001,0,0.001,0.001
"251,501,751",0.3,3,97.2427877689844,"251,275,501,751",0.358449002670619,0.347775958091269,4,151.178524002696,"251,501,751",3,141.076790196455,0.354827095695035,"251,501,751",3,114.207172846528,0.305877434978648,6,"251,501,751",3,0.35047856695988,0.354827095695035,141.58043,1,0,0,0
"251,501,751",0.3,3,126.809544768517,"248,501,510,750",0.289305450997991,0.273828285109948,4,104.188225475624,"248,506,750",3,90.3875580128776,0.275352740321807,"248,506,750",3,60.2992430360051,0.190494630122621,3,"248,501,750",3,0.276345026201568,0.278320611090528,92.32302,1.004,0.009,0.009,0.004
"251,501,751",0.3,3,104.330838404351,"41,148,245,271,303,481,494,508,751",0.270068296561494,0.255512208348251,9,137.123424809286,"248,501,752",3,108.528933087827,0.284159698931707,"245,500,751",3,165.646162841843,0.381743274835705,4,"41,245,303,481,508,751",6,0.262854368868078,0.265844799560719,116.39514,6.013,0.004,0.007,3.013
"251,501,751",0.3,3,129.10415369419,"251,499,754,837",0.335218424491154,0.32016933332904,4,150.320443455484,"251,499,754",3,138.895289526658,0.325896021851064,"251,499,754",3,170.13758226158,0.380138184985115,3,"251,499,754",3,0.320694297345506,0.325896021851064,137.29988,1.005,0.005,0.005,0.005
"251,501,751",0.3,3,122.034508429034,"247,501,754",0.32183444509866,0.294508586981859,3,107.689656273875,"247,503,754",3,88.6173525440803,0.291165367061184,"247,269,274,503,754",5,61.8464779524834,0.224669531386864,2,"247,501,754",3,0.292976809436708,0.294508586981859,93.7011,0.007,0.009,2.009,0.007
"251,501,751",0.3,3,124.023043057209,"251,461,501,749",0.313411247273288,0.296639032843271,4,120.252588409138,"253,501,751",3,103.028938442029,0.298565089138573,"253,501,751",3,103.928916048587,0.300442844609355,3,"251,501,749",3,0.297378376085167,0.303202441498009,107.48834,1.002,0.002,0.002,0.002
"251,501,751",0.3,3,124.188466893255,"249,475,501,706,749",0.340107313120304,0.332620001384078,5,157.798783831271,"249,501,749",3,144.659601936559,0.339964156531857,"248,501,745",3,319.132978228138,0.584865425513005,3,"249,501,749",3,0.338856847518887,0.339964156531857,145.63685,2.004,0.004,0.009,0.004
"251,501,751",0.3,3,112.25929958093,"252,498,750",0.322623164074429,0.311900340356417,3,126.985641073624,"252,500,750",3,119.671765026039,0.311661581641075,"252,498,750",3,122.532433947488,0.317868794789657,2,"252,498,750",3,0.308559674864306,0.311900340356417,119.66214,0.005,0.003,0.005,0.005
"251,501,751",0.3,3,109.704196601968,"251,500,751,917",0.309945541973903,0.298683897559512,4,115.139500254366,"251,500,751",3,106.487846353671,0.307835776716995,"251,500,751",3,82.5759599099242,0.255623094003952,2,"251,500,751,917",4,0.292221760768377,0.298683897559512,106.2391,1.001,0.001,0.001,1.001
"251,501,751",0.3,3,115.193195388653,"249,501,751",0.262401487543852,0.246146101891263,3,95.6622073161809,"250,503,751",3,84.83452245592,0.245273364862683,"249,503,751",3,60.7321437278762,0.179411834879951,2,"249,501,751",3,0.242856101212938,0.246146101891263,86.902,0.002,0.003,0.004,0.002
"251,501,751",0.3,3,101.930907988135,"250,498,751",0.25739665126091,0.249909921557546,3,76.6878681131351,"251,498,751",3,67.1008870525807,0.250452844318549,"250,498,751",3,51.850449826365,0.214715460542223,2,"250,498,751",3,0.246925137839764,0.249909921557546,72.14419,0.004,0.003,0.004,0.004
"251,501,751",0.3,3,131.607080691196,"248,499,508,558,750",0.327259104776817,0.307998720768704,5,132.241643486389,"249,508,751",3,112.667160155538,0.314362625481256,"248,508,750",3,64.4653883654024,0.156695802675037,3,"248,499,558,750",4,0.30620864753732,0.309107938826777,115.7065,2.006,0.009,0.011,1.006
"251,501,751",0.3,3,98.7212345874137,"251,501,754,898",0.345170256377043,0.322931557149268,4,145.944286273607,"251,501,754",3,131.474113314266,0.335683043980816,"251,501,754,899",4,62.8346872733019,0.0875961771143858,2,"251,501,754,898",4,0.317892884471747,0.322931557149268,130.28143,1.003,0.003,1.003,1.003
"251,501,751",0.3,3,97.8754810088365,"251,501,741,751,800",0.36851890220648,0.3635198859743,5,176.487787500543,"251,501,743",3,162.314663389126,0.369011300194062,"251,501,743",3,135.713998701466,0.324032188534443,3,"251,501,741,751",4,0.359779639441177,0.367329565228666,164.81856,2,0.008,0.008,1
"251,501,751",0.3,3,92.5545998218247,"247,501,749",0.253248162607563,0.242390664442739,3,49.1480858086765,"248,501,749",3,39.8168888012259,0.2400881503917,"247,501,749",3,86.9322327951626,0.32954993218163,2,"247,501,749",3,0.242152302287125,0.242390664442739,44.38091,0.006,0.005,0.006,0.006
"251,501,751",0.3,3,108.121562378812,"251,258,501,751",0.277675527736124,0.278718655153433,4,92.2988266881989,"258,501,751",3,84.2331444269207,0.2809707850269,"258,501,751",3,112.294120842505,0.333410753789436,3,"258,501,751",3,0.274959393543445,0.2809707850269,84.95776,1,0.007,0.007,0.007
"251,501,751",0.3,3,98.4162727628507,"253,501,609,751,756",0.290767853797998,0.287958546406368,5,97.7909580154722,"253,501,751",3,91.4825212583333,0.303003539568729,"253,501,751",3,51.5690423647877,0.206380217437717,2,"253,501,609,751,756",5,0.27819410456196,0.287958546406368,91.54514,2.002,0.002,0.002,2.002
"251,501,751",0.3,3,69.0614171743092,"250,501,745,754,905",0.277500199668496,0.26578661199566,5,78.7098078034067,"250,501,752",3,60.7365606158876,0.272519797426078,"250,501,751",3,119.262378251254,0.364955144913052,10,"250,501,754",3,0.274374151417819,0.276369967979027,66.6642,2.004,0.002,0.001,0.004
"251,501,751",0.3,3,97.7865390654795,"206,251,501,751",0.226110166103432,0.221307207773688,4,71.8227140980646,"252,501,751",3,65.2561635389739,0.229882269998076,"251,501,751",3,79.5174436614326,0.260952215478217,8,"251,501,751",3,0.22593286094935,0.229541077958555,67.8946,1,0.001,0,0
"251,501,751",0.3,3,90.8465568473447,"240,251,501,751,768",0.313446423613581,0.295726579624592,5,107.748349119871,"251,501,752",3,84.1143673455176,0.298174103183719,"251,501,751",3,99.4276096652151,0.328334527956597,3,"251,501,751",3,0.295262290664631,0.302036347058104,86.64158,2,0.001,0,0
"251,501,751",0.3,3,132.008617761287,"251,509,748",0.369469268668034,0.356682277027778,3,143.983543898455,"251,509,748",3,133.957409914222,0.356682277027778,"251,501,748",3,400.97317157809,0.722698060935219,2,"251,509,748",3,0.352090889258688,0.356682277027778,134.92526,0.011,0.011,0.003,0.011
"251,501,751",0.3,3,110.386779754047,"251,501,751",0.299710023038649,0.300871946956345,3,136.810950626996,"251,501,751",3,133.293633786005,0.300871946956345,"251,501,751",3,197.920476202635,0.402174634592317,2,"251,501,751",3,0.291751231365965,0.300871946956345,132.73153,0,0,0,0
"251,501,751",0.3,3,102.018061677647,"251,495,513,746,751,761",0.287478164936989,0.291198646550991,6,139.092418241933,"251,500,751",3,125.93746835893,0.302699990177405,"251,495,751",3,183.485514593036,0.39516184777823,2,"251,495,513,746,751,761",6,0.286529261815133,0.291198646550991,138.60764,3.006,0.001,0.006,3.006
"251,501,751",0.3,3,105.554739200744,"251,501,751",0.264414749632613,0.252293578327595,3,72.9427544363122,"251,501,751",3,66.6302480877208,0.252293578327595,"251,501,751",3,82.3260183749288,0.284553678318459,2,"251,501,751",3,0.24285889569895,0.252293578327595,63.46124,0,0,0,0
"251,501,751",0.3,3,97.2338016385116,"223,251,501,753,764",0.286087422055931,0.287071723521085,5,117.797356499441,"251,501,753",3,107.612076246703,0.294170423451386,"251,501,753",3,99.5744273071888,0.2786753157688,3,"251,501,753",3,0.28787063528197,0.294170423451386,107.0304,2.002,0.002,0.002,0.002
"251,501,751",0.3,3,122.451681773686,"249,286,360,501,715,750",0.247001029497092,0.230416336562676,6,124.667391478975,"249,501,750",3,110.637727978218,0.250014363820035,"249,501,750",3,114.000347699683,0.257294695916295,3,"249,286,501,750",4,0.237752106353544,0.239682685348411,109.86474,3.003,0.003,0.003,1.003
"251,501,751",0.3,3,131.954033753808,"251,499,504,751",0.283355795910077,0.287867631002124,4,130.221148162152,"251,501,751",3,121.360490806913,0.288463818277342,"251,501,751",3,104.746736516256,0.249543445953887,5,"251,499,751",3,0.286036515420299,0.28963539532076,126.29613,1.002,0,0,0.002
"251,501,751",0.3,3,118.418479509564,"251,496,501,750,774",0.304923356192262,0.310778585175255,5,142.400324994808,"251,501,751",3,132.948889253127,0.317221423572486,"251,501,750",3,112.876978546171,0.277112930346527,4,"251,501,750",3,0.309586988128699,0.317416048494415,133.04184,2.001,0,0.001,0.001
"251,501,751",0.3,3,105.953819872834,"249,500,750",0.284882239295017,0.274819895294216,3,112.095411985436,"251,501,751",3,104.273812766893,0.276130629515325,"249,500,750",3,78.6371346142356,0.218658653803353,2,"249,500,750",3,0.275870391312426,0.274819895294216,107.74944,0.004,0,0.004,0.004
"251,501,751",0.3,3,93.3950764219893,"105,176,247,251,377,451,502,749",0.339508647062677,0.334320866102735,8,133.335957892736,"247,502,749",3,121.623471134395,0.367570917327023,"247,500,749",3,181.565575367188,0.458696748581125,4,"105,176,247,377,451,502,749",7,0.326072958244825,0.333557622615822,118.73457,5.003,0.007,0.007,4.007
"251,501,751",0.3,3,95.6117119386661,"225,251,366,501,751,757,934",0.273673000022891,0.273854214541467,7,108.20125574486,"251,501,753",3,92.2710127409133,0.292185049695533,"251,501,753",3,146.767835079531,0.381087018966154,10,"251,366,501,751",4,0.283865314121796,0.287249614451693,98.13168,4,0.002,0.002,1
"251,501,751",0.3,3,84.1545404863672,"251,501,751",0.277351810966602,0.271916601921536,3,90.9407943672331,"251,501,751",3,78.7510850960347,0.271916601921536,"251,501,751",3,133.040368655838,0.360672871251309,2,"251,501,751",3,0.263720513332046,0.271916601921536,84.32835,0,0,0,0
"251,501,751",0.3,3,127.339343062169,"241,251,496,755",0.297584995030942,0.283830094524081,4,131.587004416303,"251,497,755",3,116.450846203332,0.286018781964334,"251,497,755",3,72.5698658495109,0.0523693966216128,3,"251,496,755",3,0.281097185068189,0.288050471634992,117.66646,1.009,0.008,0.008,0.009
"251,501,751",0.3,3,118.706976616889,"248,501,751",0.275337587401488,0.265544865052125,3,69.9801780266335,"248,501,751",3,63.5338657899612,0.265544865052125,"247,501,751",3,149.322595041847,0.415178711458399,2,"248,501,751",3,0.26277822116332,0.265544865052125,64.56969,0.003,0.003,0.004,0.003
"251,501,751",0.3,3,87.0331323293978,"251,501,749,766",0.325025286936514,0.321572356778393,4,111.621649309367,"251,501,749",3,102.775245189877,0.326105051123764,"251,501,749",3,89.1978035934968,0.301077132088198,3,"251,501,749",3,0.321442954006269,0.326105051123764,104.03657,1.002,0.002,0.002,0.002
"251,501,751",0.3,3,117.465707209908,"251,501,747,751",0.319051947540894,0.308678913832815,4,122.210866158515,"251,502,751",3,107.722083069692,0.306712071803651,"251,501,751",3,91.6298649608083,0.273381457786428,3,"251,501,751",3,0.307210762794545,0.308970900233506,109.67408,1,0.001,0,0
"251,501,751",0.3,3,137.530741371445,"250,501,750,751",0.28379981848943,0.267503821784675,4,126.796533442085,"250,501,751",3,109.419070097581,0.266906305420583,"250,501,750",3,134.568678108937,0.318167643594725,3,"250,501,750",3,0.266539728844303,0.267624134656672,113.14579,1.001,0.001,0.002,0.002
"251,501,751",0.3,3,95.5889902828724,"251,501,744,762,866",0.276613813178425,0.263022434811005,5,109.035423836753,"252,501,750",3,96.0383237388125,0.276371650009014,"251,501,759",3,106.434328585532,0.298328362369978,2,"251,501,744,762,866",5,0.257857076688673,0.263022434811005,99.85541,2.007,0.002,0.008,2.007
"251,501,751",0.3,3,98.1724903761104,"251,506,751",0.317630915629768,0.301965229522319,3,118.818155372836,"252,507,752",3,104.214689799812,0.29774638661964,"251,506,751",3,300.548854383102,0.569207138989246,2,"251,506,751",3,0.303312400985203,0.301965229522319,111.2068,0.005,0.008,0.005,0.005
"251,501,751",0.3,3,99.300240914826,"251,432,494,500,751",0.263628062864303,0.263175920589746,5,121.503185405837,"251,494,751",3,110.154099654547,0.272472622221245,"251,494,751",3,204.073607096879,0.41586424780375,6,"251,494,751",3,0.268953163454357,0.272472622221245,113.67594,2.001,0.007,0.007,0.007
"251,501,751",0.3,3,114.842644030247,"114,252,259,501,751",0.260401227809481,0.248596123462571,5,116.883598248123,"252,501,751",3,103.513529937623,0.260263009513217,"252,501,751",3,146.183755826477,0.337884367520523,3,"114,252,501,751",4,0.244284984704227,0.250502960167184,103.18168,2.001,0.001,0.001,1.001
"251,501,751",0.3,3,118.635891070215,"251,504,751",0.221879759181889,0.204409804626652,3,75.8720856954488,"251,504,751",3,65.2382125329171,0.204409804626652,"251,504,748",3,72.7301192127809,0.223594566911556,2,"251,504,751",3,0.198566723242365,0.204409804626652,66.94568,0.003,0.003,0.006,0.003
"251,501,751",0.3,3,108.677635777222,"130,191,230,249,252,263,488,499,512,521,571,663,752,761,886",0.375132378480521,0.29783429085724,15,219.784978420031,"251,498,572,751",4,107.045545805658,0.312009160788197,"251,498,751",3,100.474518984582,0.305371470381707,8,"252,499,512,752",4,0.317363291785114,0.314095923155198,112.79036,12.004,1.003,0.003,1.004
"251,501,751",0.3,3,74.7285692627291,"251,501,751",0.344542200471943,0.349619583185762,3,107.955055394699,"251,501,752",3,105.598344858237,0.346482809977886,"251,501,751",3,128.447924154497,0.383327309801792,2,"251,501,751",3,0.342993664281143,0.349619583185762,107.07575,0,0.001,0,0
"251,501,751",0.3,3,107.472938769805,"251,253,500,751",0.264890382151348,0.258656507665539,4,101.231293755509,"253,501,752",3,86.3283892528681,0.256763625149786,"253,500,751",3,122.715986448158,0.328234858504892,4,"253,500,751",3,0.258887688000045,0.257853152952604,91.42976,1.001,0.003,0.003,0.003
"251,501,751",0.3,3,105.611837184888,"241,250,499,510,751,899",0.336063651925999,0.322981284973082,6,125.322899822259,"250,501,751",3,108.122970849284,0.339216440386518,"248,510,513,751",4,133.92690318822,0.381239342010313,4,"250,499,510,751",4,0.327312323371091,0.333740549865965,110.328,3.003,0.001,1.012,1.003
"251,501,751",0.3,3,132.303899175628,"251,495,751",0.305780804658882,0.289228765781154,3,149.169805044932,"251,499,751",3,134.961077234205,0.283384521911396,"251,495,751",3,258.57957478336,0.476149997658343,2,"251,495,751",3,0.285133859005185,0.289228765781154,139.32488,0.006,0.002,0.006,0.006
"251,501,751",0.3,3,58.1860350303126,"132,248,252,267,465,500,509,639,751",0.303445867796789,0.308642640323536,9,115.144346593677,"252,501,751",3,91.2488915980906,0.329519466362893,"252,501,751",3,65.5265940770436,0.284721797515852,9,"252,500,751",3,0.324497056306799,0.329972374532399,91.6877,6.002,0.001,0.001,0.002
"251,501,751",0.3,3,109.147763393835,"251,501,751",0.308364336836603,0.30976853392734,3,131.693084046263,"251,501,751",3,126.149020483386,0.30976853392734,"251,501,751",3,253.208433791375,0.495203188036796,2,"251,501,751",3,0.300011156121688,0.30976853392734,127.48125,0,0,0,0
"251,501,751",0.3,3,118.232283013206,"252,501,751,806",0.290868420990197,0.282499051093611,4,125.338600659899,"252,501,751",3,115.709984631791,0.287022271454394,"252,501,751",3,129.410545213309,0.313486674478082,3,"252,501,751",3,0.287078322382724,0.287022271454394,117.82317,1.001,0.001,0.001,0.001
"251,501,751",0.3,3,138.337219126,"251,501,753",0.307261369152764,0.290713497947908,3,148.055694543014,"251,501,753",3,138.9748822235,0.290713497947908,"251,501,753",3,128.473053336475,0.267479820684589,2,"251,501,753",3,0.288258089784842,0.290713497947908,138.85074,0.002,0.002,0.002,0.002
"251,501,751",0.3,3,123.863943964241,"247,500,507,751,790",0.287639065717515,0.282435132725656,5,118.537435464018,"247,507,751",3,105.059153739285,0.286158170006981,"247,500,751",3,147.554866398936,0.362815018893686,3,"247,500,507,751",4,0.281486684711579,0.284917006884839,109.22513,2.005,0.01,0.005,1.005
"251,501,751",0.3,3,107.754233143096,"251,501,751",0.290047304876575,0.290862760056386,3,109.034937582889,"251,501,541,751",4,102.171845820184,0.27965412225257,"251,501,751",3,67.0539434548245,0.19477351387317,2,"251,501,751",3,0.281070428733863,0.290862760056386,104.63433,0,1,0,0
"251,501,751",0.3,3,115.070687057108,"248,499,503,743,751",0.261506109331011,0.246566338782968,5,114.399704459339,"248,500,747",3,91.3934949917115,0.246762327396775,"248,503,751",3,172.748192266373,0.386971076079159,5,"248,503,751",3,0.250379985248367,0.253348274597154,98.3871,2.005,0.008,0.005,0.005
"251,501,751",0.3,3,118.032494204891,"207,251,461,501,505,751",0.286584726212906,0.283437772691588,6,129.34910960415,"251,501,751",3,117.402544023344,0.301266835827983,"251,499,751",3,159.46394168646,0.375028397736896,3,"251,461,501,751",4,0.281436267900729,0.288994357333657,114.5584,3,0,0.002,1
"251,501,751",0.3,3,138.290520548221,"251,501,751",0.312091052275927,0.313674273994685,3,132.553123678876,"251,501,751",3,129.315087232312,0.313674273994685,"251,501,751",3,98.9838090702917,0.239009618436963,2,"251,501,751",3,0.307544837836829,0.313674273994685,130.43217,0,0,0,0
"251,501,751",0.3,3,121.29554754275,"247,501,751",0.291317060741076,0.284285756695237,3,114.247436536865,"249,501,751",3,105.431767950093,0.280134893488125,"247,501,751",3,87.660996520695,0.240944868983684,2,"247,501,751",3,0.279313655187292,0.284285756695237,108.79717,0.004,0.002,0.004,0.004
"251,501,751",0.3,3,80.1888362364144,"150,250,255,485,500,503,559,751",0.213116717611408,0.198135521733096,8,67.7971813884967,"255,503,751",3,39.9670794298729,0.221957492943746,"255,503,751",3,30.902168869596,0.199526202428279,5,"255,503,751",3,0.220966335963599,0.221957492943746,45.19624,5.002,0.006,0.006,0.006
"251,501,751",0.3,3,113.601334431169,"250,501,744,745",0.288898094332813,0.268307351526105,4,116.338917405812,"251,502,745",3,94.4691109262723,0.262162311014762,"250,501,744",3,155.82956645871,0.370846251417166,3,"250,501,745",3,0.270451845920408,0.268170895837929,102.28069,1.007,0.007,0.008,0.007
"251,501,751",0.3,3,115.306972430184,"250,496,501,746,749,751",0.293102125593875,0.283986752559632,6,116.378687875628,"251,501,749",3,88.9435530326968,0.285443276153933,"251,501,749",3,57.5987947988332,0.204582056489747,6,"250,496,501,751",4,0.284202509801497,0.284406537239354,98.76259,3.001,0.002,0.002,1.001
"251,501,751",0.3,3,122.17737957378,"250,485,501,751",0.275081450073385,0.276453205315855,4,106.902269732283,"250,501,751",3,101.528072012928,0.280282711839794,"249,500,751",3,378.840658461397,0.663042577025284,3,"250,501,751",3,0.271262345784355,0.280282711839794,99.38264,1.001,0.001,0.003,0.001
"251,501,751",0.3,3,117.870719052534,"251,501,751,797",0.291021640896435,0.295361314757381,4,134.833692844301,"251,502,751",3,129.188466144006,0.299750373345981,"251,501,751",3,120.640805648454,0.284186406603643,3,"251,501,751",3,0.293561817251787,0.300323172982411,130.39691,1,0.001,0,0
"251,501,751",0.3,3,121.041817043126,"251,501,751",0.271487430139265,0.271057284482512,3,111.179565746327,"251,501,751",3,107.832215503614,0.271057284482512,"251,501,751",3,164.507020676709,0.370629988670433,2,"251,501,751",3,0.267198031350447,0.271057284482512,109.25393,0,0,0,0
"251,501,751",0.3,3,116.492356930793,"251,499,751",0.295841851458885,0.282120034525209,3,127.724135750056,"251,501,751",3,117.792499255125,0.282592467841126,"251,499,751",3,236.189969369901,0.464627202057817,2,"251,499,751",3,0.27698877006233,0.282120034525209,118.65168,0.002,0,0.002,0.002
"251,501,751",0.3,3,102.371208605855,"228,248,501,750",0.331891427529783,0.322683154741805,4,135.295565202592,"248,502,751",3,125.781839344903,0.32888425573587,"248,501,750",3,180.422782055202,0.416531836132221,4,"248,501,750",3,0.323764191879917,0.326751746266861,124.9217,1.004,0.004,0.004,0.004
"251,501,751",0.3,3,129.251083276538,"250,490,501,751",0.287943895845788,0.286810242035689,4,88.6680795748196,"251,501,751",3,83.4844337040366,0.29221381062907,"250,501,751",3,69.5296835369565,0.259860594428497,2,"250,490,501,751",4,0.28260767351741,0.286810242035689,86.42209,1.001,0,0.001,1.001
"251,501,751",0.3,3,83.5723855978594,"249,500,748,750,771",0.266861440914693,0.24419981940985,5,100.220443729695,"250,500,750",3,73.4527730624357,0.244113773288107,"249,500,750",3,64.6752124265682,0.227486531752318,4,"249,500,750",3,0.248948222008189,0.248245472429191,79.88308,2.004,0.003,0.004,0.004
"251,501,751",0.3,3,96.9219437659443,"229,251,499,751",0.278531586622561,0.281460374958179,4,93.9945878346191,"251,499,751",3,88.1385463602342,0.286299368432252,"251,499,751",3,62.969284870557,0.230989512087747,3,"251,499,751",3,0.280855462084581,0.286299368432252,89.64234,1.002,0.002,0.002,0.002
"251,501,751",0.3,3,115.638486301682,"244,251,498,513,737,750",0.334805730417173,0.331191776193215,6,145.684075065593,"251,498,750",3,130.986729593056,0.34171156105078,"250,498,750",3,210.371294914922,0.464990136815979,10,"251,498,750",3,0.33926715596078,0.34171156105078,130.36212,3.004,0.004,0.005,0.004
"251,501,751",0.3,3,95.9769368680778,"235,251,501,751,814",0.289618259542436,0.287421543257161,5,105.591563909745,"251,501,751",3,96.4625840500462,0.300723329121254,"251,501,751",3,120.137992153017,0.342563164050329,3,"251,501,751,814",4,0.284058605831029,0.289400917402646,96.84399,2,0,0,1
"251,501,751",0.3,3,93.3370128844273,"251,501,751",0.233343514339024,0.227702138415325,3,59.1517408242771,"251,501,751",3,51.9092224481436,0.227702138415325,"251,501,751",3,53.921717532866,0.232384975648748,2,"251,501,751",3,0.227726821338066,0.227702138415325,56.83712,0,0,0,0
"251,501,751",0.3,3,101.854095168562,"252,501,713,751,884",0.24341072609097,0.245402295438816,5,79.8057818587309,"252,501,751",3,75.0182108362853,0.259784189307709,"252,501,751",3,72.7894910610904,0.254915644231929,3,"252,501,751",3,0.255393492754589,0.259784189307709,75.71406,2.001,0.001,0.001,0.001
"251,501,751",0.3,3,102.268012601758,"236,251,501,751",0.360324804235182,0.350361887131503,4,131.308062098556,"251,501,751",3,121.554473136737,0.356492846299781,"251,501,751",3,76.1563147768,0.259711078013171,5,"251,501,751",3,0.350430812687351,0.356492846299781,120.54734,1,0,0,0
"251,501,751",0.3,3,78.353877127236,"251,501,751,830",0.320052505232892,0.314517985552294,4,115.953306489013,"251,501,751",3,108.664162733031,0.32217647798125,"251,501,751",3,76.6855375144923,0.261100831809701,4,"251,501,751",3,0.315634011242545,0.32217647798125,108.31412,1,0,0,0
"251,501,751",0.3,3,102.242147638183,"251,501,751",0.323054488425638,0.313129016008196,3,83.8754887130292,"251,501,751",3,78.0773444496923,0.313129016008196,"251,501,751",3,30.5587252235215,0.0458453869299444,2,"251,501,751",3,0.308733538925253,0.313129016008196,76.64899,0,0,0,0
"251,501,751",0.3,3,106.806966645936,"251,500,747,750",0.268387291108159,0.264650088216046,4,103.927754508067,"251,500,747",3,92.0734565758041,0.26411098182626,"251,500,747",3,153.196208995928,0.366550088272837,3,"251,500,747",3,0.258025066604112,0.26411098182626,91.8001,1.002,0.005,0.005,0.005
"251,501,751",0.3,3,103.595358942724,"251,496,520,751",0.311630516594595,0.31311227350482,4,118.911623974682,"251,497,751",3,114.265430132581,0.320031651434706,"251,497,751",3,93.5243939240481,0.278631604051015,10,"251,496,751",3,0.315238186555028,0.31915878754881,115.68802,1.005,0.004,0.004,0.005
"251,501,751",0.3,3,98.490776304598,"250,501,751",0.295850056935028,0.300835586336533,3,91.8971966722772,"250,501,751",3,89.1147435914369,0.300835586336533,"250,501,751",3,92.9896267036406,0.308267389096966,1,"250,501,751",3,0.295850056935028,0.300835586336533,91.8972,0.001,0.001,0.001,0.001
"251,501,751",0.3,3,126.888344845704,"83,251,501,548,748",0.305759211668584,0.301581386809939,5,133.684660548744,"251,501,748",3,124.147074329458,0.315215848642841,"251,501,748",3,80.6108620744763,0.199264364680294,7,"251,501,748",3,0.311074376751924,0.315215848642841,126.07897,2.003,0.003,0.003,0.003
"251,501,751",0.3,3,109.603554143022,"251,496,518,751",0.333736979298546,0.312807876694956,4,141.82439497809,"252,496,751",3,123.476225680383,0.315379962329294,"252,496,751",3,118.722419605131,0.306346122388907,5,"251,496,751",3,0.318655324546936,0.317980723802051,128.15556,1.005,0.006,0.006,0.005
"251,501,751",0.3,3,144.437828424785,"251,500,601,751",0.332185873453978,0.337985483896101,4,114.199015203131,"251,500,751",3,112.434041067045,0.348263164499434,"251,500,751",3,89.1085752551225,0.292874421477759,2,"251,500,601,751",4,0.330843666115532,0.337985483896101,113.61196,1.001,0.001,0.001,1.001
"251,501,751",0.3,3,64.609346100741,"20,244,250,257,500,751",0.270561793251524,0.250739539936408,6,76.7189286366124,"250,500,751",3,51.8969127258605,0.260668357624519,"250,500,751",3,34.8119439390499,0.224421843646896,5,"20,250,500,751",4,0.246316589331134,0.249627964635754,50.97272,3.002,0.002,0.002,1.002
"251,501,751",0.3,3,119.629778530672,"250,496,509,751",0.276387014253195,0.279671782851751,4,109.144408876117,"250,509,751",3,105.752887033425,0.285141413580919,"250,509,751",3,91.94462340914,0.25490817654497,4,"250,509,751",3,0.277390229104266,0.285141413580919,104.25487,1.006,0.009,0.009,0.009
"251,501,751",0.3,3,173.77986649375,"252,501,749",0.287529043986275,0.271417574193299,3,143.425750757845,"252,501,751",3,132.242988224197,0.268802682420696,"252,501,751",3,100.532386165531,0.134019444014911,2,"252,501,749",3,0.265302542438047,0.271417574193299,134.84773,0.003,0.001,0.001,0.003
"251,501,751",0.3,3,120.907865838724,"229,243,254,484,499,749,753",0.302060816384642,0.29821621778712,7,149.500685786685,"247,499,752",3,128.700576635811,0.310680729733458,"243,499,751",3,98.486886581426,0.243679120100166,5,"229,254,499,749",4,0.303151338889048,0.304648193239983,131.08719,4.007,0.007,0.01,1.007
"251,501,751",0.3,3,67.3903439307864,"245,501,750",0.322077960795152,0.296853585079297,3,96.6172009541633,"250,505,750",3,74.102311099018,0.288994614247494,"249,501,750",3,42.3611947669627,0.22433880867874,2,"245,501,750",3,0.293637155062059,0.296853585079297,80.62871,0.007,0.006,0.003,0.007
"251,501,751",0.3,3,126.822558764675,"251,502,752",0.277596574823907,0.265858412366752,3,97.5190648356985,"252,502,752",3,90.8019540445056,0.264707491645703,"251,502,752",3,63.0727949980743,0.183381824333273,2,"251,502,752",3,0.263788603750681,0.265858412366752,91.58522,0.002,0.003,0.002,0.002
"251,501,751",0.3,3,95.079452524527,"250,500,751",0.291861883247358,0.28811790768652,3,101.105280475716,"251,500,751",3,94.0877031286598,0.285780297341594,"250,500,751",3,185.241303243663,0.427713527104223,2,"250,500,751",3,0.285459565602483,0.28811790768652,97.87059,0.002,0.001,0.002,0.002
"251,501,751",0.3,3,110.057920352966,"229,251,499,751",0.293740941132212,0.276566423218236,4,137.28348392259,"251,499,751",3,124.839498644253,0.282475431725624,"251,499,751",3,158.391532959968,0.340377211062694,4,"251,499,751",3,0.278675349776128,0.282475431725624,123.89033,1.002,0.002,0.002,0.002
"251,501,751",0.3,3,99.5666919394714,"247,501,745",0.259320966032217,0.237766929481781,3,81.8726576207363,"252,501,745",3,65.6520530890954,0.234558991580107,"250,501,745",3,59.472420907564,0.220377517206498,2,"247,501,745",3,0.232867593087276,0.237766929481781,70.18292,0.01,0.007,0.007,0.01
"251,501,751",0.3,3,69.0770263433838,"250,500,531,747,753,798",0.315565153081696,0.30906193203842,6,108.683809285907,"251,501,750",3,86.9607974364933,0.315172784037374,"250,500,750",3,162.561774027234,0.428906876360435,3,"250,500,747,753",4,0.316990529757366,0.317400153276212,98.38164,3.004,0.001,0.003,1.004
"251,501,751",0.3,3,111.602995418996,"251,501,749",0.316245939601135,0.304250916855292,3,105.3051640407,"252,501,750",3,97.8540767034505,0.304117878810891,"251,501,749",3,95.6469245466555,0.303481019705351,2,"251,501,749",3,0.303829682370967,0.304250916855292,99.17233,0.002,0.002,0.002,0.002
"251,501,751",0.3,3,96.2577925088009,"251,489,501,750,754",0.280487761352582,0.270353016973083,5,108.733519420473,"251,493,753",3,89.0199508637831,0.271877313127646,"251,493,753",3,52.805351197368,0.176287276229951,2,"251,489,501,750,754",5,0.26424913817774,0.270353016973083,100.60086,2.001,0.01,0.01,2.001
"251,501,751",0.3,3,100.116532209529,"246,504,751",0.26776896746417,0.255855707362126,3,81.9694343794091,"246,504,751",3,72.5527231445866,0.255855707362126,"246,504,751",3,58.6725990877408,0.224161700906342,2,"246,504,751",3,0.252443710363952,0.255855707362126,74.7131,0.008,0.008,0.008,0.008
"251,501,751",0.3,3,146.137733635884,"247,249,501,751",0.316408043351097,0.297067561688744,4,170.121361043922,"249,502,751",3,151.488353883239,0.297287929890408,"249,501,751",3,105.439161350522,0.07535799007293,4,"249,501,751",3,0.296239540688129,0.296137167565416,153.53628,1.002,0.003,0.002,0.002
"251,501,751",0.3,3,82.8057352724696,"251,500,751",0.29285917986604,0.28402264853618,3,94.7613380559003,"251,501,751",3,87.7514871649477,0.286221753548994,"251,500,751",3,174.159338580319,0.41789963501051,2,"251,500,751",3,0.279176080964578,0.28402264853618,87.67048,0.001,0,0.001,0.001
"251,501,751",0.3,3,112.432692586671,"251,504,749",0.301445576805726,0.286400321926424,3,124.641658080131,"251,504,749",3,112.849776309364,0.286400321926424,"251,504,749",3,140.349690416815,0.335637875761233,2,"251,504,749",3,0.279589177620693,0.286400321926424,113.67039,0.005,0.005,0.005,0.005
"251,501,751",0.3,3,86.3130722393244,"109,251,475,499,504,610,751,761",0.293782868551384,0.291957725290372,8,120.506509787029,"251,504,751",3,108.583481893775,0.324844668393904,"251,255,504,610,761",5,36.9766527403246,0.10969664414847,3,"251,504,610,751,761",5,0.295508469932517,0.302766378520156,103.62932,5.002,0.003,2.013,2.003
"251,501,751",0.3,3,146.103684623997,"218,250,500,756",0.28677862806473,0.275191153866379,4,150.463635348388,"250,500,756",3,139.160549695211,0.279286826691566,"250,500,756",3,109.674176288746,0.200541508478243,3,"250,500,756",3,0.277321445237544,0.279286826691566,140.59981,1.007,0.007,0.007,0.007
"251,501,751",0.3,3,136.51873365372,"251,501,751",0.298282209261966,0.294955134482389,3,141.308808068141,"252,501,751",3,137.666923291311,0.294163857753903,"251,501,751",3,145.100515941757,0.311051400188754,2,"251,501,751",3,0.291401316054031,0.294955134482389,138.14703,0,0.001,0,0
"251,501,751",0.3,3,149.254107836182,"251,261,501,751,757",0.305638738340672,0.305502598415796,5,159.3460090087,"251,501,752",3,145.213969313509,0.310307741502466,"251,501,751",3,184.928390619008,0.385009468332778,7,"251,501,751",3,0.308353733170789,0.311184819760846,148.6564,2,0.001,0,0
"251,501,751",0.3,3,109.277752649028,"200,250,501,751",0.310360475928974,0.292073464601465,4,118.721472386585,"200,251,502,751",4,106.024801214841,0.291974821702289,"251,501,751",3,62.9594776526951,0.180499906332418,2,"200,250,501,751",4,0.28852851078266,0.292073464601465,107.77912,1.001,1.001,0,1.001
"251,501,751",0.3,3,124.345069041698,"247,256,501,742",0.291377773281889,0.287124551310005,4,128.156161698594,"252,501,746",3,111.786146512411,0.284363986561382,"252,501,746",3,80.997410346219,0.206766154835681,10,"247,501,742",3,0.291390594724004,0.28999503822382,122.4306,1.013,0.006,0.006,0.013
"251,501,751",0.3,3,141.169503648556,"250,497,751",0.334177128202662,0.333297773741757,3,122.478165360273,"250,498,751",3,118.826766317871,0.330433610092975,"250,497,751",3,86.9410198470844,0.252588440364084,2,"250,497,751",3,0.329491889157738,0.333297773741757,120.31313,0.005,0.004,0.005,0.005
"251,501,751",0.3,3,126.873207352452,"251,501,750",0.259838083455872,0.246341695332273,3,117.939418905231,"251,501,750",3,109.304806914599,0.246341695332273,"251,501,750",3,195.006734563354,0.391663355070645,2,"251,501,750",3,0.241912892518785,0.246341695332273,110.06831,0.001,0.001,0.001,0.001
"251,501,751",0.3,3,93.1006065788549,"250,501,751",0.279677498915454,0.264278232967297,3,95.4081469826272,"251,501,751",3,87.2531957866882,0.265294592231478,"250,501,751",3,59.093832887157,0.19863421901333,2,"250,501,751",3,0.260541404959395,0.264278232967297,85.94532,0.001,0,0.001,0.001
"251,501,751",0.3,3,98.8584682414815,"250,501,751",0.274947331177113,0.267465621561304,3,104.208309948646,"250,501,751",3,97.770676465056,0.267465621561304,"250,501,751",3,122.824294751307,0.312477264070899,2,"250,501,751",3,0.25886399761265,0.267465621561304,96.2406,0.001,0.001,0.001,0.001
"251,501,751",0.3,3,79.5014857572739,"250,252,501,751,765",0.242922158912674,0.249110624444192,5,90.1862687076437,"252,501,754",3,80.7233938842523,0.254434687832435,"252,501,751",3,137.204374911107,0.347236620019351,3,"252,501,751,765",4,0.23968074915829,0.248922458010495,81.80467,2.001,0.004,0.001,1.001
"251,501,751",0.3,3,155.988612010131,"82,251,488,501,514,751,769,938",0.247418163474615,0.250555595310204,8,128.220063100576,"251,501,751",3,112.803463396231,0.279833163868167,"251,501,751",3,168.639103137125,0.388032401604405,3,"251,488,514,751",4,0.265524682518589,0.271677589321032,114.58566,5,0,0,1.013
"251,501,751",0.3,3,106.722107090157,"53,253,496,501,751",0.251545008483581,0.25142208647654,5,93.6488765018596,"253,501,751",3,84.6888673179715,0.265163116458155,"253,501,751",3,124.513308048232,0.337550117542904,3,"253,501,751",3,0.257107001519468,0.265163116458155,87.15384,2.002,0.002,0.002,0.002
"251,501,751",0.3,3,126.706379085447,"251,501,751",0.291558291714821,0.285949361802566,3,119.861150611867,"251,501,751",3,112.256011162348,0.285949361802566,"251,501,751",3,87.1957315622961,0.222610066470543,2,"251,501,751",3,0.283096564784348,0.285949361802566,116.01025,0,0,0,0
"251,501,751",0.3,3,120.24116128303,"246,505,747",0.29164278351492,0.27611269210237,3,110.916960458926,"246,505,748",3,98.7403735653573,0.273462505658939,"246,503,747",3,97.7317128830636,0.273542197656028,2,"246,505,747",3,0.273317295909916,0.27611269210237,102.10305,0.013,0.012,0.011,0.013
"251,501,751",0.3,3,127.957858079894,"249,253,501,750",0.278797770013804,0.264064086855559,4,103.553734053256,"253,499,751",3,86.8081421898517,0.264672848008339,"249,499,750",3,53.4268935271688,0.154805036931138,3,"253,501,750",3,0.26508425086265,0.265480572321687,91.21204,1.003,0.004,0.005,0.003
"251,501,751",0.3,3,84.7687092648031,"251,501,751",0.336714393353241,0.316884332885019,3,98.9460576111063,"252,501,753",3,86.3115897825118,0.316216474793992,"251,501,751",3,52.6538110896005,0.248723383823738,2,"251,501,751",3,0.313398182372375,0.316884332885019,86.2144,0,0.003,0,0
"251,501,751",0.3,3,118.500627681612,"151,251,494,503,509,616,645,747,751,874",0.217994598169982,0.212738508264891,10,111.176578636785,"251,503,751",3,83.7308182651506,0.243948160774277,"251,501,751",3,129.344509186707,0.33214139536728,9,"251,494,503,645,747,751",6,0.22193805215438,0.226106231306241,90.1956,7.002,0.002,0,3.002
"251,501,751",0.3,3,132.53160123746,"251,501,511,750",0.312398309460197,0.317175289725476,4,147.528726389623,"251,503,750",3,144.075836931373,0.323220902121592,"251,253,511,750",4,111.425232337709,0.253540518849589,2,"251,501,511,750",4,0.308291438714885,0.317175289725476,145.53114,1.001,0.003,1.011,1.001
"251,501,751",0.3,3,115.782639078038,"251,267,500,749",0.282593467914376,0.277400526845947,4,101.359071224742,"251,500,749",3,94.7770408993015,0.284007851996261,"251,500,749",3,148.170834657195,0.376300751143865,5,"251,500,749",3,0.278222742437745,0.284007851996261,93.67287,1.003,0.003,0.003,0.003
"251,501,751",0.3,3,106.133019913921,"251,501,732,746,785",0.284619449565586,0.280200319247874,5,103.969820905815,"251,501,746",3,92.3225820169735,0.287634812685778,"251,501,746",3,43.618512266731,0.116420795551549,4,"251,501,746",3,0.285899986294152,0.287634812685778,92.93464,2.005,0.005,0.005,0.005
"251,501,751",0.3,3,119.392100945712,"251,472,501,751,814",0.283281540659803,0.272197290668995,5,111.085328558064,"251,501,753",3,98.6940981753517,0.28522000717529,"251,501,753",3,62.068828245967,0.180458877043925,7,"251,501,751",3,0.283995413015933,0.28799145274997,102.75813,2,0.002,0.002,0
"251,501,751",0.3,3,106.371075820628,"251,501,552,751,763",0.255359394682129,0.251943127786059,5,102.026541529479,"251,501,751",3,90.5216139869561,0.258346761867076,"251,501,751",3,82.1528242562124,0.23944395911676,3,"251,501,751",3,0.256345137894138,0.258346761867076,91.56414,2,0,0,0
"251,501,751",0.3,3,88.0804597452688,"249,501,748",0.262752847359628,0.194951020849243,3,70.6309077960406,"250,501,748",3,34.8026705167707,0.192111730731263,"249,500,748",3,230.330529267028,0.483647867309407,2,"249,501,748",3,0.199681525809421,0.194951020849243,41.06499,0.005,0.004,0.006,0.005
"251,501,751",0.3,3,168.9155142146,"251,500,751",0.322660153372038,0.320707741968221,3,124.528220150329,"251,501,751",3,119.062314948978,0.318872262357247,"251,501,751",3,86.0131355162322,0.213412912088587,2,"251,500,751",3,0.316272055649753,0.320707741968221,121.99016,0.001,0,0,0.001
"251,501,751",0.3,3,107.572863526607,"251,477,503,518,751,915",0.240337658220988,0.233791608271484,6,115.042250038337,"251,504,751",3,101.022085325819,0.249387695859258,"251,503,751",3,72.6501131057539,0.17574085830219,4,"251,503,751",3,0.244762800208603,0.249710098825081,102.56169,3.002,0.003,0.002,0.002
"251,501,751",0.3,3,120.601143489468,"250,499,513,748",0.322811853198469,0.296073149345523,4,133.077422081215,"250,514,751",3,113.114294515933,0.298970027969978,"250,513,748",3,106.122378509735,0.286298908839255,10,"250,513,748",3,0.302037970211042,0.300224967686438,116.58573,1.006,0.014,0.016,0.016
"251,501,751",0.3,3,122.769320085732,"251,501,751",0.282731325825951,0.273131367283541,3,103.237634835403,"251,501,751",3,96.8980239695441,0.273131367283541,"251,501,751",3,109.002757225397,0.29809839792514,2,"251,501,751",3,0.269313284827849,0.273131367283541,97.16896,0,0,0,0
"251,501,751",0.3,3,145.601433247855,"143,244,285,494,501,675,749",0.253896448920622,0.241900176569531,7,115.616408240803,"248,501,749",3,95.1687722577155,0.262780056226666,"248,501,749",3,169.022592018194,0.398571044617853,3,"244,501,749",3,0.260310420771007,0.26453626419891,97.98955,4.009,0.005,0.005,0.009
"251,501,751",0.3,3,134.800248719631,"251,501,751",0.290549322053042,0.280114878744885,3,137.013156932017,"251,501,752",3,128.065437069567,0.279962024221285,"251,500,751",3,259.705444265815,0.486222252707383,2,"251,501,751",3,0.275654196139487,0.280114878744885,130.21891,0,0.001,0.001,0
"251,501,751",0.3,3,92.6444124845488,"251,289,501,749",0.297070142760265,0.279446590521375,4,109.438227294696,"251,501,749",3,98.5813532639951,0.288412008699478,"251,501,749",3,119.415373207717,0.324998064059013,2,"251,289,501,749",4,0.274660689681624,0.279446590521375,97.63797,1.002,0.002,0.002,1.002
"251,501,751",0.3,3,137.916760835189,"253,501,751",0.311360559958173,0.305597844443353,3,127.948173902375,"253,501,751",3,121.796719621425,0.305597844443353,"253,501,751",3,116.014106019822,0.292913385780731,2,"253,501,751",3,0.303003804028747,0.305597844443353,124.09685,0.002,0.002,0.002,0.002
"251,501,751",0.3,3,108.252746448284,"251,501,506,751,956",0.337722288780794,0.336866335799654,5,145.069556300089,"251,503,751",3,131.619197528726,0.34429628110801,"251,503,751",3,80.3937606146224,0.227981982989546,3,"251,506,751",3,0.336808983077132,0.34612612349282,132.38105,2,0.002,0.002,0.005
"251,501,751",0.3,3,147.835847107413,"251,501,708,744,792",0.328614274952829,0.283427146959449,5,171.175336705123,"251,501,734",3,145.23816298391,0.300426059003944,"251,501,734",3,143.66064689583,0.297208853543476,3,"251,501,708,744",4,0.286784926466006,0.28684623946545,143.71812,2.007,0.017,0.017,1.007
"251,501,751",0.3,3,99.6497684244312,"251,501,751",0.332207635090715,0.333590113228951,3,103.776506165964,"251,501,751",3,101.114547006426,0.333590113228951,"251,501,751",3,113.102523150762,0.354561812849832,2,"251,501,751",3,0.326193149052346,0.333590113228951,100.68075,0,0,0,0
"251,501,751",0.3,3,80.5122942790027,"248,500,752",0.300344215911636,0.292779009319188,3,102.282689395006,"248,500,752",3,95.9964210426369,0.292779009319188,"248,500,752",3,138.086854246376,0.359161664978995,2,"248,500,752",3,0.290398355537801,0.292779009319188,96.74314,0.005,0.005,0.005,0.005
"251,501,751",0.3,3,101.170399497154,"246,254,501,749",0.32189931303315,0.315279144520756,4,111.95077180779,"254,501,751",3,98.1840715153243,0.315358669563315,"254,501,751",3,55.7504244398715,0.217619076863891,3,"254,501,749",3,0.312364979708256,0.315422451051837,100.04303,1.005,0.003,0.003,0.005
"251,501,751",0.3,3,109.478831603314,"248,486,501,751",0.297656477766185,0.284129234722788,4,126.053654188587,"248,502,751",3,109.854722333012,0.285442364833672,"248,501,751",3,108.73664182138,0.285454903437824,4,"248,501,751",3,0.288291353195949,0.288059938560041,115.69398,1.003,0.004,0.003,0.003
"251,501,751",0.3,3,131.236390511832,"251,496,501,531,744,751",0.243451411741868,0.232604451615072,6,117.297131658632,"251,501,747",3,97.4657220649128,0.244344253504044,"251,501,749",3,113.184385484485,0.279970397818791,3,"251,501,744,751",4,0.235562908590504,0.240714443277625,103.39222,3,0.004,0.002,1
"251,501,751",0.3,3,113.670564089847,"248,500,688,751",0.325735232180201,0.318039538295769,4,155.204971497848,"251,500,751",3,145.924742581717,0.325028147939097,"248,500,751",3,188.69024190849,0.3935647843121,4,"248,500,751",3,0.323841446936877,0.325896169182015,148.99564,1.004,0.001,0.004,0.004
"251,501,751",0.3,3,80.804959206946,"251,501,752",0.275322919079688,0.284420628502155,3,83.3679147942629,"251,501,752",3,83.3162058834243,0.284420628502155,"251,501,752",3,57.4925481395069,0.230293055311888,2,"251,501,752",3,0.273641099984967,0.284420628502155,82.54672,0.001,0.001,0.001,0.001
"251,501,751",0.3,3,97.3355440232819,"251,499,509,534,744,759",0.277144234170573,0.28251204201111,6,91.836446094713,"251,509,744",3,78.16192074649,0.293692768550984,"251,509,744",3,34.3633273166598,0.17466855095981,3,"251,509,744",3,0.285362416997055,0.293692768550984,78.28726,3.009,0.015,0.015,0.015
"251,501,751",0.3,3,93.9364531793197,"251,501,754,808",0.304117711076179,0.286037441840007,4,112.179285447913,"251,501,754",3,96.259675866263,0.289934347736292,"251,501,753",3,215.555013748971,0.465886660204618,3,"251,501,754",3,0.28336315721661,0.289934347736292,95.38824,1.003,0.003,0.002,0.003
"251,501,751",0.3,3,92.4887601097686,"251,501,749",0.316519499423812,0.304507103401893,3,103.843967772174,"251,501,751",3,91.1252879436445,0.302968416363587,"251,501,749",3,78.9644894073075,0.280187411644752,2,"251,501,749",3,0.301865612116692,0.304507103401893,96.19718,0.002,0,0.002,0.002
"251,501,751",0.3,3,135.812059729509,"185,250,500,752,754,768",0.277707132066548,0.267038524229986,6,91.0820477264168,"251,500,754",3,71.2328343058302,0.278459667122649,"250,500,752",3,118.591609515237,0.371989128883512,3,"250,500,752",3,0.27881376487316,0.278995898863181,74.53399,3.003,0.004,0.003,0.003
"251,501,751",0.3,3,94.0035249242409,"244,255,501,750",0.304781344917252,0.30243931460737,4,111.686570474396,"244,501,751",3,102.811684611719,0.307157269312373,"244,501,751",3,62.565264352247,0.216397083076978,4,"244,501,750",3,0.300949842994206,0.30649875718623,103.76583,1.005,0.007,0.007,0.008
"251,501,751",0.3,3,107.522849815634,"106,251,341,486,501,745,751",0.256892889400106,0.260145795443637,7,107.630231175887,"251,501,751",3,93.4193764260881,0.281840871817409,"251,501,751",3,70.7770163391395,0.229921750975016,6,"251,501,751",3,0.273313159436186,0.281840871817409,95.31929,4,0,0,0
"251,501,751",0.3,3,124.836450188518,"249,501,751",0.339993391827806,0.323812860116822,3,108.031119414762,"249,503,751",3,95.0847601649319,0.320552178376244,"249,501,751",3,68.8950728130188,0.260575086295693,2,"249,501,751",3,0.319934537079886,0.323812860116822,98.27358,0.002,0.004,0.002,0.002
"251,501,751",0.3,3,72.0069328892648,"221,239,250,490,501,751",0.292943763634388,0.287880294211727,6,107.192704016832,"251,501,751",3,89.6571597412775,0.299470113235754,"250,501,751",3,44.1221772359291,0.198766484395531,3,"250,501,751",3,0.294955901034387,0.295691856241205,90.51297,3.001,0,0.001,0.001
"251,501,751",0.3,3,106.081545816333,"251,501,519,707,751,757",0.305522080398866,0.300690977546632,6,109.188409474963,"251,501,753",3,93.3981293830993,0.313547623232002,"251,501,751",3,56.0995522224673,0.224727477038728,3,"251,501,751",3,0.31109563912149,0.316188437926381,95.64388,3,0.002,0,0
"251,501,751",0.3,3,110.986391300341,"251,498,751",0.324620706816755,0.311961774131385,3,124.679113693907,"252,501,751",3,112.588810332236,0.309776387045452,"251,498,751",3,118.377414602468,0.323487732101338,2,"251,498,751",3,0.305796186334831,0.311961774131385,115.08004,0.003,0.001,0.003,0.003
"251,501,751",0.3,3,111.046512687554,"251,501,737,751",0.313482883386926,0.296460470994066,4,127.758425527697,"251,501,751",3,111.03931855844,0.30095317954465,"251,501,749",3,85.510078545378,0.244730893507129,4,"251,501,751",3,0.297679299723127,0.30095317954465,114.12026,1,0,0.002,0
"251,501,751",0.3,3,99.2869197812461,"249,500,751",0.309572290076331,0.291177745767658,3,119.035632051134,"249,500,751",3,105.957764270144,0.291177745767658,"249,500,751",3,60.0240280661171,0.171658825881948,2,"249,500,751",3,0.290015072415828,0.291177745767658,108.50739,0.003,0.003,0.003,0.003
"251,501,751",0.3,3,111.740391982681,"251,490,501,751",0.309018156152685,0.310348865092216,4,136.60089461188,"251,502,751",3,129.836688248558,0.313189164377883,"251,501,751",3,272.155198388425,0.51740339142358,4,"251,501,751",3,0.306779263110474,0.311950207507705,129.21892,1,0.001,0,0
"251,501,751",0.3,3,130.485470143002,"248,256,319,501,504,716,751,800",0.25568400450875,0.243837654172107,8,131.108374524922,"256,501,751",3,107.433879745929,0.269432824520939,"256,501,751",3,187.272756708433,0.408054306880978,3,"248,256,319,501,751",5,0.251700311462981,0.254663170336616,111.7985,5.003,0.005,0.005,2.003
"251,501,751",0.3,3,89.0083364406271,"251,502,748",0.318078106889292,0.302576515894625,3,116.779821922444,"251,502,748",3,104.010102835135,0.302576515894625,"251,502,748",3,121.649658052987,0.332579209662392,2,"251,502,748",3,0.296090794191623,0.302576515894625,104.68894,0.004,0.004,0.004,0.004
"251,501,751",0.3,3,104.341393732176,"245,253,500,509,750",0.319218109599794,0.303595046124307,5,139.47173335503,"248,501,752",3,114.88379308206,0.305088544863013,"245,500,750",3,199.406276909915,0.440046068490083,3,"245,500,750",3,0.311388273290029,0.312253739061023,124.54517,2.004,0.004,0.008,0.008
"251,501,751",0.3,3,117.506252096211,"251,501,751,757",0.271264055335362,0.256969521715539,4,127.32392876555,"251,501,757",3,112.598576729845,0.260194088193136,"251,501,757",3,214.475081866698,0.422918254291107,3,"251,501,757",3,0.255715245950607,0.260194088193136,114.06855,1,0.006,0.006,0.006
"251,501,751",0.3,3,78.543476053307,"241,254,499,501,708,757,765",0.265792104401062,0.250371962232739,7,80.389033584327,"254,501,757",3,54.7776100891183,0.262241228495733,"254,501,757",3,45.4493604124226,0.242533386198579,3,"254,501,708,757",4,0.249585462409297,0.253849180829426,53.48031,4.009,0.009,0.009,1.009
"251,501,751",0.3,3,104.975230708685,"243,256,501,711,751,762",0.270720329304022,0.260854167594977,6,90.1474993801134,"251,502,751",3,70.7936400529998,0.270930894971353,"249,501,751",3,211.462247014001,0.489771725201502,9,"243,256,501,751",4,0.268374960764681,0.272847454566738,79.17051,3.005,0.001,0.002,1.005
"251,501,751",0.3,3,101.897415134849,"28,251,500,751",0.303432593868717,0.27945813311131,4,100.878934818732,"251,500,751",3,87.0185702704183,0.29249945477661,"251,500,751",3,145.729551469457,0.39077460354694,2,"28,251,500,751",4,0.269997166048362,0.27945813311131,84.40174,1.001,0.001,0.001,1.001
"251,501,751",0.3,3,110.003646115944,"251,501,659,745,752",0.300631642449905,0.294340434845459,5,146.522208232471,"251,503,745",3,133.669397838695,0.303903034026896,"251,501,745",3,196.22358903305,0.402905753721989,6,"251,501,745",3,0.303560304791204,0.304562771370116,137.36593,2.001,0.008,0.006,0.006
"251,501,751",0.3,3,98.0480710894112,"251,507,753,766",0.286611575377538,0.271262335083924,4,80.9593744797254,"251,507,753",3,68.5099888200451,0.275582699090312,"251,507,753",3,137.532923276291,0.390121031932244,4,"251,507,753",3,0.273398100655139,0.275582699090312,68.83826,1.008,0.008,0.008,0.008
"251,501,751",0.3,3,157.445668817352,"232,250,501,751",0.313458976205092,0.298117688919262,4,143.795070153419,"237,503,751",3,128.98432234769,0.301119459573941,"237,501,751",3,96.0606221537199,0.202813584028912,2,"232,250,501,751",4,0.294033787131666,0.298117688919262,135.41523,1.001,0.016,0.014,1.001
"251,501,751",0.3,3,135.854564227507,"247,501,713,745",0.314750410387459,0.286010006836894,4,124.236142420375,"251,501,745",3,102.777839823146,0.288055968145468,"247,501,745",3,74.8362396660068,0.212261930069388,3,"247,501,745",3,0.28599778930044,0.290455337285299,105.22804,1.01,0.006,0.01,0.01
"251,501,751",0.3,3,124.47529696727,"251,501,746,751",0.338371479958753,0.3409546803052,4,145.224993187169,"251,501,751",3,140.190656455171,0.3424025562207,"251,500,746",3,349.293463743326,0.635476990902809,3,"251,501,746",3,0.336218438461071,0.343246943035152,138.34808,1,0,0.006,0.005
"251,501,751",0.3,3,99.8031096045462,"251,500,751",0.306334445631123,0.299177845931129,3,115.964349988443,"251,501,751,952,973",5,102.690678770191,0.273363411860599,"251,500,751",3,274.238219800671,0.530469816878781,2,"251,500,751",3,0.295732247218604,0.299177845931129,110.48214,0.001,2,0.001,0.001
"251,501,751",0.3,3,113.54478623095,"246,497,759",0.369219523278982,0.356044974111404,3,128.13571913928,"251,497,759",3,116.038936618335,0.350407466106262,"246,497,758",3,110.13325658899,0.341402406401199,2,"246,497,759",3,0.352890139924776,0.356044974111404,119.36321,0.017,0.012,0.016,0.017
"251,501,751",0.3,3,101.728775018595,"251,501,750",0.305935116633784,0.294742932020402,3,117.071567731164,"251,504,751",3,105.928519438942,0.295430786212606,"251,504,750",3,101.933076973091,0.288719587922366,2,"251,501,750",3,0.290422394925427,0.294742932020402,109.41286,0.001,0.003,0.004,0.001
"251,501,751",0.3,3,90.8805455810694,"248,499,751",0.331028939036628,0.32671522398708,3,94.5230938447323,"248,501,751",3,86.1989048378776,0.326226381654134,"248,499,751",3,47.9976452047101,0.244355340585527,2,"248,499,751",3,0.322576970266679,0.32671522398708,90.12177,0.005,0.003,0.005,0.005
"251,501,751",0.3,3,120.158967927622,"251,500,735,748",0.304397992226076,0.298277687047594,4,125.823721181818,"251,500,748",3,113.709969185385,0.303977580308775,"251,500,748",3,167.876297620574,0.396433407657384,5,"251,500,748",3,0.300737250899603,0.303977580308775,119.29498,1.004,0.004,0.004,0.004
"251,501,751",0.3,3,88.2180780363806,"251,499,744,751",0.352221113677827,0.349626319204724,4,148.191111409443,"251,502,749",3,134.61140856845,0.345515451613631,"251,499,747",3,135.248346938195,0.348447870795287,2,"251,499,744,751",4,0.343327863140293,0.349626319204724,142.91505,1.002,0.003,0.006,1.002
"251,501,751",0.3,3,102.970350656154,"248,498,751",0.33462823561162,0.305786755152179,3,109.399080309386,"251,498,752",3,85.5545888897073,0.296131529845496,"251,498,751",3,76.8761779337514,0.280345479287299,2,"248,498,751",3,0.303613757362133,0.305786755152179,93.54466,0.006,0.004,0.003,0.006
"251,501,751",0.3,3,103.937913634999,"251,434,499,751",0.270860558166255,0.27262152887434,4,92.0664460029858,"251,499,751",3,89.1529647042097,0.280401562666027,"251,499,751",3,54.2256420853854,0.191111186358837,5,"251,499,751",3,0.273308217864835,0.280401562666027,88.73101,1.002,0.002,0.002,0.002
"251,501,751",0.3,3,82.7417080564062,"54,251,499,751,761",0.333699581666483,0.312033261841673,5,107.101434617934,"251,499,751",3,88.2436305192852,0.324550721018388,"251,499,751",3,39.6160131826623,0.212483981543256,6,"251,499,751",3,0.322838241972916,0.324550721018388,90.15869,2.002,0.002,0.002,0.002
"251,501,751",0.3,3,133.554888337661,"245,501,747",0.32573951253877,0.3083798330235,3,128.593675296281,"246,501,748",3,115.822616718096,0.305533730646992,"245,501,747",3,113.518975361935,0.302261223614972,2,"245,501,747",3,0.306961474992253,0.3083798330235,119.59214,0.01,0.008,0.01,0.01
"251,501,751",0.3,3,86.8371464370116,"250,498,757",0.301592982625064,0.279747818023882,3,86.4840917242032,"251,503,757",3,71.4967024330482,0.277753628021195,"250,498,757",3,75.9595658496405,0.287761199932972,2,"250,498,757",3,0.280775277252562,0.279747818023882,75.81616,0.01,0.008,0.01,0.01
"251,501,751",0.3,3,116.827325244691,"251,501,751",0.308726894281914,0.287712573634156,3,137.044646432241,"251,501,751",3,124.731870492931,0.287712573634156,"251,501,749",3,191.035040713172,0.397261878765159,2,"251,501,751",3,0.282750332162077,0.287712573634156,123.8374,0,0,0.002,0
"251,501,751",0.3,3,103.096287491818,"201,250,500,748,751",0.285512977398627,0.277623487447147,5,101.996162668426,"250,500,749",3,84.3189008227915,0.278914463340499,"250,500,749",3,38.3019373724518,0.104763379160764,3,"250,500,751",3,0.279263402511078,0.284080558456262,86.5939,2.002,0.004,0.004,0.002
"251,501,751",0.3,3,94.3183373348335,"251,497,520,751",0.32338164815389,0.305606987678654,4,100.702231803769,"251,497,751",3,85.7379740912084,0.312747824637272,"251,497,751",3,57.658240048584,0.251784546149031,4,"251,497,751",3,0.30792192192242,0.312747824637272,88.14246,1.004,0.004,0.004,0.004
"251,501,751",0.3,3,79.5936035341686,"225,276,501,755",0.283966460969483,0.269246961491776,4,74.0929270035299,"255,502,755",3,71.924780523498,0.289619498877001,"225,276,501,755",4,44.990984672335,0.237606699982483,2,"225,276,501,755",4,0.266682432837226,0.269246961491776,65.09531,1.029,0.009,1.029,1.029
"251,501,751",0.3,3,130.245858862705,"251,500,747",0.307400701297826,0.298147139167298,3,155.630167230108,"251,501,750",3,143.369887148717,0.291441248155212,"251,500,747",3,137.205189617664,0.281805170851394,2,"251,500,747",3,0.291649315739532,0.298147139167298,147.92961,0.005,0.001,0.005,0.005
"251,501,751",0.3,3,139.7654996908,"235,250,500,523,666,749",0.361467243435837,0.35099125283178,6,169.465385649345,"251,501,750",3,150.943219899911,0.361768871047415,"250,500,749",3,205.942352609018,0.456686255050925,3,"250,500,749",3,0.362003094506132,0.36249138048706,151.80867,3.004,0.001,0.004,0.004
"251,501,751",0.3,3,96.1773481762006,"251,500,751,867",0.255513741075049,0.239396558418486,4,111.380794077688,"251,500,752",3,93.463482769975,0.241607416546638,"251,500,752",3,59.8455701414059,0.144457662594502,3,"251,500,751",3,0.245301412173432,0.245432823333632,101.58197,1.001,0.002,0.002,0.001
"251,501,751",0.3,3,157.389286057843,"251,499,523,751",0.297979505677837,0.294351517776583,4,158.210596824142,"252,501,751",3,148.878294549689,0.296160100938457,"251,500,751,769",4,129.503114849634,0.249834957624233,4,"251,499,751",3,0.298179234517564,0.298624398320321,152.64288,1.002,0.001,1.001,0.002
"251,501,751",0.3,3,142.354958130563,"251,497,750",0.313274031107452,0.297693862694607,3,118.518108594687,"251,497,751",3,107.493904715909,0.295320373062424,"251,497,750",3,193.436113579042,0.445754523978262,2,"251,497,750",3,0.294479404763728,0.297693862694607,110.15644,0.005,0.004,0.005,0.005
"251,501,751",0.3,3,89.4988046620187,"75,223,254,501,526,750,795",0.322251585909038,0.322019187590087,7,127.114436867497,"254,501,750",3,117.882658280095,0.345554440235384,"253,501,750",3,176.221461627004,0.433112533078483,3,"223,254,501,750",4,0.33313778659577,0.336937464505628,116.70055,4.004,0.004,0.003,1.004
"251,501,751",0.3,3,143.242806378454,"251,253,456,504,749",0.294352269890858,0.282129921845675,5,153.198179995595,"253,504,750",3,134.181476466888,0.284232569841646,"252,504,749",3,118.223156374162,0.247362071465882,5,"253,504,749",3,0.285939135940207,0.285218224451596,136.86203,2.005,0.006,0.006,0.007
"251,501,751",0.3,3,104.703674689922,"251,501,749",0.314181903875141,0.30660691889364,3,104.06188379646,"251,501,749",3,97.3178268800886,0.30660691889364,"251,501,749",3,185.614097733743,0.445257097031228,2,"251,501,749",3,0.303770890411768,0.30660691889364,98.79518,0.002,0.002,0.002,0.002
"251,501,751",0.3,3,103.299425001507,"141,214,251,470,503,749,756",0.285335416276889,0.27592713304607,7,131.084080756514,"251,503,750",3,115.046114677849,0.297926438113777,"251,503,749",3,315.358608454136,0.573824245565802,5,"251,503,749",3,0.300360676192837,0.300338170186932,118.39097,4.004,0.003,0.004,0.004
"251,501,751",0.3,3,108.783537307998,"250,495,506,751",0.327269391512433,0.314278645983527,4,106.996527206667,"251,506,751",3,94.1321402182562,0.315578574001844,"250,501,751",3,187.816519894249,0.464920163459344,3,"250,506,751",3,0.315416832686277,0.316191295189963,95.09792,1.006,0.005,0.001,0.006
"251,501,751",0.3,3,127.950426335733,"249,500,751",0.3100439641434,0.301347001543779,3,149.793900343655,"251,500,752",3,138.870757781021,0.294985010881418,"249,500,751",3,219.181001743294,0.427962406475021,2,"249,500,751",3,0.299644714005876,0.301347001543779,144.70403,0.003,0.002,0.003,0.003
"251,501,751",0.3,3,74.0790703144631,"202,239,251,266,500,581,750,751",0.297845352067699,0.299380331672002,8,95.3813155578858,"251,500,751",3,76.7414827206682,0.3177185119167,"251,500,751",3,66.2935699320064,0.298743433867075,3,"251,500,751",3,0.310237832241086,0.3177185119167,73.67763,5.001,0.001,0.001,0.001
"251,501,751",0.3,3,114.85206845686,"251,498,506,739,759,829",0.307394570009081,0.302016061009371,6,141.123920739373,"251,501,744",3,117.773163863544,0.307280360025329,"251,501,743",3,75.9669943499517,0.201497985722939,7,"251,498,739",3,0.312796305301849,0.315778504289735,127.43323,3.011,0.007,0.008,0.015
"251,501,751",0.3,3,140.196476699274,"236,251,499,751,753",0.310506404236527,0.301370600165488,5,148.134244370276,"251,499,753",3,130.189160301914,0.303735659933941,"251,499,753",3,82.3072943856922,0.125802431791282,3,"251,499,753",3,0.299413442697023,0.303735659933941,129.47126,2.002,0.004,0.004,0.004
"251,501,751",0.3,3,129.708658110089,"173,251,501,749",0.25671625942755,0.256194974189831,4,92.03775122738,"251,501,749",3,92.7434515119969,0.269387769904468,"251,501,749",3,120.663136419611,0.325320842465179,2,"173,251,501,749",4,0.251982232272586,0.256194974189831,90.07546,1.002,0.002,0.002,1.002
"251,501,751",0.3,3,124.278582291344,"249,267,500,751",0.355737815376028,0.345095033257358,4,156.486762660542,"250,501,751",3,142.680428816846,0.345496351399077,"250,500,751",3,122.136976555322,0.305542565312948,3,"249,500,751",3,0.342299130747477,0.347059336542347,143.25351,1.003,0.001,0.002,0.003
"251,501,751",0.3,3,114.870515524705,"192,227,251,501,750",0.337438936415804,0.326523114114395,5,142.735591273372,"251,502,750",3,127.739045353434,0.334441902739827,"251,501,750",3,143.740338023816,0.363833244279197,3,"251,501,750",3,0.335036131693587,0.336490907736462,130.17121,2.001,0.002,0.001,0.001
"251,501,751",0.3,3,130.125077124209,"236,251,487,501,507,751",0.252232104863481,0.256446864831624,6,119.430500724799,"251,501,751",3,102.448971504275,0.26463749334243,"251,501,751",3,115.908458723001,0.293227775722536,8,"251,501,751",3,0.262412675145705,0.26463749334243,105.74873,3,0,0,0
"251,501,751",0.3,3,76.6363232909481,"251,501,514,737,751",0.244665824628022,0.250609442445614,5,79.4432986999265,"251,501,751",3,70.1894356036296,0.257266221630426,"3,251,501,751",4,91.4618410977619,0.28842714830016,6,"251,501,751",3,0.252093894340676,0.257266221630426,71.87704,2,0,1,0
"251,501,751",0.3,3,118.724468488335,"251,501,751",0.296605621677561,0.284913466248478,3,134.37625777967,"253,501,751",3,123.720198489925,0.282155602648711,"251,501,751",3,122.915714588456,0.280798075147977,2,"251,501,751",3,0.278161764562897,0.284913466248478,125.32768,0,0.002,0,0
"251,501,751",0.3,3,79.9170960050128,"238,247,501,751,878",0.262770276615951,0.257650158280989,5,68.3144645957331,"247,501,751",3,59.3495827243118,0.270890985436638,"247,501,751",3,25.1374898952216,0.18627174186684,10,"247,501,751",3,0.263288194060458,0.270890985436638,59.50514,2.004,0.004,0.004,0.004
"251,501,751",0.3,3,152.284129485065,"251,258,500,751",0.321934679702765,0.322081918260165,4,163.470748566717,"254,500,752",3,151.549079819122,0.320530988438335,"251,500,751",3,258.383252027883,0.496521844037873,3,"251,500,751",3,0.322307399934572,0.327233580243165,158.61769,1.001,0.005,0.001,0.001
"251,501,751",0.3,3,116.024918307429,"244,250,501,750",0.319256776731286,0.308649455682982,4,124.177933449377,"249,501,751",3,109.370070477602,0.309298556467541,"249,501,751",3,88.1391927163411,0.262332969770576,10,"250,501,750",3,0.319294852497755,0.308921101005664,117.56231,1.002,0.002,0.002,0.002
"251,501,751",0.3,3,105.527216422465,"250,494,501,751",0.349257621389096,0.332511256864705,4,139.228002966689,"250,501,751",3,122.445776591728,0.33426899368881,"250,498,751",3,153.992103916629,0.386532678226623,2,"250,494,501,751",4,0.330689940912805,0.332511256864705,128.84987,1.001,0.001,0.004,1.001
"251,501,751",0.3,3,88.1882458347258,"251,501,751",0.317793531529451,0.30345794343098,3,91.9997423187761,"251,501,751",3,81.2171650885612,0.30345794343098,"251,501,751",3,81.4861082081715,0.303963153829667,2,"251,501,751",3,0.298712340834882,0.30345794343098,82.1836,0,0,0,0
"251,501,751",0.3,3,86.3683079806261,"196,249,273,494,501,639,751",0.28689436072408,0.283297850573496,7,118.133876544464,"251,497,751",3,97.9999263526636,0.299788110057279,"249,497,751",3,161.667374229974,0.401539803464083,3,"249,501,751",3,0.297823537895949,0.306184901545136,103.04366,4.002,0.004,0.006,0.002
"251,501,751",0.3,3,84.1011666111187,"251,505,751",0.339879962727178,0.328868189960259,3,122.750016660404,"251,505,752",3,114.074010547024,0.32819124468465,"251,505,751",3,235.571830893705,0.49834942067247,2,"251,505,751",3,0.321426855859913,0.328868189960259,112.22808,0.004,0.005,0.004,0.004
"251,501,751",0.3,3,109.988704773464,"251,501,750",0.284850907231802,0.280052091943921,3,120.540940025788,"251,501,751",3,114.063349997613,0.278249894172362,"251,501,735,750",4,68.056394705658,0.0481574231317368,2,"251,501,750",3,0.277779472421215,0.280052091943921,117.15268,0.001,0,1.001,0.001
"251,501,751",0.3,3,97.8073875652603,"251,501,751,752",0.327469098162573,0.313308318151192,4,143.016610171533,"252,502,752",3,125.415551493688,0.31062469952845,"251,501,752",3,127.061078491375,0.316465289086029,5,"251,501,752",3,0.312571576046589,0.313294051617355,128.4448,1,0.003,0.001,0.001
"251,501,751",0.3,3,101.746704231235,"250,495,530,751,755,786",0.317094965455328,0.297807704360789,6,130.818711527956,"250,500,755",3,102.991286381777,0.303819504859945,"250,500,755",3,47.7098933595827,0.106319973277969,8,"250,495,755",3,0.305628796347771,0.309732356966208,107.29182,3.007,0.006,0.006,0.011
"251,501,751",0.3,3,85.0431714718159,"251,500,725,748",0.295271630882216,0.294933879068566,4,109.837865048605,"251,501,749",3,101.361376675344,0.294485620991238,"251,500,749",3,46.8191382179215,0.143907831926571,3,"251,500,748",3,0.294802855739272,0.297024539267305,103.47976,1.004,0.002,0.003,0.004
"251,501,751",0.3,3,120.065310244583,"250,468,505,572,670,751",0.280106547652428,0.281598564294366,6,110.165122966935,"250,506,751",3,103.411782085282,0.302356325900046,"250,505,751",3,126.535677841186,0.346212086207147,5,"250,505,751",3,0.298703306201326,0.302396614097216,104.49241,3.005,0.006,0.005,0.005
"251,501,751",0.3,3,112.870838819832,"251,501,751",0.284731278535027,0.266654005339317,3,100.694216224175,"251,501,751",3,88.5456720792689,0.266654005339317,"249,501,751",3,186.912943841098,0.429255407324201,2,"251,501,751",3,0.264430648446426,0.266654005339317,91.30668,0,0,0.002,0
"251,501,751",0.3,3,110.074614879225,"251,501,552,751,754,894",0.337611111547184,0.322620987993301,6,137.459266791616,"251,501,754",3,116.256348331139,0.334375997857237,"251,501,753",3,177.785667448375,0.433422233695861,3,"251,501,751",3,0.335354748316168,0.339843096449015,119.42499,3,0.003,0.002,0
"251,501,751",0.3,3,106.568371995842,"254,501,753",0.330129687176224,0.319872288667731,3,103.686855371643,"255,501,753",3,95.8347181451882,0.320464634616108,"254,501,753",3,40.053431721786,0.0936731289012547,2,"254,501,753",3,0.314465553953627,0.319872288667731,95.71151,0.005,0.006,0.005,0.005
"251,501,751",0.3,3,116.809768165735,"239,252,499,744,750",0.357507595362338,0.357976914126215,5,149.510654108934,"252,501,750",3,136.605220773666,0.361154187892863,"252,499,750",3,123.298233637287,0.338836614999533,3,"252,499,750",3,0.360265423509734,0.363958706874568,138.56969,2.004,0.002,0.004,0.004
"251,501,751",0.3,3,106.464541997388,"248,498,505,751,766",0.301037525600212,0.299362551962828,5,118.90179204871,"248,499,752",3,104.242544270997,0.301173711525082,"248,499,751",3,91.1329916480722,0.275887430520761,5,"248,498,751",3,0.303003096714337,0.304290247157139,108.12707,2.006,0.006,0.005,0.006
"251,501,751",0.3,3,78.129708304773,"251,500,751,754,765",0.300196403642821,0.291422741943665,5,51.9101732239819,"251,500,755",3,33.6133648185086,0.292727025619139,"251,500,754",3,26.7544765010114,0.279547288285217,8,"251,500,751",3,0.293358664199529,0.298006583276807,36.12081,2.001,0.005,0.004,0.001
"251,501,751",0.3,3,128.047341103222,"254,487,500,513,751",0.29997534664179,0.290055001915176,5,132.119045180208,"254,501,751",3,115.755482006905,0.29545885070875,"254,500,751",3,85.4692645802739,0.21977329666915,3,"254,500,751",3,0.292980447722418,0.296377707774164,117.27084,2.004,0.003,0.004,0.004
"251,501,751",0.3,3,97.0206359494492,"250,500,754",0.320819783722775,0.314475198830664,3,101.684728805098,"251,500,754",3,95.1103038194991,0.311797801352777,"250,500,754",3,112.535135968988,0.343459948293932,2,"250,500,754",3,0.313311094535061,0.314475198830664,97.68505,0.005,0.004,0.005,0.005
"251,501,751",0.3,3,107.119074628035,"251,500,751",0.347695886096415,0.338471582455534,3,152.306976229296,"251,500,752",3,142.441488484229,0.335932941101353,"251,500,751",3,132.946493904865,0.320621698317092,2,"251,500,751",3,0.333908371095642,0.338471582455534,144.54916,0.001,0.002,0.001,0.001
"251,501,751",0.3,3,90.7829047135235,"250,502,751",0.24631768091784,0.238305832070125,3,101.139223574218,"250,502,751",3,93.0233860373886,0.238305832070125,"250,502,751",3,54.8510365489514,0.127795652879372,2,"250,502,751",3,0.229321327740768,0.238305832070125,93.06795,0.002,0.002,0.002,0.002
"251,501,751",0.3,3,146.868654145865,"251,503,753",0.345997508895305,0.333499158246413,3,153.267394695105,"251,504,753",3,143.227825335514,0.334721987264398,"251,503,753",3,125.783715087768,0.2978251600024,2,"251,503,753",3,0.332065819758604,0.333499158246413,146.34106,0.004,0.005,0.004,0.004
"251,501,751",0.3,3,109.989311713216,"251,501,750",0.360767310198103,0.353899536186755,3,149.671263969422,"252,501,752",3,143.032917321788,0.35410532739819,"251,501,750",3,184.079083963134,0.421468649777932,2,"251,501,750",3,0.352721759636001,0.353899536186755,145.21609,0.001,0.002,0.001,0.001
"251,501,751",0.3,3,79.1654090357742,"248,250,281,501,512,750,773",0.289537639221738,0.276239530545501,7,133.851081066911,"250,501,751",3,109.741797438441,0.291134253997554,"250,501,750",3,131.754665391348,0.328208487232304,8,"248,501,750",3,0.295405986712842,0.293692731134098,114.6395,4.002,0.001,0.002,0.004
"251,501,751",0.3,3,86.9476365238212,"251,500,750",0.343546175417811,0.338510640662116,3,136.714476283961,"251,501,751",3,134.056599690206,0.340563317234047,"251,501,750",3,66.7986117334217,0.18505840166363,2,"251,500,750",3,0.335710890304037,0.338510640662116,132.22804,0.002,0,0.001,0.002
"251,501,751",0.3,3,147.270751335216,"250,501,751",0.307524689199446,0.302999701544091,3,143.399008727359,"251,501,751",3,136.129076864549,0.301057045050872,"250,501,751",3,91.5759678943365,0.144702073462838,2,"250,501,751",3,0.297148071561133,0.302999701544091,138.78205,0.001,0,0.001,0.001
"251,501,751",0.3,3,103.865494075164,"248,250,501,749,752",0.273001519813747,0.266140306669141,5,90.5354465856081,"250,501,752",3,68.5291833993271,0.265732966071442,"248,501,749",3,89.8590569015793,0.309599129269313,3,"248,501,749",3,0.264868069818152,0.27009690730007,76.02002,2.002,0.002,0.005,0.005
"251,501,751",0.3,3,95.7435068957172,"251,501,735,751",0.284884890525824,0.288098216766652,4,75.7197814902043,"252,501,751",3,72.1596079855651,0.293910552936982,"252,501,751",3,39.9395639447223,0.218578026365119,4,"251,501,751",3,0.284491790921976,0.292132160978939,69.93929,1,0.001,0.001,0
"251,501,751",0.3,3,120.561771089347,"212,254,501,751",0.254585751232377,0.256266050978962,4,96.8377881574903,"254,501,751",3,92.8413407990884,0.265427610744061,"254,501,751",3,70.0814480208144,0.206609775971149,2,"212,254,501,751",4,0.251563465163189,0.256266050978962,95.55256,1.003,0.003,0.003,1.003
