"true_model","true_phi","true_nknots","bic_true_model","adaflasso","phi_adaflasso","phi_yw_adaflasso","nknots_adaflasso","bic_adaflasso","knots_WCM","nknots_WCM","bic_WCM","phi_WCM","knots_AR1seg","nknots_AR1seg","bic_AR1seg","phi_AR1seg","best_iter","changepoints","nknots_best_iter","phi_best_iter","phi_yw_best_iter","min_bic_best_iter","distance_adaflasso","distance_WCM","distance_AR1seg","distance_best_iter_flasso"
"251,501,751",0,3,-49.2013494641003,NA,0.019218675974382,0.0191495818649257,0,-32.2995744322507,NA,0,-32.2982038686718,0.0191495818649257,NA,0,-28.8124519705409,-0.0644361889541549,1,NA,0,0.019218675974382,0.0191495818649257,-32.29957,3,3,3,3
"251,501,751",0,3,39.2057487441682,NA,0.0415644575830519,0.0416341693761392,0,10.8612416801784,NA,0,10.8583692382973,0.0416341693761392,NA,0,17.3415924199465,-0.0725516406364467,1,NA,0,0.0415644575830519,0.0416341693761392,10.86124,3,3,3,3
"251,501,751",0,3,-36.5364595278758,NA,-0.00220640563705251,-0.00217938070354032,0,-26.5019067574284,NA,0,-26.5018458278858,-0.00217938070354032,NA,0,-26.0604882036851,-0.0318930744777792,1,NA,0,-0.00220640563705251,-0.00217938070354032,-26.50191,3,3,3,3
"251,501,751",0,3,7.78048697228556,NA,0.0186645165970733,0.0186487375514886,0,-3.53425146916486,NA,0,-3.5339682637458,0.0186487375514886,NA,0,-2.68518065274034,0.0598698098173225,1,NA,0,0.0186645165970733,0.0186487375514886,-3.53425,3,3,3,3
"251,501,751",0,3,42.6482614557351,NA,0.0237422115422111,0.0237484817937842,0,13.8676677671246,NA,0,13.8675134379794,0.0237484817937842,NA,0,14.0031258151309,0.0401952406392896,1,NA,0,0.0237422115422111,0.0237484817937842,13.86767,3,3,3,3
"251,501,751",0,3,106.820506207674,NA,0.0125303985845128,0.012535253561551,0,46.3662570841813,NA,0,46.3661902456448,0.012535253561551,NA,0,46.4070072482354,0.0215676974071151,1,NA,0,0.0125303985845128,0.012535253561551,46.36626,3,3,3,3
"251,501,751",0,3,112.659892461798,NA,-0.0615345233539137,-0.0615344310148245,0,47.5261592919484,NA,0,47.5261495977428,-0.0615344310148245,NA,0,47.5292043162671,-0.0640020911734774,1,NA,0,-0.0615345233539137,-0.0615344310148245,47.52616,3,3,3,3
"251,501,751",0,3,90.5909917895668,NA,-0.0253635059943708,-0.0253679378982655,0,38.0492619663465,NA,0,38.0491458762111,-0.0253679378982655,NA,0,51.2445966225456,0.13811539328575,1,NA,0,-0.0253635059943708,-0.0253679378982655,38.04926,3,3,3,3
"251,501,751",0,3,-68.3262351408939,NA,0.0284791500181331,0.0284799335338822,0,-41.5094013931243,NA,0,-41.5094210062601,0.0284799335338822,NA,0,-36.2199726830619,-0.0747317319612416,1,NA,0,0.0284791500181331,0.0284799335338822,-41.5094,3,3,3,3
"251,501,751",0,3,41.7975962818538,NA,-0.00389564688269565,-0.0038856177471256,0,12.8588123769964,NA,0,12.8588508317616,-0.0038856177471256,NA,0,14.3243291391686,-0.0580169842486015,1,NA,0,-0.00389564688269565,-0.0038856177471256,12.85881,3,3,3,3
"251,501,751",0,3,24.5091822609803,NA,-0.00795217372814712,-0.00797591291139764,0,3.63894074400794,NA,0,3.63875322616902,-0.00797591291139764,NA,0,5.17152690143774,0.047389843778294,1,NA,0,-0.00795217372814712,-0.00797591291139764,3.63894,3,3,3,3
"251,501,751",0,3,25.556365176327,NA,0.0102710452486041,0.0102706775111843,0,5.81704377243825,NA,0,5.81704489737414,0.0102706775111844,NA,0,17.1879841702772,-0.141435500757124,1,NA,0,0.0102710452486041,0.0102706775111843,5.81704,3,3,3,3
"251,501,751",0,3,43.684516202663,NA,0.0523714516568136,0.0523828955601685,0,13.4748836089938,NA,0,13.4741853870755,0.0523828955601685,NA,0,17.1811369725833,-0.0339512915066634,1,NA,0,0.0523714516568136,0.0523828955601685,13.47488,3,3,3,3
"251,501,751",0,3,20.5227802773735,NA,0.00169699587956604,0.00164452651814286,0,2.95524131964833,NA,0,2.95533114663974,0.00164452651814286,NA,0,5.83383236795261,0.0776507011469749,1,NA,0,0.00169699587956604,0.00164452651814286,2.95524,3,3,3,3
"251,501,751",0,3,-0.800386407717664,NA,0.0482703026586215,0.0482782486384937,0,-8.74566012967469,NA,0,-8.74602504336933,0.0482782486384937,NA,0,-6.69874519792985,0.112266546078984,1,NA,0,0.0482703026586215,0.0482782486384937,-8.74566,3,3,3,3
"251,501,751",0,3,55.6338646136227,NA,-0.0601846019539872,-0.0601745969688687,0,17.5189396621306,NA,0,17.5195326089163,-0.0601745969688687,NA,0,38.7225435086897,-0.267535749109799,1,NA,0,-0.0601846019539872,-0.0601745969688687,17.51894,3,3,3,3
"251,501,751",0,3,-14.8931738444138,NA,0.0317223482481543,0.0317340218538839,0,-14.8995336589326,NA,0,-14.8999186083006,0.0317340218538839,NA,0,-14.8095234483673,0.0182794946260563,1,NA,0,0.0317223482481543,0.0317340218538839,-14.89953,3,3,3,3
"251,501,751",0,3,20.4379281966206,NA,-0.0203259073651245,-0.0203295657288874,0,2.63162584060728,"76",1,2.73668578091413,-0.0330906442359469,NA,0,31.3411974317097,0.223028998136903,1,NA,0,-0.0203259073651245,-0.0203295657288874,2.63163,3,2.175,3,3
"251,501,751",0,3,8.77953914073561,NA,-0.0553787601209712,-0.0553810610674119,0,-4.95878446015747,NA,0,-4.95890900736362,-0.0553810610674119,NA,0,-4.87056807507737,-0.0685396937440441,1,NA,0,-0.0553787601209712,-0.0553810610674119,-4.95878,3,3,3,3
"251,501,751",0,3,80.7841503177637,NA,-0.0177504210570617,-0.0177004300892033,0,32.7217601615406,NA,0,32.7226522370965,-0.0177004300892033,NA,0,33.9199293820364,-0.0666556372292109,1,NA,0,-0.0177504210570617,-0.0177004300892033,32.72176,3,3,3,3
"251,501,751",0,3,-5.00427449078982,NA,-0.0236449882159659,-0.0236125669350756,0,-10.5544250797504,NA,0,-10.5536986754155,-0.0236125669350756,NA,0,-1.362316817212,-0.159917203064307,1,NA,0,-0.0236449882159659,-0.0236125669350756,-10.55443,3,3,3,3
"251,501,751",0,3,-14.0392942617085,NA,-0.0199858704047381,-0.0200083329348309,0,-15.2875285395925,NA,0,-15.2879685268696,-0.0200083329348309,NA,0,-10.4653167400968,-0.118285929329824,1,NA,0,-0.0199858704047381,-0.0200083329348309,-15.28753,3,3,3,3
"251,501,751",0,3,6.64263256416542,NA,-0.0553145003011576,-0.0553232826951304,0,-5.28875086758583,NA,0,-5.28927268851375,-0.0553232826951304,NA,0,-1.76949570426514,-0.139260051987436,1,NA,0,-0.0553145003011576,-0.0553232826951304,-5.28875,3,3,3,3
"251,501,751",0,3,19.4926262557769,NA,-0.0279697980863655,-0.0280006129863583,0,0.508434858520268,NA,0,0.507579652278883,-0.0280006129863583,NA,0,6.5725664863757,-0.138076973376926,1,NA,0,-0.0279697980863655,-0.0280006129863583,0.50843,3,3,3,3
"251,501,751",0,3,69.6449881407879,NA,-0.0420175315442391,-0.042017191931515,0,27.0250578445808,NA,0,27.0250736527653,-0.042017191931515,NA,0,42.1756244740497,0.133319008920682,1,NA,0,-0.0420175315442391,-0.042017191931515,27.02506,3,3,3,3
"251,501,751",0,3,-5.97526552423962,NA,0.0244702964444681,0.0244631033835915,0,-10.2942819450261,NA,0,-10.2940985087544,0.0244631033835915,NA,0,2.48967196010204,0.185356428485572,1,NA,0,0.0244702964444681,0.0244631033835915,-10.29428,3,3,3,3
"251,501,751",0,3,62.2166609635623,NA,-0.00729448133397637,-0.00736413521060686,0,20.0536314488379,NA,0,20.0531268072568,-0.00736413521060686,NA,0,22.1679039355211,-0.0720825616776994,1,NA,0,-0.00729448133397637,-0.00736413521060686,20.05363,3,3,3,3
"251,501,751",0,3,43.9487665600983,NA,0.067507836564508,0.06747330435394,0,11.2149919907762,NA,0,11.2172955688564,0.06747330435394,NA,0,19.7813496958851,0.198278253571956,1,NA,0,0.067507836564508,0.06747330435394,11.21499,3,3,3,3
"251,501,751",0,3,49.7742422383895,NA,-0.00591552803156703,-0.00588371024553313,0,17.5106980171289,NA,0,17.5108885849816,-0.00588371024553313,NA,0,18.9442816181272,-0.0594685455097012,1,NA,0,-0.00591552803156703,-0.00588371024553313,17.5107,3,3,3,3
"251,501,751",0,3,-10.4049352478808,NA,-0.0313197150336601,-0.0313108226016126,0,-13.040205889495,NA,0,-13.0399216953926,-0.0313108226016126,NA,0,-13.0373428789383,-0.033560479842647,1,NA,0,-0.0313197150336601,-0.0313108226016126,-13.04021,3,3,3,3
"251,501,751",0,3,25.002231782498,NA,0.0270367111554666,0.0269859438679664,0,4.78355223401688,NA,0,4.78497370856185,0.0269859438679664,NA,0,5.02682478338115,0.0050197230783029,1,NA,0,0.0270367111554666,0.0269859438679664,4.78355,3,3,3,3
"251,501,751",0,3,9.81064999733625,NA,0.0164522276192592,0.0164258462587071,0,-2.83802942123596,NA,0,-2.83757754459043,0.0164258462587071,NA,0,2.1015756729505,0.116129707830144,1,NA,0,0.0164522276192592,0.0164258462587071,-2.83803,3,3,3,3
"251,501,751",0,3,0.212931705694171,NA,-0.00959561784888408,-0.00959185248755433,0,-6.87617320063942,NA,0,-6.87613993343107,-0.00959185248755433,NA,0,-6.76143537099725,0.00555353076388476,1,NA,0,-0.00959561784888408,-0.00959185248755433,-6.87617,3,3,3,3
"251,501,751",0,3,8.25036869203331,NA,-0.0291155850139864,-0.029119300027939,0,-3.23596282548396,NA,0,-3.23605836304037,-0.029119300027939,NA,0,-1.39092987640296,0.031689010683347,1,NA,0,-0.0291155850139864,-0.029119300027939,-3.23596,3,3,3,3
"251,501,751",0,3,64.9797330855331,NA,0.0309971830572693,0.0309963035565109,0,25.0941575563471,NA,0,25.0941855031179,0.0309963035565109,NA,0,25.1739900621608,0.0436247539817669,1,NA,0,0.0309971830572693,0.0309963035565109,25.09416,3,3,3,3
"251,501,751",0,3,16.0671046183533,NA,-0.00470949356360371,-0.00468581767430846,0,-0.511634589017682,NA,0,-0.511526529955137,-0.00468581767430846,NA,0,6.15283211933736,-0.12048753703559,1,NA,0,-0.00470949356360371,-0.00468581767430846,-0.51163,3,3,3,3
"251,501,751",0,3,64.7341655404878,NA,0.000849476830198297,0.00084879816051444,0,24.8924743936485,NA,0,24.8924749682291,0.000848798160514439,NA,0,24.8925225050865,0.000540350566314629,1,NA,0,0.000849476830198297,0.00084879816051444,24.89247,3,3,3,3
"251,501,751",0,3,-10.9242751355549,NA,0.0181404535946722,0.0181095230486503,0,-14.1030271419438,NA,0,-14.1024811832489,0.0181095230486503,NA,0,-12.6548786643843,0.0718856834381518,1,NA,0,0.0181404535946722,0.0181095230486503,-14.10303,3,3,3,3
"251,501,751",0,3,24.5559101314061,NA,0.00935173374760012,0.00941596331482712,0,3.57282923932455,NA,0,3.57222649852423,0.00941596331482712,NA,0,4.6767573432755,0.0562706752039184,1,NA,0,0.00935173374760012,0.00941596331482712,3.57283,3,3,3,3
"251,501,751",0,3,69.8996876728894,NA,-0.0304843850315566,-0.0305042268605891,0,26.5797079601067,NA,0,26.5791169626165,-0.0305042268605891,NA,0,28.017589297189,-0.0840459603152057,1,NA,0,-0.0304843850315566,-0.0305042268605891,26.57971,3,3,3,3
"251,501,751",0,3,39.5932521167408,NA,-0.0400023648578528,-0.039958265286455,0,11.1230554614021,NA,0,11.1247448541984,-0.039958265286455,NA,0,13.5102252650893,-0.109062018810718,1,NA,0,-0.0400023648578528,-0.039958265286455,11.12306,3,3,3,3
"251,501,751",0,3,21.6992096960606,NA,0.0290618429588595,0.0291018975819172,0,2.04109275560537,NA,0,2.03991532557379,0.0291018975819172,NA,0,9.4031591882178,0.150587321207634,1,NA,0,0.0290618429588595,0.0291018975819172,2.04109,3,3,3,3
"251,501,751",0,3,49.3072079037164,NA,-0.0586608564828489,-0.0586060945989724,0,15.2720184864763,NA,0,15.2753186178051,-0.0586060945989724,NA,0,17.418076821562,0.00683873611334485,1,NA,0,-0.0586608564828489,-0.0586060945989724,15.27202,3,3,3,3
"251,501,751",0,3,28.5660969807322,NA,-0.0391737750903431,-0.0391373190786305,0,5.67950438143519,NA,0,5.6809163142132,-0.0391373190786305,NA,0,7.93386494425673,-0.106199703569164,1,NA,0,-0.0391737750903431,-0.0391373190786305,5.6795,3,3,3,3
"251,501,751",0,3,-72.5878649805009,NA,-0.0705261264970865,-0.0704913468055432,0,-46.4254375634737,NA,0,-46.4229669533,-0.0704913468055432,NA,0,-41.1806225239071,0.0319113258039756,1,NA,0,-0.0705261264970865,-0.0704913468055432,-46.42544,3,3,3,3
"251,501,751",0,3,59.752257931279,NA,-0.0189498721815231,-0.0189559328240701,0,22.7697801151855,NA,0,22.7696503263159,-0.0189559328240701,NA,0,23.0570343874802,-0.0429295686970493,1,NA,0,-0.0189498721815231,-0.0189559328240701,22.76978,3,3,3,3
"251,501,751",0,3,-34.0587379712279,NA,-0.00455572120854486,-0.0045554862560051,0,-23.9794635871392,NA,0,-23.9794627102049,-0.0045554862560051,NA,0,-16.3936956545544,0.119176070678705,1,NA,0,-0.00455572120854486,-0.0045554862560051,-23.97946,3,3,3,3
"251,501,751",0,3,73.46260790887,NA,0.0615214521152083,0.0615093202912309,0,27.8753217394724,NA,0,27.8760796339595,0.0615093202912309,NA,0,35.4122795747889,0.184509786256773,1,NA,0,0.0615214521152083,0.0615093202912309,27.87532,3,3,3,3
"251,501,751",0,3,-38.6272995746462,NA,-0.0122640507688785,-0.0122554370830105,0,-26.4498433557831,NA,0,-26.4497415205355,-0.0122554370830105,NA,0,-25.2263809988758,0.0372323377113268,1,NA,0,-0.0122640507688785,-0.0122554370830105,-26.44984,3,3,3,3
"251,501,751",0,3,4.88646938627016,NA,0.0501523522347825,0.0501551094150092,0,-5.72894966143699,NA,0,-5.72904683516611,0.0501551094150092,NA,0,-4.23395911952276,0.104844882705102,1,NA,0,0.0501523522347825,0.0501551094150092,-5.72895,3,3,3,3
"251,501,751",0,3,8.82907218074683,NA,0.0582489059702609,0.0583098639574027,0,-4.73269065808119,NA,0,-4.73610834939018,0.0583098639574027,NA,0,-4.54782516312071,0.0775697698408768,1,NA,0,0.0582489059702609,0.0583098639574027,-4.73269,3,3,3,3
"251,501,751",0,3,36.6705784326139,NA,0.0123289618745366,0.0123315276180051,0,11.3423966221754,NA,0,11.342381746086,0.0123315276180051,NA,0,13.1458570624159,0.0726039140544428,1,NA,0,0.0123289618745366,0.0123315276180051,11.3424,3,3,3,3
"251,501,751",0,3,13.683191751928,NA,0.0482929605341574,0.0482922849459095,0,-1.44681939876432,NA,0,-1.4467867010142,0.0482922849459095,NA,0,-1.37092422165892,0.0359646968859755,1,NA,0,0.0482929605341574,0.0482922849459095,-1.44682,3,3,3,3
"251,501,751",0,3,-63.1091856028804,NA,-0.0328054656150467,-0.0328027603233809,0,-39.0011715195584,"23",1,-41.4818643601067,-0.0500303984441176,"23",1,-41.3094226309554,-0.030737943958262,1,NA,0,-0.0328054656150467,-0.0328027603233809,-39.00117,3,2.228,2.228,3
"251,501,751",0,3,-9.4935533843531,NA,0.000833617241260646,0.000843194636012106,0,-11.8473497207815,NA,0,-11.8473570185157,0.000843194636012106,NA,0,-2.05553639894138,0.141600438069056,1,NA,0,0.000833617241260646,0.000843194636012106,-11.84735,3,3,3,3
"251,501,751",0,3,44.5526689993013,NA,0.0235583172247059,0.0235606453960822,0,14.4640293559846,NA,0,14.4639741004277,0.0235606453960822,NA,0,23.5487255850345,-0.111772207210303,1,NA,0,0.0235583172247059,0.0235606453960822,14.46403,3,3,3,3
"251,501,751",0,3,24.2771391257831,NA,-0.0124794464890956,-0.0124787401962666,0,5.12720014906084,NA,0,5.12720803566971,-0.0124787401962666,NA,0,5.50711285672706,0.0150948672591662,1,NA,0,-0.0124794464890956,-0.0124787401962666,5.1272,3,3,3,3
"251,501,751",0,3,-1.85298535187638,NA,-0.00684963413803139,-0.00686498126098558,0,-7.88521396471152,NA,0,-7.88532507598295,-0.00686498126098558,NA,0,-5.92354241703258,-0.0695517448994529,1,NA,0,-0.00684963413803139,-0.00686498126098558,-7.88521,3,3,3,3
"251,501,751",0,3,28.8899370169183,NA,-0.0376797507226091,-0.0377037639717742,0,6.77316889776802,NA,0,6.77234591319786,-0.0377037639717742,NA,0,8.96612603971084,0.0286151652928874,1,NA,0,-0.0376797507226091,-0.0377037639717742,6.77317,3,3,3,3
"251,501,751",0,3,-21.0956987186636,NA,0.0201278688435964,0.0201223412699315,0,-17.7898287558799,NA,0,-17.7897117124484,0.0201223412699315,NA,0,-15.355808696601,0.0899813389249013,1,NA,0,0.0201278688435964,0.0201223412699315,-17.78983,3,3,3,3
"251,501,751",0,3,46.90381506413,NA,0.0230891678335316,0.0230823904504466,0,16.1995933121314,"",0,16.1997305449477,0.0230823904504466,NA,0,27.0055210332258,0.170997169676049,1,NA,0,0.0230891678335316,0.0230823904504466,16.19959,3,3,3,3
"251,501,751",0,3,-54.0337878315718,NA,-0.0830719217767726,-0.0830862324483634,0,-37.4569567126859,"",0,-37.4580634761534,-0.0830862324483634,NA,0,-36.5688262854311,-0.125122856794301,1,NA,0,-0.0830719217767726,-0.0830862324483634,-37.45696,3,3,3,3
"251,501,751",0,3,19.5872257046995,NA,-0.00658099585110185,-0.00658096051083835,0,2.86320616910101,"494,732",2,7.88575903549252,-0.0223015855293527,NA,0,12.9073094784982,0.135917331028185,1,NA,0,-0.00658099585110185,-0.00658096051083835,2.86321,3,1.238,3,3
"251,501,751",0,3,41.8219039260228,NA,-0.0152902761817359,-0.0152829341715631,0,13.8697581466591,"",0,13.8698955956173,-0.0152829341715631,NA,0,31.9561232511912,0.176778069281572,1,NA,0,-0.0152902761817359,-0.0152829341715631,13.86976,3,3,3,3
"251,501,751",0,3,-11.4436103899118,NA,0.0133497537057115,0.0133387278301687,0,-12.8006399893851,"",0,-12.8004925639417,0.0133387278301687,NA,0,8.78024855152027,0.223327130444654,1,NA,0,0.0133497537057115,0.0133387278301687,-12.80064,3,3,3,3
"251,501,751",0,3,-22.3292207912774,NA,0.0131320281590813,0.0131256243245503,0,-18.2727793487146,"",0,-18.2726914031087,0.0131256243245503,NA,0,-10.7222834326071,0.136485914084182,1,NA,0,0.0131320281590813,0.0131256243245503,-18.27278,3,3,3,3
"251,501,751",0,3,57.1080324793364,NA,0.0276852845948303,0.0276875041713864,0,21.258445823851,"",0,21.2583684054149,0.0276875041713864,NA,0,21.3335142974396,0.0399435842163343,1,NA,0,0.0276852845948303,0.0276875041713864,21.25845,3,3,3,3
"251,501,751",0,3,-3.8900947994497,NA,0.0135829784211948,0.013574611191468,0,-8.97729174493724,"",0,-8.9771588903661,0.013574611191468,NA,0,-8.97673629961002,0.0145019229351173,1,NA,0,0.0135829784211948,0.013574611191468,-8.97729,3,3,3,3
"251,501,751",0,3,0.844351944918412,NA,0.0250105508769473,0.025006754715498,0,-6.80534884759499,"",0,-6.80529243484219,0.025006754715498,NA,0,13.2602835661866,0.227540697387995,1,NA,0,0.0250105508769473,0.025006754715498,-6.80535,3,3,3,3
"251,501,751",0,3,18.6774441338182,NA,0.00482169865519364,0.00482316778689613,0,2.33397324570767,"",0,2.33396596730678,0.00482316778689613,NA,0,8.54358279633863,0.116605864372638,1,NA,0,0.00482169865519364,0.00482316778689613,2.33397,3,3,3,3
"251,501,751",0,3,24.0273103722956,NA,0.0245388394755067,0.0245430483933446,0,4.68874853328878,"",0,4.68864173451203,0.0245430483933446,NA,0,10.342688444624,0.131142756633145,1,NA,0,0.0245388394755067,0.0245430483933446,4.68875,3,3,3,3
"251,501,751",0,3,-13.7533817920596,NA,-0.00911190669624241,-0.0091005037541086,0,-14.9383352571931,"",0,-14.9382314516614,-0.0091005037541086,NA,0,-0.516398040802752,-0.179960713204488,1,NA,0,-0.00911190669624241,-0.0091005037541086,-14.93834,3,3,3,3
"251,501,751",0,3,40.165949082355,NA,0.0663574782960933,0.0663586375774981,0,10.9357580856745,"",0,10.9356856727184,0.0663586375774981,NA,0,12.1515179550287,0.115598342882787,1,NA,0,0.0663574782960933,0.0663586375774981,10.93576,3,3,3,3
"251,501,751",0,3,89.3033036545201,NA,0.0530607312842559,0.0530679876299084,0,36.1550269261051,"",0,36.1546355834423,0.0530679876299084,NA,0,74.7988695762429,0.33606931830608,1,NA,0,0.0530607312842559,0.0530679876299084,36.15503,3,3,3,3
"251,501,751",0,3,36.091937745158,NA,-0.0203603675517783,-0.0203633928249377,0,10.898921308134,"",0,10.8988535704697,-0.0203633928249377,NA,0,13.2427378031543,-0.0889102879670817,1,NA,0,-0.0203603675517783,-0.0203633928249377,10.89892,3,3,3,3
"251,501,751",0,3,49.7258398147768,NA,-0.014026716398025,-0.0140356098449052,0,17.8163094240413,"",0,17.8161748066704,-0.0140356098449052,NA,0,19.1871018001228,-0.0664300677182237,2,NA,0,-0.0140277487847316,-0.0140356098449052,17.81628,3,3,3,3
"251,501,751",0,3,-43.9344731598642,NA,0.0382377919164456,0.0382390494872913,0,-35.5617617128341,"",0,-35.5618008485447,0.0382390494872913,NA,0,-35.2528808391564,0.0130856578371459,1,NA,0,0.0382377919164456,0.0382390494872913,-35.56176,3,3,3,3
"251,501,751",0,3,19.9011935863218,NA,-0.0462934953587433,-0.0462646079397299,0,1.52769751367169,"",0,1.52898823778704,-0.0462646079397299,NA,0,4.00707973128862,-0.116673207543328,1,NA,0,-0.0462934953587433,-0.0462646079397299,1.5277,3,3,3,3
"251,501,751",0,3,-11.7893619354235,NA,-0.00434383324048136,-0.00421205705513912,0,-14.2303303177803,"",0,-14.2297498527686,-0.00421205705513911,NA,0,-13.2255228720197,-0.0491061622920466,1,NA,0,-0.00434383324048136,-0.00421205705513912,-14.23033,3,3,3,3
"251,501,751",0,3,1.05603176425339,NA,-0.0344961172948369,-0.0344955741063298,0,-7.28203981119278,"",0,-7.28202060885446,-0.0344955741063298,NA,0,-5.36628669770848,0.0274346580821545,1,NA,0,-0.0344961172948369,-0.0344955741063298,-7.28204,3,3,3,3
"251,501,751",0,3,92.9190121079251,NA,0.00574997588371644,0.00575689401416457,0,39.4573730294514,NA,0,39.4573249050335,0.00575689401416457,NA,0,39.5128249253651,0.0163207924954571,1,NA,0,0.00574997588371644,0.00575689401416457,39.45737,3,3,3,3
"251,501,751",0,3,-7.69170281883,NA,-0.0116247992858175,-0.0116318428384072,0,-10.8382316377315,NA,0,-10.8382943764366,-0.0116318428384072,NA,0,-8.3087982933321,0.0596536591464845,1,NA,0,-0.0116247992858175,-0.0116318428384072,-10.83823,3,3,3,3
"251,501,751",0,3,76.6142758647525,NA,0.0363570016136437,0.036356735493255,0,30.6281847514512,NA,0,30.6281925108943,0.036356735493255,NA,0,34.6559747822071,0.126314734958806,1,NA,0,0.0363570016136437,0.036356735493255,30.62818,3,3,3,3
"251,501,751",0,3,-33.6162512752021,NA,0.0102268111902623,0.0102436434292691,0,-24.8654774843961,NA,0,-24.8656456971584,0.0102436434292691,NA,0,-10.966747102365,0.177971401095522,1,NA,0,0.0102268111902623,0.0102436434292691,-24.86548,3,3,3,3
"251,501,751",0,3,-37.0083180492392,NA,-0.0215679370173828,-0.0215390599723951,0,-25.9003101353424,NA,0,-25.899674235882,-0.0215390599723951,NA,0,-25.8232959405182,-0.00920119626977534,1,NA,0,-0.0215679370173828,-0.0215390599723951,-25.90031,3,3,3,3
"251,501,751",0,3,14.3649562565334,NA,0.0153466454161596,0.015442315859978,0,-2.11790413006154,NA,0,-2.11936679525476,0.0154423158599781,NA,0,13.1344310747313,0.190867446312165,1,NA,0,0.0153466454161596,0.015442315859978,-2.1179,3,3,3,3
"251,501,751",0,3,27.9471763331699,NA,0.0208203142172563,0.0208063882359884,0,6.80326125344249,NA,0,6.80354462097208,0.0208063882359884,NA,0,9.38653430652752,0.0927690852998311,1,NA,0,0.0208203142172563,0.0208063882359884,6.80326,3,3,3,3
"251,501,751",0,3,9.7289436935401,NA,0.0213159103154957,0.0212933965889839,0,-3.48139406928127,NA,0,-3.48091800181774,0.0212933965889839,NA,0,1.15107940571001,-0.075075842002887,1,NA,0,0.0213159103154957,0.0212933965889839,-3.48139,3,3,3,3
"251,501,751",0,3,19.2018509402003,NA,0.0531853571976203,0.0531890929302924,0,1.26233660720033,NA,0,1.26213643980665,0.0531890929302924,NA,0,8.66537518264756,0.17514284762395,1,NA,0,0.0531853571976203,0.0531890929302924,1.26234,3,3,3,3
"251,501,751",0,3,60.412943361427,NA,0.0360884880194153,0.0360355334070248,0,22.3197082503605,NA,0,22.3216682113561,0.0360355334070248,NA,0,30.8304869768339,0.166970520795916,1,NA,0,0.0360884880194153,0.0360355334070248,22.31971,3,3,3,3
"251,501,751",0,3,98.7094506407062,NA,-0.00813445355454749,-0.00812146875709592,0,42.2198782841844,NA,0,42.2199872378822,-0.00812146875709592,NA,0,43.3315355188764,0.0390432882498792,1,NA,0,-0.00813445355454749,-0.00812146875709592,42.21988,3,3,3,3
"251,501,751",0,3,14.9012833058723,NA,0.0119713487015415,0.0119241313407738,0,0.11518237694984,NA,0,0.115723064331141,0.0119241313407738,NA,0,24.5460066951432,0.235790360278688,1,NA,0,0.0119713487015415,0.0119241313407738,0.11518,3,3,3,3
"251,501,751",0,3,-42.6284269368945,NA,0.000532802515673822,0.000500474393567412,0,-28.8284129419605,NA,0,-28.8283955370013,0.000500474393567412,NA,0,-26.643695371417,0.0666792952071713,1,NA,0,0.000532802515673822,0.000500474393567412,-28.82841,3,3,3,3
"251,501,751",0,3,-46.1557077857515,NA,0.0068815092570198,0.00689622413372348,0,-30.1240548383991,NA,0,-30.1241661806811,0.00689622413372348,NA,0,-28.5926057379161,0.0623266192289318,1,NA,0,0.0068815092570198,0.00689622413372348,-30.12405,3,3,3,3
"251,501,751",0,3,55.3159657381637,NA,-0.0123716274261356,-0.0124192663353158,0,17.8703969823777,NA,0,17.8698134296189,-0.0124192663353158,NA,0,19.1562330133935,-0.0629130613553885,1,NA,0,-0.0123716274261356,-0.0124192663353158,17.8704,3,3,3,3
"251,501,751",0,3,-64.8149320921596,NA,-0.0139564706254584,-0.0140119109532461,0,-39.7462879839239,NA,0,-39.7470206439858,-0.0140119109532461,NA,0,-24.6695955834073,0.161088934845772,1,NA,0,-0.0139564706254584,-0.0140119109532461,-39.74629,3,3,3,3
"251,501,751",0,3,32.6237308955469,NA,-0.0133425066777371,-0.0133187233121059,0,9.05695330968095,NA,0,9.05725922260984,-0.0133187233121059,NA,0,24.391568574331,0.163136764539681,1,NA,0,-0.0133425066777371,-0.0133187233121059,9.05695,3,3,3,3
"251,501,751",0,3,66.1045464971122,NA,-0.0180134960724722,-0.0179797927324087,0,25.4586216169879,NA,0,25.459217100123,-0.0179797927324087,NA,0,26.2271241571365,-0.0571805372601231,1,NA,0,-0.0180134960724722,-0.0179797927324087,25.45862,3,3,3,3
"251,501,751",0,3,49.0270179385395,NA,-0.0243780049150912,-0.0244295966434191,0,17.0078159034343,NA,0,17.0065613987187,-0.0244295966434191,NA,0,25.4758258812066,0.106259660804389,1,NA,0,-0.0243780049150912,-0.0244295966434191,17.00782,3,3,3,3
"251,501,751",0,3,-1.55013906333047,NA,0.0543448096548632,0.0543388258962716,0,-9.36926471084958,NA,0,-9.36895645046594,0.0543388258962716,NA,0,-7.50672943353714,-0.00668679403901173,1,NA,0,0.0543448096548632,0.0543388258962716,-9.36926,3,3,3,3
"251,501,751",0,3,39.0143673434942,NA,-0.0511492209397163,-0.0511663546202501,0,11.1364704733042,"",0,11.1355283276267,-0.0511663546202501,NA,0,11.7649859149319,-0.015663151198321,1,NA,0,-0.0511492209397163,-0.0511663546202501,11.13647,3,3,3,3
"251,501,751",0,3,18.0090549282663,NA,-0.0280500560335247,-0.0280541299669325,0,1.64673787022395,"",0,1.64660420946898,-0.0280541299669325,NA,0,9.27601982169969,-0.15215372069287,1,NA,0,-0.0280500560335247,-0.0280541299669325,1.64674,3,3,3,3
"251,501,751",0,3,52.6281493319755,NA,-0.0486415178453332,-0.0486571027714852,0,17.2381725177794,"",0,17.2374056243468,-0.0486571027714852,NA,0,32.2437192933919,-0.222746874966083,1,NA,0,-0.0486415178453332,-0.0486571027714852,17.23817,3,3,3,3
"251,501,751",0,3,68.8079474803928,NA,-0.0469551401315677,-0.0469699000703899,0,26.3379179987035,"",0,26.3372138124814,-0.0469699000703899,NA,0,39.0472304591588,-0.207220935429403,1,NA,0,-0.0469551401315677,-0.0469699000703899,26.33792,3,3,3,3
"251,501,751",0,3,-4.76810216632163,NA,-0.00895363293465911,-0.00894369588648,0,-9.79743076045308,"",0,-9.7973436999631,-0.00894369588648,NA,0,-9.56628028324378,0.0125474917587451,1,NA,0,-0.00895363293465911,-0.00894369588648,-9.79743,3,3,3,3
"251,501,751",0,3,23.7242890491646,NA,0.0352540908613469,0.0352630814370306,0,4.26950729204835,"",0,4.26917348589153,0.0352630814370306,NA,0,4.2693753213748,0.0358843002457985,1,NA,0,0.0352540908613469,0.0352630814370306,4.26951,3,3,3,3
"251,501,751",0,3,68.580785994544,NA,5.02316979281902e-05,5.01134455710713e-05,0,27.3500125611619,"192,304",2,27.6466583508993,-0.0242103228877877,NA,0,70.9164468698529,0.302266156802949,1,NA,0,5.02316979281902e-05,5.01134455710713e-05,27.35001,3,1.112,3,3
"251,501,751",0,3,30.2599720738228,NA,-0.030227299293376,-0.0302159247377836,0,7.67281012418319,"",0,7.67318262092049,-0.0302159247377836,NA,0,9.68491969027798,-0.0937260938081603,1,NA,0,-0.030227299293376,-0.0302159247377836,7.67281,3,3,3,3
"251,501,751",0,3,50.9016135665047,NA,-0.0385590509456639,-0.0385941897727923,0,17.0424846875997,"",0,17.0411432010371,-0.0385941897727922,NA,0,28.7691472307375,0.115332013997549,1,NA,0,-0.0385590509456639,-0.0385941897727923,17.04248,3,3,3,3
"251,501,751",0,3,54.9541031182461,NA,0.0273678087340501,0.0273390382990363,0,19.8000355299706,"",0,19.8008406142671,0.0273390382990363,NA,0,29.639169295171,0.168231375285576,1,NA,0,0.0273678087340501,0.0273390382990363,19.80004,3,3,3,3
"251,501,751",0,3,-1.18310545876217,NA,-0.00917718639914674,-0.00926257731840062,0,-8.69324104930428,"",0,-8.69402921743748,-0.00926257731840062,NA,0,-7.10503712408425,0.0472071194276074,1,NA,0,-0.00917718639914674,-0.00926257731840062,-8.69324,3,3,3,3
"251,501,751",0,3,106.320425380563,NA,0.0597134927149229,0.0597065456552261,0,44.4045952197955,"",0,44.4050331229185,0.0597065456552261,NA,0,44.9974860801685,0.0253295438683356,1,NA,0,0.0597134927149229,0.0597065456552261,44.4046,3,3,3,3
"251,501,751",0,3,-105.150842986993,NA,-0.00699544067448492,-0.00694890776419382,0,-59.7250043567122,"",0,-59.7246745597695,-0.00694890776419382,NA,0,-59.5287545313633,0.0128002651631498,1,NA,0,-0.00699544067448492,-0.00694890776419382,-59.725,3,3,3,3
"251,501,751",0,3,-5.35165418238491,NA,0.0102934748027027,0.0102619284381261,0,-10.0793770799437,"",0,-10.0790391629786,0.0102619284381261,NA,0,17.2769013361205,-0.226926480830406,1,NA,0,0.0102934748027027,0.0102619284381261,-10.07938,3,3,3,3
"251,501,751",0,3,61.5065690846718,NA,0.00742033887934741,0.00742770877608602,0,23.8002123008463,"",0,23.800151076423,0.00742770877608602,NA,0,24.8751368430977,-0.038982553813572,1,NA,0,0.00742033887934741,0.00742770877608602,23.80021,3,3,3,3
"251,501,751",0,3,-73.7004702163738,NA,0.0125350798664219,0.0125538082584142,0,-44.1535399843034,"",0,-44.1537882108736,0.0125538082584142,NA,0,-44.0411529621508,0.0275470896077941,1,NA,0,0.0125350798664219,0.0125538082584142,-44.15354,3,3,3,3
"251,501,751",0,3,47.312666295713,NA,0.0390720504313023,0.0390826851970895,0,15.8906567376538,"",0,15.8902135066597,0.0390826851970895,NA,0,31.4751733380721,0.216914254797154,1,NA,0,0.0390720504313023,0.0390826851970895,15.89066,3,3,3,3
"251,501,751",0,3,24.4822312140769,NA,0.0276753465861287,0.0277004957634738,0,4.34500666017208,"",0,4.34427079720942,0.0277004957634738,NA,0,4.65796885229511,0.0527170801134595,1,NA,0,0.0276753465861287,0.0277004957634738,4.34501,3,3,3,3
"251,501,751",0,3,-43.4497803436554,NA,0.0293488494950204,0.0293467888456321,0,-29.1041994674983,"",0,-29.1041358802494,0.0293467888456321,NA,0,-25.9001786377377,-0.0508033276582673,1,NA,0,0.0293488494950204,0.0293467888456321,-29.1042,3,3,3,3
"251,501,751",0,3,43.2001986281463,NA,-0.0858901744685434,-0.0858710887216189,0,10.4767917656025,"",0,10.4784396807691,-0.0858710887216189,NA,0,10.7917348803704,-0.110732967533007,1,NA,0,-0.0858901744685434,-0.0858710887216189,10.47679,3,3,3,3
"251,501,751",0,3,6.7505083493094,NA,-0.0307196482612204,-0.0306946509697805,0,-4.08466070489836,NA,0,-4.08394815481021,-0.0306946509697805,NA,0,-4.01649121769767,-0.019101408510167,1,NA,0,-0.0307196482612204,-0.0306946509697805,-4.08466,3,3,3,3
"251,501,751",0,3,14.2261190104617,NA,0.00206724210036963,0.00206094960966814,0,0.179512875306692,NA,0,0.179524790379815,0.00206094960966814,NA,0,0.80602790628221,0.0374812331884791,1,NA,0,0.00206724210036963,0.00206094960966814,0.17951,3,3,3,3
"251,501,751",0,3,87.521953712435,NA,0.00511349816329036,0.00511576889318905,0,36.6560025571355,NA,0,36.6559893235418,0.00511576889318905,NA,0,36.9392635254505,0.0289885766876652,1,NA,0,0.00511349816329036,0.00511576889318905,36.656,3,3,3,3
"251,501,751",0,3,91.5711069156235,NA,-0.000380500282966732,-0.000347782351129448,0,37.9288660481555,NA,0,37.9288786655611,-0.000347782351129448,NA,0,38.4406090620875,0.0316109113636733,1,NA,0,-0.000380500282966732,-0.000347782351129448,37.92887,3,3,3,3
"251,501,751",0,3,93.0600211169593,NA,0.00567476080427742,0.00569519557023857,0,39.572470542559,NA,0,39.5723510950085,0.00569519557023857,NA,0,39.6014952928888,0.0133090582503761,1,NA,0,0.00567476080427742,0.00569519557023857,39.57247,3,3,3,3
"251,501,751",0,3,16.7061668376229,NA,-0.00656173764166637,-0.00661289995831844,0,-1.40481735032187,NA,0,-1.4051474312418,-0.00661289995831844,NA,0,-1.40191164317029,-0.00906374317329095,1,NA,0,-0.00656173764166637,-0.00661289995831844,-1.40482,3,3,3,3
"251,501,751",0,3,137.579921342819,NA,-0.0314852531741107,-0.0314962401252912,0,61.2737108263563,NA,0,61.2733767642337,-0.0314962401252912,NA,0,61.2888227029471,-0.037034124381186,1,NA,0,-0.0314852531741107,-0.0314962401252912,61.27371,3,3,3,3
"251,501,751",0,3,-5.18827405946153,NA,-0.0104896596557994,-0.010489758855245,0,-9.56068101308344,NA,0,-9.56068211367223,-0.010489758855245,NA,0,-9.48716098730104,0.00163640568671819,1,NA,0,-0.0104896596557994,-0.010489758855245,-9.56068,3,3,3,3
"251,501,751",0,3,-18.5483634250465,NA,-0.0114961738283267,-0.0114964574993077,0,-16.478238757873,NA,0,-16.4782420373661,-0.0114964574993077,NA,0,-12.4686636256575,0.0782138849716476,1,NA,0,-0.0114961738283267,-0.0114964574993077,-16.47824,3,3,3,3
"251,501,751",0,3,-16.0119848139075,NA,0.00560270933721439,0.00562415864200509,0,-15.2699682067128,NA,0,-15.270081773047,0.00562415864200509,NA,0,-15.1221822786071,0.0228086164584196,1,NA,0,0.00560270933721439,0.00562415864200509,-15.26997,3,3,3,3
"251,501,751",0,3,35.0640609325392,NA,0.0254744538241904,0.0255009750358209,0,9.71615823170039,NA,0,9.71547177863653,0.0255009750358209,NA,0,10.3058373244856,0.0597906572390847,1,NA,0,0.0254744538241904,0.0255009750358209,9.71616,3,3,3,3
"251,501,751",0,3,-26.5908676957675,NA,0.0407970798301811,0.0407719155846116,0,-21.369341778133,NA,0,-21.3683074684626,0.0407719155846116,NA,0,-21.322129253668,0.0503689830856073,1,NA,0,0.0407970798301811,0.0407719155846116,-21.36934,3,3,3,3
"251,501,751",0,3,17.906815789394,NA,-0.00217137908649382,-0.00216656383450972,0,2.01909972447344,NA,0,2.01911090315914,-0.00216656383450972,NA,0,4.09512871481919,0.0623375699503055,1,NA,0,-0.00217137908649382,-0.00216656383450972,2.0191,3,3,3,3
"251,501,751",0,3,65.8916563516786,NA,-0.00374992429045548,-0.00375274361395901,0,25.861532526695,NA,0,25.8615211708596,-0.00375274361395901,NA,0,27.2164058066546,0.0483821223177234,1,NA,0,-0.00374992429045548,-0.00375274361395901,25.86153,3,3,3,3
"251,501,751",0,3,39.7905248890306,NA,-0.0274281776552593,-0.0274226911535249,0,12.3865040677578,NA,0,12.3866473519967,-0.0274226911535249,NA,0,13.4067600067018,0.0177678512637514,1,NA,0,-0.0274281776552593,-0.0274226911535249,12.3865,3,3,3,3
"251,501,751",0,3,39.3016364948825,NA,0.00354806250028049,0.00355976855205839,0,12.6335856179687,NA,0,12.6335501934815,0.00355976855205839,NA,0,14.0792996958343,-0.0503717887102448,1,NA,0,0.00354806250028049,0.00355976855205839,12.63359,3,3,3,3
"251,501,751",0,3,49.8159357529212,NA,-0.0883117927692797,-0.0883160095094609,0,13.5919003108032,NA,0,13.5915303583113,-0.0883160095094609,NA,0,14.6117043013816,-0.1332800542686,1,NA,0,-0.0883117927692797,-0.0883160095094609,13.5919,3,3,3,3
"251,501,751",0,3,0.848144040964335,NA,0.00871382135600372,0.00875689868065922,0,-9.53534473051081,NA,0,-9.53571508362726,0.00875689868065922,NA,0,-3.57819425846469,0.117816360708532,1,NA,0,0.00871382135600372,0.00875689868065922,-9.53534,3,3,3,3
"251,501,751",0,3,34.4106715469965,NA,0.00355193516655812,0.00355359003361093,0,10.2745970591175,NA,0,10.2745908852825,0.00355359003361092,NA,0,13.0494312803243,0.0781529234279779,1,NA,0,0.00355193516655812,0.00355359003361093,10.2746,3,3,3,3
"251,501,751",0,3,41.2721427344606,NA,-0.0369050885549015,-0.0369519843936594,0,10.4497619002526,NA,0,10.4480354399408,-0.0369519843936594,NA,0,14.6882898580735,-0.128699475511437,1,NA,0,-0.0369050885549015,-0.0369519843936594,10.44976,3,3,3,3
"251,501,751",0,3,28.8776002411227,NA,0.0327907834498057,0.0329164801793624,0,5.32503854888633,NA,0,5.32095503692856,0.0329164801793624,NA,0,5.58406167018706,0.0555759050607851,1,NA,0,0.0327907834498057,0.0329164801793624,5.32504,3,3,3,3
"251,501,751",0,3,-33.0038506822504,NA,-0.0160555227989218,-0.016020601017155,0,-23.6541605513146,NA,0,-23.6536339166137,-0.016020601017155,NA,0,-21.7224460590471,-0.078271634392771,1,NA,0,-0.0160555227989218,-0.016020601017155,-23.65416,3,3,3,3
"251,501,751",0,3,1.90135149920021,NA,-0.0448603691519563,-0.0448845530252621,0,-7.05712186171121,NA,0,-7.05817262179824,-0.0448845530252622,NA,0,-0.340061108586585,0.0713366318770101,1,NA,0,-0.0448603691519563,-0.0448845530252621,-7.05712,3,3,3,3
"251,501,751",0,3,55.0848017892363,NA,0.0421852767480255,0.0422398383415657,0,19.1558113954898,NA,0,19.153501060285,0.0422398383415657,NA,0,19.8152907378125,0.0784747132099575,1,NA,0,0.0421852767480255,0.0422398383415657,19.15581,3,3,3,3
"251,501,751",0,3,65.1069322669148,NA,-0.00100906139130858,-0.000960162607213365,0,24.1693811545998,NA,0,24.1694318154339,-0.000960162607213365,NA,0,26.696418289601,-0.072085469421921,1,NA,0,-0.00100906139130858,-0.000960162607213365,24.16938,3,3,3,3
"251,501,751",0,3,66.944015254322,NA,0.00707051448404333,0.00707898850142619,0,25.8650470308587,NA,0,25.864985638388,0.00707898850142619,NA,0,25.876953504912,0.00216890301731887,1,NA,0,0.00707051448404333,0.00707898850142619,25.86505,3,3,3,3
"251,501,751",0,3,-25.533292233868,NA,0.035535049584476,0.0355328616335364,0,-20.6851511478012,NA,0,-20.6850714821795,0.0355328616335364,NA,0,-20.6472897789828,0.0441936686988789,1,NA,0,0.035535049584476,0.0355328616335364,-20.68515,3,3,3,3
"251,501,751",0,3,8.23368477883049,NA,-0.00737604370684461,-0.00736645917479392,0,-4.13304917694133,NA,0,-4.13297879199362,-0.00736645917479392,NA,0,11.2378591272661,0.16909822398498,1,NA,0,-0.00737604370684461,-0.00736645917479392,-4.13305,3,3,3,3
"251,501,751",0,3,66.6822714428657,NA,-0.0106349393031245,-0.0106428557539543,0,26.3533283736003,NA,0,26.35325289217,-0.0106428557539543,NA,0,26.9872167523453,0.0249908436697992,1,NA,0,-0.0106349393031245,-0.0106428557539543,26.35333,3,3,3,3
"251,501,751",0,3,-23.1791631741755,NA,-0.00235842885239966,-0.0023555645174756,0,-19.6095204804236,NA,0,-19.6095136385468,-0.0023555645174756,NA,0,-19.4275474118743,0.0167089417766555,1,NA,0,-0.00235842885239966,-0.0023555645174756,-19.60952,3,3,3,3
"251,501,751",0,3,-30.5989570719838,NA,-0.0243704734161544,-0.024370426229076,0,-22.5361879975746,NA,0,-22.5361868674951,-0.024370426229076,NA,0,-21.369988734225,-0.0726788907522949,1,NA,0,-0.0243704734161544,-0.024370426229076,-22.53619,3,3,3,3
"251,501,751",0,3,22.2408057138268,NA,-0.026501760756395,-0.0265038773704137,0,3.8599884423467,NA,0,3.85990239601979,-0.0265038773704137,NA,0,12.5561908116263,0.105971405360651,1,NA,0,-0.026501760756395,-0.0265038773704137,3.85999,3,3,3,3
"251,501,751",0,3,-15.9018252732186,NA,0.00294090343427826,0.00288568573848319,0,-16.2854983352925,NA,0,-16.2853330325601,0.00288568573848319,NA,0,-16.2853298114975,0.00302510205357209,1,NA,0,0.00294090343427826,0.00288568573848319,-16.2855,3,3,3,3
"251,501,751",0,3,69.0510105320172,NA,0.0533920270954291,0.0533965421245839,0,26.1694873331771,NA,0,26.169234336451,0.0533965421245839,NA,0,35.6662680806465,0.191671289671308,1,NA,0,0.0533920270954291,0.0533965421245839,26.16949,3,3,3,3
"251,501,751",0,3,1.69294975912337,NA,0.0177098399747112,0.0177084248568837,0,-6.61890865788162,NA,0,-6.61888438509768,0.0177084248568837,NA,0,-0.297094736841642,0.130469397793449,1,NA,0,0.0177098399747112,0.0177084248568837,-6.61891,3,3,3,3
"251,501,751",0,3,-8.02735448861166,NA,-0.0545492091223066,-0.0545379028149059,0,-14.6265794556313,NA,0,-14.6259711962388,-0.0545379028149059,NA,0,-11.5940383891287,0.0234327726001742,1,NA,0,-0.0545492091223066,-0.0545379028149059,-14.62658,3,3,3,3
"251,501,751",0,3,67.736660002889,NA,-0.0107976226581867,-0.0108029573140181,0,26.8491810604738,NA,0,26.8491177703212,-0.0108029573140181,NA,0,26.8790056370825,-0.00306154847870566,1,NA,0,-0.0107976226581867,-0.0108029573140181,26.84918,3,3,3,3
"251,501,751",0,3,84.1630492140511,NA,-0.00465843799424099,-0.00466016084848205,0,33.5630583556658,NA,0,33.5630505448949,-0.00466016084848205,NA,0,48.1806655568793,0.167450292066976,1,NA,0,-0.00465843799424099,-0.00466016084848205,33.56306,3,3,3,3
"251,501,751",0,3,59.2432688180922,NA,-0.0312672940357398,-0.0312700729803143,0,22.2221892338883,NA,0,22.2221048620928,-0.0312700729803143,NA,0,23.1379409471066,0.0115295633813604,1,NA,0,-0.0312672940357398,-0.0312700729803143,22.22219,3,3,3,3
"251,501,751",0,3,118.338098138639,NA,-0.0734024285471804,-0.0734006328057443,0,49.5191848989352,NA,0,49.5193235449241,-0.0734006328057443,NA,0,51.5136132482469,-0.136449043994371,1,NA,0,-0.0734024285471804,-0.0734006328057443,49.51918,3,3,3,3
"251,501,751",0,3,-30.8183804372118,NA,-0.0200034132545714,-0.0200106718422572,0,-22.5813405980217,NA,0,-22.5815027253494,-0.0200106718422572,NA,0,-22.5786427369097,-0.0176071547816169,1,NA,0,-0.0200034132545714,-0.0200106718422572,-22.58134,3,3,3,3
"251,501,751",0,3,54.8204849478836,NA,0.0257206840580357,0.0256999213065997,0,20.001621275592,NA,0,20.0021427258624,0.0256999213065997,NA,0,20.3136295151735,0.0506656702578601,1,NA,0,0.0257206840580357,0.0256999213065997,20.00162,3,3,3,3
"251,501,751",0,3,31.293531444798,NA,0.022178694310637,0.0221683131322592,0,8.40421536632292,NA,0,8.40444421402499,0.0221683131322592,NA,0,9.96780164376551,0.0781170983872781,1,NA,0,0.022178694310637,0.0221683131322592,8.40422,3,3,3,3
"251,501,751",0,3,48.3003138967821,NA,0.0498256730282199,0.0498446694829653,0,15.7381308351279,NA,0,15.7370990855054,0.0498446694829653,NA,0,20.2075423860989,-0.0450044049429417,1,NA,0,0.0498256730282199,0.0498446694829653,15.73813,3,3,3,3
"251,501,751",0,3,94.3961487298812,NA,-0.00330213137809951,-0.00329886601628461,0,36.1821476209892,NA,0,36.1821582935769,-0.00329886601628461,NA,0,37.7737279285782,-0.0595170793360914,1,NA,0,-0.00330213137809951,-0.00329886601628461,36.18215,3,3,3,3
"251,501,751",0,3,-36.3790095987631,NA,-0.0449397322727788,-0.0449293378248915,0,-27.7666704240096,NA,0,-27.7662015972841,-0.0449293378248915,NA,0,-26.4536603631312,0.00634185429508083,1,NA,0,-0.0449397322727788,-0.0449293378248915,-27.76667,3,3,3,3
"251,501,751",0,3,87.5232645121206,NA,-0.0235639609682883,-0.0235645620746052,0,36.1369817710826,NA,0,36.1369668751885,-0.0235645620746052,NA,0,37.7114088514468,-0.0797615610987559,1,NA,0,-0.0235639609682883,-0.0235645620746052,36.13698,3,3,3,3
"251,501,751",0,3,71.9977315598391,NA,-0.0183125508855155,-0.0182810037636636,0,28.37341665782,NA,0,28.3739956645653,-0.0182810037636636,NA,0,32.7314959474458,-0.111783398756884,1,NA,0,-0.0183125508855155,-0.0182810037636636,28.37342,3,3,3,3
"251,501,751",0,3,41.4542324816541,NA,-0.0385658697711447,-0.0385655185638605,0,13.0736254421234,NA,0,13.0736382545647,-0.0385655185638605,NA,0,15.8185910098949,-0.112706497368739,1,NA,0,-0.0385658697711447,-0.0385655185638605,13.07363,3,3,3,3
"251,501,751",0,3,-19.1217526176783,NA,-0.0163321912494027,-0.0163036121152427,0,-16.9485765297071,NA,0,-16.9480965575433,-0.0163036121152427,NA,0,-12.1881788459964,-0.114103449436646,1,NA,0,-0.0163321912494027,-0.0163036121152427,-16.94858,3,3,3,3
"251,501,751",0,3,57.052772672717,NA,0.0518016688691515,0.051799843940379,0,20.1969761841077,NA,0,20.1970747227903,0.051799843940379,NA,0,20.2922509218705,0.0655732023487874,1,NA,0,0.0518016688691515,0.051799843940379,20.19698,3,3,3,3
"251,501,751",0,3,8.74065617403536,NA,0.0174507643104458,0.0174562033417782,0,-2.7297558138655,NA,0,-2.72984241873469,0.0174562033417782,NA,0,-2.06619694431196,-0.0189990452498863,1,NA,0,0.0174507643104458,0.0174562033417782,-2.72976,3,3,3,3
"251,501,751",0,3,42.5195151658359,NA,-0.0604087350166326,-0.0604065831788961,0,12.5233002016829,NA,0,12.5233623034948,-0.0604065831788961,NA,0,20.3664192295773,-0.186071993315729,1,NA,0,-0.0604087350166326,-0.0604065831788961,12.5233,3,3,3,3
"251,501,751",0,3,25.9915480724278,NA,0.0154595294256062,0.0154598001958326,0,5.96610248745334,"442",1,5.84847712576888,0.0018831879288736,NA,0,19.082423518622,-0.147557313030262,1,NA,0,0.0154595294256062,0.0154598001958326,5.9661,3,2.059,3,3
"251,501,751",0,3,69.2500917093664,NA,0.030930498860443,0.0309820172535618,0,26.6648080699463,NA,0,26.6631717604448,0.0309820172535618,NA,0,27.5804493261668,0.073719451056347,1,NA,0,0.030930498860443,0.0309820172535618,26.66481,3,3,3,3
"251,501,751",0,3,58.9040034621911,NA,0.00636151177186473,0.00636088805614344,0,22.5232872428126,NA,0,22.5232929026423,0.00636088805614344,NA,0,22.6565619553905,-0.00996744110999814,1,NA,0,0.00636151177186473,0.00636088805614344,22.52329,3,3,3,3
"251,501,751",0,3,-41.2044938351078,NA,0.061420355596683,0.0614514960486814,0,-30.7079029624345,NA,0,-30.7098044837892,0.0614514960486814,NA,0,-26.3766715682954,-0.031738736002814,1,NA,0,0.061420355596683,0.0614514960486814,-30.7079,3,3,3,3
"251,501,751",0,3,56.8338555966885,NA,0.068680467260259,0.0686034336001379,0,18.0017586330618,NA,0,18.0069643741717,0.0686034336001379,NA,0,21.4103320292791,-0.0138584262740915,9,NA,0,0.068680075712218,0.0686034336001379,18.00173,3,3,3,3
"251,501,751",0,3,-67.984259441143,NA,0.0230754986408674,0.0230759060766145,0,-41.1815291020072,NA,0,-41.1815391081327,0.0230759060766145,NA,0,-34.8269760703668,-0.0899932724612147,1,NA,0,0.0230754986408674,0.0230759060766145,-41.18153,3,3,3,3
"251,501,751",0,3,19.0464008429241,NA,-0.0385942620939112,-0.0385592624825831,0,1.69689512839953,NA,0,1.69825526177192,-0.0385592624825831,NA,0,1.83323899815509,-0.0221640186474251,1,NA,0,-0.0385942620939112,-0.0385592624825831,1.6969,3,3,3,3
"251,501,751",0,3,-35.3412173057188,NA,-0.0523117571523175,-0.0523106940910373,0,-26.0543103875876,"",0,-26.0542550999518,-0.0523106940910373,NA,0,-25.4932156358385,-0.0188429810679048,1,NA,0,-0.0523117571523175,-0.0523106940910373,-26.05431,3,3,3,3
"251,501,751",0,3,-41.6573230952733,NA,-0.0339110129745358,-0.0339158766057698,0,-28.4325597938468,"",0,-28.4327364435142,-0.0339158766057698,NA,0,-26.8298249852385,-0.0905563842208692,1,NA,0,-0.0339110129745358,-0.0339158766057698,-28.43256,3,3,3,3
"251,501,751",0,3,47.3295742748634,NA,0.0195358309090323,0.0195291079936876,0,16.5443598458379,"",0,16.5445011507028,0.0195291079936876,NA,0,18.2383116790894,0.0777824508777918,1,NA,0,0.0195358309090323,0.0195291079936876,16.54436,3,3,3,3
"251,501,751",0,3,-97.1676253256935,NA,-0.0312054561436528,-0.031209292528865,0,-56.0196154912372,"",0,-56.0197391429531,-0.031209292528865,NA,0,-55.159980656011,-0.0726674286301955,1,NA,0,-0.0312054561436528,-0.031209292528865,-56.01962,3,3,3,3
"251,501,751",0,3,29.1020889954082,NA,0.0320984086919371,0.0321349507389111,0,6.38680148025226,"760,820",2,8.68130976752105,0.00984888771464517,NA,0,10.2122628158887,-0.055490710610593,1,NA,0,0.0320984086919371,0.0321349507389111,6.3868,3,1.078,3,3
"251,501,751",0,3,-3.95599837053698,NA,0.0430487818237349,0.0430085814139171,0,-10.3167373028314,"",0,-10.3150045229929,0.0430085814139171,NA,0,-1.80200198885065,-0.0878484090050864,1,NA,0,0.0430487818237349,0.0430085814139171,-10.31674,3,3,3,3
"251,501,751",0,3,-19.1863430493995,NA,0.0256594842723588,0.0256706688645827,0,-16.9631838681641,"",0,-16.963440451594,0.0256706688645827,NA,0,-16.535473228691,-0.00364236647795912,1,NA,0,0.0256594842723588,0.0256706688645827,-16.96318,3,3,3,3
"251,501,751",0,3,40.6966139849124,NA,0.00950701039590245,0.00960577625465594,0,7.02311096535563,"",0,7.02218170845862,0.00960577625465594,NA,0,12.9681651086255,-0.0993601112067117,1,NA,0,0.00950701039590245,0.00960577625465594,7.02311,3,3,3,3
"251,501,751",0,3,62.0374693094179,NA,-0.0480758468100969,-0.0481221459620848,0,20.887694247228,"",0,20.8854750397943,-0.0481221459620848,NA,0,23.0535889945568,0.0178337007165965,1,NA,0,-0.0480758468100969,-0.0481221459620848,20.88769,3,3,3,3
"251,501,751",0,3,-2.16611094312085,NA,-0.00973313980896821,-0.00972836659647473,0,-8.03958498503136,"",0,-8.03951761792951,-0.00972836659647473,NA,0,-4.80543709903455,0.0708405751707972,1,NA,0,-0.00973313980896821,-0.00972836659647473,-8.03958,3,3,3,3
"251,501,751",0,3,-89.4330597507075,NA,0.022114686350867,0.0220899866758819,0,-52.0137840926328,"",0,-52.01323318599,0.0220899866758819,NA,0,-51.2222188140941,-0.0176671344905841,1,NA,0,0.022114686350867,0.0220899866758819,-52.01378,3,3,3,3
"251,501,751",0,3,77.7975111568369,NA,-0.0275819418491735,-0.0275548325034537,0,30.0830104088219,"",0,30.0837523564166,-0.0275548325034537,NA,0,34.0360715730648,0.0614224147729965,1,NA,0,-0.0275819418491735,-0.0275548325034537,30.08301,3,3,3,3
"251,501,751",0,3,99.6755991374461,NA,0.0143101062281363,0.0142950947643469,0,41.7625975982309,"",0,41.762815533979,0.0142950947643469,NA,0,42.472632811865,-0.0233792605950921,1,NA,0,0.0143101062281363,0.0142950947643469,41.7626,3,3,3,3
"251,501,751",0,3,-14.7917750196539,NA,0.0103350418995853,0.0103331858853658,0,-14.3600174841486,"",0,-14.3599995110794,0.0103331858853658,NA,0,5.47693885648546,0.211501052144009,1,NA,0,0.0103350418995853,0.0103331858853658,-14.36002,3,3,3,3
"251,501,751",0,3,-22.5237715298028,NA,0.0108120334252193,0.0107732344244926,0,-18.922531559479,"",0,-18.922117880914,0.0107732344244925,NA,0,-18.8880497341793,0.0190470650041474,1,NA,0,0.0108120334252193,0.0107732344244926,-18.92253,3,3,3,3
"251,501,751",0,3,41.6932837198799,NA,-0.0238407050734185,-0.023830979941441,0,13.6119956621617,"",0,13.6122393375352,-0.023830979941441,NA,0,14.008635360037,0.00431758842091789,1,NA,0,-0.0238407050734185,-0.023830979941441,13.612,3,3,3,3
"251,501,751",0,3,23.1926969369519,NA,-0.0207229265831411,-0.0207876283145782,0,3.86399085267992,"",0,3.86263117689194,-0.0207876283145782,NA,0,3.99447785603001,-0.0369261250377043,1,NA,0,-0.0207229265831411,-0.0207876283145782,3.86399,3,3,3,3
"251,501,751",0,3,27.3661976661104,NA,-0.0133580385952164,-0.0133582983384463,0,5.74796265281964,"",0,5.74795880972889,-0.0133582983384463,NA,0,13.660102323355,0.113097550119467,1,NA,0,-0.0133580385952164,-0.0133582983384463,5.74796,3,3,3,3
"251,501,751",0,3,58.3201536415861,NA,0.00438220632200352,0.00438181818587446,0,22.2409422705981,"",0,22.2409445423799,0.00438181818587446,NA,0,24.7813798109034,-0.0670027676967748,1,NA,0,0.00438220632200352,0.00438181818587446,22.24094,3,3,3,3
"251,501,751",0,3,26.2164940559645,NA,-0.0344661049314075,-0.0344652673524198,0,5.59080130322636,"",0,5.59083238931667,-0.0344652673524198,NA,0,11.6274053970729,-0.144620447634435,1,NA,0,-0.0344661049314075,-0.0344652673524198,5.5908,3,3,3,3
"251,501,751",0,3,-2.49548586319992,NA,0.0704699763005767,0.0704683414710227,0,-10.6484737395794,NA,0,-10.6483750330215,0.0704683414710227,NA,0,-10.3875189635897,0.0476805583069742,10,NA,0,0.0704694743122675,0.0704683414710227,-10.64848,3,3,3,3
"251,501,751",0,3,31.0721911409653,NA,0.0545430384362874,0.0545353786017309,0,7.09679977574496,NA,0,7.09720252872843,0.0545353786017309,NA,0,7.14525105666345,0.0447500818763713,1,NA,0,0.0545430384362874,0.0545353786017309,7.0968,3,3,3,3
"251,501,751",0,3,40.8059416623387,NA,0.0402416328502527,0.0402535249217004,0,12.6506848073679,NA,0,12.6500700583279,0.0402535249217004,NA,0,14.1210542038524,0.0946226997668729,1,NA,0,0.0402416328502527,0.0402535249217004,12.65068,3,3,3,3
"251,501,751",0,3,-72.9556795922701,NA,-0.0469557523990436,-0.0469334325684951,0,-44.6479750649085,NA,0,-44.6468946590637,-0.0469334325684951,NA,0,-44.6464404716608,-0.0459879592042701,1,NA,0,-0.0469557523990436,-0.0469334325684951,-44.64798,3,3,3,3
"251,501,751",0,3,57.8020051637605,NA,0.0276217204161688,0.0276022338799519,0,21.3129932860654,NA,0,21.3135197134734,0.0276022338799519,NA,0,24.6137741292295,-0.0537285157286616,1,NA,0,0.0276217204161688,0.0276022338799519,21.31299,3,3,3,3
"251,501,751",0,3,27.4749495184069,NA,-0.0151096586784661,-0.015093537955373,0,6.31033286060741,NA,0,6.3105714115746,-0.015093537955373,NA,0,15.0571541165228,-0.147893591142062,1,NA,0,-0.0151096586784661,-0.015093537955373,6.31033,3,3,3,3
"251,501,751",0,3,-17.4700696551114,NA,-0.0124722470353426,-0.0124671199530549,0,-15.7739706033649,NA,0,-15.7739146812318,-0.0124671199530549,NA,0,-15.7666992902703,-0.00866992628343699,1,NA,0,-0.0124722470353426,-0.0124671199530549,-15.77397,3,3,3,3
"251,501,751",0,3,38.9492785669976,NA,0.00667637707119973,0.00666615637906041,0,11.6376375925412,NA,0,11.637705540697,0.00666615637906041,NA,0,21.4932853683413,-0.134297574518124,1,NA,0,0.00667637707119973,0.00666615637906041,11.63764,3,3,3,3
"251,501,751",0,3,9.23102892484479,NA,0.00706362065344142,0.00705372616068162,0,-2.36141386344998,NA,0,-2.36133554668051,0.00705372616068162,NA,0,-0.747978689549957,0.0639466280386016,1,NA,0,0.00706362065344142,0.00705372616068162,-2.36141,3,3,3,3
"251,501,751",0,3,8.25653973324046,NA,0.0206121293825579,0.0206132962581259,0,-3.19716674534244,NA,0,-3.19718989315479,0.0206132962581259,NA,0,-0.270365013049802,0.0972343265741746,1,NA,0,0.0206121293825579,0.0206132962581259,-3.19717,3,3,3,3
"251,501,751",0,3,127.744606895365,NA,-0.0225312410297405,-0.0224618547822772,0,56.4189312905374,NA,0,56.4204858854467,-0.0224618547822772,NA,0,60.7815253764432,-0.116064927030073,1,NA,0,-0.0225312410297405,-0.0224618547822772,56.41893,3,3,3,3
"251,501,751",0,3,-22.5369144118123,NA,0.00423730515386686,0.0041551727879699,0,-19.813336054683,NA,0,-19.8129887572542,0.00415517278796989,NA,0,-18.6212213340964,-0.0445526860646404,1,NA,0,0.00423730515386686,0.0041551727879699,-19.81334,3,3,3,3
"251,501,751",0,3,48.9869828488071,NA,0.021190798017677,0.0211816204598039,0,17.1041729846795,NA,0,17.1043689426464,0.0211816204598039,NA,0,17.4632786702162,0.0479641580572421,1,NA,0,0.021190798017677,0.0211816204598039,17.10417,3,3,3,3
"251,501,751",0,3,54.0718154991981,NA,0.089590725369249,0.0896428418673301,0,15.6524247051275,NA,0,15.6477408361456,0.0896428418673301,NA,0,22.9533836824405,-0.0312684617089211,1,NA,0,0.089590725369249,0.0896428418673301,15.65242,3,3,3,3
"251,501,751",0,3,-4.22020937158414,NA,-0.000946429227188965,-0.000944841014038229,0,-9.05246720946708,NA,0,-9.05246578528546,-0.000944841014038229,NA,0,-6.68643174368073,-0.0698220945431717,1,NA,0,-0.000946429227188965,-0.000944841014038229,-9.05247,3,3,3,3
"251,501,751",0,3,114.52805268425,NA,-0.0469316856851368,-0.0469225633564868,0,48.7993454990398,NA,0,48.7997629630622,-0.0469225633564868,NA,0,50.7972605839509,-0.110080084008834,1,NA,0,-0.0469316856851368,-0.0469225633564868,48.79935,3,3,3,3
"251,501,751",0,3,36.2917626936338,NA,0.00905931687847018,0.00904370248440997,0,11.0012776690461,NA,0,11.0014237604926,0.00904370248440997,NA,0,11.092168437299,-0.0044165369197442,4,NA,0,0.00905902318064241,0.00904370248440997,11.00126,3,3,3,3
"251,501,751",0,3,25.4783922380877,NA,-0.0667875660558692,-0.0668149405389087,0,3.44930344221023,NA,0,3.44740733439747,-0.0668149405389087,NA,0,3.8298485450764,-0.0391656870821162,1,NA,0,-0.0667875660558692,-0.0668149405389087,3.4493,3,3,3,3
"251,501,751",0,3,10.1335918667092,NA,-0.031138783735053,-0.0311388075059281,0,-2.36050561052079,NA,0,-2.36050725918313,-0.0311388075059281,NA,0,-2.18879927260706,-0.0496741339205088,1,NA,0,-0.031138783735053,-0.0311388075059281,-2.36051,3,3,3,3
"251,501,751",0,3,24.9335454249187,NA,0.0479504002994347,0.0479355771828904,0,3.82152477715739,NA,0,3.82221253482509,0.0479355771828904,NA,0,14.3925212903323,-0.0981013937848453,1,NA,0,0.0479504002994347,0.0479355771828904,3.82152,3,3,3,3
"251,501,751",0,3,-18.0932998922425,NA,0.0191782618551072,0.0191883171802368,0,-17.3179959596928,NA,0,-17.3181815310059,0.0191883171802368,NA,0,-12.6856825704457,-0.0773601548794877,1,NA,0,0.0191782618551072,0.0191883171802368,-17.318,3,3,3,3
"251,501,751",0,3,-1.06818117249163,NA,-0.0333219826955689,-0.0332951491282763,0,-8.11194787057533,NA,0,-8.11103842352202,-0.0332951491282763,NA,0,-4.57416455587255,0.0508864119449963,1,NA,0,-0.0333219826955689,-0.0332951491282763,-8.11195,3,3,3,3
"251,501,751",0,3,80.9601546515874,NA,0.00654516217810805,0.00654781170646772,0,33.5190230827907,NA,0,33.5190059989016,0.00654781170646772,NA,0,35.5045511413487,0.0696210218350632,1,NA,0,0.00654516217810805,0.00654781170646772,33.51902,3,3,3,3
"251,501,751",0,3,72.0018894746714,NA,-0.0803165328356028,-0.0803147626059873,0,25.8595648080364,NA,0,25.8597882133972,-0.0803147626059873,NA,0,27.9671382358153,-0.145132760060722,1,NA,0,-0.0803165328356028,-0.0803147626059873,25.85956,3,3,3,3
"251,501,751",0,3,-30.9858336608591,NA,0.0323263151344981,0.0322968580465741,0,-23.2614450666219,NA,0,-23.2605427732048,0.0322968580465741,NA,0,-21.9625638636559,0.0832900219410548,1,NA,0,0.0323263151344981,0.0322968580465741,-23.26145,3,3,3,3
"251,501,751",0,3,45.0839023335301,NA,0.0799835685695759,0.0799742181246455,0,12.3978968320532,NA,0,12.3986570366006,0.0799742181246455,NA,0,23.1384195235489,-0.0668946754059014,1,NA,0,0.0799835685695759,0.0799742181246455,12.3979,3,3,3,3
"251,501,751",0,3,59.6759890993423,NA,0.0234682688430672,0.0234739785763351,0,22.5283338338614,NA,0,22.5281990105153,0.0234739785763351,NA,0,23.1602603687202,0.0590138849488853,1,NA,0,0.0234682688430672,0.0234739785763351,22.52833,3,3,3,3
"251,501,751",0,3,60.7577628876175,NA,-0.0450161055928749,-0.0450193740150215,0,21.926242629357,NA,0,21.9260948968636,-0.0450193740150215,NA,0,32.4796030376658,0.100866478724352,1,NA,0,-0.0450161055928749,-0.0450193740150215,21.92624,3,3,3,3
"251,501,751",0,3,-36.0995459855093,NA,0.00301089471220531,0.00306533835233784,0,-25.293193506303,NA,0,-25.293347098638,0.00306533835233784,NA,0,-22.6007155030918,-0.0705150270148915,1,NA,0,0.00301089471220531,0.00306533835233784,-25.29319,3,3,3,3
"251,501,751",0,3,68.9615369233375,NA,0.0134295808834858,0.0134005923832832,0,26.9575624615892,NA,0,26.9579459965639,0.0134005923832832,NA,0,35.8343511598245,-0.120350787033419,1,NA,0,0.0134295808834858,0.0134005923832832,26.95756,3,3,3,3
"251,501,751",0,3,-1.26785753096415,NA,-0.0338589574591011,-0.0338592929547182,0,-8.11656655464366,NA,0,-8.11657286013162,-0.0338592929547182,NA,0,-7.42828981821834,-0.070969102148951,1,NA,0,-0.0338589574591011,-0.0338592929547182,-8.11657,3,3,3,3
"251,501,751",0,3,-4.4707285572686,NA,-0.031739641059599,-0.0317392172036965,0,-9.64864202925827,NA,0,-9.6486279642321,-0.0317392172036965,NA,0,1.89168691210005,0.120987675085773,1,NA,0,-0.031739641059599,-0.0317392172036965,-9.64864,3,3,3,3
"251,501,751",0,3,24.0719364601309,NA,-0.0173752270568722,-0.0173567484250666,0,4.88604779262231,NA,0,4.88632799018502,-0.0173567484250666,NA,0,5.37716738010567,-0.048748284341622,1,NA,0,-0.0173752270568722,-0.0173567484250666,4.88605,3,3,3,3
"251,501,751",0,3,-11.3244200038074,NA,-0.0304344821280371,-0.0304361058987744,0,-13.0531129661414,NA,0,-13.0531734557227,-0.0304361058987744,NA,0,-9.609203996386,0.0527266742701515,1,NA,0,-0.0304344821280371,-0.0304361058987744,-13.05311,3,3,3,3
"251,501,751",0,3,-2.629674025587,NA,0.00160945776744159,0.00158075172458392,0,-8.45153717857392,NA,0,-8.45148888142737,0.00158075172458392,NA,0,-5.63006592219115,-0.0736233894474139,1,NA,0,0.00160945776744159,0.00158075172458392,-8.45154,3,3,3,3
"251,501,751",0,3,-64.0867995187677,NA,-0.0642248010419263,-0.0642425437047288,0,-41.9533124416876,NA,0,-41.9544581403891,-0.0642425437047288,NA,0,-40.147831168383,-0.00411562077162897,1,NA,0,-0.0642248010419263,-0.0642425437047288,-41.95331,3,3,3,3
"251,501,751",0,3,94.9512427712787,NA,-0.00767335175726188,-0.00767847381734892,0,40.4247152481715,NA,0,40.4246732956045,-0.00767847381734892,NA,0,40.6350375980958,-0.0281929190530568,1,NA,0,-0.00767335175726188,-0.00767847381734892,40.42472,3,3,3,3
"251,501,751",0,3,-8.52734750055345,NA,0.00832475872708663,0.00832563830768313,0,-11.4607095086864,NA,0,-11.4607164653912,0.00832563830768314,NA,0,-9.24183508965631,-0.0584183398519582,1,NA,0,0.00832475872708663,0.00832563830768313,-11.46071,3,3,3,3
"251,501,751",0,3,48.3053862671546,762,-0.0410893692088453,-0.04113647536276,1,15.7532855415085,NA,0,16.2121211053017,-0.0261387129317009,NA,0,17.3101876340352,-0.0728899467497768,1,762,1,-0.0410893692088453,-0.04113647536276,15.75329,2.011,3,3,2.011
"251,501,751",0,3,18.4583879112406,NA,-0.0107141499725204,-0.0107101965706966,0,2.21190616935001,NA,0,2.21195267363448,-0.0107101965706966,NA,0,2.4799370702781,-0.0338769424907746,1,NA,0,-0.0107141499725204,-0.0107101965706966,2.21191,3,3,3,3
"251,501,751",0,3,50.5314838974011,NA,0.00130289699854567,0.001315105199292,0,13.2999064818914,"",0,13.2998908475558,0.001315105199292,NA,0,30.3139400616469,-0.183821627735091,1,NA,0,0.00130289699854567,0.001315105199292,13.29991,3,3,3,3
"251,501,751",0,3,-16.7628216418053,NA,0.0471532230895881,0.0471273550979559,0,-16.5176088759751,"",0,-16.5165496639454,0.0471273550979559,NA,0,-12.0014213900054,0.142446627149746,1,NA,0,0.0471532230895881,0.0471273550979559,-16.51761,3,3,3,3
"251,501,751",0,3,39.5601036256019,NA,0.041482575272112,0.0414795983081282,0,11.6846520242459,"",0,11.6847776161747,0.0414795983081282,NA,0,18.0657538733113,0.15465672153239,1,NA,0,0.041482575272112,0.0414795983081282,11.68465,3,3,3,3
"251,501,751",0,3,-7.89508034610018,NA,0.0277814169253595,0.0277861597792091,0,-11.4766805295764,"",0,-11.4768069657793,0.0277861597792091,NA,0,-10.703213880366,0.0671120003336303,1,NA,0,0.0277814169253595,0.0277861597792091,-11.47668,3,3,3,3
"251,501,751",0,3,-13.1724630397742,NA,-0.0367274318413535,-0.036732479147103,0,-14.2457656620975,"",0,-14.2459632174892,-0.036732479147103,NA,0,-8.26161393524184,-0.146400143401279,1,NA,0,-0.0367274318413535,-0.036732479147103,-14.24577,3,3,3,3
"251,501,751",0,3,19.0245771714826,NA,-0.00376334874878838,-0.00377130845636244,0,0.0709288035051587,"559,591",2,-0.482666095990016,-0.0284971979188381,NA,0,7.65218745945991,-0.127036412426815,1,NA,0,-0.00376334874878838,-0.00377130845636244,0.07093,3,1.148,3,3
"251,501,751",0,3,-38.8559369735886,90,-0.0247225950440986,-0.02471746472659,1,-28.097206789653,"",0,-27.8675073251709,-0.0100776334013022,NA,0,-26.5269914471494,-0.0617672578077484,1,90,1,-0.0247225950440986,-0.02471746472659,-28.09721,2.161,3,3,2.161
"251,501,751",0,3,51.9880750114912,NA,0.0301956587205997,0.0302023330732963,0,18.4973003297177,"",0,18.4971087607488,0.0302023330732963,NA,0,21.6106281985126,-0.0488279339857164,1,NA,0,0.0301956587205997,0.0302023330732963,18.4973,3,3,3,3
"251,501,751",0,3,16.7205223297147,NA,0.000392671700842649,0.000389577868316597,0,1.4369571942952,"",0,1.43698880073021,0.000389577868316597,NA,0,3.35800270544178,-0.0616497502763895,1,NA,0,0.000392671700842649,0.000389577868316597,1.43696,3,3,3,3
"251,501,751",0,3,47.4999487637414,NA,0.0372665731413629,0.0372573172160458,0,15.786499880092,"",0,15.786852917106,0.0372573172160458,NA,0,16.2764307756509,0.0685106197735246,1,NA,0,0.0372665731413629,0.0372573172160458,15.7865,3,3,3,3
"251,501,751",0,3,-12.3379880451453,NA,0.0558127166218748,0.0558660697135111,0,-15.006963361928,"",0,-15.0100295065483,0.0558660697135111,NA,0,-14.9727069289183,0.064394728012207,1,NA,0,0.0558127166218748,0.0558660697135111,-15.00696,3,3,3,3
"251,501,751",0,3,10.1539383990985,NA,-0.0318265493382355,-0.0318273727452689,0,-2.37408627073201,"",0,-2.37411550142434,-0.0318273727452689,NA,0,22.5643746845669,-0.257915306314702,1,NA,0,-0.0318265493382355,-0.0318273727452689,-2.37409,3,3,3,3
"251,501,751",0,3,6.7264986519774,NA,0.0243761381273569,0.0243889933464628,0,-4.48804620493016,"",0,-4.48837509403051,0.0243889933464628,NA,0,-4.41935415425594,0.0360981566826979,1,NA,0,0.0243761381273569,0.0243889933464628,-4.48805,3,3,3,3
"251,501,751",0,3,-12.8542104139282,NA,-0.00511407756655982,-0.00506844118305454,0,-13.719692067696,"",0,-13.7194551656437,-0.00506844118305454,NA,0,-7.19821071096496,-0.119648786218134,1,NA,0,-0.00511407756655982,-0.00506844118305454,-13.71969,3,3,3,3
"251,501,751",0,3,-2.28813929380307,NA,-0.0284352291224446,-0.0284425779769338,0,-8.47317813789061,"",0,-8.47336561417707,-0.0284425779769338,NA,0,-3.0788577983011,0.0756921992843422,1,NA,0,-0.0284352291224446,-0.0284425779769338,-8.47318,3,3,3,3
"251,501,751",0,3,10.658135740473,NA,0.0303427107013364,0.0303509836399487,0,-2.08250572374001,"",0,-2.08271425223297,0.0303509836399487,NA,0,-1.95446343545699,0.0143100389697224,1,NA,0,0.0303427107013364,0.0303509836399487,-2.08251,3,3,3,3
"251,501,751",0,3,55.4567185814353,NA,-0.0610818787591795,-0.0610596861642115,0,18.1585811561789,"",0,18.1599874703562,-0.0610596861642115,NA,0,24.2909380820641,0.0500022018771547,1,NA,0,-0.0610818787591795,-0.0610596861642115,18.15858,3,3,3,3
"251,501,751",0,3,5.12661559621232,NA,-0.00148284663074812,-0.00147021796363727,0,-4.50696981245105,"",0,-4.50694928762111,-0.00147021796363727,NA,0,0.379369035458758,-0.100712089502083,1,NA,0,-0.00148284663074812,-0.00147021796363727,-4.50697,3,3,3,3
"251,501,751",0,3,12.6203938168972,NA,-0.00158148780387044,-0.00145176284245556,0,-3.17076118432434,"",0,-3.1705472141014,-0.00145176284245556,NA,0,8.37191870562269,0.150873279338344,1,NA,0,-0.00158148780387044,-0.00145176284245556,-3.17076,3,3,3,3
"251,501,751",0,3,20.7944365009961,NA,-0.0191069696827087,-0.0191331952137221,0,2.8347500789124,"",0,2.83423837220114,-0.0191331952137221,NA,0,22.7616889085879,0.182473039438908,1,NA,0,-0.0191069696827087,-0.0191331952137221,2.83475,3,3,3,3
"251,501,751",0,3,48.3313017867619,NA,0.0222529092850406,0.022261956699154,0,16.1528337618344,"",0,16.1526442302003,0.022261956699154,NA,0,23.2773143167391,-0.0978896984013246,1,NA,0,0.0222529092850406,0.022261956699154,16.15283,3,3,3,3
"251,501,751",0,3,118.368516385737,NA,-0.00852766568776135,-0.0085365900166347,0,51.3866783963565,"",0,51.3866025175092,-0.0085365900166347,NA,0,62.2435368640711,0.139514907728516,1,NA,0,-0.00852766568776135,-0.0085365900166347,51.38668,3,3,3,3
"251,501,751",0,3,18.1834900239914,NA,0.0315195055979737,0.0314972043273778,0,1.51116785252794,"",0,1.51192921716104,0.0314972043273778,NA,0,5.04342977562168,0.115758965848563,1,NA,0,0.0315195055979737,0.0314972043273778,1.51117,3,3,3,3
"251,501,751",0,3,-61.6375600012263,NA,0.00257919965642994,0.00256576574484534,0,-37.9204822194962,"",0,-37.9204492255822,0.00256576574484534,NA,0,-34.4658845604145,0.0858653215765559,1,NA,0,0.00257919965642994,0.00256576574484534,-37.92048,3,3,3,3
"251,501,751",0,3,90.5787838927031,NA,-0.00702367443414364,-0.00702262938700747,0,38.3546129927336,"",0,38.3546189002391,-0.00702262938700747,NA,0,39.2811854409272,-0.050094298934996,1,NA,0,-0.00702367443414364,-0.00702262938700747,38.35461,3,3,3,3
"251,501,751",0,3,95.5239384186611,NA,0.0224080830714715,0.0224392583580309,0,39.5496042865482,"",0,39.5489115645457,0.0224392583580309,NA,0,39.8905861772558,-0.00375084579273988,1,NA,0,0.0224080830714715,0.0224392583580309,39.5496,3,3,3,3
"251,501,751",0,3,76.0649924367142,NA,0.00976106204337034,0.00979076461603567,0,30.9412529858934,"155,223,966",3,41.8815574803542,-0.00681731181411313,NA,0,34.7898041694575,-0.078146178254569,1,NA,0,0.00976106204337034,0.00979076461603567,30.94125,3,0.589,3,3
"251,501,751",0,3,31.9198689315403,NA,0.00230385273646321,0.00230221224690135,0,9.04627610036086,"",0,9.04627810079765,0.00230221224690135,NA,0,9.37188122388703,-0.0232371886544187,1,NA,0,0.00230385273646321,0.00230221224690135,9.04628,3,3,3,3
"251,501,751",0,3,74.9361246588916,NA,-0.0193813569220625,-0.0193494854261837,0,29.9323825362338,"",0,29.9330044339965,-0.0193494854261837,NA,0,33.3614146721292,-0.102261592222369,1,NA,0,-0.0193813569220625,-0.0193494854261837,29.93238,3,3,3,3
"251,501,751",0,3,-33.7215871168128,NA,0.01711888006565,0.0171255263811976,0,-24.8939219746387,"",0,-24.8940379805979,0.0171255263811976,NA,0,-24.1768921962496,-0.0207780473690456,1,NA,0,0.01711888006565,0.0171255263811976,-24.89392,3,3,3,3
"251,501,751",0,3,36.0566206817027,NA,0.00201239419222885,0.00200746987494962,0,11.0900761711388,"",0,11.0900851979603,0.00200746987494962,NA,0,16.3474967790566,0.104844661810727,1,NA,0,0.00201239419222885,0.00200746987494962,11.09008,3,3,3,3
"251,501,751",0,3,2.92005527112444,NA,0.0696012045948794,0.0696025451119735,0,-7.88340225959162,"",0,-7.88347735012047,0.0696025451119735,NA,0,-4.09408758082514,0.156671998903451,1,NA,0,0.0696012045948794,0.0696025451119735,-7.8834,3,3,3,3
"251,501,751",0,3,-51.6644355624714,NA,-0.0506939747692957,-0.0506253378552581,0,-34.8301555694408,"",0,-34.8266111769769,-0.0506253378552581,NA,0,-34.7081650551169,-0.0659735991863047,1,NA,0,-0.0506939747692957,-0.0506253378552581,-34.83016,3,3,3,3
"251,501,751",0,3,56.6887902917042,NA,0.00155628711203742,0.00154273795011278,0,20.7308473216977,"",0,20.7308673639771,0.00154273795011278,NA,0,20.7876918021527,0.0122259000546325,1,NA,0,0.00155628711203742,0.00154273795011278,20.73085,3,3,3,3
"251,501,751",0,3,79.0645155646516,NA,0.0312478925247578,0.0312199501548898,0,31.3156578662818,"",0,31.3165445377661,0.0312199501548898,NA,0,35.4832890918687,0.122572529193256,1,NA,0,0.0312478925247578,0.0312199501548898,31.31566,3,3,3,3
"251,501,751",0,3,31.1656763935264,NA,0.0164090551501691,0.0164330526633831,0,7.922685686752,"",0,7.92227345708035,0.0164330526633831,NA,0,11.4519262825322,0.100623196308189,1,NA,0,0.0164090551501691,0.0164330526633831,7.92269,3,3,3,3
"251,501,751",0,3,10.8729681318173,NA,-0.0238878367863792,-0.0238974423106056,0,-1.81567820753924,"",0,-1.81588914820651,-0.0238974423106056,NA,0,-1.51925708979642,0.00047650917204467,1,NA,0,-0.0238878367863792,-0.0238974423106056,-1.81568,3,3,3,3
"251,501,751",0,3,86.8403039438729,NA,-0.0292747618717732,-0.0292290641158791,0,33.0999004578812,"",0,33.1012382265253,-0.0292290641158791,NA,0,36.7639773903286,0.0563561318878074,1,NA,0,-0.0292747618717732,-0.0292290641158791,33.0999,3,3,3,3
"251,501,751",0,3,20.3948348901311,NA,-0.0488120424478614,-0.0488213045033911,0,2.05219462985801,"",0,2.05180372821748,-0.0488213045033911,NA,0,4.6923853585358,-0.121558304807677,1,NA,0,-0.0488120424478614,-0.0488213045033911,2.05219,3,3,3,3
"251,501,751",0,3,46.356105534278,NA,0.0589688365615138,0.0589526600546009,0,14.2523237416918,"",0,14.2532936160796,0.0589526600546009,NA,0,14.3768656607047,0.0432445130742081,1,NA,0,0.0589688365615138,0.0589526600546009,14.25232,3,3,3,3
"251,501,751",0,3,44.8711091432734,NA,-0.0100892488038013,-0.0100890552748111,0,15.4466242666709,NA,0,15.446626215414,-0.0100890552748111,NA,0,16.5487099987028,0.0368820090899642,1,NA,0,-0.0100892488038013,-0.0100890552748111,15.44662,3,3,3,3
"251,501,751",0,3,11.3757637597097,NA,0.0845225800540391,0.0844688820576347,0,-5.95285244227917,NA,0,-5.94835525920761,0.0844688820576347,NA,0,1.17967187575951,-0.0349572494449797,1,NA,0,0.0845225800540391,0.0844688820576347,-5.95285,3,3,3,3
"251,501,751",0,3,71.2905483633443,NA,0.0109655196161394,0.0109392264024768,0,28.3253005828178,NA,0,28.3255846742253,0.0109392264024768,NA,0,28.3606347268645,0.0193280213861731,1,NA,0,0.0109655196161394,0.0109392264024768,28.3253,3,3,3,3
"251,501,751",0,3,1.2087347427717,NA,-0.0135270549435497,-0.0135238349740268,0,-6.40999591486441,NA,0,-6.40995958478177,-0.0135238349740268,NA,0,-6.28699733799295,-0.0292143349715676,1,NA,0,-0.0135270549435497,-0.0135238349740268,-6.41,3,3,3,3
"251,501,751",0,3,-53.7538754136016,NA,-0.000554293611557196,-0.000508603597783215,0,-34.7532540972657,NA,0,-34.7532277260554,-0.000508603597783211,NA,0,-28.5138074600702,-0.112503291143598,5,NA,0,-0.00055507091817249,-0.000508603597783215,-34.75327,3,3,3,3
"251,501,751",0,3,-2.178956645592,NA,-0.031669738760505,-0.0316550526431727,0,-8.63627226130191,NA,0,-8.63578639780179,-0.0316550526431727,NA,0,-5.78597465279222,-0.107236755886069,1,NA,0,-0.031669738760505,-0.0316550526431727,-8.63627,3,3,3,3
"251,501,751",0,3,44.3689394268956,NA,0.0112198519262781,0.0112174417118528,0,15.1972653187276,NA,0,15.1972833008144,0.0112174417118528,NA,0,16.8029793256418,-0.0455889624137633,1,NA,0,0.0112198519262781,0.0112174417118528,15.19727,3,3,3,3
"251,501,751",0,3,66.4595385001144,NA,-0.0449761607020442,-0.0449531568290827,0,25.2492879053599,NA,0,25.2504011403775,-0.0449531568290827,NA,0,25.250799980698,-0.0440772704503258,1,NA,0,-0.0449761607020442,-0.0449531568290827,25.24929,3,3,3,3
"251,501,751",0,3,62.5064865014261,NA,-0.00200141303926618,-0.00199922028561552,0,24.2890217953728,NA,0,24.2890259965885,-0.00199922028561552,NA,0,31.4586123441469,-0.122183275383696,1,NA,0,-0.00200141303926618,-0.00199922028561552,24.28902,3,3,3,3
"251,501,751",0,3,39.9596010349362,NA,0.020922528365539,0.0209982211173587,0,11.324567262977,NA,0,11.3229896334888,0.0209982211173587,NA,0,11.8694727572163,0.0538700723118981,1,NA,0,0.020922528365539,0.0209982211173587,11.32457,3,3,3,3
"251,501,751",0,3,4.98482518460831,NA,0.0533867611218389,0.0533888253892255,0,-5.86533074447543,NA,0,-5.86543684293613,0.0533888253892255,NA,0,12.6254319607924,0.247208952314056,1,NA,0,0.0533867611218389,0.0533888253892255,-5.86533,3,3,3,3
"251,501,751",0,3,84.5295985842687,NA,-0.00416181610146856,-0.00416662192503971,0,34.6280296257451,NA,0,34.6280097947595,-0.00416662192503971,NA,0,36.1230150706915,0.0505274849222139,1,NA,0,-0.00416181610146856,-0.00416662192503971,34.62803,3,3,3,3
"251,501,751",0,3,-3.59586230456632,NA,0.0034258105475302,0.00340148961486269,0,-9.05545284964507,NA,0,-9.05537167222798,0.00340148961486269,NA,0,-8.27597655192742,-0.0360702386418648,1,NA,0,0.0034258105475302,0.00340148961486269,-9.05545,3,3,3,3
"251,501,751",0,3,75.3590902570352,NA,0.00879682865884018,0.00879795104387465,0,30.4344042106301,NA,0,30.4343945301992,0.00879795104387465,NA,0,30.5949578432016,0.0267088843276502,1,NA,0,0.00879682865884018,0.00879795104387465,30.4344,3,3,3,3
"251,501,751",0,3,93.0766226854715,NA,-0.0739738375182962,-0.0739811047417233,0,36.6378964008141,NA,0,36.6373800001443,-0.0739811047417233,NA,0,36.6951142728222,-0.0846622779127316,1,NA,0,-0.0739738375182962,-0.0739811047417233,36.6379,3,3,3,3
"251,501,751",0,3,2.5955253779413,NA,0.00799292221209942,0.00799264871386115,0,-5.64736962750707,NA,0,-5.64736734340048,0.00799264871386115,NA,0,-2.00653784600908,0.0934788045707649,1,NA,0,0.00799292221209942,0.00799264871386115,-5.64737,3,3,3,3
"251,501,751",0,3,24.9736323455995,NA,-0.0230339069665518,-0.0230311547627288,0,5.29583375372407,NA,0,5.29590194964547,-0.0230311547627288,NA,0,7.32659745813307,-0.0868154853755057,1,NA,0,-0.0230339069665518,-0.0230311547627288,5.29583,3,3,3,3
"251,501,751",0,3,79.1544177749121,NA,0.067978313218786,0.0679776031633065,0,30.3446135709514,NA,0,30.3446664811631,0.0679776031633065,NA,0,34.0002492496404,0.153484536553398,1,NA,0,0.067978313218786,0.0679776031633065,30.34461,3,3,3,3
"251,501,751",0,3,65.7331610421824,NA,0.0165157257701224,0.0165133942288716,0,25.6988797206854,NA,0,25.6989212751453,0.0165133942288716,NA,0,25.7174436774718,0.0226033120676166,1,NA,0,0.0165157257701224,0.0165133942288716,25.69888,3,3,3,3
"251,501,751",0,3,63.3735691913314,NA,-0.0192263066126782,-0.0191965777023699,0,24.5524178734541,NA,0,24.5529253444814,-0.0191965777023699,NA,0,26.6798913232842,-0.0845356836544903,1,NA,0,-0.0192263066126782,-0.0191965777023699,24.55242,3,3,3,3
"251,501,751",0,3,10.0263162301018,NA,0.00522240899347807,0.00521500007811399,0,-1.91792071598388,NA,0,-1.91787726796216,0.00521500007811399,NA,0,-1.89358907177543,0.0121928980781463,1,NA,0,0.00522240899347807,0.00521500007811399,-1.91792,3,3,3,3
"251,501,751",0,3,31.2004334324916,NA,-0.0122592244955293,-0.0122705475061516,0,8.41598791550873,NA,0,8.41584193471634,-0.0122705475061516,NA,0,9.75892423974268,0.0396238602774537,1,NA,0,-0.0122592244955293,-0.0122705475061516,8.41599,3,3,3,3
"251,501,751",0,3,87.3983774028757,NA,0.0404031252730693,0.0403844272070911,0,34.5492386654124,NA,0,34.5499977619157,0.0403844272070911,NA,0,34.6227150998571,0.0282537350842316,1,NA,0,0.0404031252730693,0.0403844272070911,34.54924,3,3,3,3
"251,501,751",0,3,71.4671505301158,NA,-0.032834406690825,-0.0328291954248665,0,28.0867628269315,NA,0,28.0869463708352,-0.0328291954248665,NA,0,30.2670742276818,-0.0990426413188297,1,NA,0,-0.032834406690825,-0.0328291954248665,28.08676,3,3,3,3
"251,501,751",0,3,46.2917227933431,NA,0.0147240947432606,0.0147329970109402,0,15.7513664081085,NA,0,15.7512358322934,0.0147329970109402,NA,0,27.6696541256976,0.16995420126659,1,NA,0,0.0147240947432606,0.0147329970109402,15.75137,3,3,3,3
"251,501,751",0,3,46.088667215311,NA,-0.0180089334033063,-0.0180404658292195,0,15.732747443073,NA,0,15.7321741664906,-0.0180404658292195,NA,0,16.7249623651606,0.0265651561751665,1,NA,0,-0.0180089334033063,-0.0180404658292195,15.73275,3,3,3,3
"251,501,751",0,3,-54.0991498973576,NA,0.000356095567212495,0.000355307013108882,0,-33.9594942783345,NA,0,-33.9594942020257,0.000355307013108882,NA,0,-29.1053630332735,-0.0985241223459635,1,NA,0,0.000356095567212495,0.000355307013108882,-33.95949,3,3,3,3
"251,501,751",0,3,1.45919875388685,NA,-0.0447374040938498,-0.0447373019491206,0,-7.17987819332747,NA,0,-7.1798739445431,-0.0447373019491206,NA,0,-6.42255740040815,-0.0836513628952785,1,NA,0,-0.0447374040938498,-0.0447373019491206,-7.17988,3,3,3,3
"251,501,751",0,3,24.4161605362219,NA,-0.00232947149292383,-0.00232972118404175,0,5.29108318625514,NA,0,5.29108233273781,-0.00232972118404175,NA,0,15.4368980177095,0.141023124099998,1,NA,0,-0.00232947149292383,-0.00232972118404175,5.29108,3,3,3,3
"251,501,751",0,3,108.623009172405,NA,-0.0297989741274441,-0.0298131266133345,0,46.3369217410864,NA,0,46.3364922564308,-0.0298131266133345,NA,0,46.841740036105,-0.0615305532666246,1,NA,0,-0.0297989741274441,-0.0298131266133345,46.33692,3,3,3,3
"251,501,751",0,3,109.484061336422,NA,0.023309426576735,0.0233097570083495,0,47.5261770810774,NA,0,47.5261697241185,0.0233097570083495,NA,0,51.0886511687773,0.107853049467019,1,NA,0,0.023309426576735,0.0233097570083495,47.52618,3,3,3,3
"251,501,751",0,3,-40.8605765738446,161,-0.0138311256569157,-0.0136650414809308,1,-27.9157115584474,"161",1,-28.2471580061291,-0.0136650414809308,NA,0,-27.1551280316752,-0.0317922648139557,1,161,1,-0.0138311256569157,-0.0136650414809308,-27.91571,2.09,2.09,3,2.09
"251,501,751",0,3,21.5863240069632,NA,0.0212439864437878,0.0212441798731839,0,2.90671112976868,NA,0,2.90670723578012,0.0212441798731839,NA,0,3.05139038007647,0.00421382413863669,1,NA,0,0.0212439864437878,0.0212441798731839,2.90671,3,3,3,3
"251,501,751",0,3,51.2682714496058,NA,-0.0399667846850742,-0.0399753839823083,0,17.858436654487,NA,0,17.8580769026393,-0.0399753839823083,NA,0,18.7608518984598,-0.0824406559406647,1,NA,0,-0.0399667846850742,-0.0399753839823083,17.85844,3,3,3,3
"251,501,751",0,3,98.4673567184032,NA,-0.051130877790003,-0.0511371845393652,0,40.9347988555032,NA,0,40.9344463415271,-0.0511371845393652,NA,0,42.5592866438736,0.00588494091777503,1,NA,0,-0.051130877790003,-0.0511371845393652,40.9348,3,3,3,3
"251,501,751",0,3,84.6442439154468,NA,-0.0220490658279008,-0.0220405671133507,0,35.0161724746591,NA,0,35.0163615302106,-0.0220405671133507,NA,0,35.147910596941,-0.0382572025416481,10,NA,0,-0.0220500003889248,-0.0220405671133507,35.01615,3,3,3,3
"251,501,751",0,3,35.2084391146151,NA,-0.0482122867342748,-0.0482009070234353,0,9.39333243326682,NA,0,9.39384251218221,-0.0482009070234353,NA,0,13.4010952086905,0.0414425426009748,1,NA,0,-0.0482122867342748,-0.0482009070234353,9.39333,3,3,3,3
"251,501,751",0,3,105.562093088854,NA,0.0236525561330494,0.0236898725823143,0,45.2439995602579,NA,0,45.2430654572829,0.0236898725823143,NA,0,72.0255758581316,-0.211096979852018,1,NA,0,0.0236525561330494,0.0236898725823143,45.244,3,3,3,3
"251,501,751",0,3,38.0847859030991,NA,-0.0776728219812899,-0.0776736182061357,0,9.09938088641514,NA,0,9.09930994527196,-0.0776736182061357,NA,0,9.31765546350273,-0.0568319090014114,1,NA,0,-0.0776728219812899,-0.0776736182061357,9.09938,3,3,3,3
"251,501,751",0,3,49.5652048281069,NA,-0.0059021524837558,-0.00594703989058051,0,16.7838628798367,NA,0,16.7836038330667,-0.00594703989058051,NA,0,17.2452795440548,-0.0362586549840058,1,NA,0,-0.0059021524837558,-0.00594703989058051,16.78386,3,3,3,3
"251,501,751",0,3,77.6505326676895,NA,0.0196513897701807,0.0196763004973306,0,31.5004600271541,NA,0,31.4999850612574,0.0196763004973306,NA,0,36.4720036300871,0.11958821498291,1,NA,0,0.0196513897701807,0.0196763004973306,31.50046,3,3,3,3
"251,501,751",0,3,67.2072375931637,NA,0.0065543912289256,0.00656416002594206,0,26.1209193628623,NA,0,26.1208574703066,0.00656416002594206,NA,0,34.3421134180799,-0.122204022857336,1,NA,0,0.0065543912289256,0.00656416002594206,26.12092,3,3,3,3
"251,501,751",0,3,42.0867938517816,NA,0.005544190720155,0.00553799514614068,0,14.0964856463168,NA,0,14.0965131845532,0.00553799514614068,NA,0,18.9885112834081,0.104787478460068,1,NA,0,0.005544190720155,0.00553799514614068,14.09649,3,3,3,3
"251,501,751",0,3,18.5275456719021,NA,-0.0103448187258056,-0.0104020715099162,0,-0.315458063605268,NA,0,-0.316031605832805,-0.0104020715099162,NA,0,1.63924271768868,0.0522124812217717,1,NA,0,-0.0103448187258056,-0.0104020715099162,-0.31546,3,3,3,3
"251,501,751",0,3,46.6388019326815,NA,0.0104637618338131,0.0105434554221649,0,14.968964396032,NA,0,14.9681399351634,0.0105434554221649,NA,0,16.0574732814299,-0.0362007718987857,1,NA,0,0.0104637618338131,0.0105434554221649,14.96896,3,3,3,3
"251,501,751",0,3,112.685860884837,NA,-0.000796356916870219,-0.00079914813797375,0,48.4757111392073,NA,0,48.4757088678801,-0.000799148137973749,NA,0,48.9639488904502,-0.0320429131539367,1,NA,0,-0.000796356916870219,-0.00079914813797375,48.47571,3,3,3,3
"251,501,751",0,3,1.8079484407427,NA,-0.0525074787387618,-0.0525045087915639,0,-7.43919123890845,NA,0,-7.43904012054948,-0.0525045087915639,NA,0,-3.43484056843448,-0.14204776935621,1,NA,0,-0.0525074787387618,-0.0525045087915639,-7.43919,3,3,3,3
"251,501,751",0,3,-29.2426434266483,NA,-0.0249197739737111,-0.0249234982811878,0,-22.0141919320705,NA,0,-22.0142887074452,-0.0249234982811878,NA,0,-21.9303906671078,-0.0119587638437588,1,NA,0,-0.0249197739737111,-0.0249234982811878,-22.01419,3,3,3,3
"251,501,751",0,3,31.1665094084809,NA,0.0132336796888463,0.0132457677905655,0,8.20828555084154,NA,0,8.20813058721147,0.0132457677905655,NA,0,10.2192010708095,0.0767004081227449,1,NA,0,0.0132336796888463,0.0132457677905655,8.20829,3,3,3,3
"251,501,751",0,3,-5.50705283108673,NA,-0.00555125168863136,-0.0055354456660352,0,-10.5610213485521,NA,0,-10.5609303281298,-0.0055354456660352,NA,0,-10.433885898384,-0.0214923842095378,1,NA,0,-0.00555125168863136,-0.0055354456660352,-10.56102,3,3,3,3
"251,501,751",0,3,-5.08254075060234,NA,0.0531179945091301,0.0531614950495415,0,-11.1765877458034,NA,0,-11.1791086507138,0.0531614950495415,NA,0,-8.06937134170267,0.13212821774605,1,NA,0,0.0531179945091301,0.0531614950495415,-11.17659,3,3,3,3
"251,501,751",0,3,25.4518651619958,NA,-0.000638716062007544,-0.000660050254926365,0,5.71956320548601,NA,0,5.71955155706304,-0.000660050254926365,NA,0,7.31373612922618,-0.0572318895211773,1,NA,0,-0.000638716062007544,-0.000660050254926365,5.71956,3,3,3,3
"251,501,751",0,3,56.0561214097359,NA,-0.0255759356215494,-0.0255182194887802,0,20.1303546541624,NA,0,20.1318243931871,-0.0255182194887802,NA,0,22.4383005140152,-0.0934735457253828,1,NA,0,-0.0255759356215494,-0.0255182194887802,20.13035,3,3,3,3
"251,501,751",0,3,-54.7478068028182,NA,0.00306735813148556,0.00308395356779697,0,-34.3818823248843,NA,0,-34.3819356901796,0.00308395356779697,NA,0,-30.5565713312049,0.0907163537460063,1,NA,0,0.00306735813148556,0.00308395356779697,-34.38188,3,3,3,3
"251,501,751",0,3,-0.461757599459439,NA,0.0126707322032464,0.0126587865099327,0,-7.35350685415208,NA,0,-7.35335684343526,0.0126587865099327,NA,0,-6.30809097686058,-0.0330695713852165,1,NA,0,0.0126707322032464,0.0126587865099327,-7.35351,3,3,3,3
"251,501,751",0,3,2.02903836211862,NA,-0.00335482012894881,-0.00334946053806501,0,-6.03482916396653,NA,0,-6.03481226840414,-0.00334946053806501,NA,0,2.65263963820203,0.129079634801127,1,NA,0,-0.00335482012894881,-0.00334946053806501,-6.03483,3,3,3,3
"251,501,751",0,3,23.5011755999406,NA,0.0187876344338029,0.0187816416477384,0,4.06806580009715,NA,0,4.06817814557242,0.0187816416477384,NA,0,4.36842056840282,-0.00572434686879553,1,NA,0,0.0187876344338029,0.0187816416477384,4.06807,3,3,3,3
"251,501,751",0,3,26.2424766327984,NA,-0.0284493148170358,-0.0285374408725385,0,4.58179153142253,NA,0,4.57921276347487,-0.0285374408725385,NA,0,6.10089475935909,-0.0835742239737816,1,NA,0,-0.0284493148170358,-0.0285374408725385,4.58179,3,3,3,3
"251,501,751",0,3,60.1339510180218,NA,-0.0211175729235295,-0.0211196027291918,0,22.7224398061515,NA,0,22.7223964975249,-0.0211196027291918,NA,0,22.7685941137993,-0.0114997480952447,1,NA,0,-0.0211175729235295,-0.0211196027291918,22.72244,3,3,3,3
"251,501,751",0,3,54.9494730849062,NA,-0.00531015884557878,-0.00530079509798223,0,20.220635102459,NA,0,20.2206849773091,-0.00530079509798223,NA,0,24.6538886499613,0.0890316369981807,1,NA,0,-0.00531015884557878,-0.00530079509798223,20.22064,3,3,3,3
"251,501,751",0,3,-25.6576130035722,NA,-0.028440434688654,-0.0284397246354542,0,-20.2571721854413,NA,0,-20.2571534069177,-0.0284397246354542,NA,0,-20.1848037062318,-0.0404614492683323,1,NA,0,-0.028440434688654,-0.0284397246354542,-20.25717,3,3,3,3
"251,501,751",0,3,16.7562617192912,NA,0.0163486411220391,0.0163475250765036,0,1.33078250231831,NA,0,1.33080461964034,0.0163475250765036,NA,0,9.46419409730053,0.144430467313289,1,NA,0,0.0163486411220391,0.0163475250765036,1.33078,3,3,3,3
"251,501,751",0,3,62.7478002802855,NA,0.0211192132219352,0.0211193645306152,0,24.2427573164239,NA,0,24.2427520539817,0.0211193645306152,NA,0,26.8641527663619,0.0936149948109588,1,NA,0,0.0211192132219352,0.0211193645306152,24.24276,3,3,3,3
"251,501,751",0,3,-16.0369854391815,NA,0.0254774227836744,0.0254722912333914,0,-15.2597026020397,NA,0,-15.2595455393105,0.0254722912333914,NA,0,-9.80010775873311,0.13026069016687,1,NA,0,0.0254774227836744,0.0254722912333914,-15.2597,3,3,3,3
"251,501,751",0,3,28.4272124664673,NA,0.0180834878863707,0.0180879710238402,0,7.10440381331885,NA,0,7.10431203375219,0.0180879710238402,NA,0,13.7946842963594,-0.0980306557431678,1,NA,0,0.0180834878863707,0.0180879710238402,7.1044,3,3,3,3
"251,501,751",0,3,94.2954711375998,NA,0.0146996361930098,0.0147378305764164,0,38.162678790138,NA,0,38.1621197905876,0.0147378305764164,NA,0,38.5561453920568,0.0426614404474346,1,NA,0,0.0146996361930098,0.0147378305764164,38.16268,3,3,3,3
"251,501,751",0,3,2.31803617128203,NA,0.0216365224005663,0.0216507855007275,0,-6.10853225670561,NA,0,-6.10884944906912,0.0216507855007275,NA,0,-5.36575520117856,-0.0169246323001269,1,NA,0,0.0216365224005663,0.0216507855007275,-6.10853,3,3,3,3
"251,501,751",0,3,63.2810061446519,NA,0.0555883410005377,0.0556019752562324,0,23.1281529682182,NA,0,23.1273447020014,0.0556019752562324,NA,0,23.9695476542746,0.0965832328091314,1,NA,0,0.0555883410005377,0.0556019752562324,23.12815,3,3,3,3
"251,501,751",0,3,115.32340665985,NA,-0.045174452604874,-0.0451684834530544,0,49.7147224831823,NA,0,49.7150370679308,-0.0451684834530544,NA,0,50.0084346152725,-0.0209558165286472,1,NA,0,-0.045174452604874,-0.0451684834530544,49.71472,3,3,3,3
"251,501,751",0,3,-15.1428494158335,NA,-0.0482569135753883,-0.0482493800269938,0,-15.6651594648528,NA,0,-15.6648238117526,-0.0482493800269938,NA,0,-15.1995349335087,-0.0177752397086486,1,NA,0,-0.0482569135753883,-0.0482493800269938,-15.66516,3,3,3,3
"251,501,751",0,3,57.6277203059749,NA,-0.00960921677958378,-0.00958852440558127,0,21.5231670130302,NA,0,21.5233741283579,-0.00958852440558127,NA,0,26.3380736195162,-0.107991979266307,1,NA,0,-0.00960921677958378,-0.00958852440558127,21.52317,3,3,3,3
"251,501,751",0,3,66.7098807418647,NA,-0.0222475696089787,-0.0222197943736124,0,25.9702398124222,NA,0,25.9708122231349,-0.0222197943736124,NA,0,27.8233785612341,0.038728533531978,1,NA,0,-0.0222475696089787,-0.0222197943736124,25.97024,3,3,3,3
"251,501,751",0,3,-14.7529154699235,NA,0.00149463843799695,0.00150415951942026,0,-14.4792992346727,NA,0,-14.4793134134023,0.00150415951942026,NA,0,-13.9630122974187,-0.0306420984844999,1,NA,0,0.00149463843799695,0.00150415951942026,-14.4793,3,3,3,3
"251,501,751",0,3,41.40125257407,NA,0.0137198073888461,0.0137058338069606,0,12.3948659293507,NA,0,12.3950518996141,0.0137058338069606,NA,0,12.5002489228596,0.028184248470652,1,NA,0,0.0137198073888461,0.0137058338069606,12.39487,3,3,3,3
"251,501,751",0,3,77.5413757533133,NA,-0.0323168985563472,-0.0323197592338976,0,31.270146578425,NA,0,31.2700458885822,-0.0323197592338976,NA,0,39.1373645365646,-0.15822575750525,1,NA,0,-0.0323168985563472,-0.0323197592338976,31.27015,3,3,3,3
"251,501,751",0,3,-18.0773271158454,NA,0.00418587753079041,0.00420814709644927,0,-16.0277919736365,NA,0,-16.02788890585,0.00420814709644927,NA,0,-15.7602607787919,-0.0189547098084429,1,NA,0,0.00418587753079041,0.00420814709644927,-16.02779,3,3,3,3
"251,501,751",0,3,72.8749182572319,NA,-0.0279137160535446,-0.0279072074286948,0,29.0371122400432,NA,0,29.0372792243096,-0.0279072074286948,NA,0,29.0834094556595,-0.0375152691572691,1,NA,0,-0.0279137160535446,-0.0279072074286948,29.03711,3,3,3,3
"251,501,751",0,3,-19.4644090640382,NA,-0.0168786804282745,-0.0168635560819924,0,-17.3769948353448,NA,0,-17.3767433589477,-0.0168635560819924,NA,0,-16.7776515109064,-0.0514632649512793,1,NA,0,-0.0168786804282745,-0.0168635560819924,-17.37699,3,3,3,3
"251,501,751",0,3,81.3040783853535,NA,-0.032872773380425,-0.0328474665890644,0,33.1392608729773,NA,0,33.1400504316788,-0.0328474665890644,NA,0,33.1992548767498,-0.0219917933788779,1,NA,0,-0.032872773380425,-0.0328474665890644,33.13926,3,3,3,3
"251,501,751",0,3,-64.3393726521785,NA,-0.110295758870584,-0.110309095696999,0,-45.4448423023926,NA,0,-45.4462809554036,-0.110309095696999,NA,0,-44.8603073783996,-0.144280909896435,1,NA,0,-0.110295758870584,-0.110309095696999,-45.44484,3,3,3,3
"251,501,751",0,3,-41.2715453663855,NA,0.0132785856408307,0.013325048158656,0,-28.2252199309411,NA,0,-28.2257842938006,0.013325048158656,NA,0,-24.7508465890416,0.0970217789289978,1,NA,0,0.0132785856408307,0.013325048158656,-28.22522,3,3,3,3
"251,501,751",0,3,-69.2712793547174,NA,0.0470996192331867,0.0470944355800362,0,-42.7751492593749,NA,0,-42.7749041148049,0.0470944355800362,NA,0,-33.7225089225885,0.182087190876438,1,NA,0,0.0470996192331867,0.0470944355800362,-42.77515,3,3,3,3
"251,501,751",0,3,-33.8151710475723,NA,0.0341200536726809,0.0340808743277387,0,-25.5745582656946,NA,0,-25.5732113059818,0.0340808743277387,NA,0,-23.5835735428597,-0.0289989792580212,1,NA,0,0.0341200536726809,0.0340808743277387,-25.57456,3,3,3,3
"251,501,751",0,3,81.6317150417005,NA,0.0417140872521954,0.0416994097386827,0,32.1394772024349,NA,0,32.1400900664194,0.0416994097386827,NA,0,32.1401939613534,0.0411804484453449,1,NA,0,0.0417140872521954,0.0416994097386827,32.13948,3,3,3,3
"251,501,751",0,3,93.9039079536751,NA,-0.0439834268956591,-0.0439483189674068,0,38.5456026604196,NA,0,38.5471730139808,-0.0439483189674068,NA,0,38.8815256890972,-0.0181070036068112,1,NA,0,-0.0439834268956591,-0.0439483189674068,38.5456,3,3,3,3
"251,501,751",0,3,45.6884884362465,NA,0.0450373919959323,0.0450962682424232,0,11.8133200876609,NA,0,11.8107150945236,0.0450962682424232,NA,0,21.738447291319,0.185839210047235,1,NA,0,0.0450373919959323,0.0450962682424232,11.81332,3,3,3,3
"251,501,751",0,3,32.1975755000588,NA,0.00342748833330765,0.00344045087045129,0,9.15237643706708,NA,0,9.15233703052971,0.00344045087045129,NA,0,9.38152713283743,-0.0179927358592379,1,NA,0,0.00342748833330765,0.00344045087045129,9.15238,3,3,3,3
"251,501,751",0,3,-2.80648956925956,NA,0.00903035112365998,0.00903156603812271,0,-8.36204229776588,NA,0,-8.36204862675989,0.00903156603812271,NA,0,-8.10646597548395,-0.0136257088465215,1,NA,0,0.00903035112365998,0.00903156603812271,-8.36204,3,3,3,3
"251,501,751",0,3,85.5291395691151,NA,-0.00281194487978522,-0.00280140604357438,0,35.7622916587121,NA,0,35.7623240536938,-0.00280140604357438,NA,0,35.8643280405063,0.0114825497137314,1,NA,0,-0.00281194487978522,-0.00280140604357438,35.76229,3,3,3,3
"251,501,751",0,3,-34.8308229818384,NA,-0.00259456775712811,-0.00258750895932639,0,-25.5794434761068,NA,0,-25.5794250621993,-0.00258750895932639,NA,0,-24.2123767886114,0.0496732682247678,1,NA,0,-0.00259456775712811,-0.00258750895932639,-25.57944,3,3,3,3
"251,501,751",0,3,65.7818821063608,NA,-0.0170152723303943,-0.0170296200066945,0,25.7273848092996,NA,0,25.7271220461864,-0.0170296200066945,NA,0,25.9148154491034,0.0023735863688461,1,NA,0,-0.0170152723303943,-0.0170296200066945,25.72738,3,3,3,3
"251,501,751",0,3,-70.2916065920506,NA,0.0391833230172513,0.0391595027989119,0,-44.2345434153289,NA,0,-44.2335992989696,0.0391595027989119,NA,0,-37.5800796263178,0.15457978789099,1,NA,0,0.0391833230172513,0.0391595027989119,-44.23454,3,3,3,3
"251,501,751",0,3,50.171722362872,NA,0.023031000630875,0.023035298128582,0,17.8344410417853,NA,0,17.8343380781612,0.023035298128582,NA,0,18.922973372393,0.0697033619447576,1,NA,0,0.023031000630875,0.023035298128582,17.83444,3,3,3,3
"251,501,751",0,3,46.5787960232813,NA,0.0314330852788767,0.0314486050084352,0,15.7848734503092,NA,0,15.7843530499747,0.0314486050084352,NA,0,16.4186751704198,-0.00419819270667632,1,NA,0,0.0314330852788767,0.0314486050084352,15.78487,3,3,3,3
"251,501,751",0,3,31.8616176938407,NA,-0.0516098374557085,-0.0516226409287429,0,6.73314693408614,NA,0,6.73249561431496,-0.0516226409287429,NA,0,7.78460204026316,-0.00571596323994095,1,NA,0,-0.0516098374557085,-0.0516226409287429,6.73315,3,3,3,3
"251,501,751",0,3,61.5837463236961,NA,0.0188691681139234,0.0188694106934289,0,23.7062378339158,NA,0,23.7062196133106,0.0188694106934289,NA,0,23.8988676221631,-0.000773197507360157,1,NA,0,0.0188691681139234,0.0188694106934289,23.70624,3,3,3,3
"251,501,751",0,3,-4.71474808941012,NA,0.0195946243183849,0.0195938663735553,0,-9.50379516043924,NA,0,-9.50378112823545,0.0195938663735553,NA,0,-9.23753104180601,-0.00348331324232976,1,NA,0,0.0195946243183849,0.0195938663735553,-9.5038,3,3,3,3
"251,501,751",0,3,35.9189374780347,NA,-0.0523082526589875,-0.0523073338018322,0,9.68067917595327,NA,0,9.68071371606749,-0.0523073338018322,NA,0,9.96288306862519,-0.0760371684119134,1,NA,0,-0.0523082526589875,-0.0523073338018322,9.68068,3,3,3,3
"251,501,751",0,3,66.789648232648,NA,-0.0560685151187142,-0.0560757770029308,0,24.8143149512165,NA,0,24.8138720970912,-0.0560757770029308,NA,0,25.6275731257996,-0.015741300427311,1,NA,0,-0.0560685151187142,-0.0560757770029308,24.81431,3,3,3,3
"251,501,751",0,3,50.9130506530527,NA,0.0222395064298632,0.02226093946002,0,17.5665017685754,NA,0,17.5660104538262,0.02226093946002,NA,0,23.321191670516,0.129781392363293,1,NA,0,0.0222395064298632,0.02226093946002,17.5665,3,3,3,3
"251,501,751",0,3,30.5446900670916,NA,0.0489188282334808,0.0489031206364677,0,6.81256891691566,"",0,6.81330017312546,0.0489031206364677,NA,0,24.3192959855494,0.23749815382999,1,NA,0,0.0489188282334808,0.0489031206364677,6.81257,3,3,3,3
"251,501,751",0,3,95.3417511495993,NA,-0.0336309411083715,-0.0336248670003469,0,39.4485453931003,"",0,39.4487552348934,-0.0336248670003469,NA,0,39.932649774462,-0.0646889023534746,1,NA,0,-0.0336309411083715,-0.0336248670003469,39.44855,3,3,3,3
"251,501,751",0,3,36.7146616817739,NA,0.0443293789187665,0.0443510654473125,0,10.373470226317,"730,756",2,17.1158745045185,0.0327820385865861,"19",1,11.7045406470331,-0.00441957138351534,1,NA,0,0.0443293789187665,0.0443510654473125,10.37347,3,1.026,2.232,3
"251,501,751",0,3,-38.4961910394813,NA,0.0170195799764158,0.0170328778072972,0,-27.5629909085672,"",0,-27.563215058778,0.0170328778072972,NA,0,-18.8549757488072,-0.115389617122229,1,NA,0,0.0170195799764158,0.0170328778072972,-27.56299,3,3,3,3
"251,501,751",0,3,3.79258900121661,NA,0.0284470377165347,0.0284658177528201,0,-6.05081788453834,"",0,-6.05133875617168,0.0284658177528201,NA,0,-5.96557539347347,0.041501110860366,1,NA,0,0.0284470377165347,0.0284658177528201,-6.05082,3,3,3,3
"251,501,751",0,3,2.39206962713974,NA,0.0197084084174332,0.0196991672703912,0,-6.35762079976402,"",0,-6.35743393196982,0.0196991672703912,NA,0,1.54582297261605,-0.10649494617497,1,NA,0,0.0197084084174332,0.0196991672703912,-6.35762,3,3,3,3
"251,501,751",0,3,78.6644325095273,NA,-0.00406018458980417,-0.00400311887722422,0,31.1110743285953,"",0,31.1113141234877,-0.00400311887722422,NA,0,32.563878898258,-0.0579986896366773,1,NA,0,-0.00406018458980417,-0.00400311887722422,31.11107,3,3,3,3
"251,501,751",0,3,2.32319512455665,NA,0.00936327468146496,0.00935576827984094,0,-5.96209021223785,"",0,-5.96201705299888,0.00935576827984094,NA,0,-5.71282903399164,0.0316888596008515,1,NA,0,0.00936327468146496,0.00935576827984094,-5.96209,3,3,3,3
"251,501,751",0,3,-4.18749724317285,NA,0.00387082001093166,0.0038828380297265,0,-9.03365411066001,"",0,-9.03369649253234,0.0038828380297265,NA,0,-8.13704432470191,-0.0385023421298635,1,NA,0,0.00387082001093166,0.0038828380297265,-9.03365,3,3,3,3
"251,501,751",0,3,77.3596032046016,NA,-0.0103391478854221,-0.0103381693520799,0,31.7157440440771,"",0,31.7157548746842,-0.0103381693520799,NA,0,32.8499804352593,-0.0579923575520443,1,NA,0,-0.0103391478854221,-0.0103381693520799,31.71574,3,3,3,3
"251,501,751",0,3,10.7304374120936,NA,-0.0467887020235847,-0.0468295519241124,0,-2.90133826736835,"",0,-2.9031312215949,-0.0468295519241124,NA,0,0.632599718715179,0.0374494612379177,1,NA,0,-0.0467887020235847,-0.0468295519241124,-2.90134,3,3,3,3
"251,501,751",0,3,70.3677429531335,NA,-0.0297611647640727,-0.0297904845688685,0,27.4936229056966,"",0,27.4927468087239,-0.0297904845688685,NA,0,28.8860778046705,-0.082525396571868,1,NA,0,-0.0297611647640727,-0.0297904845688685,27.49362,3,3,3,3
"251,501,751",0,3,40.9771524671447,NA,0.00962026546676296,0.00960064661842809,0,12.6901385775809,"",0,12.6903349413399,0.00960064661842809,NA,0,13.9133669076439,0.0591372641153189,1,NA,0,0.00962026546676296,0.00960064661842809,12.69014,3,3,3,3
"251,501,751",0,3,90.7313600652042,NA,0.00544550041145176,0.00547372456264647,0,38.3726980341286,"",0,38.3725459836988,0.00547372456264647,NA,0,57.7398804408785,0.204161247900196,1,NA,0,0.00544550041145176,0.00547372456264647,38.3727,3,3,3,3
"251,501,751",0,3,19.2646224630593,NA,-0.0268854060867809,-0.0269087331819463,0,2.16382226181218,"",0,2.16323391490812,-0.0269087331819463,NA,0,2.36381663786404,-0.00684065107201925,1,NA,0,-0.0268854060867809,-0.0269087331819463,2.16382,3,3,3,3
"251,501,751",0,3,96.0563763522735,NA,-0.0224789018803214,-0.0224871709876542,0,35.9740815795396,"",0,35.9739003789756,-0.0224871709876542,NA,0,38.1477659766249,0.0434117809133701,1,NA,0,-0.0224789018803214,-0.0224871709876542,35.97408,3,3,3,3
"251,501,751",0,3,70.7084377679714,NA,0.0108474021969357,0.0108481775955752,0,28.3108822373393,"",0,28.3108745902123,0.0108481775955752,NA,0,28.9000387007644,-0.0235192972878313,1,NA,0,0.0108474021969357,0.0108481775955752,28.31088,3,3,3,3
"251,501,751",0,3,-68.8224003817216,NA,0.0130838427574551,0.0130839427964512,0,-41.4044716850705,"",0,-41.4044797542614,0.0130839427964512,NA,0,-41.398839862274,0.0097233540303221,1,NA,0,0.0130838427574551,0.0130839427964512,-41.40447,3,3,3,3
"251,501,751",0,3,13.1158267288187,NA,-0.0458226384496565,-0.0458233029462726,0,-1.40093781050286,"",0,-1.40098205087152,-0.0458233029462726,NA,0,-0.651369351101763,-0.0845185011081567,1,NA,0,-0.0458226384496565,-0.0458233029462726,-1.40094,3,3,3,3
"251,501,751",0,3,119.362115016941,NA,-0.0435593452309194,-0.0436619547560921,0,51.0152518124618,"",0,51.0107432127053,-0.0436619547560921,NA,0,69.6633132306876,0.151146873603375,1,NA,0,-0.0435593452309194,-0.0436619547560921,51.01525,3,3,3,3
"251,501,751",0,3,35.0392743865758,NA,0.0118444963413253,0.0118336833766261,0,10.015891992161,"",0,10.0160183013878,0.0118336833766261,NA,0,16.090500790997,0.122335157044373,1,NA,0,0.0118444963413253,0.0118336833766261,10.01589,3,3,3,3
"251,501,751",0,3,100.580941386922,NA,0.0452223869639215,0.0453246792506832,0,40.2893827684306,"",0,40.284873983613,0.0453246792506832,NA,0,40.781284866792,0.0135939438694632,1,NA,0,0.0452223869639215,0.0453246792506832,40.28938,3,3,3,3
"251,501,751",0,3,-32.1664327401227,NA,-0.00347314115278004,-0.00346084282720466,0,-23.2324296722126,"",0,-23.2323830175008,-0.00346084282720466,NA,0,-18.4668961070181,-0.101526383805353,1,NA,0,-0.00347314115278004,-0.00346084282720466,-23.23243,3,3,3,3
"251,501,751",0,3,-25.4781503730512,NA,0.0381665121326463,0.0381605440653775,0,-22.9373422108684,"",0,-22.9371108020361,0.0381605440653775,NA,0,-22.8176018870606,0.0533818042052354,1,NA,0,0.0381665121326463,0.0381605440653775,-22.93734,3,3,3,3
"251,501,751",0,3,29.6359921316772,NA,-0.0274891874966478,-0.0275006924724673,0,6.57961643857573,"",0,6.57928640520582,-0.0275006924724673,NA,0,13.1358924677995,-0.142366788472513,1,NA,0,-0.0274891874966478,-0.0275006924724673,6.57962,3,3,3,3
"251,501,751",0,3,10.5232567806988,NA,-0.00812389494705877,-0.00812815775602939,0,-1.69092297025423,"",0,-1.6909500390263,-0.00812815775602939,NA,0,8.75986036581919,0.137285076516693,1,NA,0,-0.00812389494705877,-0.00812815775602939,-1.69092,3,3,3,3
"251,501,751",0,3,-59.6967590688687,NA,-0.0223901033944958,-0.0223905126388061,0,-37.0101279930837,"",0,-37.0101374773438,-0.0223905126388061,NA,0,-35.5470841207558,0.031729609616572,1,NA,0,-0.0223901033944958,-0.0223905126388061,-37.01013,3,3,3,3
"251,501,751",0,3,35.409416459523,NA,-0.0258788016496,-0.0258549833719795,0,9.82178547663207,"",0,9.82241499425465,-0.0258549833719795,NA,0,11.905794251489,0.0387309952848747,1,NA,0,-0.0258788016496,-0.0258549833719795,9.82179,3,3,3,3
"251,501,751",0,3,141.222565244859,NA,-3.33953320511385e-05,3.87625064007543e-06,0,62.8287794011613,"",0,62.8287813367938,3.87625064007454e-06,NA,0,76.6921971404947,-0.167562093609716,1,NA,0,-3.33953320511385e-05,3.87625064007543e-06,62.82878,3,3,3,3
"251,501,751",0,3,10.5129250700078,NA,-0.0580446223720529,-0.0580923445412302,0,-4.26751415766082,"",0,-4.27028534343354,-0.0580923445412302,NA,0,-4.26045110296702,-0.053510007749504,1,NA,0,-0.0580446223720529,-0.0580923445412302,-4.26751,3,3,3,3
"251,501,751",0,3,-7.63409578427945,NA,-0.0256717425448961,-0.0256715368547907,0,-11.0547681418979,"",0,-11.0547636915056,-0.0256715368547907,NA,0,-9.77420925180446,0.0249517998550539,1,NA,0,-0.0256717425448961,-0.0256715368547907,-11.05477,3,3,3,3
"251,501,751",0,3,113.853568256615,NA,0.0179880657466446,0.0179936046166768,0,49.8351405606433,"",0,49.8350265228156,0.0179936046166768,NA,0,49.9477753530017,0.0330084683881877,1,NA,0,0.0179880657466446,0.0179936046166768,49.83514,3,3,3,3
"251,501,751",0,3,-26.7627885050387,NA,-0.000733791235676603,-0.000739495825288432,0,-20.6350019192828,"974",1,-24.2981109952863,-0.0170678698310746,"974",1,-23.7524534309769,-0.0501480016642054,1,NA,0,-0.000733791235676603,-0.000739495825288432,-20.635,3,2.223,2.223,3
"251,501,751",0,3,-26.9692725766051,NA,-0.0307096658157784,-0.0307137011747619,0,-21.1430104332018,"",0,-21.143132911238,-0.0307137011747619,NA,0,-20.2068050197352,-0.0739561145300557,1,NA,0,-0.0307096658157784,-0.0307137011747619,-21.14301,3,3,3,3
"251,501,751",0,3,31.671638822879,NA,-0.0398818469275445,-0.0398528769144687,0,7.81905258906844,"",0,7.8201559437956,-0.0398528769144687,NA,0,9.76342738628549,-0.102230583906924,1,NA,0,-0.0398818469275445,-0.0398528769144687,7.81905,3,3,3,3
"251,501,751",0,3,4.91191590824323,NA,-0.0242193982386629,-0.0242770342886056,0,-5.69371463965286,"",0,-5.69506717718838,-0.0242770342886056,NA,0,-4.02437476351892,-0.0819987146400285,1,NA,0,-0.0242193982386629,-0.0242770342886056,-5.69371,3,3,3,3
"251,501,751",0,3,18.5884005243333,NA,0.00558424161565107,0.00568809102790007,0,-3.77549853234197,"",0,-3.77606875178633,0.00568809102790007,NA,0,-1.23687287341756,0.0764465746914387,1,NA,0,0.00558424161565107,0.00568809102790007,-3.7755,3,3,3,3
"251,501,751",0,3,28.1645659729865,NA,0.00524086487575551,0.0052784480868794,0,5.63961312578839,"",0,5.63941307960726,0.0052784480868794,NA,0,5.69154294650217,0.0154288319365019,1,NA,0,0.00524086487575551,0.0052784480868794,5.63961,3,3,3,3
"251,501,751",0,3,23.2606187128448,NA,-0.0441187286802061,-0.0440609899693975,0,0.6951244981298,"",0,0.697702850093814,-0.0440609899693975,NA,0,3.01441354034918,0.0240941884739205,1,NA,0,-0.0441187286802061,-0.0440609899693975,0.69512,3,3,3,3
"251,501,751",0,3,67.4528457780271,NA,-0.0290818917169835,-0.0290802373361715,0,26.3156407853857,"79,112",2,31.8594353617977,-0.042485178386734,NA,0,26.5473884039747,-0.0505955884297584,1,NA,0,-0.0290818917169835,-0.0290802373361715,26.31564,3,1.311,3,3
"251,501,751",0,3,42.9775792726582,NA,-0.035819883563076,-0.035877131950697,0,13.3773524535888,NA,0,13.3751989940575,-0.035877131950697,NA,0,15.6099613565114,-0.102728400293512,1,NA,0,-0.035819883563076,-0.035877131950697,13.37735,3,3,3,3
"251,501,751",0,3,38.1145677298647,NA,-0.0306032188257205,-0.0306005694130248,0,11.3409245145607,NA,0,11.3410021205973,-0.0306005694130248,NA,0,11.4970514798566,-0.0129224957567008,1,NA,0,-0.0306032188257205,-0.0306005694130248,11.34092,3,3,3,3
"251,501,751",0,3,-40.4353707048445,NA,0.0147335153945552,0.0147259497430198,0,-27.3259392074271,NA,0,-27.3258255925247,0.0147259497430198,NA,0,-19.6308695987454,0.139244799923004,1,NA,0,0.0147335153945552,0.0147259497430198,-27.32594,3,3,3,3
"251,501,751",0,3,42.5831416866551,NA,0.0119147708178545,0.0119073063155711,0,14.289053551698,NA,0,14.2891615858085,0.0119073063155711,NA,0,14.4024358844053,-0.00315471168837878,1,NA,0,0.0119147708178545,0.0119073063155711,14.28905,3,3,3,3
"251,501,751",0,3,68.8602430245311,NA,-0.00875437351409739,-0.00875484635197453,0,27.4830419539313,NA,0,27.4830348498111,-0.00875484635197453,NA,0,40.6047475019478,-0.171895556853342,1,NA,0,-0.00875437351409739,-0.00875484635197453,27.48304,3,3,3,3
"251,501,751",0,3,59.6297181624699,NA,-0.000606851246480414,-0.000585233287659266,0,21.413715665311,NA,0,21.4137287468509,-0.000585233287659268,NA,0,22.7685610590389,-0.052639695490683,1,NA,0,-0.000606851246480414,-0.000585233287659266,21.41372,3,3,3,3
"251,501,751",0,3,27.9272322353909,NA,-0.00185733972273885,-0.00190014516519719,0,6.43526741813194,NA,0,6.43518522332605,-0.00190014516519718,NA,0,6.69933927296042,-0.0248641376924341,1,NA,0,-0.00185733972273885,-0.00190014516519719,6.43527,3,3,3,3
"251,501,751",0,3,11.0693593552028,NA,0.0113425687390236,0.011341174706743,0,-1.43801254164061,NA,0,-1.43799204920445,0.011341174706743,NA,0,-0.636955699754171,-0.0286988837050283,1,NA,0,0.0113425687390236,0.011341174706743,-1.43801,3,3,3,3
"251,501,751",0,3,28.8201366413346,NA,0.031187090409933,0.0312018625833974,0,6.92387533273197,NA,0,6.923394186579,0.0312018625833974,NA,0,7.65826588580472,0.0695166816230992,1,NA,0,0.031187090409933,0.0312018625833974,6.92388,3,3,3,3
"251,501,751",0,3,-57.7433063524046,NA,0.00650691212413019,0.00649273632171804,0,-36.2727676371012,NA,0,-36.2726753696682,0.00649273632171804,NA,0,-34.2963322890172,-0.0564007633067054,1,NA,0,0.00650691212413019,0.00649273632171804,-36.27277,3,3,3,3
"251,501,751",0,3,49.8565475462796,NA,0.0151887145118809,0.0151920176090069,0,17.1974971295359,NA,0,17.1974451149251,0.0151920176090069,NA,0,19.1779038253618,-0.0478354636237349,1,NA,0,0.0151887145118809,0.0151920176090069,17.1975,3,3,3,3
"251,501,751",0,3,-6.19583558317455,NA,-0.0186738904593771,-0.0186756950305812,0,-10.4390712297439,NA,0,-10.4391044435684,-0.0186756950305812,NA,0,-8.97767936209908,-0.0727460099957935,1,NA,0,-0.0186738904593771,-0.0186756950305812,-10.43907,3,3,3,3
"251,501,751",0,3,-25.7291103211773,NA,-0.0269706981812833,-0.0269872599793132,0,-20.5707226751439,NA,0,-20.5711660941658,-0.0269872599793132,NA,0,-19.7107940018739,0.0145197603883653,1,NA,0,-0.0269706981812833,-0.0269872599793132,-20.57072,3,3,3,3
"251,501,751",0,3,76.5783831799388,NA,0.00124887879018773,0.00126774005484394,0,31.2319276381788,NA,0,31.2319024671087,0.00126774005484394,NA,0,31.4096585829226,0.0201195925792175,1,NA,0,0.00124887879018773,0.00126774005484394,31.23193,3,3,3,3
"251,501,751",0,3,92.5196646227126,NA,-0.0133623338055397,-0.0134007022789259,0,38.6270641587713,NA,0,38.6265653049224,-0.0134007022789259,NA,0,58.0132488610521,0.185415589160204,1,NA,0,-0.0133623338055397,-0.0134007022789259,38.62706,3,3,3,3
"251,501,751",0,3,37.208491011887,NA,-0.0199673613337628,-0.0199668591086901,0,11.4835766307494,NA,0,11.4835855766644,-0.0199668591086901,NA,0,30.6072018061525,0.177471308387858,1,NA,0,-0.0199673613337628,-0.0199668591086901,11.48358,3,3,3,3
"251,501,751",0,3,-53.4029817884224,NA,-0.0122398203331552,-0.0122301385193269,0,-33.7714012548924,NA,0,-33.7712909974672,-0.0122301385193269,NA,0,-32.9852046153881,0.0274380108148851,1,NA,0,-0.0122398203331552,-0.0122301385193269,-33.7714,3,3,3,3
"251,501,751",0,3,28.9492182621617,NA,0.00560849737854207,0.00559809969103238,0,7.51025300591485,NA,0,7.510316952156,0.00559809969103237,NA,0,7.58635776021556,0.0179445971872405,1,NA,0,0.00560849737854207,0.00559809969103238,7.51025,3,3,3,3
"251,501,751",0,3,-5.99826709126824,NA,-0.0363348381371895,-0.0363554425289993,0,-10.6861515544768,NA,0,-10.6868767768141,-0.0363554425289993,NA,0,-5.4835719967674,0.0658849212966752,1,NA,0,-0.0363348381371895,-0.0363554425289993,-10.68615,3,3,3,3
"251,501,751",0,3,36.1616324676503,NA,0.033244307526967,0.0332362278454461,0,10.570644960532,NA,0,10.5709369841859,0.0332362278454461,NA,0,10.6877564897916,0.0485235243317688,1,NA,0,0.033244307526967,0.0332362278454461,10.57064,3,3,3,3
"251,501,751",0,3,-11.5318621424147,NA,0.0592206574526662,0.0592237766746783,0,-14.4630399887197,NA,0,-14.4632108654939,0.0592237766746783,"",0,-3.37819614664772,0.208711858209043,1,NA,0,0.0592206574526662,0.0592237766746783,-14.46304,3,3,3,3
"251,501,751",0,3,-2.05581177505173,NA,0.00111205528072546,0.0011102422815523,0,-7.98340627294547,NA,0,-7.98340441681455,0.0011102422815523,"",0,-6.93014758754219,0.0470443298640322,1,NA,0,0.00111205528072546,0.0011102422815523,-7.98341,3,3,3,3
"251,501,751",0,3,57.1913260278518,NA,-0.0391222284529195,-0.0390980568635912,0,20.8432356063179,NA,0,20.8442016264654,-0.0390980568635912,"",0,21.3702245378901,-0.0715333100634454,1,NA,0,-0.0391222284529195,-0.0390980568635912,20.84324,3,3,3,3
"251,501,751",0,3,73.0343726010655,NA,-0.0350336516041163,-0.0350343036938145,0,28.9003976501531,NA,0,28.9003721154715,-0.0350343036938145,"",0,28.9157509297993,-0.0405706230300394,1,NA,0,-0.0350336516041163,-0.0350343036938145,28.9004,3,3,3,3
"251,501,751",0,3,35.9867658005087,NA,-0.00114893452177174,-0.00110338744353577,0,10.6524575216376,NA,0,10.6525126366666,-0.00110338744353577,"",0,17.071776706501,0.112536853656978,1,NA,0,-0.00114893452177174,-0.00110338744353577,10.65246,3,3,3,3
"251,501,751",0,3,-20.0344782119348,NA,0.00818354868260148,0.0081426836805341,0,-19.1332878904445,NA,0,-19.1329530466825,0.0081426836805341,"",0,-13.8373612791551,-0.0948127831017078,1,NA,0,0.00818354868260148,0.0081426836805341,-19.13329,3,3,3,3
"251,501,751",0,3,45.8809696434715,NA,0.0518836002593187,0.0517243988849528,0,12.0599768868665,NA,0,12.0682135058219,0.0517243988849528,"",0,15.8752472582005,-0.0354672629152344,1,NA,0,0.0518836002593187,0.0517243988849528,12.05998,3,3,3,3
"251,501,751",0,3,-26.0974522636447,NA,-0.0112155441598743,-0.0111704917940224,0,-20.3707615897852,NA,0,-20.3702282068237,-0.0111704917940224,"",0,25.5810769418525,0.299277631441627,1,NA,0,-0.0112155441598743,-0.0111704917940224,-20.37076,3,3,3,3
"251,501,751",0,3,-22.5029052109163,NA,-0.00805738479324832,-0.00805132580119141,0,-18.6376002871919,NA,0,-18.6375504349332,-0.00805132580119141,"",0,-14.5382615386086,0.0826584376206947,1,NA,0,-0.00805738479324832,-0.00805132580119141,-18.6376,3,3,3,3
"251,501,751",0,3,8.81624759927625,NA,0.0402619221431236,0.0402718798688402,0,-3.31907767853432,NA,0,-3.31952029582951,0.0402718798688402,"",0,3.70644329994031,0.159132989260642,1,NA,0,0.0402619221431236,0.0402718798688402,-3.31908,3,3,3,3
"251,501,751",0,3,34.8450090410626,NA,-0.0292633754585737,-0.0292431885122667,0,9.94664068380208,NA,0,9.94725421615986,-0.0292431885122667,"",0,48.3763869847928,0.25328999402321,1,NA,0,-0.0292633754585737,-0.0292431885122667,9.94664,3,3,3,3
"251,501,751",0,3,35.3141127957627,NA,-0.0295327662472469,-0.0294700496854848,0,7.31204640146744,NA,0,7.31390195398401,-0.0294700496854848,"316,319",2,8.79426195608712,-0.139281088758259,1,NA,0,-0.0295327662472469,-0.0294700496854848,7.31205,3,3,1.133,3
"251,501,751",0,3,85.2399181247165,NA,0.00593329396495677,0.0059249881350693,0,35.6847742327142,NA,0,35.6848177526881,0.0059249881350693,"",0,36.6640331900114,0.050213786047643,1,NA,0,0.00593329396495677,0.0059249881350693,35.68477,3,3,3,3
"251,501,751",0,3,23.4407811498488,NA,0.0144900480724024,0.0144677682293236,0,4.21358904214467,NA,0,4.21392438368912,0.0144677682293235,"",0,4.23708270977612,0.0212819379903944,1,NA,0,0.0144900480724024,0.0144677682293236,4.21359,3,3,3,3
"251,501,751",0,3,96.1673786064288,NA,-0.0079515937611969,-0.00794585385620747,0,41.1052058825364,NA,0,41.1052524658853,-0.00794585385620747,"",0,42.0944702710584,-0.0524501378560266,1,NA,0,-0.0079515937611969,-0.00794585385620747,41.10521,3,3,3,3
"251,501,751",0,3,24.2455452415826,NA,0.0147667103377419,0.0147339748977199,0,4.17837843361168,NA,0,4.17886258079358,0.01473397489772,"",0,9.15344360640777,0.114630061564288,1,NA,0,0.0147667103377419,0.0147339748977199,4.17838,3,3,3,3
"251,501,751",0,3,-31.5069992625642,NA,0.0526530273347809,0.0527171310585755,0,-24.518112490463,NA,0,-24.5212471063114,0.0527171310585755,"",0,-12.1081683508693,-0.106029904710407,1,NA,0,0.0526530273347809,0.0527171310585755,-24.51811,3,3,3,3
"251,501,751",0,3,62.4423608451353,NA,0.0211630041078577,0.0211632204187738,0,24.0497459836171,NA,0,24.0497410773887,0.0211632204187738,"",0,24.3727538903534,0.0465784726868121,1,NA,0,0.0211630041078577,0.0211632204187738,24.04975,3,3,3,3
"251,501,751",0,3,-52.3766150827852,NA,0.0106178355094452,0.0106464490065399,0,-33.4809759870192,NA,0,-33.4812634464535,0.0106464490065399,"",0,-33.2671329747499,0.0313179375964066,1,NA,0,0.0106178355094452,0.0106464490065399,-33.48098,3,3,3,3
"251,501,751",0,3,41.1714974885312,NA,0.022358450375578,0.0223583732315035,0,13.428766905448,NA,0,13.4287300661382,0.0223583732315035,"",0,18.3023824856617,0.121451506206651,1,NA,0,0.022358450375578,0.0223583732315035,13.42877,3,3,3,3
"251,501,751",0,3,72.6882125208437,NA,-0.0602369632667125,-0.060226290488533,0,27.0930020420528,NA,0,27.0936424795309,-0.060226290488533,NA,0,27.3382007991913,-0.0381066933649479,1,NA,0,-0.0602369632667125,-0.060226290488533,27.093,3,3,3,3
"251,501,751",0,3,-32.0358354330545,NA,-0.0697016699400797,-0.0697034763395709,0,-25.6064103784696,NA,0,-25.6065352871283,-0.0697034763395709,NA,0,-23.9452500972481,-0.0121321144450365,1,NA,0,-0.0697016699400797,-0.0697034763395709,-25.60641,3,3,3,3
"251,501,751",0,3,24.7570159958899,NA,0.0269811668701434,0.0269460601774809,0,4.65623325600429,NA,0,4.6571808947709,0.0269460601774809,NA,0,7.5128696445762,-0.0486632248896102,1,NA,0,0.0269811668701434,0.0269460601774809,4.65623,3,3,3,3
"251,501,751",0,3,81.6006803374575,NA,0.00295084833512293,0.00293955570245256,0,33.6315361667021,NA,0,33.6315701375655,0.00293955570245257,NA,0,35.4066364286055,0.0625747084993766,1,NA,0,0.00295084833512293,0.00293955570245256,33.63154,3,3,3,3
"251,501,751",0,3,16.63705050282,NA,-0.013230860505303,-0.0132292040331955,0,1.14507886811228,NA,0,1.14510150541795,-0.0132292040331955,NA,0,2.45363544439557,0.0379631377121237,1,NA,0,-0.013230860505303,-0.0132292040331955,1.14508,3,3,3,3
"251,501,751",0,3,7.29007659164309,NA,-0.0186129670537906,-0.0185878145318172,0,-5.12820968227013,NA,0,-5.12776297081272,-0.0185878145318172,NA,0,-0.568117095368843,0.0772055856840081,1,NA,0,-0.0186129670537906,-0.0185878145318172,-5.12821,3,3,3,3
"251,501,751",0,3,19.4487239486941,NA,-0.0561285636815185,-0.0561201382283313,0,-0.0357006694713258,NA,0,-0.0352353674171235,-0.0561201382283313,NA,0,0.184023717039207,-0.0350971196288939,1,NA,0,-0.0561285636815185,-0.0561201382283313,-0.0357,3,3,3,3
"251,501,751",0,3,-40.0135297519502,NA,0.0381196308246492,0.038075564300975,0,-30.4775952875375,NA,0,-30.4759636599609,0.038075564300975,NA,0,-27.0423705825443,0.120748839998817,1,NA,0,0.0381196308246492,0.038075564300975,-30.4776,3,3,3,3
"251,501,751",0,3,22.7316646397039,NA,0.018763298584124,0.0188299227148198,0,3.42075071247875,NA,0,3.4195093586443,0.0188299227148198,NA,0,5.10706982857201,0.0768163994850477,1,NA,0,0.018763298584124,0.0188299227148198,3.42075,3,3,3,3
"251,501,751",0,3,-3.74444602902673,NA,0.0142238716884931,0.0142278333368816,0,-9.13379981599043,NA,0,-9.13386255820588,0.0142278333368816,NA,0,-5.47461706187801,0.100109321061493,1,NA,0,0.0142238716884931,0.0142278333368816,-9.1338,3,3,3,3
"251,501,751",0,3,12.4843863345228,NA,0.0318120902265702,0.031811768488793,0,-1.20483579999701,NA,0,-1.20482642117028,0.031811768488793,NA,0,0.620324320670539,0.0923183185459484,1,NA,0,0.0318120902265702,0.031811768488793,-1.20484,3,3,3,3
"251,501,751",0,3,85.3828648794065,NA,0.00548255860374853,0.00548453372055431,0,34.7587853408786,NA,0,34.7587743921342,0.00548453372055431,NA,0,35.1558208454208,0.0336342123347637,1,NA,0,0.00548255860374853,0.00548453372055431,34.75879,3,3,3,3
"251,501,751",0,3,48.3388185890683,NA,0.0138518959872056,0.0138468778104319,0,17.0828489236258,NA,0,17.0829160567105,0.0138468778104319,NA,0,17.3432165018604,-0.00896799798703163,1,NA,0,0.0138518959872056,0.0138468778104319,17.08285,3,3,3,3
"251,501,751",0,3,-32.5587509047645,NA,-0.0157683781949994,-0.0158169108675815,0,-25.0620473694845,NA,0,-25.0627976904419,-0.0158169108675815,NA,0,-24.5510297350023,-0.0476666540969809,1,NA,0,-0.0157683781949994,-0.0158169108675815,-25.06205,3,3,3,3
"251,501,751",0,3,71.7534489178859,NA,-0.000301774261810181,-0.0003046276210117,0,28.9601400982193,NA,0,28.9601388970983,-0.0003046276210117,NA,0,29.4181756128554,-0.0306184775946837,1,NA,0,-0.000301774261810181,-0.0003046276210117,28.96014,3,3,3,3
"251,501,751",0,3,-13.8043568309863,NA,0.00543997632774667,0.00544101654553156,0,-15.2482614461653,NA,0,-15.2482670185338,0.00544101654553156,NA,0,-14.5821174923717,-0.0310371134676454,1,NA,0,0.00543997632774667,0.00544101654553156,-15.24826,3,3,3,3
"251,501,751",0,3,112.359007964839,NA,0.0566171402124251,0.0566044395091043,0,47.6401678953062,NA,0,47.6407746035752,0.0566044395091043,NA,0,50.256186535331,0.128963145028296,1,NA,0,0.0566171402124251,0.0566044395091043,47.64017,3,3,3,3
"251,501,751",0,3,-6.49836615541822,NA,-0.011430975706679,-0.0114252933644309,0,-10.2601605154118,NA,0,-10.2600916189503,-0.0114252933644309,NA,0,-1.96957527161502,0.117877983931024,1,NA,0,-0.011430975706679,-0.0114252933644309,-10.26016,3,3,3,3
"251,501,751",0,3,66.9772794258204,NA,-0.0156028371450039,-0.015602548323642,0,26.4459686201548,NA,0,26.4459732813237,-0.015602548323642,NA,0,27.1495355653351,-0.0531228111801161,1,NA,0,-0.0156028371450039,-0.015602548323642,26.44597,3,3,3,3
"251,501,751",0,3,-31.3022535918058,NA,0.0648562745951577,0.0648428258402184,0,-24.7902043946342,NA,0,-24.7893401348223,0.0648428258402184,NA,0,-24.7816893799174,0.0687437965058839,1,NA,0,0.0648562745951577,0.0648428258402184,-24.7902,3,3,3,3
"251,501,751",0,3,51.3851202161686,NA,0.0109363272957928,0.0109374601524381,0,18.6992066423254,NA,0,18.6991954718869,0.0109374601524381,NA,0,22.1244838785321,0.0938613961503798,1,NA,0,0.0109363272957928,0.0109374601524381,18.69921,3,3,3,3
"251,501,751",0,3,11.1624804279281,NA,0.0158323904127469,0.0158280268375667,0,-1.46019970390503,NA,0,-1.46010561767137,0.0158280268375667,NA,0,5.41127442765679,-0.101929021124426,1,NA,0,0.0158323904127469,0.0158280268375667,-1.4602,3,3,3,3
"251,501,751",0,3,-5.28925566059751,NA,0.0342189608265094,0.0341819912886028,0,-10.3319228522402,NA,0,-10.3306492211192,0.0341819912886028,NA,0,-4.56579607787945,-0.0733978904577316,1,NA,0,0.0342189608265094,0.0341819912886028,-10.33192,3,3,3,3
"251,501,751",0,3,2.06705181129087,NA,-0.0192145292010457,-0.0192119656982053,0,-6.07292318993272,NA,0,-6.07286805405997,-0.0192119656982053,NA,0,-4.54859657430065,-0.074470349436073,1,NA,0,-0.0192145292010457,-0.0192119656982053,-6.07292,3,3,3,3
"251,501,751",0,3,43.4731030658994,NA,0.0568309926932984,0.056843833212613,0,12.9890983600663,NA,0,12.9883436227738,0.056843833212613,NA,0,30.3696165816744,-0.130970133044185,1,NA,0,0.0568309926932984,0.056843833212613,12.9891,3,3,3,3
"251,501,751",0,3,26.6207803708424,NA,0.0231857153829713,0.0231674778789549,0,5.36455459409591,NA,0,5.364987719143,0.023167477878955,NA,0,5.39220437641785,0.01577370011246,1,NA,0,0.0231857153829713,0.0231674778789549,5.36455,3,3,3,3
"251,501,751",0,3,26.0656395092075,NA,0.0651603514385186,0.0651101671653592,0,3.63903894625818,NA,0,3.64242172550056,0.0651101671653592,NA,0,4.09218067778316,0.0950457583415982,1,NA,0,0.0651603514385186,0.0651101671653592,3.63904,3,3,3,3
"251,501,751",0,3,107.322327969799,NA,-0.0226611297882916,-0.0226833809248701,0,46.2518336757187,NA,0,46.2513041930713,-0.0226833809248701,NA,0,46.2688916236757,-0.0167170335195017,1,NA,0,-0.0226611297882916,-0.0226833809248701,46.25183,3,3,3,3
"251,501,751",0,3,-3.87086959400485,NA,-0.0228223106266213,-0.0228164029889993,0,-9.2180533543514,NA,0,-9.2179137648151,-0.0228164029889993,NA,0,4.41142126050849,0.14337914396446,1,NA,0,-0.0228223106266213,-0.0228164029889993,-9.21805,3,3,3,3
"251,501,751",0,3,47.9644873460682,NA,0.0340799474144734,0.0340433481769673,0,16.3766324262216,NA,0,16.3779364932492,0.0340433481769673,NA,0,16.424271071464,0.0436936062974245,1,NA,0,0.0340799474144734,0.0340433481769673,16.37663,3,3,3,3
"251,501,751",0,3,2.29680329034494,NA,0.0266298991039339,0.0266340621096243,0,-6.22993780032295,NA,0,-6.23005181794244,0.0266340621096243,NA,0,-5.77830197147587,-0.00343025641886385,1,NA,0,0.0266298991039339,0.0266340621096243,-6.22994,3,3,3,3
"251,501,751",0,3,14.0411820217669,NA,0.00485976192430701,0.00485978795213403,0,0.0978876956268362,NA,0,0.0978875687785035,0.00485978795213403,NA,0,0.236744467768774,-0.0118059293129794,1,NA,0,0.00485976192430701,0.00485978795213403,0.09789,3,3,3,3
"251,501,751",0,3,119.242523992847,NA,0.0119685508327145,0.012055405378832,0,51.89968255745,NA,0,51.8986427125934,0.012055405378832,NA,0,53.9934826483607,-0.0527937608532341,1,NA,0,0.0119685508327145,0.012055405378832,51.89968,3,3,3,3
"251,501,751",0,3,165.889799987512,NA,0.0100610439778895,0.0100335417349826,0,75.0051221164421,NA,0,75.0053959998943,0.0100335417349826,NA,0,79.4041845525534,-0.083872392135245,1,NA,0,0.0100610439778895,0.0100335417349826,75.00512,3,3,3,3
"251,501,751",0,3,103.839996917643,NA,0.0292018182908827,0.0292004163035187,0,44.5854715742376,NA,0,44.5855499071939,0.0292004163035187,NA,0,48.9934289247894,-0.0649223042077934,1,NA,0,0.0292018182908827,0.0292004163035187,44.58547,3,3,3,3
"251,501,751",0,3,-20.8052953830156,NA,-0.0155800451554314,-0.015573438195527,0,-17.4434712978857,NA,0,-17.4433715841871,-0.015573438195527,NA,0,-16.6502002396781,-0.0554195915201771,1,NA,0,-0.0155800451554314,-0.015573438195527,-17.44347,3,3,3,3
"251,501,751",0,3,32.4633695428766,NA,-0.00963198906360282,-0.0096153564835867,0,9.12293301953879,NA,0,9.12311245896656,-0.0096153564835867,NA,0,9.62738518660458,-0.0414689828862403,1,NA,0,-0.00963198906360282,-0.0096153564835867,9.12293,3,3,3,3
"251,501,751",0,3,74.8230555684514,NA,-0.0348132508031679,-0.0348266441355866,0,29.1134712562885,NA,0,29.1130140163462,-0.0348266441355866,NA,0,37.9414759864561,-0.168075534336105,1,NA,0,-0.0348132508031679,-0.0348266441355866,29.11347,3,3,3,3
"251,501,751",0,3,85.6078813553133,NA,0.00303643240309596,0.00303809817765809,0,35.8274494172983,NA,0,35.8274444727974,0.00303809817765808,NA,0,36.0682860212433,0.0249851551484896,1,NA,0,0.00303643240309596,0.00303809817765809,35.82745,3,3,3,3
"251,501,751",0,3,56.6178726139489,NA,0.0296342195631745,0.0296023444783791,0,19.6700539480441,NA,0,19.6709999884809,0.0296023444783791,NA,0,25.0030513679046,-0.0738068898938946,1,NA,0,0.0296342195631745,0.0296023444783791,19.67005,3,3,3,3
"251,501,751",0,3,4.93288343956805,NA,0.0658104763418716,0.0658119899557443,0,-7.50386245001898,"",0,-7.50396121259974,0.0658119899557443,NA,0,-0.475490041959941,-0.0529468042146194,1,NA,0,0.0658104763418716,0.0658119899557443,-7.50386,3,3,3,3
"251,501,751",0,3,69.8040652337436,NA,-0.00763484994177721,-0.00764193074970016,0,27.9397720049671,"",0,27.9397173006606,-0.00764193074970016,NA,0,27.9563802206609,-0.0018618379850821,1,NA,0,-0.00763484994177721,-0.00764193074970016,27.93977,3,3,3,3
"251,501,751",0,3,-3.88871992433986,NA,0.0095274597907013,0.0095146047254843,0,-8.92771607913912,"60,291,318,591",4,1.03290510668725,-0.0227516920198087,"60",1,-5.91269979632805,-0.0780298657112296,1,NA,0,0.0095274597907013,0.0095146047254843,-8.92772,3,1.383,2.191,3
"251,501,751",0,3,16.470543688297,NA,-0.00648904327933022,-0.00648294457952142,0,1.2390855694644,"",0,1.2391299262244,-0.00648294457952142,NA,0,5.22227157634307,0.08303111575964,1,NA,0,-0.00648904327933022,-0.00648294457952142,1.23909,3,3,3,3
"251,501,751",0,3,30.547040895523,NA,-0.0545565536631643,-0.0545746260944004,0,6.77503262677374,"",0,6.77411338072139,-0.0545746260944004,NA,0,6.79758238155739,-0.0613908676483707,1,NA,0,-0.0545565536631643,-0.0545746260944004,6.77503,3,3,3,3
"251,501,751",0,3,61.2743485558732,NA,0.0195288362188998,0.0195570428918172,0,22.8167690555879,"",0,22.8162117551906,0.0195570428918172,NA,0,26.4086615361867,0.10435091794298,1,NA,0,0.0195288362188998,0.0195570428918172,22.81677,3,3,3,3
"251,501,751",0,3,54.9658957229728,NA,0.0195646098796204,0.0195642722901381,0,20.3715506958822,"",0,20.3715580868339,0.0195642722901381,NA,0,22.5087329607612,-0.0458924271355012,1,NA,0,0.0195646098796204,0.0195642722901381,20.37155,3,3,3,3
"251,501,751",0,3,36.7508737604194,NA,0.0638408148203339,0.063814334809101,0,8.2178921380121,"",0,8.21957103007173,0.063814334809101,NA,0,15.3455272093355,0.183125882610628,1,NA,0,0.0638408148203339,0.063814334809101,8.21789,3,3,3,3
"251,501,751",0,3,68.9533457471229,NA,0.0556660669923974,0.0556166208411585,0,25.3245231847515,"",0,25.3273737464142,0.0556166208411584,NA,0,25.5546419019719,0.0342878795123238,1,NA,0,0.0556660669923974,0.0556166208411585,25.32452,3,3,3,3
"251,501,751",0,3,101.230954727872,NA,0.00392113291386611,0.0039206303222846,0,43.6979409532846,"",0,43.6979424530717,0.0039206303222846,NA,0,45.9748498544133,0.07148729832602,1,NA,0,0.00392113291386611,0.0039206303222846,43.69794,3,3,3,3
"251,501,751",0,3,-5.33141327639059,NA,0.0314183761076067,0.0314082799846651,0,-10.2924677683044,"",0,-10.2921550670303,0.0314082799846651,NA,0,-6.50490415893465,-0.0557339007450911,1,NA,0,0.0314183761076067,0.0314082799846651,-10.29247,3,3,3,3
"251,501,751",0,3,-34.4188017488706,NA,0.0110905956635233,0.01109340877333,0,-24.1833410941818,"",0,-24.1833652208405,0.01109340877333,NA,0,-24.148546240806,0.0194371126677231,1,NA,0,0.0110905956635233,0.01109340877333,-24.18334,3,3,3,3
"251,501,751",0,3,9.24164432963848,NA,0.014555556297162,0.0145562995052633,0,-2.4026245537887,"",0,-2.40263538068401,0.0145562995052633,NA,0,-1.68854019485291,0.0523558014633856,1,NA,0,0.014555556297162,0.0145562995052633,-2.40262,3,3,3,3
"251,501,751",0,3,-9.94867630365861,NA,0.0103526718032569,0.0103538336476052,0,-12.5540177614253,"",0,-12.5540300159906,0.0103538336476052,NA,0,-12.3980008373695,-0.00732024075244297,1,NA,0,0.0103526718032569,0.0103538336476052,-12.55402,3,3,3,3
"251,501,751",0,3,75.8430485192855,NA,-0.00332336575198305,-0.0033177277304317,0,30.4279460336878,"",0,30.427964670539,-0.0033177277304317,NA,0,36.6698576949549,-0.11533626578975,1,NA,0,-0.00332336575198305,-0.0033177277304317,30.42795,3,3,3,3
"251,501,751",0,3,50.1843814161102,NA,-0.00307763492670236,-0.00307888181201608,0,18.1791489314374,"",0,18.1791425829393,-0.00307888181201608,NA,0,19.0818646256506,-0.0455972555892594,1,NA,0,-0.00307763492670236,-0.00307888181201608,18.17915,3,3,3,3
"251,501,751",0,3,73.2219581749925,NA,-0.00602527886266175,-0.00602024116608085,0,29.6543863835351,"",0,29.6544169069746,-0.00602024116608085,NA,0,30.8818134942701,-0.055598818070683,1,NA,0,-0.00602527886266175,-0.00602024116608085,29.65439,3,3,3,3
"251,501,751",0,3,5.25371672077961,NA,0.0146352343546953,0.0146359669076288,0,-4.48323638560517,"",0,-4.48324732019515,0.0146359669076288,NA,0,-3.47664208092217,-0.0302517504643157,1,NA,0,0.0146352343546953,0.0146359669076288,-4.48324,3,3,3,3
"251,501,751",0,3,-36.1627048168175,NA,0.0755271682704805,0.0755117778508025,0,-28.6242584853363,"",0,-28.623086353153,0.0755117778508025,NA,0,-28.0519025051888,0.04172355429282,1,NA,0,0.0755271682704805,0.0755117778508025,-28.62426,3,3,3,3
"251,501,751",0,3,50.5199832497734,NA,-0.0126307987713329,-0.0126096440351191,0,17.9909642384675,"",0,17.9912164427582,-0.0126096440351191,NA,0,17.9918590632,-0.011490118138782,1,NA,0,-0.0126307987713329,-0.0126096440351191,17.99096,3,3,3,3
"251,501,751",0,3,92.1224627528552,NA,-0.0184516764794305,-0.0184511173099192,0,38.9352108692848,NA,0,38.9352217469048,-0.0184511173099192,NA,0,38.9580345584362,-0.025204482549205,1,NA,0,-0.0184516764794305,-0.0184511173099192,38.93521,3,3,3,3
"251,501,751",0,3,-33.2610230542427,NA,0.00974921259822466,0.00974433029865616,0,-24.755062095565,NA,0,-24.7550150465905,0.00974433029865616,NA,0,-18.9662216394046,0.117522738414704,1,NA,0,0.00974921259822466,0.00974433029865616,-24.75506,3,3,3,3
"251,501,751",0,3,20.1603049915151,NA,-0.0141703141740878,-0.0140575402149073,0,1.9959390435087,NA,0,1.99749567779932,-0.0140575402149073,NA,0,2.95216441372242,-0.0578402908076712,1,NA,0,-0.0141703141740878,-0.0140575402149073,1.99594,3,3,3,3
"251,501,751",0,3,85.6600362727205,NA,0.0183186459564936,0.0183048581274041,0,34.6750488133917,NA,0,34.6753029938921,0.0183048581274041,NA,0,35.8107150885688,-0.029344488647127,1,NA,0,0.0183186459564936,0.0183048581274041,34.67505,3,3,3,3
"251,501,751",0,3,25.930086307981,NA,-0.0314164372988973,-0.0314413204734091,0,5.49883848971077,NA,0,5.49800110863368,-0.0314413204734091,NA,0,5.5743068994579,-0.0437629490634623,1,NA,0,-0.0314164372988973,-0.0314413204734091,5.49884,3,3,3,3
"251,501,751",0,3,101.67714829543,NA,0.0440848613189704,0.0440879860683249,0,42.9344642671109,NA,0,42.9343426315459,0.0440879860683249,NA,0,49.1599896863325,-0.0677836333600865,1,NA,0,0.0440848613189704,0.0440879860683249,42.93446,3,3,3,3
"251,501,751",0,3,-19.2013385712383,NA,-0.0213435854800539,-0.0213524676826367,0,-16.8039349951957,NA,0,-16.8041430544082,-0.0213524676826367,NA,0,-14.3605940479461,-0.0913563660258567,1,NA,0,-0.0213435854800539,-0.0213524676826367,-16.80393,3,3,3,3
"251,501,751",0,3,-20.4745759556739,NA,-0.037585223932979,-0.0375508481022402,0,-19.4116836851548,NA,0,-19.4104304904946,-0.0375508481022402,NA,0,-16.0949666976885,-0.118943249681201,1,NA,0,-0.037585223932979,-0.0375508481022402,-19.41168,3,3,3,3
"251,501,751",0,3,62.9378988667977,NA,-0.0201521776275094,-0.0201872305033004,0,24.102713436636,NA,0,24.1020420864951,-0.0201872305033004,NA,0,24.1280079975844,-0.0273503726999778,1,NA,0,-0.0201521776275094,-0.0201872305033004,24.10271,3,3,3,3
"251,501,751",0,3,-43.8824146692321,NA,-0.00299808208776465,-0.00299543006862668,0,-28.8598431800644,NA,0,-28.8598368360848,-0.00299543006862668,NA,0,-16.6195483250087,0.154466291506094,1,NA,0,-0.00299808208776465,-0.00299543006862668,-28.85984,3,3,3,3
"251,501,751",0,3,39.0008402784331,NA,-0.000620036470375391,-0.000620443121331793,0,12.5924371111151,NA,0,12.5924378494006,-0.000620443121331793,NA,0,20.6101195133999,-0.127828804885874,1,NA,0,-0.000620036470375391,-0.000620443121331793,12.59244,3,3,3,3
"251,501,751",0,3,41.8289845454912,NA,0.0364953501079671,0.036467968254845,0,12.5401262012951,NA,0,12.5411148522866,0.036467968254845,NA,0,16.8343619547799,0.129174562354607,1,NA,0,0.0364953501079671,0.036467968254845,12.54013,3,3,3,3
"251,501,751",0,3,-36.4190696871654,NA,-0.0234543324700926,-0.0234560106016943,0,-25.3954460480548,NA,0,-25.3955021303347,-0.0234560106016943,NA,0,-19.9316747892657,-0.128304612927737,1,NA,0,-0.0234543324700926,-0.0234560106016943,-25.39545,3,3,3,3
"251,501,751",0,3,26.6711803187053,NA,0.0016553753265521,0.00164656949697728,0,5.4780724202974,NA,0,5.47808731701105,0.00164656949697728,NA,0,9.49139179975796,-0.0880764461651597,1,NA,0,0.0016553753265521,0.00164656949697728,5.47807,3,3,3,3
"251,501,751",0,3,58.6076293198551,NA,0.00113015954329236,0.00114032787284325,0,22.1427152706478,NA,0,22.1427034505587,0.00114032787284325,NA,0,24.4678907399591,0.0694054588685364,1,NA,0,0.00113015954329236,0.00114032787284325,22.14272,3,3,3,3
"251,501,751",0,3,18.952250408274,NA,0.00421110132582223,0.00422324219352411,0,-0.100398272983706,NA,0,-0.100449495791078,0.00422324219352411,NA,0,13.8269089729186,-0.163476034708953,1,NA,0,0.00421110132582223,0.00422324219352411,-0.1004,3,3,3,3
"251,501,751",0,3,16.5842788637345,NA,-0.0495207139397243,-0.0495202597571773,0,0.157833680593409,NA,0,0.157879316810245,-0.0495202597571773,NA,0,6.58340556059814,0.0641362871854712,1,NA,0,-0.0495207139397243,-0.0495202597571773,0.15783,3,3,3,3
"251,501,751",0,3,19.5822659662489,NA,-0.00394047778099678,-0.00394270931785212,0,2.79767238031958,NA,0,2.79766526528932,-0.00394270931785212,NA,0,3.62063968536207,0.0367631238859858,1,NA,0,-0.00394047778099678,-0.00394270931785212,2.79767,3,3,3,3
"251,501,751",0,3,24.7105149784084,NA,-0.0329975160396817,-0.0330480346638976,0,2.94446364680508,NA,0,2.94282386368771,-0.0330480346638976,NA,0,7.70541934731388,-0.130481367132107,1,NA,0,-0.0329975160396817,-0.0330480346638976,2.94446,3,3,3,3
"251,501,751",0,3,-36.7880624965444,NA,0.0190998374702964,0.0190949215782951,0,-25.5661965431127,NA,0,-25.5660950505298,0.0190949215782951,NA,0,-23.1877194511147,0.0881720568652185,1,NA,0,0.0190998374702964,0.0190949215782951,-25.5662,3,3,3,3
"251,501,751",0,3,106.711522077253,NA,0.0735985841926741,0.0736545405081315,0,42.6922711900925,NA,0,42.688267411319,0.0736545405081315,NA,0,45.8504793483343,-0.00597637225603964,1,NA,0,0.0735985841926741,0.0736545405081315,42.69227,3,3,3,3
"251,501,751",0,3,78.8026963369708,NA,0.0136011205306096,0.0135810359203681,0,32.3223207682476,NA,0,32.3225844428053,0.0135810359203681,NA,0,32.9237704715592,0.0482822605145949,1,NA,0,0.0136011205306096,0.0135810359203681,32.32232,3,3,3,3
"251,501,751",0,3,47.0035388172881,NA,-0.0282178674829355,-0.0282095417409642,0,16.0530242494041,NA,0,16.0532569865008,-0.0282095417409642,NA,0,16.0866810312725,-0.0200380770412588,1,NA,0,-0.0282178674829355,-0.0282095417409642,16.05302,3,3,3,3
"251,501,751",0,3,11.3797035318812,NA,-0.0202388302460459,-0.0202239771786957,0,-1.60546188212036,NA,0,-1.60515413752603,-0.0202239771786957,NA,0,8.74177443618294,0.124328649421204,1,NA,0,-0.0202388302460459,-0.0202239771786957,-1.60546,3,3,3,3
"251,501,751",0,3,26.371655477511,NA,0.0426658592481752,0.042663634417097,0,5.36457044472375,NA,0,5.36469234947833,0.042663634417097,NA,0,6.85577245082345,0.0972788380170051,1,NA,0,0.0426658592481752,0.042663634417097,5.36457,3,3,3,3
"251,501,751",0,3,48.812080674392,NA,0.0153160760584609,0.0153963595243573,0,16.8721479704658,NA,0,16.8709224840468,0.0153963595243573,NA,0,16.9608352958478,0.00189800834037568,1,NA,0,0.0153160760584609,0.0153963595243573,16.87215,3,3,3,3
"251,501,751",0,3,81.3264610578244,NA,0.0152042865247886,0.0151901436679028,0,32.8533899890647,NA,0,32.8536084560256,0.0151901436679029,NA,0,35.8165487304763,0.0922216523866757,1,NA,0,0.0152042865247886,0.0151901436679028,32.85339,3,3,3,3
"251,501,751",0,3,35.1407166471924,NA,-0.0128383761155547,-0.0128747194491845,0,9.68298253482535,NA,0,9.68249760349443,-0.0128747194491845,NA,0,21.1539777798595,0.139663866873676,1,NA,0,-0.0128383761155547,-0.0128747194491845,9.68298,3,3,3,3
"251,501,751",0,3,44.095574056703,NA,-0.0224253288069857,-0.0224275137964475,0,14.885849883761,NA,0,14.8858136538725,-0.0224275137964475,NA,0,16.5597990210921,-0.0803319407700572,1,NA,0,-0.0224253288069857,-0.0224275137964475,14.88585,3,3,3,3
"251,501,751",0,3,-8.02697003910976,NA,0.0112093949703258,0.0112214617095938,0,-11.0791467409114,NA,0,-11.0792591652644,0.0112214617095938,NA,0,-5.36752629876836,0.11866737150354,1,NA,0,0.0112093949703258,0.0112214617095938,-11.07915,3,3,3,3
"251,501,751",0,3,56.1296825115142,NA,0.0029096078837283,0.00291510524703602,0,21.1437554020138,NA,0,21.1437363464439,0.00291510524703602,NA,0,21.1565214007489,-0.00214883805613342,1,NA,0,0.0029096078837283,0.00291510524703602,21.14376,3,3,3,3
"251,501,751",0,3,106.411254461959,NA,0.0016527575285759,0.00164482748678736,0,46.2240333068328,NA,0,46.2240446473124,0.00164482748678736,NA,0,48.2691509681549,-0.0624467958893005,1,NA,0,0.0016527575285759,0.00164482748678736,46.22403,3,3,3,3
"251,501,751",0,3,29.0170790002259,NA,0.0120833651021872,0.0121295271934052,0,6.53876539205748,NA,0,6.53820735595788,0.0121295271934052,NA,0,14.7244042892012,-0.116287079423286,1,NA,0,0.0120833651021872,0.0121295271934052,6.53877,3,3,3,3
"251,501,751",0,3,27.7319192344176,NA,0.00760145006172658,0.00759744172199896,0,6.41528502672234,NA,0,6.41531607079015,0.00759744172199896,NA,0,7.12482628290966,0.0452637816624619,1,NA,0,0.00760145006172658,0.00759744172199896,6.41529,3,3,3,3
"251,501,751",0,3,57.889781521116,NA,-0.0419117332730242,-0.0419126539776907,0,21.1546820131529,NA,0,21.1546352841486,-0.0419126539776907,NA,0,24.346881291908,0.0380599596858804,1,NA,0,-0.0419117332730242,-0.0419126539776907,21.15468,3,3,3,3
"251,501,751",0,3,10.5214034021112,NA,-0.00984542318261894,-0.00984396110712235,0,-2.54897023460411,NA,0,-2.54895567020064,-0.00984396110712235,NA,0,-1.84924473459748,-0.0472189075003708,1,NA,0,-0.00984542318261894,-0.00984396110712235,-2.54897,3,3,3,3
"251,501,751",0,3,69.7802728277406,NA,0.000193963117203716,0.000193244347341272,0,27.9130573660295,NA,0,27.9130574954657,0.000193244347341272,NA,0,29.145294720599,0.0498827143311686,1,NA,0,0.000193963117203716,0.000193244347341272,27.91306,3,3,3,3
"251,501,751",0,3,9.73947368744548,NA,-0.0303619783199354,-0.0303622442066062,0,-2.49870197453723,NA,0,-2.49873584441467,-0.0303622442066062,NA,0,-2.33495808759143,-0.0122606891870228,1,NA,0,-0.0303619783199354,-0.0303622442066062,-2.4987,3,3,3,3
"251,501,751",0,3,124.700940990794,NA,-0.023383251581429,-0.0233832256547413,0,55.1676739778814,NA,0,55.1676746080131,-0.0233832256547413,NA,0,56.7651385090532,0.0331711343117125,1,NA,0,-0.023383251581429,-0.0233832256547413,55.16767,3,3,3,3
"251,501,751",0,3,-25.7800357848218,NA,0.0375810511321949,0.0375730530759684,0,-20.9143402805849,NA,0,-20.9140651086515,0.0375730530759684,NA,0,-19.7401928387051,-0.0109647397175952,1,NA,0,0.0375810511321949,0.0375730530759684,-20.91434,3,3,3,3
"251,501,751",0,3,13.0718249998704,NA,0.0977925191959996,0.0978069686270095,0,-5.27477827448543,NA,0,-5.27608284134467,0.0978069686270095,NA,0,-1.97297119216207,0.0166797738617286,1,NA,0,0.0977925191959996,0.0978069686270095,-5.27478,3,3,3,3
"251,501,751",0,3,118.132154771196,NA,-0.0270648643175201,-0.0270568511364031,0,51.4600386479522,NA,0,51.4602336245922,-0.0270568511364031,NA,0,60.0473763243491,-0.15888144556253,1,NA,0,-0.0270648643175201,-0.0270568511364031,51.46004,3,3,3,3
"251,501,751",0,3,76.4645442658039,NA,0.0118638932535985,0.01190506172583,0,30.5130795839997,NA,0,30.5125987961366,0.01190506172583,NA,0,37.7281817985644,-0.108633306513983,1,NA,0,0.0118638932535985,0.01190506172583,30.51308,3,3,3,3
"251,501,751",0,3,53.0712426555339,NA,0.03186884143968,0.031871617936877,0,18.2952330424407,NA,0,18.2951453048707,0.031871617936877,NA,0,22.120919095209,0.119340313286779,1,NA,0,0.03186884143968,0.031871617936877,18.29523,3,3,3,3
"251,501,751",0,3,-24.6408184303689,NA,-0.00452136728976803,-0.00453373065833551,0,-19.3458240465085,NA,0,-19.3458820941763,-0.00453373065833551,NA,0,-19.1037590803184,0.0174891960226617,1,NA,0,-0.00452136728976803,-0.00453373065833551,-19.34582,3,3,3,3
"251,501,751",0,3,39.5897120782577,NA,-0.0544097952936606,-0.0544112889078367,0,11.3405827464424,NA,0,11.3404992694798,-0.0544112889078367,NA,0,15.4314571298156,0.0361001261802207,1,NA,0,-0.0544097952936606,-0.0544112889078367,11.34058,3,3,3,3
"251,501,751",0,3,-16.155167271202,NA,-0.00833440305348453,-0.00833229565537289,0,-15.0400989029175,NA,0,-15.0400819422483,-0.00833229565537288,NA,0,-14.0601712984889,-0.0526242816381761,1,NA,0,-0.00833440305348453,-0.00833229565537289,-15.0401,3,3,3,3
"251,501,751",0,3,71.6151660548284,NA,-0.0552862153879947,-0.0552840179156161,0,27.3572139320908,NA,0,27.3573318017191,-0.0552840179156161,NA,0,36.0691092797681,-0.18765767889795,1,NA,0,-0.0552862153879947,-0.0552840179156161,27.35721,3,3,3,3
"251,501,751",0,3,34.4047510667205,NA,-0.0306835321996539,-0.0306963410105213,0,9.1329946167792,NA,0,9.13261304485638,-0.0306963410105213,NA,0,10.6515194943684,0.024481682392254,1,NA,0,-0.0306835321996539,-0.0306963410105213,9.13299,3,3,3,3
"251,501,751",0,3,33.1529357944514,NA,-0.0210591828955137,-0.0210989955203821,0,9.07048584721074,NA,0,9.06968149036294,-0.0210989955203821,NA,0,9.69433759015768,-0.0564000457454449,1,NA,0,-0.0210591828955137,-0.0210989955203821,9.07049,3,3,3,3
"251,501,751",0,3,54.0942353219184,NA,-0.0191516695252735,-0.0190454195656808,0,17.6538132736768,NA,0,17.6558523413763,-0.0190454195656808,NA,0,17.8914925012632,-0.040721386579453,1,NA,0,-0.0191516695252735,-0.0190454195656808,17.65381,3,3,3,3
"251,501,751",0,3,45.8029749061967,NA,0.0136134931809737,0.013641821745371,0,15.740710567683,NA,0,15.7403379432032,0.013641821745371,NA,0,15.9251610153821,-0.0056169647781098,1,NA,0,0.0136134931809737,0.013641821745371,15.74071,3,3,3,3
"251,501,751",0,3,1.6279602220209,NA,-0.0485479794978017,-0.0485477604312511,0,-7.29710651143784,NA,0,-7.29709563260336,-0.0485477604312511,NA,0,5.91462667376271,-0.211982999653577,1,NA,0,-0.0485479794978017,-0.0485477604312511,-7.29711,3,3,3,3
"251,501,751",0,3,8.63907241954004,NA,-0.0124819117560633,-0.0124759622700848,0,-2.70595286051734,NA,0,-2.7058838820342,-0.0124759622700848,NA,0,-2.19666580178566,0.0194425629289492,1,NA,0,-0.0124819117560633,-0.0124759622700848,-2.70595,3,3,3,3
"251,501,751",0,3,90.024225194834,NA,-0.00813684399280114,-0.00814799562808128,0,37.8815102665497,NA,0,37.881420963253,-0.00814799562808128,NA,0,55.1983509898676,0.179556781227862,1,NA,0,-0.00813684399280114,-0.00814799562808128,37.88151,3,3,3,3
"251,501,751",0,3,100.59052739701,NA,0.0335197960696954,0.0335340160532919,0,42.6785694747805,NA,0,42.6780495832475,0.0335340160532919,NA,0,49.8329463221274,-0.0865954349576765,1,NA,0,0.0335197960696954,0.0335340160532919,42.67857,3,3,3,3
"251,501,751",0,3,67.1020324298682,NA,0.0238233764430459,0.0238029604881812,0,26.1895596271494,NA,0,26.1900594574563,0.0238029604881812,NA,0,31.6217131228661,-0.0806619829300382,1,NA,0,0.0238233764430459,0.0238029604881812,26.18956,3,3,3,3
"251,501,751",0,3,-5.70096760053899,NA,0.00103009304822497,0.00098561482982373,0,-10.5331480109867,NA,0,-10.5331009669481,0.000985614829823736,NA,0,-9.76330272577549,0.0402523061029301,1,NA,0,0.00103009304822497,0.00098561482982373,-10.53315,3,3,3,3
"251,501,751",0,3,77.9675946185181,NA,-0.0445811579830582,-0.0445353407881012,0,30.3127569317034,NA,0,30.3147440124759,-0.0445353407881012,NA,0,30.3563334786712,-0.0536256583872559,1,NA,0,-0.0445811579830582,-0.0445353407881012,30.31276,3,3,3,3
"251,501,751",0,3,37.6188662805106,NA,0.000935831553766954,0.000949665921849686,0,11.8329524933194,NA,0,11.8329393353205,0.000949665921849686,NA,0,11.8903129126943,-0.00977631191057038,1,NA,0,0.000935831553766954,0.000949665921849686,11.83295,3,3,3,3
"251,501,751",0,3,-10.8352167741693,NA,-0.0448050517558765,-0.044800736081783,0,-13.3349617924818,NA,0,-13.3348237413359,-0.044800736081783,NA,0,-13.266418939327,-0.0331144913138806,1,NA,0,-0.0448050517558765,-0.044800736081783,-13.33496,3,3,3,3
"251,501,751",0,3,41.4745620268091,NA,-0.0419691537540738,-0.0419386398771868,0,12.846351082427,NA,0,12.8475643668553,-0.0419386398771868,NA,0,15.8306507035999,-0.119264198441709,1,NA,0,-0.0419691537540738,-0.0419386398771868,12.84635,3,3,3,3
"251,501,751",0,3,53.8184022280254,NA,-0.0144795263198519,-0.0145257339054711,0,19.6068496971529,NA,0,19.6062315052543,-0.0145257339054711,NA,0,20.2177324248967,0.0205491860066904,1,NA,0,-0.0144795263198519,-0.0145257339054711,19.60685,3,3,3,3
"251,501,751",0,3,16.7895706392885,NA,0.0699315390855623,0.0699325831094827,0,-0.974143292099398,NA,0,-0.974229253077524,0.0699325831094827,NA,0,2.04896937889945,0.147631305449851,1,NA,0,0.0699315390855623,0.0699325831094827,-0.97414,3,3,3,3
"251,501,751",0,3,13.9505965066825,NA,0.0753054755990025,0.0752673779764711,0,-3.0085995576655,NA,0,-3.00588375820448,0.0752673779764711,NA,0,-0.639479010309357,0.143988365671151,1,NA,0,0.0753054755990025,0.0752673779764711,-3.0086,3,3,3,3
"251,501,751",0,3,69.3136897024778,NA,0.000187899258671799,0.000197708279354331,0,24.1772910076235,NA,0,24.1772892322213,0.000197708279354331,NA,0,26.814856571424,-0.0722828198008466,1,NA,0,0.000187899258671799,0.000197708279354331,24.17729,3,3,3,3
"251,501,751",0,3,46.1666587978992,NA,0.0500140608990758,0.0500077083455948,0,14.7440928868945,NA,0,14.7444217658893,0.0500077083455948,NA,0,24.2994369372618,-0.0887405257352194,1,NA,0,0.0500140608990758,0.0500077083455948,14.74409,3,3,3,3
"251,501,751",0,3,-9.60117470383371,NA,-0.0800564027400129,-0.0800720043629181,0,-15.4743552129553,NA,0,-15.475608644263,-0.0800720043629181,NA,0,-15.3720032011891,-0.0943090420011464,1,NA,0,-0.0800564027400129,-0.0800720043629181,-15.47436,3,3,3,3
"251,501,751",0,3,-46.2810564450444,NA,0.0286033126813925,0.0286034681392627,0,-30.4564666170654,NA,0,-30.4564905497899,0.0286034681392627,NA,0,-26.3723010169368,-0.0620690086560414,1,NA,0,0.0286033126813925,0.0286034681392627,-30.45647,3,3,3,3
"251,501,751",0,3,49.9571763847273,NA,-0.0843649773733622,-0.0843700980986464,0,13.6582160590308,NA,0,13.6577917547487,-0.0843700980986464,NA,0,14.7884594429558,-0.131606409620578,1,NA,0,-0.0843649773733622,-0.0843700980986464,13.65822,3,3,3,3
"251,501,751",0,3,-9.19460986672386,NA,-0.0303202119390446,-0.0302970017814632,0,-12.6235618933104,NA,0,-12.6228472260424,-0.0302970017814632,NA,0,-12.620561825443,-0.0324150045229373,1,NA,0,-0.0303202119390446,-0.0302970017814632,-12.62356,3,3,3,3
"251,501,751",0,3,-16.8400459644581,NA,0.0108021397778853,0.0107971899984855,0,-15.5028988295436,NA,0,-15.5028421937243,0.0107971899984855,NA,0,-15.0493334116267,0.040931093453181,1,NA,0,0.0108021397778853,0.0107971899984855,-15.5029,3,3,3,3
"251,501,751",0,3,60.8803027295184,NA,0.0756359116531532,0.0756228740490835,0,20.3694576564295,NA,0,20.370436065016,0.0756228740490835,NA,0,20.5620409829934,0.0951094499791822,1,NA,0,0.0756359116531532,0.0756228740490835,20.36946,3,3,3,3
"251,501,751",0,3,-23.1811641539717,NA,0.0213289651581249,0.0213107013605689,0,-19.0724312750356,NA,0,-19.0720392708734,0.0213107013605689,NA,0,-19.0649121849054,0.0250873869676276,1,NA,0,0.0213289651581249,0.0213107013605689,-19.07243,3,3,3,3
"251,501,751",0,3,-10.831446727422,NA,-0.0567834631909199,-0.0567725159955668,0,-14.4891175534953,NA,0,-14.4884990072331,-0.0567725159955668,NA,0,-13.3409225416758,-0.10455593625953,1,NA,0,-0.0567834631909199,-0.0567725159955668,-14.48912,3,3,3,3
"251,501,751",0,3,43.3082423710927,NA,0.0164877719797361,0.0165098744242747,0,13.9525176973669,NA,0,13.9521438181921,0.0165098744242747,NA,0,13.9566149742383,0.0134748319016809,1,NA,0,0.0164877719797361,0.0165098744242747,13.95252,3,3,3,3
"251,501,751",0,3,73.321972822402,NA,-0.0270467125065165,-0.0270392424882645,0,29.1226167496143,NA,0,29.1228173172426,-0.0270392424882645,NA,0,48.0827681344945,0.169438194450517,1,NA,0,-0.0270467125065165,-0.0270392424882645,29.12262,3,3,3,3
"251,501,751",0,3,21.9791519867629,NA,-0.0463672841334357,-0.0463647540386478,0,2.9658672134375,NA,0,2.96597036671108,-0.0463647540386478,NA,0,7.41496625134457,-0.140842478302437,1,NA,0,-0.0463672841334357,-0.0463647540386478,2.96587,3,3,3,3
"251,501,751",0,3,-10.4436744112137,NA,-0.0391971742757132,-0.0391840860027115,0,-13.2223246151629,NA,0,-13.2218389785958,-0.0391840860027115,NA,0,-12.6195902715621,-0.0738800955414227,1,NA,0,-0.0391971742757132,-0.0391840860027115,-13.22232,3,3,3,3
"251,501,751",0,3,12.3558298264561,NA,-0.0281890676418085,-0.0282082005371065,0,-1.27712268087259,NA,0,-1.27769015884353,-0.0282082005371065,NA,0,2.32839407270839,-0.113245416785099,1,NA,0,-0.0281890676418085,-0.0282082005371065,-1.27712,3,3,3,3
"251,501,751",0,3,9.51442765730107,NA,0.00496024936832823,0.00495443367693989,0,-4.34952929863696,NA,0,-4.34950016837831,0.00495443367693989,NA,0,2.60892835443217,-0.113230872970557,1,NA,0,0.00496024936832823,0.00495443367693989,-4.34953,3,3,3,3
"251,501,751",0,3,20.0743470577446,NA,0.0262586809004624,0.0262600600430192,0,2.50881331721483,NA,0,2.50877747347131,0.0262600600430192,NA,0,5.87109153302374,0.108335929501022,1,NA,0,0.0262586809004624,0.0262600600430192,2.50881,3,3,3,3
"251,501,751",0,3,-44.04754049025,NA,-0.0049747445388166,-0.00490900589487938,0,-29.9481118806588,NA,0,-29.9477856158128,-0.00490900589487938,NA,0,-28.8136781400647,-0.0525716789535956,1,NA,0,-0.0049747445388166,-0.00490900589487938,-29.94811,3,3,3,3
"251,501,751",0,3,130.834744765098,NA,0.00731355482512026,0.00734542895492725,0,58.1080112688179,NA,0,58.1077812632128,0.00734542895492725,NA,0,58.7023800806327,-0.0271743600759418,1,NA,0,0.00731355482512026,0.00734542895492725,58.10801,3,3,3,3
"251,501,751",0,3,-13.7096120357155,NA,-0.0010523504281314,-0.00106546351353535,0,-13.8242480781861,NA,0,-13.8242601338095,-0.00106546351353535,NA,0,-12.899645936619,0.0420047410559734,1,NA,0,-0.0010523504281314,-0.00106546351353535,-13.82425,3,3,3,3
"251,501,751",0,3,89.3172226228535,NA,0.0219848779788497,0.0220395450009091,0,35.8238080059655,NA,0,35.8226458103519,0.0220395450009091,NA,0,35.9145405696802,0.00836585741776941,1,NA,0,0.0219848779788497,0.0220395450009091,35.82381,3,3,3,3
"251,501,751",0,3,-24.8171221482509,NA,0.00476848272946323,0.00477191310386739,0,-19.4564000454494,NA,0,-19.4564173059182,0.00477191310386739,NA,0,-16.0419145012297,-0.0780334388170238,1,NA,0,0.00476848272946323,0.00477191310386739,-19.4564,3,3,3,3
"251,501,751",0,3,44.9748814125007,NA,-0.00315754443475248,-0.00319139956123473,0,13.5620368635233,NA,0,13.561932016403,-0.00319139956123473,NA,0,16.9224103227969,-0.085113593304052,1,NA,0,-0.00315754443475248,-0.00319139956123473,13.56204,3,3,3,3
"251,501,751",0,3,-34.6281439284227,NA,0.0343881314081154,0.0343680190416776,0,-25.0033413764228,NA,0,-25.0026497026902,0.0343680190416776,NA,0,-24.8172496961403,0.0151322110015952,1,NA,0,0.0343881314081154,0.0343680190416776,-25.00334,3,3,3,3
"251,501,751",0,3,-16.5759595927754,NA,-0.0465029499742904,-0.0463692305876345,0,-18.2471336043653,NA,0,-18.2411077335056,-0.0463692305876345,NA,0,-17.7076856667145,-0.0789506933854057,1,NA,0,-0.0465029499742904,-0.0463692305876345,-18.24713,3,3,3,3
"251,501,751",0,3,44.7823193744664,NA,0.0304676709116462,0.0304655062934853,0,14.8886402473143,NA,0,14.8887097053931,0.0304655062934853,NA,0,15.6809815996573,0.0703582237952041,1,NA,0,0.0304676709116462,0.0304655062934853,14.88864,3,3,3,3
"251,501,751",0,3,79.8197230120656,NA,0.0325776069859617,0.0325857874376484,0,31.8642879892227,NA,0,31.8640277803957,0.0325857874376484,NA,0,32.8513768333635,-0.011883275861244,1,NA,0,0.0325776069859617,0.0325857874376484,31.86429,3,3,3,3
"251,501,751",0,3,-24.1269117332887,NA,0.0116636822111145,0.0116631549036816,0,-19.0444283685058,NA,0,-19.044419685171,0.0116631549036816,NA,0,-16.6959117398979,0.080369283954427,1,NA,0,0.0116636822111145,0.0116631549036816,-19.04443,3,3,3,3
"251,501,751",0,3,-21.5890994044951,NA,0.0142936901804951,0.0143308799888941,0,-18.5833294758608,NA,0,-18.5838671507484,0.0143308799888941,NA,0,-17.584886512964,0.0589598350577289,1,NA,0,0.0142936901804951,0.0143308799888941,-18.58333,3,3,3,3
"251,501,751",0,3,-26.6274562201371,NA,0.0201940787172557,0.0201732707450927,0,-21.2788614915783,NA,0,-21.2784494048937,0.0201732707450927,NA,0,-19.8348496075186,-0.0335692280562249,1,NA,0,0.0201940787172557,0.0201732707450927,-21.27886,3,3,3,3
"251,501,751",0,3,28.8952861495659,NA,-0.00703919866001772,-0.00702875076743534,0,7.47988899526044,NA,0,7.47996366446385,-0.00702875076743534,NA,0,18.3521946831211,0.141218821697278,1,NA,0,-0.00703919866001772,-0.00702875076743534,7.47989,3,3,3,3
"251,501,751",0,3,64.3322320248797,NA,0.0222076570544282,0.0222222730987707,0,23.7374311245219,NA,0,23.7371125904106,0.0222222730987707,NA,0,27.4520063868554,-0.064096489495761,1,NA,0,0.0222076570544282,0.0222222730987707,23.73743,3,3,3,3
"251,501,751",0,3,105.118179276336,NA,-0.0523729453858282,-0.0523707079739967,0,44.0823815387646,NA,0,44.0824970078584,-0.0523707079739967,NA,0,44.3392505241853,-0.0297235655866022,1,NA,0,-0.0523729453858282,-0.0523707079739967,44.08238,3,3,3,3
"251,501,751",0,3,4.46970912882939,NA,0.0123611542523096,0.0123889033863872,0,-5.06819494871365,NA,0,-5.06853922753306,0.0123889033863872,NA,0,-2.6741532126552,0.0816103252523717,1,NA,0,0.0123611542523096,0.0123889033863872,-5.06819,3,3,3,3
"251,501,751",0,3,-35.3889234907186,NA,0.0214590023321996,0.0214617412496649,0,-24.8759818008044,NA,0,-24.8760469050114,0.0214617412496649,NA,0,-24.8191652991229,0.0321248550215758,1,NA,0,0.0214590023321996,0.0214617412496649,-24.87598,3,3,3,3
"251,501,751",0,3,16.8988848851676,NA,-0.064590272824009,-0.064594010530299,0,-0.637240179026938,NA,0,-0.637463757935588,-0.064594010530299,NA,0,4.21920921757277,-0.163268231282349,1,NA,0,-0.064590272824009,-0.064594010530299,-0.63724,3,3,3,3
"251,501,751",0,3,-57.2854537645492,NA,0.0193606617386525,0.019392039859843,0,-36.1387857659685,NA,0,-36.1393859737781,0.019392039859843,NA,0,-35.4273960995808,-0.0183831315101991,1,NA,0,0.0193606617386525,0.019392039859843,-36.13879,3,3,3,3
"251,501,751",0,3,31.6955690281197,NA,0.00903515136108503,0.00903778681533333,0,8.88894813950347,NA,0,8.88891961695711,0.00903778681533333,NA,0,18.30208199269,0.146939739311232,1,NA,0,0.00903515136108503,0.00903778681533333,8.88895,3,3,3,3
"251,501,751",0,3,-21.7243238320614,NA,-0.00787308288321154,-0.0078963454631658,0,-17.9543980412991,NA,0,-17.9545849409578,-0.0078963454631658,NA,0,-17.8868347386544,0.00376908089556016,1,NA,0,-0.00787308288321154,-0.0078963454631658,-17.9544,3,3,3,3
"251,501,751",0,3,-2.63690719754648,NA,0.0647071439618757,0.0647380241617915,0,-11.6069326696332,NA,0,-11.608938759019,0.0647380241617915,NA,0,-5.81989583982009,0.172091915554891,1,NA,0,0.0647071439618757,0.0647380241617915,-11.60693,3,3,3,3
"251,501,751",0,3,16.5958569797221,NA,0.0387515158742929,0.0387360928828903,0,-0.543189892801963,NA,0,-0.542581388535198,0.0387360928828903,NA,0,1.42586222395864,0.101368469233231,1,NA,0,0.0387515158742929,0.0387360928828903,-0.54319,3,3,3,3
"251,501,751",0,3,39.0735225124751,NA,0.0345429951950657,0.0345421360999241,0,11.6414885898266,NA,0,11.6415175561769,0.0345421360999241,NA,0,14.3983599138181,0.10880327537605,1,NA,0,0.0345429951950657,0.0345421360999241,11.64149,3,3,3,3
"251,501,751",0,3,-2.05971903331973,NA,-0.0197166644580682,-0.0197330081521827,0,-8.27079374752793,NA,0,-8.27111126557302,-0.0197330081521827,NA,0,-8.16751325659404,-0.00532066119459884,1,NA,0,-0.0197166644580682,-0.0197330081521827,-8.27079,3,3,3,3
"251,501,751",0,3,-10.9352527665801,NA,0.0121279522691995,0.0121087193049174,0,-12.5497972555355,NA,0,-12.5495594266311,0.0121087193049174,NA,0,-9.4731669650095,0.0906750709950437,1,NA,0,0.0121279522691995,0.0121087193049174,-12.5498,3,3,3,3
"251,501,751",0,3,105.998506022201,NA,0.00114882602007983,0.00114961738304865,0,46.0582578434471,NA,0,46.0582569833154,0.00114961738304865,NA,0,48.3179176870041,0.0684547341397861,1,NA,0,0.00114882602007983,0.00114961738304865,46.05826,3,3,3,3
"251,501,751",0,3,-36.4181613231408,NA,-0.0529366656430461,-0.0529395571203043,0,-26.5196904373186,NA,0,-26.5199505907249,-0.0529395571203043,NA,0,-21.9301646555728,-0.149008945693046,1,NA,0,-0.0529366656430461,-0.0529395571203043,-26.51969,3,3,3,3
"251,501,751",0,3,70.0914218674385,NA,0.0246817152589751,0.0246557305890171,0,27.7506982867138,NA,0,27.7512688470698,0.0246557305890171,NA,0,29.205656403475,0.0786820275567395,1,NA,0,0.0246817152589751,0.0246557305890171,27.7507,3,3,3,3
"251,501,751",0,3,-29.259494657377,NA,0.019686134877792,0.0197197224769754,0,-22.2696898648377,NA,0,-22.2703611874627,0.0197197224769754,NA,0,-22.2659770580143,0.0167041963389696,1,NA,0,0.019686134877792,0.0197197224769754,-22.26969,3,3,3,3
"251,501,751",0,3,40.2824714899144,NA,-0.00176872594029639,-0.00177710457423348,0,12.0814189527875,NA,0,12.081404336511,-0.00177710457423348,NA,0,12.7355876156183,-0.0379094273438579,1,NA,0,-0.00176872594029639,-0.00177710457423348,12.08142,3,3,3,3
"251,501,751",0,3,20.5371501148189,NA,-0.0200655316035822,-0.0200788695153498,0,2.56814033163219,NA,0,2.56787989616918,-0.0200788695153498,NA,0,3.02019109674851,0.0100284076743609,1,NA,0,-0.0200655316035822,-0.0200788695153498,2.56814,3,3,3,3
"251,501,751",0,3,-6.07248348325088,NA,0.0233962104748074,0.0233953627649704,0,-10.2276180793409,NA,0,-10.2275951019003,0.0233953627649704,NA,0,-6.30706471315963,-0.0653315338040338,1,NA,0,0.0233962104748074,0.0233953627649704,-10.22762,3,3,3,3
"251,501,751",0,3,86.5140603947872,NA,0.0183753016557203,0.0183695975472251,0,36.128267899923,NA,0,36.1283624878112,0.0183695975472251,NA,0,40.1534454306673,0.108299460162005,1,NA,0,0.0183753016557203,0.0183695975472251,36.12827,3,3,3,3
"251,501,751",0,3,-3.22686690016971,NA,-0.00562666005601445,-0.00563453668485175,0,-9.72125449710457,NA,0,-9.72129830597834,-0.00563453668485175,NA,0,-7.87743322302517,-0.0663275727317426,1,NA,0,-0.00562666005601445,-0.00563453668485175,-9.72125,3,3,3,3
"251,501,751",0,3,19.4098016980582,NA,-0.0315810294254647,-0.0316042926866101,0,1.2826388451944,NA,0,1.2818901306074,-0.0316042926866101,NA,0,2.26677271062443,0.0128441159039097,1,NA,0,-0.0315810294254647,-0.0316042926866101,1.28264,3,3,3,3
"251,501,751",0,3,-23.5386976750483,NA,0.0304458644322185,0.0304731600170764,0,-19.266449461304,NA,0,-19.2673598544095,0.0304731600170764,NA,0,-13.0766494917765,0.14211704128189,1,NA,0,0.0304458644322185,0.0304731600170764,-19.26645,3,3,3,3
"251,501,751",0,3,23.0077511046371,NA,-0.0117814794592605,-0.0117633507566289,0,4.46677021040355,NA,0,4.46697454993461,-0.0117633507566289,NA,0,6.27786198992809,0.0484546404244095,1,NA,0,-0.0117814794592605,-0.0117633507566289,4.46677,3,3,3,3
"251,501,751",0,3,16.5351151157454,NA,0.0258407964712811,0.025837680259818,0,0.700812191459446,NA,0,0.700894330934442,0.025837680259818,NA,0,1.60903718259376,-0.0167912418666666,1,NA,0,0.0258407964712811,0.025837680259818,0.70081,3,3,3,3
"251,501,751",0,3,-2.4725255407978,NA,-0.0251574205551492,-0.0251306362139974,0,-8.66915574401488,NA,0,-8.66844321233276,-0.0251306362139974,NA,0,-8.66606470783831,-0.0273272104955991,1,NA,0,-0.0251574205551492,-0.0251306362139974,-8.66916,3,3,3,3
"251,501,751",0,3,39.6036098469951,NA,-0.0110029849669119,-0.0110031998436296,0,12.8334393393643,NA,0,12.8334385891064,-0.0110031998436296,NA,0,13.0661459315751,0.0105724870320845,1,NA,0,-0.0110029849669119,-0.0110031998436296,12.83344,3,3,3,3
"251,501,751",0,3,-1.76749806871229,NA,0.0227505236183045,0.0227544077163999,0,-8.08703521982489,NA,0,-8.08711652363282,0.0227544077163999,NA,0,-8.0840757601121,0.0252150805779121,1,NA,0,0.0227505236183045,0.0227544077163999,-8.08704,3,3,3,3
"251,501,751",0,3,12.3572112697711,NA,0.0405234445289762,0.0405213988935648,0,-1.94927057539357,NA,0,-1.94918680690236,0.0405213988935648,NA,0,-1.05390578101781,0.0827734376462852,1,NA,0,0.0405234445289762,0.0405213988935648,-1.94927,3,3,3,3
"251,501,751",0,3,16.2180892516259,NA,-0.0283967572007243,-0.0283850709825582,0,0.50947799642646,NA,0,0.509811167810455,-0.0283850709825582,NA,0,3.39115822409772,-0.104349828347061,1,NA,0,-0.0283967572007243,-0.0283850709825582,0.50948,3,3,3,3
"251,501,751",0,3,107.632176857784,NA,-0.123090802673953,-0.123091890928343,0,39.2787661701632,NA,0,39.2787307144295,-0.123091890928343,NA,0,39.3322469831783,-0.1128204449645,1,NA,0,-0.123090802673953,-0.123091890928343,39.27877,3,3,3,3
"251,501,751",0,3,85.2991793476883,NA,0.0497854902018323,0.049782222565141,0,34.4973294291118,NA,0,34.4975367427156,0.049782222565141,NA,0,36.251976755576,-0.00945053069697321,1,NA,0,0.0497854902018323,0.049782222565141,34.49733,3,3,3,3
"251,501,751",0,3,85.8349435221982,NA,0.00554266398777232,0.00557265376661874,0,34.7856543176535,NA,0,34.7854845896763,0.00557265376661874,NA,0,36.5661661423838,0.0652435809979124,1,NA,0,0.00554266398777232,0.00557265376661874,34.78565,3,3,3,3
"251,501,751",0,3,14.0627174436137,NA,-0.0269839937287161,-0.0270120436582469,0,-1.70439791070102,NA,0,-1.70514028277746,-0.0270120436582469,NA,0,-0.24382900482333,0.0271129629592188,1,NA,0,-0.0269839937287161,-0.0270120436582469,-1.7044,3,3,3,3
"251,501,751",0,3,20.9034211326981,NA,-0.036479277105527,-0.0364770473898504,0,2.77348543221766,NA,0,2.77356344270601,-0.0364770473898504,NA,0,2.85819620467194,-0.0234694328776456,1,NA,0,-0.036479277105527,-0.0364770473898504,2.77349,3,3,3,3
"251,501,751",0,3,9.3647264243695,NA,0.0401790099897126,0.0401655817034701,0,-3.1519145257267,NA,0,-3.15134072075874,0.0401655817034701,NA,0,-1.11926089730235,0.103957775476211,1,NA,0,0.0401790099897126,0.0401655817034701,-3.15191,3,3,3,3
"251,501,751",0,3,-12.4760755636425,NA,0.00975862136921264,0.00977252189273526,0,-14.5705115131994,NA,0,-14.5706468372882,0.00977252189273526,NA,0,-12.9566893017474,-0.0470483109310852,1,NA,0,0.00975862136921264,0.00977252189273526,-14.57051,3,3,3,3
"251,501,751",0,3,-17.3428734171313,NA,-0.0248964415950921,-0.0249143519429642,0,-16.5281546148078,NA,0,-16.5286043196932,-0.0249143519429642,NA,0,-16.527713861982,-0.0235296398991335,1,NA,0,-0.0248964415950921,-0.0249143519429642,-16.52815,3,3,3,3
"251,501,751",0,3,48.4008557603441,NA,-0.0867123492247394,-0.0867952741496041,0,12.4967511114938,NA,0,12.4890896290656,-0.0867952741496041,NA,0,15.3943501660613,-0.0102204131010888,1,NA,0,-0.0867123492247394,-0.0867952741496041,12.49675,3,3,3,3
"251,501,751",0,3,-51.5517271230277,NA,-0.0261757403547263,-0.0261941414003748,0,-34.6843546822249,NA,0,-34.6848452039266,-0.0261941414003748,NA,0,-27.8169723390759,-0.143558474822635,1,NA,0,-0.0261757403547263,-0.0261941414003748,-34.68435,3,3,3,3
"251,501,751",0,3,9.5734731643715,NA,0.0185121222915107,0.018541724658235,0,-2.67760441935323,NA,0,-2.67813694976615,0.018541724658235,NA,0,3.68912068432485,-0.0946768779298962,1,NA,0,0.0185121222915107,0.018541724658235,-2.6776,3,3,3,3
"251,501,751",0,3,0.665889974437821,NA,0.00928034114312608,0.00923237160476351,0,-7.66426916924621,NA,0,-7.66381067280744,0.00923237160476351,NA,0,-6.61134276364094,0.0551628037719949,1,NA,0,0.00928034114312608,0.00923237160476351,-7.66427,3,3,3,3
"251,501,751",0,3,-17.450713689255,NA,-0.0432470721487342,-0.0432450742274171,0,-16.6583127740363,NA,0,-16.6582319337723,-0.0432450742274171,NA,0,-16.1498544288264,-0.0751111295054179,1,NA,0,-0.0432470721487342,-0.0432450742274171,-16.65831,3,3,3,3
"251,501,751",0,3,33.8585199772761,NA,0.0334959528252309,0.0334865677076308,0,9.43889601761834,NA,0,9.43914887610582,0.0334865677076308,NA,0,11.0795665521297,0.0908330724852344,1,NA,0,0.0334959528252309,0.0334865677076308,9.4389,3,3,3,3
"251,501,751",0,3,84.5427681515494,NA,0.0420132806348894,0.0420109425314687,0,34.4418008599352,NA,0,34.441894214608,0.0420109425314687,NA,0,34.9792436372697,0.0747745399381585,1,NA,0,0.0420132806348894,0.0420109425314687,34.4418,3,3,3,3
"251,501,751",0,3,-2.95236935165114,NA,0.0267722537197226,0.0267696256894059,0,-8.77326820905549,NA,0,-8.7731949087292,0.0267696256894059,NA,0,10.8543615547019,0.226792909817018,1,NA,0,0.0267722537197226,0.0267696256894059,-8.77327,3,3,3,3
"251,501,751",0,3,19.5771765739806,NA,-0.0408733462787091,-0.0408787228931462,0,1.63489545841656,NA,0,1.63468518566522,-0.0408787228931462,NA,0,2.12553659107771,-0.0721885058955742,1,NA,0,-0.0408733462787091,-0.0408787228931462,1.6349,3,3,3,3
"251,501,751",0,3,65.0500773050935,NA,0.0368099103816276,0.0368140909489545,0,24.8920373636147,NA,0,24.8918848368288,0.0368140909489545,NA,0,33.2998749920124,-0.0933231891004261,1,NA,0,0.0368099103816276,0.0368140909489545,24.89204,3,3,3,3
"251,501,751",0,3,30.3944774383523,NA,0.00858461051964646,0.00853110177128683,0,5.30284009337244,NA,0,5.30329936760028,0.00853110177128683,NA,0,5.59717872978825,-0.0156414305773389,1,NA,0,0.00858461051964646,0.00853110177128683,5.30284,3,3,3,3
"251,501,751",0,3,40.0781607514661,NA,0.0385296610481208,0.0385301518076964,0,12.3894961419724,NA,0,12.3894344777685,0.0385301518076964,NA,0,14.484247700488,0.103325976611926,1,NA,0,0.0385296610481208,0.0385301518076964,12.3895,3,3,3,3
"251,501,751",0,3,-92.7018039779789,NA,0.000360436194243596,0.000368871337913964,0,-53.3333930941602,NA,0,-53.3333959870803,0.000368871337913964,NA,0,-53.2169989937414,-0.0148984671164542,1,NA,0,0.000360436194243596,0.000368871337913964,-53.33339,3,3,3,3
"251,501,751",0,3,3.93938612910738,NA,-0.0441111058915775,-0.0441186456995592,0,-5.94221388400019,NA,0,-5.94249359029468,-0.0441186456995592,NA,0,-5.80200832023656,-0.0608709234156526,1,NA,0,-0.0441111058915775,-0.0441186456995592,-5.94221,3,3,3,3
"251,501,751",0,3,34.0231131143123,NA,-0.0363419407918791,-0.0363486813733521,0,9.42386672588397,NA,0,9.42364616457536,-0.0363486813733521,NA,0,10.1781115280087,0.00250037379804424,1,NA,0,-0.0363419407918791,-0.0363486813733521,9.42387,3,3,3,3
"251,501,751",0,3,10.160608244012,NA,0.00448226801308279,0.00446435343418109,0,-1.90157816801567,NA,0,-1.90150085572723,0.00446435343418109,NA,0,-1.52981753214868,0.0317521807306163,1,NA,0,0.00448226801308279,0.00446435343418109,-1.90158,3,3,3,3
"251,501,751",0,3,9.059357382707,NA,0.046961268846858,0.0469492491516748,0,-3.80089032196414,NA,0,-3.80030827698461,0.0469492491516748,NA,0,-3.3580959984816,0.0766422701499705,1,NA,0,0.046961268846858,0.0469492491516748,-3.80089,3,3,3,3
"251,501,751",0,3,51.7089016316636,NA,-0.0342366914586771,-0.0342343840607965,0,18.3553019440358,NA,0,18.3553829329695,-0.0342343840607965,NA,0,19.9565303100803,-0.090837176300264,1,NA,0,-0.0342366914586771,-0.0342343840607965,18.3553,3,3,3,3
"251,501,751",0,3,95.2074345826279,NA,0.034391804144247,0.0343747457233804,0,39.7523938155891,NA,0,39.7529849008707,0.0343747457233804,NA,0,40.237345247703,0.0654702161631073,1,NA,0,0.034391804144247,0.0343747457233804,39.75239,3,3,3,3
"251,501,751",0,3,-8.85900021123587,NA,-0.0780507364850776,-0.0780535870329877,0,-14.4897637958578,NA,0,-14.4899807103716,-0.0780535870329877,NA,0,-13.543646944534,-0.0345184460448309,1,NA,0,-0.0780507364850776,-0.0780535870329877,-14.48976,3,3,3,3
"251,501,751",0,3,74.7361638643888,NA,0.0363582057414985,0.0363421061792506,0,29.2957146821037,NA,0,29.2962748132246,0.0363421061792506,NA,0,29.6273894176778,0.0620530944630926,1,NA,0,0.0363582057414985,0.0363421061792506,29.29571,3,3,3,3
"251,501,751",0,3,32.7699349085713,NA,-0.0703227590224563,-0.070322104099269,0,7.00652624788358,NA,0,7.00645463271958,-0.070322104099269,NA,0,8.03147052461741,-0.11558569200915,1,NA,0,-0.0703227590224563,-0.070322104099269,7.00653,3,3,3,3
"251,501,751",0,3,91.7077252209101,NA,0.0307450451467804,0.0307445520077811,0,38.4713945425653,NA,0,38.4714109102402,0.0307445520077811,NA,0,42.6899799464077,-0.0612604807270394,1,NA,0,0.0307450451467804,0.0307445520077811,38.47139,3,3,3,3
"251,501,751",0,3,-16.2818633958097,NA,0.00255240080815549,0.00250344062407889,0,-16.0843962717538,NA,0,-16.0842713162659,0.00250344062407889,NA,0,-15.4721696525514,0.0375124405804006,1,NA,0,0.00255240080815549,0.00250344062407889,-16.0844,3,3,3,3
"251,501,751",0,3,67.0790402006217,NA,0.0175171853114726,0.0175381048759236,0,25.874349714579,NA,0,25.8739616756805,0.0175381048759236,NA,0,26.1756945082242,0.0421011662817763,1,NA,0,0.0175171853114726,0.0175381048759236,25.87435,3,3,3,3
"251,501,751",0,3,89.1924657070995,NA,0.00381097964680883,0.00382576944987047,0,37.662835644593,NA,0,37.6627846731133,0.00382576944987047,NA,0,37.7080701837709,0.013329261493807,1,NA,0,0.00381097964680883,0.00382576944987047,37.66284,3,3,3,3
"251,501,751",0,3,-52.5402425163798,NA,-0.00827551337020682,-0.00827976761207706,0,-33.22123156,NA,0,-33.221284479152,-0.00827976761207706,NA,0,-33.2145561936852,-0.00459851724212645,1,NA,0,-0.00827551337020682,-0.00827976761207706,-33.22123,3,3,3,3
"251,501,751",0,3,30.6719861277294,NA,0.016761708464581,0.0167611964143442,0,8.27828912812732,NA,0,8.27829701356353,0.0167611964143442,NA,0,8.30882889185096,0.008947708837864,1,NA,0,0.016761708464581,0.0167611964143442,8.27829,3,3,3,3
"251,501,751",0,3,34.461652085727,NA,-0.0528939257718712,-0.0529607308426267,0,6.98419343447852,NA,0,6.98054064810875,-0.0529607308426267,NA,0,14.267373627163,-0.173786545984931,1,NA,0,-0.0528939257718712,-0.0529607308426267,6.98419,3,3,3,3
"251,501,751",0,3,-39.1918849805277,NA,0.0344077461910783,0.0344830084805941,0,-27.7357913928335,NA,0,-27.7383630167363,0.0344830084805941,NA,0,-25.3488445136896,-0.0347652782926229,1,NA,0,0.0344077461910783,0.0344830084805941,-27.73579,3,3,3,3
"251,501,751",0,3,-37.01423023722,NA,-0.00543701058962341,-0.00543573841518224,0,-25.6338790548797,NA,0,-25.6338724753922,-0.00543573841518224,NA,0,-18.7361452160491,-0.123318769348128,1,NA,0,-0.00543701058962341,-0.00543573841518224,-25.63388,3,3,3,3
"251,501,751",0,3,-27.3129357167521,NA,0.011841407676946,0.0118572035886726,0,-21.0198778208022,NA,0,-21.0200651852977,0.0118572035886726,NA,0,-20.1240264752439,-0.0305005785964081,1,NA,0,0.011841407676946,0.0118572035886726,-21.01988,3,3,3,3
"251,501,751",0,3,58.3021908665243,NA,-0.0010574113588125,-0.0010573667093111,0,22.2422489066551,NA,0,22.2422489220994,-0.0010573667093111,NA,0,24.2017732485158,0.0616211469613339,1,NA,0,-0.0010574113588125,-0.0010573667093111,22.24225,3,3,3,3
"251,501,751",0,3,52.6015127051492,NA,0.031964749023691,0.0319590319792023,0,18.7969228446683,NA,0,18.7971026926102,0.0319590319792023,NA,0,20.0642664637283,-0.0183857294993696,1,NA,0,0.031964749023691,0.0319590319792023,18.79692,3,3,3,3
"251,501,751",0,3,-31.5103925123365,NA,0.0309740410941607,0.0309696229614029,0,-24.6654731580235,NA,0,-24.6653349920629,0.0309696229614029,NA,0,-1.65208337692533,0.247476095144356,1,NA,0,0.0309740410941607,0.0309696229614029,-24.66547,3,3,3,3
"251,501,751",0,3,47.3391653210865,NA,0.00683418139012177,0.00683886755061475,0,16.320775287505,NA,0,16.3207444669835,0.00683886755061476,NA,0,26.866969780021,0.152847401026291,1,NA,0,0.00683418139012177,0.00683886755061475,16.32078,3,3,3,3
"251,501,751",0,3,-12.1125092283638,NA,0.00185438146651564,0.00181506869549441,0,-13.9636752816638,NA,0,-13.9636027732237,0.00181506869549441,NA,0,1.29855655580776,0.177762003626767,1,NA,0,0.00185438146651564,0.00181506869549441,-13.96368,3,3,3,3
"251,501,751",0,3,30.5850513719156,NA,-0.00899354298708942,-0.00900188902971934,0,8.32212343978995,NA,0,8.32204975035002,-0.00900188902971934,NA,0,11.613380519697,0.072269626869949,1,NA,0,-0.00899354298708942,-0.00900188902971934,8.32212,3,3,3,3
"251,501,751",0,3,41.272041414168,NA,-0.0435077316189278,-0.0435037135374694,0,12.7541786599731,NA,0,12.7543870858837,-0.0435037135374694,NA,0,28.0630953749031,0.13295691320841,1,NA,0,-0.0435077316189278,-0.0435037135374694,12.75418,3,3,3,3
"251,501,751",0,3,0.895793493177571,NA,-0.0179762652583829,-0.0179891907240221,0,-6.91950773168686,NA,0,-6.91972208857162,-0.0179891907240221,NA,0,-5.69312099252615,-0.0675944891071618,1,NA,0,-0.0179762652583829,-0.0179891907240221,-6.91951,3,3,3,3
"251,501,751",0,3,23.2490427516503,NA,-0.0150038044814196,-0.0150105786900134,0,4.33331532379819,NA,0,4.33322135911188,-0.0150105786900134,NA,0,8.89917557925115,-0.110899092562303,1,NA,0,-0.0150038044814196,-0.0150105786900134,4.33332,3,3,3,3
"251,501,751",0,3,-22.2547755620607,NA,0.0690416197792265,0.069000038344533,0,-21.0212896516104,NA,0,-21.0183611329505,0.069000038344533,NA,0,-1.4537737999835,-0.130241060494485,1,NA,0,0.0690416197792265,0.069000038344533,-21.02129,3,3,3,3
"251,501,751",0,3,-15.9009476202813,NA,-0.0210699476817876,-0.021076139803605,0,-15.2490233640188,NA,0,-15.2491615527337,-0.021076139803605,NA,0,-15.1195202951884,-0.0371678525199105,1,NA,0,-0.0210699476817876,-0.021076139803605,-15.24902,3,3,3,3
"251,501,751",0,3,81.9482480130426,NA,0.0625637722108037,0.0625645106377061,0,32.044476677952,NA,0,32.0444283337265,0.0625645106377061,NA,0,32.0539499257505,0.0582001345598366,1,NA,0,0.0625637722108037,0.0625645106377061,32.04448,3,3,3,3
"251,501,751",0,3,22.2732413969853,NA,-0.00265577677938303,-0.00266090128682143,0,4.01273720380692,NA,0,4.01272355869192,-0.00266090128682143,NA,0,4.01315266725224,-0.00172841378186983,1,NA,0,-0.00265577677938303,-0.00266090128682143,4.01274,3,3,3,3
"251,501,751",0,3,24.6552294226685,NA,0.0345367099171438,0.0345283317079701,0,3.6512593690821,NA,0,3.65155050588413,0.0345283317079701,NA,0,16.1932408470402,0.193550642643737,1,NA,0,0.0345367099171438,0.0345283317079701,3.65126,3,3,3,3
"251,501,751",0,3,73.5404768351727,NA,-0.0222333162355589,-0.022243752409861,0,29.1304324320987,NA,0,29.1301922273508,-0.022243752409861,NA,0,31.503899435397,0.046765292848775,1,NA,0,-0.0222333162355589,-0.022243752409861,29.13043,3,3,3,3
"251,501,751",0,3,30.1402017559772,NA,-0.0372213115431571,-0.0372095090085554,0,7.31516203959474,NA,0,7.31560044954899,-0.0372095090085554,NA,0,18.0829921643994,-0.18462633776472,1,NA,0,-0.0372213115431571,-0.0372095090085554,7.31516,3,3,3,3
"251,501,751",0,3,-26.8273219128112,NA,-0.0339614645583161,-0.033969669574787,0,-20.9179209456305,NA,0,-20.9181643755222,-0.033969669574787,NA,0,-4.24623838425205,-0.218048044775882,1,NA,0,-0.0339614645583161,-0.033969669574787,-20.91792,3,3,3,3
"251,501,751",0,3,16.1240295076769,NA,-0.034570665952059,-0.0345857202776726,0,-0.139907808407301,NA,0,-0.140440553066899,-0.0345857202776726,NA,0,2.25838722329402,-0.103807950000338,1,NA,0,-0.034570665952059,-0.0345857202776726,-0.13991,3,3,3,3
"251,501,751",0,3,28.3391530902169,NA,0.0207463534299029,0.0207588255174029,0,6.30946177480749,NA,0,6.30920414628633,0.0207588255174029,NA,0,6.66707351841779,0.0474485756249363,1,NA,0,0.0207463534299029,0.0207588255174029,6.30946,3,3,3,3
"251,501,751",0,3,-34.9090363684414,NA,-0.0867110063053747,-0.0866929584454853,0,-28.300897865236,NA,0,-28.2993061400158,-0.0866929584454853,NA,0,-27.8602707013189,-0.116204614669426,1,NA,0,-0.0867110063053747,-0.0866929584454853,-28.3009,3,3,3,3
"251,501,751",0,3,-3.00571674683579,NA,0.00699873551548257,0.00694877296497174,0,-8.6512546897821,NA,0,-8.65091219496435,0.00694877296497174,NA,0,-7.21294845298298,0.0606556435874603,1,NA,0,0.00699873551548257,0.00694877296497174,-8.65125,3,3,3,3
"251,501,751",0,3,-39.2626280363717,NA,-0.00649980939408887,-0.00647325616227102,0,-27.5204485772707,NA,0,-27.520271926297,-0.00647325616227102,NA,0,-25.4806355688658,-0.0703961845893085,1,NA,0,-0.00649980939408887,-0.00647325616227102,-27.52045,3,3,3,3
"251,501,751",0,3,4.39419296187976,NA,0.0226001425001178,0.0226102723352763,0,-6.48985983963859,NA,0,-6.49008628404177,0.0226102723352763,NA,0,13.3219371177395,0.223227885132203,1,NA,0,0.0226001425001178,0.0226102723352763,-6.48986,3,3,3,3
"251,501,751",0,3,44.1703669562702,NA,-0.0338274206207201,-0.0338272585938325,0,14.6004540020285,NA,0,14.6004600240602,-0.0338272585938325,NA,0,38.2476635465797,0.186135933999671,1,NA,0,-0.0338274206207201,-0.0338272585938325,14.60045,3,3,3,3
"251,501,751",0,3,-35.948449014518,NA,-0.0553754694694642,-0.0553994616831725,0,-26.6774350145409,NA,0,-26.6787992290365,-0.0553994616831725,NA,0,-26.4739494891132,-0.035134864888518,1,NA,0,-0.0553754694694642,-0.0553994616831725,-26.67744,3,3,3,3
"251,501,751",0,3,-5.34795767529285,NA,0.0177923276095282,0.0177883487021938,0,-11.2763679382948,NA,0,-11.2762958508518,0.0177883487021938,NA,0,-9.53761299900905,0.0767157730357453,1,NA,0,0.0177923276095282,0.0177883487021938,-11.27637,3,3,3,3
"251,501,751",0,3,71.4804403704973,NA,0.0354194014278745,0.0354174297838397,0,28.2026935960458,NA,0,28.2027991892775,0.0354174297838397,NA,0,30.8701756447634,-0.0377590879736261,1,NA,0,0.0354194014278745,0.0354174297838397,28.20269,3,3,3,3
"251,501,751",0,3,67.5503689102166,NA,0.0267208584025912,0.0267333721916098,0,26.2025039751627,NA,0,26.202171648654,0.0267333721916098,NA,0,26.4381573464833,0.00499133199189705,1,NA,0,0.0267208584025912,0.0267333721916098,26.2025,3,3,3,3
"251,501,751",0,3,71.9385757710692,NA,0.00849219128282885,0.00848335977583637,0,28.8580194460607,NA,0,28.8580968388447,0.00848335977583637,NA,0,31.0023377075052,-0.0570656885065484,1,NA,0,0.00849219128282885,0.00848335977583637,28.85802,3,3,3,3
"251,501,751",0,3,48.4525892562623,NA,-0.00422068214842774,-0.00422231162785909,0,17.2198561417072,NA,0,17.2198484384056,-0.00422231162785909,NA,0,23.4291397914082,0.107691144147388,1,NA,0,-0.00422068214842774,-0.00422231162785909,17.21986,3,3,3,3
"251,501,751",0,3,3.19661082037569,NA,-0.035556443801773,-0.0355414363173999,0,-7.47424450008976,NA,0,-7.47371590749225,-0.0355414363173999,NA,0,-7.25724504695745,-0.0146815781169938,1,NA,0,-0.035556443801773,-0.0355414363173999,-7.47424,3,3,3,3
"251,501,751",0,3,-46.7153593909226,NA,0.00817185587622781,0.0081751889151839,0,-30.3274542536323,NA,0,-30.3274915759382,0.00817518891518391,NA,0,-29.5609481764003,0.0474826749458821,1,NA,0,0.00817185587622781,0.0081751889151839,-30.32745,3,3,3,3
"251,501,751",0,3,28.1418907908125,NA,0.0307579237351311,0.0307616328495011,0,6.53738945387247,NA,0,6.53726796012324,0.0307616328495011,NA,0,7.8475160406674,-0.0204711254029477,1,NA,0,0.0307579237351311,0.0307616328495011,6.53739,3,3,3,3
"251,501,751",0,3,-3.73130836241478,NA,-0.00739981735177399,-0.00739325202205524,0,-8.9385161460769,NA,0,-8.93846250769743,-0.00739325202205524,NA,0,-8.10614721841222,0.0334835590894111,1,NA,0,-0.00739981735177399,-0.00739325202205524,-8.93852,3,3,3,3
"251,501,751",0,3,57.3751272558153,NA,-0.0382353260438385,-0.0382365822748752,0,21.0454919809236,NA,0,21.0454203505094,-0.0382365822748752,NA,0,28.2167647422757,-0.158425537269324,1,NA,0,-0.0382353260438385,-0.0382365822748752,21.04549,3,3,3,3
"251,501,751",0,3,11.0577599714683,NA,-0.00256882109171071,-0.00257508823514152,0,-1.51364951889919,NA,0,-1.51366532441943,-0.00257508823514152,NA,0,-0.508976662262999,0.0422760352801834,1,NA,0,-0.00256882109171071,-0.00257508823514152,-1.51365,3,3,3,3
"251,501,751",0,3,52.1136400655977,NA,-0.0117493379986168,-0.0117880677264946,0,16.7526005773411,NA,0,16.7521564711722,-0.0117880677264946,NA,0,16.7525495761943,-0.0108066277491488,1,NA,0,-0.0117493379986168,-0.0117880677264946,16.7526,3,3,3,3
"251,501,751",0,3,42.1637969808259,NA,0.00292334812262138,0.00292401304110408,0,14.1674200632469,NA,0,14.167416827727,0.00292401304110408,NA,0,24.6178106651588,0.148404874020548,1,NA,0,0.00292334812262138,0.00292401304110408,14.16742,3,3,3,3
"251,501,751",0,3,9.10657699488051,NA,0.0254078034769453,0.0254069264943519,0,-2.99555504353837,NA,0,-2.99553235361995,0.0254069264943519,NA,0,-2.97174562905799,0.0322851383554414,1,NA,0,0.0254078034769453,0.0254069264943519,-2.99556,3,3,3,3
"251,501,751",0,3,71.7128719913539,NA,0.00781355047891724,0.0077966116436837,0,28.5381403911911,NA,0,28.5382739000235,0.0077966116436837,NA,0,30.5249255082175,-0.0552650440915941,1,NA,0,0.00781355047891724,0.0077966116436837,28.53814,3,3,3,3
"251,501,751",0,3,-4.19472212939786,NA,0.0313854979965204,0.0314123935410535,0,-9.87714638263406,NA,0,-9.87796228194942,0.0314123935410535,NA,0,-6.44151688287968,-0.0516443723734143,1,NA,0,0.0313854979965204,0.0314123935410535,-9.87715,3,3,3,3
"251,501,751",0,3,-24.6901813249318,NA,0.00401812404804149,0.00403511378172995,0,-23.0973599393519,NA,0,-23.0974279377518,0.00403511378172995,NA,0,-22.2719788574146,-0.0365134945212386,1,NA,0,0.00401812404804149,0.00403511378172995,-23.09736,3,3,3,3
"251,501,751",0,3,19.97056736845,NA,0.0637471931100373,0.0638716445479725,0,-1.66459338497999,NA,0,-1.67250466133721,0.0638716445479725,NA,0,-1.63277957696497,0.0545159588530955,1,NA,0,0.0637471931100373,0.0638716445479725,-1.66459,3,3,3,3
"251,501,751",0,3,86.9944620775743,NA,-0.0250788017952582,-0.0250768240479001,0,36.1039601340004,NA,0,36.1040094594544,-0.0250768240479001,NA,0,41.5956495440986,0.0799692860353023,1,NA,0,-0.0250788017952582,-0.0250768240479001,36.10396,3,3,3,3
"251,501,751",0,3,-18.8029428552166,NA,0.014326215104345,0.0143205441910462,0,-17.2512220214314,NA,0,-17.2511431837126,0.0143205441910462,NA,0,-16.3681133943484,-0.0277249378346794,1,NA,0,0.014326215104345,0.0143205441910462,-17.25122,3,3,3,3
"251,501,751",0,3,34.7799271760315,NA,0.0792000117429626,0.0791682107093785,0,6.14689875469468,NA,0,6.14928949722882,0.0791682107093785,NA,0,14.0862916543397,0.205252608085712,1,NA,0,0.0792000117429626,0.0791682107093785,6.1469,3,3,3,3
"251,501,751",0,3,46.1175441421954,NA,-0.00176299537685987,-0.00171447410214393,0,14.9847239686329,NA,0,14.9848131005345,-0.00171447410214393,NA,0,15.7061694452809,0.0362439526910019,1,NA,0,-0.00176299537685987,-0.00171447410214393,14.98472,3,3,3,3
"251,501,751",0,3,15.4728785089029,NA,-0.0491659958386075,-0.0491724451540999,0,-0.386770663270223,NA,0,-0.38720374762046,-0.0491724451540999,NA,0,11.2320923773884,-0.202460120931304,1,NA,0,-0.0491659958386075,-0.0491724451540999,-0.38677,3,3,3,3
"251,501,751",0,3,76.2738530831029,NA,0.0470448474638038,0.0470357578999832,0,30.0430479896166,NA,0,30.0434588981968,0.0470357578999832,NA,0,34.8548145840253,0.145265766692974,1,NA,0,0.0470448474638038,0.0470357578999832,30.04305,3,3,3,3
"251,501,751",0,3,19.0576009473869,NA,-0.00743766293031642,-0.00742517402578024,0,2.51809309823976,NA,0,2.51819010493814,-0.00742517402578024,NA,0,4.62470974937106,0.0575427161948812,1,NA,0,-0.00743766293031642,-0.00742517402578024,2.51809,3,3,3,3
"251,501,751",0,3,128.027869567869,NA,0.00215775422031896,0.00214659387162729,0,57.0287734228088,NA,0,57.0287975144984,0.00214659387162729,NA,0,57.3757761799193,0.0285030440163871,1,NA,0,0.00215775422031896,0.00214659387162729,57.02877,3,3,3,3
"251,501,751",0,3,6.68465645462009,NA,0.0628377407045473,0.0628305536948416,0,-5.93330794527687,NA,0,-5.93285403490763,0.0628305536948416,NA,0,-4.44741941079062,0.117206077532291,1,NA,0,0.0628377407045473,0.0628305536948416,-5.93331,3,3,3,3
"251,501,751",0,3,17.583472961606,NA,-0.0632429741255236,-0.0632737823134214,0,-0.568146031065981,NA,0,-0.570151970268864,-0.0632737823134214,NA,0,-0.4535291549521,-0.0784235647490584,1,NA,0,-0.0632429741255236,-0.0632737823134214,-0.56815,3,3,3,3
"251,501,751",0,3,-34.8822575493129,NA,0.0306158945592588,0.0306298297976188,0,-24.9736758297885,"",0,-24.9741051645305,0.0306298297976188,NA,0,-16.6510713348007,0.160084434914828,1,NA,0,0.0306158945592588,0.0306298297976188,-24.97368,3,3,3,3
"251,501,751",0,3,50.6598782269125,NA,0.0614947111513049,0.0615819414374797,0,15.1494886455731,"",0,15.1439255539625,0.0615819414374797,NA,0,17.9303586913597,-0.0133659954426989,1,NA,0,0.0614947111513049,0.0615819414374797,15.14949,3,3,3,3
"251,501,751",0,3,-123.104670276988,NA,-0.00678363062434478,-0.00680319579304067,0,-68.7913229679893,"39",1,-71.7134402846837,-0.0243404320849132,NA,0,-66.5304440954298,0.0605308006366805,1,NA,0,-0.00678363062434478,-0.00680319579304067,-68.79132,3,2.212,3,3
"251,501,751",0,3,63.1347274815688,NA,0.0701712419039041,0.0701841224838732,0,20.9741994495608,"",0,20.9733015892664,0.0701841224838732,NA,0,20.9958405806259,0.0633084906032551,1,NA,0,0.0701712419039041,0.0701841224838732,20.9742,3,3,3,3
"251,501,751",0,3,49.1173890112645,NA,0.0348173134991775,0.0348182700901923,0,16.8272001794055,"",0,16.8271676349357,0.0348182700901923,NA,0,28.803166850675,-0.120786391431075,1,NA,0,0.0348173134991775,0.0348182700901923,16.8272,3,3,3,3
"251,501,751",0,3,-20.3929529318656,NA,-0.00795822934680618,-0.00797371512498843,0,-17.5476940434845,"",0,-17.5478118049627,-0.00797371512498843,NA,0,-16.9523116584782,0.0265786872593139,1,NA,0,-0.00795822934680618,-0.00797371512498843,-17.54769,3,3,3,3
"251,501,751",0,3,55.3507614551172,NA,0.107122468775643,0.107147136980169,0,13.959186456785,"",0,13.9564920262584,0.107147136980169,NA,0,15.8950486396647,0.044973898500493,1,NA,0,0.107122468775643,0.107147136980169,13.95919,3,3,3,3
"251,501,751",0,3,1.2145099213902,NA,0.00333516468713061,0.00332947441256223,0,-6.51099701316126,"",0,-6.51097798380644,0.00332947441256223,NA,0,2.06117659054611,0.134805732236828,1,NA,0,0.00333516468713061,0.00332947441256223,-6.511,3,3,3,3
"251,501,751",0,3,21.2621990260772,NA,-0.0322197877670973,-0.0322219169097668,0,3.18282958705192,"",0,3.18276183191573,-0.0322219169097668,NA,0,3.22814046685546,-0.0417402157173711,1,NA,0,-0.0322197877670973,-0.0322219169097668,3.18283,3,3,3,3
"251,501,751",0,3,43.5381374329084,NA,-0.0281736043384186,-0.0281473599890612,0,13.137968836411,"",0,13.1387121485095,-0.0281473599890612,NA,0,15.3638954336531,-0.0947712143963617,1,NA,0,-0.0281736043384186,-0.0281473599890612,13.13797,3,3,3,3
"251,501,751",0,3,-70.3330401382045,NA,0.0433529973235917,0.0433642616456922,0,-43.1288196999815,"",0,-43.1292904176169,0.0433642616456922,NA,0,-34.6763666428719,0.173801751040952,1,NA,0,0.0433529973235917,0.0433642616456922,-43.12882,3,3,3,3
"251,501,751",0,3,71.2158315060334,NA,-0.0698441223793431,-0.0697857952726571,0,25.3906728485003,"",0,25.3944967390734,-0.0697857952726571,NA,0,25.4095710799184,-0.0642467422231426,1,NA,0,-0.0698441223793431,-0.0697857952726571,25.39067,3,3,3,3
"251,501,751",0,3,3.49014912975727,NA,-0.0066513833769096,-0.0066563396940589,0,-5.38465786526296,"",0,-5.38469005030456,-0.0066563396940589,NA,0,-5.38394128493396,-0.00542522863805239,1,NA,0,-0.0066513833769096,-0.0066563396940589,-5.38466,3,3,3,3
"251,501,751",0,3,-53.3970101956255,NA,-0.0154682804209884,-0.0154652835610966,0,-33.7419007421606,"",0,-33.7418547926136,-0.0154652835610966,NA,0,-32.9792479324129,0.0235958398881499,1,NA,0,-0.0154682804209884,-0.0154652835610966,-33.7419,3,3,3,3
"251,501,751",0,3,52.2195046543488,NA,0.00905134610419453,0.00906009813567865,0,19.1391802513745,"",0,19.1391016162874,0.00906009813567865,NA,0,22.3375883301754,0.0891551615558326,1,NA,0,0.00905134610419453,0.00906009813567865,19.13918,3,3,3,3
"251,501,751",0,3,-6.04831756540703,NA,0.0285442735280456,0.0285724284299838,0,-10.7356903819861,"",0,-10.7364906781232,0.0285724284299838,NA,0,-10.5421602799893,0.00882105663677413,1,NA,0,0.0285442735280456,0.0285724284299838,-10.73569,3,3,3,3
"251,501,751",0,3,39.1107703298242,NA,0.0428774543039504,0.0428872587016185,0,10.9871901863586,"",0,10.9867576461141,0.0428872587016185,NA,0,24.0267363637818,-0.119566390009149,1,NA,0,0.0428774543039504,0.0428872587016185,10.98719,3,3,3,3
"251,501,751",0,3,22.447739224215,NA,0.0675459908275654,0.0675474205422127,0,2.02601943382718,"116,154",2,8.83784916962444,0.0539750478287094,NA,0,2.02919012263638,0.0649890823315147,1,NA,0,0.0675459908275654,0.0675474205422127,2.02602,3,1.232,3,3
"251,501,751",0,3,1.08411459363773,NA,-0.00132718794626753,-0.00133395566045385,0,-6.79730062530948,"",0,-6.79730879364774,-0.00133395566045385,NA,0,-6.58607629492414,0.019282251929494,1,NA,0,-0.00132718794626753,-0.00133395566045385,-6.7973,3,3,3,3
"251,501,751",0,3,72.2912501045802,NA,0.0628762374995585,0.0629473342489253,0,25.602536923419,"",0,25.5980651864478,0.0629473342489253,NA,0,48.6925336813667,-0.153966913980775,1,NA,0,0.0628762374995585,0.0629473342489253,25.60254,3,3,3,3
"251,501,751",0,3,90.9650550731498,NA,-0.0078264430049013,-0.00784887146958175,0,38.1434784116003,NA,0,38.1433012885636,-0.00784887146958175,NA,0,39.875380883631,0.0510657910068373,1,NA,0,-0.0078264430049013,-0.00784887146958175,38.14348,3,3,3,3
"251,501,751",0,3,59.8705896160533,NA,0.016120759872995,0.0161302604935267,0,22.8486853741274,NA,0,22.8485217643324,0.0161302604935267,NA,0,22.90649122889,0.00535061043203067,1,NA,0,0.016120759872995,0.0161302604935267,22.84869,3,3,3,3
"251,501,751",0,3,-32.8816746582034,NA,0.0034353357662184,0.00343102484948142,0,-23.4562753143823,NA,0,-23.4562587628167,0.00343102484948142,NA,0,-21.3595716003103,0.068352536717242,1,NA,0,0.0034353357662184,0.00343102484948142,-23.45628,3,3,3,3
"251,501,751",0,3,-54.3185701329668,NA,0.0412383589815869,0.0413667387438459,0,-39.663717689529,NA,0,-39.6689881311082,0.0413667387438459,NA,0,-23.809408835083,-0.137719540688177,1,NA,0,0.0412383589815869,0.0413667387438459,-39.66372,3,3,3,3
"251,501,751",0,3,-24.2294787062522,NA,-0.0380212214471127,-0.0381399444911562,0,-23.2055403523557,NA,0,-23.2099363563365,-0.0381399444911562,NA,0,-12.0073389319739,0.11228086343902,1,NA,0,-0.0380212214471127,-0.0381399444911562,-23.20554,3,3,3,3
"251,501,751",0,3,62.0427269970142,NA,-0.056869473789387,-0.0568548970028659,0,22.1406631525412,NA,0,22.1413815296043,-0.0568548970028659,NA,0,24.3791435064662,-0.123939379716886,1,NA,0,-0.056869473789387,-0.0568548970028659,22.14066,3,3,3,3
"251,501,751",0,3,56.1098296014382,NA,-0.0105174014115247,-0.0105295956926532,0,19.3758768383378,NA,0,19.3757497856954,-0.0105295956926532,NA,0,22.2371142157541,0.0651434447572865,1,NA,0,-0.0105174014115247,-0.0105295956926532,19.37588,3,3,3,3
"251,501,751",0,3,7.10068669854835,NA,0.0206791365555096,0.0206790072075728,0,-3.57143922869401,NA,0,-3.57143600351156,0.0206790072075728,"990",1,-3.7317808040177,0.0675167935692702,1,NA,0,0.0206791365555096,0.0206790072075728,-3.57144,3,3,2.239,3
"251,501,751",0,3,33.805447344785,NA,-0.0156660940001209,-0.0156682900170422,0,9.8454519168296,NA,0,9.84541755664086,-0.0156682900170422,NA,0,20.6329900043382,0.131993305318417,1,NA,0,-0.0156660940001209,-0.0156682900170422,9.84545,3,3,3,3
"251,501,751",0,3,68.9127862525344,NA,-0.0235030403266214,-0.0235015960158496,0,27.1799863858361,NA,0,27.180018451633,-0.0235015960158496,NA,0,31.4785551923477,-0.116406187548372,1,NA,0,-0.0235030403266214,-0.0235015960158496,27.17999,3,3,3,3
"251,501,751",0,3,7.22198120101291,NA,0.0383972635696307,0.0384317865194548,0,-4.25258340392294,NA,0,-4.25387014464775,0.0384317865194548,NA,0,-2.8192092928417,0.0919449840340258,1,NA,0,0.0383972635696307,0.0384317865194548,-4.25258,3,3,3,3
"251,501,751",0,3,-41.1533986792027,NA,-0.00166049419398673,-0.00167757893452402,0,-27.8450555987398,NA,0,-27.8450843364162,-0.00167757893452402,NA,0,-25.7841229742979,0.0625944903434517,1,NA,0,-0.00166049419398673,-0.00167757893452402,-27.84506,3,3,3,3
"251,501,751",0,3,22.3792378914839,NA,-0.0140229432778393,-0.0140082521887942,0,2.53617038599931,NA,0,2.53638208764315,-0.0140082521887942,NA,0,2.53645174514128,-0.0143480440803286,1,NA,0,-0.0140229432778393,-0.0140082521887942,2.53617,3,3,3,3
"251,501,751",0,3,-72.4123988723759,NA,0.116206698283975,0.11621523755349,0,-50.0278358035771,NA,0,-50.0287938196075,0.11621523755349,NA,0,-49.0766641893494,0.159554646692866,1,NA,0,0.116206698283975,0.11621523755349,-50.02784,3,3,3,3
"251,501,751",0,3,38.4469503562947,NA,-0.00305127185769707,-0.00295677143920371,0,10.1095936076541,NA,0,10.1098806904058,-0.00295677143920371,NA,0,10.1098807274619,-0.00295631946600805,1,NA,0,-0.00305127185769707,-0.00295677143920371,10.10959,3,3,3,3
"251,501,751",0,3,55.8751791189186,NA,0.0260095455642903,0.0260297764532431,0,20.0619291997701,NA,0,20.0613972619536,0.0260297764532431,NA,0,48.3710305349789,0.267123019791308,1,NA,0,0.0260095455642903,0.0260297764532431,20.06193,3,3,3,3
"251,501,751",0,3,95.2616966318052,NA,0.0198217637724151,0.0198799763029547,0,40.0748925986763,NA,0,40.0738000742405,0.0198799763029547,NA,0,40.0738074880656,0.0199482907383648,1,NA,0,0.0198217637724151,0.0198799763029547,40.07489,3,3,3,3
"251,501,751",0,3,-19.4452829303881,NA,0.0158642086876601,0.0158639385949711,0,-16.8035473856613,NA,0,-16.8035429389979,0.0158639385949711,NA,0,-15.4506792968038,-0.0362153491151452,1,NA,0,0.0158642086876601,0.0158639385949711,-16.80355,3,3,3,3
"251,501,751",0,3,0.183778861927696,NA,0.0214091724381281,0.021391845446735,0,-7.16867214573743,NA,0,-7.16832719786158,0.021391845446735,NA,0,4.35099961822929,0.174102636375795,1,NA,0,0.0214091724381281,0.021391845446735,-7.16867,3,3,3,3
"251,501,751",0,3,-55.2190569811872,NA,0.0321459138150414,0.0321812347148937,0,-35.9036171945599,NA,0,-35.9047465658202,0.0321812347148937,NA,0,-35.2250224874115,0.068922853076101,1,NA,0,0.0321459138150414,0.0321812347148937,-35.90362,3,3,3,3
"251,501,751",0,3,128.216731495059,NA,0.0324042113717816,0.032405198656149,0,56.6738114555902,"",0,56.6737647339604,0.032405198656149,"",0,56.6892639778935,0.0379706546113827,1,NA,0,0.0324042113717816,0.032405198656149,56.67381,3,3,3,3
"251,501,751",0,3,53.4892197294392,NA,0.0282680095024863,0.0282747737769397,0,19.3849589471346,"517,583",2,18.7408206429314,0.00129681937838956,"517,583",2,34.5912115256458,-0.177169357586576,1,NA,0,0.0282680095024863,0.0282747737769397,19.38496,3,1.098,1.098,3
"251,501,751",0,3,6.2998320609164,NA,-0.0193345061306837,-0.0193263233823659,0,-4.13337471076781,"",0,-4.1332208464386,-0.0193263233823659,"",0,3.2171677345766,0.102337465589873,1,NA,0,-0.0193345061306837,-0.0193263233823659,-4.13337,3,3,3,3
"251,501,751",0,3,110.525537954683,NA,-0.0287971639425015,-0.0287968336627772,0,47.9065946408489,"",0,47.9066042591569,-0.0287968336627772,"",0,50.8368720223881,-0.1054274159312,1,NA,0,-0.0287971639425015,-0.0287968336627772,47.90659,3,3,3,3
"251,501,751",0,3,65.0226068472455,NA,0.0334864064319968,0.0334835413642767,0,25.0409608950323,"",0,25.0410248657741,0.0334835413642767,"",0,26.764185206776,0.0922205734712198,1,NA,0,0.0334864064319968,0.0334835413642767,25.04096,3,3,3,3
"251,501,751",0,3,18.6674863318986,NA,0.0125189144775319,0.0125179591081987,0,2.14872082479229,"",0,2.14873319186927,0.0125179591081987,"",0,5.51982776027219,0.0947688888108675,1,NA,0,0.0125189144775319,0.0125179591081987,2.14872,3,3,3,3
"251,501,751",0,3,56.6570017223653,NA,0.0367891416642499,0.0367852678605581,0,20.7226566696765,"",0,20.7228063861209,0.0367852678605581,"",0,28.3891847586055,-0.0874340002779914,1,NA,0,0.0367891416642499,0.0367852678605581,20.72266,3,3,3,3
"251,501,751",0,3,36.5058021252724,NA,-0.0436779880599386,-0.0436736284707876,0,10.1833588944896,"",0,10.1835536033399,-0.0436736284707876,"",0,11.3968389591659,0.00557829358331552,1,NA,0,-0.0436779880599386,-0.0436736284707876,10.18336,3,3,3,3
"251,501,751",0,3,50.7825505184258,NA,0.00695120563425528,0.00693123455367563,0,18.311724970917,"",0,18.3118512999925,0.00693123455367563,"",0,21.970757375474,0.0927349090198495,1,NA,0,0.00695120563425528,0.00693123455367563,18.31172,3,3,3,3
"251,501,751",0,3,2.52062943036772,NA,-0.00248310939018299,-0.00248290189231879,0,-5.65053597281478,"",0,-5.6505317773685,-0.00248290189231879,"",0,-5.56554374434353,0.0105634322141037,1,NA,0,-0.00248310939018299,-0.00248290189231879,-5.65054,3,3,3,3
"251,501,751",0,3,66.4494270793276,NA,0.0435188046055737,0.0435003393337414,0,24.4529202150884,"",0,24.4537279844667,0.0435003393337414,"",0,30.9937670537829,-0.071091847941449,1,NA,0,0.0435188046055737,0.0435003393337414,24.45292,3,3,3,3
"251,501,751",0,3,-103.795073648373,NA,-0.0281363088629493,-0.0281383970786766,0,-59.2019029572162,"",0,-59.2019410589437,-0.0281383970786766,"",0,-52.6778744193721,0.0864309020628786,1,NA,0,-0.0281363088629493,-0.0281383970786766,-59.2019,3,3,3,3
"251,501,751",0,3,-15.0199292402538,NA,-0.00554109830279937,-0.00554085537915053,0,-14.4338206870237,"",0,-14.4338178489012,-0.00554085537915053,"",0,-13.9500159321057,0.0256095595964068,1,NA,0,-0.00554109830279937,-0.00554085537915053,-14.43382,3,3,3,3
"251,501,751",0,3,61.2007452816681,NA,-0.0172914604021986,-0.0172774814806673,0,22.8826943333033,"",0,22.8829241976704,-0.0172774814806673,"",0,23.822433561549,-0.0606588774157025,1,NA,0,-0.0172914604021986,-0.0172774814806673,22.88269,3,3,3,3
"251,501,751",0,3,-27.0062170930516,NA,-0.0164041540002712,-0.0164072550137933,0,-20.8203605728037,"",0,-20.8204089512859,-0.0164072550137933,"",0,-18.546352213067,0.0511463660285643,1,NA,0,-0.0164041540002712,-0.0164072550137933,-20.82036,3,3,3,3
"251,501,751",0,3,-16.1337685763706,NA,0.0019677363138284,0.00196958906869534,0,-15.5455599076536,"",0,-15.5455634607567,0.00196958906869534,"",0,-15.5411901821861,-0.000991095255611918,1,NA,0,0.0019677363138284,0.00196958906869534,-15.54556,3,3,3,3
"251,501,751",0,3,-27.7567898646754,NA,0.00277062310253923,0.00276467104584498,0,-20.8064300760402,"",0,-20.8064160743307,0.00276467104584498,"",0,-17.7019285998678,-0.0761769769897058,1,NA,0,0.00277062310253923,0.00276467104584498,-20.80643,3,3,3,3
"251,501,751",0,3,-48.6519135873529,NA,-0.00844072156917387,-0.0084771686244872,0,-31.5867690000293,"",0,-31.5870727603424,-0.0084771686244872,"",0,-28.1224581638634,0.0749240245786118,1,NA,0,-0.00844072156917387,-0.0084771686244872,-31.58677,3,3,3,3
"251,501,751",0,3,71.2669857305188,NA,-0.0581601830491863,-0.0582757892457979,0,26.0623245355239,"",0,26.0556223135282,-0.0582757892457979,"",0,26.0650055205494,-0.0623736695989001,1,NA,0,-0.0581601830491863,-0.0582757892457979,26.06232,3,3,3,3
"251,501,751",0,3,94.4744822032288,NA,0.00167023368263474,0.00166337404957368,0,40.254268914736,"",0,40.2542808893708,0.00166337404957368,"",0,41.3705119310322,0.0489483726365776,1,NA,0,0.00167023368263474,0.00166337404957368,40.25427,3,3,3,3
"251,501,751",0,3,61.3837264955128,NA,-0.0179721771006826,-0.0179926570762709,0,22.7075965161043,NA,0,22.7072338979649,-0.0179926570762709,NA,0,22.8395575320565,-0.0341938344708066,1,NA,0,-0.0179721771006826,-0.0179926570762709,22.7076,3,3,3,3
"251,501,751",0,3,72.2643272067121,NA,0.0263794563532905,0.0264100800936742,0,28.7100821495772,NA,0,28.7092544166031,0.0264100800936742,NA,0,39.5604343851463,0.174429547875313,1,NA,0,0.0263794563532905,0.0264100800936742,28.71008,3,3,3,3
"251,501,751",0,3,11.9570650157738,NA,-0.0131722076173783,-0.0131543284322018,0,-2.40565884904711,NA,0,-2.40541990195908,-0.0131543284322018,NA,0,-1.88932238998748,0.0189674357046987,1,NA,0,-0.0131722076173783,-0.0131543284322018,-2.40566,3,3,3,3
"251,501,751",0,3,-15.7569004276302,NA,0.0404355548995042,0.0404317209008554,0,-15.6523662622362,NA,0,-15.6522246764544,0.0404317209008554,NA,0,-15.017531211863,0.0760527154285657,1,NA,0,0.0404355548995042,0.0404317209008554,-15.65237,3,3,3,3
"251,501,751",0,3,79.1994328105241,NA,-0.0363393620284649,-0.0363447725761329,0,31.7042394113737,NA,0,31.7040465147642,-0.0363447725761329,NA,0,34.2436627647023,-0.107613374449993,1,NA,0,-0.0363393620284649,-0.0363447725761329,31.70424,3,3,3,3
"251,501,751",0,3,57.7693618149879,NA,-0.0175671278991647,-0.0175700043999205,0,21.8202623938249,NA,0,21.8202262772566,-0.0175700043999205,NA,0,22.1129235507054,0.00663244377803207,1,NA,0,-0.0175671278991647,-0.0175700043999205,21.82026,3,3,3,3
"251,501,751",0,3,-11.6886672470241,NA,0.00877669875822918,0.00877588932086818,0,-12.8329753553588,NA,0,-12.8329685122138,0.00877588932086818,NA,0,0.0544074678092095,-0.152805053901188,1,NA,0,0.00877669875822918,0.00877588932086818,-12.83298,3,3,3,3
"251,501,751",0,3,26.8312289380604,NA,-0.0115510399509946,-0.0115687218650968,0,5.97072563672875,NA,0,5.97052244734257,-0.0115687218650968,NA,0,8.35268286129684,-0.0806098316086284,1,NA,0,-0.0115510399509946,-0.0115687218650968,5.97073,3,3,3,3
"251,501,751",0,3,0.0415640799959291,NA,-0.00221380239151991,-0.00222378200564583,0,-7.11475075569886,NA,0,-7.11477224455933,-0.00222378200564583,NA,0,-6.55800402386577,-0.0355887245988286,1,NA,0,-0.00221380239151991,-0.00222378200564583,-7.11475,3,3,3,3
"251,501,751",0,3,-18.5570024460477,NA,-0.028857503163308,-0.0288522439599905,0,-16.942245371221,NA,0,-16.9420889197158,-0.0288522439599905,NA,0,-10.9782145400678,-0.138337861635387,1,NA,0,-0.028857503163308,-0.0288522439599905,-16.94225,3,3,3,3
"251,501,751",0,3,43.7262810645861,NA,-0.031555757935726,-0.0315668676170051,0,14.3808629325391,NA,0,14.3805125662088,-0.0315668676170051,NA,0,15.4986047860914,-0.0788384953041186,1,NA,0,-0.031555757935726,-0.0315668676170051,14.38086,3,3,3,3
"251,501,751",0,3,3.20619143113403,NA,0.0216273836888412,0.0216653566709096,0,-5.98972051321994,NA,0,-5.99055608001999,0.0216653566709096,NA,0,-5.05211847332477,0.0649278657007863,1,NA,0,0.0216273836888412,0.0216653566709096,-5.98972,3,3,3,3
"251,501,751",0,3,37.177830555844,NA,-0.0175957238430526,-0.0175769615956084,0,11.3359088609701,NA,0,11.3362394753223,-0.0175769615956084,NA,0,17.8762531901278,-0.132292419827982,1,NA,0,-0.0175957238430526,-0.0175769615956084,11.33591,3,3,3,3
"251,501,751",0,3,20.5981658946768,NA,-0.0105146105279907,-0.0105300259257702,0,3.1672805041839,NA,0,3.16712449668669,-0.0105300259257702,NA,0,5.65788054114362,-0.0811790534215061,1,NA,0,-0.0105146105279907,-0.0105300259257702,3.16728,3,3,3,3
"251,501,751",0,3,24.7250945762106,NA,-0.0198559544182122,-0.0199146911616995,0,4.87248482106242,NA,0,4.87125976682706,-0.0199146911616995,NA,0,5.62792459012091,0.0190989449136363,1,NA,0,-0.0198559544182122,-0.0199146911616995,4.87248,3,3,3,3
"251,501,751",0,3,-77.2127427021324,NA,-0.0611939548866088,-0.0611968705185115,0,-47.4221848325744,NA,0,-47.4223710218625,-0.0611968705185115,NA,0,-47.4106299817357,-0.0660264989528108,1,NA,0,-0.0611939548866088,-0.0611968705185115,-47.42218,3,3,3,3
"251,501,751",0,3,71.3735944400426,NA,-0.0135374608632483,-0.0135070363192243,0,28.3189769674034,NA,0,28.3193944699088,-0.0135070363192243,NA,0,28.9085274054579,0.02079517299691,1,NA,0,-0.0135374608632483,-0.0135070363192243,28.31898,3,3,3,3
"251,501,751",0,3,38.6384914664383,NA,-0.0082654725965625,-0.00828630755581147,0,11.4753244398153,NA,0,11.4751590196899,-0.00828630755581147,NA,0,12.0999651444239,-0.0436185301998393,1,NA,0,-0.0082654725965625,-0.00828630755581147,11.47532,3,3,3,3
"251,501,751",0,3,-0.46854130966658,NA,0.00944378365635537,0.0095128705962922,0,-8.26279543423538,NA,0,-8.26344146221657,0.0095128705962922,NA,0,-4.01810364263392,0.101662525198312,1,NA,0,0.00944378365635537,0.0095128705962922,-8.2628,3,3,3,3
"251,501,751",0,3,68.7801345354603,NA,-0.00525719645466398,-0.00524366283319251,0,27.3380827566373,NA,0,27.3381519332042,-0.00524366283319251,NA,0,27.498229609222,-0.0231495487515551,1,NA,0,-0.00525719645466398,-0.00524366283319251,27.33808,3,3,3,3
"251,501,751",0,3,34.8412305612801,NA,0.0056426202776011,0.00565604741975455,0,10.1684637161217,NA,0,10.1683911255649,0.00565604741975455,NA,0,12.9952818274478,0.0809498382974143,1,NA,0,0.0056426202776011,0.00565604741975455,10.16846,3,3,3,3
"251,501,751",0,3,63.6931447266599,NA,-0.0176929980000855,-0.0177050410578424,0,24.6960376618766,NA,0,24.6958475198084,-0.0177050410578424,NA,0,33.6179467501916,-0.15197471691462,1,NA,0,-0.0176929980000855,-0.0177050410578424,24.69604,3,3,3,3
"251,501,751",0,3,116.016108118564,NA,-0.0288928910211219,-0.0289452546446295,0,49.8230795598309,NA,0,49.8215567325912,-0.0289452546446295,NA,0,49.9234151773967,-0.0430990051129565,1,NA,0,-0.0288928910211219,-0.0289452546446295,49.82308,3,3,3,3
"251,501,751",0,3,96.3019636426167,NA,-0.0795990486952461,-0.0795887900223499,0,37.7825728404578,NA,0,37.7834182313846,-0.0795887900223499,NA,0,41.1787873259513,0.0027353752753243,1,NA,0,-0.0795990486952461,-0.0795887900223499,37.78257,3,3,3,3
"251,501,751",0,3,54.35506077905,NA,0.0289251891543043,0.0289137443036174,0,19.6512394498767,NA,0,19.6515921446527,0.0289137443036174,NA,0,19.7975022989801,0.0118204463211697,1,NA,0,0.0289251891543043,0.0289137443036174,19.65124,3,3,3,3
"251,501,751",0,3,5.60005939460568,NA,-0.026490439149979,-0.0264966895387053,0,-5.75189686723007,NA,0,-5.75206109150332,-0.0264966895387053,NA,0,-5.72181698509492,-0.0341871663726528,1,NA,0,-0.026490439149979,-0.0264966895387053,-5.7519,3,3,3,3
"251,501,751",0,3,-27.0629419686425,NA,-0.0324945362036612,-0.0325169772268485,0,-21.5078119113376,NA,0,-21.508523918461,-0.0325169772268485,NA,0,-15.8834404832848,-0.138742853082355,1,NA,0,-0.0324945362036612,-0.0325169772268485,-21.50781,3,3,3,3
"251,501,751",0,3,44.80722805343,NA,0.00964450109981973,0.00963513332192799,0,14.5653116786122,NA,0,14.5654019564727,0.00963513332192799,NA,0,17.9001801945772,-0.0721001707701143,1,NA,0,0.00964450109981973,0.00963513332192799,14.56531,3,3,3,3
"251,501,751",0,3,-28.7651455164366,NA,0.00996479949336695,0.00997452618605104,0,-21.4007787804621,NA,0,-21.4008737461958,0.00997452618605104,NA,0,-19.5013817679673,0.071652747182928,1,NA,0,0.00996479949336695,0.00997452618605104,-21.40078,3,3,3,3
"251,501,751",0,3,20.0151038328169,NA,-0.0072016607819944,-0.00719620560987947,0,3.02953530065607,NA,0,3.02957647065641,-0.00719620560987947,NA,0,5.73198408728084,-0.0808202206906207,1,NA,0,-0.0072016607819944,-0.00719620560987947,3.02954,3,3,3,3
"251,501,751",0,3,-35.1154110137253,NA,0.017411140918324,0.0173693558865124,0,-25.7259573744706,NA,0,-25.7252442368846,0.0173693558865124,NA,0,-18.7085730802871,-0.101401150270169,1,NA,0,0.017411140918324,0.0173693558865124,-25.72596,3,3,3,3
"251,501,751",0,3,26.5346322730473,NA,0.00530901559824731,0.00531424631448902,0,5.96272006352011,NA,0,5.96269282359021,0.00531424631448901,NA,0,6.88735017564488,0.0483166246941897,1,NA,0,0.00530901559824731,0.00531424631448902,5.96272,3,3,3,3
"251,501,751",0,3,74.2125950254659,NA,-0.00251802980047051,-0.00252654251198026,0,30.0639147407653,NA,0,30.0638909482139,-0.00252654251198026,NA,0,32.7218841932784,0.0706076102043287,1,NA,0,-0.00251802980047051,-0.00252654251198026,30.06391,3,3,3,3
"251,501,751",0,3,108.069125549682,NA,0.00301619676261397,0.00300932513897007,0,46.3699461024546,NA,0,46.36996626824,0.00300932513897007,NA,0,49.484595677203,0.0820402450008944,1,NA,0,0.00301619676261397,0.00300932513897007,46.36995,3,3,3,3
"251,501,751",0,3,26.4112423599459,NA,-0.0259161334467661,-0.0259154606548155,0,5.92805591740862,NA,0,5.92807369374365,-0.0259154606548155,NA,0,6.90472551763633,0.0182876384950661,1,NA,0,-0.0259161334467661,-0.0259154606548155,5.92806,3,3,3,3
"251,501,751",0,3,23.246546088042,NA,0.0138578064867425,0.0138594688124889,0,4.61840373688139,NA,0,4.61837735461409,0.0138594688124889,NA,0,6.41259423558467,0.0738106612425489,1,NA,0,0.0138578064867425,0.0138594688124889,4.6184,3,3,3,3
"251,501,751",0,3,66.5007863615277,NA,0.0177090475865132,0.0177124695678101,0,25.6809621479187,NA,0,25.6809035141284,0.0177124695678101,NA,0,28.4242255863763,-0.0564750616938648,1,NA,0,0.0177090475865132,0.0177124695678101,25.68096,3,3,3,3
"251,501,751",0,3,-30.5119855533404,NA,0.0477875419274012,0.0478125658009412,0,-23.7970822040514,NA,0,-23.7983197304698,0.0478125658009412,NA,0,-23.0409269071196,0.0866304472167245,1,NA,0,0.0477875419274012,0.0478125658009412,-23.79708,3,3,3,3
"251,501,751",0,3,13.6092465506991,NA,-0.010219073502497,-0.0102040288107466,0,-3.10543255311938,NA,0,-3.105283963951,-0.0102040288107466,NA,0,-2.29671869323555,-0.0503447771498237,1,NA,0,-0.010219073502497,-0.0102040288107466,-3.10543,3,3,3,3
"251,501,751",0,3,50.5087346038409,NA,-0.00204361229037967,-0.00204312440695075,0,18.3030051136038,NA,0,18.303006186382,-0.00204312440695075,NA,0,24.8322819076858,-0.116715958043689,1,NA,0,-0.00204361229037967,-0.00204312440695075,18.30301,3,3,3,3
"251,501,751",0,3,-65.5592451321335,NA,0.0418218277262562,0.0418308177959272,0,-40.6418872303865,NA,0,-40.6422651958346,0.0418308177959272,NA,0,-40.3388135234972,0.0171994344597637,1,NA,0,0.0418218277262562,0.0418308177959272,-40.64189,3,3,3,3
"251,501,751",0,3,-27.0459821068176,NA,-0.0268999920338122,-0.0268950888274201,0,-20.830499228139,NA,0,-20.8303484127843,-0.0268950888274201,NA,0,-12.371448882484,0.103794152632176,1,NA,0,-0.0268999920338122,-0.0268950888274201,-20.8305,3,3,3,3
"251,501,751",0,3,82.6353390725643,NA,0.0242334245391672,0.0242366537466584,0,34.1062635897291,NA,0,34.1061632759652,0.0242366537466584,NA,0,35.0657155718459,0.0680811689143841,1,NA,0,0.0242334245391672,0.0242366537466584,34.10626,3,3,3,3
"251,501,751",0,3,25.4586563026199,NA,0.0135328596374092,0.0135101586035172,0,4.04513299957176,NA,0,4.04544051420612,0.0135101586035172,NA,0,4.34107926739108,-0.0107897691353276,1,NA,0,0.0135328596374092,0.0135101586035172,4.04513,3,3,3,3
"251,501,751",0,3,86.1824372335535,NA,-0.0311634443294921,-0.0311654368517128,0,35.6205578055895,NA,0,35.6204960177452,-0.0311654368517128,NA,0,36.5668600192542,0.0123429861529618,1,NA,0,-0.0311634443294921,-0.0311654368517128,35.62056,3,3,3,3
"251,501,751",0,3,-37.9810272009199,NA,0.000277523163804623,0.000241674699260461,0,-29.0795401286315,NA,0,-29.0795300574106,0.000241674699260456,NA,0,-27.6350224901686,0.0541383495290988,1,NA,0,0.000277523163804623,0.000241674699260461,-29.07954,3,3,3,3
"251,501,751",0,3,87.7570750525727,NA,-0.0270951885262378,-0.0271423478125021,0,34.9573175856282,NA,0,34.9560662141037,-0.0271423478125021,NA,0,35.0141612460778,-0.0377719529474565,1,NA,0,-0.0270951885262378,-0.0271423478125021,34.95732,3,3,3,3
"251,501,751",0,3,44.260057455656,NA,0.0435767204502164,0.0435898030257327,0,14.158157997546,NA,0,14.15758854959,0.0435898030257327,NA,0,14.2556633510571,0.0575579368217665,1,NA,0,0.0435767204502164,0.0435898030257327,14.15816,3,3,3,3
"251,501,751",0,3,11.4691233957844,NA,0.0582176455240144,0.0581771557298717,0,-3.51812299304466,NA,0,-3.51579998283192,0.0581771557298717,NA,0,7.18995353115137,0.204941581581267,1,NA,0,0.0582176455240144,0.0581771557298717,-3.51812,3,3,3,3
"251,501,751",0,3,-2.82531478554132,NA,0.044416566443808,0.0444187168557763,0,-9.33719833037893,NA,0,-9.33727179172713,0.0444187168557763,NA,0,4.92903582259696,-0.126441278857639,1,NA,0,0.044416566443808,0.0444187168557763,-9.3372,3,3,3,3
"251,501,751",0,3,-33.2702460366873,NA,0.0496556009721592,0.0496599502213706,0,-25.8224269588537,NA,0,-25.8226417564977,0.0496599502213706,NA,0,-24.6441593926327,0.0980187528927485,1,NA,0,0.0496556009721592,0.0496599502213706,-25.82243,3,3,3,3
"251,501,751",0,3,-33.5745065249531,NA,0.0474519282152948,0.0473701148538718,0,-26.6525324638275,NA,0,-26.648704032566,0.0473701148538718,NA,0,-23.6744180945482,0.124322635940121,1,NA,0,0.0474519282152948,0.0473701148538718,-26.65253,3,3,3,3
"251,501,751",0,3,-2.32944545308906,NA,0.00851091702743227,0.00848899777973279,0,-9.61070052370443,NA,0,-9.6105186499566,0.00848899777973279,NA,0,-8.23298963039361,0.060969572843949,1,NA,0,0.00851091702743227,0.00848899777973279,-9.6107,3,3,3,3
"251,501,751",0,3,-42.3169440208065,NA,-0.012154755951229,-0.0121428061758018,0,-28.5185661670347,NA,0,-28.5184129045914,-0.0121428061758018,NA,0,-26.4565013288721,0.0522010421860797,1,NA,0,-0.012154755951229,-0.0121428061758018,-28.51857,3,3,3,3
"251,501,751",0,3,58.1796783251773,NA,0.0311882571782816,0.0311929325108878,0,21.6473148750213,NA,0,21.647184209687,0.0311929325108878,NA,0,22.5490362989879,0.0736776194851496,1,NA,0,0.0311882571782816,0.0311929325108878,21.64731,3,3,3,3
"251,501,751",0,3,-2.41350007619915,NA,-0.0827838406491753,-0.0827820601174892,0,-11.7955700592076,NA,0,-11.7954321134174,-0.0827820601174892,NA,0,-11.6154435158912,-0.0638329675293628,1,NA,0,-0.0827838406491753,-0.0827820601174892,-11.79557,3,3,3,3
"251,501,751",0,3,27.3370885761363,NA,-0.00758987924821484,-0.00760232718282758,0,6.66564947824619,NA,0,6.66556503731567,-0.00760232718282758,NA,0,10.4758786066951,-0.0951074783808022,1,NA,0,-0.00758987924821484,-0.00760232718282758,6.66565,3,3,3,3
"251,501,751",0,3,3.63519117693947,NA,-0.039930998257649,-0.0398904701982334,0,-6.54039525791057,NA,0,-6.53883662639429,-0.0398904701982334,NA,0,-3.42268701436146,0.03913554459908,1,NA,0,-0.039930998257649,-0.0398904701982334,-6.5404,3,3,3,3
"251,501,751",0,3,-9.76076393710262,NA,0.00703264349280707,0.00703032440653688,0,-11.8173815649494,NA,0,-11.817373516056,0.00703032440653688,NA,0,-8.08738231574503,-0.0795970719902466,1,NA,0,0.00703264349280707,0.00703032440653688,-11.81738,3,3,3,3
"251,501,751",0,3,12.9609732532254,NA,-0.045688529979755,-0.0456786119615741,0,-1.57714399488169,NA,0,-1.57666815518251,-0.0456786119615741,NA,0,1.07110958373888,0.0271252024286994,1,NA,0,-0.045688529979755,-0.0456786119615741,-1.57714,3,3,3,3
"251,501,751",0,3,-12.3905030473215,NA,0.0296061153012124,0.0296045623571873,0,-13.564180557888,NA,0,-13.5641339129363,0.0296045623571873,NA,0,-13.2451091609165,0.00435260755098588,1,NA,0,0.0296061153012124,0.0296045623571873,-13.56418,3,3,3,3
"251,501,751",0,3,14.0820252035366,NA,-0.0265008291579751,-0.0264826279360034,0,-1.01807901701393,NA,0,-1.01759797132355,-0.0264826279360034,NA,0,14.7825624560304,0.15251516011595,1,NA,0,-0.0265008291579751,-0.0264826279360034,-1.01808,3,3,3,3
"251,501,751",0,3,-35.6792231279669,NA,0.0316895814112937,0.0316952821561228,0,-25.2581364975308,NA,0,-25.2583189190253,0.0316952821561228,NA,0,-25.14418593178,0.0165873976628448,1,NA,0,0.0316895814112937,0.0316952821561228,-25.25814,3,3,3,3
"251,501,751",0,3,-11.3376684717078,NA,-0.0226478123037935,-0.022639205095077,0,-13.4918951424999,NA,0,-13.4917001927869,-0.022639205095077,NA,0,-12.6242912011006,0.0190130898640477,1,NA,0,-0.0226478123037935,-0.022639205095077,-13.4919,3,3,3,3
"251,501,751",0,3,22.6676969611809,NA,-0.0749351026687845,-0.0749393235167405,0,0.110828642273729,NA,0,0.110521525489412,-0.0749393235167405,NA,0,0.212928717990602,-0.0889693281058939,1,NA,0,-0.0749351026687845,-0.0749393235167405,0.11083,3,3,3,3
"251,501,751",0,3,24.0844498622566,NA,-0.0241522209748219,-0.0241312597031137,0,4.59538186106874,NA,0,4.59585178857919,-0.0241312597031137,NA,0,7.37911171706924,-0.0989004187496588,1,NA,0,-0.0241522209748219,-0.0241312597031137,4.59538,3,3,3,3
"251,501,751",0,3,37.4987764193959,NA,0.0138988475190786,0.0139203893267718,0,11.7088350700828,NA,0,11.7084980168159,0.0139203893267718,NA,0,11.7145144854485,0.0173680776923426,1,NA,0,0.0138988475190786,0.0139203893267718,11.70884,3,3,3,3
"251,501,751",0,3,97.7789298089548,NA,0.00380165094487744,0.00379982651287022,0,41.9551614342188,NA,0,41.9551677601398,0.00379982651287022,NA,0,47.3566705635468,0.108032985933214,1,NA,0,0.00380165094487744,0.00379982651287022,41.95516,3,3,3,3
"251,501,751",0,3,17.5324211545625,NA,0.00856335452950248,0.00854533107420993,0,1.77660273676891,NA,0,1.77674850395849,0.00854533107420993,NA,0,5.24080747774239,0.0919474250930961,1,NA,0,0.00856335452950248,0.00854533107420993,1.7766,3,3,3,3
"251,501,751",0,3,85.8840039128679,NA,0.00891601723064365,0.00892373247597439,0,35.7351580147719,NA,0,35.7350875877064,0.00892373247597439,NA,0,39.557534949516,0.0965015962352682,1,NA,0,0.00891601723064365,0.00892373247597439,35.73516,3,3,3,3
"251,501,751",0,3,0.356429705166228,NA,0.0193531073041201,0.0192906748036295,0,-8.09221867745326,NA,0,-8.09103821211462,0.0192906748036295,NA,0,0.285384251370485,0.149181768058543,1,NA,0,0.0193531073041201,0.0192906748036295,-8.09222,3,3,3,3
"251,501,751",0,3,47.0916232402423,NA,0.0205630516903195,0.0205843607034147,0,16.0685217305159,NA,0,16.0680827121062,0.0205843607034147,NA,0,16.7043740413472,0.0562126506876228,1,NA,0,0.0205630516903195,0.0205843607034147,16.06852,3,3,3,3
"251,501,751",0,3,66.8357871783687,NA,0.014870648577135,0.0148911502857161,0,26.0370623849494,NA,0,26.0367654856641,0.0148911502857161,NA,0,28.0865839700905,0.0789382602874191,1,NA,0,0.014870648577135,0.0148911502857161,26.03706,3,3,3,3
"251,501,751",0,3,56.1327361250023,NA,-0.00868063524362526,-0.00867218825672486,0,21.0363982335651,NA,0,21.0364675784611,-0.00867218825672486,NA,0,32.1623688298182,0.141343187487362,1,NA,0,-0.00868063524362526,-0.00867218825672486,21.0364,3,3,3,3
"251,501,751",0,3,-15.1540670454997,NA,0.0349128281296493,0.0349472039929559,0,-15.8840030947552,NA,0,-15.8851861293137,0.0349472039929559,NA,0,-14.3477390867211,-0.0205648552380961,1,NA,0,0.0349128281296493,0.0349472039929559,-15.884,3,3,3,3
"251,501,751",0,3,-70.1593460544979,NA,-0.0136255509345706,-0.0136264126643682,0,-42.0806363598344,NA,0,-42.0806534142808,-0.0136264126643682,NA,0,-40.6743442448301,-0.0666963361293674,1,NA,0,-0.0136255509345706,-0.0136264126643682,-42.08064,3,3,3,3
"251,501,751",0,3,87.2779643238252,NA,-0.0439094363136615,-0.0439255321941497,0,34.983872839561,NA,0,34.983176669991,-0.0439255321941497,NA,0,35.0364141277988,-0.033539662714914,1,NA,0,-0.0439094363136615,-0.0439255321941497,34.98387,3,3,3,3
"251,501,751",0,3,-57.058728905349,NA,0.0110788520204057,0.0110784093279306,0,-35.5299690597205,NA,0,-35.5299636635916,0.0110784093279306,NA,0,-34.1939810008678,-0.0406710124404118,1,NA,0,0.0110788520204057,0.0110784093279306,-35.52997,3,3,3,3
"251,501,751",0,3,-9.77368796634749,NA,-0.0135839308646458,-0.0135919639026835,0,-11.9843099492108,NA,0,-11.9844176408713,-0.0135919639026835,NA,0,-2.24293658217306,0.126658234245744,1,NA,0,-0.0135839308646458,-0.0135919639026835,-11.98431,3,3,3,3
"251,501,751",0,3,-31.1313716494855,NA,0.0189951142126368,0.0189964917983093,0,-22.6963109843738,NA,0,-22.696338422831,0.0189964917983093,NA,0,-20.4582840374839,-0.0479765356432246,1,NA,0,0.0189951142126368,0.0189964917983093,-22.69631,3,3,3,3
"251,501,751",0,3,-24.4079813257997,NA,-0.00894445175454072,-0.00891047627011929,0,-20.1572265136813,NA,0,-20.1569213259883,-0.00891047627011929,NA,0,-19.4123499021494,0.0296377754072545,1,NA,0,-0.00894445175454072,-0.00891047627011929,-20.15723,3,3,3,3
"251,501,751",0,3,80.9580405942212,NA,0.0215771993392,0.0216335440425766,0,32.9018568241006,NA,0,32.9005646707249,0.0216335440425766,NA,0,33.007525138691,0.00690891717038489,1,NA,0,0.0215771993392,0.0216335440425766,32.90186,3,3,3,3
"251,501,751",0,3,43.1217044979945,NA,-0.011696579806227,-0.0115735119247736,0,12.937121455401,NA,0,12.9385454618675,-0.0115735119247736,NA,0,15.2962967720069,-0.0803098443396458,1,NA,0,-0.011696579806227,-0.0115735119247736,12.93712,3,3,3,3
"251,501,751",0,3,71.1776737655569,NA,0.0709128027192571,0.0709323603680229,0,26.0852759863949,NA,0,26.0838573822132,0.0709323603680229,NA,0,28.8244419308162,0.144847539073739,1,NA,0,0.0709128027192571,0.0709323603680229,26.08528,3,3,3,3
"251,501,751",0,3,8.86980001825852,NA,-0.0155048910344762,-0.0155522917034178,0,-4.28823150370697,NA,0,-4.28897066404925,-0.0155522917034178,NA,0,-3.82379369364166,-0.0459115167298897,1,NA,0,-0.0155048910344762,-0.0155522917034178,-4.28823,3,3,3,3
"251,501,751",0,3,34.6256553724187,NA,0.00309183988835552,0.00307579874590151,0,10.3505690085859,NA,0,10.350611963437,0.00307579874590151,NA,0,25.2935696420758,0.177414296585561,1,NA,0,0.00309183988835552,0.00307579874590151,10.35057,3,3,3,3
"251,501,751",0,3,-46.7089932621637,NA,-0.0167755423179232,-0.0167755794673781,0,-30.4031684858897,NA,0,-30.4031688032696,-0.0167755794673781,NA,0,-25.0346030431698,-0.120665360045942,1,NA,0,-0.0167755423179232,-0.0167755794673781,-30.40317,3,3,3,3
"251,501,751",0,3,53.2275504821304,NA,0.0194831415415324,0.0195130174226262,0,19.1649113370549,NA,0,19.1643282189234,0.0195130174226262,NA,0,24.0921968716526,-0.0799982903195767,1,NA,0,0.0194831415415324,0.0195130174226262,19.16491,3,3,3,3
"251,501,751",0,3,46.6987451397455,NA,0.025664219639376,0.0256649943664797,0,16.0757823981668,NA,0,16.0757613360698,0.0256649943664797,NA,0,16.357098185207,0.0493799778202737,1,NA,0,0.025664219639376,0.0256649943664797,16.07578,3,3,3,3
"251,501,751",0,3,13.6551130789454,NA,0.00419716474544139,0.00419427325614353,0,-0.168566048338938,NA,0,-0.168554458186103,0.00419427325614353,NA,0,1.41988385986564,0.0606090756349917,1,NA,0,0.00419716474544139,0.00419427325614353,-0.16857,3,3,3,3
"251,501,751",0,3,37.0453842349711,NA,-0.0517994085045607,-0.0518445435700672,0,9.70457955638329,NA,0,9.70228880202768,-0.0518445435700672,NA,0,11.0355498642201,-0.103329518041841,1,NA,0,-0.0517994085045607,-0.0518445435700672,9.70458,3,3,3,3
"251,501,751",0,3,41.607421712748,NA,0.00196863464806719,0.00197143939197486,0,13.8857773890123,NA,0,13.8857719974113,0.00197143939197486,NA,0,13.9917099049378,-0.0125880364453048,1,NA,0,0.00196863464806719,0.00197143939197486,13.88578,3,3,3,3
"251,501,751",0,3,61.8346745877644,NA,-0.0956572393966725,-0.0956678869931443,0,19.212199285896,NA,0,19.2112117680043,-0.0956678869931443,NA,0,29.4622209746351,-0.238908811662212,1,NA,0,-0.0956572393966725,-0.0956678869931443,19.2122,3,3,3,3
"251,501,751",0,3,59.1854278494517,NA,-0.0327494409792231,-0.0327434239850828,0,22.130452054889,NA,0,22.1306616068028,-0.0327434239850828,NA,0,32.5698178200629,0.112432493426551,1,NA,0,-0.0327494409792231,-0.0327434239850828,22.13045,3,3,3,3
"251,501,751",0,3,-13.5616969713431,NA,0.00314237331753437,0.00314699976012941,0,-15.0835117786118,NA,0,-15.0835265005603,0.00314699976012941,NA,0,-14.0824387434791,-0.0415915587863906,1,NA,0,0.00314237331753437,0.00314699976012941,-15.08351,3,3,3,3
"251,501,751",0,3,80.8260281988953,NA,-0.0100912392056582,-0.010087023298027,0,33.2125031414152,NA,0,33.2125466105226,-0.010087023298027,NA,0,35.6390064359756,0.0596492731130032,1,NA,0,-0.0100912392056582,-0.010087023298027,33.2125,3,3,3,3
"251,501,751",0,3,25.0198093322627,NA,-0.00920867684492484,-0.00925349756459841,0,4.95536040952995,NA,0,4.95494503664837,-0.00925349756459842,NA,0,12.4304486798442,-0.13185843163298,1,NA,0,-0.00920867684492484,-0.00925349756459841,4.95536,3,3,3,3
"251,501,751",0,3,23.3208892930414,NA,0.00135233496695505,0.00133412459017758,0,4.05487194138651,NA,0,4.0548965091506,0.00133412459017758,NA,0,6.95365894258697,0.0775524419191322,1,NA,0,0.00135233496695505,0.00133412459017758,4.05487,3,3,3,3
"251,501,751",0,3,117.437280331716,NA,-0.040909955569658,-0.0408934745060205,0,50.1981220562125,NA,0,50.1988082711158,-0.0408934745060205,NA,0,60.4466543819391,0.102856928247568,1,NA,0,-0.040909955569658,-0.0408934745060205,50.19812,3,3,3,3
"251,501,751",0,3,83.3391046233279,NA,-0.0132718363908758,-0.0132783018141033,0,34.587071399072,NA,0,34.5869852542457,-0.0132783018141033,NA,0,36.7897771075734,0.0531667236068953,1,NA,0,-0.0132718363908758,-0.0132783018141033,34.58707,3,3,3,3
"251,501,751",0,3,20.1090200620181,NA,-0.0225881910651465,-0.0226149165954267,0,2.46413249144713,NA,0,2.46355080527294,-0.0226149165954267,NA,0,2.8711059478249,0.00598137790198039,1,NA,0,-0.0225881910651465,-0.0226149165954267,2.46413,3,3,3,3
"251,501,751",0,3,53.0419791580522,NA,-0.039737917663788,-0.0397344082534561,0,18.6323058762297,NA,0,18.6324483667057,-0.0397344082534561,NA,0,19.0891108468055,-0.0699230324939457,1,NA,0,-0.039737917663788,-0.0397344082534561,18.63231,3,3,3,3
"251,501,751",0,3,-29.2008220591122,NA,0.00542919660644815,0.00544231083764338,0,-21.8851034428169,NA,0,-21.8851767610047,0.00544231083764338,NA,0,-13.6158850896415,-0.123711297893625,1,NA,0,0.00542919660644815,0.00544231083764338,-21.8851,3,3,3,3
"251,501,751",0,3,62.5028672879074,NA,0.00123023331992126,0.00118802462422962,0,22.5889615975585,NA,0,22.5890134218217,0.00118802462422962,NA,0,28.320239630781,0.108451036640954,1,NA,0,0.00123023331992126,0.00118802462422962,22.58896,3,3,3,3
"251,501,751",0,3,62.1046561048852,NA,-0.0576071847852402,-0.0576184289781018,0,21.949730857694,NA,0,21.9490827388999,-0.0576184289781018,NA,0,28.3114381397911,-0.170460998306825,1,NA,0,-0.0576071847852402,-0.0576184289781018,21.94973,3,3,3,3
"251,501,751",0,3,95.574298881069,NA,-0.0130515654335127,-0.0130308534607531,0,40.7066921409376,NA,0,40.7069595980847,-0.0130308534607531,NA,0,47.7397126121852,-0.13204651993702,1,NA,0,-0.0130515654335127,-0.0130308534607531,40.70669,3,3,3,3
"251,501,751",0,3,39.1289370977748,NA,0.072600236889235,0.0725925872052977,0,9.55469449491991,NA,0,9.55526796134128,0.0725925872052977,NA,0,9.88859296364431,0.0983029463840714,1,NA,0,0.072600236889235,0.0725925872052977,9.55469,3,3,3,3
"251,501,751",0,3,94.2635988522443,NA,0.0448657774371807,0.0448989000833088,0,37.6140648804475,NA,0,37.6125782040105,0.0448989000833088,NA,0,42.1130778415031,0.139562912450315,1,NA,0,0.0448657774371807,0.0448989000833088,37.61406,3,3,3,3
"251,501,751",0,3,-46.2972907621328,NA,-0.0284840502722552,-0.0284742945453262,0,-30.6501763764294,NA,0,-30.6499038596307,-0.0284742945453262,NA,0,-26.9515523321564,0.0576448864352976,1,NA,0,-0.0284840502722552,-0.0284742945453262,-30.65018,3,3,3,3
"251,501,751",0,3,18.3712422136897,NA,-0.00607998678380462,-0.00607198698356762,0,1.7955545578497,NA,0,1.79560420569462,-0.00607198698356762,NA,0,3.39854767915934,-0.0627248616043093,1,NA,0,-0.00607998678380462,-0.00607198698356762,1.79555,3,3,3,3
"251,501,751",0,3,24.1782890387054,NA,-0.00104957523564616,-0.00103644123269072,0,4.56990053258893,NA,0,4.56991460816452,-0.00103644123269072,NA,0,10.2380599063601,0.105678541584693,1,NA,0,-0.00104957523564616,-0.00103644123269072,4.5699,3,3,3,3
"251,501,751",0,3,-37.7146687979455,NA,-0.025802144810217,-0.0258457703982034,0,-26.5811433371703,NA,0,-26.5822251873173,-0.0258457703982034,NA,0,-14.3701514131192,-0.182996521037262,1,NA,0,-0.025802144810217,-0.0258457703982034,-26.58114,3,3,3,3
"251,501,751",0,3,-37.5771540413732,NA,0.0363035481865438,0.0362985836046485,0,-26.6036235161494,NA,0,-26.6034342741555,0.0362985836046485,NA,0,-11.4543349270277,0.211714897802737,1,NA,0,0.0363035481865438,0.0362985836046485,-26.60362,3,3,3,3
"251,501,751",0,3,78.4416295934804,NA,0.0101091329557127,0.0101220288447706,0,32.0961827560475,NA,0,32.096060767035,0.0101220288447706,NA,0,34.2873909080187,0.0764098509431745,1,NA,0,0.0101091329557127,0.0101220288447706,32.09618,3,3,3,3
"251,501,751",0,3,39.6906881552635,NA,0.0307052662330335,0.0306857424805865,0,12.2795446188832,NA,0,12.2801867490666,0.0306857424805865,NA,0,12.2861315233724,0.0272423424567334,1,NA,0,0.0307052662330335,0.0306857424805865,12.27954,3,3,3,3
"251,501,751",0,3,20.4772753578418,NA,-0.00332900426517103,-0.00332708048750691,0,2.38993306161839,NA,0,2.3899396525926,-0.00332708048750691,NA,0,11.4074345106434,-0.138265167424659,1,NA,0,-0.00332900426517103,-0.00332708048750691,2.38993,3,3,3,3
"251,501,751",0,3,-37.7001175746931,NA,0.0488887140811469,0.0488800357281199,0,-26.990269329183,NA,0,-26.9897725301133,0.0488800357281199,NA,0,-15.7671881856684,-0.101806154221496,1,NA,0,0.0488887140811469,0.0488800357281199,-26.99027,3,3,3,3
"251,501,751",0,3,-47.8071251148209,NA,-0.0310375881609501,-0.0310374960614865,0,-31.2932933763928,NA,0,-31.2932902705159,-0.0310374960614865,NA,0,-29.6509466868073,-0.0883692612049536,1,NA,0,-0.0310375881609501,-0.0310374960614865,-31.29329,3,3,3,3
"251,501,751",0,3,87.0482550109441,NA,0.0413686537752893,0.0413389336801103,0,34.8066945205394,NA,0,34.8079114623224,0.0413389336801103,NA,0,39.5826570112859,0.139081494160472,1,NA,0,0.0413686537752893,0.0413389336801103,34.80669,3,3,3,3
"251,501,751",0,3,12.256383515706,NA,0.0538265483480189,0.0538270655398612,0,-2.23338916153399,NA,0,-2.2334124579905,0.0538270655398612,NA,0,-2.19807913789135,0.0454310314163362,1,NA,0,0.0538265483480189,0.0538270655398612,-2.23339,3,3,3,3
"251,501,751",0,3,54.9457598476819,NA,0.0151639155899436,0.015164024661988,0,20.4493406450142,NA,0,20.4493403598559,0.015164024661988,NA,0,25.585783488091,0.116839766176488,1,NA,0,0.0151639155899436,0.015164024661988,20.44934,3,3,3,3
"251,501,751",0,3,137.352109440531,NA,-0.018445280940098,-0.0184454229392001,0,61.5981867246197,NA,0,61.5981734659271,-0.0184454229392001,NA,0,61.9429905813039,0.00781729053172553,1,NA,0,-0.018445280940098,-0.0184454229392001,61.59819,3,3,3,3
"251,501,751",0,3,65.5237656518774,NA,0.0527299831966401,0.0526744713086888,0,23.4455405178987,NA,0,23.4484275999458,0.0526744713086888,NA,0,26.6698390072695,0.132848119305634,1,NA,0,0.0527299831966401,0.0526744713086888,23.44554,3,3,3,3
"251,501,751",0,3,-21.8563808587675,NA,0.0568698224351013,0.056868155334893,0,-19.4796190096857,NA,0,-19.479538233024,0.056868155334893,NA,0,-16.950407024659,0.127991013494667,1,NA,0,0.0568698224351013,0.056868155334893,-19.47962,3,3,3,3
"251,501,751",0,3,74.84427371938,NA,0.0334209953783322,0.0334106359721569,0,29.7379451189626,NA,0,29.7383011444306,0.0334106359721569,NA,0,29.8340884547576,0.0472389913170161,1,NA,0,0.0334209953783322,0.0334106359721569,29.73795,3,3,3,3
"251,501,751",0,3,71.6599954215438,NA,0.0478677386370556,0.047843823655632,0,27.6746209602628,NA,0,27.6757030840783,0.047843823655632,NA,0,29.7953257395157,-0.0172582948104958,1,NA,0,0.0478677386370556,0.047843823655632,27.67462,3,3,3,3
"251,501,751",0,3,6.01375077295597,NA,0.00263794515819217,0.00263856512131153,0,-3.91640848710455,NA,0,-3.91641045359296,0.00263856512131152,NA,0,-1.34168167063359,0.0745232318390781,1,NA,0,0.00263794515819217,0.00263856512131153,-3.91641,3,3,3,3
"251,501,751",0,3,-49.8414168546913,NA,-0.0223866866361864,-0.0223851753227618,0,-32.0864070916605,NA,0,-32.086371486203,-0.0223851753227618,NA,0,-31.9913435398332,-0.00860287448454611,1,NA,0,-0.0223866866361864,-0.0223851753227618,-32.08641,3,3,3,3
"251,501,751",0,3,-21.1486363049362,NA,0.0134552762707308,0.0134289767326079,0,-17.6225126477524,NA,0,-17.6221880329283,0.0134289767326079,NA,0,-13.0884800406955,-0.0820042407474534,1,NA,0,0.0134552762707308,0.0134289767326079,-17.62251,3,3,3,3
"251,501,751",0,3,58.3700122906825,NA,0.0158072864059335,0.015843735146888,0,20.3484069377523,NA,0,20.3478260628095,0.015843735146888,NA,0,20.497200019059,0.0330074232766551,1,NA,0,0.0158072864059335,0.015843735146888,20.34841,3,3,3,3
"251,501,751",0,3,18.8952882869906,NA,-0.0138121476361143,-0.0137767409282153,0,1.93286127439496,NA,0,1.93335252055464,-0.0137767409282153,NA,0,2.15496117108946,-0.0348403883254549,1,NA,0,-0.0138121476361143,-0.0137767409282153,1.93286,3,3,3,3
"251,501,751",0,3,71.4790651022183,NA,-0.0181723036740436,-0.0181545762927611,0,28.4841468006872,NA,0,28.4844951266871,-0.0181545762927611,NA,0,33.508244257834,0.0824286854766789,1,NA,0,-0.0181723036740436,-0.0181545762927611,28.48415,3,3,3,3
"251,501,751",0,3,72.1458643391777,NA,-0.0114142566714938,-0.011295618326094,0,27.8143376947724,NA,0,27.8156730435517,-0.011295618326094,NA,0,31.8946888841831,-0.101800743434586,1,NA,0,-0.0114142566714938,-0.011295618326094,27.81434,3,3,3,3
"251,501,751",0,3,0.168636040934071,NA,0.0460096763329135,0.0459975396679613,0,-8.29290816919216,NA,0,-8.29235974476152,0.0459975396679613,NA,0,0.905592059014377,-0.090105364267019,1,NA,0,0.0460096763329135,0.0459975396679613,-8.29291,3,3,3,3
"251,501,751",0,3,-14.6342661359348,NA,-0.00644648367999635,-0.0064538206977848,0,-14.2520585853106,NA,0,-14.2521092265082,-0.0064538206977848,NA,0,-11.6361992585473,-0.0788728156549806,1,NA,0,-0.00644648367999635,-0.0064538206977848,-14.25206,3,3,3,3
"251,501,751",0,3,15.4540512312481,NA,0.025819037951817,0.0258330865697269,0,-0.810914244646278,NA,0,-0.811274852293724,0.0258330865697269,NA,0,-0.31543832137111,0.0571997635790349,1,NA,0,0.025819037951817,0.0258330865697269,-0.81091,3,3,3,3
"251,501,751",0,3,14.983571236101,NA,-0.00135273628047352,-0.00131425689120167,0,0.189408801731684,NA,0,0.189461426492403,-0.00131425689120167,NA,0,0.354461159435052,0.016808624548285,1,NA,0,-0.00135273628047352,-0.00131425689120167,0.18941,3,3,3,3
"251,501,751",0,3,1.18832450451155,NA,-0.0254483178423794,-0.0254579450469735,0,-6.79000998692855,NA,0,-6.79024927147501,-0.0254579450469735,NA,0,-5.19400161192755,-0.0819659551092128,1,NA,0,-0.0254483178423794,-0.0254579450469735,-6.79001,3,3,3,3
"251,501,751",0,3,84.3189536089204,NA,0.0198258010340491,0.0198835071903879,0,34.690777545706,NA,0,34.6896528603218,0.0198835071903879,NA,0,35.310170821834,-0.0154106881134501,1,NA,0,0.0198258010340491,0.0198835071903879,34.69078,3,3,3,3
"251,501,751",0,3,118.309911974239,NA,0.00525068311090553,0.00532358967397042,0,50.2627785501639,NA,0,50.2623981589567,0.00532358967397042,NA,0,50.9633456991499,-0.032152802384364,1,NA,0,0.00525068311090553,0.00532358967397042,50.26278,3,3,3,3
"251,501,751",0,3,8.14258325082576,NA,0.0297377169864875,0.0297248070199001,0,-3.3327123501297,NA,0,-3.33233922474134,0.0297248070199001,NA,0,10.1135823683206,0.194756267819026,1,NA,0,0.0297377169864875,0.0297248070199001,-3.33271,3,3,3,3
"251,501,751",0,3,94.6512653379457,NA,-0.00660595776256719,-0.00664852936215008,0,40.0459836525173,NA,0,40.0456940932772,-0.00664852936215008,NA,0,40.8331435506865,-0.0463033320835169,1,NA,0,-0.00660595776256719,-0.00664852936215008,40.04598,3,3,3,3
"251,501,751",0,3,-0.706232173864898,NA,0.021558083907479,0.0215201952028697,0,-8.21397401167326,NA,0,-8.21314559446422,0.0215201952028697,NA,0,-6.75176595512232,0.0755848539760873,1,NA,0,0.021558083907479,0.0215201952028697,-8.21397,3,3,3,3
"251,501,751",0,3,119.235584116822,NA,0.0387444005225814,0.038768897584332,0,51.3144073681661,NA,0,51.3134899261495,0.038768897584332,NA,0,54.3826145534541,0.117111157193393,1,NA,0,0.0387444005225814,0.038768897584332,51.31441,3,3,3,3
"251,501,751",0,3,100.671518960239,NA,0.00468791428457513,0.00465091618935958,0,42.7189335368859,NA,0,42.7191047975238,0.00465091618935959,NA,0,42.9783396580174,-0.0180787615996045,1,NA,0,0.00468791428457513,0.00465091618935958,42.71893,3,3,3,3
"251,501,751",0,3,22.4705539670264,NA,0.0171507214806314,0.017137815740215,0,3.87099088536747,NA,0,3.87120941228216,0.017137815740215,NA,0,4.01277040820695,0.000319767967645435,1,NA,0,0.0171507214806314,0.017137815740215,3.87099,3,3,3,3
"251,501,751",0,3,19.3504705080099,NA,-0.0302665498964317,-0.0302555378735441,0,2.26842679949115,NA,0,2.26882942728637,-0.0302555378735441,NA,0,3.41893366364778,-0.0783321205347318,1,NA,0,-0.0302665498964317,-0.0302555378735441,2.26843,3,3,3,3
"251,501,751",0,3,-65.3227216608785,NA,0.0429328181914966,0.0428878122672543,0,-41.2358865818019,NA,0,-41.2339410115277,0.0428878122672543,NA,0,-37.6498429951797,0.127546216717965,1,NA,0,0.0429328181914966,0.0428878122672543,-41.23589,3,3,3,3
"251,501,751",0,3,28.0542305367894,NA,0.0425599057379675,0.0425952446488843,0,4.46049579716575,NA,0,4.45901047495214,0.0425952446488843,NA,0,6.41575869040245,0.104873716074232,1,NA,0,0.0425599057379675,0.0425952446488843,4.4605,3,3,3,3
"251,501,751",0,3,-4.52600423470562,NA,-0.00398043180580859,-0.00398644804124414,0,-9.21311374256239,NA,0,-9.21313675899552,-0.00398644804124414,NA,0,-8.46914058225962,-0.0425693226067507,1,NA,0,-0.00398043180580859,-0.00398644804124414,-9.21311,3,3,3,3
"251,501,751",0,3,-30.5862283332663,NA,0.000332870033061048,0.000408919248485545,0,-22.5118072724761,NA,0,-22.5118286446818,0.00040891924848554,NA,0,-21.1016145154908,0.0534879057264117,1,NA,0,0.000332870033061048,0.000408919248485545,-22.51181,3,3,3,3
"251,501,751",0,3,45.8481244151374,NA,-0.0165075779004611,-0.0165097124604579,0,15.848703841793,NA,0,15.8486650725644,-0.0165097124604579,NA,0,17.398466503346,0.0392177621751766,1,NA,0,-0.0165075779004611,-0.0165097124604579,15.8487,3,3,3,3
"251,501,751",0,3,-24.2000301251375,NA,-0.0558256684846498,-0.0558255971236059,0,-20.5692201092274,NA,0,-20.5692163128571,-0.0558255971236059,NA,0,-20.018158226807,-0.0889873790132741,1,NA,0,-0.0558256684846498,-0.0558255971236059,-20.56922,3,3,3,3
"251,501,751",0,3,-7.25128872836088,NA,-0.00674072586997568,-0.00673588037306247,0,-10.8382102429719,NA,0,-10.838177602161,-0.00673588037306247,NA,0,-10.0270235106633,-0.0470188893099492,1,NA,0,-0.00674072586997568,-0.00673588037306247,-10.83821,3,3,3,3
"251,501,751",0,3,20.222612574762,NA,0.0387823424912969,0.0387893237709334,0,2.4401003842972,NA,0,2.43983831109996,0.0387893237709334,NA,0,2.45515770329953,0.0332504126034967,1,NA,0,0.0387823424912969,0.0387893237709334,2.4401,3,3,3,3
"251,501,751",0,3,135.460782422435,NA,-0.0460484607944324,-0.0460449972297142,0,59.3689232285038,NA,0,59.3690829082281,-0.0460449972297142,NA,0,59.4209434575441,-0.0561826316738147,1,NA,0,-0.0460484607944324,-0.0460449972297142,59.36892,3,3,3,3
"251,501,751",0,3,86.9785471399479,NA,-0.0391036465844916,-0.0391267730671573,0,33.965844597956,NA,0,33.9649513066608,-0.0391267730671573,NA,0,35.5144150143981,0.0166097253486797,1,NA,0,-0.0391036465844916,-0.0391267730671573,33.96584,3,3,3,3
"251,501,751",0,3,-5.41405564013264,NA,0.00899536260921474,0.0089591942688911,0,-11.389549173765,NA,0,-11.3892224350456,0.0089591942688911,NA,0,-10.1606619870605,-0.0405505352970558,1,NA,0,0.00899536260921474,0.0089591942688911,-11.38955,3,3,3,3
"251,501,751",0,3,32.162187330535,NA,0.0359240630735023,0.0359240484613747,0,8.5279543066402,NA,0,8.52795874647543,0.0359240484613747,NA,0,8.79402207633059,0.0128625344940874,1,NA,0,0.0359240630735023,0.0359240484613747,8.52795,3,3,3,3
"251,501,751",0,3,30.0851719836761,NA,0.0338148979847979,0.0338159134878883,0,7.55765237465739,NA,0,7.55761216042543,0.0338159134878883,NA,0,9.06722584512625,-0.0211503364251218,1,NA,0,0.0338148979847979,0.0338159134878883,7.55765,3,3,3,3
"251,501,751",0,3,-30.6714655159515,NA,-0.00824256757180422,-0.00824180897557459,0,-22.2815727208188,"346,417",2,-19.2612811014655,-0.0281417767598476,NA,0,-21.6516865024065,0.0273147734924362,1,NA,0,-0.00824256757180422,-0.00824180897557459,-22.28157,3,1.239,3,3
"251,501,751",0,3,98.8353209009902,NA,0.054867397286606,0.0548736525601154,0,40.4762383555507,"",0,40.4758894937834,0.0548736525601154,NA,0,45.5022237578678,0.155133777364545,1,NA,0,0.054867397286606,0.0548736525601154,40.47624,3,3,3,3
"251,501,751",0,3,-19.0524393211694,NA,-0.00875726874298584,-0.0087439319376268,0,-18.6913931610648,"",0,-18.6912769790241,-0.0087439319376268,NA,0,-17.5927141903733,-0.0555132279775269,1,NA,0,-0.00875726874298584,-0.0087439319376268,-18.69139,3,3,3,3
"251,501,751",0,3,37.5631643328199,NA,0.00176292901975076,0.00165398883540245,0,9.52953079114937,"",0,9.52973058125004,0.00165398883540245,NA,0,10.8489681689665,-0.0495536531905728,1,NA,0,0.00176292901975076,0.00165398883540245,9.52953,3,3,3,3
"251,501,751",0,3,63.6030654239072,NA,0.0325189447045264,0.0325182073723647,0,24.1440312758255,"",0,24.1440556566053,0.0325182073723647,NA,0,32.8606102105997,0.165018920411349,1,NA,0,0.0325189447045264,0.0325182073723647,24.14403,3,3,3,3
"251,501,751",0,3,74.0718203600562,NA,0.0327777361537651,0.0327696684580561,0,29.5566738378266,"",0,29.5569512363175,0.0327696684580561,NA,0,31.5817266542476,0.0964445593991581,1,NA,0,0.0327777361537651,0.0327696684580561,29.55667,3,3,3,3
"251,501,751",0,3,97.404947288274,NA,0.0233006225734428,0.0233778887912458,0,38.4914563128203,"",0,38.4896924931104,0.0233778887912458,NA,0,38.6415921184274,0.00578045704844055,1,NA,0,0.0233006225734428,0.0233778887912458,38.49146,3,3,3,3
"251,501,751",0,3,-1.49331839555647,NA,-0.04735015136445,-0.0473516248306442,0,-9.05480469176192,"",0,-9.05487341680181,-0.0473516248306442,NA,0,-5.44264709605151,0.0377090726360336,1,NA,0,-0.04735015136445,-0.0473516248306442,-9.0548,3,3,3,3
"251,501,751",0,3,-48.9725084308554,NA,0.0554712015541923,0.0554974777653765,0,-34.1072075810132,"",0,-34.1087100678366,0.0554974777653765,NA,0,-29.3738448142211,-0.0420543565053579,1,NA,0,0.0554712015541923,0.0554974777653765,-34.10721,3,3,3,3
"251,501,751",0,3,17.0102482383194,NA,0.00708297972491129,0.00708884972445309,0,1.42673953712243,"",0,1.42669423645124,0.00708884972445309,NA,0,14.7492059219453,0.171572918819644,1,NA,0,0.00708297972491129,0.00708884972445309,1.42674,3,3,3,3
"251,501,751",0,3,42.7041805251897,NA,0.0510709974676592,0.0510718503877362,0,13.080270866773,"",0,13.0802258150239,0.0510718503877362,NA,0,20.6598649246255,0.174493440438523,1,NA,0,0.0510709974676592,0.0510718503877362,13.08027,3,3,3,3
"251,501,751",0,3,68.2019598215821,NA,-0.0335539158038205,-0.0335199048975413,0,26.1113373296285,"",0,26.1125375654526,-0.0335199048975413,NA,0,26.9295567170667,0.00695283828067961,1,NA,0,-0.0335539158038205,-0.0335199048975413,26.11134,3,3,3,3
"251,501,751",0,3,65.0533558325515,NA,0.0359594638301144,0.0359739572338656,0,21.9125009905367,"",0,21.9119825302129,0.0359739572338656,NA,0,23.2885813904629,-0.0165850882988032,1,NA,0,0.0359594638301144,0.0359739572338656,21.9125,3,3,3,3
"251,501,751",0,3,18.0862442566572,NA,-0.0255588898012736,-0.0255445755581741,0,1.4515255074047,"",0,1.45188589635077,-0.0255445755581741,NA,0,3.29419015232079,0.0351793421054427,1,NA,0,-0.0255588898012736,-0.0255445755581741,1.45153,3,3,3,3
"251,501,751",0,3,43.3422734152804,NA,0.0319412876446809,0.0319495058891833,0,13.5196006940366,"",0,13.5193365361469,0.0319495058891833,NA,0,23.2502967278879,-0.108128842887273,1,NA,0,0.0319412876446809,0.0319495058891833,13.5196,3,3,3,3
"251,501,751",0,3,-37.0799918588811,NA,0.0581449660779771,0.0581257931151146,0,-27.2089273341469,"",0,-27.2077821143644,0.0581257931151146,NA,0,-24.6479306073121,-0.0133837556164714,1,NA,0,0.0581449660779771,0.0581257931151146,-27.20893,3,3,3,3
"251,501,751",0,3,11.6871691923926,NA,-0.0357942786211008,-0.035792517631718,0,-2.13921100087423,"",0,-2.13915321392174,-0.035792517631718,NA,0,11.4301188225058,-0.201626174256396,1,NA,0,-0.0357942786211008,-0.035792517631718,-2.13921,3,3,3,3
"251,501,751",0,3,4.27520670616118,NA,-0.0263235368377828,-0.0263525304859899,0,-6.13943496628718,"",0,-6.14019309366974,-0.0263525304859899,NA,0,6.0168356333523,0.13039981530385,1,NA,0,-0.0263235368377828,-0.0263525304859899,-6.13943,3,3,3,3
"251,501,751",0,3,30.3942142845489,NA,-0.0150118145370444,-0.0150526177139297,0,7.73522296523304,"",0,7.73461357345521,-0.0150526177139297,NA,0,7.878270509591,0.00194367951075503,1,NA,0,-0.0150118145370444,-0.0150526177139297,7.73522,3,3,3,3
"251,501,751",0,3,40.9478667209379,NA,0.0242470121619568,0.0242470025661786,0,13.272167706351,"",0,13.2721714655668,0.0242470025661786,NA,0,14.0893750279638,0.0646821033611831,1,NA,0,0.0242470121619568,0.0242470025661786,13.27217,3,3,3,3
"251,501,751",0,3,15.9235780731674,NA,-0.0549968766131681,-0.054972792360737,0,-0.533580045205772,NA,0,-0.532229293677283,-0.054972792360737,NA,0,-0.224676642799182,-0.0302223894421892,1,NA,0,-0.0549968766131681,-0.054972792360737,-0.53358,3,3,3,3
"251,501,751",0,3,34.788121739027,NA,-0.0413010649596388,-0.0412961096920054,0,9.50283543612259,NA,0,9.50301244134211,-0.0412961096920054,NA,0,23.0807460713615,0.124728400642702,1,NA,0,-0.0413010649596388,-0.0412961096920054,9.50284,3,3,3,3
"251,501,751",0,3,25.3347012953438,NA,-0.00411706464437032,-0.00410803583558169,0,5.74454149914189,NA,0,5.74457343273134,-0.00410803583558169,NA,0,12.5924822620982,0.113327637253492,1,NA,0,-0.00411706464437032,-0.00410803583558169,5.74454,3,3,3,3
"251,501,751",0,3,12.6780051122802,NA,-0.0115200735086403,-0.0115030476675321,0,-3.25849971709692,NA,0,-3.25830569718833,-0.0115030476675321,NA,0,-3.25141094404625,-0.00775640911125963,1,NA,0,-0.0115200735086403,-0.0115030476675321,-3.2585,3,3,3,3
"251,501,751",0,3,15.3328389597385,NA,-0.0661082748731499,-0.0661062979443106,0,-1.61968511041674,NA,0,-1.61956226727319,-0.0661062979443106,NA,0,-1.16208500733367,-0.0358903790476341,1,NA,0,-0.0661082748731499,-0.0661062979443106,-1.61969,3,3,3,3
"251,501,751",0,3,-40.6385141794681,NA,0.00607332891945043,0.00608609385484524,0,-27.5834338789292,NA,0,-27.5835077996608,0.00608609385484524,NA,0,-20.7585478854941,-0.111198455424216,1,NA,0,0.00607332891945043,0.00608609385484524,-27.58343,3,3,3,3
"251,501,751",0,3,63.9532326228905,NA,0.0648069758166257,0.0647881654362411,0,22.3567782105579,NA,0,22.3580258604741,0.0647881654362411,NA,0,22.5145140489877,0.04707527308826,1,NA,0,0.0648069758166257,0.0647881654362411,22.35678,3,3,3,3
"251,501,751",0,3,97.534003243271,NA,0.00191561979508901,0.00192093195023459,0,41.7605834607923,NA,0,41.7605720522247,0.00192093195023459,NA,0,44.1717636148446,-0.0677106178226975,1,NA,0,0.00191561979508901,0.00192093195023459,41.76058,3,3,3,3
"251,501,751",0,3,-14.5457511336887,NA,0.0215476600349271,0.0215485213096071,0,-14.4143303029644,NA,0,-14.414344698978,0.0215485213096071,NA,0,-9.85572473390686,0.117235210364502,1,NA,0,0.0215476600349271,0.0215485213096071,-14.41433,3,3,3,3
"251,501,751",0,3,41.4249656426241,NA,0.0309021621493635,0.030905590535643,0,12.6623175151002,NA,0,12.6622134802627,0.030905590535643,NA,0,17.9995192220521,-0.0731512901739129,1,NA,0,0.0309021621493635,0.030905590535643,12.66232,3,3,3,3
"251,501,751",0,3,20.6959160818466,NA,-0.00380528672890193,-0.00380725028004545,0,3.43096943166619,"847",1,2.40653034317593,-0.0193362799920875,NA,0,3.75039946478663,-0.0291154363930133,1,NA,0,-0.00380528672890193,-0.00380725028004545,3.43097,3,2.096,3,3
"251,501,751",0,3,-66.9013161766249,NA,-0.00120740645226705,-0.00120165006837005,0,-40.4716805740739,NA,0,-40.4716729582288,-0.00120165006837005,NA,0,-39.2841572252215,0.0476017603997752,1,NA,0,-0.00120740645226705,-0.00120165006837005,-40.47168,3,3,3,3
"251,501,751",0,3,51.9735513687629,NA,-0.0148398998627651,-0.0148495108660351,0,18.6670892948562,NA,0,18.6669494003752,-0.0148495108660352,NA,0,18.9282307658831,-0.0376867312875738,1,NA,0,-0.0148398998627651,-0.0148495108660351,18.66709,3,3,3,3
"251,501,751",0,3,-47.6847619136646,NA,-0.0436710049494857,-0.0436741214662724,0,-31.9267430978512,NA,0,-31.9268773879667,-0.0436741214662724,NA,0,-30.5202258577418,0.00936529860819957,1,NA,0,-0.0436710049494857,-0.0436741214662724,-31.92674,3,3,3,3
"251,501,751",0,3,25.7739359370535,NA,-0.0240478738073805,-0.0240038484675338,0,5.44801710328621,NA,0,5.44908891275273,-0.0240038484675338,NA,0,6.12043148136784,0.0126006758038415,1,NA,0,-0.0240478738073805,-0.0240038484675338,5.44802,3,3,3,3
"251,501,751",0,3,16.1085439404189,NA,0.0399543956429077,0.0399491045574735,0,0.330827881772888,NA,0,0.331008243077398,0.0399491045574735,NA,0,12.6592880169367,-0.117970737105218,1,NA,0,0.0399543956429077,0.0399491045574735,0.33083,3,3,3,3
"251,501,751",0,3,24.5079115253325,NA,0.0325196127426445,0.0325230109390607,0,3.7899977673232,NA,0,3.78988346055012,0.0325230109390607,NA,0,3.94686326539248,0.0147397367319193,1,NA,0,0.0325196127426445,0.0325230109390607,3.79,3,3,3,3
"251,501,751",0,3,12.1218848035704,NA,-0.00956761017819795,-0.00958693768297395,0,-1.04078755687531,NA,0,-1.04099354708863,-0.00958693768297395,NA,0,11.7849907214801,-0.17106052240452,1,NA,0,-0.00956761017819795,-0.00958693768297395,-1.04079,3,3,3,3
"251,501,751",0,3,6.12875710852465,NA,0.052556717874937,0.0525516654737036,0,-5.30495373390917,NA,0,-5.30467667757487,0.0525516654737036,NA,0,-4.92604828173633,0.0250602850245556,1,NA,0,0.052556717874937,0.0525516654737036,-5.30495,3,3,3,3
"251,501,751",0,3,-0.408312824175603,NA,-0.00727183358685023,-0.00727346106709455,0,-7.14257835163395,NA,0,-7.14259492815095,-0.00727346106709455,NA,0,-6.54037912139042,0.0274657131049707,1,NA,0,-0.00727183358685023,-0.00727346106709455,-7.14258,3,3,3,3
"251,501,751",0,3,18.8889834663364,NA,-0.0224670896284051,-0.0224842066380168,0,0.971476223483946,NA,0,0.971091550146434,-0.0224842066380168,NA,0,3.0963097246706,0.0427568269477259,1,NA,0,-0.0224670896284051,-0.0224842066380168,0.97148,3,3,3,3
"251,501,751",0,3,69.4473661818439,NA,-0.00587935340624359,-0.00591773902315569,0,26.9073588727403,NA,0,26.9071332365145,-0.00591773902315569,NA,0,29.2764870368544,-0.0747276386980459,1,NA,0,-0.00587935340624359,-0.00591773902315569,26.90736,3,3,3,3
"251,501,751",0,3,-45.3186468785835,NA,-0.022017936956232,-0.021971697710911,0,-32.3907976756672,NA,0,-32.3897736730937,-0.021971697710911,NA,0,-23.3461076140243,0.112844656907188,1,NA,0,-0.022017936956232,-0.021971697710911,-32.3908,3,3,3,3
"251,501,751",0,3,-50.4835961898255,NA,-0.0427051439534765,-0.0426952041909975,0,-33.091483000507,NA,0,-33.0911051539723,-0.0426952041909975,NA,0,-33.0073309325761,-0.0556400402029026,1,NA,0,-0.0427051439534765,-0.0426952041909975,-33.09148,3,3,3,3
"251,501,751",0,3,-16.2323339287019,NA,-0.0506282590989216,-0.0506292339867393,0,-16.3081231255355,NA,0,-16.308167566358,-0.0506292339867393,NA,0,-11.1797029342099,0.0507793535340386,1,NA,0,-0.0506282590989216,-0.0506292339867393,-16.30812,3,3,3,3
"251,501,751",0,3,22.4247682632745,NA,-0.0256167052178366,-0.025595610643988,0,3.62392409921407,NA,0,3.62443646609332,-0.025595610643988,NA,0,3.86927441110442,-0.0477354729911175,1,NA,0,-0.0256167052178366,-0.025595610643988,3.62392,3,3,3,3
"251,501,751",0,3,64.6024055679841,NA,-0.00937401487154417,-0.00935580853969136,0,25.0596303743895,NA,0,25.0597972168301,-0.00935580853969136,NA,0,25.0651123656046,-0.00610898093775192,1,NA,0,-0.00937401487154417,-0.00935580853969136,25.05963,3,3,3,3
"251,501,751",0,3,73.8887856060447,NA,-0.0260219599549973,-0.026019372384089,0,29.6952059679187,NA,0,29.69528415298,-0.026019372384089,NA,0,40.3472256719319,0.120677966528839,1,NA,0,-0.0260219599549973,-0.026019372384089,29.69521,3,3,3,3
"251,501,751",0,3,-28.3430721287791,NA,0.0195288426023593,0.0193789081169809,0,-22.3106756382552,NA,0,-22.3078631195195,0.0193789081169809,NA,0,-19.2429858115498,0.0979296270975594,1,NA,0,0.0195288426023593,0.0193789081169809,-22.31068,3,3,3,3
"251,501,751",0,3,-23.3235307309175,NA,-0.0107614304341183,-0.0107946031562485,0,-19.2789425709838,NA,0,-19.2793101843541,-0.0107946031562485,NA,0,-17.3390309409279,-0.0731036320567022,1,NA,0,-0.0107614304341183,-0.0107946031562485,-19.27894,3,3,3,3
"251,501,751",0,3,29.9128042770647,NA,0.0408476447500132,0.0408714423125344,0,6.35162102988046,NA,0,6.35067177416658,0.0408714423125344,NA,0,9.69507756882993,-0.0410383978031899,1,NA,0,0.0408476447500132,0.0408714423125344,6.35162,3,3,3,3
"251,501,751",0,3,63.3223360724993,NA,-0.00868012079813948,-0.00866680828341629,0,24.3346784178025,NA,0,24.3347980744629,-0.00866680828341629,NA,0,25.2310103498679,-0.0510334833998284,1,NA,0,-0.00868012079813948,-0.00866680828341629,24.33468,3,3,3,3
"251,501,751",0,3,8.11778524522718,NA,-0.038441672174585,-0.0384400229686591,0,-4.15289047303959,NA,0,-4.15282685518837,-0.0384400229686591,NA,0,-3.97764284883034,-0.0197028048442159,1,NA,0,-0.038441672174585,-0.0384400229686591,-4.15289,3,3,3,3
"251,501,751",0,3,56.6676182931197,NA,-0.0117765260381765,-0.0117692890618451,0,21.2492731304079,NA,0,21.2493594527651,-0.0117692890618451,NA,0,23.0592666041756,0.0484358256249842,1,NA,0,-0.0117765260381765,-0.0117692890618451,21.24927,3,3,3,3
"251,501,751",0,3,33.4029784846606,NA,0.00456713309708091,0.00459116209025793,0,9.51189958806868,NA,0,9.51179048653247,0.00459116209025793,NA,0,11.299247696221,0.0643919805093667,1,NA,0,0.00456713309708091,0.00459116209025793,9.5119,3,3,3,3
"251,501,751",0,3,-6.17366831383396,NA,-0.0272025051818934,-0.0272438311107333,0,-11.4775060802091,NA,0,-11.4786441397805,-0.0272438311107333,NA,0,-7.69261656504576,-0.114217104722925,1,NA,0,-0.0272025051818934,-0.0272438311107333,-11.47751,3,3,3,3
"251,501,751",0,3,65.3435699100657,NA,-0.0714063368036157,-0.0714326531882312,0,23.0397091264276,NA,0,23.0378639083083,-0.0714326531882312,NA,0,25.3002561234349,-0.138548068992199,1,NA,0,-0.0714063368036157,-0.0714326531882312,23.03971,3,3,3,3
"251,501,751",0,3,0.15477595116619,NA,0.0201062900117617,0.020136135281475,0,-8.01476552028176,NA,0,-8.01536513696065,0.020136135281475,NA,0,-3.62065656008229,-0.0737808697717952,1,NA,0,0.0201062900117617,0.020136135281475,-8.01477,3,3,3,3
"251,501,751",0,3,68.7073115042882,NA,-0.00318953146106431,-0.00315133787345274,0,24.7747385492992,NA,0,24.7748598263904,-0.00315133787345274,NA,0,25.3291110216587,0.0300443176212519,1,NA,0,-0.00318953146106431,-0.00315133787345274,24.77474,3,3,3,3
"251,501,751",0,3,19.7709122042528,NA,0.00134039401532199,0.00132967151846781,0,2.96899024455188,NA,0,2.96900381547996,0.00132967151846781,NA,0,10.2117591323723,0.122135621215912,1,NA,0,0.00134039401532199,0.00132967151846781,2.96899,3,3,3,3
"251,501,751",0,3,7.15801004147704,NA,0.00899444472451677,0.00899682745384909,0,-3.93601082187688,"",0,-3.93603232971788,0.00899682745384909,NA,0,2.73591560172867,-0.106850760066156,1,NA,0,0.00899444472451677,0.00899682745384909,-3.93601,3,3,3,3
"251,501,751",0,3,-16.3539476003908,NA,-0.0529691729723508,-0.0529710018727108,0,-16.4938168657687,"",0,-16.4939111481907,-0.0529710018727108,NA,0,-14.7579098136506,0.00592332420629949,1,NA,0,-0.0529691729723508,-0.0529710018727108,-16.49382,3,3,3,3
"251,501,751",0,3,40.1053686969356,NA,0.0394173613213879,0.0394076581093736,0,11.3327507262578,"763,864",2,17.8632323501031,0.0256775784028314,NA,0,16.2377442447563,0.138442399618098,1,NA,0,0.0394173613213879,0.0394076581093736,11.33275,3,1.125,3,3
"251,501,751",0,3,-16.8005746053042,NA,-0.0583292101986026,-0.0583305913074405,0,-17.1016512997057,"",0,-17.101730170593,-0.0583305913074405,NA,0,-14.8410393252674,-0.125519595183998,1,NA,0,-0.0583292101986026,-0.0583305913074405,-17.10165,3,3,3,3
"251,501,751",0,3,78.8416725614772,NA,-0.0726045765127851,-0.0725983039809759,0,29.7626494030763,"",0,29.7631119509616,-0.0725983039809759,NA,0,29.7689501853509,-0.0691808488485858,1,NA,0,-0.0726045765127851,-0.0725983039809759,29.76265,3,3,3,3
"251,501,751",0,3,-17.4773060651219,NA,-0.0397816561800964,-0.0397704746679791,0,-16.9652422323655,"",0,-16.9647985282084,-0.0397704746679791,NA,0,-9.87980965766582,0.0795646689475409,1,NA,0,-0.0397816561800964,-0.0397704746679791,-16.96524,3,3,3,3
"251,501,751",0,3,72.9490872760163,NA,-0.041066539197879,-0.041070662175306,0,28.6583030267671,"",0,28.6581415976771,-0.041070662175306,NA,0,36.0999912802193,-0.163424673836549,1,NA,0,-0.041066539197879,-0.041070662175306,28.6583,3,3,3,3
"251,501,751",0,3,-40.9476895184111,NA,0.0269859571261679,0.0269927791246256,0,-28.0979716517676,"",0,-28.0981525268763,0.0269927791246256,NA,0,-28.0959862731261,0.0248872217504099,1,NA,0,0.0269859571261679,0.0269927791246256,-28.09797,3,3,3,3
"251,501,751",0,3,39.2616148757636,NA,0.0147880794776741,0.0147578335445024,0,11.5814073297573,"",0,11.5818454326436,0.0147578335445024,NA,0,13.7210205688136,-0.0506706716204283,1,NA,0,0.0147880794776741,0.0147578335445024,11.58141,3,3,3,3
"251,501,751",0,3,-10.5617788652435,NA,-0.0308694211864557,-0.0308655964805779,0,-12.6670458553256,"",0,-12.6668418464777,-0.0308655964805779,NA,0,-12.6660020216491,-0.0321677627057667,1,NA,0,-0.0308694211864557,-0.0308655964805779,-12.66705,3,3,3,3
"251,501,751",0,3,15.6920028061501,NA,-0.0117868749354776,-0.011812448993788,0,0.42870311384821,"",0,0.428391010639245,-0.011812448993788,NA,0,0.443455181898917,-0.0172655071055529,1,NA,0,-0.0117868749354776,-0.011812448993788,0.4287,3,3,3,3
"251,501,751",0,3,4.57984423332075,NA,0.000362039265183027,0.000354716952584448,0,-4.76061786920591,"",0,-4.7606153187936,0.000354716952584448,NA,0,-4.43307150600973,-0.0252414055039584,1,NA,0,0.000362039265183027,0.000354716952584448,-4.76062,3,3,3,3
"251,501,751",0,3,-9.31856092575963,NA,-0.0137471783768938,-0.0138198476918517,0,-13.4756577918664,"",0,-13.4766615177165,-0.0138198476918517,NA,0,4.35336083831876,0.176522876346425,1,NA,0,-0.0137471783768938,-0.0138198476918517,-13.47566,3,3,3,3
"251,501,751",0,3,-3.92187907718966,NA,0.0131708870906695,0.0131554744765718,0,-9.31544045381812,"",0,-9.31522920583737,0.0131554744765718,NA,0,-9.21895602501019,0.0270403784133075,1,NA,0,0.0131708870906695,0.0131554744765718,-9.31544,3,3,3,3
"251,501,751",0,3,102.737802972695,NA,-0.0231755942064387,-0.0231728589909913,0,42.8289545972729,"",0,42.8290155552711,-0.0231728589909913,NA,0,42.9800095175359,-0.00574617463319416,1,NA,0,-0.0231755942064387,-0.0231728589909913,42.82895,3,3,3,3
"251,501,751",0,3,21.6672096760069,NA,0.00248537890529241,0.00248267039340659,0,3.91870769509687,"",0,3.91871818504156,0.00248267039340659,NA,0,4.81120484727394,-0.0398370461895476,1,NA,0,0.00248537890529241,0.00248267039340659,3.91871,3,3,3,3
"251,501,751",0,3,2.95442845528236,NA,-0.00604515545499758,-0.00604608373463516,0,-5.44908325199765,"",0,-5.4490807555439,-0.00604608373463516,NA,0,-5.39183899656701,-0.0167514030509784,1,NA,0,-0.00604515545499758,-0.00604608373463516,-5.44908,3,3,3,3
"251,501,751",0,3,-0.419439231960222,NA,-0.00894526459377799,-0.00892057988143943,0,-10.2665774994433,"",0,-10.2663549449482,-0.00892057988143943,NA,0,-8.77686930753165,-0.063367646715397,1,NA,0,-0.00894526459377799,-0.00892057988143943,-10.26658,3,3,3,3
"251,501,751",0,3,10.7562966616078,NA,0.064644733594032,0.0646064629524776,0,-5.00481968931174,"",0,-5.00232000843334,0.0646064629524776,NA,0,-0.408295332398112,-0.0312844737722227,1,NA,0,0.064644733594032,0.0646064629524776,-5.00482,3,3,3,3
"251,501,751",0,3,-26.3766306149958,NA,-0.0137157736907309,-0.0136876831177091,0,-20.8122177736681,"",0,-20.8118435964549,-0.0136876831177091,"14",1,-21.0021252155044,-0.0584523203952617,1,NA,0,-0.0137157736907309,-0.0136876831177091,-20.81222,3,3,2.237,3
"251,501,751",0,3,-26.6157918535126,NA,-0.00773576157750326,-0.00773370793056605,0,-20.2536089577849,NA,0,-20.2535913157048,-0.00773370793056605,NA,0,-18.0180254678802,-0.0746810639076938,1,NA,0,-0.00773576157750326,-0.00773370793056605,-20.25361,3,3,3,3
"251,501,751",0,3,61.9585579691048,NA,-0.00291910112748211,-0.00287858642293978,0,23.2746400712797,NA,0,23.2747579779121,-0.00287858642293978,NA,0,25.7813063336068,0.0679250089740018,1,NA,0,-0.00291910112748211,-0.00287858642293978,23.27464,3,3,3,3
"251,501,751",0,3,58.4786230519042,NA,-0.0553697438875151,-0.0553220758335396,0,19.5921330798211,NA,0,19.5947008485813,-0.0553220758335396,NA,0,29.8397863949093,0.0883636065361635,1,NA,0,-0.0553697438875151,-0.0553220758335396,19.59213,3,3,3,3
"251,501,751",0,3,83.3953594777726,NA,-0.0178538229596718,-0.0178675057217642,0,34.2288016293127,NA,0,34.2285521945981,-0.0178675057217642,NA,0,36.1670062302831,0.0444640025319409,1,NA,0,-0.0178538229596718,-0.0178675057217642,34.2288,3,3,3,3
"251,501,751",0,3,63.6684660233657,NA,-0.0378959658015659,-0.0378199321573815,0,23.2048330405558,NA,0,23.2077249490442,-0.0378199321573815,NA,0,27.0777033326144,0.0501771289753472,1,NA,0,-0.0378959658015659,-0.0378199321573815,23.20483,3,3,3,3
"251,501,751",0,3,61.6155125702419,NA,-0.0188897081820373,-0.0189122670354312,0,23.098136960097,NA,0,23.0977051308031,-0.0189122670354312,NA,0,32.0679054560138,-0.15332246371376,1,NA,0,-0.0188897081820373,-0.0189122670354312,23.09814,3,3,3,3
"251,501,751",0,3,61.3847217254876,NA,-0.0325529296056264,-0.0325507276172281,0,23.2318253086016,NA,0,23.2318820444146,-0.0325507276172281,NA,0,34.7278113532667,0.1199973775165,1,NA,0,-0.0325529296056264,-0.0325507276172281,23.23183,3,3,3,3
"251,501,751",0,3,-12.260970940342,NA,0.0686130554891115,0.0686154133531074,0,-16.95969419675,NA,0,-16.959874356773,0.0686154133531074,NA,0,-10.8230555416868,0.179303416425935,1,NA,0,0.0686130554891115,0.0686154133531074,-16.95969,3,3,3,3
"251,501,751",0,3,9.01191480878689,NA,-0.026897749036996,-0.0269377477993025,0,-3.65911382867513,NA,0,-3.66017663320561,-0.0269377477993025,NA,0,-3.2349144613652,-0.0559863258464421,1,NA,0,-0.026897749036996,-0.0269377477993025,-3.65911,3,3,3,3
"251,501,751",0,3,-31.1999139045268,NA,-0.0188246512197304,-0.0188260201750808,0,-23.2054267995996,NA,0,-23.2054557125531,-0.0188260201750808,NA,0,-14.2766826002827,-0.153250504346742,1,NA,0,-0.0188246512197304,-0.0188260201750808,-23.20543,3,3,3,3
"251,501,751",0,3,25.8468307817085,NA,-0.00908742743674343,-0.0090977113817424,0,5.5838321728335,NA,0,5.58374247855568,-0.0090977113817424,NA,0,8.59622625342176,0.0686685792676787,1,NA,0,-0.00908742743674343,-0.0090977113817424,5.58383,3,3,3,3
"251,501,751",0,3,39.9726651853241,NA,-0.010732934196439,-0.0107629365205129,0,12.5155401462284,NA,0,12.5152322029611,-0.0107629365205129,NA,0,12.7699549601764,0.0118567745235822,1,NA,0,-0.010732934196439,-0.0107629365205129,12.51554,3,3,3,3
"251,501,751",0,3,-29.4078608568069,NA,-0.0411017027154406,-0.0410688780683051,0,-23.3692084510381,NA,0,-23.3678397046894,-0.0410688780683051,NA,0,-22.8284999263684,-0.0738249855544824,1,NA,0,-0.0411017027154406,-0.0410688780683051,-23.36921,3,3,3,3
"251,501,751",0,3,59.4415570284375,NA,0.00132704891666359,0.00132751659618301,0,22.8038366072576,NA,0,22.8038358092237,0.00132751659618301,NA,0,23.0661316753984,-0.0215950041580547,1,NA,0,0.00132704891666359,0.00132751659618301,22.80384,3,3,3,3
"251,501,751",0,3,36.0026560619099,NA,0.0370716376849954,0.0371457856892873,0,9.36288575546843,NA,0,9.36016363259053,0.0371457856892873,NA,0,10.2497208351382,-0.00513272817544941,1,NA,0,0.0370716376849954,0.0371457856892873,9.36289,3,3,3,3
"251,501,751",0,3,29.6972816539814,NA,-0.0423378466790201,-0.0422998597155484,0,5.86952392347155,NA,0,5.87114110484376,-0.0422998597155484,NA,0,23.2186138456717,0.145271480103594,7,NA,0,-0.0423381030126046,-0.0422998597155484,5.86951,3,3,3,3
"251,501,751",0,3,20.0181872041089,NA,0.00125048583969802,0.00125059074846899,0,3.09499754760026,NA,0,3.09499742215613,0.00125059074846899,NA,0,6.96594926972272,0.089409475439461,1,NA,0,0.00125048583969802,0.00125059074846899,3.095,3,3,3,3
"251,501,751",0,3,71.1650154972319,NA,-0.0128443254722543,-0.0128349345200023,0,28.087825008809,NA,0,28.0879479164065,-0.0128349345200023,NA,0,41.6371712765518,0.15284220571305,1,NA,0,-0.0128443254722543,-0.0128349345200023,28.08783,3,3,3,3
"251,501,751",0,3,43.7841474573504,NA,-0.0552921746081557,-0.0552911258463462,0,13.3498393889255,NA,0,13.3498978051218,-0.0552911258463462,NA,0,16.5713058024049,-0.135546048786976,1,NA,0,-0.0552921746081557,-0.0552911258463462,13.34984,3,3,3,3
"251,501,751",0,3,58.4765506852933,NA,0.00811243104363719,0.00804757685202873,0,20.8754653176914,NA,0,20.8759826216303,0.00804757685202873,NA,0,24.0508365927001,-0.071639853562605,1,NA,0,0.00811243104363719,0.00804757685202873,20.87547,3,3,3,3
"251,501,751",0,3,84.5681158835703,NA,-0.0104630620535339,-0.0104691765278742,0,35.0975265879165,"",0,35.0974596850089,-0.0104691765278742,NA,0,35.1412157830434,-0.00110106120192988,1,NA,0,-0.0104630620535339,-0.0104691765278742,35.09753,3,3,3,3
"251,501,751",0,3,0.980107873116303,NA,0.0209701196045429,0.0210154045035364,0,-6.92795097557289,"",0,-6.92885051842565,0.0210154045035364,NA,0,-6.27771822849925,0.057066418017754,1,NA,0,0.0209701196045429,0.0210154045035364,-6.92795,3,3,3,3
"251,501,751",0,3,-81.6350457615369,NA,0.010411815814003,0.0103517746294534,0,-50.2342861080286,"",0,-50.2336628764068,0.0103517746294534,NA,0,-48.5302091207806,-0.0479114806666766,1,NA,0,0.010411815814003,0.0103517746294534,-50.23429,3,3,3,3
"251,501,751",0,3,3.14214757893925,NA,0.00817849578718656,0.00817699485758551,0,-5.4899108869216,"",0,-5.48989988570999,0.00817699485758551,NA,0,-4.32673193008206,0.0564791656426966,1,NA,0,0.00817849578718656,0.00817699485758551,-5.48991,3,3,3,3
"251,501,751",0,3,95.4036118812063,NA,0.0470172300033462,0.0470189053690194,0,38.0735054242414,"",0,38.0734299038339,0.0470189053690194,NA,0,38.2937941700501,0.0678172764392497,1,NA,0,0.0470172300033462,0.0470189053690194,38.07351,3,3,3,3
"251,501,751",0,3,80.8716725451779,NA,-0.0532653413098174,-0.0532633663629325,0,31.9082247484091,"",0,31.9083329856985,-0.0532633663629325,NA,0,31.9084606079261,-0.0537469476885069,1,NA,0,-0.0532653413098174,-0.0532633663629325,31.90822,3,3,3,3
"251,501,751",0,3,4.43349763535856,NA,-0.00973525205963185,-0.00973449625544207,0,-4.76026230023252,"475,507",2,0.788672006151575,-0.0245842346650984,NA,0,5.40196517232765,0.133556833941011,1,NA,0,-0.00973525205963185,-0.00973449625544207,-4.76026,3,1.032,3,3
"251,501,751",0,3,76.5251951853204,NA,-0.0367701965172803,-0.0368030524959356,0,30.1767108478285,"",0,30.1755045902292,-0.0368030524959356,NA,0,30.2580864534525,-0.0495704306955193,1,NA,0,-0.0367701965172803,-0.0368030524959356,30.17671,3,3,3,3
"251,501,751",0,3,123.946864059501,NA,0.00302786366821523,0.00302901546200082,0,54.9812698373306,"",0,54.9812663350549,0.00302901546200082,NA,0,55.3261389271147,-0.0232379849691271,1,NA,0,0.00302786366821523,0.00302901546200082,54.98127,3,3,3,3
"251,501,751",0,3,134.010067404247,NA,0.0166014745296705,0.0166021157484368,0,59.9064694772979,"",0,59.9064596186177,0.0166021157484368,NA,0,62.7905463164936,-0.0594791815874682,1,NA,0,0.0166014745296705,0.0166021157484368,59.90647,3,3,3,3
"251,501,751",0,3,21.8841664637765,NA,-0.0472675271420314,-0.047309505162498,0,2.67415819129852,"",0,2.67208882209268,-0.047309505162498,NA,0,3.04630289212721,-0.0745794089290012,1,NA,0,-0.0472675271420314,-0.047309505162498,2.67416,3,3,3,3
"251,501,751",0,3,-31.2946029646462,NA,0.0312490777326972,0.031411692698928,0,-26.5577935415671,"",0,-26.5626849807104,0.031411692698928,"996",1,-22.5620970873865,-0.0635082881132043,1,NA,0,0.0312490777326972,0.031411692698928,-26.55779,3,3,2.245,3
"251,501,751",0,3,-19.8283468267078,NA,-0.00376588716675933,-0.00376564655867553,0,-16.8290362932024,"",0,-16.8290311410178,-0.00376564655867552,NA,0,-13.9688474451209,0.0720039664941483,1,NA,0,-0.00376588716675933,-0.00376564655867553,-16.82904,3,3,3,3
"251,501,751",0,3,110.209114780197,NA,0.0207701098455675,0.0206503971596933,0,46.4894273648992,"",0,46.491881811666,0.0206503971596933,NA,0,47.0685414363229,0.0546309750950831,1,NA,0,0.0207701098455675,0.0206503971596933,46.48943,3,3,3,3
"251,501,751",0,3,60.9988935789066,NA,-0.00761147951852316,-0.00759724287332445,0,23.5451900470027,"",0,23.5453100069827,-0.00759724287332446,NA,0,23.7831205657768,-0.0294258123966241,1,NA,0,-0.00761147951852316,-0.00759724287332445,23.54519,3,3,3,3
"251,501,751",0,3,7.25575181000453,NA,-0.0515026560783325,-0.0514446397237622,0,-5.65712072618969,"",0,-5.65412278063522,-0.0514446397237622,NA,0,-5.63529372272944,-0.057516776607682,1,NA,0,-0.0515026560783325,-0.0514446397237622,-5.65712,3,3,3,3
"251,501,751",0,3,13.9201542296067,NA,0.000428239748339074,0.000418207503839003,0,-0.0154171521878101,"",0,-0.015412420482094,0.000418207503839003,NA,0,1.96388315068028,-0.0625826214326823,1,NA,0,0.000428239748339074,0.000418207503839003,-0.01542,3,3,3,3
"251,501,751",0,3,55.9210885307805,NA,0.0180885488725353,0.0181112659079304,0,19.6546409181549,"",0,19.6542348764797,0.0181112659079304,NA,0,20.3451701554654,0.0551821249756086,1,NA,0,0.0180885488725353,0.0181112659079304,19.65464,3,3,3,3
"251,501,751",0,3,77.4501803953018,NA,0.00579260326174146,0.00578615521772464,0,31.7183930228302,"",0,31.7184304635563,0.00578615521772464,NA,0,34.1355369444123,0.0753974028026418,1,NA,0,0.00579260326174146,0.00578615521772464,31.71839,3,3,3,3
"251,501,751",0,3,-20.3012203600173,NA,0.0236440054802316,0.023640109511784,0,-17.343157736288,"",0,-17.3430337090561,0.023640109511784,NA,0,-16.2172736139005,0.071140469533431,1,NA,0,0.0236440054802316,0.023640109511784,-17.34316,3,3,3,3
"251,501,751",0,3,57.0997516055413,NA,-0.0167185903034585,-0.0167186509341045,0,21.4702843674622,NA,0,21.4702819438521,-0.0167186509341045,NA,0,21.7471232390886,0.0068544059458493,1,NA,0,-0.0167185903034585,-0.0167186509341045,21.47028,3,3,3,3
"251,501,751",0,3,86.5421205441008,NA,-0.032037398312962,-0.0320486427833572,0,35.5896372496242,NA,0,35.5892743271091,-0.0320486427833572,NA,0,45.8809492302328,0.112080713852716,1,NA,0,-0.032037398312962,-0.0320486427833572,35.58964,3,3,3,3
"251,501,751",0,3,-36.2852719904196,NA,-0.00664570515955621,-0.00665429477181022,0,-26.43381916328,NA,0,-26.4338769785242,-0.00665429477181021,NA,0,-23.6704805636884,0.0677466157909417,1,NA,0,-0.00664570515955621,-0.00665429477181022,-26.43382,3,3,3,3
"251,501,751",0,3,83.8878824431067,NA,-0.00481978398310784,-0.00487083004954176,0,33.6232019500388,NA,0,33.6229555499591,-0.00487083004954176,NA,0,35.6327673295405,-0.0681897464724432,1,NA,0,-0.00481978398310784,-0.00487083004954176,33.6232,3,3,3,3
"251,501,751",0,3,-5.20616548392282,NA,0.00705636988425482,0.00707248886903382,0,-9.6941519938275,NA,0,-9.69426242500454,0.00707248886903382,NA,0,-6.77566738615218,-0.0694540388639856,1,NA,0,0.00705636988425482,0.00707248886903382,-9.69415,3,3,3,3
"251,501,751",0,3,-2.38743552265356,NA,0.0386661311214,0.0386457241632835,0,-9.37062266091031,NA,0,-9.3698371684815,0.0386457241632835,NA,0,-7.80470611505826,0.0945490282402626,1,NA,0,0.0386661311214,0.0386457241632835,-9.37062,3,3,3,3
"251,501,751",0,3,48.5875146187123,NA,0.0447081628887946,0.0447028238699092,0,16.3787094748592,NA,0,16.3789902540162,0.0447028238699092,NA,0,19.0362920625752,-0.0282340642281229,1,NA,0,0.0447081628887946,0.0447028238699092,16.37871,3,3,3,3
"251,501,751",0,3,52.2335999222967,NA,0.0304234277263145,0.0303940800663191,0,18.6373884014731,NA,0,18.6382938235611,0.0303940800663191,NA,0,19.0165856467181,0.0579127650554914,1,NA,0,0.0304234277263145,0.0303940800663191,18.63739,3,3,3,3
"251,501,751",0,3,5.30431722626141,NA,-0.0150782934250971,-0.0150467789505749,0,-6.19243701339742,NA,0,-6.19196803449499,-0.0150467789505749,NA,0,-4.68015346501515,-0.0699594977292955,1,NA,0,-0.0150782934250971,-0.0150467789505749,-6.19244,3,3,3,3
"251,501,751",0,3,-7.07211645751518,NA,0.041759943970475,0.0417342974128831,0,-11.8523609372277,NA,0,-11.8513287148703,0.0417342974128831,NA,0,-10.5571885138719,0.0925877486042757,1,NA,0,0.041759943970475,0.0417342974128831,-11.85236,3,3,3,3
"251,501,751",0,3,-6.1897527174779,NA,-0.0124271116794249,-0.0124733218214574,0,-11.3659401554666,NA,0,-11.3665098451501,-0.0124733218214574,NA,0,-10.5106868372404,0.0289386242889549,1,NA,0,-0.0124271116794249,-0.0124733218214574,-11.36594,3,3,3,3
"251,501,751",0,3,90.8098564719107,NA,-0.00108079264464665,-0.00106985642492478,0,38.4348915835071,NA,0,38.4349036040743,-0.00106985642492478,NA,0,49.061983249826,-0.14763900167155,1,NA,0,-0.00108079264464665,-0.00106985642492478,38.43489,3,3,3,3
"251,501,751",0,3,27.7764056384342,NA,-0.0222513664111569,-0.0222476851337707,0,6.67054299004026,NA,0,6.67062945210859,-0.0222476851337707,NA,0,13.6071652233277,-0.140429962192429,1,NA,0,-0.0222513664111569,-0.0222476851337707,6.67054,3,3,3,3
"251,501,751",0,3,12.8672108366194,NA,-0.0142375236841194,-0.0142044827019714,0,-0.888518398409103,NA,0,-0.888053019445167,-0.0142044827019714,NA,0,2.4262139618391,0.0672917114374301,1,NA,0,-0.0142375236841194,-0.0142044827019714,-0.88852,3,3,3,3
"251,501,751",0,3,22.6775695420298,NA,-0.0109184738654094,-0.0109178371694813,0,4.36188698577693,NA,0,4.36189406657145,-0.0109178371694814,NA,0,4.60680485998727,-0.0330514227418215,1,NA,0,-0.0109184738654094,-0.0109178371694813,4.36189,3,3,3,3
"251,501,751",0,3,-28.8003939381261,NA,-0.0209361671170075,-0.0209468174443894,0,-21.7385110080012,NA,0,-21.7387322041076,-0.0209468174443894,NA,0,-18.2966294439782,-0.104006709767996,1,NA,0,-0.0209361671170075,-0.0209468174443894,-21.73851,3,3,3,3
"251,501,751",0,3,106.554769263571,NA,0.0157645685530319,0.0157588018693569,0,46.1921068749821,NA,0,46.192213645969,0.0157588018693569,NA,0,51.467020650874,0.118930065363394,1,NA,0,0.0157645685530319,0.0157588018693569,46.19211,3,3,3,3
"251,501,751",0,3,-5.7207508585335,NA,0.0100773643965444,0.0100723096051883,0,-9.82394847418389,NA,0,-9.82389373862857,0.0100723096051883,NA,0,19.5179515668537,0.255915310957076,1,NA,0,0.0100773643965444,0.0100723096051883,-9.82395,3,3,3,3
"251,501,751",0,3,3.67739656682298,NA,-0.0045625805409746,-0.00452454311596831,0,-5.26440526648016,NA,0,-5.26424295581746,-0.00452454311596831,NA,0,-4.83591910277522,0.0247322844519544,1,NA,0,-0.0045625805409746,-0.00452454311596831,-5.26441,3,3,3,3
"251,501,751",0,3,12.0742145035225,NA,0.0224469983162516,0.0224579467770745,0,-1.39118682447812,NA,0,-1.39142832993903,0.0224579467770745,NA,0,-0.695298121660032,0.0597446801896335,1,NA,0,0.0224469983162516,0.0224579467770745,-1.39119,3,3,3,3
"251,501,751",0,3,-22.0893895332666,NA,0.0134505125360925,0.013453722976902,0,-18.0936318709541,NA,0,-18.0936763558855,0.013453722976902,NA,0,-18.0760063721626,0.0193932945978745,1,NA,0,0.0134505125360925,0.013453722976902,-18.09363,3,3,3,3
"251,501,751",0,3,35.348592100251,NA,0.0255697687464769,0.0255354421100188,0,8.71251835298504,NA,0,8.71337866126236,0.0255354421100188,NA,0,10.8225182063674,0.0904019981450226,1,NA,0,0.0255697687464769,0.0255354421100188,8.71252,3,3,3,3
"251,501,751",0,3,27.4737472390409,NA,-0.0449217715088728,-0.0449785390386558,0,3.8300335719426,NA,0,3.8274913555649,-0.0449785390386558,NA,0,4.11315076471457,-0.0209071412148474,1,NA,0,-0.0449217715088728,-0.0449785390386558,3.83003,3,3,3,3
"251,501,751",0,3,-20.3597352479486,NA,-0.00306587144223707,-0.00305907982293613,0,-17.1105418058327,NA,0,-17.1105180785351,-0.00305907982293613,NA,0,-13.526606490351,-0.0879088279010983,1,NA,0,-0.00306587144223707,-0.00305907982293613,-17.11054,3,3,3,3
"251,501,751",0,3,25.8169787896873,NA,-0.030068388568705,-0.0300405425907671,0,4.72015247078094,NA,0,4.72096745143262,-0.0300405425907671,NA,0,5.04337638693637,-0.00464275832299865,1,NA,0,-0.030068388568705,-0.0300405425907671,4.72015,3,3,3,3
"251,501,751",0,3,145.462367596871,NA,-0.0226016512183795,-0.0226286796427214,0,64.2768372897812,NA,0,64.276248301382,-0.0226286796427214,NA,0,65.9943338553593,0.0361092635753744,1,NA,0,-0.0226016512183795,-0.0226286796427214,64.27684,3,3,3,3
"251,501,751",0,3,61.94300958876,NA,0.0158185857417419,0.0158077261005987,0,22.2868538139414,NA,0,22.2870252152779,0.0158077261005987,NA,0,36.3420726417729,-0.152780516677519,1,NA,0,0.0158185857417419,0.0158077261005987,22.28685,3,3,3,3
"251,501,751",0,3,34.7385914445082,NA,-0.0258711929019368,-0.0258731936821937,0,10.1090492775999,NA,0,10.108995019622,-0.0258731936821937,NA,0,10.164273329931,-0.0363817691598237,1,NA,0,-0.0258711929019368,-0.0258731936821937,10.10905,3,3,3,3
"251,501,751",0,3,88.8104961568225,NA,0.00868220270446438,0.0086852643271865,0,37.3034510544014,NA,0,37.303420872714,0.0086852643271865,NA,0,39.0657970315374,0.0682377474907447,1,NA,0,0.00868220270446438,0.0086852643271865,37.30345,3,3,3,3
"251,501,751",0,3,21.735252949422,NA,-0.011874299866151,-0.0119139323965182,0,3.74862743246292,NA,0,3.74816212876956,-0.0119139323965182,NA,0,10.5636885427044,0.105256759514163,1,NA,0,-0.011874299866151,-0.0119139323965182,3.74863,3,3,3,3
"251,501,751",0,3,96.2826082691005,NA,-0.0489518835134001,-0.048949519120709,0,37.9569193162262,NA,0,37.9570353879292,-0.048949519120709,NA,0,39.1841758691915,0.000681040083899687,1,NA,0,-0.0489518835134001,-0.048949519120709,37.95692,3,3,3,3
"251,501,751",0,3,20.8385423096775,NA,-0.00900026094003646,-0.00898401366194587,0,3.44180110828122,NA,0,3.44195183704709,-0.00898401366194587,NA,0,9.39659691781941,-0.118450355749894,1,NA,0,-0.00900026094003646,-0.00898401366194587,3.4418,3,3,3,3
"251,501,751",0,3,-47.2586446997416,NA,0.00412247458849904,0.00411315916644737,0,-30.5699137408427,NA,0,-30.5698760955401,0.00411315916644737,NA,0,-30.247719330757,0.0295091394155624,1,NA,0,0.00412247458849904,0.00411315916644737,-30.56991,3,3,3,3
"251,501,751",0,3,86.4786023198302,NA,0.0141171134821064,0.0141295577844358,0,35.4923395725306,NA,0,35.4921670947533,0.0141295577844358,NA,0,36.1051884197177,-0.0209058206676538,1,NA,0,0.0141171134821064,0.0141295577844358,35.49234,3,3,3,3
"251,501,751",0,3,14.3165825009819,NA,-0.0216824468097685,-0.0216711698470588,0,-0.0549344688536149,NA,0,-0.0547149198810359,-0.0216711698470588,NA,0,10.4891792052805,-0.167721959093771,1,NA,0,-0.0216824468097685,-0.0216711698470588,-0.05493,3,3,3,3
"251,501,751",0,3,25.5137953083443,NA,0.0158202004492561,0.0158634916522054,0,4.70445812420933,NA,0,4.70374466036159,0.0158634916522054,NA,0,14.707404434331,0.158127735971711,1,NA,0,0.0158202004492561,0.0158634916522054,4.70446,3,3,3,3
"251,501,751",0,3,112.755739564005,NA,0.0205113336128931,0.0205226806204721,0,48.8900531297355,NA,0,48.8898293909551,0.0205226806204721,NA,0,55.8079839982433,-0.0975344444339019,1,NA,0,0.0205113336128931,0.0205226806204721,48.89005,3,3,3,3
"251,501,751",0,3,87.1843969966058,NA,-0.023104732960918,-0.0230898682381041,0,34.5688558030905,NA,0,34.5692049661507,-0.0230898682381041,NA,0,36.5038454912343,-0.0852001468175112,1,NA,0,-0.023104732960918,-0.0230898682381041,34.56886,3,3,3,3
"251,501,751",0,3,56.4950344128528,NA,-0.0204527353146405,-0.0204697591768615,0,20.9701918972271,NA,0,20.9698326702317,-0.0204697591768615,NA,0,33.6557709621933,0.139822923654065,1,NA,0,-0.0204527353146405,-0.0204697591768615,20.97019,3,3,3,3
"251,501,751",0,3,-1.80324696430237,NA,-0.0307309487898007,-0.0307504548118933,0,-8.50995156965234,NA,0,-8.51053411139719,-0.0307504548118933,NA,0,-5.74964844817149,0.0436550906291526,1,NA,0,-0.0307309487898007,-0.0307504548118933,-8.50995,3,3,3,3
"251,501,751",0,3,45.9572812334973,NA,0.00839563715007994,0.00841238955531073,0,15.2304080246364,NA,0,15.2302678450775,0.00841238955531073,NA,0,26.1040393951375,-0.13976920206063,1,NA,0,0.00839563715007994,0.00841238955531073,15.23041,3,3,3,3
"251,501,751",0,3,-5.48848984489375,NA,0.0271967659084135,0.0271922724938238,0,-11.5582236941585,NA,0,-11.5581010409111,0.0271922724938238,NA,0,-8.92435224831385,-0.0454221917416404,1,NA,0,0.0271967659084135,0.0271922724938238,-11.55822,3,3,3,3
"251,501,751",0,3,110.463143988285,NA,0.0276073485902148,0.0276188527016992,0,46.2323941584513,NA,0,46.2320760248134,0.0276188527016992,NA,0,46.749033233882,-0.00458838871619172,1,NA,0,0.0276073485902148,0.0276188527016992,46.23239,3,3,3,3
"251,501,751",0,3,-49.7870090702312,NA,-0.00478110404908162,-0.00478308033303039,0,-32.2537301252985,NA,0,-32.2537392835844,-0.00478308033303039,NA,0,-32.1517174619121,0.00950712431874878,1,NA,0,-0.00478110404908162,-0.00478308033303039,-32.25373,3,3,3,3
"251,501,751",0,3,66.8823785683822,NA,-0.0374230547824969,-0.0374367616614086,0,25.7405530840026,NA,0,25.7400828082998,-0.0374367616614086,NA,0,29.4335291416681,-0.12351473501419,1,NA,0,-0.0374230547824969,-0.0374367616614086,25.74055,3,3,3,3
"251,501,751",0,3,75.2237521814583,NA,-0.0210077298578019,-0.0210146955664873,0,30.1470303942572,NA,0,30.1468885186786,-0.0210146955664873,NA,0,40.209490739565,-0.163539231653216,1,NA,0,-0.0210077298578019,-0.0210146955664873,30.14703,3,3,3,3
"251,501,751",0,3,127.15695941068,NA,-0.0392331919405255,-0.0392234160839291,0,55.7199408242491,NA,0,55.7203084910236,-0.0392234160839291,NA,0,56.4642986844821,-0.000656610719607875,1,NA,0,-0.0392331919405255,-0.0392234160839291,55.71994,3,3,3,3
"251,501,751",0,3,31.1986226673102,NA,0.0248001694464453,0.0248362903785041,0,8.07726235202705,NA,0,8.0763231944722,0.0248362903785041,NA,0,33.957831052106,0.255309911644896,1,NA,0,0.0248001694464453,0.0248362903785041,8.07726,3,3,3,3
"251,501,751",0,3,50.9456940395292,NA,-0.0188053132796963,-0.0188093622591209,0,18.3453217569133,NA,0,18.3452533068242,-0.0188093622591209,NA,0,19.2272232270298,0.0232242038006782,1,NA,0,-0.0188053132796963,-0.0188093622591209,18.34532,3,3,3,3
"251,501,751",0,3,65.4424895460698,NA,0.00664545749903468,0.00662388233427748,0,25.1491608338998,NA,0,25.1492998103334,0.00662388233427748,NA,0,25.2343745805028,-0.00640613034535265,1,NA,0,0.00664545749903468,0.00662388233427748,25.14916,3,3,3,3
"251,501,751",0,3,83.866613168355,NA,-0.0299112187931594,-0.0298940104101214,0,34.0470307934635,NA,0,34.0475399280679,-0.0298940104101214,NA,0,34.6743750011091,0.0055059968390303,1,NA,0,-0.0299112187931594,-0.0298940104101214,34.04703,3,3,3,3
"251,501,751",0,3,62.9479044610898,NA,-0.00568630651746332,-0.00565840398226474,0,24.1668344290945,NA,0,24.1669951861665,-0.00565840398226474,NA,0,24.272668234621,-0.020215326082165,1,NA,0,-0.00568630651746332,-0.00565840398226474,24.16683,3,3,3,3
"251,501,751",0,3,-1.90168657350952,NA,-0.0116416272014909,-0.011672268813961,0,-8.31644028304033,NA,0,-8.316770135749,-0.011672268813961,NA,0,-6.8782680789794,-0.0653918166375743,1,NA,0,-0.0116416272014909,-0.011672268813961,-8.31644,3,3,3,3
"251,501,751",0,3,21.9312708034348,NA,0.0290335553593482,0.0290321991334383,0,3.56011571795283,NA,0,3.56015357988127,0.0290321991334383,NA,0,7.08942582151017,-0.0551007939548797,1,NA,0,0.0290335553593482,0.0290321991334383,3.56012,3,3,3,3
"251,501,751",0,3,15.1547977219403,NA,0.00216000246901847,0.00213729792984228,0,-0.814077850948475,NA,0,-0.814029325711108,0.00213729792984228,NA,0,0.0382307032355778,-0.03909814486469,1,NA,0,0.00216000246901847,0.00213729792984228,-0.81408,3,3,3,3
"251,501,751",0,3,28.9458996092659,NA,-0.00345530546804281,-0.00345242947915427,0,7.54303949605267,NA,0,7.54305078467945,-0.00345242947915427,NA,0,7.97564712223808,-0.0328839804500263,1,NA,0,-0.00345530546804281,-0.00345242947915427,7.54304,3,3,3,3
"251,501,751",0,3,52.5189165855029,NA,0.0285422607333796,0.0285440737260152,0,18.9340464694493,NA,0,18.9339997981625,0.0285440737260152,NA,0,21.4268630515168,-0.0421339555286775,1,NA,0,0.0285422607333796,0.0285440737260152,18.93405,3,3,3,3
"251,501,751",0,3,15.3089284766451,NA,-0.0125879143605101,-0.01261994047603,0,0.478602434008163,NA,0,0.478172063767857,-0.01261994047603,NA,0,0.787433760364937,-0.0374731674374144,1,NA,0,-0.0125879143605101,-0.01261994047603,0.4786,3,3,3,3
"251,501,751",0,3,78.975155005095,NA,0.0189859550688125,0.0190560408574804,0,30.4007728659278,NA,0,30.3994587907893,0.0190560408574804,NA,0,31.4219338961202,-0.0262385322081072,1,NA,0,0.0189859550688125,0.0190560408574804,30.40077,3,3,3,3
"251,501,751",0,3,32.2612765260697,NA,-0.00044686804206627,-0.000459878225319707,0,9.15238282465915,NA,0,9.1523772224471,-0.000459878225319707,NA,0,13.5369176032287,0.0933987099317926,1,NA,0,-0.00044686804206627,-0.000459878225319707,9.15238,3,3,3,3
"251,501,751",0,3,14.6741295582632,NA,-0.0179835505429605,-0.0180476764278566,0,-1.77644819234218,"",0,-1.77760375156354,-0.0180476764278566,NA,0,-1.04378057192131,0.0203365662235229,1,NA,0,-0.0179835505429605,-0.0180476764278566,-1.77645,3,3,3,3
"251,501,751",0,3,100.292819381736,NA,0.00441814094438353,0.00436639389051197,0,41.8536341394236,"",0,41.8538640928913,0.00436639389051197,NA,0,55.3229139391596,-0.16060678957329,1,NA,0,0.00441814094438353,0.00436639389051197,41.85363,3,3,3,3
"251,501,751",0,3,73.856309049459,NA,0.0222448376720209,0.0222432429290472,0,29.7649906314799,"249,280,379,433",4,46.7251873117636,0.00562538143162202,NA,0,30.6415681236062,0.064142806858698,1,NA,0,0.0222448376720209,0.0222432429290472,29.76499,3,1.442,3,3
"251,501,751",0,3,-10.4865924291558,NA,0.0230524514520732,0.023046495608494,0,-12.4437530229623,"",0,-12.4436597106655,0.023046495608494,NA,0,-11.5598058212713,-0.0191081479837359,1,NA,0,0.0230524514520732,0.023046495608494,-12.44375,3,3,3,3
"251,501,751",0,3,70.2258844253671,NA,0.0161134470636025,0.0160317401153614,0,27.1919495778759,"",0,27.1932758627559,0.0160317401153614,NA,0,27.1958424883902,0.0138205998723835,1,NA,0,0.0161134470636025,0.0160317401153614,27.19195,3,3,3,3
"251,501,751",0,3,32.1812982208529,NA,0.00301622079507953,0.00299226949319961,0,8.04032550214201,"",0,8.0403985761963,0.00299226949319961,NA,0,8.06232583494126,-0.00360633662347187,1,NA,0,0.00301622079507953,0.00299226949319961,8.04033,3,3,3,3
"251,501,751",0,3,37.5099726074399,NA,-0.00584359290263121,-0.00574845783063651,0,9.62129914207882,"",0,9.62186224822301,-0.00574845783063651,NA,0,11.7901906080406,-0.0716089528205476,1,NA,0,-0.00584359290263121,-0.00574845783063651,9.6213,3,3,3,3
"251,501,751",0,3,-64.0464145535178,NA,0.022393675722823,0.0224359875023994,0,-42.3500793249111,"",0,-42.351001433262,0.0224359875023994,NA,0,2.01604664146433,0.326136347564829,1,NA,0,0.022393675722823,0.0224359875023994,-42.35008,3,3,3,3
"251,501,751",0,3,-2.23565570257548,NA,0.0237474952798198,0.0237438740152491,0,-8.38482463202897,"",0,-8.38472765258897,0.0237438740152491,NA,0,-7.67686722585728,0.0614475917844466,1,NA,0,0.0237474952798198,0.0237438740152491,-8.38482,3,3,3,3
"251,501,751",0,3,-3.07488128587428,NA,-0.0556878134892686,-0.0556875945076063,0,-9.99857310427923,"386,430",2,-5.88134597911228,-0.0707881968245107,NA,0,5.69012440494327,0.122570376842984,1,NA,0,-0.0556878134892686,-0.0556875945076063,-9.99857,3,1.186,3,3
"251,501,751",0,3,20.8730569819481,NA,0.0424262732736331,0.0423899208427979,0,1.39627086124685,"",0,1.39779469546987,0.0423899208427979,NA,0,1.61304794843764,0.0630351228672192,1,NA,0,0.0424262732736331,0.0423899208427979,1.39627,3,3,3,3
"251,501,751",0,3,7.00687701844466,NA,0.00708504829504169,0.00708477100363315,0,-3.43007336576713,"",0,-3.43007528143193,0.00708477100363315,NA,0,-0.363273895885274,-0.0717288204865708,1,NA,0,0.00708504829504169,0.00708477100363315,-3.43007,3,3,3,3
"251,501,751",0,3,-19.8313773559488,NA,-0.0285087604717377,-0.0285040050475174,0,-17.2346623241274,"",0,-17.2345565297804,-0.0285040050475174,NA,0,-17.1188002196432,-0.0132949916027431,1,NA,0,-0.0285087604717377,-0.0285040050475174,-17.23466,3,3,3,3
"251,501,751",0,3,39.5544777788521,NA,0.0204542013552842,0.0204473599786813,0,12.4630380810652,"",0,12.4631588504005,0.0204473599786813,NA,0,12.46452066049,0.022102128706738,1,NA,0,0.0204542013552842,0.0204473599786813,12.46304,3,3,3,3
"251,501,751",0,3,19.0943441968475,NA,-0.00112729406117483,-0.00111540826304821,0,2.42607686535023,"",0,2.42609106820701,-0.00111540826304821,NA,0,3.60366759665727,-0.0497082955946871,1,NA,0,-0.00112729406117483,-0.00111540826304821,2.42608,3,3,3,3
"251,501,751",0,3,-65.2854831731218,NA,-0.0217376740015048,-0.0217369355605756,0,-39.8424796669856,"",0,-39.8424635177491,-0.0217369355605756,NA,0,-38.181715376929,0.035928294996656,1,NA,0,-0.0217376740015048,-0.0217369355605756,-39.84248,3,3,3,3
"251,501,751",0,3,8.68352261721714,NA,0.00539552325251057,0.00544024461222824,0,-3.26689978627472,"",0,-3.26713631292504,0.00544024461222824,NA,0,-2.70215088397677,-0.0282172226214779,1,NA,0,0.00539552325251057,0.00544024461222824,-3.2669,3,3,3,3
"251,501,751",0,3,39.2596710689324,NA,0.00197182733152947,0.00196565822103885,0,12.4403552240454,"",0,12.4403675090635,0.00196565822103885,NA,0,12.4992353595123,0.012818817091617,1,NA,0,0.00197182733152947,0.00196565822103885,12.44036,3,3,3,3
"251,501,751",0,3,13.3743214714332,NA,-0.0264849824912459,-0.0264498449841981,0,-3.65993910946307,"",0,-3.65900188274225,-0.0264498449841981,NA,0,-3.41606436180583,-0.0482965720098298,1,NA,0,-0.0264849824912459,-0.0264498449841981,-3.65994,3,3,3,3
"251,501,751",0,3,3.25977145642329,NA,0.0521215201200546,0.0521236195327089,0,-6.64357027980219,"",0,-6.64369013834457,0.0521236195327089,NA,0,0.520343800286591,0.172092441641131,1,NA,0,0.0521215201200546,0.0521236195327089,-6.64357,3,3,3,3
"251,501,751",0,3,6.61945945954292,NA,-0.023536548455037,-0.0235292961883065,0,-3.91325532855149,NA,0,-3.91311098455898,-0.0235292961883065,NA,0,3.73998630487066,-0.147795374615964,1,NA,0,-0.023536548455037,-0.0235292961883065,-3.91326,3,3,3,3
"251,501,751",0,3,16.5518289473621,NA,0.010110361171412,0.0101168476814894,0,1.23919689754455,NA,0,1.23912811414082,0.0101168476814894,NA,0,1.31935127342854,-0.00255937512734072,1,NA,0,0.010110361171412,0.0101168476814894,1.2392,3,3,3,3
"251,501,751",0,3,46.9834274919233,NA,-0.0112023438027869,-0.0112378413259895,0,14.727155564065,NA,0,14.7267551448656,-0.0112378413259895,NA,0,15.4282910808995,-0.0485741023038172,1,NA,0,-0.0112023438027869,-0.0112378413259895,14.72716,3,3,3,3
"251,501,751",0,3,-4.50961330214907,NA,-0.00410563439191033,-0.00413521350398932,0,-11.1608289331376,NA,0,-11.1609507148577,-0.00413521350398932,NA,0,-10.8484201481035,0.020872633189104,1,NA,0,-0.00410563439191033,-0.00413521350398932,-11.16083,3,3,3,3
"251,501,751",0,3,26.3849288658176,NA,-0.0359103582289405,-0.0359068669255418,0,5.63804318210252,NA,0,5.63814014135027,-0.0359068669255418,NA,0,5.67344333895849,-0.0443084081266673,1,NA,0,-0.0359103582289405,-0.0359068669255418,5.63804,3,3,3,3
"251,501,751",0,3,17.37458341494,NA,0.0573132235442618,0.0572994663731432,0,0.0576884867239729,NA,0,0.0585421374942783,0.0572994663731432,NA,0,0.182551864142232,0.0730341287983667,1,NA,0,0.0573132235442618,0.0572994663731432,0.05769,3,3,3,3
"251,501,751",0,3,45.7190618136082,NA,0.0051368005535898,0.00513294296234089,0,15.9343454512644,NA,0,15.9343638718882,0.00513294296234089,NA,0,18.2342913799366,0.0730373121419625,1,NA,0,0.0051368005535898,0.00513294296234089,15.93435,3,3,3,3
"251,501,751",0,3,7.84570162344466,NA,-0.0201317566075248,-0.0201308983268722,0,-3.55018357502355,NA,0,-3.55016635660213,-0.0201308983268722,NA,0,-2.95113090916387,0.0144877929328093,1,NA,0,-0.0201317566075248,-0.0201308983268722,-3.55018,3,3,3,3
"251,501,751",0,3,18.9852846673947,NA,-0.022520098191644,-0.0225402727400742,0,1.9427876761246,NA,0,1.94235192128087,-0.0225402727400742,NA,0,5.90955657768138,-0.111754409013781,1,NA,0,-0.022520098191644,-0.0225402727400742,1.94279,3,3,3,3
"251,501,751",0,3,-54.6483727004297,NA,-0.018542045951505,-0.0185283875453788,0,-34.7657544812798,NA,0,-34.7655054685597,-0.0185283875453788,NA,0,-24.3839143576346,-0.163312151991447,1,NA,0,-0.018542045951505,-0.0185283875453788,-34.76575,3,3,3,3
"251,501,751",0,3,133.558961702613,NA,0.0187059333046629,0.0187149458985263,0,59.6101841833626,NA,0,59.6100009071056,0.0187149458985263,NA,0,59.6600881806051,0.00868929810984631,1,NA,0,0.0187059333046629,0.0187149458985263,59.61018,3,3,3,3
"251,501,751",0,3,23.8573999690637,NA,-0.00967605296462791,-0.0096700361652284,0,4.83870153607915,NA,0,4.83876176076172,-0.0096700361652284,NA,0,4.85443067097619,-0.00407527071802893,1,NA,0,-0.00967605296462791,-0.0096700361652284,4.8387,3,3,3,3
"251,501,751",0,3,-3.56259808880732,NA,-0.00374296154097492,-0.00374969838174325,0,-9.42530223271248,NA,0,-9.4253265094774,-0.00374969838174325,NA,0,-7.69956684779962,-0.0625443828001324,1,NA,0,-0.00374296154097492,-0.00374969838174325,-9.4253,3,3,3,3
"251,501,751",0,3,-27.258398011189,NA,-0.0113296824938188,-0.0114003739269752,0,-21.2874511436233,NA,0,-21.2882574371028,-0.0114003739269752,NA,0,-16.8392508527856,0.0831632422854685,1,NA,0,-0.0113296824938188,-0.0114003739269752,-21.28745,3,3,3,3
"251,501,751",0,3,32.3795073941966,NA,0.0156915485200552,0.0157015955884971,0,9.05300007324501,NA,0,9.05282792516835,0.0157015955884971,NA,0,11.0339770137899,0.0787382841959188,1,NA,0,0.0156915485200552,0.0157015955884971,9.053,3,3,3,3
"251,501,751",0,3,36.1589589485075,NA,0.00425221228709222,0.00424852149977597,0,11.1523898055416,NA,0,11.1524071146142,0.00424852149977597,NA,0,18.6926206066369,-0.119025780169499,1,NA,0,0.00425221228709222,0.00424852149977597,11.15239,3,3,3,3
"251,501,751",0,3,34.9208871575017,NA,0.0148540116375868,0.0148437550316598,0,10.4096260788118,NA,0,10.409782834718,0.0148437550316598,NA,0,12.0545583266506,0.0722481118155227,1,NA,0,0.0148540116375868,0.0148437550316598,10.40963,3,3,3,3
"251,501,751",0,3,48.1439491515388,NA,0.0615844385633499,0.061578114187434,0,15.2371383249538,NA,0,15.2375768425862,0.061578114187434,NA,0,16.7963819206632,0.117380351181289,1,NA,0,0.0615844385633499,0.061578114187434,15.23714,3,3,3,3
"251,501,751",0,3,39.5317115441625,NA,0.0499248280988947,0.0499552031714304,0,10.4804114730721,NA,0,10.4788982565924,0.0499552031714304,NA,0,10.666556814759,0.0304823323030528,1,NA,0,0.0499248280988947,0.0499552031714304,10.48041,3,3,3,3
"251,501,751",0,3,-3.33203464161703,NA,-0.0301730902395977,-0.0301945268233115,0,-9.74157679054937,NA,0,-9.74222225974362,-0.0301945268233115,NA,0,-9.38405256612794,-0.0568681979837823,1,NA,0,-0.0301730902395977,-0.0301945268233115,-9.74158,3,3,3,3
"251,501,751",0,3,74.2244478914147,NA,0.0345553138645121,0.0345608899208263,0,26.6544441760099,NA,0,26.6542571988303,0.0345608899208263,NA,0,29.2354896139465,0.1060613018671,1,NA,0,0.0345553138645121,0.0345608899208263,26.65444,3,3,3,3
"251,501,751",0,3,37.17322352146,NA,0.062542799131167,0.0625651547503809,0,9.4272129416488,NA,0,9.4257333980184,0.0625651547503809,NA,0,11.6459266744686,-0.00411385027625144,1,NA,0,0.062542799131167,0.0625651547503809,9.42721,3,3,3,3
"251,501,751",0,3,31.8785526020593,NA,-0.0443116615357496,-0.0443694444610657,0,6.39633471411997,NA,0,6.393805755302,-0.0443694444610657,NA,0,8.77915208610766,-0.113147647220306,1,NA,0,-0.0443116615357496,-0.0443694444610657,6.39633,3,3,3,3
"251,501,751",0,3,-67.3530359979734,NA,-0.00408906928810276,-0.00406392315948713,0,-41.1068742230096,NA,0,-41.1067700724226,-0.00406392315948713,NA,0,-35.9301776657439,-0.106052290489907,1,NA,0,-0.00408906928810276,-0.00406392315948713,-41.10687,3,3,3,3
"251,501,751",0,3,-0.744852371907605,NA,0.0101602487367388,0.0101487242099895,0,-7.71199264292419,NA,0,-7.71187929317436,0.0101487242099895,NA,0,-3.49896857260463,0.102132777417586,1,NA,0,0.0101602487367388,0.0101487242099895,-7.71199,3,3,3,3
"251,501,751",0,3,24.4248515566588,NA,-0.0180835286028813,-0.0180953242920963,0,4.99859585122081,NA,0,4.99840279829198,-0.0180953242920963,NA,0,5.62812285412715,-0.0536148988775437,1,NA,0,-0.0180835286028813,-0.0180953242920963,4.9986,3,3,3,3
"251,501,751",0,3,60.5287323993337,NA,-0.0130409829693439,-0.0130422384145514,0,23.2631865959638,NA,0,23.2631730261562,-0.0130422384145514,NA,0,23.2658457758958,-0.0107284128291555,1,NA,0,-0.0130409829693439,-0.0130422384145514,23.26319,3,3,3,3
"251,501,751",0,3,44.8481790471717,NA,0.0417630437265931,0.0417617596881861,0,14.6379664728501,NA,0,14.6380104044892,0.0417617596881861,NA,0,15.0458406702455,0.0703081672324521,1,NA,0,0.0417630437265931,0.0417617596881861,14.63797,3,3,3,3
"251,501,751",0,3,6.40132598164987,NA,0.0182897534983355,0.0182952693982787,0,-3.92323073020553,NA,0,-3.92332826555907,0.0182952693982787,NA,0,-3.70931404336539,-0.00239963889111183,1,NA,0,0.0182897534983355,0.0182952693982787,-3.92323,3,3,3,3
"251,501,751",0,3,-19.970363529044,NA,-0.0317590751389589,-0.0317358796338455,0,-18.3093401044389,NA,0,-18.3085897940302,-0.0317358796338455,NA,0,-18.2126411360334,-0.0455374785082392,1,NA,0,-0.0317590751389589,-0.0317358796338455,-18.30934,3,3,3,3
"251,501,751",0,3,75.6618940988014,NA,-0.0261509288008423,-0.02612671969987,0,30.3739756502699,NA,0,30.374623066442,-0.02612671969987,NA,0,31.7477814916459,-0.0785574917462586,1,NA,0,-0.0261509288008423,-0.02612671969987,30.37398,3,3,3,3
"251,501,751",0,3,33.9017155872359,NA,0.0226728504405342,0.0226308007347354,0,8.25432930035253,NA,0,8.25527708184472,0.0226308007347354,NA,0,11.6917796848205,0.105505299168197,1,NA,0,0.0226728504405342,0.0226308007347354,8.25433,3,3,3,3
"251,501,751",0,3,20.5904189492681,NA,0.0646809735152664,0.064611849349275,0,0.369225878428955,NA,0,0.373700884893327,0.064611849349275,NA,0,0.592870821861713,0.0436864954358951,1,NA,0,0.0646809735152664,0.064611849349275,0.36923,3,3,3,3
"251,501,751",0,3,-18.5465999677766,NA,0.0231014531913874,0.0231161977274397,0,-16.5467190782177,NA,0,-16.547084067811,0.0231161977274397,NA,0,-15.8183861299783,-0.015098824788352,1,NA,0,0.0231014531913874,0.0231161977274397,-16.54672,3,3,3,3
"251,501,751",0,3,71.7075389910828,NA,0.0390547572757251,0.0390549985840684,0,28.1824715490793,NA,0,28.1824669727109,0.0390549985840684,NA,0,30.143606636583,-0.0235978048689138,1,NA,0,0.0390547572757251,0.0390549985840684,28.18247,3,3,3,3
"251,501,751",0,3,18.2472627373869,NA,-0.0192704474725859,-0.0192614360522959,0,1.95765207166101,NA,0,1.95780326125293,-0.0192614360522959,NA,0,3.90986982181486,0.0433295997261245,1,NA,0,-0.0192704474725859,-0.0192614360522959,1.95765,3,3,3,3
"251,501,751",0,3,29.7671066019746,NA,-0.0555210268556786,-0.0554676021192857,0,6.07891647532375,NA,0,6.08196896477487,-0.0554676021192857,NA,0,6.22859996160323,-0.0383816671555106,1,NA,0,-0.0555210268556786,-0.0554676021192857,6.07892,3,3,3,3
"251,501,751",0,3,93.7719242975191,NA,-0.0260516908651708,-0.0260483092314129,0,39.6164654488697,NA,0,39.6165466768608,-0.0260483092314129,NA,0,39.9663504198397,0.000397924542612005,1,NA,0,-0.0260516908651708,-0.0260483092314129,39.61647,3,3,3,3
"251,501,751",0,3,3.11432884926293,NA,0.0315389050446978,0.0315371162879073,0,-5.88523732378421,NA,0,-5.88515564058966,0.0315371162879073,NA,0,16.621786651716,0.246120247519285,1,NA,0,0.0315389050446978,0.0315371162879073,-5.88524,3,3,3,3
"251,501,751",0,3,65.7007770021911,NA,0.00810454512906678,0.00811347875197892,0,25.8169528477073,NA,0,25.8168834901287,0.00811347875197892,NA,0,26.8620803766135,0.0538493900479293,1,NA,0,0.00810454512906678,0.00811347875197892,25.81695,3,3,3,3
