"true_model","true_phi","true_nknots","bic_true_model","adaflasso","phi_adaflasso","phi_yw_adaflasso","nknots_adaflasso","bic_adaflasso","knots_WCM","nknots_WCM","bic_WCM","phi_WCM","knots_AR1seg","nknots_AR1seg","bic_AR1seg","phi_AR1seg","best_iter","changepoints","nknots_best_iter","phi_best_iter","phi_yw_best_iter","min_bic_best_iter","distance_adaflasso","distance_WCM","distance_AR1seg","distance_best_iter_flasso"
"251,501,751",-0.7,3,54.1631610430954,NA,-0.695197816535273,-0.695189804891577,0,19.1930902193546,NA,0,19.204114755252,-0.695189804891577,NA,0,19.34218282673,-0.706857900107173,1,NA,0,-0.695197816535273,-0.695189804891577,19.19309,3,3,3,3
"251,501,751",-0.7,3,10.8087090479289,NA,-0.673205054372129,-0.673216188191918,0,-3.02579755539763,NA,0,-3.03920609961324,-0.673216188191918,NA,0,-1.41521868503323,-0.715139851113365,1,NA,0,-0.673205054372129,-0.673216188191918,-3.0258,3,3,3,3
"251,501,751",-0.7,3,-12.0491028448089,NA,-0.664353069125526,-0.664357610345215,0,-14.6486197039713,NA,0,-14.6544237837741,-0.664357610345215,NA,0,-14.2732063731974,-0.643515570128568,1,NA,0,-0.664353069125526,-0.664357610345215,-14.64862,3,3,3,3
"251,501,751",-0.7,3,59.8978978822078,NA,-0.674019978326504,-0.674016615187996,0,22.3445477820672,NA,0,22.3488591784818,-0.674016615187996,NA,0,24.0419653339485,-0.630962864293815,1,NA,0,-0.674019978326504,-0.674016615187996,22.34455,3,3,3,3
"251,501,751",-0.7,3,4.32506356602626,NA,-0.678220493154858,-0.678213982221514,0,-5.32218429076685,NA,0,-5.31483504274415,-0.678213982221514,NA,0,-4.44647469553363,-0.647538400079626,1,NA,0,-0.678220493154858,-0.678213982221514,-5.32218,3,3,3,3
"251,501,751",-0.7,3,47.803665109145,NA,-0.708270744890548,-0.708292251612352,0,16.5196889133648,NA,0,16.4905209960308,-0.708292251612352,NA,0,16.6842034191638,-0.694246598142332,1,NA,0,-0.708270744890548,-0.708292251612352,16.51969,3,3,3,3
"251,501,751",-0.7,3,81.5395995955809,NA,-0.686667372090581,-0.686666318331766,0,33.6911383401816,NA,0,33.6925384748067,-0.686666318331766,NA,0,34.9097129648668,-0.650776953812812,1,NA,0,-0.686667372090581,-0.686666318331766,33.69114,3,3,3,3
"251,501,751",-0.7,3,19.0501148795696,NA,-0.694278275907119,-0.694271586289525,0,2.29564411281422,NA,0,2.30460653923752,-0.694271586289525,NA,0,2.30464347627811,-0.693984934863002,1,NA,0,-0.694278275907119,-0.694271586289525,2.29564,3,3,3,3
"251,501,751",-0.7,3,15.0197852787579,NA,-0.673245933362063,-0.673244578140494,0,-0.0498300109587406,NA,0,-0.0496202011776887,-0.673244578140494,NA,0,0.341323131996664,-0.69398904628048,1,NA,0,-0.673245933362063,-0.673244578140494,-0.04983,3,3,3,3
"251,501,751",-0.7,3,54.5363187906063,NA,-0.712944076590063,-0.712933896055361,0,19.7515247563044,NA,0,19.7663348714994,-0.712933896055361,NA,0,19.9432469632726,-0.726011484164505,1,NA,0,-0.712944076590063,-0.712933896055361,19.75152,3,3,3,3
"251,501,751",-0.7,3,4.67288993252169,NA,-0.667803435458471,-0.667804424025112,0,-5.9833579888317,NA,0,-5.98455530253578,-0.667804424025112,NA,0,0.56056079273941,-0.582212435533775,1,NA,0,-0.667803435458471,-0.667804424025112,-5.98336,3,3,3,3
"251,501,751",-0.7,3,19.4040407286912,NA,-0.689009752521996,-0.689008243463581,0,2.65640737850039,NA,0,2.65781248144395,-0.689008243463581,NA,0,2.66000345628804,-0.687487244107524,1,NA,0,-0.689009752521996,-0.689008243463581,2.65641,3,3,3,3
"251,501,751",-0.7,3,59.8519404941941,NA,-0.724622021157071,-0.724617688616753,0,21.8577701760622,NA,0,21.8643773085683,-0.724617688616753,NA,0,22.5573002005528,-0.698809064278716,1,NA,0,-0.724622021157071,-0.724617688616753,21.85777,3,3,3,3
"251,501,751",-0.7,3,48.1892486251932,NA,-0.713003833490587,-0.712992855974411,0,16.908653589479,NA,0,16.9249631228367,-0.712992855974411,NA,0,16.9323828075049,-0.715677525163658,1,NA,0,-0.713003833490587,-0.712992855974411,16.90865,3,3,3,3
"251,501,751",-0.7,3,-34.7279937497324,NA,-0.708892002712535,-0.708890948385961,0,-24.3549304967021,NA,0,-24.3528115319132,-0.708890948385961,NA,0,-24.0979197562363,-0.724824541912669,1,NA,0,-0.708892002712535,-0.708890948385961,-24.35493,3,3,3,3
"251,501,751",-0.7,3,13.7250506926891,NA,-0.712555365360395,-0.712553526037186,0,-0.505671963180578,NA,0,-0.503215348077636,-0.712553526037186,NA,0,2.2564102563847,-0.764677661214974,1,NA,0,-0.712555365360395,-0.712553526037186,-0.50567,3,3,3,3
"251,501,751",-0.7,3,54.2508204427911,NA,-0.6880362777697,-0.688024814258447,0,19.8451852006178,NA,0,19.8586941223745,-0.688024814258447,NA,0,19.9432970740948,-0.697420439759004,1,NA,0,-0.6880362777697,-0.688024814258447,19.84519,3,3,3,3
"251,501,751",-0.7,3,53.2224103093679,NA,-0.662303543471583,-0.662309496522348,0,18.0718554568208,NA,0,18.0643784735866,-0.662309496522348,NA,0,19.0141096357445,-0.629504846422338,1,NA,0,-0.662303543471583,-0.662309496522348,18.07186,3,3,3,3
"251,501,751",-0.7,3,-20.3837480872355,NA,-0.69359228667429,-0.693590596299935,0,-17.1456865393984,NA,0,-17.1436462965647,-0.693590596299935,NA,0,-17.0436693753416,-0.683404089837722,4,NA,0,-0.693592823836223,-0.693590596299935,-17.14579,3,3,3,3
"251,501,751",-0.7,3,37.3378165785728,NA,-0.728644769263855,-0.728638064116814,0,10.7369487593004,NA,0,10.746782565636,-0.728638064116814,NA,0,11.0899079583722,-0.710609357123199,1,NA,0,-0.728644769263855,-0.728638064116814,10.73695,3,3,3,3
"251,501,751",-0.7,3,51.7239014480084,NA,-0.689747941034169,-0.689746791325669,0,18.8459284194163,NA,0,18.8474844227958,-0.689746791325669,NA,0,19.1160748958521,-0.706529627757566,1,NA,0,-0.689747941034169,-0.689746791325669,18.84593,3,3,3,3
"251,501,751",-0.7,3,-50.300148266111,NA,-0.714728999868939,-0.714727525775258,0,-32.5453923954333,NA,0,-32.5442730784255,-0.714727525775258,NA,0,-32.4245071232008,-0.703800545838167,1,NA,0,-0.714728999868939,-0.714727525775258,-32.54539,3,3,3,3
"251,501,751",-0.7,3,110.885820294948,NA,-0.684312788638665,-0.684313694518286,0,48.0457178458705,NA,0,48.0441461711825,-0.684313694518286,NA,0,49.5062705099686,-0.723727489011044,1,NA,0,-0.684312788638665,-0.684313694518286,48.04572,3,3,3,3
"251,501,751",-0.7,3,-46.1653157560932,NA,-0.703704626731058,-0.703707423049441,0,-30.0557740508674,NA,0,-30.060615054291,-0.703707423049441,NA,0,-30.0389440048529,-0.708364051369362,1,NA,0,-0.703704626731058,-0.703707423049441,-30.05577,3,3,3,3
"251,501,751",-0.7,3,33.2530875640744,NA,-0.726842283390528,-0.726835615908109,0,8.7816770545943,NA,0,8.790305060663,-0.726835615908109,NA,0,9.23303065822955,-0.747256182460629,1,NA,0,-0.726842283390528,-0.726835615908109,8.78168,3,3,3,3
"251,501,751",-0.7,3,10.4989870320639,NA,-0.716111621244031,-0.716138766532769,0,-2.63009676224564,NA,0,-2.6705706376681,-0.716138766532769,NA,0,-2.48450678891087,-0.729356600913467,1,NA,0,-0.716111621244031,-0.716138766532769,-2.6301,3,3,3,3
"251,501,751",-0.7,3,46.6969172390168,NA,-0.636286060732703,-0.636323759927395,0,12.5670078915261,NA,0,12.5260335521396,-0.636323759927395,NA,0,13.907466483978,-0.676703230819424,1,NA,0,-0.636286060732703,-0.636323759927395,12.56701,3,3,3,3
"251,501,751",-0.7,3,-15.3063268877126,NA,-0.716799743891207,-0.716796419264873,0,-14.90058430652,NA,0,-14.8960411266151,-0.716796419264873,NA,0,-14.7719691220893,-0.705802259443844,1,NA,0,-0.716799743891207,-0.716796419264873,-14.90058,3,3,3,3
"251,501,751",-0.7,3,32.6022117780318,NA,-0.719443244213386,-0.719441675083336,0,8.41617862228088,NA,0,8.41849592635617,-0.719441675083336,NA,0,9.30345604265463,-0.690040850790973,1,NA,0,-0.719443244213386,-0.719441675083336,8.41618,3,3,3,3
"251,501,751",-0.7,3,18.4835252006439,NA,-0.718970164707852,-0.718969628883995,0,1.92051310549359,NA,0,1.92132815413747,-0.718969628883995,NA,0,3.63238536674608,-0.678263670777373,1,NA,0,-0.718970164707852,-0.718969628883995,1.92051,3,3,3,3
"251,501,751",-0.7,3,-46.8388734977883,NA,-0.679335046641743,-0.679336630638749,0,-30.9646199336874,NA,0,-30.9670301026014,-0.679336630638749,NA,0,-30.5729368560135,-0.658641850171694,1,NA,0,-0.679335046641743,-0.679336630638749,-30.96462,3,3,3,3
"251,501,751",-0.7,3,26.278253677338,NA,-0.700785286210537,-0.700786522517692,0,6.11883047697308,NA,0,6.11699925814099,-0.700786522517692,NA,0,6.70081429258294,-0.676363934406647,1,NA,0,-0.700785286210537,-0.700786522517692,6.11883,3,3,3,3
"251,501,751",-0.7,3,52.6191360205903,NA,-0.679287083120299,-0.679282628671112,0,18.9173400003333,NA,0,18.9187364223466,-0.679282628671112,NA,0,18.9197035106927,-0.68029573197537,1,NA,0,-0.679287083120299,-0.679282628671112,18.91734,3,3,3,3
"251,501,751",-0.7,3,46.8876738473515,NA,-0.704517469134324,-0.704518197226588,0,16.3898302712197,NA,0,16.3886415183489,-0.704518197226588,NA,0,17.4675184583395,-0.671488333361397,1,NA,0,-0.704517469134324,-0.704518197226588,16.38983,3,3,3,3
"251,501,751",-0.7,3,16.6637844275768,NA,-0.700409229896678,-0.700409063891173,0,1.34028220559775,NA,0,1.34052526198427,-0.700409063891173,NA,0,3.32410066933984,-0.655384719854502,1,NA,0,-0.700409229896678,-0.700409063891173,1.34028,3,3,3,3
"251,501,751",-0.7,3,-25.3826319577568,NA,-0.694501658157088,-0.694503351553204,0,-20.3991736569012,NA,0,-20.4026894404803,-0.694503351553204,NA,0,-19.1041383135294,-0.730986200868328,1,NA,0,-0.694501658157088,-0.694503351553204,-20.39917,3,3,3,3
"251,501,751",-0.7,3,105.960192498301,NA,-0.689584727040408,-0.689576233089288,0,45.8967783806692,NA,0,45.903390420115,-0.689576233089288,NA,0,45.9034039150017,-0.689691301838952,1,NA,0,-0.689584727040408,-0.689576233089288,45.89678,3,3,3,3
"251,501,751",-0.7,3,73.5189292051663,NA,-0.68689172010172,-0.686886121567263,0,29.6221238826987,NA,0,29.6288413955014,-0.686886121567263,NA,0,31.4225831430575,-0.730448694612314,1,NA,0,-0.68689172010172,-0.686886121567263,29.62212,3,3,3,3
"251,501,751",-0.7,3,51.2565505910696,NA,-0.680888420008066,-0.680889372599211,0,18.3813968020331,NA,0,18.3778705375752,-0.680889372599211,NA,0,19.8933534412063,-0.72126418289044,1,NA,0,-0.680888420008066,-0.680889372599211,18.3814,3,3,3,3
"251,501,751",-0.7,3,65.7903532503043,NA,-0.730882602070267,-0.730885208713857,0,24.8864567518601,NA,0,24.8823740132393,-0.730885208713857,NA,0,24.8867642527488,-0.732881208794096,1,NA,0,-0.730882602070267,-0.730885208713857,24.88646,3,3,3,3
"251,501,751",-0.7,3,8.84416788779618,NA,-0.678822545455368,-0.678824482347101,0,-2.90629311519317,NA,0,-2.90848545494056,-0.678824482347101,NA,0,-2.83620236027456,-0.66999112153527,1,NA,0,-0.678822545455368,-0.678824482347101,-2.90629,3,3,3,3
"251,501,751",-0.7,3,-29.4005743288053,NA,-0.689094244882719,-0.689107761632172,0,-21.9575744211664,NA,0,-21.9743999661592,-0.689107761632172,NA,0,-21.1299901506335,-0.718852885779258,1,NA,0,-0.689094244882719,-0.689107761632172,-21.95757,3,3,3,3
"251,501,751",-0.7,3,30.5368923470185,NA,-0.690384585651048,-0.690383657270933,0,8.25812355691365,NA,0,8.25704873342412,-0.690383657270933,NA,0,8.91472536444797,-0.716747090884705,1,NA,0,-0.690384585651048,-0.690383657270933,8.25812,3,3,3,3
"251,501,751",-0.7,3,5.68723411877675,NA,-0.693396884978779,-0.693396164116093,0,-4.10918043447066,NA,0,-4.10816862861273,-0.693396164116093,NA,0,-1.98431586009614,-0.740408067238388,1,NA,0,-0.693396884978779,-0.693396164116093,-4.10918,3,3,3,3
"251,501,751",-0.7,3,26.1991323987172,NA,-0.701314131625057,-0.701312027650336,0,6.17206869980223,NA,0,6.17509537933318,-0.701312027650336,NA,0,6.1844575913888,-0.704394068283351,1,NA,0,-0.701314131625057,-0.701312027650336,6.17207,3,3,3,3
"251,501,751",-0.7,3,81.2640381710786,NA,-0.674052493746611,-0.674052069501856,0,33.1059628783297,NA,0,33.1064293195606,-0.674052069501856,NA,0,33.1065776861581,-0.674453918089088,1,NA,0,-0.674052493746611,-0.674052069501856,33.10596,3,3,3,3
"251,501,751",-0.7,3,39.8671142367903,NA,-0.705678759883538,-0.705668371186833,0,11.5671334406663,NA,0,11.5810104469038,-0.705668371186833,NA,0,12.7233820669146,-0.739184079492093,1,NA,0,-0.705678759883538,-0.705668371186833,11.56713,3,3,3,3
"251,501,751",-0.7,3,21.4446771389732,NA,-0.707074124074968,-0.707067288620478,0,3.65936134465939,NA,0,3.66956466164719,-0.707067288620478,NA,0,4.08141010672169,-0.686726835282285,1,NA,0,-0.707074124074968,-0.707067288620478,3.65936,3,3,3,3
"251,501,751",-0.7,3,64.3053155295106,NA,-0.681386077429444,-0.681410665160616,0,23.6489781580891,NA,0,23.6142484613822,-0.681410665160616,NA,0,23.7338313994799,-0.669603671007002,1,NA,0,-0.681386077429444,-0.681410665160616,23.64898,3,3,3,3
"251,501,751",-0.7,3,79.6191354380884,NA,-0.69975294955311,-0.699753029637616,0,32.8911897151183,NA,0,32.8909562811078,-0.699753029637616,NA,0,32.9277211427941,-0.693623531330294,1,NA,0,-0.69975294955311,-0.699753029637616,32.89119,3,3,3,3
"251,501,751",-0.7,3,23.2005008317884,NA,-0.662736813389193,-0.662735797838987,0,3.22884828547158,NA,0,3.22986583248822,-0.662735797838987,NA,0,4.40163200762922,-0.698952118239984,1,NA,0,-0.662736813389193,-0.662735797838987,3.22885,3,3,3,3
"251,501,751",-0.7,3,98.3044805737898,NA,-0.701536316387501,-0.701535084291298,0,42.2410569852595,NA,0,42.2410449612932,-0.701535084291298,NA,0,42.6717796277297,-0.722482680022093,1,NA,0,-0.701536316387501,-0.701535084291298,42.24106,3,3,3,3
"251,501,751",-0.7,3,7.3354987251148,NA,-0.760857972560083,-0.760856175202354,0,-7.59448373091158,NA,0,-7.59445879059644,-0.760856175202354,NA,0,-7.23329724753708,-0.778351468232797,1,NA,0,-0.760857972560083,-0.760856175202354,-7.59448,3,3,3,3
"251,501,751",-0.7,3,71.4033471234957,NA,-0.715696422989252,-0.715695566834262,0,28.5251591336839,NA,0,28.52569671264,-0.715695566834262,NA,0,29.0267183280543,-0.737821599503473,1,NA,0,-0.715696422989252,-0.715695566834262,28.52516,3,3,3,3
"251,501,751",-0.7,3,75.1058535350193,NA,-0.699091095269859,-0.699088753296609,0,30.6292032741438,NA,0,30.6312946597464,-0.699088753296609,NA,0,34.6168619766374,-0.763081068881796,1,NA,0,-0.699091095269859,-0.699088753296609,30.6292,3,3,3,3
"251,501,751",-0.7,3,119.242235886436,NA,-0.689152340354041,-0.689159199089359,0,52.4970876532067,NA,0,52.4882204668503,-0.689159199089359,NA,0,53.1782147657087,-0.662191422137698,1,NA,0,-0.689152340354041,-0.689159199089359,52.49709,3,3,3,3
"251,501,751",-0.7,3,67.8751595712014,NA,-0.704498260662663,-0.704505869603199,0,26.8627912713623,NA,0,26.8525034800282,-0.704505869603199,NA,0,26.942127327379,-0.694950927681996,1,NA,0,-0.704498260662663,-0.704505869603199,26.86279,3,3,3,3
"251,501,751",-0.7,3,-41.7548680766654,NA,-0.721849804488653,-0.721842514884314,0,-28.3104469833958,NA,0,-28.3037495452933,-0.721842514884314,NA,0,-28.1586573699578,-0.71004333739613,1,NA,0,-0.721849804488653,-0.721842514884314,-28.31045,3,3,3,3
"251,501,751",-0.7,3,50.0918668133864,NA,-0.71153966121288,-0.7115303542471,0,17.7483778326799,NA,0,17.7615280183573,-0.7115303542471,NA,0,18.666185039948,-0.681495888656763,1,NA,0,-0.71153966121288,-0.7115303542471,17.74838,3,3,3,3
"251,501,751",-0.7,3,85.449584878035,NA,-0.721159339775892,-0.721156710896445,0,35.3548899935734,NA,0,35.3546920734915,-0.721156710896445,NA,0,35.8564697795957,-0.743189956887086,1,NA,0,-0.721159339775892,-0.721156710896445,35.35489,3,3,3,3
"251,501,751",-0.7,3,20.3498460496186,NA,-0.690716587639491,-0.690716599918454,0,3.18232907061516,NA,0,3.18209707013144,-0.690716599918454,NA,0,3.5671747568524,-0.710798963365312,1,NA,0,-0.690716587639491,-0.690716599918454,3.18233,3,3,3,3
"251,501,751",-0.7,3,82.1223060938614,NA,-0.745641945782031,-0.745641197891905,0,31.8212008608188,NA,0,31.815576195893,-0.745641197891905,NA,0,31.8238873014242,-0.748358129549035,1,NA,0,-0.745641945782031,-0.745641197891905,31.8212,3,3,3,3
"251,501,751",-0.7,3,18.1776327654605,NA,-0.676690519920953,-0.676679480418896,0,1.51387336174219,NA,0,1.52824784018985,-0.676679480418896,NA,0,2.32235091280749,-0.647282220631463,1,NA,0,-0.676690519920953,-0.676679480418896,1.51387,3,3,3,3
"251,501,751",-0.7,3,53.3863255385784,NA,-0.646328913074047,-0.646328151808467,0,17.293528166067,NA,0,17.2940021697733,-0.646328151808467,NA,0,18.2267169466329,-0.613327105791135,1,NA,0,-0.646328913074047,-0.646328151808467,17.29353,3,3,3,3
"251,501,751",-0.7,3,-94.2678616861377,NA,-0.743215498595067,-0.743223759750783,0,-56.7308996115747,NA,0,-56.7452357766094,-0.743223759750783,NA,0,-56.0161686606413,-0.768595095871632,1,NA,0,-0.743215498595067,-0.743223759750783,-56.7309,3,3,3,3
"251,501,751",-0.7,3,50.2532103818889,NA,-0.695448367105881,-0.69544696121169,0,17.560931723882,NA,0,17.562950117794,-0.69544696121169,NA,0,18.1855608606268,-0.669893470534858,1,NA,0,-0.695448367105881,-0.69544696121169,17.56093,3,3,3,3
"251,501,751",-0.7,3,20.616672348428,NA,-0.682493792238952,-0.682479738778176,0,2.54904558482518,NA,0,2.56674796164963,-0.682479738778176,NA,0,2.8011469775128,-0.666504566422642,1,NA,0,-0.682493792238952,-0.682479738778176,2.54905,3,3,3,3
"251,501,751",-0.7,3,66.7951807378422,NA,-0.692571610218012,-0.692568707908008,0,26.3858797312415,NA,0,26.3894749945093,-0.692568707908008,NA,0,26.6656458630032,-0.709525122374963,1,NA,0,-0.692571610218012,-0.692568707908008,26.38588,3,3,3,3
"251,501,751",-0.7,3,17.1547849884495,NA,-0.736921363527135,-0.736921291257059,0,0.179835494784749,NA,0,0.179838740219636,-0.736921291257059,NA,0,0.624453774029279,-0.757085579287257,1,NA,0,-0.736921363527135,-0.736921291257059,0.17984,3,3,3,3
"251,501,751",-0.7,3,30.5050032538482,NA,-0.708563898602911,-0.708566294931193,0,8.20460411449926,NA,0,8.19983173819645,-0.708566294931193,NA,0,8.66840935405858,-0.730160484556615,1,NA,0,-0.708563898602911,-0.708566294931193,8.2046,3,3,3,3
"251,501,751",-0.7,3,15.7863732195599,NA,-0.703038135923002,-0.703030122972072,0,-0.429078945236617,NA,0,-0.418110403026819,-0.703030122972072,NA,0,-0.0759542275899907,-0.683973134661699,1,NA,0,-0.703038135923002,-0.703030122972072,-0.42908,3,3,3,3
"251,501,751",-0.7,3,130.503512165831,NA,-0.716270546025173,-0.716267839571057,0,57.6747379078739,NA,0,57.6727871160669,-0.716267839571057,NA,0,57.6935019693589,-0.720637130008247,1,NA,0,-0.716270546025173,-0.716267839571057,57.67474,3,3,3,3
"251,501,751",-0.7,3,57.5486676805905,NA,-0.659059202760037,-0.659057150121794,0,20.3954502037659,NA,0,20.3949215400697,-0.659057150121794,NA,0,20.9187411761601,-0.634647976637398,1,NA,0,-0.659059202760037,-0.659057150121794,20.39545,3,3,3,3
"251,501,751",-0.7,3,-3.79253667324375,NA,-0.677014211605599,-0.677013939019216,0,-9.29245268981532,NA,0,-9.29206124267494,-0.677013939019216,NA,0,-8.90161258989054,-0.656443521885795,1,NA,0,-0.677014211605599,-0.677013939019216,-9.29245,3,3,3,3
"251,501,751",-0.7,3,55.205837983921,NA,-0.66246003104025,-0.66245551343035,0,17.9019063935225,NA,0,17.9073345700569,-0.66245551343035,NA,0,18.0611402065228,-0.675128982743801,1,NA,0,-0.66246003104025,-0.66245551343035,17.90191,3,3,3,3
"251,501,751",-0.7,3,80.5011638113744,NA,-0.686367427649143,-0.686365430401873,0,33.1637876872804,NA,0,33.1650144694529,-0.686365430401873,NA,0,33.5599099161085,-0.706853486202578,1,NA,0,-0.686367427649143,-0.686365430401873,33.16379,3,3,3,3
"251,501,751",-0.7,3,15.8726776448711,NA,-0.685398649057791,-0.685401330055315,0,0.728148952729136,NA,0,0.724473166496413,-0.685401330055315,NA,0,5.8587720948764,-0.759415702258769,1,NA,0,-0.685398649057791,-0.685401330055315,0.72815,3,3,3,3
"251,501,751",-0.7,3,-19.1926175294582,NA,-0.705111500841445,-0.705110954491993,0,-16.5295336803769,NA,0,-16.5301321373366,-0.705110954491993,NA,0,-15.6276599375721,-0.67494656798247,1,NA,0,-0.705111500841445,-0.705110954491993,-16.52953,3,3,3,3
"251,501,751",-0.7,3,-18.2773526524299,NA,-0.693821516250853,-0.693829945300108,0,-17.1940574804213,NA,0,-17.2068970717633,-0.693829945300108,NA,0,-16.9103366816569,-0.675892664270315,1,NA,0,-0.693821516250853,-0.693829945300108,-17.19406,3,3,3,3
"251,501,751",-0.7,3,41.6990389995273,NA,-0.715011480483461,-0.71501001446374,0,13.3310960784648,NA,0,13.3330052934662,-0.71501001446374,NA,0,13.3969935490569,-0.706994623730946,1,NA,0,-0.715011480483461,-0.71501001446374,13.3311,3,3,3,3
"251,501,751",-0.7,3,-4.42834678851089,NA,-0.7131845312975,-0.713181158815185,0,-9.31246773782409,NA,0,-9.31040164980639,-0.713181158815185,NA,0,-8.61353800547991,-0.739452760069381,1,NA,0,-0.7131845312975,-0.713181158815185,-9.31247,3,3,3,3
"251,501,751",-0.7,3,110.973005060527,NA,-0.724649451368974,-0.724657987431066,0,47.5743587885039,NA,0,47.5614225920776,-0.724657987431066,NA,0,48.8322478428704,-0.759354620867387,1,NA,0,-0.724649451368974,-0.724657987431066,47.57436,3,3,3,3
"251,501,751",-0.7,3,109.876340485248,NA,-0.681700079988215,-0.681684027780086,0,47.0066109762013,NA,0,47.0275297807699,-0.681684027780086,NA,0,51.0655010332124,-0.615585773979913,1,NA,0,-0.681700079988215,-0.681684027780086,47.00661,3,3,3,3
"251,501,751",-0.7,3,-8.00175016217333,NA,-0.690809765394252,-0.690805337536515,0,-13.1922875503767,NA,0,-13.1879312998748,-0.690805337536515,NA,0,-11.099944045001,-0.736982325524606,1,NA,0,-0.690809765394252,-0.690805337536515,-13.19229,3,3,3,3
"251,501,751",-0.7,3,105.965909579035,NA,-0.708930879632363,-0.708929912850875,0,44.6305972894262,NA,0,44.6322605840227,-0.708929912850875,NA,0,44.9768840147179,-0.727051435645941,1,NA,0,-0.708930879632363,-0.708929912850875,44.6306,3,3,3,3
"251,501,751",-0.7,3,75.0828047104719,NA,-0.679111294196008,-0.679110438169693,0,30.2291870413607,NA,0,30.2277716649639,-0.679110438169693,NA,0,30.4282784351399,-0.664382569220168,1,NA,0,-0.679111294196008,-0.679110438169693,30.22919,3,3,3,3
"251,501,751",-0.7,3,-25.9047092446278,NA,-0.652875153899515,-0.65286305612329,0,-21.9241997353534,NA,0,-21.9116795331059,-0.65286305612329,NA,0,-21.8313878378166,-0.643240155645914,1,NA,0,-0.652875153899515,-0.65286305612329,-21.9242,3,3,3,3
"251,501,751",-0.7,3,3.18284530533007,NA,-0.72014350080724,-0.720142334094509,0,-5.85459822047642,NA,0,-5.85289967332666,-0.720142334094509,NA,0,-5.46759749200243,-0.739374202954409,1,NA,0,-0.72014350080724,-0.720142334094509,-5.8546,3,3,3,3
"251,501,751",-0.7,3,99.3840463851862,NA,-0.698749246787936,-0.698746393720936,0,42.762676139795,NA,0,42.7671108643336,-0.698746393720936,NA,0,43.5583586891099,-0.670260535607926,1,NA,0,-0.698749246787936,-0.698746393720936,42.76268,3,3,3,3
"251,501,751",-0.7,3,70.6547966117858,NA,-0.659571378702853,-0.659569638259263,0,26.859744596328,NA,0,26.8615929265003,-0.659569638259263,NA,0,27.5242231995484,-0.632148190127478,1,NA,0,-0.659571378702853,-0.659569638259263,26.85974,3,3,3,3
"251,501,751",-0.7,3,52.1489969386914,NA,-0.696019669883459,-0.696037050748653,0,18.8398869463746,NA,0,18.8176054213149,-0.696037050748653,NA,0,18.8275415329881,-0.699143142660539,1,NA,0,-0.696019669883459,-0.696037050748653,18.83989,3,3,3,3
"251,501,751",-0.7,3,40.7395082915898,NA,-0.727906610876652,-0.727899682983155,0,12.5047711964076,NA,0,12.51595722777,-0.727899682983155,NA,0,12.9900267096201,-0.748991129375181,1,NA,0,-0.727906610876652,-0.727899682983155,12.50477,3,3,3,3
"251,501,751",-0.7,3,4.63396395413966,NA,-0.704583075724984,-0.704584165529678,0,-4.73988127566556,NA,0,-4.74183114179607,-0.704584165529678,NA,0,-4.0925671317152,-0.730147727744384,1,NA,0,-0.704583075724984,-0.704584165529678,-4.73988,3,3,3,3
"251,501,751",-0.7,3,0.890525759932682,NA,-0.722810937791585,-0.722798595300247,0,-8.36056916290877,NA,0,-8.34369450154713,-0.722798595300247,NA,0,-8.34295018901435,-0.721528829521485,1,NA,0,-0.722810937791585,-0.722798595300247,-8.36057,3,3,3,3
"251,501,751",-0.7,3,17.1273372414201,NA,-0.717881417515684,-0.717889482042198,0,1.26505270832929,NA,0,1.25327010201394,-0.717889482042198,NA,0,1.27853028101831,-0.712912074113701,1,NA,0,-0.717881417515684,-0.717889482042198,1.26505,3,3,3,3
"251,501,751",-0.7,3,52.3037347938711,NA,-0.702169173549634,-0.702160227755087,0,18.8554987713546,NA,0,18.8661935919104,-0.702160227755087,NA,0,18.8686002583688,-0.70363580951076,1,NA,0,-0.702169173549634,-0.702160227755087,18.8555,3,3,3,3
"251,501,751",-0.7,3,21.6933717331763,NA,-0.697709641064922,-0.697714927730683,0,3.8685782132331,NA,0,3.85765912924931,-0.697714927730683,NA,0,5.5119886578426,-0.656368423527316,1,NA,0,-0.697709641064922,-0.697714927730683,3.86858,3,3,3,3
"251,501,751",-0.7,3,41.4657625796562,NA,-0.706735772038466,-0.706732569163739,0,13.7394612349583,NA,0,13.742171236235,-0.706732569163739,NA,0,14.0329510741066,-0.723808678093534,1,NA,0,-0.706735772038466,-0.706732569163739,13.73946,3,3,3,3
"251,501,751",-0.7,3,68.4570996444681,NA,-0.680404385967052,-0.680410435911102,0,26.6914510275863,NA,0,26.683599558698,-0.680410435911102,NA,0,27.7302643397392,-0.713866338367816,1,NA,0,-0.680404385967052,-0.680410435911102,26.69145,3,3,3,3
"251,501,751",-0.7,3,58.6401483955798,NA,-0.726570670355343,-0.726564394213689,0,21.5880268232384,NA,0,21.5978692737029,-0.726564394213689,NA,0,21.7775141171734,-0.739575684683396,1,NA,0,-0.726570670355343,-0.726564394213689,21.58803,3,3,3,3
"251,501,751",-0.7,3,66.329103099905,NA,-0.704061020722717,-0.704064342922958,0,26.044030865146,NA,0,26.0394990488872,-0.704064342922958,NA,0,28.4900305337113,-0.654223365806533,1,NA,0,-0.704061020722717,-0.704064342922958,26.04403,3,3,3,3
"251,501,751",-0.7,3,18.4690589274629,NA,-0.728841419500677,-0.728838046314053,0,1.12264043222252,NA,0,1.12746021247333,-0.728838046314053,NA,0,1.69459197721243,-0.751827972843084,1,NA,0,-0.728841419500677,-0.728838046314053,1.12264,3,3,3,3
"251,501,751",-0.7,3,33.3421182695433,NA,-0.70101037440672,-0.700990696621049,0,9.43254994157281,NA,0,9.45694420046798,-0.700990696621049,NA,0,9.65281113158093,-0.715056022752868,1,NA,0,-0.70101037440672,-0.700990696621049,9.43255,3,3,3,3
"251,501,751",-0.7,3,90.7053588920418,NA,-0.715753868829932,-0.715753627571897,0,38.1888969862763,NA,0,38.188709312899,-0.715753627571897,NA,0,38.3659183051426,-0.728924076237009,1,NA,0,-0.715753868829932,-0.715753627571897,38.1889,3,3,3,3
"251,501,751",-0.7,3,-1.22078393822826,NA,-0.687923290451702,-0.687922241349803,0,-7.65755089147768,NA,0,-7.65782450882743,-0.687922241349803,NA,0,-7.51885235900435,-0.70004045035428,1,NA,0,-0.687923290451702,-0.687922241349803,-7.65755,3,3,3,3
"251,501,751",-0.7,3,85.6405352006909,NA,-0.670595695870961,-0.670606854401439,0,34.5728774677017,NA,0,34.5579613289994,-0.670606854401439,NA,0,35.5109413036869,-0.702834110496448,1,NA,0,-0.670595695870961,-0.670606854401439,34.57288,3,3,3,3
"251,501,751",-0.7,3,41.9469038684539,NA,-0.685374118585143,-0.685379801778044,0,13.5081415979764,NA,0,13.5009171892579,-0.685379801778044,NA,0,16.2542572995503,-0.631143621257509,1,NA,0,-0.685374118585143,-0.685379801778044,13.50814,3,3,3,3
"251,501,751",-0.7,3,66.0410200769738,NA,-0.676658028546604,-0.67666422455795,0,24.5076614343056,NA,0,24.4989560008709,-0.67666422455795,NA,0,25.4868202120419,-0.709159129682581,1,NA,0,-0.676658028546604,-0.67666422455795,24.50766,3,3,3,3
"251,501,751",-0.7,3,86.0744249369338,NA,-0.709910001465503,-0.709906634165914,0,35.9868461632677,NA,0,35.9919233846976,-0.709906634165914,NA,0,36.0088672080124,-0.70579723908006,1,NA,0,-0.709910001465503,-0.709906634165914,35.98685,3,3,3,3
"251,501,751",-0.7,3,24.9373424947783,NA,-0.706991816238539,-0.706991869829585,0,5.44737374975069,NA,0,5.44486664521889,-0.706991869829585,NA,0,5.73989743873794,-0.689748896713851,1,NA,0,-0.706991816238539,-0.706991869829585,5.44737,3,3,3,3
"251,501,751",-0.7,3,70.6879238354846,NA,-0.698515450965778,-0.698515422977396,0,28.4308868117488,"23",1,28.7311499486619,-0.703127890705199,24,1,29.8932487012075,-0.728602753001962,1,NA,0,-0.698515450965778,-0.698515422977396,28.43089,3,2.228,2.227,3
"251,501,751",-0.7,3,18.3265610222194,NA,-0.742942580504274,-0.742950224390824,0,-0.380345317639565,NA,0,-0.395777539491175,-0.742950224390824,NA,0,-0.221015897051207,-0.755286157406248,1,NA,0,-0.742942580504274,-0.742950224390824,-0.38035,3,3,3,3
"251,501,751",-0.7,3,-32.941252373544,NA,-0.70582583113951,-0.705823696732677,0,-23.4244094533828,NA,0,-23.4210103445217,-0.705823696732677,NA,0,-21.573910110751,-0.662692958392904,1,NA,0,-0.70582583113951,-0.705823696732677,-23.42441,3,3,3,3
"251,501,751",-0.7,3,-27.5378852157237,NA,-0.699179676650761,-0.699183121228294,0,-22.8345695663286,NA,0,-22.8395357951574,-0.699183121228294,NA,0,-22.2420612922462,-0.723312598106631,1,NA,0,-0.699179676650761,-0.699183121228294,-22.83457,3,3,3,3
"251,501,751",-0.7,3,77.5653764215188,NA,-0.713659863465083,-0.713659194999979,0,31.6848097579651,NA,0,31.6847599518196,-0.713659194999979,NA,0,32.9549929539309,-0.678305119351494,1,NA,0,-0.713659863465083,-0.713659194999979,31.68481,3,3,3,3
"251,501,751",-0.7,3,-13.0009081410542,NA,-0.713276897599581,-0.713256586773846,0,-14.9018104287568,NA,0,-14.8733105551503,-0.713256586773846,NA,0,-14.5008713261049,-0.732055356352892,1,NA,0,-0.713276897599581,-0.713256586773846,-14.90181,3,3,3,3
"251,501,751",-0.7,3,-13.3628709816057,NA,-0.679141888401439,-0.67913758694628,0,-14.0754834335434,NA,0,-14.0702356307735,-0.67913758694628,NA,0,-13.1563557751442,-0.647723872063986,1,NA,0,-0.679141888401439,-0.67913758694628,-14.07548,3,3,3,3
"251,501,751",-0.7,3,-3.65043127177648,NA,-0.713589603099604,-0.713584779539954,0,-9.92209200193705,NA,0,-9.91654092115131,-0.713584779539954,NA,0,-9.48512952947497,-0.733929330305554,1,NA,0,-0.713589603099604,-0.713584779539954,-9.92209,3,3,3,3
"251,501,751",-0.7,3,60.68057576554,NA,-0.695677441519301,-0.695677082779442,0,23.4031554553825,NA,0,23.4022651065859,-0.695677082779442,NA,0,23.535187608724,-0.707422497274314,1,NA,0,-0.695677441519301,-0.695677082779442,23.40316,3,3,3,3
"251,501,751",-0.7,3,45.7283826586428,NA,-0.655142197684376,-0.655149957545486,0,14.025877523192,NA,0,14.0163725375624,-0.655149957545486,NA,0,14.0163871430625,-0.654937367270259,1,NA,0,-0.655142197684376,-0.655149957545486,14.02588,3,3,3,3
"251,501,751",-0.7,3,0.644976597712308,NA,-0.724494219534073,-0.724506584251955,0,-7.95073886950648,NA,0,-7.97000199804432,-0.724506584251955,NA,0,-7.96726715900841,-0.722637003169061,1,NA,0,-0.724494219534073,-0.724506584251955,-7.95074,3,3,3,3
"251,501,751",-0.7,3,97.6700848013656,NA,-0.725567761145321,-0.725568040026679,0,41.2304357962983,NA,0,41.2299523316271,-0.725568040026679,NA,0,41.2322370019932,-0.7240949107946,1,NA,0,-0.725567761145321,-0.725568040026679,41.23044,3,3,3,3
"251,501,751",-0.7,3,18.7340546842982,NA,-0.728631516561002,-0.72863109094174,0,1.57037443117629,NA,0,1.57057721033683,-0.72863109094174,NA,0,3.20649008492507,-0.689404730902287,1,NA,0,-0.728631516561002,-0.72863109094174,1.57037,3,3,3,3
"251,501,751",-0.7,3,73.7951896616651,NA,-0.709402102197945,-0.709407116632079,0,29.7084699211582,NA,0,29.7009156939814,-0.709407116632079,NA,0,30.7838598321594,-0.742163085850353,1,NA,0,-0.709402102197945,-0.709407116632079,29.70847,3,3,3,3
"251,501,751",-0.7,3,103.348167812798,NA,-0.67509451062802,-0.675095491773039,0,44.1180674598837,NA,0,44.1156617973016,-0.675095491773039,NA,0,44.4125315170947,-0.657067788428755,1,NA,0,-0.67509451062802,-0.675095491773039,44.11807,3,3,3,3
"251,501,751",-0.7,3,-3.90727847740599,NA,-0.711175682289373,-0.71117644945158,0,-9.00757877051383,NA,0,-9.00952807490797,-0.71117644945158,NA,0,-3.56735782350327,-0.637588126589065,1,NA,0,-0.711175682289373,-0.71117644945158,-9.00758,3,3,3,3
"251,501,751",-0.7,3,70.3415124975534,NA,-0.727414983421546,-0.727411753912427,0,27.2895901462717,NA,0,27.2935161957815,-0.727411753912427,NA,0,28.6737794719908,-0.691219678427172,1,NA,0,-0.727414983421546,-0.727411753912427,27.28959,3,3,3,3
"251,501,751",-0.7,3,92.2507891169757,NA,-0.712096910764391,-0.71209327268364,0,38.8257833947595,NA,0,38.8266564378159,-0.71209327268364,NA,0,38.8375666213178,-0.708750014552733,1,NA,0,-0.712096910764391,-0.71209327268364,38.82578,3,3,3,3
"251,501,751",-0.7,3,45.6335449430787,NA,-0.623804290843057,-0.623763825030082,0,9.98917771745604,NA,0,10.0316165737884,-0.623763825030082,NA,0,10.0454814509718,-0.627561157807188,1,NA,0,-0.623804290843057,-0.623763825030082,9.98918,3,3,3,3
"251,501,751",-0.7,3,75.4294845800307,NA,-0.715458285969249,-0.715436310749649,0,29.9446691442384,NA,0,29.9749303119763,-0.715436310749649,NA,0,30.8655052575029,-0.744811723677061,1,NA,0,-0.715458285969249,-0.715436310749649,29.94467,3,3,3,3
"251,501,751",-0.7,3,-35.9054152730713,NA,-0.710404626556903,-0.710404374715895,0,-24.9689021184177,NA,0,-24.9704665938928,-0.710404374715895,NA,0,-24.4882042211799,-0.732284656270732,1,NA,0,-0.710404626556903,-0.710404374715895,-24.9689,3,3,3,3
"251,501,751",-0.7,3,56.8170820866559,NA,-0.686517878823176,-0.686517637050787,0,21.2763290363469,NA,0,21.2766507876022,-0.686517637050787,NA,0,21.542408629466,-0.703267849006597,1,NA,0,-0.686517878823176,-0.686517637050787,21.27633,3,3,3,3
"251,501,751",-0.7,3,32.6273387705008,NA,-0.671206004756809,-0.671203558245019,0,8.20936218761912,NA,0,8.21093448959145,-0.671203558245019,NA,0,8.55325242106575,-0.690486509669574,1,NA,0,-0.671206004756809,-0.671203558245019,8.20936,3,3,3,3
"251,501,751",-0.7,3,51.4877053687008,NA,-0.702257588183292,-0.702262976950369,0,18.2519682446534,NA,0,18.2424647632222,-0.702262976950369,NA,0,20.0281563284364,-0.659413284062234,1,NA,0,-0.702257588183292,-0.702262976950369,18.25197,3,3,3,3
"251,501,751",-0.7,3,11.8498748035537,NA,-0.642407190799781,-0.642417048170384,0,-4.04072332436512,NA,0,-4.05122834128437,-0.642417048170384,NA,0,-4.05121953902121,-0.64220023205857,1,NA,0,-0.642407190799781,-0.642417048170384,-4.04072,3,3,3,3
"251,501,751",-0.7,3,28.4439420997909,NA,-0.730141276424948,-0.730140275691317,0,6.03434551006445,NA,0,6.03538722816242,-0.730140275691317,NA,0,6.47593467264285,-0.709762634805707,1,NA,0,-0.730141276424948,-0.730140275691317,6.03435,3,3,3,3
"251,501,751",-0.7,3,-33.2025641598848,NA,-0.680589096955146,-0.680589042342632,0,-23.8606627694005,NA,0,-23.8606022101507,-0.680589042342632,NA,0,-23.4584105836524,-0.659805069467766,1,NA,0,-0.680589096955146,-0.680589042342632,-23.86066,3,3,3,3
"251,501,751",-0.7,3,34.4542839666742,NA,-0.722386162894399,-0.722387339780978,0,9.79632413446687,NA,0,9.79422928682812,-0.722387339780978,NA,0,10.954386291788,-0.755714316179784,1,NA,0,-0.722386162894399,-0.722387339780978,9.79632,3,3,3,3
"251,501,751",-0.7,3,-11.7065660398237,NA,-0.672343639723701,-0.672338934490929,0,-14.2127937321318,NA,0,-14.2071597951105,-0.672338934490929,NA,0,-14.0853230779176,-0.660538372342016,1,NA,0,-0.672343639723701,-0.672338934490929,-14.21279,3,3,3,3
"251,501,751",-0.7,3,66.4154185930406,NA,-0.65379396394295,-0.653789867831159,0,24.4438389736621,NA,0,24.4441575271588,-0.653789867831159,NA,0,24.594672614958,-0.666954330474483,1,NA,0,-0.65379396394295,-0.653789867831159,24.44384,3,3,3,3
"251,501,751",-0.7,3,57.8596888265294,NA,-0.696331041751073,-0.696331599767654,0,21.6852650644239,NA,0,21.6844160467327,-0.696331599767654,NA,0,21.8281061092464,-0.684059765563162,1,NA,0,-0.696331041751073,-0.696331599767654,21.68527,3,3,3,3
"251,501,751",-0.7,3,68.2575635023023,NA,-0.678284087186834,-0.678297255305255,0,25.2310111344389,NA,0,25.2143173019869,-0.678297255305255,NA,0,27.0049901547424,-0.721915285747055,1,NA,0,-0.678284087186834,-0.678297255305255,25.23101,3,3,3,3
"251,501,751",-0.7,3,60.4118703979912,NA,-0.688867715175453,-0.688871213536124,0,23.1079806094789,NA,0,23.1035281163945,-0.688871213536124,NA,0,26.8119484937457,-0.626268464643614,1,NA,0,-0.688867715175453,-0.688871213536124,23.10798,3,3,3,3
"251,501,751",-0.7,3,22.3674649345297,NA,-0.708361991007468,-0.708355070044376,0,4.11470051967361,NA,0,4.12134590404657,-0.708355070044376,NA,0,4.12351457904587,-0.709798649783002,1,NA,0,-0.708361991007468,-0.708355070044376,4.1147,3,3,3,3
"251,501,751",-0.7,3,51.4248473655025,NA,-0.662021012021851,-0.66203592254938,0,15.7788992692795,NA,0,15.7613238548674,-0.66203592254938,NA,0,15.7657248413985,-0.663767659385845,1,NA,0,-0.662021012021851,-0.66203592254938,15.7789,3,3,3,3
"251,501,751",-0.7,3,-36.6610280982492,NA,-0.708856589520106,-0.708856408379466,0,-26.683911266847,NA,0,-26.6836819715205,-0.708856408379466,NA,0,-26.5471100071576,-0.696797250811607,1,NA,0,-0.708856589520106,-0.708856408379466,-26.68391,3,3,3,3
"251,501,751",-0.7,3,16.3663397785948,NA,-0.742632376218375,-0.742626962699735,0,-0.802180252623422,NA,0,-0.792905587277252,-0.742626962699735,NA,0,-0.577898409032946,-0.728729075490844,1,NA,0,-0.742632376218375,-0.742626962699735,-0.80218,3,3,3,3
"251,501,751",-0.7,3,22.7237745215494,NA,-0.713179004623499,-0.713211459739235,0,3.4349163074562,NA,0,3.38678508625916,-0.713211459739235,NA,0,3.38670531923635,-0.713025192971608,1,NA,0,-0.713179004623499,-0.713211459739235,3.43492,3,3,3,3
"251,501,751",-0.7,3,10.8978866727733,NA,-0.703515517105207,-0.703515580821647,0,-1.47829665651573,NA,0,-1.47842976696091,-0.703515580821647,NA,0,-0.810576142759616,-0.677529859086473,1,NA,0,-0.703515517105207,-0.703515580821647,-1.4783,3,3,3,3
"251,501,751",-0.7,3,67.9897735888115,NA,-0.714738578596322,-0.714738299256176,0,26.8635977051326,NA,0,26.8640769162988,-0.714738299256176,NA,0,26.9206746371083,-0.707296686026659,1,NA,0,-0.714738578596322,-0.714738299256176,26.8636,3,3,3,3
"251,501,751",-0.7,3,39.2691160427925,NA,-0.712557406099234,-0.712562615180168,0,12.3062721748995,NA,0,12.2985523290639,-0.712562615180168,NA,0,12.4469372814695,-0.700387008948731,1,NA,0,-0.712557406099234,-0.712562615180168,12.30627,3,3,3,3
"251,501,751",-0.7,3,-17.2341809199194,NA,-0.715264923313757,-0.715264494697841,0,-17.4709990018022,NA,0,-17.4700659493377,-0.715264494697841,NA,0,-17.276367517059,-0.728522681043034,1,NA,0,-0.715264923313757,-0.715264494697841,-17.471,3,3,3,3
"251,501,751",-0.7,3,-3.27527859635412,NA,-0.738064801102645,-0.738064422148251,0,-10.1307106864256,NA,0,-10.1320075187781,-0.738064422148251,NA,0,-10.125637670434,-0.74047414023328,1,NA,0,-0.738064801102645,-0.738064422148251,-10.13071,3,3,3,3
"251,501,751",-0.7,3,-41.0909487134179,NA,-0.714713616789938,-0.714713806799006,0,-27.7069431672452,NA,0,-27.707819892671,-0.714713806799006,NA,0,-26.6526888258911,-0.746862339646425,1,NA,0,-0.714713616789938,-0.714713806799006,-27.70694,3,3,3,3
"251,501,751",-0.7,3,-61.9416959480342,NA,-0.699109303831781,-0.699103971246456,0,-38.1131410617142,NA,0,-38.1058735541393,-0.699103971246456,NA,0,-38.1049958973331,-0.699991978216083,1,NA,0,-0.699109303831781,-0.699103971246456,-38.11314,3,3,3,3
"251,501,751",-0.7,3,18.6687944602541,NA,-0.691909235391594,-0.691897800622137,0,1.83852156898529,NA,0,1.85091490041892,-0.691897800622137,NA,0,2.12488432572594,-0.708702059739298,1,NA,0,-0.691909235391594,-0.691897800622137,1.83852,3,3,3,3
"251,501,751",-0.7,3,85.1378821711227,NA,-0.693633790978753,-0.693632910790295,0,35.6124783189794,NA,0,35.6134429996149,-0.693632910790295,NA,0,36.4107246298395,-0.664854129150357,1,NA,0,-0.693633790978753,-0.693632910790295,35.61248,3,3,3,3
"251,501,751",-0.7,3,-55.5270028469413,NA,-0.72195893649586,-0.7219593678366,0,-35.175887016166,NA,0,-35.177417429378,-0.7219593678366,NA,0,-33.0512336506513,-0.767140962250546,1,NA,0,-0.72195893649586,-0.7219593678366,-35.17589,3,3,3,3
"251,501,751",-0.7,3,-2.94959459376506,NA,-0.71014657297008,-0.710154480058179,0,-8.88290023025683,NA,0,-8.89478033745429,-0.710154480058179,NA,0,-8.85128593139872,-0.703449960082964,1,NA,0,-0.71014657297008,-0.710154480058179,-8.8829,3,3,3,3
"251,501,751",-0.7,3,35.2545746979602,NA,-0.708359908886801,-0.708360233886704,0,10.6209786192784,NA,0,10.620039876144,-0.708360233886704,NA,0,14.2399744212747,-0.768567769334924,1,NA,0,-0.708359908886801,-0.708360233886704,10.62098,3,3,3,3
"251,501,751",-0.7,3,72.316502352104,NA,-0.677401591024937,-0.677386326755442,0,27.6754414438572,NA,0,27.6947275579875,-0.677386326755442,NA,0,27.6962973200869,-0.678414442117612,1,NA,0,-0.677401591024937,-0.677386326755442,27.67544,3,3,3,3
"251,501,751",-0.7,3,16.0039884026381,NA,-0.738314663122088,-0.738315972928791,0,-0.529003456884952,NA,0,-0.531025910112766,-0.738315972928791,NA,0,0.206506106187518,-0.712397240899909,1,NA,0,-0.738314663122088,-0.738315972928791,-0.529,3,3,3,3
"251,501,751",-0.7,3,26.479647282964,NA,-0.654740237995555,-0.654741425531858,0,4.25347827572877,NA,0,4.25193896739324,-0.654741425531858,NA,0,6.81468882948839,-0.600455797090973,1,NA,0,-0.654740237995555,-0.654741425531858,4.25348,3,3,3,3
"251,501,751",-0.7,3,-25.0013611576641,NA,-0.689901605715966,-0.689901795683999,0,-19.5871765691608,NA,0,-19.588572379563,-0.689901795683999,NA,0,-17.8106689955442,-0.733118931174201,1,NA,0,-0.689901605715966,-0.689901795683999,-19.58718,3,3,3,3
"251,501,751",-0.7,3,3.48232772083206,NA,-0.709410765114085,-0.709410658155692,0,-5.30353724859412,NA,0,-5.30482030916408,-0.709410658155692,NA,0,-4.72343721184017,-0.733488185518279,1,NA,0,-0.709410765114085,-0.709410658155692,-5.30354,3,3,3,3
"251,501,751",-0.7,3,117.162427928056,NA,-0.689462394171171,-0.689422588463842,0,49.7228371198943,NA,0,49.7755448970525,-0.689422588463842,NA,0,50.159148137877,-0.708994743592094,1,NA,0,-0.689462394171171,-0.689422588463842,49.72284,3,3,3,3
"251,501,751",-0.7,3,52.5456251078407,NA,-0.704366159579178,-0.704373474233964,0,19.254191832076,NA,0,19.243126313565,-0.704373474233964,NA,0,19.2661012278866,-0.699519863990177,1,NA,0,-0.704366159579178,-0.704373474233964,19.25419,3,3,3,3
"251,501,751",-0.7,3,0.0827654365070813,NA,-0.657113330550933,-0.657108894629441,0,-8.58083325145671,NA,0,-8.57824152580584,-0.657108894629441,NA,0,-8.10862310159937,-0.680246802613782,1,NA,0,-0.657113330550933,-0.657108894629441,-8.58083,3,3,3,3
"251,501,751",-0.7,3,28.560522014787,NA,-0.645678718331415,-0.645677442010241,0,4.82744067634094,NA,0,4.82875304624542,-0.645677442010241,NA,0,4.88892495277367,-0.637295712991162,1,NA,0,-0.645678718331415,-0.645677442010241,4.82744,3,3,3,3
"251,501,751",-0.7,3,0.993254519464987,NA,-0.713332030732651,-0.713331727183834,0,-7.58412475160777,NA,0,-7.58380401817082,-0.713331727183834,NA,0,-7.46836957002282,-0.723685075850051,1,NA,0,-0.713332030732651,-0.713331727183834,-7.58412,3,3,3,3
"251,501,751",-0.7,3,6.78246253172792,NA,-0.701820961352239,-0.701829613262136,0,-3.88464794663253,NA,0,-3.89646683051231,-0.701829613262136,NA,0,-1.27387283824305,-0.753427964078784,1,NA,0,-0.701820961352239,-0.701829613262136,-3.88465,3,3,3,3
"251,501,751",-0.7,3,8.50459550584825,NA,-0.704889762872761,-0.704894670864578,0,-3.143285508111,NA,0,-3.15201390191443,-0.704894670864578,NA,0,-3.05019639505901,-0.694595111370045,1,NA,0,-0.704889762872761,-0.704894670864578,-3.14329,3,3,3,3
"251,501,751",-0.7,3,14.7434750123303,NA,-0.68672448901657,-0.686725433471551,0,-0.0147342590685078,NA,0,-0.0158986312780636,-0.686725433471551,NA,0,0.0697385146758158,-0.677116549412031,1,NA,0,-0.68672448901657,-0.686725433471551,-0.01473,3,3,3,3
"251,501,751",-0.7,3,-22.2781153319956,NA,-0.740401143947933,-0.740415595523652,0,-20.2907401711424,NA,0,-20.3146103861981,-0.740415595523652,NA,0,-19.7599558930662,-0.762660602804046,1,NA,0,-0.740401143947933,-0.740415595523652,-20.29074,3,3,3,3
"251,501,751",-0.7,3,17.1884951255579,NA,-0.732868213310394,-0.732861820178463,0,-0.690099632093149,NA,0,-0.679754384677782,-0.732861820178463,NA,0,-0.452576492247309,-0.718013546705111,1,NA,0,-0.732868213310394,-0.732861820178463,-0.6901,3,3,3,3
"251,501,751",-0.7,3,-12.4916873157994,NA,-0.75332149983883,-0.75331999374231,0,-16.4520961690514,NA,0,-16.449717806973,-0.75331999374231,NA,0,-13.6949861392524,-0.802200927562303,1,NA,0,-0.75332149983883,-0.75331999374231,-16.4521,3,3,3,3
"251,501,751",-0.7,3,39.0962279512562,NA,-0.707315419166705,-0.707318133882462,0,12.5652515474834,NA,0,12.5584930181548,-0.707318133882462,NA,0,12.5661265385254,-0.710068105538126,1,NA,0,-0.707315419166705,-0.707318133882462,12.56525,3,3,3,3
"251,501,751",-0.7,3,-0.500911766213282,NA,-0.702948199025071,-0.702929426237768,0,-8.09098426241699,NA,0,-8.0663866939477,-0.702929426237768,NA,0,-7.97511536600687,-0.693077396685669,1,NA,0,-0.702948199025071,-0.702929426237768,-8.09098,3,3,3,3
"251,501,751",-0.7,3,48.9008337538938,NA,-0.695678892639855,-0.695689014782465,0,16.6727090079364,NA,0,16.6592226632767,-0.695689014782465,NA,0,16.9093023006726,-0.679356010559264,1,NA,0,-0.695678892639855,-0.695689014782465,16.67271,3,3,3,3
"251,501,751",-0.7,3,51.3688002106767,NA,-0.706879577414117,-0.706895533455841,0,18.0047615043633,NA,0,17.9773080434491,-0.706895533455841,NA,0,19.1229111715274,-0.740598984119349,1,NA,0,-0.706879577414117,-0.706895533455841,18.00476,3,3,3,3
"251,501,751",-0.7,3,82.3473261394164,NA,-0.683371687501696,-0.683383284304014,0,32.6920010519994,NA,0,32.6775186632697,-0.683383284304014,NA,0,33.3753138816303,-0.710269037939998,1,NA,0,-0.683371687501696,-0.683383284304014,32.692,3,3,3,3
"251,501,751",-0.7,3,-8.77983985468607,NA,-0.696909094673772,-0.69690883632734,0,-11.3719185572682,NA,0,-11.375021961949,-0.69690883632734,NA,0,-11.2206455793689,-0.709572925466644,1,NA,0,-0.696909094673772,-0.69690883632734,-11.37192,3,3,3,3
"251,501,751",-0.7,3,-3.57437831392901,NA,-0.683557068845548,-0.683548249865464,0,-9.24353975889415,NA,0,-9.2336967173141,-0.683548249865464,NA,0,-9.0639467213695,-0.696939979583153,1,NA,0,-0.683557068845548,-0.683548249865464,-9.24354,3,3,3,3
"251,501,751",-0.7,3,26.3620090463683,NA,-0.692033696046456,-0.69203142788856,0,6.19242655917697,NA,0,6.19490866431005,-0.69203142788856,NA,0,7.16942936384398,-0.723918477928575,1,NA,0,-0.692033696046456,-0.69203142788856,6.19243,3,3,3,3
"251,501,751",-0.7,3,89.2090933581414,NA,-0.711187652563056,-0.7111890751526,0,37.5682600602337,NA,0,37.5662678707994,-0.7111890751526,NA,0,37.5771762682721,-0.714470180727064,1,NA,0,-0.711187652563056,-0.7111890751526,37.56826,3,3,3,3
"251,501,751",-0.7,3,-23.7957227807774,NA,-0.738045184065116,-0.73805265785062,0,-20.5522792743419,NA,0,-20.5639307346414,-0.73805265785062,NA,0,-20.5401550401088,-0.742653586795791,1,NA,0,-0.738045184065116,-0.73805265785062,-20.55228,3,3,3,3
"251,501,751",-0.7,3,71.3035442887715,NA,-0.661456597359989,-0.661461586175496,0,27.1928583053222,NA,0,27.1868193587413,-0.661461586175496,NA,0,27.4350474869535,-0.67809516690944,1,NA,0,-0.661456597359989,-0.661461586175496,27.19286,3,3,3,3
"251,501,751",-0.7,3,-29.721578273651,NA,-0.624031396934125,-0.624032961076305,0,-26.8644231579558,NA,0,-26.8661552984344,-0.624032961076305,NA,0,-26.6047405557456,-0.60604124872944,1,NA,0,-0.624031396934125,-0.624032961076305,-26.86442,3,3,3,3
"251,501,751",-0.7,3,38.1771882754126,NA,-0.660285371846683,-0.660292267564916,0,10.7344197699875,NA,0,10.7254681557271,-0.660292267564916,NA,0,12.831952349447,-0.709071730507582,1,NA,0,-0.660285371846683,-0.660292267564916,10.73442,3,3,3,3
"251,501,751",-0.7,3,93.1175349361515,NA,-0.728493663402572,-0.728500911944798,0,38.1703912127003,NA,0,38.1573388182225,-0.728500911944798,NA,0,38.8937690187427,-0.754623982071266,1,NA,0,-0.728493663402572,-0.728500911944798,38.17039,3,3,3,3
"251,501,751",-0.7,3,12.5720212170636,NA,-0.696900000376719,-0.696866641598051,0,-1.74582442785784,NA,0,-1.70419520795136,-0.696866641598051,NA,0,-1.3376709551604,-0.677155793684751,1,NA,0,-0.696900000376719,-0.696866641598051,-1.74582,3,3,3,3
"251,501,751",-0.7,3,66.1864403593542,NA,-0.691211000792874,-0.691190688063528,0,25.4049851703651,NA,0,25.4322249904021,-0.691190688063528,NA,0,26.9025891595045,-0.730223127408085,1,NA,0,-0.691211000792874,-0.691190688063528,25.40499,3,3,3,3
"251,501,751",-0.7,3,-2.99998061171448,NA,-0.681373558703525,-0.68137333825037,0,-8.82698703161295,NA,0,-8.82670746791201,-0.68137333825037,NA,0,-8.3632840096991,-0.703632731293291,1,NA,0,-0.681373558703525,-0.68137333825037,-8.82699,3,3,3,3
"251,501,751",-0.7,3,18.3045912098375,NA,-0.699817122804377,-0.699801937852921,0,2.07276543930136,NA,0,2.08506598912044,-0.699801937852921,NA,0,2.19779919928445,-0.710560353496392,1,NA,0,-0.699817122804377,-0.699801937852921,2.07277,3,3,3,3
"251,501,751",-0.7,3,55.1831415312285,NA,-0.685666078350604,-0.685650884593115,0,20.0977375062287,NA,0,20.1153328727305,-0.685650884593115,NA,0,21.1671458840705,-0.652134351353132,1,NA,0,-0.685666078350604,-0.685650884593115,20.09774,3,3,3,3
"251,501,751",-0.7,3,-2.6290418756957,NA,-0.731302486885757,-0.731297651383858,0,-9.92105215465811,NA,0,-9.91580512428881,-0.731297651383858,NA,0,-9.88505941707184,-0.725775522056754,1,NA,0,-0.731302486885757,-0.731297651383858,-9.92105,3,3,3,3
"251,501,751",-0.7,3,37.8733184950127,NA,-0.705361631894747,-0.705361621690512,0,11.5509521392692,NA,0,11.5502221378479,-0.705361621690512,NA,0,12.8050944013305,-0.669652523279157,1,NA,0,-0.705361631894747,-0.705361621690512,11.55095,3,3,3,3
"251,501,751",-0.7,3,-16.9463587164291,NA,-0.705476784304949,-0.705482330991365,0,-15.9449987640587,NA,0,-15.9529929863819,-0.705482330991365,NA,0,-15.7458634551783,-0.690890066613557,1,NA,0,-0.705476784304949,-0.705482330991365,-15.945,3,3,3,3
"251,501,751",-0.7,3,31.0078882453688,NA,-0.698580740396887,-0.69858017552547,0,8.59098095222366,NA,0,8.59144133979197,-0.69858017552547,NA,0,8.64671387386443,-0.69105154023868,1,NA,0,-0.698580740396887,-0.69858017552547,8.59098,3,3,3,3
"251,501,751",-0.7,3,61.4660971503917,NA,-0.707271810324753,-0.707272987826642,0,23.7337898313546,NA,0,23.7320309378488,-0.707272987826642,NA,0,24.3044354781696,-0.683326319861168,1,NA,0,-0.707271810324753,-0.707272987826642,23.73379,3,3,3,3
"251,501,751",-0.7,3,51.9072398829527,NA,-0.699834319782617,-0.699835016103429,0,18.9982977887718,NA,0,18.996585547668,-0.699835016103429,NA,0,19.1046912740116,-0.689306663737771,1,NA,0,-0.699834319782617,-0.699835016103429,18.9983,3,3,3,3
"251,501,751",-0.7,3,-3.76835482524264,NA,-0.673210093293264,-0.673210849764907,0,-9.56654433697522,NA,0,-9.56750151214383,-0.673210849764907,NA,0,-8.44332325834868,-0.638090542044314,1,NA,0,-0.673210093293264,-0.673210849764907,-9.56654,3,3,3,3
"251,501,751",-0.7,3,-1.73309646445561,NA,-0.732854066195174,-0.732833598529153,0,-10.8265679241969,NA,0,-10.7957645019675,-0.732833598529153,NA,0,-10.7192176572662,-0.740780237827064,1,NA,0,-0.732854066195174,-0.732833598529153,-10.82657,3,3,3,3
"251,501,751",-0.7,3,-41.5789156668555,NA,-0.712984817705952,-0.712977335858019,0,-27.9631073590031,NA,0,-27.9556025923703,-0.712977335858019,NA,0,-27.3478419554764,-0.737456505664777,1,NA,0,-0.712984817705952,-0.712977335858019,-27.96311,3,3,3,3
"251,501,751",-0.7,3,60.8870813218588,NA,-0.704935364081336,-0.704934447550765,0,23.5076898863513,NA,0,23.506059142965,-0.704934447550765,NA,0,23.7861140274803,-0.688107869488366,1,NA,0,-0.704935364081336,-0.704934447550765,23.50769,3,3,3,3
"251,501,751",-0.7,3,55.1806657094803,NA,-0.697394093298359,-0.697383211395657,0,20.3956187382021,NA,0,20.4061826566305,-0.697383211395657,NA,0,21.4193032397581,-0.729686654070514,1,NA,0,-0.697394093298359,-0.697383211395657,20.39562,3,3,3,3
"251,501,751",-0.7,3,-9.71187729707189,NA,-0.716090059456834,-0.716109792728838,0,-12.974477675792,NA,0,-13.0027884203022,-0.716109792728838,NA,0,-12.0737599504017,-0.685687372100901,1,NA,0,-0.716090059456834,-0.716109792728838,-12.97448,3,3,3,3
"251,501,751",-0.7,3,42.2071475049301,NA,-0.683030281662553,-0.683013888906713,0,12.9627013815268,NA,0,12.9680461473485,-0.683013888906713,NA,0,15.7453844987943,-0.627463639779628,1,NA,0,-0.683030281662553,-0.683013888906713,12.9627,3,3,3,3
"251,501,751",-0.7,3,-41.5217836750111,NA,-0.745118602214054,-0.745118426986361,0,-29.9539025054426,NA,0,-29.9539888410967,-0.745118426986361,NA,0,-29.7788500987261,-0.757603895026608,1,NA,0,-0.745118602214054,-0.745118426986361,-29.9539,3,3,3,3
"251,501,751",-0.7,3,14.4033035705442,NA,-0.699810194393876,-0.699808437964308,0,0.0797641523234223,NA,0,0.0822312769559739,-0.699808437964308,NA,0,0.122305419709003,-0.706141824270733,1,NA,0,-0.699810194393876,-0.699808437964308,0.07976,3,3,3,3
"251,501,751",-0.7,3,-25.6995979646134,NA,-0.689932452778883,-0.689932720442881,0,-20.3535484668439,NA,0,-20.3545298452149,-0.689932720442881,NA,0,-20.016054494556,-0.670942460152707,1,NA,0,-0.689932452778883,-0.689932720442881,-20.35355,3,3,3,3
"251,501,751",-0.7,3,14.0525522846051,NA,-0.728339115838452,-0.728337891536887,0,-0.737259473275052,NA,0,-0.735958292209005,-0.728337891536887,NA,0,-0.576246502124588,-0.716073106598584,1,NA,0,-0.728339115838452,-0.728337891536887,-0.73726,3,3,3,3
"251,501,751",-0.7,3,12.4402897111596,NA,-0.701053870653426,-0.701055465594591,0,-0.955633709443094,NA,0,-0.958144417384726,-0.701055465594591,NA,0,-0.403481837479849,-0.724752695070037,1,NA,0,-0.701053870653426,-0.701055465594591,-0.95563,3,3,3,3
"251,501,751",-0.7,3,93.7459359102894,NA,-0.765182941683332,-0.765182760371295,0,34.788035378199,NA,0,34.78839051656,-0.765182760371295,NA,0,37.248180968674,-0.810373960162368,1,NA,0,-0.765182941683332,-0.765182760371295,34.78804,3,3,3,3
"251,501,751",-0.7,3,107.196855307424,NA,-0.724051087633053,-0.724039473958311,0,45.7753390303738,NA,0,45.7904880050863,-0.724039473958311,NA,0,46.6493184042862,-0.695199613801714,1,NA,0,-0.724051087633053,-0.724039473958311,45.77534,3,3,3,3
"251,501,751",-0.7,3,-26.5180046710013,NA,-0.688677383399074,-0.688672343758049,0,-20.4716658921128,NA,0,-20.4670944966208,-0.688672343758049,NA,0,-18.9132846912613,-0.648125599610922,1,NA,0,-0.688677383399074,-0.688672343758049,-20.47167,3,3,3,3
"251,501,751",-0.7,3,19.883052523362,NA,-0.693659426353733,-0.693656729472125,0,2.98482180913476,NA,0,2.98610075684972,-0.693656729472125,NA,0,3.20156507647749,-0.678650573253272,1,NA,0,-0.693659426353733,-0.693656729472125,2.98482,3,3,3,3
"251,501,751",-0.7,3,12.6508553937491,NA,-0.665855064974747,-0.665851600492784,0,-1.68256054554615,NA,0,-1.678213266575,-0.665851600492784,NA,0,-1.51995705040627,-0.652562828933963,1,NA,0,-0.665855064974747,-0.665851600492784,-1.68256,3,3,3,3
"251,501,751",-0.7,3,46.1634298377768,NA,-0.715449684674581,-0.715461255882952,0,15.6805036267669,NA,0,15.6642556841682,-0.715461255882952,NA,0,15.6754958918226,-0.718694040403777,1,NA,0,-0.715449684674581,-0.715461255882952,15.6805,3,3,3,3
"251,501,751",-0.7,3,58.4207570899789,NA,-0.713258373600972,-0.713258059084457,0,22.123602788683,NA,0,22.1237933739991,-0.713258059084457,NA,0,22.3523698419278,-0.698263840086658,1,NA,0,-0.713258373600972,-0.713258059084457,22.1236,3,3,3,3
"251,501,751",-0.7,3,22.0941805400612,NA,-0.732942472626539,-0.732942996107398,0,2.91225345044104,NA,0,2.91134728175427,-0.732942996107398,NA,0,3.52227487366298,-0.709136825571802,1,NA,0,-0.732942472626539,-0.732942996107398,2.91225,3,3,3,3
"251,501,751",-0.7,3,43.8120681103045,NA,-0.700456383074845,-0.700458500821834,0,14.9649838523494,NA,0,14.9621071346242,-0.700458500821834,NA,0,15.2966444106298,-0.681981949303369,1,NA,0,-0.700456383074845,-0.700458500821834,14.96498,3,3,3,3
"251,501,751",-0.7,3,13.883191374217,NA,-0.712213752879544,-0.7122135909214,0,-0.118687221978282,NA,0,-0.11847385283018,-0.7122135909214,NA,0,0.0585554922076597,-0.725423146175912,1,NA,0,-0.712213752879544,-0.7122135909214,-0.11869,3,3,3,3
"251,501,751",-0.7,3,81.6529374161451,NA,-0.712477715379288,-0.71247099822111,0,33.6868669642026,NA,0,33.6973587423502,-0.71247099822111,NA,0,33.727210128126,-0.717879699964075,1,NA,0,-0.712477715379288,-0.71247099822111,33.68687,3,3,3,3
"251,501,751",-0.7,3,110.062275863744,NA,-0.735950881607512,-0.735944838871965,0,46.550456203793,NA,0,46.5581562016786,-0.735944838871965,NA,0,47.6777414024959,-0.767997597474667,1,NA,0,-0.735950881607512,-0.735944838871965,46.55046,3,3,3,3
"251,501,751",-0.7,3,-8.06292607459999,NA,-0.69789992147921,-0.697918733709686,0,-11.5188524449462,NA,0,-11.5437018747547,-0.697918733709686,NA,0,-10.7334889295672,-0.668879160931996,1,NA,0,-0.69789992147921,-0.697918733709686,-11.51885,3,3,3,3
"251,501,751",-0.7,3,50.0860242444863,NA,-0.6801488343761,-0.680148026563626,0,17.7642543936949,NA,0,17.7654097645787,-0.680148026563626,NA,0,19.8064144409832,-0.633261547139393,1,NA,0,-0.6801488343761,-0.680148026563626,17.76425,3,3,3,3
"251,501,751",-0.7,3,32.7346368364296,NA,-0.728621775748079,-0.728622508548775,0,8.4778243406949,NA,0,8.47192819177793,-0.728622508548775,NA,0,8.64750477727735,-0.741451092755223,1,NA,0,-0.728621775748079,-0.728622508548775,8.47782,3,3,3,3
"251,501,751",-0.7,3,36.3062941534047,NA,-0.710545644631145,-0.71054984436437,0,11.0011749334429,NA,0,10.9946266423564,-0.71054984436437,NA,0,12.9751847893763,-0.66616270541069,1,NA,0,-0.710545644631145,-0.71054984436437,11.00117,3,3,3,3
"251,501,751",-0.7,3,41.6945388268231,NA,-0.693370468172579,-0.69338027673901,0,12.7296838772483,NA,0,12.7160758825774,-0.69338027673901,NA,0,12.8350116421649,-0.681907024957219,1,NA,0,-0.693370468172579,-0.69338027673901,12.72968,3,3,3,3
"251,501,751",-0.7,3,-71.9231433263996,NA,-0.635182936194836,-0.635168958197704,0,-46.7692792951882,NA,0,-46.7567379858251,-0.635168958197704,NA,0,-46.7476301866692,-0.631776109061801,1,NA,0,-0.635182936194836,-0.635168958197704,-46.76928,3,3,3,3
"251,501,751",-0.7,3,2.30508768578867,NA,-0.710428262262227,-0.710429250334863,0,-5.86528795327069,NA,0,-5.86611350754517,-0.710429250334863,NA,0,-4.18073538083918,-0.751328346258023,1,NA,0,-0.710428262262227,-0.710429250334863,-5.86529,3,3,3,3
"251,501,751",-0.7,3,69.475257438162,NA,-0.694769217073089,-0.69478014126377,0,26.8208432270673,NA,0,26.8064557933116,-0.69478014126377,NA,0,29.721045420093,-0.639480199713086,1,NA,0,-0.694769217073089,-0.69478014126377,26.82084,3,3,3,3
"251,501,751",-0.7,3,-50.8413088721471,NA,-0.723839363529746,-0.723870652113377,0,-33.8890631007307,NA,0,-33.9384331867242,-0.723870652113377,NA,0,-33.9381149109176,-0.722880185187074,1,NA,0,-0.723839363529746,-0.723870652113377,-33.88906,3,3,3,3
"251,501,751",-0.7,3,72.6195407301985,NA,-0.705860783720145,-0.705861351787806,0,29.2770904274044,NA,0,29.2760125611683,-0.705861351787806,NA,0,31.0065711513223,-0.747564161587373,1,NA,0,-0.705860783720145,-0.705861351787806,29.27709,3,3,3,3
"251,501,751",-0.7,3,-12.5598716391213,NA,-0.693464672922063,-0.69346028619194,0,-13.8634803455767,NA,0,-13.8583338958725,-0.69346028619194,NA,0,-13.5909530697227,-0.676572559281634,1,NA,0,-0.693464672922063,-0.69346028619194,-13.86348,3,3,3,3
"251,501,751",-0.7,3,45.2634472865867,NA,-0.68401814939506,-0.684015293544717,0,15.4106877946043,NA,0,15.4139833029973,-0.684015293544717,NA,0,15.9733203659832,-0.659590668810122,1,NA,0,-0.68401814939506,-0.684015293544717,15.41069,3,3,3,3
"251,501,751",-0.7,3,34.42579575426,NA,-0.709996517362898,-0.709985300229497,0,9.80026140508517,NA,0,9.81657472547925,-0.709985300229497,NA,0,9.86323759773327,-0.716679594127871,1,NA,0,-0.709996517362898,-0.709985300229497,9.80026,3,3,3,3
"251,501,751",-0.7,3,63.3316113988427,NA,-0.701614379456793,-0.701614888403145,0,24.751684466204,NA,0,24.7500944165819,-0.701614888403145,NA,0,26.896024861205,-0.654862110589887,1,NA,0,-0.701614379456793,-0.701614888403145,24.75168,3,3,3,3
"251,501,751",-0.7,3,-21.4846142104919,NA,-0.660283132577589,-0.66029357242785,0,-20.0337895592382,NA,0,-20.0458204250676,-0.66029357242785,NA,0,-20.0442039634487,-0.661365144688161,1,NA,0,-0.660283132577589,-0.66029357242785,-20.03379,3,3,3,3
"251,501,751",-0.7,3,-0.346804007698477,NA,-0.675385427545218,-0.675383816296006,0,-7.63930737486197,NA,0,-7.63870002522576,-0.675383816296006,NA,0,-7.63609124408821,-0.677070425247973,1,NA,0,-0.675385427545218,-0.675383816296006,-7.63931,3,3,3,3
"251,501,751",-0.7,3,105.282647633404,NA,-0.721741284089095,-0.721740957319191,0,45.239807692944,NA,0,45.2400039709862,-0.721740957319191,NA,0,45.3340519391284,-0.712243402427321,1,NA,0,-0.721741284089095,-0.721740957319191,45.23981,3,3,3,3
"251,501,751",-0.7,3,39.9118941076424,NA,-0.700153808948914,-0.700159386178459,0,12.3045410133887,NA,0,12.2970067253001,-0.700159386178459,NA,0,13.4880984230607,-0.734818023873652,1,NA,0,-0.700153808948914,-0.700159386178459,12.30454,3,3,3,3
"251,501,751",-0.7,3,73.9997107582988,NA,-0.661229952645568,-0.661182182081831,0,24.3977820766506,NA,0,24.4546762217893,-0.661182182081831,NA,0,30.0216089616107,-0.739281442441012,1,NA,0,-0.661229952645568,-0.661182182081831,24.39778,3,3,3,3
"251,501,751",-0.7,3,1.52725883253386,NA,-0.637121509596522,-0.637116926010038,0,-9.4743444767375,NA,0,-9.47296595241678,-0.637116926010038,NA,0,-8.91617720748786,-0.662924867375414,1,NA,0,-0.637121509596522,-0.637116926010038,-9.47434,3,3,3,3
"251,501,751",-0.7,3,6.31481624837516,NA,-0.699611260809192,-0.699608657500487,0,-3.79372512002071,NA,0,-3.79128827658968,-0.699608657500487,NA,0,-3.07591552999453,-0.672548987510373,1,NA,0,-0.699611260809192,-0.699608657500487,-3.79373,3,3,3,3
"251,501,751",-0.7,3,55.7639559474628,NA,-0.713994413672784,-0.71399206832449,0,20.7271515535966,NA,0,20.7301984946972,-0.71399206832449,NA,0,25.4101094727193,-0.646016575848557,1,NA,0,-0.713994413672784,-0.71399206832449,20.72715,3,3,3,3
"251,501,751",-0.7,3,96.0765813573885,NA,-0.684984858763438,-0.684992483659558,0,40.463097384653,NA,0,40.4510750657178,-0.684992483659558,NA,0,41.4353971225423,-0.717214708129698,1,NA,0,-0.684984858763438,-0.684992483659558,40.4631,3,3,3,3
"251,501,751",-0.7,3,-35.3390992171727,NA,-0.699597486848639,-0.699603547667479,0,-24.8729089250407,NA,0,-24.8825995464078,-0.699603547667479,NA,0,-24.8084879413944,-0.708203255320157,1,NA,0,-0.699597486848639,-0.699603547667479,-24.87291,3,3,3,3
"251,501,751",-0.7,3,4.16305456798031,NA,-0.730306900637245,-0.73030991534804,0,-6.4246082168843,NA,0,-6.42916259943689,-0.73030991534804,NA,0,-6.0652433471619,-0.711695123122205,1,NA,0,-0.730306900637245,-0.73030991534804,-6.42461,3,3,3,3
"251,501,751",-0.7,3,62.3141888617414,NA,-0.723000160116882,-0.722990155992889,0,23.2326651548722,NA,0,23.2452803590212,-0.722990155992889,NA,0,24.0843381980612,-0.751234965757559,1,NA,0,-0.723000160116882,-0.722990155992889,23.23267,3,3,3,3
"251,501,751",-0.7,3,-59.931839695028,NA,-0.674422253439391,-0.674417808062888,0,-37.4912987823163,NA,0,-37.4875995852215,-0.674417808062888,NA,0,-37.3865322963936,-0.684922582681689,1,NA,0,-0.674422253439391,-0.674417808062888,-37.4913,3,3,3,3
"251,501,751",-0.7,3,-1.51997202090708,NA,-0.690987193665279,-0.690993841449193,0,-8.0365801247457,NA,0,-8.04537687406395,-0.690993841449193,NA,0,-7.55929799676351,-0.668352158779921,1,NA,0,-0.690987193665279,-0.690993841449193,-8.03658,3,3,3,3
"251,501,751",-0.7,3,117.767266053069,NA,-0.710762670875398,-0.710759009235783,0,51.7794636464458,NA,0,51.7848588710954,-0.710759009235783,NA,0,51.8408376852124,-0.703296544011121,1,NA,0,-0.710762670875398,-0.710759009235783,51.77946,3,3,3,3
"251,501,751",-0.7,3,-115.62027509565,NA,-0.688556771359476,-0.688571942380497,0,-66.18123467754,NA,0,-66.2007225098318,-0.688571942380497,NA,0,-64.430798349098,-0.644966482074107,1,NA,0,-0.688556771359476,-0.688571942380497,-66.18123,3,3,3,3
"251,501,751",-0.7,3,78.3691591654204,NA,-0.713441516951482,-0.713465919363792,0,30.3403659933547,NA,0,30.3031328068927,-0.713465919363792,NA,0,30.8260259797221,-0.735581959729871,1,NA,0,-0.713441516951482,-0.713465919363792,30.34037,3,3,3,3
"251,501,751",-0.7,3,38.9464055849706,NA,-0.686848898655353,-0.686849174543825,0,12.3633248738147,NA,0,12.3628995025802,-0.686849174543825,NA,0,12.6506167361122,-0.704274353221763,1,NA,0,-0.686848898655353,-0.686849174543825,12.36332,3,3,3,3
"251,501,751",-0.7,3,18.0640459318224,NA,-0.710944237428918,-0.710927557859197,0,0.900043529997649,NA,0,0.924432931809179,-0.710927557859197,NA,0,1.75812776043287,-0.681858841251032,1,NA,0,-0.710944237428918,-0.710927557859197,0.90004,3,3,3,3
"251,501,751",-0.7,3,-31.2563133550056,NA,-0.711862222397709,-0.711862249829238,0,-22.6797049707479,NA,0,-22.6797657968631,-0.711862249829238,NA,0,-22.0174671395335,-0.737431484386893,1,NA,0,-0.711862222397709,-0.711862249829238,-22.6797,3,3,3,3
"251,501,751",-0.7,3,-1.34071957919029,NA,-0.702612363029497,-0.702633042550292,0,-8.69033276535602,NA,0,-8.71857325215226,-0.702633042550292,NA,0,-7.09360401801886,-0.742879588394262,1,NA,0,-0.702612363029497,-0.702633042550292,-8.69033,3,3,3,3
"251,501,751",-0.7,3,32.4830906626977,NA,-0.681945754863942,-0.681933732172324,0,8.90037837826574,NA,0,8.90840697967275,-0.681933732172324,NA,0,10.6070234654507,-0.724780963194491,1,NA,0,-0.681945754863942,-0.681933732172324,8.90038,3,3,3,3
"251,501,751",-0.7,3,53.0384235532441,NA,-0.69517842297264,-0.695175621395302,0,19.4601577954389,NA,0,19.4640179818559,-0.695175621395302,NA,0,19.697818763236,-0.710686392560947,1,NA,0,-0.69517842297264,-0.695175621395302,19.46016,3,3,3,3
"251,501,751",-0.7,3,66.9403581519595,NA,-0.688488368418483,-0.688493517060193,0,26.2677783026289,NA,0,26.2592681298714,-0.688493517060193,NA,0,26.7342400840985,-0.666045823180768,1,NA,0,-0.688488368418483,-0.688493517060193,26.26778,3,3,3,3
"251,501,751",-0.7,3,-24.9486346312921,NA,-0.680783436095317,-0.680789245199435,0,-20.1406931359802,NA,0,-20.1480812791457,-0.680789245199435,NA,0,-19.2940476871662,-0.650362567556006,1,NA,0,-0.680783436095317,-0.680789245199435,-20.14069,3,3,3,3
"251,501,751",-0.7,3,7.74964307798159,NA,-0.708376388444519,-0.708367174964243,0,-3.31775046807644,NA,0,-3.30439768659575,-0.708367174964243,NA,0,-0.612114387685285,-0.65644999382535,1,NA,0,-0.708376388444519,-0.708367174964243,-3.31775,3,3,3,3
"251,501,751",-0.7,3,31.4012762839729,NA,-0.693932771649018,-0.693928078893103,0,8.67845272091829,NA,0,8.68345605154952,-0.693928078893103,NA,0,8.8019108185083,-0.705012276222349,1,NA,0,-0.693932771649018,-0.693928078893103,8.67845,3,3,3,3
"251,501,751",-0.7,3,69.8012937240905,NA,-0.68326635969564,-0.683278009242156,0,27.3881821387734,NA,0,27.3728372704811,-0.683278009242156,NA,0,27.3981127560164,-0.677961232847836,1,NA,0,-0.68326635969564,-0.683278009242156,27.38818,3,3,3,3
"251,501,751",-0.7,3,58.3478501798803,NA,-0.683056484846348,-0.683062179879,0,21.7363861393745,NA,0,21.7291336604803,-0.683062179879,NA,0,21.7347489071151,-0.68053372775577,1,NA,0,-0.683056484846348,-0.683062179879,21.73639,3,3,3,3
"251,501,751",-0.7,3,30.0937767798195,NA,-0.665245868000694,-0.665230888962385,0,6.35218696715554,NA,0,6.37026379182481,-0.665230888962385,NA,0,8.62157124400066,-0.715190946864844,1,NA,0,-0.665245868000694,-0.665230888962385,6.35219,3,3,3,3
"251,501,751",-0.7,3,-42.9770491658165,NA,-0.681438632537084,-0.681433836307735,0,-28.8452365554282,NA,0,-28.8458800689211,-0.681433836307735,NA,0,-28.7962790098444,-0.688716416340546,1,NA,0,-0.681438632537084,-0.681433836307735,-28.84524,3,3,3,3
"251,501,751",-0.7,3,-134.741895123046,NA,-0.683273112060603,-0.683268577647262,0,-74.5456186306477,NA,0,-74.5447493890569,-0.683268577647262,NA,0,-74.0805997290961,-0.705573070589225,1,NA,0,-0.683273112060603,-0.683268577647262,-74.54562,3,3,3,3
"251,501,751",-0.7,3,-37.1992996520385,NA,-0.692533911173567,-0.692515035372758,0,-26.4307283935014,NA,0,-26.4084569018398,-0.692515035372758,NA,0,-24.7538408291439,-0.650709372863619,1,NA,0,-0.692533911173567,-0.692515035372758,-26.43073,3,3,3,3
"251,501,751",-0.7,3,0.610732271665245,NA,-0.710567993539856,-0.710560087360385,0,-6.75898987547445,NA,0,-6.75375756797802,-0.710560087360385,NA,0,-6.75251517440555,-0.709449774584008,1,NA,0,-0.710567993539856,-0.710560087360385,-6.75899,3,3,3,3
"251,501,751",-0.7,3,-58.1030392358279,NA,-0.716806857249636,-0.716792463600595,0,-36.728317311008,NA,0,-36.7067075019171,-0.716792463600595,NA,0,-36.7049558011779,-0.717980359638662,1,NA,0,-0.716806857249636,-0.716792463600595,-36.72832,3,3,3,3
"251,501,751",-0.7,3,-9.98469172417033,NA,-0.698905745190353,-0.698903269548103,0,-12.3299556291619,NA,0,-12.3265865220117,-0.698903269548103,NA,0,-11.9918774595941,-0.717285143770027,1,NA,0,-0.698905745190353,-0.698903269548103,-12.32996,3,3,3,3
"251,501,751",-0.7,3,-34.0553773451839,NA,-0.664851298713909,-0.664850167454177,0,-25.3704042784254,NA,0,-25.3702630068841,-0.664850167454177,NA,0,-25.3209292715587,-0.657303367031449,1,NA,0,-0.664851298713909,-0.664850167454177,-25.3704,3,3,3,3
"251,501,751",-0.7,3,17.234998737706,NA,-0.698208973446017,-0.698205230624091,0,0.659033691668037,"739",1,0.677592786874252,-0.703057549264019,NA,0,1.9703348283466,-0.661285073919019,1,NA,0,-0.698208973446017,-0.698205230624091,0.65903,3,2.012,3,3
"251,501,751",-0.7,3,60.9340154338716,NA,-0.698000933861578,-0.697999876675811,0,23.4154474601339,NA,0,23.4159070726111,-0.697999876675811,NA,0,24.4071175430446,-0.66603642556482,1,NA,0,-0.698000933861578,-0.697999876675811,23.41545,3,3,3,3
"251,501,751",-0.7,3,-80.7054952674138,NA,-0.706094192474718,-0.706093824570794,0,-47.4275012584861,NA,0,-47.4271154037251,-0.706093824570794,NA,0,-47.3303075110792,-0.696197038105838,1,NA,0,-0.706094192474718,-0.706093824570794,-47.4275,3,3,3,3
"251,501,751",-0.7,3,-32.3050482553802,NA,-0.747742083092531,-0.747732999807973,0,-27.190092224543,NA,0,-27.1747846824409,-0.747732999807973,NA,0,-26.9733613520689,-0.760627746291654,1,NA,0,-0.747742083092531,-0.747732999807973,-27.19009,3,3,3,3
"251,501,751",-0.7,3,20.7217783659333,NA,-0.70708863196582,-0.707088397042669,0,3.39217523696025,NA,0,3.39078181763605,-0.707088397042669,NA,0,3.40521833779519,-0.703277584787616,1,NA,0,-0.70708863196582,-0.707088397042669,3.39218,3,3,3,3
"251,501,751",-0.7,3,56.8106853273066,NA,-0.649253577784199,-0.649255967284554,0,19.2545815339581,NA,0,19.2520625988648,-0.649255967284554,NA,0,19.7164247674876,-0.672448820656307,1,NA,0,-0.649253577784199,-0.649255967284554,19.25458,3,3,3,3
"251,501,751",-0.7,3,47.8776657595437,NA,-0.675701290412508,-0.675702442231107,0,16.3740322411228,NA,0,16.3725534223956,-0.675702442231107,NA,0,16.6804553039866,-0.693968564417797,1,NA,0,-0.675701290412508,-0.675702442231107,16.37403,3,3,3,3
"251,501,751",-0.7,3,3.32454370429235,NA,-0.706016084624967,-0.706014690169611,0,-5.46761008673231,NA,0,-5.46583737239956,-0.706014690169611,NA,0,-5.36257098467391,-0.695785084102052,1,NA,0,-0.706016084624967,-0.706014690169611,-5.46761,3,3,3,3
"251,501,751",-0.7,3,105.182944239782,NA,-0.706352137471902,-0.706350789830697,0,45.5480285945497,NA,0,45.5496035398043,-0.706350789830697,NA,0,46.0832595167748,-0.683190414089623,1,NA,0,-0.706352137471902,-0.706350789830697,45.54803,3,3,3,3
"251,501,751",-0.7,3,-24.750684014629,NA,-0.719945095763,-0.719943282714026,0,-19.7039699103382,NA,0,-19.7024993278342,-0.719943282714026,NA,0,-18.7880738325867,-0.749650956688276,1,NA,0,-0.719945095763,-0.719943282714026,-19.70397,3,3,3,3
"251,501,751",-0.7,3,-21.5950243792415,NA,-0.692373587010019,-0.692372615816991,0,-18.1738139041434,NA,0,-18.177097653252,-0.692372615816991,NA,0,-16.959965498721,-0.656439160155671,1,NA,0,-0.692373587010019,-0.692372615816991,-18.17381,3,3,3,3
"251,501,751",-0.7,3,56.4436070752754,NA,-0.681236499756803,-0.68123628319079,0,20.3197264545643,NA,0,20.319368200858,-0.68123628319079,NA,0,20.7725443447079,-0.703113446072373,1,NA,0,-0.681236499756803,-0.68123628319079,20.31973,3,3,3,3
"251,501,751",-0.7,3,-0.413861638894438,NA,-0.657876101975328,-0.657895718937812,0,-8.99690610454835,NA,0,-9.02040770868768,-0.657895718937812,NA,0,-8.98699538604727,-0.651607801730749,1,NA,0,-0.657876101975328,-0.657895718937812,-8.99691,3,3,3,3
"251,501,751",-0.7,3,49.6335698844835,NA,-0.703957844400034,-0.703959266724517,0,17.8548574043988,NA,0,17.852292301558,-0.703959266724517,NA,0,17.8962701071599,-0.710606331310968,1,NA,0,-0.703957844400034,-0.703959266724517,17.85486,3,3,3,3
"251,501,751",-0.7,3,55.0764913195752,NA,-0.700074573474621,-0.700042015245418,0,18.7161314650465,NA,0,18.7615706795039,-0.700042015245418,NA,0,18.7781300503223,-0.703652085030643,1,NA,0,-0.700074573474621,-0.700042015245418,18.71613,3,3,3,3
"251,501,751",-0.7,3,0.967370282092801,NA,-0.679628829725452,-0.679626688432414,0,-6.833149511271,NA,0,-6.83038161498442,-0.679626688432414,NA,0,-2.98837922818429,-0.744048742187674,1,NA,0,-0.679628829725452,-0.679626688432414,-6.83315,3,3,3,3
"251,501,751",-0.7,3,21.9481280437312,NA,-0.710946234994049,-0.710940124252216,0,3.88716404757008,NA,0,3.8964254526065,-0.710940124252216,NA,0,6.41110756078133,-0.760870194731655,1,NA,0,-0.710946234994049,-0.710940124252216,3.88716,3,3,3,3
"251,501,751",-0.7,3,33.744782822806,NA,-0.680746846827425,-0.680744685239268,0,9.41086511789745,NA,0,9.41362028152489,-0.680744685239268,NA,0,10.3312519126616,-0.649290053163397,1,NA,0,-0.680746846827425,-0.680744685239268,9.41087,3,3,3,3
"251,501,751",-0.7,3,-22.0958782697926,NA,-0.676158033983636,-0.676143506668578,0,-18.7628312184374,NA,0,-18.7468981939206,-0.676143506668578,NA,0,-18.141016620896,-0.650411388623224,1,NA,0,-0.676158033983636,-0.676143506668578,-18.76283,3,3,3,3
"251,501,751",-0.7,3,21.247618217501,NA,-0.702007342395411,-0.702009754052156,0,3.66875235135609,NA,0,3.66551538242876,-0.702009754052156,NA,0,4.97468306525485,-0.738460289754946,1,NA,0,-0.702007342395411,-0.702009754052156,3.66875,3,3,3,3
"251,501,751",-0.7,3,19.8337268524144,NA,-0.681600428055162,-0.681604825774681,0,-0.021551151196129,NA,0,-0.0271695662285332,-0.681604825774681,NA,0,0.353596649215468,-0.660582629459774,1,NA,0,-0.681600428055162,-0.681604825774681,-0.02155,3,3,3,3
"251,501,751",-0.7,3,42.3947621325461,NA,-0.695276364957379,-0.695279867208875,0,14.171415825012,NA,0,14.1668597162009,-0.695279867208875,NA,0,17.2457603406034,-0.751741657894653,1,NA,0,-0.695276364957379,-0.695279867208875,14.17142,3,3,3,3
"251,501,751",-0.7,3,37.4624414609944,NA,-0.697785075387942,-0.697784308207763,0,11.8161470604961,NA,0,11.815504365431,-0.697784308207763,NA,0,11.919901293262,-0.708147131589086,1,NA,0,-0.697785075387942,-0.697784308207763,11.81615,3,3,3,3
"251,501,751",-0.7,3,129.764390504359,NA,-0.700186114298122,-0.700184057969304,0,57.9374519739701,NA,0,57.939991309722,-0.700184057969304,NA,0,60.9263344340497,-0.755441192443143,1,NA,0,-0.700186114298122,-0.700184057969304,57.93745,3,3,3,3
"251,501,751",-0.7,3,-98.5440454420199,NA,-0.713581363376879,-0.713578576897941,0,-56.3931404259563,NA,0,-56.3889218242207,-0.713578576897941,NA,0,-55.3541849285157,-0.681687544199921,1,NA,0,-0.713581363376879,-0.713578576897941,-56.39314,3,3,3,3
"251,501,751",-0.7,3,31.9629474007757,NA,-0.719183224984685,-0.719181176297949,0,7.50779735262261,NA,0,7.51105147257342,-0.719181176297949,NA,0,7.58783179028261,-0.710211306629468,1,NA,0,-0.719183224984685,-0.719181176297949,7.5078,3,3,3,3
"251,501,751",-0.7,3,0.844520079761175,NA,-0.692772599285914,-0.692768353245483,0,-6.84361141817359,NA,0,-6.83836628690294,-0.692768353245483,NA,0,-6.41193890301856,-0.713757394977564,1,NA,0,-0.692772599285914,-0.692768353245483,-6.84361,3,3,3,3
"251,501,751",-0.7,3,20.2618779930517,NA,-0.688587997501853,-0.688594479036521,0,2.14937701368958,NA,0,2.14074043333282,-0.688594479036521,NA,0,4.04542371179626,-0.733152068998107,1,NA,0,-0.688587997501853,-0.688594479036521,2.14938,3,3,3,3
"251,501,751",-0.7,3,6.14334300749329,NA,-0.672771979477471,-0.672766457037014,0,-4.73222908670912,NA,0,-4.72609039082355,-0.672766457037014,NA,0,-3.7260078892792,-0.639597342657681,1,NA,0,-0.672771979477471,-0.672766457037014,-4.73223,3,3,3,3
"251,501,751",-0.7,3,50.1425520900948,NA,-0.701822235308423,-0.701824074512286,0,18.1531882188766,NA,0,18.1512483204215,-0.701824074512286,NA,0,18.1974043119115,-0.694969020804676,1,NA,0,-0.701822235308423,-0.701824074512286,18.15319,3,3,3,3
"251,501,751",-0.7,3,60.4067915607788,NA,-0.684112192157505,-0.684111453342608,0,23.0466767361844,NA,0,23.0456422800056,-0.684111453342608,NA,0,23.1178816674399,-0.692886424958568,1,NA,0,-0.684112192157505,-0.684111453342608,23.04668,3,3,3,3
"251,501,751",-0.7,3,81.9833919053925,NA,-0.698089021599483,-0.69807687363442,0,33.6730520196962,NA,0,33.6897578345842,-0.69807687363442,NA,0,33.7267693902766,-0.704126707287192,1,NA,0,-0.698089021599483,-0.69807687363442,33.67305,3,3,3,3
"251,501,751",-0.7,3,57.5505286847097,NA,-0.69525044040503,-0.69524800080554,0,21.8137059230338,NA,0,21.8161420878461,-0.69524800080554,NA,0,21.8558919655419,-0.688832400827814,1,NA,0,-0.69525044040503,-0.69524800080554,21.81371,3,3,3,3
"251,501,751",-0.7,3,28.4927878608821,NA,-0.714239601160182,-0.714238020043463,0,7.12959753377638,NA,0,7.12989675230627,-0.714238020043463,NA,0,8.01557878205713,-0.684740045635769,1,NA,0,-0.714239601160182,-0.714238020043463,7.1296,3,3,3,3
"251,501,751",-0.7,3,3.3581080157271,NA,-0.676080732766592,-0.676086046161794,0,-5.87993689207914,NA,0,-5.88629824810949,-0.676086046161794,NA,0,-5.51575469468241,-0.696111239211093,1,NA,0,-0.676080732766592,-0.676086046161794,-5.87994,3,3,3,3
"251,501,751",-0.7,3,15.5760092812299,NA,-0.713338915138264,-0.713337673845806,0,0.144987851242285,NA,0,0.146909732634347,-0.713337673845806,NA,0,2.78310885246174,-0.764131015139526,1,NA,0,-0.713338915138264,-0.713337673845806,0.14499,3,3,3,3
"251,501,751",-0.7,3,73.7215138985468,NA,-0.69536611150185,-0.695368184925227,0,29.8549959410864,NA,0,29.8504174266049,-0.695368184925227,NA,0,30.112505913169,-0.678860681367926,1,NA,0,-0.69536611150185,-0.695368184925227,29.855,3,3,3,3
"251,501,751",-0.7,3,-38.2069261369219,NA,-0.681912861725914,-0.681911205416591,0,-26.3206010699499,NA,0,-26.3198838624363,-0.681911205416591,NA,0,-26.3106288261606,-0.678755761478212,1,NA,0,-0.681912861725914,-0.681911205416591,-26.3206,3,3,3,3
"251,501,751",-0.7,3,74.3204993338768,NA,-0.697364417090816,-0.697363049595842,0,30.2445024676656,NA,0,30.2452058921885,-0.697363049595842,NA,0,30.5029309046983,-0.713694898755844,1,NA,0,-0.697364417090816,-0.697363049595842,30.2445,3,3,3,3
"251,501,751",-0.7,3,90.5955971006911,NA,-0.723581508235853,-0.723572229891441,0,37.5199979480314,NA,0,37.5345182440443,-0.723572229891441,NA,0,37.6916788179801,-0.735738885831254,1,NA,0,-0.723581508235853,-0.723572229891441,37.52,3,3,3,3
"251,501,751",-0.7,3,80.2072759664697,NA,-0.681618568730077,-0.681605987287288,0,32.7650204478041,NA,0,32.7743499598073,-0.681605987287288,NA,0,34.891347762936,-0.633765020779994,1,NA,0,-0.681618568730077,-0.681605987287288,32.76502,3,3,3,3
"251,501,751",-0.7,3,-15.9548022683663,NA,-0.705240213976326,-0.705240732103242,0,-15.6858370747597,NA,0,-15.6877873335236,-0.705240732103242,NA,0,-15.5135340711322,-0.691732637842409,1,NA,0,-0.705240213976326,-0.705240732103242,-15.68584,3,3,3,3
"251,501,751",-0.7,3,43.5889437350034,NA,-0.635296922915106,-0.635294033764719,0,11.2896966926582,NA,0,11.2923876013711,-0.635294033764719,NA,0,12.2728917345952,-0.669492567679777,1,NA,0,-0.635296922915106,-0.635294033764719,11.2897,3,3,3,3
"251,501,751",-0.7,3,-45.3066140849312,NA,-0.70065563636176,-0.700656770159482,0,-29.820021662244,NA,0,-29.8216318684815,-0.700656770159482,NA,0,-29.4890966954155,-0.682175903353198,1,NA,0,-0.70065563636176,-0.700656770159482,-29.82002,3,3,3,3
"251,501,751",-0.7,3,21.3835761579579,NA,-0.680137303948599,-0.680140608891677,0,3.09031964491337,"",0,3.08470906210062,-0.680140608891677,NA,0,3.09725749611491,-0.676344990594123,1,NA,0,-0.680137303948599,-0.680140608891677,3.09032,3,3,3,3
"251,501,751",-0.7,3,69.6724150857801,NA,-0.70581613215282,-0.705824282308194,0,26.5046684972779,"329,370,713,739",4,38.0167006046854,-0.715383221473358,NA,0,27.4675776951074,-0.736707974809452,1,NA,0,-0.70581613215282,-0.705824282308194,26.50467,3,1.221,3,3
"251,501,751",-0.7,3,48.2743669855195,NA,-0.695272659467565,-0.695276549757303,0,16.7530066819519,"",0,16.7475132607253,-0.695276549757303,NA,0,17.0664711262905,-0.676968611390635,1,NA,0,-0.695272659467565,-0.695276549757303,16.75301,3,3,3,3
"251,501,751",-0.7,3,9.396897226674,NA,-0.704046397714826,-0.704049914077207,0,-2.35186967900183,"",0,-2.35765104594634,-0.704049914077207,NA,0,0.630891122736147,-0.759011378468058,1,NA,0,-0.704046397714826,-0.704049914077207,-2.35187,3,3,3,3
"251,501,751",-0.7,3,35.0743792631347,NA,-0.699185325047258,-0.699188309762576,0,9.52812117283911,"",0,9.52423871430641,-0.699188309762576,NA,0,9.54268693129395,-0.69450740108402,1,NA,0,-0.699185325047258,-0.699188309762576,9.52812,3,3,3,3
"251,501,751",-0.7,3,-28.7399814499806,NA,-0.666067837319875,-0.666067748549297,0,-22.3108452622355,"",0,-22.3105197682795,-0.666067748549297,NA,0,-19.442835883602,-0.722660623895941,1,NA,0,-0.666067837319875,-0.666067748549297,-22.31085,3,3,3,3
"251,501,751",-0.7,3,76.0812088277101,NA,-0.700695296342729,-0.700693366391698,0,30.7866115980982,"",0,30.7893496518914,-0.700693366391698,NA,0,45.0083280068569,-0.579414680975848,1,NA,0,-0.700695296342729,-0.700693366391698,30.78661,3,3,3,3
"251,501,751",-0.7,3,68.9844591658159,NA,-0.716987527591798,-0.716982087988932,0,27.2120075279963,"",0,27.2197173715656,-0.716982087988932,NA,0,27.2344493631398,-0.713184592567619,1,NA,0,-0.716987527591798,-0.716982087988932,27.21201,3,3,3,3
"251,501,751",-0.7,3,74.5218585354359,NA,-0.639062235983386,-0.639060680720577,0,27.2254840377785,"",0,27.2256832103295,-0.639060680720577,NA,0,35.5737260820912,-0.53910893228884,1,NA,0,-0.639062235983386,-0.639060680720577,27.22548,3,3,3,3
"251,501,751",-0.7,3,44.6941931711587,NA,-0.708793351299843,-0.70879449537824,0,15.2405459407761,"",0,15.2387300339425,-0.70879449537824,NA,0,15.2511874896838,-0.712283845633429,1,NA,0,-0.708793351299843,-0.70879449537824,15.24055,3,3,3,3
"251,501,751",-0.7,3,71.9497073146679,NA,-0.716602034160126,-0.716606243779077,0,28.6839317514225,"",0,28.6764611613198,-0.716606243779077,NA,0,28.8689145943484,-0.702872478032863,1,NA,0,-0.716602034160126,-0.716606243779077,28.68393,3,3,3,3
"251,501,751",-0.7,3,24.5829569508214,NA,-0.694262241550264,-0.694247892641306,0,4.92371481161518,"",0,4.94098993335393,-0.694247892641306,15,1,6.88995206561268,-0.649624745535974,1,NA,0,-0.694262241550264,-0.694247892641306,4.92371,3,3,2.236,3
"251,501,751",-0.7,3,-1.32452262065825,NA,-0.705513410724146,-0.705515562845664,0,-7.74476343579481,"",0,-7.74778140249787,-0.705515562845664,NA,0,-6.70933114502322,-0.737794372513469,1,NA,0,-0.705513410724146,-0.705515562845664,-7.74476,3,3,3,3
"251,501,751",-0.7,3,46.3695838076354,NA,-0.706702414385066,-0.706701257781836,0,16.063039405607,"",0,16.0639066426637,-0.706701257781836,NA,0,17.1151423988041,-0.739140384686246,1,NA,0,-0.706702414385066,-0.706701257781836,16.06304,3,3,3,3
"251,501,751",-0.7,3,-42.6560866012826,NA,-0.724607448292343,-0.724609711898516,0,-28.8981673167931,"",0,-28.901992586839,-0.724609711898516,NA,0,-28.9008695861844,-0.725630875920358,1,NA,0,-0.724607448292343,-0.724609711898516,-28.89817,3,3,3,3
"251,501,751",-0.7,3,58.8680463588147,NA,-0.651880511957628,-0.651877003572619,0,20.496194751927,"",0,20.4988075624052,-0.651877003572619,NA,0,20.8675780454582,-0.672486647957691,1,NA,0,-0.651880511957628,-0.651877003572619,20.49619,3,3,3,3
"251,501,751",-0.7,3,46.3087122380622,NA,-0.702556105081714,-0.702556363730251,0,16.1080172420601,"",0,16.1062996881476,-0.702556363730251,NA,0,16.2832675279465,-0.689102389505908,1,NA,0,-0.702556105081714,-0.702556363730251,16.10802,3,3,3,3
"251,501,751",-0.7,3,58.7876656059449,NA,-0.693556653902586,-0.693553610880859,0,22.44718439563,"",0,22.447073875741,-0.693553610880859,NA,0,22.6169855527061,-0.680217531577309,1,NA,0,-0.693556653902586,-0.693553610880859,22.44718,3,3,3,3
"251,501,751",-0.7,3,-56.7513603729253,NA,-0.682616811053939,-0.682602144943368,0,-35.9314736954937,"",0,-35.9124285384408,-0.682602144943368,NA,0,-35.6214122808416,-0.664877066529106,1,NA,0,-0.682616811053939,-0.682602144943368,-35.93147,3,3,3,3
"251,501,751",-0.7,3,-5.09515598733088,NA,-0.661298694364645,-0.661303813249664,0,-10.8396761459472,"",0,-10.8454324991749,-0.661303813249664,NA,0,-10.7997288025237,-0.668453715437399,1,NA,0,-0.661298694364645,-0.661303813249664,-10.83968,3,3,3,3
"251,501,751",-0.7,3,-7.22597451787459,NA,-0.682244142548063,-0.682230300401624,0,-11.3559607942224,"",0,-11.338734955673,-0.682230300401624,NA,0,-10.6865656655244,-0.70850835977061,1,NA,0,-0.682244142548063,-0.682230300401624,-11.35596,3,3,3,3
"251,501,751",-0.7,3,61.9932402581728,NA,-0.647228123452486,-0.647227042789975,0,21.6993140335008,"",0,21.7014020874344,-0.647227042789975,NA,0,27.3136604029373,-0.566173974742419,1,NA,0,-0.647228123452486,-0.647227042789975,21.69931,3,3,3,3
"251,501,751",-0.7,3,27.0316907662437,NA,-0.717153949805683,-0.717148489573378,0,6.14673316029452,"",0,6.1518578379023,-0.717148489573378,NA,0,6.16213334618661,-0.713953317792286,1,NA,0,-0.717153949805683,-0.717148489573378,6.14673,3,3,3,3
"251,501,751",-0.7,3,77.9834297813103,NA,-0.730853777733203,-0.730854023946028,0,30.9885259743682,"",0,30.9858613777052,-0.730854023946028,NA,0,31.2983319976827,-0.713720608333761,1,NA,0,-0.730853777733203,-0.730854023946028,30.98853,3,3,3,3
"251,501,751",-0.7,3,11.1682248118775,NA,-0.693113533419308,-0.693113069300358,0,-2.18485484995202,"",0,-2.18638481915841,-0.693113069300358,NA,0,-1.40940655467239,-0.664345413652718,1,NA,0,-0.693113533419308,-0.693113069300358,-2.18485,3,3,3,3
"251,501,751",-0.7,3,35.8793180302298,NA,-0.687952646063103,-0.687965824035024,0,9.6430969204064,"",0,9.62628837877063,-0.687965824035024,NA,0,11.1043957773542,-0.648085566135795,1,NA,0,-0.687952646063103,-0.687965824035024,9.6431,3,3,3,3
"251,501,751",-0.7,3,49.041945336115,NA,-0.725852274295429,-0.725851554339279,0,16.7383369616502,"",0,16.7393493329945,-0.725851554339279,NA,0,18.2556263312551,-0.763714201298418,1,NA,0,-0.725852274295429,-0.725851554339279,16.73834,3,3,3,3
"251,501,751",-0.7,3,83.2261718829028,NA,-0.684461899750932,-0.684463696240978,0,34.400860926573,"",0,34.3979881338978,-0.684463696240978,NA,0,34.5611336140804,-0.697608865138988,1,NA,0,-0.684461899750932,-0.684463696240978,34.40086,3,3,3,3
"251,501,751",-0.7,3,1.80217425685749,NA,-0.688701117087622,-0.688709350125432,0,-6.27855742050557,"",0,-6.28888342256645,-0.688709350125432,NA,0,-6.16191770899505,-0.700214072163677,1,NA,0,-0.688701117087622,-0.688709350125432,-6.27856,3,3,3,3
"251,501,751",-0.7,3,14.7015029655051,NA,-0.704744343350873,-0.704758037793544,0,-0.469321490435647,"",0,-0.488158678475562,-0.704758037793544,NA,0,-0.367184386749611,-0.715539747422903,1,NA,0,-0.704744343350873,-0.704758037793544,-0.46932,3,3,3,3
"251,501,751",-0.7,3,48.1824502133129,NA,-0.681351756614559,-0.681350288578836,0,16.8538367228414,"615,727",2,24.4688011217016,-0.685549150779221,NA,0,18.5848996168007,-0.638185773736343,1,NA,0,-0.681351756614559,-0.681350288578836,16.85384,3,1.16,3,3
"251,501,751",-0.7,3,-17.9217279964922,NA,-0.699284328009903,-0.699281525331405,0,-16.0465326021415,"",0,-16.0435368622031,-0.699281525331405,NA,0,-15.7442650342518,-0.68173712435817,1,NA,0,-0.699284328009903,-0.699281525331405,-16.04653,3,3,3,3
"251,501,751",-0.7,3,-1.38436564929453,NA,-0.699390059027697,-0.699400680911465,0,-7.92631937710276,"",0,-7.94053318627457,-0.699400680911465,NA,0,-7.59784703231859,-0.680575615825702,1,NA,0,-0.699390059027697,-0.699400680911465,-7.92632,3,3,3,3
"251,501,751",-0.7,3,60.2370193761708,NA,-0.685853451104358,-0.68584990084775,0,22.2225841472589,"",0,22.2269734510846,-0.68584990084775,NA,0,22.8787102850354,-0.659334282546787,1,NA,0,-0.685853451104358,-0.68584990084775,22.22258,3,3,3,3
"251,501,751",-0.7,3,26.1981465477698,NA,-0.685815595622063,-0.685810808206837,0,5.80560286756554,"",0,5.81050477982732,-0.685810808206837,NA,0,8.10453135257927,-0.735203402164161,1,NA,0,-0.685815595622063,-0.685810808206837,5.8056,3,3,3,3
"251,501,751",-0.7,3,60.0323005343996,NA,-0.674372798159976,-0.674381896564655,0,21.806599994387,"",0,21.7950546544708,-0.674381896564655,NA,0,22.2045921166806,-0.65300967147792,1,NA,0,-0.674372798159976,-0.674381896564655,21.8066,3,3,3,3
"251,501,751",-0.7,3,-23.7090323042607,NA,-0.626146468616735,-0.626160726974187,0,-23.636938461027,"",0,-23.6516457507077,-0.626160726974187,NA,0,-23.5213418716923,-0.638603268035099,1,NA,0,-0.626146468616735,-0.626160726974187,-23.63694,3,3,3,3
"251,501,751",-0.7,3,20.4658583806005,NA,-0.704700156312046,-0.704697583213954,0,3.26924342357353,"",0,3.27307650829742,-0.704697583213954,NA,0,3.2913664475009,-0.700398268611252,8,NA,0,-0.704700511044018,-0.704697583213954,3.26919,3,3,3,3
"251,501,751",-0.7,3,30.1716958695128,NA,-0.706592205989616,-0.706602421468777,0,8.04886173476788,"",0,8.02821673506322,-0.706602421468777,NA,0,8.03054939054588,-0.708082143454723,1,NA,0,-0.706592205989616,-0.706602421468777,8.04886,3,3,3,3
"251,501,751",-0.7,3,44.8706951645066,NA,-0.710085999850777,-0.710085586802149,0,15.4247907920661,"",0,15.4248537373515,-0.710085586802149,NA,0,18.9286133990172,-0.769180109374725,1,NA,0,-0.710085999850777,-0.710085586802149,15.42479,3,3,3,3
"251,501,751",-0.7,3,6.18453926105501,NA,-0.677492364461907,-0.67749444748954,0,-4.3470578294696,NA,0,-4.35099049022045,-0.67749444748954,NA,0,-4.30867057616772,-0.670693876338844,1,NA,0,-0.677492364461907,-0.67749444748954,-4.34706,3,3,3,3
"251,501,751",-0.7,3,14.4376038985191,NA,-0.702998503181293,-0.702999268326634,0,-0.0202780619510117,NA,0,-0.0214153412111617,-0.702999268326634,NA,0,1.28239529991107,-0.739243366649909,1,NA,0,-0.702998503181293,-0.702999268326634,-0.02028,3,3,3,3
"251,501,751",-0.7,3,66.8333940176667,NA,-0.691365116835158,-0.691345137917706,0,25.1738863037917,NA,0,25.200545593843,-0.691345137917706,NA,0,25.4043527638375,-0.70557914014551,5,NA,0,-0.691365284510118,-0.691345137917706,25.17381,3,3,3,3
"251,501,751",-0.7,3,20.7457536727922,NA,-0.698376303098291,-0.698377927484479,0,3.26201481789097,NA,0,3.25898435847577,-0.698377927484479,NA,0,3.38789274657382,-0.686817645629519,1,NA,0,-0.698376303098291,-0.698377927484479,3.26201,3,3,3,3
"251,501,751",-0.7,3,40.800858017884,NA,-0.694258408469074,-0.694241876249398,0,12.7682923097131,NA,0,12.7909915244093,-0.694241876249398,NA,0,12.9018035643818,-0.70476823461989,1,NA,0,-0.694258408469074,-0.694241876249398,12.76829,3,3,3,3
"251,501,751",-0.7,3,74.7579187413742,NA,-0.666076578928358,-0.666075212212004,0,29.4419774712029,NA,0,29.4424472046915,-0.666075212212004,NA,0,29.5236887986299,-0.675602715850442,1,NA,0,-0.666076578928358,-0.666075212212004,29.44198,3,3,3,3
"251,501,751",-0.7,3,32.332037874166,NA,-0.71951065426336,-0.719509502043299,0,8.81219703501123,NA,0,8.81356066066764,-0.719509502043299,NA,0,10.5791367335658,-0.760811542741482,1,NA,0,-0.71951065426336,-0.719509502043299,8.8122,3,3,3,3
"251,501,751",-0.7,3,49.6239827717882,NA,-0.690321305937719,-0.690332746720069,0,17.2983997841116,NA,0,17.2816608832443,-0.690332746720069,NA,0,18.3425846332953,-0.656773360326604,1,NA,0,-0.690321305937719,-0.690332746720069,17.2984,3,3,3,3
"251,501,751",-0.7,3,49.7875589959634,NA,-0.732954239674135,-0.732956259491504,0,16.7167487731045,NA,0,16.7133118361871,-0.732956259491504,NA,0,17.0067539607547,-0.716438623946968,1,NA,0,-0.732954239674135,-0.732956259491504,16.71675,3,3,3,3
"251,501,751",-0.7,3,13.1214422974749,NA,-0.703134207692578,-0.70313460585847,0,-2.37844430598336,NA,0,-2.37876364471267,-0.70313460585847,NA,0,1.42185042982866,-0.764670447788182,1,NA,0,-0.703134207692578,-0.70313460585847,-2.37844,3,3,3,3
"251,501,751",-0.7,3,-55.5078071339934,NA,-0.713054666927417,-0.713052239383761,0,-34.8874173214286,NA,0,-34.8854740622956,-0.713052239383761,NA,0,-34.1131184093077,-0.685448903558953,1,NA,0,-0.713054666927417,-0.713052239383761,-34.88742,3,3,3,3
"251,501,751",-0.7,3,49.5519572553595,NA,-0.749490906204135,-0.749499251822212,0,14.7305886887999,NA,0,14.7151650524289,-0.749499251822212,NA,0,14.894683223421,-0.761929406206148,1,NA,0,-0.749490906204135,-0.749499251822212,14.73059,3,3,3,3
"251,501,751",-0.7,3,72.5623236962516,NA,-0.710690498882344,-0.71070272558704,0,28.602826254755,NA,0,28.585516276082,-0.71070272558704,NA,0,31.6560991827072,-0.655277392549148,1,NA,0,-0.710690498882344,-0.71070272558704,28.60283,3,3,3,3
"251,501,751",-0.7,3,71.2595924982966,NA,-0.718757085620542,-0.718753838402024,0,28.2170876782573,NA,0,28.2215338409907,-0.718753838402024,NA,0,28.2665088209712,-0.712124678328563,1,NA,0,-0.718757085620542,-0.718753838402024,28.21709,3,3,3,3
"251,501,751",-0.7,3,17.0457443142385,NA,-0.697779743926328,-0.697796920962302,0,0.856540084045093,NA,0,0.82971853903493,-0.697796920962302,NA,0,1.13317723307919,-0.679835449173355,1,NA,0,-0.697779743926328,-0.697796920962302,0.85654,3,3,3,3
"251,501,751",-0.7,3,45.9051929392213,NA,-0.691971330328578,-0.691971505328791,0,15.4409649768386,NA,0,15.4408397447321,-0.691971505328791,NA,0,15.919310006922,-0.669470741544401,1,NA,0,-0.691971330328578,-0.691971505328791,15.44096,3,3,3,3
"251,501,751",-0.7,3,-4.95457339316674,NA,-0.676471275231526,-0.676480122194057,0,-11.063510443319,NA,0,-11.0742667288078,-0.676480122194057,NA,0,-10.8673474695632,-0.691115006995494,1,NA,0,-0.676471275231526,-0.676480122194057,-11.06351,3,3,3,3
"251,501,751",-0.7,3,48.126200146561,NA,-0.698357991702686,-0.69835987544141,0,16.6485283963464,NA,0,16.6459931378413,-0.69835987544141,NA,0,17.4159355931096,-0.726303379824697,1,NA,0,-0.698357991702686,-0.69835987544141,16.64853,3,3,3,3
"251,501,751",-0.7,3,26.8617846087676,NA,-0.687237158400124,-0.687240181310832,0,6.17546757089732,NA,0,6.17049730295111,-0.687240181310832,NA,0,7.1880446617664,-0.65435909582475,1,NA,0,-0.687237158400124,-0.687240181310832,6.17547,3,3,3,3
"251,501,751",-0.7,3,15.610536891516,NA,-0.685006425461429,-0.684994371082057,0,0.513716244568851,NA,0,0.527536566462323,-0.684994371082057,NA,0,1.45896348924389,-0.716438571411169,1,NA,0,-0.685006425461429,-0.684994371082057,0.51372,3,3,3,3
"251,501,751",-0.7,3,56.4854630805863,NA,-0.667737134594504,-0.667738589967193,0,20.3953478892146,NA,0,20.3942213760983,-0.667738589967193,NA,0,20.3951279323784,-0.668739470215678,1,NA,0,-0.667737134594504,-0.667738589967193,20.39535,3,3,3,3
"251,501,751",-0.7,3,54.3549934792203,NA,-0.721367378034146,-0.721346184664404,0,18.9984067264978,NA,0,19.028968107362,-0.721346184664404,NA,0,19.8842835038671,-0.74982116627397,1,NA,0,-0.721367378034146,-0.721346184664404,18.99841,3,3,3,3
"251,501,751",-0.7,3,28.0882747299484,NA,-0.669757177898343,-0.669764948171812,0,4.99671466208939,NA,0,4.98487930322926,-0.669764948171812,NA,0,5.267693391207,-0.687023894365295,1,NA,0,-0.669757177898343,-0.669764948171812,4.99671,3,3,3,3
"251,501,751",-0.7,3,76.9665754095388,NA,-0.705309109373447,-0.705310626192142,0,31.5049459074705,NA,0,31.5028281306949,-0.705310626192142,NA,0,31.8023547855744,-0.687942561238648,1,NA,0,-0.705309109373447,-0.705310626192142,31.50495,3,3,3,3
"251,501,751",-0.7,3,-26.481070543204,NA,-0.686547171503586,-0.686545334523498,0,-20.3262556736483,NA,0,-20.3253924206083,-0.686545334523498,NA,0,-19.3266836009989,-0.719121541910185,1,NA,0,-0.686547171503586,-0.686545334523498,-20.32626,3,3,3,3
"251,501,751",-0.7,3,39.6666090625314,NA,-0.680623329354851,-0.680630850448046,0,11.9201419926224,NA,0,11.9106460088923,-0.680630850448046,NA,0,11.9459124865315,-0.674275833389935,1,NA,0,-0.680623329354851,-0.680630850448046,11.92014,3,3,3,3
"251,501,751",-0.7,3,19.827706210353,NA,-0.686829415929908,-0.686823835734846,0,2.34320082061485,NA,0,2.34973245811516,-0.686823835734846,NA,0,2.64450530766437,-0.704350674277881,1,NA,0,-0.686829415929908,-0.686823835734846,2.3432,3,3,3,3
"251,501,751",-0.7,3,25.6393503147533,NA,-0.692309622776035,-0.692306659924701,0,5.76516742844389,NA,0,5.76904939714242,-0.692306659924701,NA,0,5.84140931729088,-0.683593466088645,1,NA,0,-0.692309622776035,-0.692306659924701,5.76517,3,3,3,3
"251,501,751",-0.7,3,15.8852373926363,NA,-0.69271931871775,-0.692715927542415,0,0.646769030224375,NA,0,0.651363733154336,-0.692715927542415,NA,0,2.96706627922818,-0.741759972398694,1,NA,0,-0.69271931871775,-0.692715927542415,0.64677,3,3,3,3
"251,501,751",-0.7,3,33.0297947289444,NA,-0.683796142333187,-0.683806551071544,0,8.17927487431863,NA,0,8.16607507310002,-0.683806551071544,4,1,10.242098110325,-0.689434479121757,1,NA,0,-0.683796142333187,-0.683806551071544,8.17927,3,3,2.247,3
"251,501,751",-0.7,3,-0.912083042326859,NA,-0.719720643210651,-0.719719938401917,0,-7.76604539705343,NA,0,-7.76601224366996,-0.719719938401917,990,1,-7.40746580690123,-0.708914459643774,1,NA,0,-0.719720643210651,-0.719719938401917,-7.76605,3,3,2.239,3
"251,501,751",-0.7,3,0.232910391553258,NA,-0.688961254113429,-0.688965980541608,0,-6.98440782569361,NA,0,-6.99146119714968,-0.688965980541608,NA,0,1.84124617731038,-0.592143543475469,1,NA,0,-0.688961254113429,-0.688965980541608,-6.98441,3,3,3,3
"251,501,751",-0.7,3,25.7659068351513,NA,-0.685768171940714,-0.685773626901171,0,5.68311403150584,NA,0,5.6758897516782,-0.685773626901171,NA,0,5.82333969001631,-0.698234484281086,1,NA,0,-0.685768171940714,-0.685773626901171,5.68311,3,3,3,3
"251,501,751",-0.7,3,19.0324206241987,NA,-0.695849157324364,-0.695846022241448,0,2.50017779185612,NA,0,2.50444169670774,-0.695846022241448,NA,0,2.5054266485791,-0.694814682775026,1,NA,0,-0.695849157324364,-0.695846022241448,2.50018,3,3,3,3
"251,501,751",-0.7,3,49.6741220503657,NA,-0.690852542213248,-0.690862771340545,0,17.7474594405936,NA,0,17.7333702555547,-0.690862771340545,NA,0,19.1100816836722,-0.652849205154472,1,NA,0,-0.690852542213248,-0.690862771340545,17.74746,3,3,3,3
"251,501,751",-0.7,3,60.137512115919,NA,-0.66941508387021,-0.669412710428634,0,21.8324603521869,NA,0,21.8344473251984,-0.669412710428634,NA,0,22.3822183051396,-0.693900373163998,1,NA,0,-0.66941508387021,-0.669412710428634,21.83246,3,3,3,3
"251,501,751",-0.7,3,-28.8478999096847,NA,-0.699204621556623,-0.699205647652509,0,-22.2511625114672,NA,0,-22.2529943017652,-0.699205647652509,NA,0,-21.4904347289123,-0.72689738593632,1,NA,0,-0.699204621556623,-0.699205647652509,-22.25116,3,3,3,3
"251,501,751",-0.7,3,19.4631482299729,NA,-0.63881987311946,-0.63884899771411,0,-2.4002990948966,NA,0,-2.43218390506504,-0.63884899771411,NA,0,1.55039991084978,-0.707305843175859,1,NA,0,-0.63881987311946,-0.63884899771411,-2.4003,3,3,3,3
"251,501,751",-0.7,3,62.2328611035791,NA,-0.668682519984898,-0.668688802250103,0,23.1275141650837,NA,0,23.1198711273181,-0.668688802250103,NA,0,24.9807920388495,-0.623169887525993,1,NA,0,-0.668682519984898,-0.668688802250103,23.12751,3,3,3,3
"251,501,751",-0.7,3,32.4382698488897,NA,-0.710397711844223,-0.710384675181955,0,8.9479221778335,NA,0,8.96632060628799,-0.710384675181955,NA,0,9.1047186351388,-0.698619229959712,1,NA,0,-0.710397711844223,-0.710384675181955,8.94792,3,3,3,3
"251,501,751",-0.7,3,66.9751849533865,NA,-0.711230055242337,-0.71121886814351,0,26.2266384967701,NA,0,26.2424108161459,-0.71121886814351,NA,0,26.6280205879386,-0.691643683132857,1,NA,0,-0.711230055242337,-0.71121886814351,26.22664,3,3,3,3
"251,501,751",-0.7,3,47.8485701330258,NA,-0.664962932497641,-0.664970486621155,0,15.1642348999482,NA,0,15.1541538926654,-0.664970486621155,NA,0,16.4836735525385,-0.626121632173136,1,NA,0,-0.664962932497641,-0.664970486621155,15.16423,3,3,3,3
"251,501,751",-0.7,3,31.3544688939642,NA,-0.653384627230856,-0.653383522134352,0,6.87213403643436,NA,0,6.8725687660034,-0.653383522134352,NA,0,8.97955097791862,-0.702608239063806,1,NA,0,-0.653384627230856,-0.653383522134352,6.87213,3,3,3,3
"251,501,751",-0.7,3,60.1939917731427,NA,-0.67150806191271,-0.67150888172632,0,22.4086869058601,NA,0,22.4073767179434,-0.67150888172632,NA,0,24.5358312622087,-0.719928362595281,1,NA,0,-0.67150806191271,-0.67150888172632,22.40869,3,3,3,3
"251,501,751",-0.7,3,2.43326469191833,NA,-0.699033499977124,-0.699038257391365,0,-5.92014553775063,NA,0,-5.92810941777889,-0.699038257391365,NA,0,-5.60364100854266,-0.680718348113954,1,NA,0,-0.699033499977124,-0.699038257391365,-5.92015,3,3,3,3
"251,501,751",-0.7,3,-50.9235132033936,NA,-0.720854888023614,-0.720851705617727,0,-32.9045388561897,NA,0,-32.8996507598433,-0.720851705617727,NA,0,-32.8938314312433,-0.718466727095912,1,NA,0,-0.720854888023614,-0.720851705617727,-32.90454,3,3,3,3
"251,501,751",-0.7,3,12.2788347507596,NA,-0.702857805194432,-0.702859797325197,0,-0.861319368094203,NA,0,-0.864422047069252,-0.702859797325197,NA,0,-0.812873867003223,-0.710066612006265,1,NA,0,-0.702857805194432,-0.702859797325197,-0.86132,3,3,3,3
"251,501,751",-0.7,3,49.4062807661023,NA,-0.676593273424971,-0.676603872118793,0,16.472936386757,NA,0,16.4596672016393,-0.676603872118793,NA,0,17.4411814748093,-0.643694596699157,1,NA,0,-0.676593273424971,-0.676603872118793,16.47294,3,3,3,3
"251,501,751",-0.7,3,-13.2392446558802,NA,-0.731910352982091,-0.731902882388642,0,-14.8781901570563,NA,0,-14.8668634466627,-0.731902882388642,NA,0,-14.8373101173102,-0.737082588673471,1,NA,0,-0.731910352982091,-0.731902882388642,-14.87819,3,3,3,3
"251,501,751",-0.7,3,45.1319444067547,NA,-0.704760669857195,-0.704757818682718,0,15.5207328783397,NA,0,15.5230138097102,-0.704757818682718,NA,0,15.9248934552483,-0.68459119689128,1,NA,0,-0.704760669857195,-0.704757818682718,15.52073,3,3,3,3
"251,501,751",-0.7,3,42.6958286316405,NA,-0.690589195519411,-0.690589975624834,0,14.3401879134346,NA,0,14.3356140828606,-0.690589975624834,NA,0,15.2591253621955,-0.721737854664622,1,NA,0,-0.690589195519411,-0.690589975624834,14.34019,3,3,3,3
"251,501,751",-0.7,3,62.4037898706001,NA,-0.698485069817015,-0.698467089255656,0,22.9997093226563,NA,0,23.0131237054025,-0.698467089255656,NA,0,23.4656911601902,-0.719826816224619,1,NA,0,-0.698485069817015,-0.698467089255656,22.99971,3,3,3,3
"251,501,751",-0.7,3,84.5006548051355,NA,-0.688297481698692,-0.688297327027953,0,35.2102315138153,NA,0,35.2102662175336,-0.688297327027953,NA,0,35.4748334400364,-0.704988920469592,1,NA,0,-0.688297481698692,-0.688297327027953,35.21023,3,3,3,3
"251,501,751",-0.7,3,53.711306773218,NA,-0.670929674643751,-0.670909494041509,0,17.7677198522236,NA,0,17.7872293099225,-0.670909494041509,NA,0,18.4364988994333,-0.697382042029238,1,NA,0,-0.670929674643751,-0.670909494041509,17.76772,3,3,3,3
"251,501,751",-0.7,3,2.04684438288285,NA,-0.721242479833948,-0.721233447677678,0,-6.61435398814883,NA,0,-6.60533013924131,-0.721233447677678,NA,0,-6.40880378863557,-0.70731988205745,1,NA,0,-0.721242479833948,-0.721233447677678,-6.61435,3,3,3,3
"251,501,751",-0.7,3,6.77469407898175,NA,-0.673065468505464,-0.673075880379004,0,-4.61881941905718,NA,0,-4.63134087775031,-0.673075880379004,NA,0,-0.669149926851827,-0.606961986418663,1,NA,0,-0.673065468505464,-0.673075880379004,-4.61882,3,3,3,3
"251,501,751",-0.7,3,23.2067984421014,NA,-0.69819328886167,-0.698190070479171,0,4.51917215423932,NA,0,4.52350788200769,-0.698190070479171,NA,0,4.52359685422865,-0.698444092675654,1,NA,0,-0.69819328886167,-0.698190070479171,4.51917,3,3,3,3
"251,501,751",-0.7,3,-72.7530015715221,56,-0.702288693925248,-0.706460419747816,1,-44.3897796596241,"55",1,-44.1885209171275,-0.706479172444089,55,1,-43.2030026590392,-0.735695291047068,1,56,1,-0.702288693925248,-0.706460419747816,-44.38978,2.195,2.196,2.196,2.195
"251,501,751",-0.7,3,45.7284999642537,NA,-0.688742646382588,-0.6887474482819,0,14.9285789676199,NA,0,14.921320349281,-0.6887474482819,NA,0,15.1467328832809,-0.673036925505156,1,NA,0,-0.688742646382588,-0.6887474482819,14.92858,3,3,3,3
"251,501,751",-0.7,3,66.2626184431994,NA,-0.746792865029764,-0.746807359147833,0,23.5034498149643,NA,0,23.4682862198746,-0.746807359147833,NA,0,23.6397479049968,-0.759053689917293,1,NA,0,-0.746792865029764,-0.746807359147833,23.50345,3,3,3,3
"251,501,751",-0.7,3,108.58154316561,NA,-0.711553474880479,-0.71155536691492,0,46.9352226876463,NA,0,46.9320140205538,-0.71155536691492,NA,0,46.9990767956537,-0.7033256363175,1,NA,0,-0.711553474880479,-0.71155536691492,46.93522,3,3,3,3
"251,501,751",-0.7,3,39.8805078619767,NA,-0.722440362074977,-0.72242969069534,0,11.8649014967748,NA,0,11.8779326653932,-0.72242969069534,NA,0,13.9126792808018,-0.678040141119352,1,NA,0,-0.722440362074977,-0.72242969069534,11.8649,3,3,3,3
"251,501,751",-0.7,3,57.1157954966616,NA,-0.709946392875208,-0.709951433876747,0,21.3937561579974,NA,0,21.3811302646625,-0.709951433876747,NA,0,23.050440172882,-0.669022621589862,1,NA,0,-0.709946392875208,-0.709951433876747,21.39376,3,3,3,3
"251,501,751",-0.7,3,-26.9577055611868,NA,-0.77101983853862,-0.771019593546008,0,-26.5613012134487,NA,0,-26.561451228205,-0.771019593546008,NA,0,-26.5360750969269,-0.775559574098466,1,NA,0,-0.77101983853862,-0.771019593546008,-26.5613,3,3,3,3
"251,501,751",-0.7,3,97.5766629772195,NA,-0.729885070384192,-0.729882852373461,0,40.8585749701918,NA,0,40.8616861079752,-0.729882852373461,NA,0,41.4940727161946,-0.705547114406081,1,NA,0,-0.729885070384192,-0.729882852373461,40.85857,3,3,3,3
"251,501,751",-0.7,3,59.9299400491437,NA,-0.728882534002771,-0.72888414346025,0,22.1667430362686,NA,0,22.1646228974424,-0.72888414346025,NA,0,22.2305332997827,-0.721020533812322,1,NA,0,-0.728882534002771,-0.72888414346025,22.16674,3,3,3,3
"251,501,751",-0.7,3,64.4029419777349,NA,-0.707479182614236,-0.707493923651666,0,24.5180137247913,NA,0,24.4855081970962,-0.707493923651666,NA,0,24.4927810498189,-0.704467516888613,1,NA,0,-0.707479182614236,-0.707493923651666,24.51801,3,3,3,3
"251,501,751",-0.7,3,6.20952931645801,NA,-0.678321616472897,-0.678333324983206,0,-4.62386212964044,NA,0,-4.63811617884541,-0.678333324983206,NA,0,-3.81876696821437,-0.707980707072578,1,NA,0,-0.678321616472897,-0.678333324983206,-4.62386,3,3,3,3
"251,501,751",-0.7,3,73.3194113614991,NA,-0.713602307813263,-0.713594585681139,0,29.4868922745543,NA,0,29.4988359722949,-0.713594585681139,NA,0,29.4992174107483,-0.714193221079942,1,NA,0,-0.713602307813263,-0.713594585681139,29.48689,3,3,3,3
"251,501,751",-0.7,3,18.5509983055512,NA,-0.732733762354097,-0.732722183627057,0,1.0019541504975,NA,0,1.02032352500856,-0.732722183627057,NA,0,1.22016503359356,-0.746284647152473,1,NA,0,-0.732733762354097,-0.732722183627057,1.00195,3,3,3,3
"251,501,751",-0.7,3,19.4804347830109,NA,-0.709293864520451,-0.709300627545923,0,2.54535798162166,NA,0,2.53383937066949,-0.709300627545923,NA,0,3.27645402667631,-0.736422486567888,1,NA,0,-0.709293864520451,-0.709300627545923,2.54536,3,3,3,3
"251,501,751",-0.7,3,-62.7475991531843,NA,-0.714484257413637,-0.714474379300024,0,-38.8603611794626,NA,0,-38.8457582486398,-0.714474379300024,NA,0,-38.8136297910842,-0.708770582564692,1,NA,0,-0.714484257413637,-0.714474379300024,-38.86036,3,3,3,3
"251,501,751",-0.7,3,59.5583513785708,NA,-0.733968426086525,-0.733985920078639,0,21.1245278943073,NA,0,21.0960300963518,-0.733985920078639,NA,0,23.7079053595173,-0.684650425716364,1,NA,0,-0.733968426086525,-0.733985920078639,21.12453,3,3,3,3
"251,501,751",-0.7,3,9.11933992591376,NA,-0.691433470147915,-0.691431715000966,0,-2.44700666193505,NA,0,-2.4445543180898,-0.691431715000966,NA,0,-2.02137498388964,-0.670399422436266,1,NA,0,-0.691433470147915,-0.691431715000966,-2.44701,3,3,3,3
"251,501,751",-0.7,3,58.092633381575,NA,-0.713487517604817,-0.71348523042936,0,21.9466295607857,NA,0,21.9509733228464,-0.71348523042936,NA,0,22.0191284380543,-0.705290833101271,1,NA,0,-0.713487517604817,-0.71348523042936,21.94663,3,3,3,3
"251,501,751",-0.7,3,35.8773755759995,NA,-0.708593671368809,-0.708593605386053,0,10.9336058695051,NA,0,10.9330334320789,-0.708593605386053,NA,0,10.9589500533955,-0.713673888150573,1,NA,0,-0.708593671368809,-0.708593605386053,10.93361,3,3,3,3
"251,501,751",-0.7,3,84.690882014164,NA,-0.655981193858256,-0.655981660726344,0,33.5445584809335,NA,0,33.5437160376531,-0.655981660726344,NA,0,34.7454234499189,-0.692952618445142,1,NA,0,-0.655981193858256,-0.655981660726344,33.54456,3,3,3,3
"251,501,751",-0.7,3,-12.1870262468023,NA,-0.726020564794911,-0.726020055642208,0,-13.733004142886,NA,0,-13.7324417241588,-0.726020055642208,NA,0,-12.5290512800434,-0.692246925188699,1,NA,0,-0.726020564794911,-0.726020055642208,-13.733,3,3,3,3
"251,501,751",-0.7,3,74.2465168870413,NA,-0.720909616258308,-0.720924711507318,0,29.5023922181459,NA,0,29.4807544319081,-0.720924711507318,NA,0,29.4866991591059,-0.723227020027119,1,NA,0,-0.720909616258308,-0.720924711507318,29.50239,3,3,3,3
"251,501,751",-0.7,3,47.6828848725533,NA,-0.6658689416353,-0.665825429041771,0,13.7743942758491,NA,0,13.8273893128862,-0.665825429041771,NA,0,13.9027060431581,-0.656047130481351,1,NA,0,-0.6658689416353,-0.665825429041771,13.77439,3,3,3,3
"251,501,751",-0.7,3,68.4020392363229,NA,-0.674679330937283,-0.674674517470147,0,26.4105203397594,NA,0,26.4165880324719,-0.674674517470147,NA,0,29.9281921446609,-0.736557012379371,1,NA,0,-0.674679330937283,-0.674674517470147,26.41052,3,3,3,3
"251,501,751",-0.7,3,7.40219491585845,NA,-0.694553441214726,-0.694543923696685,0,-3.65505326841632,NA,0,-3.64508756502856,-0.694543923696685,NA,0,-3.34313531920369,-0.712161868604438,1,NA,0,-0.694553441214726,-0.694543923696685,-3.65505,3,3,3,3
"251,501,751",-0.7,3,17.6783485083233,NA,-0.685696585028922,-0.685697647092688,0,1.73145675008879,NA,0,1.73021835653851,-0.685697647092688,NA,0,2.16119448237632,-0.707070812628522,1,NA,0,-0.685696585028922,-0.685697647092688,1.73146,3,3,3,3
"251,501,751",-0.7,3,6.37361464881932,NA,-0.679421385713458,-0.679414260428601,0,-4.40541544188323,NA,0,-4.39638600821372,-0.679414260428601,NA,0,-2.7565345207205,-0.637240002660038,1,NA,0,-0.679421385713458,-0.679414260428601,-4.40542,3,3,3,3
"251,501,751",-0.7,3,42.0330418698388,NA,-0.714718604983862,-0.714717984009824,0,13.6911842264151,NA,0,13.6895001864421,-0.714717984009824,NA,0,14.1661593195359,-0.693010904083284,1,NA,0,-0.714718604983862,-0.714717984009824,13.69118,3,3,3,3
"251,501,751",-0.7,3,11.2614561232716,NA,-0.723450815047621,-0.723451465503332,0,-1.85902032320663,NA,0,-1.85992854151246,-0.723451465503332,NA,0,-1.77559798524559,-0.732415843682242,1,NA,0,-0.723450815047621,-0.723451465503332,-1.85902,3,3,3,3
"251,501,751",-0.7,3,48.8352993123513,NA,-0.680545752367287,-0.680542924497026,0,16.993705007332,NA,0,16.9973012290832,-0.680542924497026,NA,0,17.0107407915025,-0.684293197090573,1,NA,0,-0.680545752367287,-0.680542924497026,16.99371,3,3,3,3
"251,501,751",-0.7,3,28.6999531894709,NA,-0.729870543378686,-0.729866825417563,0,6.18491615255294,NA,0,6.18758982090455,-0.729866825417563,NA,0,6.25554208470301,-0.721808268602922,1,NA,0,-0.729870543378686,-0.729866825417563,6.18492,3,3,3,3
"251,501,751",-0.7,3,-20.7657889002338,NA,-0.69298501124413,-0.692974875321727,0,-17.6368967910925,NA,0,-17.6260365418141,-0.692974875321727,NA,0,-17.3252783738849,-0.710621173104116,1,NA,0,-0.69298501124413,-0.692974875321727,-17.6369,3,3,3,3
"251,501,751",-0.7,3,58.3872571185261,NA,-0.666207546996968,-0.666201458233516,0,19.932151599457,NA,0,19.9395746027809,-0.666201458233516,NA,0,20.4441184266273,-0.689509646705326,1,NA,0,-0.666207546996968,-0.666201458233516,19.93215,3,3,3,3
"251,501,751",-0.7,3,13.3892715726537,NA,-0.718332828103815,-0.718331537820422,0,-0.568971291521085,NA,0,-0.567127157626319,-0.718331537820422,NA,0,-0.564821046023714,-0.719824999261153,1,NA,0,-0.718332828103815,-0.718331537820422,-0.56897,3,3,3,3
"251,501,751",-0.7,3,16.5545447782742,NA,-0.690734608165935,-0.690737088312461,0,0.966971314777894,NA,0,0.963727060434947,-0.690737088312461,NA,0,4.80302406597976,-0.627146956547942,1,NA,0,-0.690734608165935,-0.690737088312461,0.96697,3,3,3,3
"251,501,751",-0.7,3,15.6891594379644,NA,-0.692294237650633,-0.692302912917927,0,0.645222612302681,NA,0,0.634097076264633,-0.692302912917927,NA,0,3.44371886429603,-0.638031930527451,1,NA,0,-0.692294237650633,-0.692302912917927,0.64522,3,3,3,3
"251,501,751",-0.7,3,73.3403928770868,NA,-0.728487736614838,-0.728520201343746,0,26.7767772299254,NA,0,26.7236702964416,-0.728520201343746,NA,0,27.0135179013647,-0.744352500098066,1,NA,0,-0.728487736614838,-0.728520201343746,26.77678,3,3,3,3
"251,501,751",-0.7,3,44.7685439940885,NA,-0.698278574422014,-0.698268331329113,0,15.2429244236962,NA,0,15.2550306282045,-0.698268331329113,NA,0,15.4895418103597,-0.682705715997855,1,NA,0,-0.698278574422014,-0.698268331329113,15.24292,3,3,3,3
"251,501,751",-0.7,3,29.6972427824241,NA,-0.708763815532824,-0.708763073986062,0,7.86144136143562,NA,0,7.86136536131854,-0.708763073986062,NA,0,8.38975541025593,-0.731738739911901,1,NA,0,-0.708763815532824,-0.708763073986062,7.86144,3,3,3,3
"251,501,751",-0.7,3,8.2535407054676,NA,-0.663087546910191,-0.663086284802338,0,-4.11124409906945,NA,0,-4.10990314246319,-0.663086284802338,NA,0,-2.49992668409713,-0.705569600573429,1,NA,0,-0.663087546910191,-0.663086284802338,-4.11124,3,3,3,3
"251,501,751",-0.7,3,37.9780882045073,NA,-0.674957646118025,-0.674956541394887,0,11.3709381784549,NA,0,11.371493075399,-0.674956541394887,NA,0,12.1054787271184,-0.646619322754482,1,NA,0,-0.674957646118025,-0.674956541394887,11.37094,3,3,3,3
"251,501,751",-0.7,3,1.87146853567179,NA,-0.663955007847158,-0.66395789636082,0,-7.2647194722822,NA,0,-7.26890610828315,-0.66395789636082,NA,0,-5.98284624720552,-0.70194170466704,1,NA,0,-0.663955007847158,-0.66395789636082,-7.26472,3,3,3,3
"251,501,751",-0.7,3,62.1660160316349,NA,-0.705612960776958,-0.705619748264964,0,22.2732473333992,NA,0,22.264003517162,-0.705619748264964,NA,0,22.2655861438489,-0.703695146868133,1,NA,0,-0.705612960776958,-0.705619748264964,22.27325,3,3,3,3
"251,501,751",-0.7,3,-12.2890929643229,NA,-0.721970251966873,-0.72197250296054,0,-13.5702652401207,NA,0,-13.5736691514765,-0.72197250296054,NA,0,-13.3268907830069,-0.737338892267886,1,NA,0,-0.721970251966873,-0.72197250296054,-13.57027,3,3,3,3
"251,501,751",-0.7,3,76.9167675717157,NA,-0.71164903039607,-0.711652891098343,0,31.3677286854586,NA,0,31.3625186116161,-0.711652891098343,NA,0,31.3630135403914,-0.712335384357119,1,NA,0,-0.71164903039607,-0.711652891098343,31.36773,3,3,3,3
"251,501,751",-0.7,3,-17.7085825955094,NA,-0.681634018156327,-0.68163666324528,0,-16.3301771827947,NA,0,-16.3356754380697,-0.68163666324528,NA,0,-16.3041672940738,-0.675743941216591,1,NA,0,-0.681634018156327,-0.68163666324528,-16.33018,3,3,3,3
"251,501,751",-0.7,3,12.1069333178195,NA,-0.702390459064664,-0.70238864361486,0,-0.914619596770868,NA,0,-0.91756141966462,-0.70238864361486,NA,0,-0.710099071500289,-0.687793534115754,1,NA,0,-0.702390459064664,-0.70238864361486,-0.91462,3,3,3,3
"251,501,751",-0.7,3,135.53683066848,NA,-0.722419552740114,-0.722413173772567,0,60.0803512393006,NA,0,60.0866345050219,-0.722413173772567,NA,0,62.1145922399222,-0.67818090918329,1,NA,0,-0.722419552740114,-0.722413173772567,60.08035,3,3,3,3
"251,501,751",-0.7,3,-6.0638577298794,NA,-0.698216527012237,-0.69821654025295,0,-9.94330686045002,NA,0,-9.94332665839476,-0.69821654025295,NA,0,-9.73039295930084,-0.683441311365336,1,NA,0,-0.698216527012237,-0.69821654025295,-9.94331,3,3,3,3
"251,501,751",-0.7,3,-28.1461422285741,NA,-0.662181726569651,-0.662174172232146,0,-22.3900491935864,NA,0,-22.3809504981586,-0.662174172232146,NA,0,-22.1838167529289,-0.677031131879952,1,NA,0,-0.662181726569651,-0.662174172232146,-22.39005,3,3,3,3
"251,501,751",-0.7,3,-7.53810504839726,NA,-0.695581888014401,-0.695580659824881,0,-10.7309830165053,NA,0,-10.729273565261,-0.695580659824881,NA,0,-10.7111170073053,-0.691241166139653,1,NA,0,-0.695581888014401,-0.695580659824881,-10.73098,3,3,3,3
"251,501,751",-0.7,3,100.948175066505,NA,-0.680839966734854,-0.680825355446916,0,42.9464936316449,NA,0,42.9616446658478,-0.680825355446916,NA,0,44.1404138630349,-0.716410595222853,1,NA,0,-0.680839966734854,-0.680825355446916,42.94649,3,3,3,3
"251,501,751",-0.7,3,32.2263127064944,NA,-0.728925687472757,-0.72893881260104,0,8.15828814002026,NA,0,8.13856728331321,-0.72893881260104,NA,0,12.5466120113538,-0.664449802533194,1,NA,0,-0.728925687472757,-0.72893881260104,8.15829,3,3,3,3
"251,501,751",-0.7,3,-3.97263376544838,NA,-0.681763265560524,-0.68177497993834,0,-10.1114388456293,NA,0,-10.1261286197108,-0.68177497993834,NA,0,-10.0666020639372,-0.689474313967509,1,NA,0,-0.681763265560524,-0.68177497993834,-10.11144,3,3,3,3
"251,501,751",-0.7,3,44.2987779968824,NA,-0.727773750176608,-0.727774869819587,0,13.2330689264111,NA,0,13.2304762373533,-0.727774869819587,NA,0,14.9656456430163,-0.686924054442624,1,NA,0,-0.727773750176608,-0.727774869819587,13.23307,3,3,3,3
"251,501,751",-0.7,3,0.14952041827954,NA,-0.705310705493112,-0.705311494359473,0,-7.05453491068547,NA,0,-7.05653629927731,-0.705311494359473,NA,0,-6.81400847461829,-0.689617584165437,1,NA,0,-0.705310705493112,-0.705311494359473,-7.05453,3,3,3,3
"251,501,751",-0.7,3,87.8908248242366,NA,-0.677727489603627,-0.677727791904859,0,36.500132731748,NA,0,36.4995339613144,-0.677727791904859,NA,0,39.2156925697154,-0.6234199810384,1,NA,0,-0.677727489603627,-0.677727791904859,36.50013,3,3,3,3
"251,501,751",-0.7,3,-34.0111828627235,NA,-0.660945308778753,-0.660941234681583,0,-25.2851472843196,NA,0,-25.2831053789874,-0.660941234681583,NA,0,-24.5960305669131,-0.633067305628969,1,NA,0,-0.660945308778753,-0.660941234681583,-25.28515,3,3,3,3
"251,501,751",-0.7,3,121.010517700395,NA,-0.690415925370993,-0.690399044128984,0,52.9614195442612,NA,0,52.9827270392346,-0.690399044128984,NA,0,54.7597292477588,-0.733546807717007,1,NA,0,-0.690415925370993,-0.690399044128984,52.96142,3,3,3,3
"251,501,751",-0.7,3,13.0713215008436,NA,-0.680285290748456,-0.680285500149535,0,-0.954712829914495,NA,0,-0.955047518195288,-0.680285500149535,NA,0,-0.118381172402346,-0.710213302222643,1,NA,0,-0.680285290748456,-0.680285500149535,-0.95471,3,3,3,3
"251,501,751",-0.7,3,-29.9885675657912,NA,-0.678505262684483,-0.678512719727756,0,-23.0386027259292,NA,0,-23.047897326607,-0.678512719727756,NA,0,-20.3747538845962,-0.732110987711552,2,NA,0,-0.678505391641954,-0.678512719727756,-23.03861,3,3,3,3
"251,501,751",-0.7,3,-34.7494282371506,NA,-0.68125183715738,-0.681262068800576,0,-25.3398612083099,NA,0,-25.3581132565119,-0.681262068800576,NA,0,-25.3422494079199,-0.676837685650283,1,NA,0,-0.68125183715738,-0.681262068800576,-25.33986,3,3,3,3
"251,501,751",-0.7,3,64.5392666561172,NA,-0.716704582448105,-0.716701755367346,0,24.9364075186729,NA,0,24.9393515861816,-0.716701755367346,NA,0,25.0164961830156,-0.725341000281404,1,NA,0,-0.716704582448105,-0.716701755367346,24.93641,3,3,3,3
"251,501,751",-0.7,3,89.2806167159936,NA,-0.714411557733109,-0.714416719045858,0,37.1096831220408,NA,0,37.1021552558431,-0.714416719045858,NA,0,37.1338967786153,-0.708718295223319,1,NA,0,-0.714411557733109,-0.714416719045858,37.10968,3,3,3,3
"251,501,751",-0.7,3,-42.2112695321528,NA,-0.7224201392596,-0.722414026984546,0,-29.6651234245024,NA,0,-29.6598390878246,-0.722414026984546,NA,0,-27.8564287284975,-0.763838053847307,1,NA,0,-0.7224201392596,-0.722414026984546,-29.66512,3,3,3,3
"251,501,751",-0.7,3,40.7216234497193,NA,-0.714623471303365,-0.714615620197188,0,13.110073355999,NA,0,13.120486756884,-0.714615620197188,NA,0,13.5760377782527,-0.735717787666564,1,NA,0,-0.714623471303365,-0.714615620197188,13.11007,3,3,3,3
"251,501,751",-0.7,3,58.3069398873337,NA,-0.69264524494788,-0.692662529781454,0,21.6063136802005,NA,0,21.5835911382727,-0.692662529781454,NA,0,21.5854284807075,-0.693861309735678,1,NA,0,-0.69264524494788,-0.692662529781454,21.60631,3,3,3,3
"251,501,751",-0.7,3,-24.2999065657703,NA,-0.700249315581917,-0.700238862887189,0,-19.4253622621092,NA,0,-19.4169469465626,-0.700238862887189,NA,0,-16.488660150788,-0.645214689161464,1,NA,0,-0.700249315581917,-0.700238862887189,-19.42536,3,3,3,3
"251,501,751",-0.7,3,69.1881106726103,NA,-0.727692390918178,-0.727689328288385,0,26.7191973735034,NA,0,26.7197196866417,-0.727689328288385,NA,0,26.7433360840748,-0.732392604393299,1,NA,0,-0.727692390918178,-0.727689328288385,26.7192,3,3,3,3
"251,501,751",-0.7,3,42.1868517959523,NA,-0.697136775505126,-0.697136721373001,0,14.165457321544,NA,0,14.1640703874745,-0.697136721373001,NA,0,14.1842790553559,-0.69256706189413,1,NA,0,-0.697136775505126,-0.697136721373001,14.16546,3,3,3,3
"251,501,751",-0.7,3,-20.5781457488482,NA,-0.679883845031545,-0.679891178497227,0,-18.2340835434024,NA,0,-18.2443891129926,-0.679891178497227,NA,0,-17.8753244603259,-0.69960867798479,1,NA,0,-0.679883845031545,-0.679891178497227,-18.23408,3,3,3,3
"251,501,751",-0.7,3,10.3233067044771,NA,-0.676111939751097,-0.676111488691543,0,-2.27358866383534,NA,0,-2.27305272176508,-0.676111488691543,NA,0,-0.11792810049028,-0.627672899880296,1,NA,0,-0.676111939751097,-0.676111488691543,-2.27359,3,3,3,3
"251,501,751",-0.7,3,37.1791904931049,NA,-0.665234130963776,-0.665211985157728,0,9.287166692828,NA,0,9.31316722490686,-0.665211985157728,NA,0,10.1589170441232,-0.695578137184811,1,NA,0,-0.665234130963776,-0.665211985157728,9.28717,3,3,3,3
"251,501,751",-0.7,3,58.0118906489173,NA,-0.644802357671127,-0.64480930051076,0,19.1081145098513,NA,0,19.100384125323,-0.64480930051076,NA,0,20.0390692908229,-0.611528101388929,1,NA,0,-0.644802357671127,-0.64480930051076,19.10811,3,3,3,3
"251,501,751",-0.7,3,22.134756716306,NA,-0.659157386528289,-0.659153508120873,0,2.67531419138618,NA,0,2.68038636070171,-0.659153508120873,NA,0,5.10917195465701,-0.71172231658414,1,NA,0,-0.659157386528289,-0.659153508120873,2.67531,3,3,3,3
"251,501,751",-0.7,3,-46.3573713726696,NA,-0.70026548659316,-0.700266348600471,0,-31.1103889090091,NA,0,-31.1125053045722,-0.700266348600471,NA,0,-30.1467175167973,-0.668551810611477,1,NA,0,-0.70026548659316,-0.700266348600471,-31.11039,3,3,3,3
"251,501,751",-0.7,3,34.6004812412127,NA,-0.687432793024564,-0.687433119297827,0,10.2419065119501,NA,0,10.2412871401428,-0.687433119297827,NA,0,13.1076435961621,-0.742501483797721,1,NA,0,-0.687432793024564,-0.687433119297827,10.24191,3,3,3,3
"251,501,751",-0.7,3,-5.01798494018063,NA,-0.654875136492957,-0.654876132163351,0,-11.3878255019613,NA,0,-11.3889420152233,-0.654876132163351,NA,0,-11.2957130996743,-0.644495697168459,1,NA,0,-0.654875136492957,-0.654876132163351,-11.38783,3,3,3,3
"251,501,751",-0.7,3,21.7109531642807,NA,-0.737900756281228,-0.737895786752446,0,2.22855746061572,NA,0,2.23567410397261,-0.737895786752446,NA,0,2.28971007935429,-0.744883999844322,1,NA,0,-0.737900756281228,-0.737895786752446,2.22856,3,3,3,3
"251,501,751",-0.7,3,-4.17458596828051,NA,-0.716431472882185,-0.716422825984048,0,-9.557766731911,NA,0,-9.54465980266921,-0.716422825984048,NA,0,-9.36246119185613,-0.729668592213445,1,NA,0,-0.716431472882185,-0.716422825984048,-9.55777,3,3,3,3
"251,501,751",-0.7,3,44.6744220301478,NA,-0.709029897104095,-0.709030761440236,0,15.2307430931557,NA,0,15.2285303697464,-0.709030761440236,NA,0,15.2294601999357,-0.709951513070404,1,NA,0,-0.709029897104095,-0.709030761440236,15.23074,3,3,3,3
"251,501,751",-0.7,3,-42.9060942635258,NA,-0.65519082471916,-0.655188373345222,0,-30.126687947797,NA,0,-30.1251083987586,-0.655188373345222,NA,0,-29.7264343028927,-0.676537305325881,1,NA,0,-0.65519082471916,-0.655188373345222,-30.12669,3,3,3,3
"251,501,751",-0.7,3,91.2375880251834,NA,-0.651621712749483,-0.651612114621615,0,36.4954767240013,NA,0,36.5067422780673,-0.651612114621615,NA,0,38.6161516595085,-0.602236243373336,1,NA,0,-0.651621712749483,-0.651612114621615,36.49548,3,3,3,3
"251,501,751",-0.7,3,45.6948937933268,NA,-0.683285484865258,-0.683281249539485,0,15.5978730394115,"",0,15.6027014321791,-0.683281249539485,NA,0,15.6427268877319,-0.689799595069877,1,NA,0,-0.683285484865258,-0.683281249539485,15.59787,3,3,3,3
"251,501,751",-0.7,3,77.4414860618216,NA,-0.694191850830727,-0.694206935784455,0,30.3970499276082,"",0,30.3764528631267,-0.694206935784455,NA,0,31.3886847370686,-0.661344219351244,1,NA,0,-0.694191850830727,-0.694206935784455,30.39705,3,3,3,3
"251,501,751",-0.7,3,47.3723679850533,NA,-0.720625435279765,-0.720628257269261,0,16.3188071595776,"",0,16.3123056118681,-0.720628257269261,NA,0,17.7408251552543,-0.683500646300104,1,NA,0,-0.720625435279765,-0.720628257269261,16.31881,3,3,3,3
"251,501,751",-0.7,3,39.6982037830575,NA,-0.718944949557909,-0.718927623487857,0,11.9459336820751,"62",1,10.974050237191,-0.724053117838333,63,1,11.4170618380198,-0.701624556316855,1,NA,0,-0.718944949557909,-0.718927623487857,11.94593,3,2.189,2.188,3
"251,501,751",-0.7,3,-24.6076202924674,NA,-0.727587344552602,-0.727580214181606,0,-20.0010520671574,"",0,-20.0006197517903,-0.727580214181606,NA,0,-19.8919598268404,-0.737806059665337,1,NA,0,-0.727587344552602,-0.727580214181606,-20.00105,3,3,3,3
"251,501,751",-0.7,3,-59.2906714934183,NA,-0.714552154430548,-0.714553580886187,0,-36.9913899292455,"",0,-36.9942323343063,-0.714553580886187,NA,0,-36.7005123230572,-0.73144689811988,1,NA,0,-0.714552154430548,-0.714553580886187,-36.99139,3,3,3,3
"251,501,751",-0.7,3,33.5643081543815,NA,-0.695928999709296,-0.695927534567377,0,9.77848430580758,"",0,9.78049994454649,-0.695927534567377,NA,0,10.1847085423143,-0.716327597223277,1,NA,0,-0.695928999709296,-0.695927534567377,9.77848,3,3,3,3
"251,501,751",-0.7,3,-8.81053025028551,NA,-0.686489323319537,-0.686486756112418,0,-11.6160075683038,"",0,-11.6148881326433,-0.686486756112418,NA,0,-10.4858368507058,-0.721104954377897,1,NA,0,-0.686489323319537,-0.686486756112418,-11.61601,3,3,3,3
"251,501,751",-0.7,3,10.6617714780081,NA,-0.694436339086193,-0.694427153682227,0,-1.71122648602049,"",0,-1.70671097705752,-0.694427153682227,NA,0,-1.70638809964264,-0.69500107299951,1,NA,0,-0.694436339086193,-0.694427153682227,-1.71123,3,3,3,3
"251,501,751",-0.7,3,52.823949239663,NA,-0.675327605903884,-0.675326838698982,0,18.9231734320157,"",0,18.9238341467851,-0.675326838698982,NA,0,21.686037834814,-0.620400276847789,1,NA,0,-0.675327605903884,-0.675326838698982,18.92317,3,3,3,3
"251,501,751",-0.7,3,41.0675712370922,NA,-0.6795909366696,-0.679593135764183,0,13.2070705910763,"",0,13.20440902323,-0.679593135764183,NA,0,13.2047219253514,-0.679000720150564,1,NA,0,-0.6795909366696,-0.679593135764183,13.20707,3,3,3,3
"251,501,751",-0.7,3,-26.1581225982277,NA,-0.662892197148724,-0.662892637526751,0,-24.1513689375882,"",0,-24.1516127925674,-0.662892637526751,NA,0,-24.1452003920729,-0.664836810196879,1,NA,0,-0.662892197148724,-0.662892637526751,-24.15137,3,3,3,3
"251,501,751",-0.7,3,122.910003161352,NA,-0.720665616470493,-0.720664277408773,0,54.0310146996765,"",0,54.0329489386236,-0.720664277408773,NA,0,54.0495911652647,-0.72464587258681,1,NA,0,-0.720665616470493,-0.720664277408773,54.03101,3,3,3,3
"251,501,751",-0.7,3,-22.0826699764601,NA,-0.674814589423019,-0.674811315879819,0,-18.5770957478028,"",0,-18.5731982077158,-0.674811315879819,NA,0,-17.907973981844,-0.701730307970735,1,NA,0,-0.674814589423019,-0.674811315879819,-18.5771,3,3,3,3
"251,501,751",-0.7,3,-29.0553185224255,NA,-0.732131293442003,-0.73212834242479,0,-22.5437884965919,"",0,-22.5437147345187,-0.73212834242479,NA,0,-22.4085929263283,-0.743370008256179,1,NA,0,-0.732131293442003,-0.73212834242479,-22.54379,3,3,3,3
"251,501,751",-0.7,3,40.216134389406,NA,-0.722220884057447,-0.72222238899193,0,12.3016398504268,"",0,12.2994391288011,-0.72222238899193,NA,0,13.7759955890517,-0.759728076347852,1,NA,0,-0.722220884057447,-0.72222238899193,12.30164,3,3,3,3
"251,501,751",-0.7,3,-7.84068132861225,NA,-0.694423113679259,-0.694443043207894,0,-11.2977280447961,"",0,-11.3233321269648,-0.694443043207894,NA,0,-11.1873177601376,-0.706192694451085,1,NA,0,-0.694423113679259,-0.694443043207894,-11.29773,3,3,3,3
"251,501,751",-0.7,3,-26.6384881543341,NA,-0.719421423723471,-0.719418609294054,0,-20.6723317911349,"",0,-20.6688643223735,-0.719418609294054,NA,0,-20.3106654646088,-0.738008132168745,1,NA,0,-0.719421423723471,-0.719418609294054,-20.67233,3,3,3,3
"251,501,751",-0.7,3,-6.56470346323544,NA,-0.719916287795274,-0.719932498678181,0,-11.7319255779659,"153,207",2,-6.42651883409543,-0.724263696699984,NA,0,-11.4311580218707,-0.737297751697878,1,NA,0,-0.719916287795274,-0.719932498678181,-11.73193,3,1.142,3,3
"251,501,751",-0.7,3,-26.1128007392354,NA,-0.688188931081769,-0.688173070717708,0,-22.25635025413,"",0,-22.2381566237445,-0.688173070717708,NA,0,-14.5688620037898,-0.597205453796591,1,NA,0,-0.688188931081769,-0.688173070717708,-22.25635,3,3,3,3
"251,501,751",-0.7,3,4.60652947462186,NA,-0.730364613976118,-0.730377006325437,0,-6.23131619944766,NA,0,-6.25335896503935,-0.730377006325437,NA,0,-5.22783790667352,-0.761145810383803,1,NA,0,-0.730364613976118,-0.730377006325437,-6.23132,3,3,3,3
"251,501,751",-0.7,3,-33.6419270247802,NA,-0.673833531950922,-0.67383008266433,0,-25.4705924364336,NA,0,-25.4664084729452,-0.67383008266433,NA,0,-24.2824793020554,-0.7094744141229,1,NA,0,-0.673833531950922,-0.67383008266433,-25.47059,3,3,3,3
"251,501,751",-0.7,3,86.2522603379506,NA,-0.740138828395421,-0.740149879859001,0,33.6453078318995,NA,0,33.6276119316048,-0.740149879859001,NA,0,33.9939142068342,-0.758130673108771,1,NA,0,-0.740138828395421,-0.740149879859001,33.64531,3,3,3,3
"251,501,751",-0.7,3,41.9121994792137,NA,-0.711288384387725,-0.711288771933159,0,13.8262083513463,NA,0,13.8208367251366,-0.711288771933159,NA,0,13.9383161838218,-0.700431835595844,1,NA,0,-0.711288384387725,-0.711288771933159,13.82621,3,3,3,3
"251,501,751",-0.7,3,9.26720474755731,NA,-0.697277637270143,-0.697280766336184,0,-2.2926560158137,NA,0,-2.29650414752667,-0.697280766336184,NA,0,-1.58580550366673,-0.724309971918974,1,NA,0,-0.697277637270143,-0.697280766336184,-2.29266,3,3,3,3
"251,501,751",-0.7,3,56.9804002939102,NA,-0.679017457702649,-0.679020432091803,0,21.1622704192543,NA,0,21.158881744264,-0.679020432091803,NA,0,21.1918510586723,-0.673051679273526,1,NA,0,-0.679017457702649,-0.679020432091803,21.16227,3,3,3,3
"251,501,751",-0.7,3,11.6992483988282,NA,-0.674997707670021,-0.674996091830832,0,-1.68048678823389,NA,0,-1.67975999804874,-0.674996091830832,NA,0,-1.30596634721655,-0.695188254442363,1,NA,0,-0.674997707670021,-0.674996091830832,-1.68049,3,3,3,3
"251,501,751",-0.7,3,3.00490349038644,NA,-0.678406120667522,-0.678421623867916,0,-6.46588599832641,NA,0,-6.4848785134518,-0.678421623867916,NA,0,-6.27057198197815,-0.693433587485876,1,NA,0,-0.678406120667522,-0.678421623867916,-6.46589,3,3,3,3
"251,501,751",-0.7,3,-16.3386147481246,NA,-0.689646129580416,-0.689648675618776,0,-15.3718265346952,NA,0,-15.3753261011461,-0.689648675618776,NA,0,-15.1007399579663,-0.706574649062558,1,NA,0,-0.689646129580416,-0.689648675618776,-15.37183,3,3,3,3
"251,501,751",-0.7,3,-32.0242489432572,NA,-0.678111676882796,-0.678105968607583,0,-23.3549273202455,NA,0,-23.3561230914036,-0.678105968607583,NA,0,-23.0651287333102,-0.660255928713201,1,NA,0,-0.678111676882796,-0.678105968607583,-23.35493,3,3,3,3
"251,501,751",-0.7,3,41.7676120816936,NA,-0.708655870175785,-0.708633719640415,0,13.4040165468352,NA,0,13.4306675012707,-0.708633719640415,NA,0,13.4468199242344,-0.704516106923956,1,NA,0,-0.708655870175785,-0.708633719640415,13.40402,3,3,3,3
"251,501,751",-0.7,3,-43.6174564312496,NA,-0.69664811525525,-0.696639200215103,0,-29.6304138184314,NA,0,-29.6183139059965,-0.696639200215103,NA,0,-24.4799141752021,-0.623469517355348,1,NA,0,-0.69664811525525,-0.696639200215103,-29.63041,3,3,3,3
"251,501,751",-0.7,3,-7.92797636283742,NA,-0.696040435943193,-0.69604317733459,0,-10.9584853999438,NA,0,-10.9622412268916,-0.69604317733459,NA,0,-10.8110274088701,-0.708519285689095,1,NA,0,-0.696040435943193,-0.69604317733459,-10.95849,3,3,3,3
"251,501,751",-0.7,3,-52.6551762860299,NA,-0.718327309558061,-0.718327385000473,0,-33.5892636293638,NA,0,-33.5896316581005,-0.718327385000473,NA,0,-33.0483249118338,-0.69542311897125,1,NA,0,-0.718327309558061,-0.718327385000473,-33.58926,3,3,3,3
"251,501,751",-0.7,3,-28.1149137434887,NA,-0.704844594124124,-0.704824946018867,0,-21.7456174825372,NA,0,-21.7173841530515,-0.704824946018867,NA,0,-20.0178934223594,-0.663200005069,1,NA,0,-0.704844594124124,-0.704824946018867,-21.74562,3,3,3,3
"251,501,751",-0.7,3,8.55075198236926,NA,-0.699326935872848,-0.699323569748395,0,-2.71982337345752,NA,0,-2.71526560857273,-0.699323569748395,NA,0,-2.71091919243935,-0.701406379673153,1,NA,0,-0.699326935872848,-0.699323569748395,-2.71982,3,3,3,3
"251,501,751",-0.7,3,54.5320983793164,NA,-0.713790343912161,-0.71377515670943,0,19.6739829173334,NA,0,19.6949972937881,-0.71377515670943,NA,0,19.9147407052955,-0.698970961520602,1,NA,0,-0.713790343912161,-0.71377515670943,19.67398,3,3,3,3
"251,501,751",-0.7,3,31.9638031355858,NA,-0.686767977895544,-0.686801555779349,0,3.93242175499656,NA,0,3.88996315839694,-0.686801555779349,NA,0,5.08923355518347,-0.649605670319982,1,NA,0,-0.686767977895544,-0.686801555779349,3.93242,3,3,3,3
"251,501,751",-0.7,3,71.3769581030115,NA,-0.709011302095736,-0.709010702683223,0,28.5409833617945,NA,0,28.5418730393962,-0.709010702683223,NA,0,28.8792590702437,-0.69064297517552,1,NA,0,-0.709011302095736,-0.709010702683223,28.54098,3,3,3,3
"251,501,751",-0.7,3,41.8974877411601,NA,-0.691160805653993,-0.691162555122449,0,13.8203662179378,NA,0,13.8163669541573,-0.691162555122449,NA,0,16.0331925756979,-0.642815297004244,1,NA,0,-0.691160805653993,-0.691162555122449,13.82037,3,3,3,3
"251,501,751",-0.7,3,120.919282556478,NA,-0.698417479240366,-0.698398867204353,0,53.1291672845631,NA,0,53.154037946689,-0.698398867204353,NA,0,53.2760632316088,-0.687120677196067,1,NA,0,-0.698417479240366,-0.698398867204353,53.12917,3,3,3,3
"251,501,751",-0.7,3,-8.02557611695202,NA,-0.682763880885132,-0.682758869654992,0,-11.4071973794108,NA,0,-11.4015689152901,-0.682758869654992,NA,0,-10.8308723231622,-0.707410106648905,1,NA,0,-0.682763880885132,-0.682758869654992,-11.4072,3,3,3,3
"251,501,751",-0.7,3,-2.58723068511618,NA,-0.698087669926064,-0.698096483827782,0,-8.25803487969718,NA,0,-8.26864043777454,-0.698096483827782,NA,0,-7.4205546631457,-0.727600157407969,1,NA,0,-0.698087669926064,-0.698096483827782,-8.25803,3,3,3,3
"251,501,751",-0.7,3,129.329953309756,NA,-0.665008831305542,-0.66500458111331,0,56.5779702468237,NA,0,56.5830298758987,-0.66500458111331,NA,0,60.5032102801711,-0.598726557381837,1,NA,0,-0.665008831305542,-0.66500458111331,56.57797,3,3,3,3
"251,501,751",-0.7,3,39.0401282315949,NA,-0.728870372845269,-0.728865923426163,0,11.7324161164396,NA,0,11.7323854505815,-0.728865923426163,NA,0,11.7424394069308,-0.731953331095454,1,NA,0,-0.728870372845269,-0.728865923426163,11.73242,3,3,3,3
"251,501,751",-0.7,3,76.2520304345588,NA,-0.661223944075058,-0.661224968736412,0,29.8246090878352,NA,0,29.8233515500661,-0.661224968736412,NA,0,30.1134539649599,-0.67928418818105,1,NA,0,-0.661223944075058,-0.661224968736412,29.82461,3,3,3,3
"251,501,751",-0.7,3,27.3228233252164,NA,-0.665831909910744,-0.665829093182524,0,5.28234979621856,NA,0,5.28440812300836,-0.665829093182524,NA,0,5.44938172699336,-0.679261788282549,1,NA,0,-0.665831909910744,-0.665829093182524,5.28235,3,3,3,3
"251,501,751",-0.7,3,-19.7268585327404,NA,-0.701266794546414,-0.701274907084893,0,-17.7377080648739,NA,0,-17.7496410273389,-0.701274907084893,NA,0,-17.4638209798449,-0.718020216773524,1,NA,0,-0.701266794546414,-0.701274907084893,-17.73771,3,3,3,3
"251,501,751",-0.7,3,103.39443574349,NA,-0.698973982792732,-0.698995538954097,0,42.4307394527544,NA,0,42.4020214514623,-0.698995538954097,NA,0,42.8424978658106,-0.71953748979901,1,NA,0,-0.698973982792732,-0.698995538954097,42.43074,3,3,3,3
"251,501,751",-0.7,3,-47.7406101953754,NA,-0.692795998815262,-0.692797629587577,0,-30.940009540434,NA,0,-30.9425119286087,-0.692797629587577,NA,0,-30.6740360024073,-0.709491881527474,1,NA,0,-0.692795998815262,-0.692797629587577,-30.94001,3,3,3,3
"251,501,751",-0.7,3,17.3978386634644,NA,-0.682283723853718,-0.682292464088362,0,0.715416218403838,NA,0,0.704474809965143,-0.682292464088362,NA,0,0.772553102110798,-0.67351225490829,1,NA,0,-0.682283723853718,-0.682292464088362,0.71542,3,3,3,3
"251,501,751",-0.7,3,-61.9097834992977,NA,-0.672212301353791,-0.672212301328188,0,-38.977439001295,NA,0,-38.9773999382684,-0.672212301328188,NA,0,-37.2828004527971,-0.715224425077618,1,NA,0,-0.672212301353791,-0.672212301328188,-38.97744,3,3,3,3
"251,501,751",-0.7,3,32.5655079147893,NA,-0.715684260293304,-0.715682683897284,0,9.10808470355899,NA,0,9.10894211312409,-0.715682683897284,NA,0,9.68638185589178,-0.691917528263423,1,NA,0,-0.715684260293304,-0.715682683897284,9.10808,3,3,3,3
"251,501,751",-0.7,3,26.065177515791,NA,-0.71688514945461,-0.716878179949842,0,5.71073597158808,NA,0,5.71940785328414,-0.716878179949842,NA,0,6.28433426221151,-0.740311789492285,1,NA,0,-0.71688514945461,-0.716878179949842,5.71074,3,3,3,3
"251,501,751",-0.7,3,62.8294489408588,NA,-0.714028136438347,-0.71402639639971,0,24.2993030310607,NA,0,24.300917252827,-0.71402639639971,NA,0,24.6775762707631,-0.694771230990474,1,NA,0,-0.714028136438347,-0.71402639639971,24.2993,3,3,3,3
"251,501,751",-0.7,3,-3.3563945768111,NA,-0.644143621132464,-0.644148638567508,0,-12.2186614675584,NA,0,-12.2241416292402,-0.644148638567508,NA,0,-7.96827730827324,-0.57311462891093,1,NA,0,-0.644143621132464,-0.644148638567508,-12.21866,3,3,3,3
"251,501,751",-0.7,3,-42.4653823221143,NA,-0.694482494024699,-0.694475648877867,0,-28.2990131665953,NA,0,-28.292749884451,-0.694475648877867,NA,0,-28.2924749798992,-0.693919555463913,1,NA,0,-0.694482494024699,-0.694475648877867,-28.29901,3,3,3,3
"251,501,751",-0.7,3,5.50785157960781,NA,-0.670341210241031,-0.670335452241165,0,-5.04762992977438,NA,0,-5.04024994429446,-0.670335452241165,NA,0,-4.57276611052195,-0.647607662448679,1,NA,0,-0.670341210241031,-0.670335452241165,-5.04763,3,3,3,3
"251,501,751",-0.7,3,45.5822578246741,NA,-0.719435202997403,-0.719435307266508,0,15.4556680512849,NA,0,15.4547980031194,-0.719435307266508,NA,0,15.5285426372936,-0.710980773677191,1,NA,0,-0.719435202997403,-0.719435307266508,15.45567,3,3,3,3
"251,501,751",-0.7,3,60.1622206818268,NA,-0.713689170581984,-0.71369062293767,0,22.9795516138168,NA,0,22.9780312069011,-0.71369062293767,NA,0,23.0926649442679,-0.724299165064142,1,NA,0,-0.713689170581984,-0.71369062293767,22.97955,3,3,3,3
"251,501,751",-0.7,3,-30.2101595751147,NA,-0.658440676926434,-0.658436340282004,0,-23.5336398533689,NA,0,-23.5301323375309,-0.658436340282004,NA,0,-23.4126825925375,-0.670017504494177,1,NA,0,-0.658440676926434,-0.658436340282004,-23.53364,3,3,3,3
"251,501,751",-0.7,3,35.0624341527001,NA,-0.696392505816372,-0.69639015979367,0,10.5187704842004,NA,0,10.5176879720469,-0.69639015979367,NA,0,10.7555764235595,-0.68064376142003,1,NA,0,-0.696392505816372,-0.69639015979367,10.51877,3,3,3,3
"251,501,751",-0.7,3,-22.7581055719498,NA,-0.722365054915019,-0.722358769117374,0,-19.1153420195722,NA,0,-19.1065035760432,-0.722358769117374,NA,0,-19.0346113334894,-0.730578731969087,1,NA,0,-0.722365054915019,-0.722358769117374,-19.11534,3,3,3,3
"251,501,751",-0.7,3,76.1197873382005,NA,-0.706598391540767,-0.706607782186068,0,30.0569608161651,NA,0,30.0420745192802,-0.706607782186068,NA,0,32.2163195943343,-0.75302870080846,1,NA,0,-0.706598391540767,-0.706607782186068,30.05696,3,3,3,3
"251,501,751",-0.7,3,88.0353077449559,NA,-0.675454222975063,-0.675466990922323,0,34.3184822264937,NA,0,34.2997311899843,-0.675466990922323,NA,0,34.7361842757003,-0.69657643915363,1,NA,0,-0.675454222975063,-0.675466990922323,34.31848,3,3,3,3
"251,501,751",-0.7,3,-21.3759981003529,NA,-0.706318887491088,-0.706309371566555,0,-17.7430319737559,NA,0,-17.72870738481,-0.706309371566555,NA,0,-17.7281428339564,-0.705534788522525,1,NA,0,-0.706318887491088,-0.706309371566555,-17.74303,3,3,3,3
"251,501,751",-0.7,3,44.9603667661422,NA,-0.730601980247753,-0.730606167067609,0,14.333603886258,NA,0,14.3264941572939,-0.730606167067609,NA,0,15.1496026519378,-0.758297280277252,1,NA,0,-0.730601980247753,-0.730606167067609,14.3336,3,3,3,3
"251,501,751",-0.7,3,-54.847976768867,NA,-0.696001267343581,-0.696011514605168,0,-35.196379188216,NA,0,-35.2127989854585,-0.696011514605168,NA,0,-32.8729120428922,-0.744983082460389,1,NA,0,-0.696001267343581,-0.696011514605168,-35.19638,3,3,3,3
"251,501,751",-0.7,3,100.759311441017,NA,-0.749719001355076,-0.749714423174629,0,40.6960602611202,NA,0,40.6941941685089,-0.749714423174629,NA,0,40.9541476975976,-0.734530142399858,1,NA,0,-0.749719001355076,-0.749714423174629,40.69606,3,3,3,3
"251,501,751",-0.7,3,-10.284084826035,NA,-0.729440078641796,-0.729439838331855,0,-12.9784034430437,NA,0,-12.9780232617145,-0.729439838331855,NA,0,-11.1232004574064,-0.771143220674252,1,NA,0,-0.729440078641796,-0.729439838331855,-12.9784,3,3,3,3
"251,501,751",-0.7,3,50.2185896038382,NA,-0.708546232623373,-0.708545028557078,0,18.1140461181224,NA,0,18.1154891888856,-0.708545028557078,NA,0,18.2038596217205,-0.717928384609956,1,NA,0,-0.708546232623373,-0.708545028557078,18.11405,3,3,3,3
"251,501,751",-0.7,3,79.6487242766056,NA,-0.716907182481675,-0.71690011000871,0,32.1936942560285,NA,0,32.2042892768792,-0.71690011000871,NA,0,32.6025541552231,-0.736463582942231,1,NA,0,-0.716907182481675,-0.71690011000871,32.19369,3,3,3,3
"251,501,751",-0.7,3,60.0507246458565,NA,-0.687215271998647,-0.687222978333046,0,21.4318784795064,NA,0,21.4221791634953,-0.687222978333046,NA,0,23.254090177349,-0.730780307228799,1,NA,0,-0.687215271998647,-0.687222978333046,21.43188,3,3,3,3
"251,501,751",-0.7,3,29.6178210500616,NA,-0.735238026974544,-0.735278621781635,0,5.21862553280974,NA,0,5.15089743441435,-0.735278621781635,NA,0,5.15186697342184,-0.733755752700401,1,NA,0,-0.735238026974544,-0.735278621781635,5.21863,3,3,3,3
"251,501,751",-0.7,3,53.8810543938138,NA,-0.694402671920744,-0.694404301378409,0,19.3313449706439,NA,0,19.3292590946824,-0.694404301378409,NA,0,19.674035341195,-0.713107452685862,1,NA,0,-0.694402671920744,-0.694404301378409,19.33134,3,3,3,3
"251,501,751",-0.7,3,17.7416360980195,NA,-0.733587743746365,-0.733589994421842,0,0.559285206829852,NA,0,0.555002112463241,-0.733589994421842,NA,0,0.555164481810962,-0.733919588828142,1,NA,0,-0.733587743746365,-0.733589994421842,0.55929,3,3,3,3
"251,501,751",-0.7,3,-8.12482232187289,NA,-0.725175018916145,-0.725163123741487,0,-12.5363419388693,NA,0,-12.5224434516627,-0.725163123741487,NA,0,-12.3532600370246,-0.712240704097642,1,NA,0,-0.725175018916145,-0.725163123741487,-12.53634,3,3,3,3
"251,501,751",-0.7,3,41.755251902061,NA,-0.718511932484792,-0.718517765334531,0,13.4761346072491,NA,0,13.4676836593471,-0.718517765334531,NA,0,13.6840043407707,-0.732957578682795,1,NA,0,-0.718511932484792,-0.718517765334531,13.47613,3,3,3,3
"251,501,751",-0.7,3,5.37775468811133,NA,-0.686440492825126,-0.686427061904372,0,-5.16451682352046,NA,0,-5.14687308227108,-0.686427061904372,NA,0,-4.97022502990106,-0.672514619349509,1,NA,0,-0.686440492825126,-0.686427061904372,-5.16452,3,3,3,3
"251,501,751",-0.7,3,35.1834126277652,NA,-0.693184427793166,-0.693200466657527,0,9.82558032276241,NA,0,9.79784342388887,-0.693200466657527,NA,0,10.0915143840966,-0.710435545504702,1,NA,0,-0.693184427793166,-0.693200466657527,9.82558,3,3,3,3
"251,501,751",-0.7,3,-4.7941692830702,NA,-0.669582369819883,-0.669583451273146,0,-10.1466585262845,NA,0,-10.1478422999015,-0.669583451273146,NA,0,-9.66694432592631,-0.646540419667128,1,NA,0,-0.669582369819883,-0.669583451273146,-10.14666,3,3,3,3
"251,501,751",-0.7,3,57.2975765503232,NA,-0.726177544021664,-0.726176876597612,0,21.0068909528047,NA,0,21.0078087389221,-0.726176876597612,NA,0,21.0355623560212,-0.721049836596042,1,NA,0,-0.726177544021664,-0.726176876597612,21.00689,3,3,3,3
"251,501,751",-0.7,3,62.866246175527,NA,-0.671333521287561,-0.671331360036818,0,23.7787982533453,NA,0,23.7792148747521,-0.671331360036818,NA,0,24.0897108271563,-0.689853358311754,1,NA,0,-0.671333521287561,-0.671331360036818,23.7788,3,3,3,3
"251,501,751",-0.7,3,23.6576355829768,NA,-0.712195575469675,-0.712179149447534,0,3.75444239751177,NA,0,3.77864976073503,-0.712179149447534,NA,0,4.33562072547082,-0.735338071729389,1,NA,0,-0.712195575469675,-0.712179149447534,3.75444,3,3,3,3
"251,501,751",-0.7,3,16.0627900091849,NA,-0.649874302320169,-0.649871640236793,0,-1.12582482791601,NA,0,-1.12316460001848,-0.649871640236793,NA,0,-1.12109509855198,-0.651399565664431,1,NA,0,-0.649874302320169,-0.649871640236793,-1.12582,3,3,3,3
"251,501,751",-0.7,3,-37.4785028537086,NA,-0.723626917372036,-0.723633888062614,0,-26.6360563485104,NA,0,-26.6463907771102,-0.723633888062614,NA,0,-26.640804625564,-0.725822046972687,1,NA,0,-0.723626917372036,-0.723633888062614,-26.63606,3,3,3,3
"251,501,751",-0.7,3,27.6862178699501,NA,-0.712030096548558,-0.712027656205429,0,6.42284582796595,NA,0,6.42618102873344,-0.712027656205429,NA,0,7.35673951486649,-0.742237977042543,1,NA,0,-0.712030096548558,-0.712027656205429,6.42285,3,3,3,3
"251,501,751",-0.7,3,53.917284161386,NA,-0.710328977079704,-0.710331489752665,0,19.7348105511601,NA,0,19.7312899650633,-0.710331489752665,NA,0,19.7815346053126,-0.70321143934559,1,NA,0,-0.710328977079704,-0.710331489752665,19.73481,3,3,3,3
"251,501,751",-0.7,3,11.7865388623149,NA,-0.717774739428504,-0.717778127938078,0,-1.51000668458592,NA,0,-1.51842930264297,-0.717778127938078,NA,0,1.77722415052137,-0.660963667546195,1,NA,0,-0.717774739428504,-0.717778127938078,-1.51001,3,3,3,3
"251,501,751",-0.7,3,25.6841497047512,NA,-0.695573630110841,-0.695568930815084,0,5.86221523183413,NA,0,5.86886127228611,-0.695568930815084,NA,0,5.88723486594164,-0.699914560745637,1,NA,0,-0.695573630110841,-0.695568930815084,5.86222,3,3,3,3
"251,501,751",-0.7,3,44.6232498649403,NA,-0.736132486312266,-0.736127452045831,0,13.7650977119927,NA,0,13.7701989408842,-0.736127452045831,NA,0,14.3100476373804,-0.713791947483496,1,NA,0,-0.736132486312266,-0.736127452045831,13.7651,3,3,3,3
"251,501,751",-0.7,3,9.88606335582574,NA,-0.691607265612005,-0.691607320125615,0,-2.05518684498138,NA,0,-2.0553992981346,-0.691607320125615,NA,0,0.494147950962319,-0.743247694805278,1,NA,0,-0.691607265612005,-0.691607320125615,-2.05519,3,3,3,3
"251,501,751",-0.7,3,35.6934119076163,NA,-0.678525509520971,-0.678521368451159,0,10.1727028407553,NA,0,10.1780069197493,-0.678521368451159,NA,0,10.805377473575,-0.652388169715056,1,NA,0,-0.678525509520971,-0.678521368451159,10.1727,3,3,3,3
"251,501,751",-0.7,3,5.09023879675927,NA,-0.729291273680939,-0.729310712743427,0,-5.89615374092532,NA,0,-5.92560490423072,-0.729310712743427,NA,0,-5.84759408341299,-0.737689806766926,9,NA,0,-0.729291550000921,-0.729310712743427,-5.89618,3,3,3,3
"251,501,751",-0.7,3,-18.3396180939302,NA,-0.67256656036937,-0.672548671109111,0,-17.807742750773,NA,0,-17.7854270413605,-0.672548671109111,NA,0,-17.6867282608989,-0.682655080406237,1,NA,0,-0.67256656036937,-0.672548671109111,-17.80774,3,3,3,3
"251,501,751",-0.7,3,5.50931198224276,NA,-0.681999569662183,-0.681999948891754,0,-4.48846262483849,NA,0,-4.48973524417658,-0.681999948891754,NA,0,-2.99922838652832,-0.642000897502874,1,NA,0,-0.681999569662183,-0.681999948891754,-4.48846,3,3,3,3
"251,501,751",-0.7,3,-86.0788290255655,NA,-0.729385673485001,-0.72939629047051,0,-51.0995842070998,NA,0,-51.1179566802496,-0.72939629047051,NA,0,-51.004228376245,-0.739629607871042,1,NA,0,-0.729385673485001,-0.72939629047051,-51.09958,3,3,3,3
"251,501,751",-0.7,3,33.5501755802508,NA,-0.686577891169386,-0.68658965646081,0,9.5043376179374,NA,0,9.48971173466473,-0.68658965646081,NA,0,9.54057085332312,-0.679185248029478,1,NA,0,-0.686577891169386,-0.68658965646081,9.50434,3,3,3,3
"251,501,751",-0.7,3,87.7219234328533,NA,-0.706890916357606,-0.706859042467147,0,35.6299649318293,NA,0,35.6755603627878,-0.706859042467147,NA,0,35.8234497884503,-0.718692692729905,1,NA,0,-0.706890916357606,-0.706859042467147,35.62996,3,3,3,3
"251,501,751",-0.7,3,107.029458825996,NA,-0.66355499448779,-0.663564177589099,0,44.4171439331144,NA,0,44.4055774468154,-0.663564177589099,NA,0,46.145641370067,-0.619013923173351,1,NA,0,-0.66355499448779,-0.663564177589099,44.41714,3,3,3,3
"251,501,751",-0.7,3,65.3450408865768,NA,-0.697928824160679,-0.697930411900239,0,25.6671255927332,NA,0,25.6614560965588,-0.697930411900239,NA,0,28.0248699338657,-0.648470842847711,1,NA,0,-0.697928824160679,-0.697930411900239,25.66713,3,3,3,3
"251,501,751",-0.7,3,27.9994813411226,NA,-0.67383899732392,-0.673839654420226,0,6.17710669733148,NA,0,6.17578076649996,-0.673839654420226,NA,0,6.52524440841391,-0.654208630144828,1,NA,0,-0.67383899732392,-0.673839654420226,6.17711,3,3,3,3
"251,501,751",-0.7,3,25.2314070007437,NA,-0.71166712316734,-0.711646204568593,0,3.79491529942532,NA,0,3.8254504228854,-0.711646204568593,NA,0,5.26938478361699,-0.673303804598639,1,NA,0,-0.71166712316734,-0.711646204568593,3.79492,3,3,3,3
"251,501,751",-0.7,3,46.6625540790214,NA,-0.719601269564537,-0.719600882994418,0,15.3719496705395,NA,0,15.3705758726673,-0.719600882994418,NA,0,15.96686484245,-0.695393021785419,1,NA,0,-0.719601269564537,-0.719600882994418,15.37195,3,3,3,3
"251,501,751",-0.7,3,44.7746494054261,NA,-0.690639689247047,-0.69064871252269,0,15.0273838483262,NA,0,15.0155134180297,-0.69064871252269,NA,0,15.0688884511897,-0.6979985829635,1,NA,0,-0.690639689247047,-0.69064871252269,15.02738,3,3,3,3
"251,501,751",-0.7,3,21.1183357337668,NA,-0.691934602557679,-0.691930825339638,0,3.58466118159059,NA,0,3.5846867092112,-0.691930825339638,NA,0,4.29682091690511,-0.664558786065452,1,NA,0,-0.691934602557679,-0.691930825339638,3.58466,3,3,3,3
"251,501,751",-0.7,3,58.1038920762395,NA,-0.705351323263142,-0.705351833690529,0,22.1005631607152,NA,0,22.0990988299571,-0.705351833690529,NA,0,23.3777573919981,-0.741291367053259,1,NA,0,-0.705351323263142,-0.705351833690529,22.10056,3,3,3,3
"251,501,751",-0.7,3,25.6158351008825,NA,-0.697309144370885,-0.697333109205818,0,5.06624094493288,NA,0,5.03386285166378,-0.697333109205818,NA,0,5.17886385386587,-0.684842024070853,1,NA,0,-0.697309144370885,-0.697333109205818,5.06624,3,3,3,3
"251,501,751",-0.7,3,49.6832252638476,NA,-0.709023792492295,-0.709027354143331,0,17.7781440455593,NA,0,17.7732117293638,-0.709027354143331,NA,0,18.5009182917468,-0.73593423042835,1,NA,0,-0.709023792492295,-0.709027354143331,17.77814,3,3,3,3
"251,501,751",-0.7,3,83.2073693643535,NA,-0.709158807748419,-0.709162485802388,0,33.9601678701885,NA,0,33.9548545644953,-0.709162485802388,NA,0,34.1949646506539,-0.693503884904928,1,NA,0,-0.709158807748419,-0.709162485802388,33.96017,3,3,3,3
"251,501,751",-0.7,3,75.2693656346034,NA,-0.660507894468851,-0.660519302445288,0,27.7441072872641,NA,0,27.7299727798788,-0.660519302445288,NA,0,28.4223396463249,-0.687964025283689,1,NA,0,-0.660507894468851,-0.660519302445288,27.74411,3,3,3,3
"251,501,751",-0.7,3,90.5006736986573,NA,-0.702054483161522,-0.702063460373119,0,38.2531560631599,NA,0,38.2417749997969,-0.702063460373119,NA,0,39.1964257089782,-0.67087388794611,1,NA,0,-0.702054483161522,-0.702063460373119,38.25316,3,3,3,3
"251,501,751",-0.7,3,98.5347955970979,NA,-0.754712492774823,-0.754703351209727,0,38.5237244292376,NA,0,38.532803326332,-0.754703351209727,NA,0,39.8620576873979,-0.720620896764896,1,NA,0,-0.754712492774823,-0.754703351209727,38.52372,3,3,3,3
"251,501,751",-0.7,3,21.195232163996,NA,-0.691606745972904,-0.691599619490391,0,3.01562368593181,NA,0,3.02359772723555,-0.691599619490391,NA,0,3.18420723839587,-0.678482850270921,1,NA,0,-0.691606745972904,-0.691599619490391,3.01562,3,3,3,3
"251,501,751",-0.7,3,38.437187454085,NA,-0.644587491741552,-0.644610443028319,0,9.15235115077917,NA,0,9.12693950106829,-0.644610443028319,NA,0,9.49590698687739,-0.66518542047724,1,NA,0,-0.644587491741552,-0.644610443028319,9.15235,3,3,3,3
"251,501,751",-0.7,3,77.5069801641608,NA,-0.70274719608359,-0.702739178951799,0,31.6834422147101,NA,0,31.6950596130484,-0.702739178951799,NA,0,32.0505167832246,-0.721677889760247,1,NA,0,-0.70274719608359,-0.702739178951799,31.68344,3,3,3,3
"251,501,751",-0.7,3,42.5192384466922,NA,-0.691192968453118,-0.691192088120992,0,14.2770727165221,NA,0,14.2743033472876,-0.691192088120992,NA,0,14.5977749268069,-0.709614950081088,1,NA,0,-0.691192968453118,-0.691192088120992,14.27707,3,3,3,3
"251,501,751",-0.7,3,95.6254994467943,NA,-0.682125568747272,-0.682124736740431,0,40.0670754314851,NA,0,40.0664497208525,-0.682124736740431,NA,0,40.0794071947574,-0.685715328373806,1,NA,0,-0.682125568747272,-0.682124736740431,40.06708,3,3,3,3
"251,501,751",-0.7,3,-33.2008946815338,NA,-0.703049440315682,-0.703051360702955,0,-23.6451968212167,NA,0,-23.6490983552668,-0.703051360702955,NA,0,-22.2951323027603,-0.665940602951079,1,NA,0,-0.703049440315682,-0.703051360702955,-23.6452,3,3,3,3
"251,501,751",-0.7,3,65.5363493363427,NA,-0.730867700136754,-0.730873780415104,0,24.6127696738355,NA,0,24.6034870980203,-0.730873780415104,NA,0,25.437796925151,-0.702902763563982,1,NA,0,-0.730867700136754,-0.730873780415104,24.61277,3,3,3,3
"251,501,751",-0.7,3,-39.68636384552,NA,-0.728100495186204,-0.728110846054085,0,-27.795105784429,"",0,-27.8110211866751,-0.728110846054085,NA,0,-27.7428297782056,-0.720031029410768,1,NA,0,-0.728100495186204,-0.728110846054085,-27.79511,3,3,3,3
"251,501,751",-0.7,3,29.5564195580228,NA,-0.707672469020772,-0.707674571840304,0,6.89915125459959,"",0,6.89517218228683,-0.707674571840304,NA,0,10.3838592654363,-0.766563058280413,1,NA,0,-0.707672469020772,-0.707674571840304,6.89915,3,3,3,3
"251,501,751",-0.7,3,2.11603112257186,NA,-0.682501125498383,-0.682502169589107,0,-6.26113984549223,"",0,-6.26365453441729,-0.682502169589107,NA,0,-5.55569234445528,-0.6549081037673,1,NA,0,-0.682501125498383,-0.682502169589107,-6.26114,3,3,3,3
"251,501,751",-0.7,3,65.4966799040803,NA,-0.667099300454835,-0.667074820260085,0,23.3456161237818,"486,555,634,934",4,41.6630519046207,-0.673448168471979,NA,0,23.3901313649974,-0.670676062141638,1,NA,0,-0.667099300454835,-0.667074820260085,23.34562,3,1.406,3,3
"251,501,751",-0.7,3,-8.44199904069094,NA,-0.718858861438396,-0.71885883978281,0,-11.4966223925029,"",0,-11.4966110029543,-0.71885883978281,NA,0,-11.4600205208218,-0.712911976751592,1,NA,0,-0.718858861438396,-0.71885883978281,-11.49662,3,3,3,3
"251,501,751",-0.7,3,3.48756406539558,NA,-0.686098976681718,-0.686106666491775,0,-5.61802740650404,"",0,-5.62925461622037,-0.686106666491775,NA,0,-2.72594464267783,-0.630453833576603,1,NA,0,-0.686098976681718,-0.686106666491775,-5.61803,3,3,3,3
"251,501,751",-0.7,3,78.682213224459,NA,-0.71119213301118,-0.711188477035942,0,32.2461650570444,"",0,32.2509163252586,-0.711188477035942,NA,0,32.3533254664473,-0.701114625246051,1,NA,0,-0.71119213301118,-0.711188477035942,32.24617,3,3,3,3
"251,501,751",-0.7,3,0.0147576889406373,NA,-0.698556121897356,-0.698555842654396,0,-6.90848641110689,"",0,-6.90808911963913,-0.698555842654396,NA,0,-6.83425949741321,-0.707249766386639,1,NA,0,-0.698556121897356,-0.698555842654396,-6.90849,3,3,3,3
"251,501,751",-0.7,3,-28.3851194600379,NA,-0.732824580245987,-0.732824731639149,0,-22.7466364598165,"",0,-22.7467850984138,-0.732824731639149,NA,0,-22.0943208656802,-0.757274965249306,1,NA,0,-0.732824580245987,-0.732824731639149,-22.74664,3,3,3,3
"251,501,751",-0.7,3,-2.497629800122,NA,-0.664090449828241,-0.664098060177372,0,-10.2975064634424,"",0,-10.3081920123088,-0.664098060177372,NA,0,-10.3004205666882,-0.660787809267487,1,NA,0,-0.664090449828241,-0.664098060177372,-10.29751,3,3,3,3
"251,501,751",-0.7,3,57.2811532082611,NA,-0.689328344224583,-0.689326824537274,0,21.6086644207235,"",0,21.6103592039155,-0.689326824537274,NA,0,21.7725979131116,-0.676259580999931,1,NA,0,-0.689328344224583,-0.689326824537274,21.60866,3,3,3,3
"251,501,751",-0.7,3,40.8044805292421,NA,-0.700362444739922,-0.700361784561896,0,13.4910642116622,"",0,13.4914029661114,-0.700361784561896,NA,0,13.5722750821173,-0.691281009560622,1,NA,0,-0.700362444739922,-0.700361784561896,13.49106,3,3,3,3
"251,501,751",-0.7,3,11.5163081323569,NA,-0.663251906154591,-0.663231217491666,0,-3.90655247919093,"",0,-3.88163831057512,-0.663231217491666,NA,0,-3.83620062204528,-0.655632138371777,1,NA,0,-0.663251906154591,-0.663231217491666,-3.90655,3,3,3,3
"251,501,751",-0.7,3,20.8719874591511,NA,-0.71777540073717,-0.717772512627626,0,3.19896752570063,"",0,3.20127135439999,-0.717772512627626,NA,0,4.01013365374969,-0.745883833368086,1,NA,0,-0.71777540073717,-0.717772512627626,3.19897,3,3,3,3
"251,501,751",-0.7,3,19.7024262737785,NA,-0.703382477063779,-0.703379899022404,0,2.91019545830097,"",0,2.91264824887169,-0.703379899022404,NA,0,3.46288523677593,-0.679781345232813,1,NA,0,-0.703382477063779,-0.703379899022404,2.9102,3,3,3,3
"251,501,751",-0.7,3,79.3932267909275,NA,-0.696903970470978,-0.696904705943111,0,32.7666738322117,"",0,32.7656956444092,-0.696904705943111,NA,0,32.8507381085077,-0.687545561396595,1,NA,0,-0.696903970470978,-0.696904705943111,32.76667,3,3,3,3
"251,501,751",-0.7,3,-15.9581334042366,NA,-0.700956276788001,-0.700974751935611,0,-15.2526142669238,"",0,-15.2776825497871,-0.700974751935611,NA,0,-15.2173944658088,-0.693009394342009,1,NA,0,-0.700956276788001,-0.700974751935611,-15.25261,3,3,3,3
"251,501,751",-0.7,3,14.7655527805224,NA,-0.687453191310157,-0.687464941687178,0,0.200677403171744,"",0,0.186101090206772,-0.687464941687178,NA,0,0.733051590665181,-0.71144516339263,1,NA,0,-0.687453191310157,-0.687464941687178,0.20068,3,3,3,3
"251,501,751",-0.7,3,-26.7747831365448,NA,-0.683377147181664,-0.683377680719008,0,-20.559858632522,"",0,-20.5604906895464,-0.683377680719008,NA,0,-18.846690015808,-0.726159016074045,1,NA,0,-0.683377147181664,-0.683377680719008,-20.55986,3,3,3,3
"251,501,751",-0.7,3,13.2362777203545,NA,-0.728537558129498,-0.728537359163891,0,-1.1999367996399,"",0,-1.20406295677921,-0.728537359163891,NA,0,0.296278412111362,-0.766180332833826,1,NA,0,-0.728537558129498,-0.728537359163891,-1.19994,3,3,3,3
"251,501,751",-0.7,3,-39.9290722932587,NA,-0.713147544300938,-0.713154665116518,0,-27.2588378518693,NA,0,-27.2688654469684,-0.713154665116518,NA,0,-25.8817619801281,-0.676118567818278,1,NA,0,-0.713147544300938,-0.713154665116518,-27.25884,3,3,3,3
"251,501,751",-0.7,3,46.4478625039361,NA,-0.64389309811156,-0.643910630357116,0,13.4118394211344,NA,0,13.3938092067901,-0.643910630357116,NA,0,13.9784338130485,-0.61762313294205,1,NA,0,-0.64389309811156,-0.643910630357116,13.41184,3,3,3,3
"251,501,751",-0.7,3,8.75111708805916,NA,-0.692387741115084,-0.692377317444222,0,-3.43892019730544,NA,0,-3.42702864586231,-0.692377317444222,NA,0,-2.85062635284161,-0.667619067469639,1,NA,0,-0.692387741115084,-0.692377317444222,-3.43892,3,3,3,3
"251,501,751",-0.7,3,-13.6781737379131,NA,-0.722109887713949,-0.722106022087392,0,-14.9591489114144,NA,0,-14.9539232535084,-0.722106022087392,NA,0,-14.6201033408139,-0.703990811461061,1,NA,0,-0.722109887713949,-0.722106022087392,-14.95915,3,3,3,3
"251,501,751",-0.7,3,6.36232566102562,NA,-0.705172529752353,-0.705172001863144,0,-3.75432970714162,NA,0,-3.7542905988003,-0.705172001863144,NA,0,-3.55590580659141,-0.691039979741648,1,NA,0,-0.705172529752353,-0.705172001863144,-3.75433,3,3,3,3
"251,501,751",-0.7,3,45.5916066675075,NA,-0.707949630390825,-0.7079418632656,0,15.6090089784447,NA,0,15.6186080393998,-0.7079418632656,NA,0,19.6641992437309,-0.644200198089987,5,NA,0,-0.707949669987586,-0.7079418632656,15.60899,3,3,3,3
"251,501,751",-0.7,3,53.997150071857,NA,-0.72196224106304,-0.72195692990842,0,19.4597690735914,NA,0,19.4678172402719,-0.72195692990842,NA,0,21.1354645238684,-0.681933281449869,1,NA,0,-0.72196224106304,-0.72195692990842,19.45977,3,3,3,3
"251,501,751",-0.7,3,-43.2218186644486,NA,-0.686466680222324,-0.686460161854215,0,-29.8215992898461,NA,0,-29.8128906814879,-0.686460161854215,NA,0,-28.3558991036685,-0.725409112654345,1,NA,0,-0.686466680222324,-0.686460161854215,-29.8216,3,3,3,3
"251,501,751",-0.7,3,62.7468602044382,NA,-0.720528134466481,-0.720512879731538,0,23.032766633492,NA,0,23.0519367908917,-0.720512879731538,NA,0,24.6122214206763,-0.68141754358748,1,NA,0,-0.720528134466481,-0.720512879731538,23.03277,3,3,3,3
"251,501,751",-0.7,3,12.8561413563584,NA,-0.712803837166777,-0.712804609141951,0,-1.32191110118415,NA,0,-1.32309776811735,-0.712804609141951,NA,0,-1.31819610875807,-0.710390909572972,1,NA,0,-0.712803837166777,-0.712804609141951,-1.32191,3,3,3,3
"251,501,751",-0.7,3,28.607590278812,NA,-0.715749090537568,-0.715744135664616,0,6.70030371181775,NA,0,6.70773136382748,-0.715744135664616,NA,0,7.50992067669968,-0.687633364580239,1,NA,0,-0.715749090537568,-0.715744135664616,6.7003,3,3,3,3
"251,501,751",-0.7,3,-1.98791483664286,NA,-0.703771134631893,-0.703771025829538,0,-7.99945887506899,NA,0,-7.9992913236187,-0.703771025829538,NA,0,-7.6829544963195,-0.685873781990764,1,NA,0,-0.703771134631893,-0.703771025829538,-7.99946,3,3,3,3
"251,501,751",-0.7,3,41.3083526240489,NA,-0.654382884796655,-0.654377129901548,0,11.8288087355498,NA,0,11.8353890866356,-0.654377129901548,NA,0,11.9377144992266,-0.643536209187121,1,NA,0,-0.654382884796655,-0.654377129901548,11.82881,3,3,3,3
"251,501,751",-0.7,3,100.857019680446,NA,-0.692948719943505,-0.692950894870407,0,43.4554383005271,NA,0,43.4528171261068,-0.692950894870407,NA,0,43.4529916296691,-0.693371238432069,1,NA,0,-0.692948719943505,-0.692950894870407,43.45544,3,3,3,3
"251,501,751",-0.7,3,0.219240948980495,NA,-0.686313330540581,-0.686308339268297,0,-7.00606957599087,NA,0,-7.00090869857822,-0.686308339268297,NA,0,-6.78532906744482,-0.671198859236875,1,NA,0,-0.686313330540581,-0.686308339268297,-7.00607,3,3,3,3
"251,501,751",-0.7,3,68.2467673863875,NA,-0.705560394088355,-0.705553776350938,0,27.0199862027803,NA,0,27.0234656391012,-0.705553776350938,NA,0,27.6225654612505,-0.730180254058361,1,NA,0,-0.705560394088355,-0.705553776350938,27.01999,3,3,3,3
"251,501,751",-0.7,3,23.4520712144371,NA,-0.669145417331148,-0.669143716144199,0,3.63436200290713,NA,0,3.63565626320164,-0.669143716144199,NA,0,4.39442173947677,-0.640044386723158,1,NA,0,-0.669145417331148,-0.669143716144199,3.63436,3,3,3,3
"251,501,751",-0.7,3,30.4284610977434,NA,-0.695467440285066,-0.695467374781533,0,8.28237315112143,NA,0,8.28245004512517,-0.695467374781533,NA,0,10.1889965663032,-0.739880374679517,1,NA,0,-0.695467440285066,-0.695467374781533,8.28237,3,3,3,3
"251,501,751",-0.7,3,83.4727465533346,NA,-0.666815690838428,-0.666813863168469,0,33.7692733967533,NA,0,33.7698710709027,-0.666813863168469,NA,0,46.7760900306905,-0.545570017864968,1,NA,0,-0.666815690838428,-0.666813863168469,33.76927,3,3,3,3
"251,501,751",-0.7,3,40.5364642278442,NA,-0.680750436953764,-0.680752145881982,0,13.0064538443159,NA,0,13.0044981180309,-0.680752145881982,NA,0,13.4056324636424,-0.659993999036614,1,NA,0,-0.680750436953764,-0.680752145881982,13.00645,3,3,3,3
"251,501,751",-0.7,3,47.3256536426906,NA,-0.685881532503897,-0.685870149308092,0,16.1880710112322,NA,0,16.2030102264998,-0.685870149308092,NA,0,16.3542904247349,-0.698430172737091,1,NA,0,-0.685881532503897,-0.685870149308092,16.18807,3,3,3,3
"251,501,751",-0.7,3,8.21393985090558,NA,-0.689455968071325,-0.689456688246104,0,-2.90855845429567,NA,0,-2.90970658829426,-0.689456688246104,NA,0,-2.88037666120628,-0.695002726440296,1,NA,0,-0.689455968071325,-0.689456688246104,-2.90856,3,3,3,3
"251,501,751",-0.7,3,-13.8382844223172,NA,-0.686088459475583,-0.686091258286844,0,-14.308267591164,NA,0,-14.3136983809397,-0.686091258286844,NA,0,-12.7215554094172,-0.644806058579593,1,NA,0,-0.686088459475583,-0.686091258286844,-14.30827,3,3,3,3
"251,501,751",-0.7,3,18.5818106468765,NA,-0.706920035394728,-0.706967754899442,0,-0.162362484847914,NA,0,-0.229768017501677,-0.706967754899442,NA,0,-0.0955497244899144,-0.717768402043326,1,NA,0,-0.706920035394728,-0.706967754899442,-0.16236,3,3,3,3
"251,501,751",-0.7,3,22.9933441896425,NA,-0.688487951182993,-0.688489317047172,0,4.42671060713301,NA,0,4.42498310689443,-0.688489317047172,NA,0,6.85273048259489,-0.637877823220048,1,NA,0,-0.688487951182993,-0.688489317047172,4.42671,3,3,3,3
"251,501,751",-0.7,3,51.5460308001888,NA,-0.745522489603647,-0.745539880140788,0,16.2387368711826,NA,0,16.2102818586344,-0.745539880140788,NA,0,16.6168001507501,-0.764442186507344,1,NA,0,-0.745522489603647,-0.745539880140788,16.23874,3,3,3,3
"251,501,751",-0.7,3,72.7360984360221,NA,-0.699234562917199,-0.69923660063705,0,29.1350716930628,NA,0,29.1308387017607,-0.69923660063705,NA,0,37.0462795700343,-0.789651814753404,1,NA,0,-0.699234562917199,-0.69923660063705,29.13507,3,3,3,3
"251,501,751",-0.7,3,69.9137531317809,NA,-0.635691889905119,-0.635686898771319,0,24.6159559406271,NA,0,24.6153965319933,-0.635686898771319,NA,0,25.8436491878988,-0.597084037900858,1,NA,0,-0.635691889905119,-0.635686898771319,24.61596,3,3,3,3
"251,501,751",-0.7,3,-8.65052193807947,NA,-0.710873274218127,-0.710874194380332,0,-11.3533680352741,NA,0,-11.3550763231239,-0.710874194380332,NA,0,-10.4294497540545,-0.680595366787037,1,NA,0,-0.710873274218127,-0.710874194380332,-11.35337,3,3,3,3
"251,501,751",-0.7,3,89.0933732363011,NA,-0.705062796289999,-0.705064398065403,0,37.5004736675934,NA,0,37.4969166750127,-0.705064398065403,NA,0,37.4996663863459,-0.703356022417118,1,NA,0,-0.705062796289999,-0.705064398065403,37.50047,3,3,3,3
"251,501,751",-0.7,3,30.5943712177813,NA,-0.71505674264011,-0.715059450755904,0,8.05512567212371,NA,0,8.05095412090666,-0.715059450755904,NA,0,8.28251464137079,-0.730089868576006,1,NA,0,-0.71505674264011,-0.715059450755904,8.05513,3,3,3,3
"251,501,751",-0.7,3,67.1498985075351,NA,-0.743534009901424,-0.743537895457203,0,24.4135766674574,NA,0,24.4071499530707,-0.743537895457203,NA,0,25.2593195328791,-0.771133298676245,1,NA,0,-0.743534009901424,-0.743537895457203,24.41358,3,3,3,3
"251,501,751",-0.7,3,-11.7787441888389,NA,-0.732050030690868,-0.732038959826302,0,-14.1001192490301,NA,0,-14.0826493680333,-0.732038959826302,NA,0,-13.5155990626508,-0.754988201728765,1,NA,0,-0.732050030690868,-0.732038959826302,-14.10012,3,3,3,3
"251,501,751",-0.7,3,100.872508325422,NA,-0.703915948930285,-0.703918069542558,0,43.2947476700472,NA,0,43.2916471789458,-0.703918069542558,NA,0,46.7549681141025,-0.644615342382425,1,NA,0,-0.703915948930285,-0.703918069542558,43.29475,3,3,3,3
"251,501,751",-0.7,3,34.2994539435161,NA,-0.69347019387341,-0.693464815270199,0,9.99596773079877,NA,0,9.99578691035347,-0.693464815270199,NA,0,12.2760538370395,-0.742233854471559,1,NA,0,-0.69347019387341,-0.693464815270199,9.99597,3,3,3,3
"251,501,751",-0.7,3,-1.66175838931861,NA,-0.664340379512953,-0.664329275607395,0,-9.61301275549343,NA,0,-9.59954375044435,-0.664329275607395,NA,0,-7.99616377393663,-0.706481854330419,1,NA,0,-0.664340379512953,-0.664329275607395,-9.61301,3,3,3,3
"251,501,751",-0.7,3,-4.26255114284814,NA,-0.712023857751515,-0.712029565552138,0,-9.53161782239021,NA,0,-9.53972791439484,-0.712029565552138,NA,0,-8.73287344960023,-0.740138723017182,1,NA,0,-0.712023857751515,-0.712029565552138,-9.53162,3,3,3,3
"251,501,751",-0.7,3,12.4548896069469,NA,-0.734623814654258,-0.734623809746148,0,-2.16720498631767,NA,0,-2.16975595895685,-0.734623809746148,NA,0,-2.10424666973297,-0.72677065427223,1,NA,0,-0.734623814654258,-0.734623809746148,-2.1672,3,3,3,3
"251,501,751",-0.7,3,42.6151552335074,NA,-0.679326322733939,-0.679335219968487,0,13.9613257247172,NA,0,13.9503709375612,-0.679335219968487,NA,0,13.9655582383658,-0.675266388768866,1,NA,0,-0.679326322733939,-0.679335219968487,13.96133,3,3,3,3
"251,501,751",-0.7,3,16.6171851858876,NA,-0.67246948096383,-0.672466210592266,0,0.682810629049104,NA,0,0.685684933440444,-0.672466210592266,NA,0,1.82763155012635,-0.637057034329172,1,NA,0,-0.67246948096383,-0.672466210592266,0.68281,3,3,3,3
"251,501,751",-0.7,3,94.0775452427904,NA,-0.696826641179071,-0.696824271733527,0,39.5522430995348,NA,0,39.5548223683328,-0.696824271733527,NA,0,41.0268488476461,-0.657700452829196,1,NA,0,-0.696826641179071,-0.696824271733527,39.55224,3,3,3,3
"251,501,751",-0.7,3,20.5036331925419,NA,-0.710750722381291,-0.710738457895947,0,1.08250785483329,NA,0,1.10031023522287,-0.710738457895947,NA,0,1.13815352288323,-0.703979398834197,1,NA,0,-0.710750722381291,-0.710738457895947,1.08251,3,3,3,3
"251,501,751",-0.7,3,-11.9887162087792,NA,-0.683506056280843,-0.683485435625809,0,-13.7533726219443,NA,0,-13.7261007525741,-0.683485435625809,NA,0,-13.6618008560125,-0.691606939841146,1,NA,0,-0.683506056280843,-0.683485435625809,-13.75337,3,3,3,3
"251,501,751",-0.7,3,52.6549589585444,NA,-0.703447602316139,-0.703448784913968,0,18.8371852888709,NA,0,18.8356604888151,-0.703448784913968,NA,0,19.5643501167753,-0.676134751568665,1,NA,0,-0.703447602316139,-0.703448784913968,18.83719,3,3,3,3
"251,501,751",-0.7,3,37.9422954642331,NA,-0.677440726779965,-0.677436706083277,0,11.5306528900647,NA,0,11.5359726453153,-0.677436706083277,NA,0,12.9400701724075,-0.716439053472574,1,NA,0,-0.677440726779965,-0.677436706083277,11.53065,3,3,3,3
"251,501,751",-0.7,3,21.3340420059468,NA,-0.702378903391034,-0.702378958936868,0,3.75472666754793,NA,0,3.75343145899975,-0.702378958936868,NA,0,8.47166784997041,-0.633049565892887,1,NA,0,-0.702378903391034,-0.702378958936868,3.75473,3,3,3,3
"251,501,751",-0.7,3,15.3888048098976,NA,-0.659612739651983,-0.65960184999146,0,-0.61314094465452,NA,0,-0.614298380454321,-0.65960184999146,1000,1,2.24511800712944,-0.613345331804966,1,NA,0,-0.659612739651983,-0.65960184999146,-0.61314,3,3,2.249,3
"251,501,751",-0.7,3,74.0166970290401,NA,-0.736444523888493,-0.736435691763203,0,27.9861281448105,NA,0,27.9997419429106,-0.736435691763203,NA,0,28.7235201429236,-0.762020513027303,1,NA,0,-0.736444523888493,-0.736435691763203,27.98613,3,3,3,3
"251,501,751",-0.7,3,-34.3693960167315,NA,-0.732352544654927,-0.732353226575531,0,-25.458356783232,NA,0,-25.4593824326089,-0.732353226575531,NA,0,-24.9545609597185,-0.710642130839234,1,NA,0,-0.732352544654927,-0.732353226575531,-25.45836,3,3,3,3
"251,501,751",-0.7,3,-57.3344690271101,NA,-0.689457656253547,-0.689456260796802,0,-35.6800827919639,NA,0,-35.6805194899679,-0.689456260796802,NA,0,-33.1433900878223,-0.741191765369373,1,NA,0,-0.689457656253547,-0.689456260796802,-35.68008,3,3,3,3
"251,501,751",-0.7,3,-90.1100180017133,NA,-0.672806102758698,-0.672805045546305,0,-52.9025205809525,NA,0,-52.9016950792343,-0.672805045546305,NA,0,-51.9259472281154,-0.640019261015329,1,NA,0,-0.672806102758698,-0.672805045546305,-52.90252,3,3,3,3
"251,501,751",-0.7,3,38.5160086447029,NA,-0.698383605856737,-0.698382861676167,0,12.1309045393865,NA,0,12.1308326364721,-0.698382861676167,NA,0,12.7532635133568,-0.673039121724225,1,NA,0,-0.698383605856737,-0.698382861676167,12.1309,3,3,3,3
"251,501,751",-0.7,3,25.8173769555732,NA,-0.704832098472939,-0.704846142559289,0,5.53525580227925,NA,0,5.51615139916441,-0.704846142559289,NA,0,5.56782914683299,-0.697486828230449,1,NA,0,-0.704832098472939,-0.704846142559289,5.53526,3,3,3,3
"251,501,751",-0.7,3,69.7641665038585,NA,-0.669221720760442,-0.66922081525413,0,27.0778114903145,NA,0,27.0789246923946,-0.66922081525413,NA,0,27.3406284299198,-0.652207871046554,1,NA,0,-0.669221720760442,-0.66922081525413,27.07781,3,3,3,3
"251,501,751",-0.7,3,-1.1504901547481,NA,-0.704274687406726,-0.704270236107557,0,-8.35214489452189,NA,0,-8.34817329661722,-0.704270236107557,NA,0,-8.29864395491946,-0.711132979053647,1,NA,0,-0.704274687406726,-0.704270236107557,-8.35214,3,3,3,3
"251,501,751",-0.7,3,22.8253178922618,NA,-0.709312955061375,-0.709308067071875,0,2.89515953964885,NA,0,2.90108750174628,-0.709308067071875,NA,0,4.01990211544856,-0.675488931234055,1,NA,0,-0.709312955061375,-0.709308067071875,2.89516,3,3,3,3
"251,501,751",-0.7,3,117.521688874226,NA,-0.687485852692324,-0.687487109227235,0,51.6640986792873,NA,0,51.6582396212194,-0.687487109227235,NA,0,52.1136316619071,-0.709443168680237,1,NA,0,-0.687485852692324,-0.687487109227235,51.6641,3,3,3,3
"251,501,751",-0.7,3,-15.1387222037625,NA,-0.714208452179419,-0.714206098526897,0,-14.6984602877996,NA,0,-14.696097126579,-0.714206098526897,NA,0,-14.2064082314649,-0.692288535461075,1,NA,0,-0.714208452179419,-0.714206098526897,-14.69846,3,3,3,3
"251,501,751",-0.7,3,-30.3342536737987,NA,-0.691590282040932,-0.691606858252918,0,-22.5142802143526,NA,0,-22.5397609392712,-0.691606858252918,NA,0,-22.4705694107822,-0.699965585917279,1,NA,0,-0.691590282040932,-0.691606858252918,-22.51428,3,3,3,3
"251,501,751",-0.7,3,-26.8261691469909,NA,-0.731885765248518,-0.731884436242721,0,-23.2308606229226,NA,0,-23.2295339318806,-0.731884436242721,NA,0,-20.8773238120022,-0.684473209559659,1,NA,0,-0.731885765248518,-0.731884436242721,-23.23086,3,3,3,3
"251,501,751",-0.7,3,-4.96727073902385,NA,-0.690840840284554,-0.690850285129885,0,-9.6983481233709,NA,0,-9.71192329904409,-0.690850285129885,NA,0,-9.42653515707601,-0.708044985495655,1,NA,0,-0.690840840284554,-0.690850285129885,-9.69835,3,3,3,3
"251,501,751",-0.7,3,15.8280708051608,NA,-0.663558222306428,-0.663560222567557,0,-0.966470942524022,NA,0,-0.968946587380433,-0.663560222567557,NA,0,3.71893277475792,-0.590694235595731,1,NA,0,-0.663558222306428,-0.663560222567557,-0.96647,3,3,3,3
"251,501,751",-0.7,3,32.8184524896068,NA,-0.737083644568226,-0.737101194170256,0,7.04510709773027,NA,0,7.01714483589436,-0.737101194170256,NA,0,8.649654455422,-0.775452266325882,1,NA,0,-0.737083644568226,-0.737101194170256,7.04511,3,3,3,3
"251,501,751",-0.7,3,61.2840998642435,NA,-0.728187382326839,-0.728192560680214,0,22.586916877704,NA,0,22.578361533629,-0.728192560680214,NA,0,22.7951288036962,-0.742367393095717,1,NA,0,-0.728187382326839,-0.728192560680214,22.58692,3,3,3,3
"251,501,751",-0.7,3,-72.9357307127986,NA,-0.699778665402025,-0.699773960470565,0,-43.4735213538161,NA,0,-43.4670090838671,-0.699773960470565,NA,0,-41.7225518318843,-0.74201286274294,1,NA,0,-0.699778665402025,-0.699773960470565,-43.47352,3,3,3,3
"251,501,751",-0.7,3,32.8245553507721,NA,-0.717779341491768,-0.717775083393608,0,8.90329270607972,NA,0,8.90952122133993,-0.717775083393608,NA,0,9.41488595050773,-0.739844420562516,1,NA,0,-0.717779341491768,-0.717775083393608,8.90329,3,3,3,3
"251,501,751",-0.7,3,50.8928057921209,NA,-0.686170380971055,-0.686180016117093,0,17.8138974950623,NA,0,17.7992972411491,-0.686180016117093,NA,0,19.0991094340232,-0.648820957571982,1,NA,0,-0.686170380971055,-0.686180016117093,17.8139,3,3,3,3
"251,501,751",-0.7,3,-43.6844794716384,NA,-0.673826013935124,-0.673832612567804,0,-29.5023306790137,NA,0,-29.5106723522871,-0.673832612567804,NA,0,-27.8956200936943,-0.715934372458574,1,NA,0,-0.673826013935124,-0.673832612567804,-29.50233,3,3,3,3
"251,501,751",-0.7,3,29.2988885271773,NA,-0.735895928665308,-0.735899910180297,0,6.07061674660554,NA,0,6.06331067546787,-0.735899910180297,NA,0,6.25826235220644,-0.722432601713622,1,NA,0,-0.735895928665308,-0.735899910180297,6.07062,3,3,3,3
"251,501,751",-0.7,3,29.892447415411,NA,-0.703193634780146,-0.703193601483308,0,8.0275054166992,NA,0,8.02745957375154,-0.703193601483308,NA,0,8.17530588557598,-0.690957471896288,1,NA,0,-0.703193634780146,-0.703193601483308,8.02751,3,3,3,3
"251,501,751",-0.7,3,18.8240822227093,NA,-0.668616706948383,-0.668617691312696,0,1.34912875514679,NA,0,1.3479290936318,-0.668617691312696,NA,0,1.45122012351394,-0.679222719139571,1,NA,0,-0.668616706948383,-0.668617691312696,1.34913,3,3,3,3
"251,501,751",-0.7,3,30.5296017768513,NA,-0.681612723699221,-0.681610624870756,0,7.73687590392654,NA,0,7.73730703050613,-0.681610624870756,NA,0,7.83278449239775,-0.6713627611954,1,NA,0,-0.681612723699221,-0.681610624870756,7.73688,3,3,3,3
"251,501,751",-0.7,3,61.7437405498473,NA,-0.697918633702383,-0.697921233914675,0,23.6544371331974,NA,0,23.6503860466309,-0.697921233914675,NA,0,24.3396302293449,-0.724462747592397,1,NA,0,-0.697918633702383,-0.697921233914675,23.65444,3,3,3,3
"251,501,751",-0.7,3,46.8382721862994,NA,-0.703322871492813,-0.703325160543083,0,16.2704595568364,NA,0,16.2659630386441,-0.703325160543083,NA,0,17.2357469563545,-0.671890026701552,1,NA,0,-0.703322871492813,-0.703325160543083,16.27046,3,3,3,3
"251,501,751",-0.7,3,69.2967355562181,NA,-0.658950844197741,-0.65894976973214,0,26.2288154121408,NA,0,26.2300308216796,-0.65894976973214,NA,0,29.5125010642039,-0.719989755039858,1,NA,0,-0.658950844197741,-0.65894976973214,26.22882,3,3,3,3
"251,501,751",-0.7,3,45.0352907755449,NA,-0.693854078720657,-0.693849672055553,0,15.505548013167,NA,0,15.5091712980042,-0.693849672055553,NA,0,16.0296557727922,-0.670569151776126,1,NA,0,-0.693854078720657,-0.693849672055553,15.50555,3,3,3,3
"251,501,751",-0.7,3,15.1582765290646,NA,-0.727837431085694,-0.727834885173287,0,-0.312377532897874,NA,0,-0.30860589799441,-0.727834885173287,NA,0,0.0652744020470584,-0.709037104392984,1,NA,0,-0.727837431085694,-0.727834885173287,-0.31238,3,3,3,3
"251,501,751",-0.7,3,77.3037210622151,NA,-0.681651087509272,-0.68166324087471,0,30.6892072074598,NA,0,30.6705219893874,-0.68166324087471,NA,0,30.8744217019792,-0.696204751316039,1,NA,0,-0.681651087509272,-0.68166324087471,30.68921,3,3,3,3
"251,501,751",-0.7,3,38.3577435177493,NA,-0.701130521191405,-0.701130313956167,0,12.2709106888678,NA,0,12.269501955799,-0.701130313956167,NA,0,12.597196117193,-0.682861650076563,1,NA,0,-0.701130521191405,-0.701130313956167,12.27091,3,3,3,3
"251,501,751",-0.7,3,-50.7205849240439,NA,-0.69356444099996,-0.693560483820338,0,-32.3189413197038,NA,0,-32.3178898006416,-0.693560483820338,NA,0,-32.2963481605905,-0.688822993392963,1,NA,0,-0.69356444099996,-0.693560483820338,-32.31894,3,3,3,3
"251,501,751",-0.7,3,-60.8056595842872,NA,-0.684311456144159,-0.684312535949019,0,-37.5529832547935,NA,0,-37.5542714082324,-0.684312535949019,NA,0,-35.8129889117974,-0.727389988683954,1,NA,0,-0.684311456144159,-0.684312535949019,-37.55298,3,3,3,3
"251,501,751",-0.7,3,5.27661964714933,NA,-0.701415698444737,-0.701423408482657,0,-4.36431061669178,NA,0,-4.37466010738291,-0.701423408482657,NA,0,-2.16142822092791,-0.653911526901023,1,NA,0,-0.701415698444737,-0.701423408482657,-4.36431,3,3,3,3
"251,501,751",-0.7,3,-11.6223644993088,NA,-0.703409138399831,-0.703408832328355,0,-12.9133268857152,NA,0,-12.9141330002398,-0.703408832328355,NA,0,-12.744145165001,-0.716489642310047,1,NA,0,-0.703409138399831,-0.703408832328355,-12.91333,3,3,3,3
"251,501,751",-0.7,3,14.1754396203026,NA,-0.685172345059155,-0.685172391307279,0,-0.140293572211021,NA,0,-0.143813230362375,-0.685172391307279,NA,0,-0.00441808037024405,-0.697321872788154,1,NA,0,-0.685172345059155,-0.685172391307279,-0.14029,3,3,3,3
"251,501,751",-0.7,3,-3.49782510593562,NA,-0.695957106190821,-0.69596842833279,0,-10.5118631655826,NA,0,-10.5314017908499,-0.69596842833279,NA,0,-10.4799787190829,-0.688005973708125,1,NA,0,-0.695957106190821,-0.69596842833279,-10.51186,3,3,3,3
"251,501,751",-0.7,3,1.614692499016,NA,-0.720981076951782,-0.720980811283121,0,-6.57006512084765,NA,0,-6.56979144098015,-0.720980811283121,NA,0,-5.38935543542252,-0.687281435044913,1,NA,0,-0.720981076951782,-0.720980811283121,-6.57007,3,3,3,3
"251,501,751",-0.7,3,16.5107194016629,NA,-0.712485644968483,-0.712484032292191,0,1.01768678615542,NA,0,1.01874366297626,-0.712484032292191,NA,0,1.04878317794811,-0.706998578428309,1,NA,0,-0.712485644968483,-0.712484032292191,1.01769,3,3,3,3
"251,501,751",-0.7,3,60.2308053120739,NA,-0.700034476354779,-0.700042033822667,0,23.1172312713581,NA,0,23.1069376619679,-0.700042033822667,NA,0,24.1816269642488,-0.66687984914486,1,NA,0,-0.700034476354779,-0.700042033822667,23.11723,3,3,3,3
"251,501,751",-0.7,3,33.6878488316416,NA,-0.6433059590376,-0.643305798921699,0,6.70670119952407,NA,0,6.70681776186098,-0.643305798921699,NA,0,7.33662472423217,-0.615962328545483,1,NA,0,-0.6433059590376,-0.643305798921699,6.7067,3,3,3,3
"251,501,751",-0.7,3,51.9245326115491,NA,-0.717642785507017,-0.717669732588158,0,17.8635065200115,NA,0,17.8247122391473,-0.717669732588158,NA,0,18.197620466418,-0.736416977585352,1,NA,0,-0.717642785507017,-0.717669732588158,17.86351,3,3,3,3
"251,501,751",-0.7,3,42.1598537640859,NA,-0.710345949992367,-0.710357567926243,0,13.9029811069317,NA,0,13.8844927941322,-0.710357567926243,NA,0,14.5437343036012,-0.684707868896657,1,NA,0,-0.710345949992367,-0.710357567926243,13.90298,3,3,3,3
"251,501,751",-0.7,3,8.00950145535768,NA,-0.711573410417535,-0.711567778865342,0,-4.40116393083886,NA,0,-4.39353418339719,-0.711567778865342,NA,0,-4.12150705364832,-0.6947869510268,1,NA,0,-0.711573410417535,-0.711567778865342,-4.40116,3,3,3,3
"251,501,751",-0.7,3,84.4673975352839,NA,-0.686839821173666,-0.686843281747314,0,35.1306872529451,NA,0,35.1227398741036,-0.686843281747314,NA,0,35.148186174732,-0.692015200818544,1,NA,0,-0.686839821173666,-0.686843281747314,35.13069,3,3,3,3
"251,501,751",-0.7,3,52.4761697028949,NA,-0.724501842055889,-0.724503138944637,0,18.6497149280838,NA,0,18.647780731362,-0.724503138944637,NA,0,19.8671686162455,-0.758551759893495,1,NA,0,-0.724501842055889,-0.724503138944637,18.64971,3,3,3,3
"251,501,751",-0.7,3,27.1143066475924,NA,-0.691323111148167,-0.691318701728701,0,5.8880441911318,NA,0,5.89369111858028,-0.691318701728701,NA,0,5.9668277970772,-0.699851618346724,1,NA,0,-0.691323111148167,-0.691318701728701,5.88804,3,3,3,3
"251,501,751",-0.7,3,42.7654601393042,NA,-0.693057681420935,-0.693049979238842,0,14.3766707370395,NA,0,14.3866040280425,-0.693049979238842,NA,0,14.4295591872656,-0.686326501294024,1,NA,0,-0.693057681420935,-0.693049979238842,14.37667,3,3,3,3
"251,501,751",-0.7,3,68.5573575555348,NA,-0.695417029668931,-0.695415522066115,0,27.1766889222202,NA,0,27.1775851151344,-0.695415522066115,NA,0,27.7550595159156,-0.670919094049102,1,NA,0,-0.695417029668931,-0.695415522066115,27.17669,3,3,3,3
"251,501,751",-0.7,3,-33.1761824458146,NA,-0.683959721351609,-0.683960817351712,0,-23.7448909045845,NA,0,-23.7463144072139,-0.683960817351712,NA,0,-21.3447847898858,-0.633210864995509,1,NA,0,-0.683959721351609,-0.683960817351712,-23.74489,3,3,3,3
"251,501,751",-0.7,3,49.1319144332341,NA,-0.73516856977994,-0.735146637262158,0,14.0924385436226,NA,0,14.1279720024486,-0.735146637262158,NA,0,14.8037726292194,-0.709596604302931,1,NA,0,-0.73516856977994,-0.735146637262158,14.09244,3,3,3,3
"251,501,751",-0.7,3,-16.9263095011754,NA,-0.749831827702083,-0.749836570251191,0,-18.3163847081839,NA,0,-18.32452651613,-0.749836570251191,NA,0,-18.2079039273911,-0.739690526233023,1,NA,0,-0.749831827702083,-0.749836570251191,-18.31638,3,3,3,3
"251,501,751",-0.7,3,-20.3173232039724,NA,-0.698757273852018,-0.698753889275536,0,-17.0709022258647,"317,545",2,-13.0823978335782,-0.705344645273917,NA,0,-16.7990582899843,-0.715516352898914,1,NA,0,-0.698757273852018,-0.698753889275536,-17.0709,3,1.228,3,3
"251,501,751",-0.7,3,45.6144119523774,NA,-0.697367229140984,-0.697330780676791,0,13.9618637325406,"",0,14.0098551070867,-0.697330780676791,NA,0,15.3577718442971,-0.659566244469026,1,NA,0,-0.697367229140984,-0.697330780676791,13.96186,3,3,3,3
"251,501,751",-0.7,3,56.0761551760628,NA,-0.680355707965061,-0.680367870953282,0,20.661766292323,"",0,20.6444495470526,-0.680367870953282,NA,0,21.0475450867901,-0.701135188377919,1,NA,0,-0.680355707965061,-0.680367870953282,20.66177,3,3,3,3
"251,501,751",-0.7,3,-16.1293617862111,NA,-0.708052494025274,-0.708052964786345,0,-15.0484638497423,"",0,-15.0497545699811,-0.708052964786345,NA,0,-12.1101736124725,-0.762291095882187,1,NA,0,-0.708052494025274,-0.708052964786345,-15.04846,3,3,3,3
"251,501,751",-0.7,3,61.6826261541207,NA,-0.699326976871754,-0.699327864414337,0,23.8928584752257,"",0,23.8912716188549,-0.699327864414337,NA,0,24.2000709626504,-0.681537121310453,1,NA,0,-0.699326976871754,-0.699327864414337,23.89286,3,3,3,3
"251,501,751",-0.7,3,8.6360996301181,NA,-0.672340559424108,-0.672344688789823,0,-3.6051089318359,"",0,-3.61492565940685,-0.672344688789823,NA,0,-3.60233477860411,-0.668482918029077,1,NA,0,-0.672340559424108,-0.672344688789823,-3.60511,3,3,3,3
"251,501,751",-0.7,3,33.7619764167107,NA,-0.694816692693926,-0.694813762104473,0,9.75725869461818,"",0,9.76079184156384,-0.694813762104473,NA,0,10.0622584978713,-0.712431550091565,1,NA,0,-0.694816692693926,-0.694813762104473,9.75726,3,3,3,3
"251,501,751",-0.7,3,-47.8932350838186,NA,-0.719924998267373,-0.719935362076613,0,-32.7158766683918,"",0,-32.7327782309544,-0.719935362076613,NA,0,-31.7112552069627,-0.688041721209323,1,NA,0,-0.719924998267373,-0.719935362076613,-32.71588,3,3,3,3
"251,501,751",-0.7,3,8.70816530894328,NA,-0.663879403488528,-0.663877232297996,0,-3.75385625271367,"",0,-3.75130368062632,-0.663877232297996,NA,0,-3.68179595657013,-0.655043729310026,1,NA,0,-0.663879403488528,-0.663877232297996,-3.75386,3,3,3,3
"251,501,751",-0.7,3,28.5149991738251,NA,-0.724489839613094,-0.724489624377968,0,6.71905641576284,"",0,6.71905452110759,-0.724489624377968,NA,0,6.76766547407602,-0.717691653634716,1,NA,0,-0.724489839613094,-0.724489624377968,6.71906,3,3,3,3
"251,501,751",-0.7,3,13.4496975560093,NA,-0.703418727039116,-0.703419174073869,0,-0.328139780465597,"637,685,969",3,10.6607080670099,-0.709097343373029,NA,0,0.149569856808785,-0.681380034647085,1,NA,0,-0.703418727039116,-0.703419174073869,-0.32814,3,0.788,3,3
"251,501,751",-0.7,3,37.2853651051119,NA,-0.725395949761414,-0.725400734637194,0,10.878753608161,"",0,10.8709115731013,-0.725400734637194,NA,0,12.7334033357889,-0.767396566905155,1,NA,0,-0.725395949761414,-0.725400734637194,10.87875,3,3,3,3
"251,501,751",-0.7,3,5.4327739065151,NA,-0.691295338660518,-0.691282239722059,0,-4.5197906351005,"",0,-4.5016633879083,-0.691282239722059,NA,0,-4.48801825156078,-0.687436896837339,1,NA,0,-0.691295338660518,-0.691282239722059,-4.51979,3,3,3,3
"251,501,751",-0.7,3,20.92010836565,NA,-0.688651847403199,-0.68870019662207,0,0.723364562736657,"",0,0.661492175486106,-0.68870019662207,NA,0,3.1373794953191,-0.63673325333959,1,NA,0,-0.688651847403199,-0.68870019662207,0.72336,3,3,3,3
"251,501,751",-0.7,3,-3.48172999114587,NA,-0.678431090074499,-0.678439058232945,0,-9.22240219216168,"",0,-9.23203883381839,-0.678439058232945,NA,0,-5.68057243337212,-0.740504706356092,1,NA,0,-0.678431090074499,-0.678439058232945,-9.2224,3,3,3,3
"251,501,751",-0.7,3,-13.3022075001615,NA,-0.695275943962342,-0.695281885311333,0,-13.6612096135821,"",0,-13.6688835446808,-0.695281885311333,NA,0,-13.4584908044388,-0.680485508823134,1,NA,0,-0.695275943962342,-0.695281885311333,-13.66121,3,3,3,3
"251,501,751",-0.7,3,-0.282352648413866,NA,-0.692318017752112,-0.692321486559355,0,-7.11761592846079,"",0,-7.12148739261606,-0.692321486559355,NA,0,-6.71725940100226,-0.71284343090002,1,NA,0,-0.692318017752112,-0.692321486559355,-7.11762,3,3,3,3
"251,501,751",-0.7,3,48.2308200080598,NA,-0.697282567231013,-0.697279432409836,0,17.1287395798228,"",0,17.1329331646576,-0.697279432409836,NA,0,18.4020465897077,-0.733417791459134,1,NA,0,-0.697282567231013,-0.697279432409836,17.12874,3,3,3,3
"251,501,751",-0.7,3,-19.413238843818,NA,-0.666675318719692,-0.666679003591552,0,-17.6610974554108,"",0,-17.6654667090192,-0.666679003591552,NA,0,-17.0278838894226,-0.640035111698482,1,NA,0,-0.666675318719692,-0.666679003591552,-17.6611,3,3,3,3
"251,501,751",-0.7,3,20.6105962771583,NA,-0.683665176797552,-0.683664866891133,0,3.09490150518823,"",0,3.09478718705989,-0.683664866891133,NA,0,4.0024368388068,-0.652526735983615,1,NA,0,-0.683665176797552,-0.683664866891133,3.0949,3,3,3,3
"251,501,751",-0.7,3,-14.705591266857,NA,-0.703467516318475,-0.703465931467434,0,-14.564921413435,NA,0,-14.5628486293325,-0.703465931467434,NA,0,-14.4478996065939,-0.692594620816621,1,NA,0,-0.703467516318475,-0.703465931467434,-14.56492,3,3,3,3
"251,501,751",-0.7,3,103.118794636517,NA,-0.656116166407088,-0.656116529043727,0,42.8669267130838,NA,0,42.8652537690546,-0.656116529043727,NA,0,44.5532978320221,-0.612120746620236,1,NA,0,-0.656116166407088,-0.656116529043727,42.86693,3,3,3,3
"251,501,751",-0.7,3,26.4242207116587,NA,-0.637803485017942,-0.637808658543343,0,2.80231714394829,NA,0,2.79625019448228,-0.637808658543343,NA,0,3.23175398693636,-0.614975297629007,1,NA,0,-0.637803485017942,-0.637808658543343,2.80232,3,3,3,3
"251,501,751",-0.7,3,83.3652234575181,NA,-0.688980203110117,-0.688987053830545,0,34.4824505816338,NA,0,34.4717660280988,-0.688987053830545,NA,0,36.452356946772,-0.734863690542093,1,NA,0,-0.688980203110117,-0.688987053830545,34.48245,3,3,3,3
"251,501,751",-0.7,3,-23.6779577726044,NA,-0.734365267094883,-0.734373531163188,0,-20.8909769936342,NA,0,-20.9042826255651,-0.734373531163188,NA,0,-18.9033523547859,-0.777155060865808,1,NA,0,-0.734365267094883,-0.734373531163188,-20.89098,3,3,3,3
"251,501,751",-0.7,3,-38.356419707473,NA,-0.688061411006618,-0.688055022947132,0,-28.5438070355358,NA,0,-28.5365378988669,-0.688055022947132,NA,0,-28.0530949587617,-0.710005438902699,1,NA,0,-0.688061411006618,-0.688055022947132,-28.54381,3,3,3,3
"251,501,751",-0.7,3,79.6213854403426,NA,-0.696823360216287,-0.696849073851224,0,32.0144638226075,NA,0,31.9806511221488,-0.696849073851224,NA,0,32.0000463857126,-0.692093013510105,1,NA,0,-0.696823360216287,-0.696849073851224,32.01446,3,3,3,3
"251,501,751",-0.7,3,39.043986969547,NA,-0.726654330305909,-0.726654345348922,0,11.8621715906769,NA,0,11.8621865922286,-0.726654345348922,NA,0,11.9101449850991,-0.719925725841591,1,NA,0,-0.726654330305909,-0.726654345348922,11.86217,3,3,3,3
"251,501,751",-0.7,3,16.239137316508,NA,-0.693692680909591,-0.693693172063478,0,1.07112687100079,NA,0,1.07023645740214,-0.693693172063478,NA,0,4.7678564338255,-0.755742148076709,1,NA,0,-0.693692680909591,-0.693693172063478,1.07113,3,3,3,3
"251,501,751",-0.7,3,101.251227967795,NA,-0.692963555779248,-0.692967476159187,0,42.2743085664333,NA,0,42.2656730311293,-0.692967476159187,NA,0,43.3881564211441,-0.726934430197149,1,NA,0,-0.692963555779248,-0.692967476159187,42.27431,3,3,3,3
"251,501,751",-0.7,3,103.426613671618,NA,-0.685326676429762,-0.685314428925404,0,44.1458422818344,NA,0,44.1609381480534,-0.685314428925404,NA,0,45.2559112942283,-0.719306367197739,1,NA,0,-0.685326676429762,-0.685314428925404,44.14584,3,3,3,3
"251,501,751",-0.7,3,6.87587956762142,NA,-0.66919867239299,-0.66919137753656,0,-5.07516976778022,NA,0,-5.06615951023731,-0.66919137753656,NA,0,-4.9327175643105,-0.656831080507755,1,NA,0,-0.66919867239299,-0.66919137753656,-5.07517,3,3,3,3
"251,501,751",-0.7,3,-23.9337347392125,NA,-0.712657600894755,-0.71265498823348,0,-20.5401384606266,NA,0,-20.5360396205279,-0.71265498823348,NA,0,-20.0064732451508,-0.735053345000434,1,NA,0,-0.712657600894755,-0.71265498823348,-20.54014,3,3,3,3
"251,501,751",-0.7,3,25.5025186370198,NA,-0.689488519525325,-0.689484820779784,0,4.31229413977606,NA,0,4.31696802006645,-0.689484820779784,NA,0,9.61940434754121,-0.614207131432739,1,NA,0,-0.689488519525325,-0.689484820779784,4.31229,3,3,3,3
"251,501,751",-0.7,3,7.74602441460846,NA,-0.665686797227315,-0.665678034624166,0,-4.17128083331096,NA,0,-4.16022225634856,-0.665678034624166,NA,0,-3.15863575235699,-0.632244076352673,1,NA,0,-0.665686797227315,-0.665678034624166,-4.17128,3,3,3,3
"251,501,751",-0.7,3,-4.12078814595707,NA,-0.730144827639676,-0.730148423767672,0,-10.2122551242318,NA,0,-10.2181963478866,-0.730148423767672,NA,0,-9.26667097737078,-0.759921753342319,1,NA,0,-0.730144827639676,-0.730148423767672,-10.21226,3,3,3,3
"251,501,751",-0.7,3,-80.5634771193416,NA,-0.744985653809277,-0.745003364423876,0,-50.3135786948579,NA,0,-50.3432224013704,-0.745003364423876,NA,0,-50.3082275699672,-0.739142089619227,1,NA,0,-0.744985653809277,-0.745003364423876,-50.31358,3,3,3,3
"251,501,751",-0.7,3,5.89289789562504,NA,-0.708339708332662,-0.708334302659935,0,-4.07606588116804,NA,0,-4.06954836491419,-0.708334302659935,NA,0,-4.03852274064349,-0.713892132117606,1,NA,0,-0.708339708332662,-0.708334302659935,-4.07607,3,3,3,3
"251,501,751",-0.7,3,48.1280582688638,NA,-0.71779345902252,-0.717797554821611,0,16.6220100158208,NA,0,16.6148206418691,-0.717797554821611,NA,0,18.7131733641721,-0.672480145567372,1,NA,0,-0.71779345902252,-0.717797554821611,16.62201,3,3,3,3
"251,501,751",-0.7,3,33.7470552612296,NA,-0.656310167671447,-0.65630861492159,0,8.25050037430144,NA,0,8.25087519761523,-0.65630861492159,NA,0,8.63069890969821,-0.635453347836632,1,NA,0,-0.656310167671447,-0.65630861492159,8.2505,3,3,3,3
"251,501,751",-0.7,3,38.1226470712493,NA,-0.732256702933355,-0.732255443403908,0,11.0367200464952,NA,0,11.0366128234915,-0.732255443403908,NA,0,11.4577183137533,-0.752057509482325,1,NA,0,-0.732256702933355,-0.732255443403908,11.03672,3,3,3,3
"251,501,751",-0.7,3,52.3956073795115,NA,-0.688632669938994,-0.688632777693403,0,19.1425653143953,NA,0,19.1416359508016,-0.688632777693403,NA,0,19.2068302912484,-0.696907465620324,1,NA,0,-0.688632669938994,-0.688632777693403,19.14257,3,3,3,3
"251,501,751",-0.7,3,0.0802102185912119,NA,-0.683166350491922,-0.683167457621513,0,-7.18548015665479,NA,0,-7.18705565229394,-0.683167457621513,NA,0,-5.93943540534658,-0.646635852852395,1,NA,0,-0.683166350491922,-0.683167457621513,-7.18548,3,3,3,3
"251,501,751",-0.7,3,-24.3756883754873,NA,-0.665731108728545,-0.665738170519123,0,-20.2682878407604,NA,0,-20.2767602332185,-0.665738170519123,NA,0,-19.788234531864,-0.689021971735172,1,NA,0,-0.665731108728545,-0.665738170519123,-20.26829,3,3,3,3
"251,501,751",-0.7,3,34.4368406273593,NA,-0.709665374036085,-0.709669359490396,0,10.1653619565736,NA,0,10.1598125886832,-0.709669359490396,NA,0,12.1129396055943,-0.753726714842725,1,NA,0,-0.709665374036085,-0.709669359490396,10.16536,3,3,3,3
"251,501,751",-0.7,3,112.536374455387,NA,-0.69566310620112,-0.695673531224153,0,49.2661446994221,NA,0,49.2503145295907,-0.695673531224153,NA,0,49.5876151535024,-0.714300094448525,1,NA,0,-0.69566310620112,-0.695673531224153,49.26614,3,3,3,3
"251,501,751",-0.7,3,-16.4024317012592,NA,-0.698910262304231,-0.698907201237384,0,-15.1214873520272,NA,0,-15.1192770255717,-0.698907201237384,NA,0,-14.198776634718,-0.668186717465694,1,NA,0,-0.698910262304231,-0.698907201237384,-15.12149,3,3,3,3
"251,501,751",-0.7,3,73.4942413229911,NA,-0.639557619819734,-0.639548265947385,0,25.5643563776272,NA,0,25.5743915688482,-0.639548265947385,NA,0,25.7670351533112,-0.624064825351179,1,NA,0,-0.639557619819734,-0.639548265947385,25.56436,3,3,3,3
"251,501,751",-0.7,3,25.0466652523893,NA,-0.684604151687636,-0.684596726753611,0,5.34194012421799,NA,0,5.35282985659318,-0.684596726753611,NA,0,7.28012439749376,-0.639242144050724,1,NA,0,-0.684604151687636,-0.684596726753611,5.34194,3,3,3,3
"251,501,751",-0.7,3,130.537193090985,NA,-0.710695019048364,-0.710694036853948,0,58.2447332454369,NA,0,58.245509205924,-0.710694036853948,NA,0,58.6774928366341,-0.689983267251391,1,NA,0,-0.710695019048364,-0.710694036853948,58.24473,3,3,3,3
"251,501,751",-0.7,3,63.5502345200419,NA,-0.697976770278826,-0.697975449055231,0,24.8609333198206,NA,0,24.8612968983543,-0.697975449055231,NA,0,24.9576727096684,-0.707926058093571,1,NA,0,-0.697976770278826,-0.697975449055231,24.86093,3,3,3,3
"251,501,751",-0.7,3,121.153024144801,NA,-0.721677792023462,-0.721680258809209,0,53.1762625406967,NA,0,53.1729011142776,-0.721680258809209,NA,0,53.1757646900729,-0.723333001953533,1,NA,0,-0.721677792023462,-0.721680258809209,53.17626,3,3,3,3
"251,501,751",-0.7,3,48.9653242584665,NA,-0.671805115047804,-0.67180189749775,0,16.8176852538328,NA,0,16.8204705879059,-0.67180189749775,NA,0,16.9783155948129,-0.658596602585289,1,NA,0,-0.671805115047804,-0.67180189749775,16.81769,3,3,3,3
"251,501,751",-0.7,3,-42.139600532647,NA,-0.6873257351368,-0.687328287080837,0,-28.1760246872161,NA,0,-28.1791927040601,-0.687328287080837,NA,0,-27.7631894738582,-0.666352436996185,1,NA,0,-0.6873257351368,-0.687328287080837,-28.17602,3,3,3,3
"251,501,751",-0.7,3,32.734706128318,NA,-0.707940012978214,-0.707936369038367,0,7.4376940320917,NA,0,7.44321367961817,-0.707936369038367,NA,0,7.4664840009739,-0.712205927601838,1,NA,0,-0.707940012978214,-0.707936369038367,7.43769,3,3,3,3
"251,501,751",-0.7,3,-10.2233740919352,NA,-0.713039508501067,-0.71304053358484,0,-12.5350034117066,NA,0,-12.5366670912672,-0.71304053358484,NA,0,-12.3872811521722,-0.725068951605407,1,NA,0,-0.713039508501067,-0.71304053358484,-12.535,3,3,3,3
"251,501,751",-0.7,3,-2.02009723500388,NA,-0.690645278021377,-0.690640965350913,0,-8.39516548193859,NA,0,-8.38943718688374,-0.690640965350913,NA,0,-7.845067324321,-0.666645981238841,1,NA,0,-0.690645278021377,-0.690640965350913,-8.39517,3,3,3,3
"251,501,751",-0.7,3,49.75544758378,NA,-0.702994201227991,-0.702997250719993,0,16.448080741221,NA,0,16.4438882310323,-0.702997250719993,NA,0,18.9620939418498,-0.652003047461609,1,NA,0,-0.702994201227991,-0.702997250719993,16.44808,3,3,3,3
"251,501,751",-0.7,3,70.0292068167298,NA,-0.694776531441058,-0.694776637147676,0,28.0447546986836,NA,0,28.0428627969106,-0.694776637147676,NA,0,29.5040273114182,-0.733799452491977,1,NA,0,-0.694776531441058,-0.694776637147676,28.04475,3,3,3,3
"251,501,751",-0.7,3,4.03038023351237,NA,-0.685093359766962,-0.685095864484786,0,-5.70553972626023,NA,0,-5.70976947593372,-0.685095864484786,NA,0,-5.68734505375018,-0.689818511104702,1,NA,0,-0.685093359766962,-0.685095864484786,-5.70554,3,3,3,3
"251,501,751",-0.7,3,-42.9960169533382,NA,-0.727467257634762,-0.727468494161424,0,-29.2254040011724,NA,0,-29.2273066630404,-0.727468494161424,NA,0,-28.848125039612,-0.708554531720102,1,NA,0,-0.727467257634762,-0.727468494161424,-29.2254,3,3,3,3
"251,501,751",-0.7,3,19.722725749193,NA,-0.732421081255884,-0.732416835172726,0,1.19615985936594,NA,0,1.20280925304204,-0.732416835172726,NA,0,1.7138803957419,-0.710470792014967,1,NA,0,-0.732421081255884,-0.732416835172726,1.19616,3,3,3,3
"251,501,751",-0.7,3,-48.6356678639883,NA,-0.708532218271097,-0.708500292009692,0,-33.2356247694796,NA,0,-33.189311491587,-0.708500292009692,NA,0,-31.4266700534777,-0.749918131448941,1,NA,0,-0.708532218271097,-0.708500292009692,-33.23562,3,3,3,3
"251,501,751",-0.7,3,-7.23235654473872,NA,-0.705926617309797,-0.705909992454473,0,-12.2273997199165,NA,0,-12.2100550971901,-0.705909992454473,NA,0,-11.5595158231862,-0.731165932339616,1,NA,0,-0.705926617309797,-0.705909992454473,-12.2274,3,3,3,3
"251,501,751",-0.7,3,49.6566688173345,NA,-0.735385268709955,-0.735380643114683,0,16.3221609926787,NA,0,16.3281924967548,-0.735380643114683,NA,0,17.3301357046261,-0.704889979380397,1,NA,0,-0.735385268709955,-0.735380643114683,16.32216,3,3,3,3
"251,501,751",-0.7,3,15.8482259638057,NA,-0.663216974117994,-0.663207369742485,0,-0.561567499802767,NA,0,-0.552229587659541,-0.663207369742485,NA,0,-0.373691590015253,-0.677281445934423,1,NA,0,-0.663216974117994,-0.663207369742485,-0.56157,3,3,3,3
"251,501,751",-0.7,3,-22.4110387742405,NA,-0.720286469852429,-0.720287362606704,0,-18.5672164956536,NA,0,-18.5687584157086,-0.720287362606704,NA,0,-18.3326151486139,-0.705194648210741,1,NA,0,-0.720286469852429,-0.720287362606704,-18.56722,3,3,3,3
"251,501,751",-0.7,3,37.28851196342,NA,-0.690087609570058,-0.690075520543503,0,11.3931290103645,NA,0,11.4094940818468,-0.690075520543503,NA,0,12.5071006395965,-0.723945198417621,1,NA,0,-0.690087609570058,-0.690075520543503,11.39313,3,3,3,3
"251,501,751",-0.7,3,80.9781956662975,NA,-0.712638204981815,-0.712654301110591,0,32.854506025232,NA,0,32.8291138975197,-0.712654301110591,NA,0,33.6020709005565,-0.684831022244046,1,NA,0,-0.712638204981815,-0.712654301110591,32.85451,3,3,3,3
"251,501,751",-0.7,3,18.7832829745335,NA,-0.707469418989898,-0.707468413091004,0,2.41273611654857,NA,0,2.41315437165985,-0.707468413091004,NA,0,2.63097339830515,-0.722231525802317,1,NA,0,-0.707469418989898,-0.707468413091004,2.41274,3,3,3,3
"251,501,751",-0.7,3,47.6762160322483,NA,-0.698757545857721,-0.698757903258358,0,16.7909259403744,NA,0,16.7904481507418,-0.698757903258358,NA,0,17.2484601269478,-0.677061123791579,1,NA,0,-0.698757545857721,-0.698757903258358,16.79093,3,3,3,3
"251,501,751",-0.7,3,10.6837316615597,NA,-0.676246944500367,-0.676240191734959,0,-2.24668278304482,NA,0,-2.23970259072604,-0.676240191734959,NA,0,-0.887533278627339,-0.637844417542627,1,NA,0,-0.676246944500367,-0.676240191734959,-2.24668,3,3,3,3
"251,501,751",-0.7,3,3.24158541199805,NA,-0.691101102795081,-0.691092051590997,0,-5.68604116849492,NA,0,-5.67825679838113,-0.691092051590997,NA,0,-5.13966162852156,-0.667107150979395,1,NA,0,-0.691101102795081,-0.691092051590997,-5.68604,3,3,3,3
"251,501,751",-0.7,3,9.85086324971511,NA,-0.648344579270311,-0.648339264588994,0,-4.34010751304829,NA,0,-4.33584879326603,-0.648339264588994,NA,0,-4.20341747789825,-0.660732840176779,1,NA,0,-0.648344579270311,-0.648339264588994,-4.34011,3,3,3,3
"251,501,751",-0.7,3,-17.0744629665932,NA,-0.712636069131019,-0.712639325308603,0,-15.6908341752256,NA,0,-15.6959338140262,-0.712639325308603,NA,0,-15.5082323424696,-0.726203194773618,1,NA,0,-0.712636069131019,-0.712639325308603,-15.69083,3,3,3,3
"251,501,751",-0.7,3,3.09114029897818,NA,-0.723267314866438,-0.723268381788603,0,-5.9928486117431,NA,0,-5.99447795073401,-0.723268381788603,NA,0,-5.81918302835225,-0.710316525507911,1,NA,0,-0.723267314866438,-0.723268381788603,-5.99285,3,3,3,3
"251,501,751",-0.7,3,98.286015936856,NA,-0.699403286831377,-0.699403075308145,0,42.2339422673984,NA,0,42.2338125393079,-0.699403075308145,NA,0,42.6592430783492,-0.6785422208853,1,NA,0,-0.699403286831377,-0.699403075308145,42.23394,3,3,3,3
"251,501,751",-0.7,3,73.3296417528726,NA,-0.723590290452955,-0.723587753597511,0,28.5539747922561,NA,0,28.5579545302857,-0.723587753597511,NA,0,28.6447801789918,-0.732508937798572,1,NA,0,-0.723590290452955,-0.723587753597511,28.55397,3,3,3,3
"251,501,751",-0.7,3,51.8627613318056,NA,-0.673776194949697,-0.673774087514515,0,18.3731439969445,NA,0,18.3728714749524,-0.673774087514515,NA,0,19.1355295553705,-0.644803558175494,1,NA,0,-0.673776194949697,-0.673774087514515,18.37314,3,3,3,3
"251,501,751",-0.7,3,15.9437274083286,NA,-0.740724094468499,-0.740722973850088,0,-0.853989925653096,"55",1,-0.813799902767562,-0.745058697798199,NA,0,-0.382715720594783,-0.72010650219472,1,NA,0,-0.740724094468499,-0.740722973850088,-0.85399,3,2.196,3,3
"251,501,751",-0.7,3,7.84085696383505,NA,-0.727203162745199,-0.727202513917809,0,-3.79113262877519,NA,0,-3.79015394774468,-0.727202513917809,NA,0,-2.52322700633115,-0.761772806501417,1,NA,0,-0.727203162745199,-0.727202513917809,-3.79113,3,3,3,3
"251,501,751",-0.7,3,27.3856959874836,NA,-0.685030247824766,-0.685039277452965,0,6.04601573577418,NA,0,6.03227899637023,-0.685039277452965,NA,0,6.75263842950209,-0.71254797217757,1,NA,0,-0.685030247824766,-0.685039277452965,6.04602,3,3,3,3
"251,501,751",-0.7,3,53.0323698535487,NA,-0.718911426091907,-0.718910345064983,0,18.346187979736,NA,0,18.3477687713254,-0.718910345064983,NA,0,18.4139190865174,-0.710638157678707,1,NA,0,-0.718911426091907,-0.718910345064983,18.34619,3,3,3,3
"251,501,751",-0.7,3,19.9977319429084,NA,-0.715578726836365,-0.715591023252119,0,2.55773899273461,NA,0,2.53981354669937,-0.715591023252119,NA,0,3.04416872317888,-0.737769962022468,1,NA,0,-0.715578726836365,-0.715591023252119,2.55774,3,3,3,3
"251,501,751",-0.7,3,33.6866543823095,NA,-0.674847405531375,-0.674853605143854,0,8.9913505680886,NA,0,8.98347951130688,-0.674853605143854,NA,0,8.98633824776197,-0.676500172561387,4,NA,0,-0.674847679605895,-0.674853605143854,8.99134,3,3,3,3
"251,501,751",-0.7,3,33.5374640457278,NA,-0.729785237711362,-0.729794626874582,0,8.50495917962817,NA,0,8.48983375351862,-0.729794626874582,NA,0,8.59998651870615,-0.719506554352254,1,NA,0,-0.729785237711362,-0.729794626874582,8.50496,3,3,3,3
"251,501,751",-0.7,3,86.2424264340804,NA,-0.702879857329787,-0.702873650234601,0,35.5346957740042,NA,0,35.5433404365679,-0.702873650234601,NA,0,35.5890030444612,-0.709486386525579,1,NA,0,-0.702879857329787,-0.702873650234601,35.5347,3,3,3,3
"251,501,751",-0.7,3,53.3929215182922,NA,-0.716308798371381,-0.716314463139165,0,18.8754686558921,NA,0,18.8657012900413,-0.716314463139165,NA,0,21.4137113556456,-0.766145842078761,1,NA,0,-0.716308798371381,-0.716314463139165,18.87547,3,3,3,3
"251,501,751",-0.7,3,-6.94914105402372,NA,-0.688543730609812,-0.688541397904019,0,-11.1238294997749,NA,0,-11.1208328399813,-0.688541397904019,NA,0,-10.9861937172294,-0.700268602813627,1,NA,0,-0.688543730609812,-0.688541397904019,-11.12383,3,3,3,3
"251,501,751",-0.7,3,25.589733040393,NA,-0.716849407906225,-0.716847221027151,0,5.176041542628,NA,0,5.17404224068975,-0.716847221027151,NA,0,5.27973502843343,-0.706558633731841,1,NA,0,-0.716849407906225,-0.716847221027151,5.17604,3,3,3,3
"251,501,751",-0.7,3,24.5864264629599,NA,-0.679800074889977,-0.679799658329987,0,5.00250018470529,NA,0,5.00287091417504,-0.679799658329987,NA,0,10.3535206734503,-0.755892696229281,1,NA,0,-0.679800074889977,-0.679799658329987,5.0025,3,3,3,3
"251,501,751",-0.7,3,25.030525126312,NA,-0.709075113243717,-0.709074148130443,0,4.86671394253886,NA,0,4.86357038746116,-0.709074148130443,NA,0,6.51303478464668,-0.668173392612504,1,NA,0,-0.709075113243717,-0.709074148130443,4.86671,3,3,3,3
"251,501,751",-0.7,3,17.3125870099722,NA,-0.732938530407283,-0.732945439875835,0,0.0874619703794659,NA,0,0.0763124725376523,-0.732945439875835,NA,0,0.0800123081260322,-0.730931590214845,1,NA,0,-0.732938530407283,-0.732945439875835,0.08746,3,3,3,3
"251,501,751",-0.7,3,78.2922400111916,NA,-0.675936140094534,-0.675932261286136,0,31.6752888359392,NA,0,31.6771067967162,-0.675932261286136,NA,0,32.6605097970088,-0.708700561423259,1,NA,0,-0.675936140094534,-0.675932261286136,31.67529,3,3,3,3
"251,501,751",-0.7,3,13.1724578490316,NA,-0.705370133270548,-0.705355330214122,0,-0.695478956232246,NA,0,-0.67404970861447,-0.705355330214122,NA,0,1.93036164159607,-0.653963727613996,1,NA,0,-0.705370133270548,-0.705355330214122,-0.69548,3,3,3,3
"251,501,751",-0.7,3,16.5410105137641,NA,-0.709390619608363,-0.709389529041787,0,0.669793374027725,NA,0,0.671354159822754,-0.709389529041787,NA,0,0.672186010875908,-0.710142707105343,1,NA,0,-0.709390619608363,-0.709389529041787,0.66979,3,3,3,3
"251,501,751",-0.7,3,47.149296926764,NA,-0.696888592649958,-0.696900253660938,0,15.8222756326266,NA,0,15.8066264529365,-0.696900253660938,NA,0,15.8430970157254,-0.690516629226922,1,NA,0,-0.696888592649958,-0.696900253660938,15.82228,3,3,3,3
"251,501,751",-0.7,3,14.1126673102625,NA,-0.685221525837493,-0.6852317670773,0,-1.14977636650163,NA,0,-1.16302623467555,-0.6852317670773,NA,0,-0.356976785455051,-0.714193163396929,1,NA,0,-0.685221525837493,-0.6852317670773,-1.14978,3,3,3,3
"251,501,751",-0.7,3,-23.9996525608452,NA,-0.673560570583831,-0.673560604709138,0,-19.5577117320347,NA,0,-19.5578504770547,-0.673560604709138,NA,0,-19.5176917175992,-0.680183135886974,1,NA,0,-0.673560570583831,-0.673560604709138,-19.55771,3,3,3,3
"251,501,751",-0.7,3,-2.86072156373254,NA,-0.691988376355964,-0.691987295838853,0,-8.40285053155512,NA,0,-8.40502545431736,-0.691987295838853,NA,0,-8.37646789705562,-0.686513822731122,1,NA,0,-0.691988376355964,-0.691987295838853,-8.40285,3,3,3,3
"251,501,751",-0.7,3,70.43303253864,NA,-0.699248840856717,-0.699247897246081,0,28.2678098787724,NA,0,28.2691320685674,-0.699247897246081,NA,0,28.5972251903971,-0.680921095675036,1,NA,0,-0.699248840856717,-0.699247897246081,28.26781,3,3,3,3
"251,501,751",-0.7,3,-32.775881693015,NA,-0.724791448068691,-0.724757731350575,0,-26.448395340062,NA,0,-26.3982748994933,-0.724757731350575,NA,0,-26.0857935423601,-0.706847986794074,1,NA,0,-0.724791448068691,-0.724757731350575,-26.4484,3,3,3,3
"251,501,751",-0.7,3,69.0076269466447,NA,-0.69893232490247,-0.698921846629962,0,27.159821340555,NA,0,27.1744369844928,-0.698921846629962,NA,0,27.3374807914924,-0.685872345713373,1,NA,0,-0.69893232490247,-0.698921846629962,27.15982,3,3,3,3
"251,501,751",-0.7,3,21.5504865315476,NA,-0.681286455381063,-0.681284450021324,0,3.5132738906505,NA,0,3.51481101767977,-0.681284450021324,NA,0,3.77461920399615,-0.664558256029578,1,NA,0,-0.681286455381063,-0.681284450021324,3.51327,3,3,3,3
"251,501,751",-0.7,3,61.238270616679,NA,-0.708686000860712,-0.70868215651526,0,23.086791518338,NA,0,23.0897722034922,-0.70868215651526,NA,0,23.1546552391763,-0.700489502676679,1,NA,0,-0.708686000860712,-0.70868215651526,23.08679,3,3,3,3
"251,501,751",-0.7,3,24.4584096359715,NA,-0.65892636005271,-0.658927269515845,0,1.47900176133956,NA,0,1.47715540491298,-0.658927269515845,NA,0,1.48765221668086,-0.661761018636129,1,NA,0,-0.65892636005271,-0.658927269515845,1.479,3,3,3,3
"251,501,751",-0.7,3,75.7039563596711,NA,-0.706580944287342,-0.706593942874759,0,30.7108218679891,NA,0,30.693273471581,-0.706593942874759,NA,0,30.7613122652605,-0.714781338763325,1,NA,0,-0.706580944287342,-0.706593942874759,30.71082,3,3,3,3
"251,501,751",-0.7,3,64.7218368073173,NA,-0.697304267850658,-0.697282611706146,0,24.8719126809908,NA,0,24.8989619134709,-0.697282611706146,NA,0,25.0040115880048,-0.686755411003865,1,NA,0,-0.697304267850658,-0.697282611706146,24.87191,3,3,3,3
"251,501,751",-0.7,3,-40.0995886397274,NA,-0.681295956635981,-0.681292881742322,0,-27.2952494084887,NA,0,-27.2940965471461,-0.681292881742322,NA,0,-27.1350621931395,-0.668216611659079,1,NA,0,-0.681295956635981,-0.681292881742322,-27.29525,3,3,3,3
"251,501,751",-0.7,3,48.2549871713241,NA,-0.702872028696742,-0.702875947591015,0,17.1007609342013,NA,0,17.095423816061,-0.702875947591015,NA,0,17.1089431473291,-0.7065374272787,1,NA,0,-0.702872028696742,-0.702875947591015,17.10076,3,3,3,3
"251,501,751",-0.7,3,-51.2947177099498,NA,-0.682871103724854,-0.682833706501734,0,-34.1665811864198,NA,0,-34.1197213979624,-0.682833706501734,NA,0,-32.3935887024385,-0.725462510165364,1,NA,0,-0.682871103724854,-0.682833706501734,-34.16658,3,3,3,3
"251,501,751",-0.7,3,97.2209326536598,NA,-0.707990916553491,-0.707984206440707,0,41.3459002334407,NA,0,41.3547484915922,-0.707984206440707,NA,0,41.7499281772658,-0.727776335860089,1,NA,0,-0.707990916553491,-0.707984206440707,41.3459,3,3,3,3
"251,501,751",-0.7,3,-21.174468703668,NA,-0.689449470928543,-0.689462347736955,0,-18.3942198022555,NA,0,-18.4107378751998,-0.689462347736955,NA,0,-15.9442192733347,-0.638268934979134,1,NA,0,-0.689449470928543,-0.689462347736955,-18.39422,3,3,3,3
"251,501,751",-0.7,3,39.1184454447078,NA,-0.725707205467751,-0.7257085211103,0,11.1610349361162,NA,0,11.1591981027271,-0.7257085211103,NA,0,11.1700382875242,-0.728687851090272,1,NA,0,-0.725707205467751,-0.7257085211103,11.16103,3,3,3,3
"251,501,751",-0.7,3,106.508058754441,NA,-0.703561997704939,-0.70356226249253,0,46.3031902164715,NA,0,46.3026214912724,-0.70356226249253,NA,0,48.6899554894811,-0.654376875788178,1,NA,0,-0.703561997704939,-0.70356226249253,46.30319,3,3,3,3
"251,501,751",-0.7,3,-45.007281996903,NA,-0.737622048871265,-0.737630158448999,0,-31.0665153097474,NA,0,-31.0790154684989,-0.737630158448999,NA,0,-29.0564413857497,-0.780586646849851,1,NA,0,-0.737622048871265,-0.737630158448999,-31.06652,3,3,3,3
"251,501,751",-0.7,3,-13.7183278693735,NA,-0.721703774681111,-0.721701854006541,0,-14.2936307882342,NA,0,-14.2905938604017,-0.721701854006541,NA,0,-12.3627453324046,-0.764722608127561,1,NA,0,-0.721703774681111,-0.721701854006541,-14.29363,3,3,3,3
"251,501,751",-0.7,3,-52.5231920399961,NA,-0.715113577174608,-0.715113366847246,0,-34.0809674054948,NA,0,-34.0806183860672,-0.715113366847246,NA,0,-27.6777911413299,-0.635543618333359,1,NA,0,-0.715113577174608,-0.715113366847246,-34.08097,3,3,3,3
"251,501,751",-0.7,3,37.8408776581347,NA,-0.731227349225572,-0.731231946389572,0,10.7208749164404,NA,0,10.7136596721204,-0.731231946389572,NA,0,11.573742489426,-0.759457659477279,1,NA,0,-0.731227349225572,-0.731231946389572,10.72087,3,3,3,3
"251,501,751",-0.7,3,10.5509832128138,NA,-0.667703467026674,-0.667703426517534,0,-2.5877694877952,NA,0,-2.58790887882441,-0.667703426517534,NA,0,-2.47542090953061,-0.67886602795806,1,NA,0,-0.667703467026674,-0.667703426517534,-2.58777,3,3,3,3
"251,501,751",-0.7,3,1.11660126702943,NA,-0.717524428216201,-0.717520660614471,0,-7.35213427975556,NA,0,-7.34666484453483,-0.717520660614471,NA,0,-7.33957495226515,-0.719960612512467,1,NA,0,-0.717524428216201,-0.717520660614471,-7.35213,3,3,3,3
"251,501,751",-0.7,3,56.0258990435289,NA,-0.680527613611154,-0.680520160081857,0,20.7364802152529,NA,0,20.7389763576587,-0.680520160081857,NA,0,22.5787420632601,-0.635882522834053,1,NA,0,-0.680527613611154,-0.680520160081857,20.73648,3,3,3,3
"251,501,751",-0.7,3,8.32863842846475,NA,-0.717596339866072,-0.717601228642498,0,-3.24515429793866,NA,0,-3.25218266231905,-0.717601228642498,NA,0,-0.30688700145534,-0.664000629368568,7,NA,0,-0.717596568178011,-0.717601228642498,-3.24517,3,3,3,3
"251,501,751",-0.7,3,35.3976072833282,NA,-0.704515928388497,-0.704497472138547,0,10.2011368397677,NA,0,10.2275009688187,-0.704497472138547,NA,0,10.2722325267335,-0.697634607086477,1,NA,0,-0.704515928388497,-0.704497472138547,10.20114,3,3,3,3
"251,501,751",-0.7,3,33.8323937733628,NA,-0.73495057110446,-0.73494653827781,0,8.60689637540988,NA,0,8.61349523826627,-0.73494653827781,NA,0,11.1254765792283,-0.783085282808766,1,NA,0,-0.73495057110446,-0.73494653827781,8.6069,3,3,3,3
"251,501,751",-0.7,3,-32.5826959329227,NA,-0.694288211982222,-0.69428868049764,0,-23.2347441238665,NA,0,-23.2361850141881,-0.69428868049764,NA,0,-23.1794136532369,-0.686613446452791,1,NA,0,-0.694288211982222,-0.69428868049764,-23.23474,3,3,3,3
"251,501,751",-0.7,3,54.3989372879509,NA,-0.70079674064311,-0.700785491945042,0,20.0197199636849,NA,0,20.0316877238935,-0.700785491945042,NA,0,20.0316938320605,-0.700637956403664,1,NA,0,-0.70079674064311,-0.700785491945042,20.01972,3,3,3,3
"251,501,751",-0.7,3,3.17970901245569,NA,-0.724989540248385,-0.724989049111239,0,-5.97586779516701,NA,0,-5.97574834779268,-0.724989049111239,NA,0,-5.94680934447701,-0.71974881926688,1,NA,0,-0.724989540248385,-0.724989049111239,-5.97587,3,3,3,3
"251,501,751",-0.7,3,-21.9995138101282,NA,-0.722192352027692,-0.722181947392071,0,-18.4814113418436,NA,0,-18.4753422536168,-0.722181947392071,NA,0,-18.3033717094408,-0.735080225578215,1,NA,0,-0.722192352027692,-0.722181947392071,-18.48141,3,3,3,3
"251,501,751",-0.7,3,32.0889845285414,NA,-0.673378204452422,-0.673376063395524,0,7.68025153842008,NA,0,7.68290436783428,-0.673376063395524,NA,0,9.00804798532815,-0.711218598560784,1,NA,0,-0.673378204452422,-0.673376063395524,7.68025,3,3,3,3
"251,501,751",-0.7,3,-37.7860545162319,NA,-0.691057239374518,-0.691059092409624,0,-25.8893595728443,NA,0,-25.892133788616,-0.691059092409624,NA,0,-25.6641678127448,-0.675615730388781,1,NA,0,-0.691057239374518,-0.691059092409624,-25.88936,3,3,3,3
"251,501,751",-0.7,3,5.84221413780858,NA,-0.727630342939436,-0.727638567912728,0,-5.78702671473301,NA,0,-5.80282378626735,-0.727638567912728,NA,0,-4.40443202923792,-0.690918333405294,1,NA,0,-0.727630342939436,-0.727638567912728,-5.78703,3,3,3,3
"251,501,751",-0.7,3,-6.56256095845843,NA,-0.690879690777142,-0.69088748257576,0,-10.6472993532305,NA,0,-10.6576279483564,-0.69088748257576,NA,0,-9.62901056967146,-0.723570615544037,1,NA,0,-0.690879690777142,-0.69088748257576,-10.6473,3,3,3,3
"251,501,751",-0.7,3,-21.0192979984684,NA,-0.726826273930407,-0.726824818438974,0,-18.1758717726124,NA,0,-18.1797814892157,-0.726824818438974,NA,0,-18.0101428054821,-0.739516567705155,1,NA,0,-0.726826273930407,-0.726824818438974,-18.17587,3,3,3,3
"251,501,751",-0.7,3,38.834700555371,NA,-0.699260851916983,-0.699244506535626,0,12.025127826751,NA,0,12.0464645576993,-0.699244506535626,NA,0,12.1750770455523,-0.710599845486832,1,NA,0,-0.699260851916983,-0.699244506535626,12.02513,3,3,3,3
"251,501,751",-0.7,3,11.6361772399234,NA,-0.685782867339935,-0.685779718837146,0,-2.02335310378318,NA,0,-2.0196395790092,-0.685779718837146,NA,0,-1.65006827722352,-0.665772715841723,1,NA,0,-0.685782867339935,-0.685779718837146,-2.02335,3,3,3,3
"251,501,751",-0.7,3,68.8231464469572,NA,-0.743194986082024,-0.743195365459466,0,25.4203687260654,NA,0,25.4197890066362,-0.743195365459466,NA,0,25.6278072317393,-0.756843158358449,1,NA,0,-0.743194986082024,-0.743195365459466,25.42037,3,3,3,3
"251,501,751",-0.7,3,33.6812952183182,NA,-0.738584645859453,-0.738606602352666,0,6.80024476277558,NA,0,6.76144648190088,-0.738606602352666,NA,0,6.86803179065144,-0.728232924916548,1,NA,0,-0.738584645859453,-0.738606602352666,6.80024,3,3,3,3
"251,501,751",-0.7,3,82.9898585309048,NA,-0.710128020317905,-0.710131989598125,0,34.4647024492322,NA,0,34.4557467670284,-0.710131989598125,NA,0,34.6487682723942,-0.723965487000421,1,NA,0,-0.710128020317905,-0.710131989598125,34.4647,3,3,3,3
"251,501,751",-0.7,3,7.6716601131228,NA,-0.675794780752987,-0.675796693697556,0,-3.72535573038974,NA,0,-3.73114582052999,-0.675796693697556,NA,0,-2.17484163081199,-0.634484120425924,1,NA,0,-0.675794780752987,-0.675796693697556,-3.72536,3,3,3,3
"251,501,751",-0.7,3,-30.1872313886057,NA,-0.687765079373703,-0.687774672465861,0,-22.444673755608,NA,0,-22.4568057798704,-0.687774672465861,NA,0,-22.4563301751197,-0.688394224532762,1,NA,0,-0.687765079373703,-0.687774672465861,-22.44467,3,3,3,3
"251,501,751",-0.7,3,40.0584394559735,NA,-0.689499868415826,-0.689495351082896,0,12.9422505537582,NA,0,12.9484583955821,-0.689495351082896,NA,0,14.0032180407721,-0.72277729681733,1,NA,0,-0.689499868415826,-0.689495351082896,12.94225,3,3,3,3
"251,501,751",-0.7,3,80.1520568179357,NA,-0.704935018090437,-0.704936637090897,0,32.4543159786318,NA,0,32.4503897272072,-0.704936637090897,NA,0,32.5144886984851,-0.696702604501445,1,NA,0,-0.704935018090437,-0.704936637090897,32.45432,3,3,3,3
"251,501,751",-0.7,3,31.9116774927211,NA,-0.694711141970056,-0.694708378627829,0,9.02313256482892,NA,0,9.01963104632834,-0.694708378627829,NA,0,9.06075177635647,-0.701258686762811,1,NA,0,-0.694711141970056,-0.694708378627829,9.02313,3,3,3,3
"251,501,751",-0.7,3,127.407730309726,NA,-0.633513643129691,-0.633512348123536,0,53.0810289818949,NA,0,53.082407115732,-0.633512348123536,NA,0,53.2817085696311,-0.61804904383831,1,NA,0,-0.633513643129691,-0.633512348123536,53.08103,3,3,3,3
"251,501,751",-0.7,3,-67.5614515804001,NA,-0.71371799693631,-0.713726404722481,0,-41.8402778359144,NA,0,-41.8523982649353,-0.713726404722481,NA,0,-40.3098230783066,-0.752366115199126,1,NA,0,-0.71371799693631,-0.713726404722481,-41.84028,3,3,3,3
"251,501,751",-0.7,3,-29.6025672211845,NA,-0.68718991466725,-0.687189011540246,0,-21.8993193047462,NA,0,-21.8982199851066,-0.687189011540246,NA,0,-21.8981113814092,-0.686839040325188,1,NA,0,-0.68718991466725,-0.687189011540246,-21.89932,3,3,3,3
"251,501,751",-0.7,3,86.6562901461335,NA,-0.719804366291695,-0.719800827387987,0,35.9061760114299,NA,0,35.9114061634645,-0.719800827387987,NA,0,36.481363823576,-0.696310016698732,1,NA,0,-0.719804366291695,-0.719800827387987,35.90618,3,3,3,3
"251,501,751",-0.7,3,100.364776324581,NA,-0.711178629559791,-0.711178860028606,0,43.1120453644336,NA,0,43.1113603397709,-0.711178860028606,NA,0,43.3679636612496,-0.727106271069417,1,NA,0,-0.711178629559791,-0.711178860028606,43.11205,3,3,3,3
"251,501,751",-0.7,3,-1.15114081638595,NA,-0.705959495938445,-0.705960495048881,0,-7.63136007089037,NA,0,-7.63277508996167,-0.705960495048881,NA,0,-7.53292028385248,-0.695915367434104,1,NA,0,-0.705959495938445,-0.705960495048881,-7.63136,3,3,3,3
"251,501,751",-0.7,3,12.5185359149658,NA,-0.706121368112232,-0.70611866479471,0,-0.696324095148092,NA,0,-0.695935486192615,-0.70611866479471,NA,0,1.89949034914772,-0.654898114990356,1,NA,0,-0.706121368112232,-0.70611866479471,-0.69632,3,3,3,3
"251,501,751",-0.7,3,22.9447244127786,NA,-0.707046772257765,-0.707029271107929,0,3.98399193704324,NA,0,4.00786645470875,-0.707029271107929,NA,0,4.18156071633199,-0.720087827270284,1,NA,0,-0.707046772257765,-0.707029271107929,3.98399,3,3,3,3
"251,501,751",-0.7,3,-3.54609895448813,NA,-0.662503729740229,-0.662490042231492,0,-10.3790804256906,NA,0,-10.3625079071342,-0.662490042231492,NA,0,-9.80196214033309,-0.637252807066808,1,NA,0,-0.662503729740229,-0.662490042231492,-10.37908,3,3,3,3
"251,501,751",-0.7,3,84.9069562855656,NA,-0.654103375540241,-0.654106990138307,0,33.5574872405936,NA,0,33.5530957714116,-0.654106990138307,NA,0,34.3706658126349,-0.68465567772123,1,NA,0,-0.654103375540241,-0.654106990138307,33.55749,3,3,3,3
"251,501,751",-0.7,3,-24.9233092245217,NA,-0.678574008461832,-0.678572113280517,0,-19.7918698099956,NA,0,-19.7921028261562,-0.678572113280517,NA,0,-17.5836338619717,-0.629578715482691,1,NA,0,-0.678574008461832,-0.678572113280517,-19.79187,3,3,3,3
"251,501,751",-0.7,3,16.5596461204732,NA,-0.719968062204443,-0.719968740997317,0,0.953786210222178,NA,0,0.952706201439542,-0.719968740997317,NA,0,3.41132418041807,-0.671240135581762,1,NA,0,-0.719968062204443,-0.719968740997317,0.95379,3,3,3,3
"251,501,751",-0.7,3,4.25465370371894,NA,-0.689606209332355,-0.689605843419086,0,-4.88806814266417,NA,0,-4.88959569745895,-0.689605843419086,NA,0,-4.33360695332661,-0.665413106001277,1,NA,0,-0.689606209332355,-0.689605843419086,-4.88807,3,3,3,3
"251,501,751",-0.7,3,-64.7832529809355,NA,-0.710593606123693,-0.71059823413918,0,-39.8465759093282,NA,0,-39.8530619034591,-0.71059823413918,NA,0,-39.7649567242073,-0.719808690183021,1,NA,0,-0.710593606123693,-0.71059823413918,-39.84658,3,3,3,3
"251,501,751",-0.7,3,52.3333172976267,NA,-0.682759379108662,-0.682757481963137,0,18.9641608077822,NA,0,18.9668027006837,-0.682757481963137,NA,0,18.9865255795865,-0.678162746411424,1,NA,0,-0.682759379108662,-0.682757481963137,18.96416,3,3,3,3
"251,501,751",-0.7,3,47.097143634672,NA,-0.710417817028806,-0.710414103911045,0,16.3763044733654,NA,0,16.3814775009617,-0.710414103911045,NA,0,16.836539044223,-0.731612816565162,7,NA,0,-0.710417797951123,-0.710414103911045,16.37628,3,3,3,3
"251,501,751",-0.7,3,-81.0056656693392,NA,-0.682181301723143,-0.682179594829392,0,-47.7504149205435,"",0,-47.7484650907497,-0.682179594829392,NA,0,-47.6045364179899,-0.694577675768353,1,NA,0,-0.682181301723143,-0.682179594829392,-47.75041,3,3,3,3
"251,501,751",-0.7,3,46.4539240557532,NA,-0.730313573876462,-0.730331552319389,0,13.6538607231447,"",0,13.6261843632414,-0.730331552319389,NA,0,13.6878296147942,-0.737451568176533,1,NA,0,-0.730313573876462,-0.730331552319389,13.65386,3,3,3,3
"251,501,751",-0.7,3,36.4798479587064,NA,-0.668468743590502,-0.668469205435401,0,10.4107715707098,"",0,10.4102157193712,-0.668469205435401,NA,0,10.4727879989213,-0.660141072877807,1,NA,0,-0.668468743590502,-0.668469205435401,10.41077,3,3,3,3
"251,501,751",-0.7,3,25.7477093099119,NA,-0.670024829324559,-0.670030414320281,0,4.95786248464574,"",0,4.9478479652014,-0.670030414320281,NA,0,5.57273268659599,-0.643640292177776,1,NA,0,-0.670024829324559,-0.670030414320281,4.95786,3,3,3,3
"251,501,751",-0.7,3,-10.5119397448259,NA,-0.707401028333369,-0.707403590009119,0,-12.3725689309172,"",0,-12.376350498537,-0.707403590009119,NA,0,-12.3129803454659,-0.699393949603576,1,NA,0,-0.707401028333369,-0.707403590009119,-12.37257,3,3,3,3
"251,501,751",-0.7,3,-1.89769415652801,NA,-0.723598605692238,-0.723597137317269,0,-8.48376969638649,"",0,-8.48330910418477,-0.723597137317269,NA,0,-8.35455615480724,-0.734684007422092,1,NA,0,-0.723598605692238,-0.723597137317269,-8.48377,3,3,3,3
"251,501,751",-0.7,3,10.099092797813,NA,-0.700813612073609,-0.700809062956915,0,-2.14076987767948,"",0,-2.13509252606761,-0.700809062956915,NA,0,-1.79232907874519,-0.682051048749805,1,NA,0,-0.700813612073609,-0.700809062956915,-2.14077,3,3,3,3
"251,501,751",-0.7,3,-10.8896356263357,NA,-0.687214988474898,-0.687211554193285,0,-12.584147052463,"",0,-12.5800852014688,-0.687211554193285,NA,0,-9.77832941906767,-0.741658718837079,1,NA,0,-0.687214988474898,-0.687211554193285,-12.58415,3,3,3,3
"251,501,751",-0.7,3,-27.9469786420502,NA,-0.701653076330292,-0.701649763294057,0,-20.9666610177949,"",0,-20.9634156600965,-0.701649763294057,NA,0,-17.1279648669933,-0.639060287455131,1,NA,0,-0.701653076330292,-0.701649763294057,-20.96666,3,3,3,3
"251,501,751",-0.7,3,64.469600065882,NA,-0.708733006311446,-0.708726225100499,0,24.8999693171319,"",0,24.9075501506491,-0.708726225100499,NA,0,24.9158292799911,-0.711520398508055,1,NA,0,-0.708733006311446,-0.708726225100499,24.89997,3,3,3,3
"251,501,751",-0.7,3,1.05458232437948,NA,-0.65685340185696,-0.656853716108206,0,-8.07587244294808,"",0,-8.07641946277069,-0.656853716108206,NA,0,-7.41845636179826,-0.629467490763552,1,NA,0,-0.65685340185696,-0.656853716108206,-8.07587,3,3,3,3
"251,501,751",-0.7,3,67.5969498780602,NA,-0.653106952869991,-0.653109008854061,0,24.9662796859301,"",0,24.9640661223437,-0.653109008854061,NA,0,25.2152466903688,-0.636127921612268,1,NA,0,-0.653106952869991,-0.653109008854061,24.96628,3,3,3,3
"251,501,751",-0.7,3,-29.8043875862842,NA,-0.727015723861004,-0.727014769152002,0,-22.7272628121759,"",0,-22.7266031295053,-0.727014769152002,NA,0,-21.8963877597408,-0.698951089392017,1,NA,0,-0.727015723861004,-0.727014769152002,-22.72726,3,3,3,3
"251,501,751",-0.7,3,4.28242404062237,NA,-0.669806363177985,-0.66979807557138,0,-5.71061927630095,"",0,-5.69996552264071,-0.66979807557138,NA,0,-5.60958422335979,-0.659775121626097,1,NA,0,-0.669806363177985,-0.66979807557138,-5.71062,3,3,3,3
"251,501,751",-0.7,3,-20.1554534530908,NA,-0.690475542046841,-0.690473304042156,0,-17.7956232339009,"",0,-17.7926019799043,-0.690473304042156,NA,0,-16.5163857416406,-0.726832960038446,1,NA,0,-0.690475542046841,-0.690473304042156,-17.79562,3,3,3,3
"251,501,751",-0.7,3,-15.1942460424888,NA,-0.71788507251056,-0.717880285722399,0,-14.9057373286524,"260,283",2,-8.99202374972008,-0.721952884746351,990,1,-15.1170319190029,-0.702655533685864,1,NA,0,-0.71788507251056,-0.717880285722399,-14.90574,3,1.041,2.239,3
"251,501,751",-0.7,3,28.4033281242224,NA,-0.698704596111464,-0.698697733209647,0,7.12956936596201,"",0,7.1392049283891,-0.698697733209647,NA,0,10.4039287196822,-0.640749646836304,1,NA,0,-0.698704596111464,-0.698697733209647,7.12957,3,3,3,3
"251,501,751",-0.7,3,88.6961452744697,NA,-0.675679932720089,-0.675681377926628,0,36.8768734565737,"",0,36.8751817538148,-0.675681377926628,NA,0,36.9729784976278,-0.685987490521611,1,NA,0,-0.675679932720089,-0.675681377926628,36.87687,3,3,3,3
"251,501,751",-0.7,3,103.665483784129,NA,-0.699608834079211,-0.699608056759803,0,44.790669205024,"",0,44.7908842726232,-0.699608056759803,NA,0,45.1464867370422,-0.718650623729346,1,NA,0,-0.699608834079211,-0.699608056759803,44.79067,3,3,3,3
"251,501,751",-0.7,3,94.8765650244623,NA,-0.702921649295052,-0.702915936162628,0,40.4771511744009,"",0,40.4856963548944,-0.702915936162628,NA,0,42.1482317531234,-0.661787220974879,1,NA,0,-0.702921649295052,-0.702915936162628,40.47715,3,3,3,3
"251,501,751",-0.7,3,79.460870910766,NA,-0.728282309131257,-0.728282414051696,0,31.9541330407934,NA,0,31.9528645371703,-0.728282414051696,NA,0,32.0886478810796,-0.739593359230224,1,NA,0,-0.728282309131257,-0.728282414051696,31.95413,3,3,3,3
"251,501,751",-0.7,3,11.9943204352415,NA,-0.678411223580781,-0.678412504516522,0,-2.8814873809617,NA,0,-2.88283628044032,-0.678412504516522,NA,0,-2.11026175434369,-0.649047000761139,1,NA,0,-0.678411223580781,-0.678412504516522,-2.88149,3,3,3,3
"251,501,751",-0.7,3,-16.3723232187918,NA,-0.683653075563179,-0.683651374670135,0,-15.4567445857963,NA,0,-15.4554936330675,-0.683651374670135,NA,0,-13.8160045752775,-0.725487023555287,1,NA,0,-0.683653075563179,-0.683651374670135,-15.45674,3,3,3,3
"251,501,751",-0.7,3,89.557230884247,NA,-0.67547234312176,-0.67548355829809,0,36.6991684664462,NA,0,36.6844831253895,-0.67548355829809,NA,0,37.0726578029396,-0.654697110892624,1,NA,0,-0.67547234312176,-0.67548355829809,36.69917,3,3,3,3
"251,501,751",-0.7,3,6.91137102756129,NA,-0.690742946555359,-0.690738175546816,0,-3.61429316298306,NA,0,-3.61111262511522,-0.690738175546816,NA,0,-3.57852434123195,-0.69657796857264,1,NA,0,-0.690742946555359,-0.690738175546816,-3.61429,3,3,3,3
"251,501,751",-0.7,3,-20.2680272777651,NA,-0.712185890658547,-0.712178321114049,0,-17.5477739060402,NA,0,-17.5369582596604,-0.712178321114049,NA,0,-16.3647265636843,-0.746097695006061,1,NA,0,-0.712185890658547,-0.712178321114049,-17.54777,3,3,3,3
"251,501,751",-0.7,3,57.073753175392,NA,-0.713257740241874,-0.713259934531749,0,21.3531572231964,NA,0,21.3497666276693,-0.713259934531749,NA,0,21.495955351185,-0.725227209802755,1,NA,0,-0.713257740241874,-0.713259934531749,21.35316,3,3,3,3
"251,501,751",-0.7,3,73.1854986332571,NA,-0.706576593733873,-0.706581910396166,0,28.9491013686215,NA,0,28.9417568625196,-0.706581910396166,NA,0,39.2618230216446,-0.604178652604588,1,NA,0,-0.706576593733873,-0.706581910396166,28.9491,3,3,3,3
"251,501,751",-0.7,3,38.1638303005439,NA,-0.726481216592262,-0.726478687669342,0,11.3659803452777,NA,0,11.36740602898,-0.726478687669342,NA,0,11.83729190174,-0.705323382087039,1,NA,0,-0.726481216592262,-0.726478687669342,11.36598,3,3,3,3
"251,501,751",-0.7,3,68.6115955702942,NA,-0.691666421660292,-0.691656233440433,0,25.2637587474838,NA,0,25.2776702087138,-0.691656233440433,NA,0,25.3066248411157,-0.696578703705228,1,NA,0,-0.691666421660292,-0.691656233440433,25.26376,3,3,3,3
"251,501,751",-0.7,3,118.064606903927,NA,-0.71575748314225,-0.715756333997214,0,51.8426850164654,NA,0,51.8430739574846,-0.715756333997214,NA,0,52.0722353716036,-0.730717683695621,1,NA,0,-0.71575748314225,-0.715756333997214,51.84269,3,3,3,3
"251,501,751",-0.7,3,18.8065840692096,NA,-0.682506250878079,-0.682496198669485,0,1.86941335673771,NA,0,1.88216361048017,-0.682496198669485,NA,0,2.14421527531022,-0.665674541105576,1,NA,0,-0.682506250878079,-0.682496198669485,1.86941,3,3,3,3
"251,501,751",-0.7,3,99.4530056806125,NA,-0.650605711078609,-0.650596221186354,0,40.4303022716628,NA,0,40.4397216783704,-0.650596221186354,NA,0,40.4553720516832,-0.646279421093944,1,NA,0,-0.650605711078609,-0.650596221186354,40.4303,3,3,3,3
"251,501,751",-0.7,3,27.9552095593885,NA,-0.707655888159852,-0.707656881552851,0,6.99887442832318,NA,0,6.99747855470199,-0.707656881552851,NA,0,7.10060059420603,-0.697504347409818,1,NA,0,-0.707655888159852,-0.707656881552851,6.99887,3,3,3,3
"251,501,751",-0.7,3,-2.20495190372001,NA,-0.730798850036264,-0.730793668701311,0,-9.29716062520292,NA,0,-9.28886636516102,-0.730793668701311,NA,0,-8.04810345955949,-0.76475074557992,1,NA,0,-0.730798850036264,-0.730793668701311,-9.29716,3,3,3,3
"251,501,751",-0.7,3,13.9385315181257,NA,-0.70736806443414,-0.707359982471678,0,-0.182889652217872,NA,0,-0.171280936478991,-0.707359982471678,NA,0,0.822924397172933,-0.675778817392055,1,NA,0,-0.70736806443414,-0.707359982471678,-0.18289,3,3,3,3
"251,501,751",-0.7,3,6.23374289769235,NA,-0.658999727581104,-0.65901110042795,0,-5.62669993863172,NA,0,-5.63968394112381,-0.65901110042795,NA,0,-5.24131154562063,-0.637638800944498,1,NA,0,-0.658999727581104,-0.65901110042795,-5.6267,3,3,3,3
"251,501,751",-0.7,3,10.5071103433849,NA,-0.713277241961647,-0.713268924472762,0,-2.03795444972103,NA,0,-2.02541962980874,-0.713268924472762,NA,0,-0.722094272960689,-0.677395948830967,1,NA,0,-0.713277241961647,-0.713268924472762,-2.03795,3,3,3,3
"251,501,751",-0.7,3,22.1798672862209,NA,-0.714361902364366,-0.714362973012708,0,3.91506625700789,NA,0,3.91292452302469,-0.714362973012708,NA,0,4.72695543573023,-0.74262732537468,1,NA,0,-0.714361902364366,-0.714362973012708,3.91507,3,3,3,3
"251,501,751",-0.7,3,78.2870268555316,NA,-0.72876557992254,-0.728764681685955,0,31.3358699960654,NA,0,31.3360235942554,-0.728764681685955,NA,0,31.3380413111968,-0.730139411293574,1,NA,0,-0.72876557992254,-0.728764681685955,31.33587,3,3,3,3
"251,501,751",-0.7,3,29.1356995685198,NA,-0.686095175706095,-0.686111687521088,0,6.86993575581997,NA,0,6.84624141167497,-0.686111687521088,NA,0,8.72352486628444,-0.730556411601576,1,NA,0,-0.686095175706095,-0.686111687521088,6.86994,3,3,3,3
"251,501,751",-0.7,3,-0.614411664698263,NA,-0.71093470099109,-0.710933036269869,0,-7.35697993090004,NA,0,-7.35509384414281,-0.710933036269869,NA,0,-5.10573249772982,-0.758196653726809,1,NA,0,-0.71093470099109,-0.710933036269869,-7.35698,3,3,3,3
"251,501,751",-0.7,3,-2.49133157120613,NA,-0.736465478302745,-0.736465536064338,0,-9.65075036749901,NA,0,-9.65085564381667,-0.736465536064338,NA,0,-9.45713849177734,-0.723135761995936,1,NA,0,-0.736465478302745,-0.736465536064338,-9.65075,3,3,3,3
"251,501,751",-0.7,3,33.7130667649821,NA,-0.693807657540675,-0.693808779759609,0,8.06899067332686,NA,0,8.0676043840287,-0.693808779759609,NA,0,10.4898283302263,-0.643068023498031,1,NA,0,-0.693807657540675,-0.693808779759609,8.06899,3,3,3,3
"251,501,751",-0.7,3,64.517425597853,NA,-0.717800287175004,-0.717792563968441,0,24.8643377707798,NA,0,24.875550103239,-0.717792563968441,NA,0,26.5942539285993,-0.758614709790214,1,NA,0,-0.717800287175004,-0.717792563968441,24.86434,3,3,3,3
"251,501,751",-0.7,3,10.3964448178388,NA,-0.709855327579274,-0.709858502972958,0,-1.88774444621688,NA,0,-1.89340620089728,-0.709858502972958,NA,0,1.85338478166577,-0.770943832048586,1,NA,0,-0.709855327579274,-0.709858502972958,-1.88774,3,3,3,3
"251,501,751",-0.7,3,29.0560117697946,NA,-0.681967433647232,-0.681969644664566,0,7.26074898828681,NA,0,7.25575493651905,-0.681969644664566,NA,0,7.92768316267102,-0.708798294920374,1,NA,0,-0.681967433647232,-0.681969644664566,7.26075,3,3,3,3
"251,501,751",-0.7,3,87.641587069532,NA,-0.702869607164763,-0.702863766892504,0,36.8830317915805,NA,0,36.8863970499781,-0.702863766892504,NA,0,40.0692736230752,-0.645633143352575,1,NA,0,-0.702869607164763,-0.702863766892504,36.88303,3,3,3,3
"251,501,751",-0.7,3,-36.3007474349295,NA,-0.695582125291428,-0.695594022404585,0,-25.3564924706255,NA,0,-25.3721179891366,-0.695594022404585,NA,0,-25.0403835485788,-0.7140076707659,1,NA,0,-0.695582125291428,-0.695594022404585,-25.35649,3,3,3,3
"251,501,751",-0.7,3,41.3607588184458,NA,-0.708639746113406,-0.708660255543574,0,12.6332539441795,NA,0,12.6033510066587,-0.708660255543574,NA,0,13.7662790136941,-0.674245355966742,1,NA,0,-0.708639746113406,-0.708660255543574,12.63325,3,3,3,3
"251,501,751",-0.7,3,65.6983178357544,NA,-0.691427459857635,-0.691427733129502,0,25.8508243601403,NA,0,25.8493902758844,-0.691427733129502,NA,0,27.3137712357516,-0.730574037707149,1,NA,0,-0.691427459857635,-0.691427733129502,25.85082,3,3,3,3
"251,501,751",-0.7,3,79.5322532543967,NA,-0.698825983261315,-0.698839983421477,0,32.4688072068191,NA,0,32.4479390108144,-0.698839983421477,NA,0,36.4435203787712,-0.634580428344492,1,NA,0,-0.698825983261315,-0.698839983421477,32.46881,3,3,3,3
"251,501,751",-0.7,3,97.7562360102579,NA,-0.677945293214894,-0.677946733185959,0,41.4639312814828,NA,0,41.4617548400504,-0.677946733185959,NA,0,45.0232553185896,-0.615759454310061,1,NA,0,-0.677945293214894,-0.677946733185959,41.46393,3,3,3,3
"251,501,751",-0.7,3,33.7539862015342,NA,-0.71001237710441,-0.710013569556782,0,9.85237730140757,NA,0,9.84998202558404,-0.710013569556782,NA,0,11.0450915636744,-0.744463584068323,1,NA,0,-0.71001237710441,-0.710013569556782,9.85238,3,3,3,3
"251,501,751",-0.7,3,-3.66600043709258,NA,-0.71649333325868,-0.716494735562737,0,-9.40724236110476,NA,0,-9.40925039035789,-0.716494735562737,NA,0,-9.31967873923054,-0.707039494151976,1,NA,0,-0.71649333325868,-0.716494735562737,-9.40724,3,3,3,3
"251,501,751",-0.7,3,65.757600145573,NA,-0.702387576779752,-0.702364597105704,0,25.6252360500634,NA,0,25.6527253932597,-0.702364597105704,NA,0,25.7013229756944,-0.695280185859286,1,NA,0,-0.702387576779752,-0.702364597105704,25.62524,3,3,3,3
"251,501,751",-0.7,3,26.3906260743663,NA,-0.689862997693144,-0.689867249394709,0,5.56987766230182,NA,0,5.56327548760779,-0.689867249394709,NA,0,5.69766276863754,-0.701540709916737,1,NA,0,-0.689862997693144,-0.689867249394709,5.56988,3,3,3,3
"251,501,751",-0.7,3,-2.05865018968745,NA,-0.708489787708524,-0.708474261485494,0,-8.63339090728712,NA,0,-8.61152688637969,-0.708474261485494,NA,0,-5.05727162416273,-0.767924267878185,1,NA,0,-0.708489787708524,-0.708474261485494,-8.63339,3,3,3,3
"251,501,751",-0.7,3,-0.531740215064584,NA,-0.677525210144137,-0.677521785767628,0,-7.86121986775214,NA,0,-7.85683645552647,-0.677521785767628,NA,0,-7.84205691170202,-0.673457976075392,1,NA,0,-0.677525210144137,-0.677521785767628,-7.86122,3,3,3,3
"251,501,751",-0.7,3,50.7012487936494,NA,-0.641616237766692,-0.641630942129153,0,14.4477774608336,NA,0,14.4317245906379,-0.641630942129153,NA,0,16.9713915125357,-0.586531023071942,1,NA,0,-0.641616237766692,-0.641630942129153,14.44778,3,3,3,3
"251,501,751",-0.7,3,22.8282129854305,NA,-0.690182385844097,-0.690183159585041,0,4.23070016376189,NA,0,4.22967073468759,-0.690183159585041,NA,0,4.40623540561346,-0.676525526941236,1,NA,0,-0.690182385844097,-0.690183159585041,4.2307,3,3,3,3
"251,501,751",-0.7,3,77.2708242274651,NA,-0.687154593771134,-0.687152502002959,0,31.553894667547,NA,0,31.5568954672259,-0.687152502002959,NA,0,34.5429184556833,-0.743384566740406,1,NA,0,-0.687154593771134,-0.687152502002959,31.55389,3,3,3,3
"251,501,751",-0.7,3,10.2762753312722,NA,-0.691795202130966,-0.691787923534048,0,-1.9864699704056,NA,0,-1.97889225984566,-0.691787923534048,NA,0,-1.88353563387984,-0.681776621486625,1,NA,0,-0.691795202130966,-0.691787923534048,-1.98647,3,3,3,3
"251,501,751",-0.7,3,19.1517845844204,NA,-0.708911102440942,-0.70890949580695,0,2.58822090570028,NA,0,2.58922248038111,-0.70890949580695,NA,0,4.36329800072735,-0.666726338797161,1,NA,0,-0.708911102440942,-0.70890949580695,2.58822,3,3,3,3
"251,501,751",-0.7,3,62.1583867226481,NA,-0.685704095385304,-0.685698127683448,0,23.9102018767134,NA,0,23.9169546532147,-0.685698127683448,NA,0,24.2369086803453,-0.667267665486447,1,NA,0,-0.685704095385304,-0.685698127683448,23.9102,3,3,3,3
"251,501,751",-0.7,3,0.68962343420564,NA,-0.699344496057085,-0.699325411922934,0,-7.08219578808586,NA,0,-7.05798101233712,-0.699325411922934,NA,0,-6.44602407892208,-0.724237216235176,1,NA,0,-0.699344496057085,-0.699325411922934,-7.0822,3,3,3,3
"251,501,751",-0.7,3,3.36944112485158,NA,-0.705154915696106,-0.705142965409937,0,-5.9097443691106,NA,0,-5.89274118777932,-0.705142965409937,NA,0,-4.0268133757493,-0.661563442517528,1,NA,0,-0.705154915696106,-0.705142965409937,-5.90974,3,3,3,3
"251,501,751",-0.7,3,43.7881140413162,NA,-0.682774792811338,-0.682773757005272,0,14.6613429081076,NA,0,14.6612748259206,-0.682773757005272,NA,0,17.967606772008,-0.623162945662136,1,NA,0,-0.682774792811338,-0.682773757005272,14.66134,3,3,3,3
"251,501,751",-0.7,3,57.8258311582514,NA,-0.657349024732429,-0.657352301933903,0,19.9039357036364,NA,0,19.9002517406723,-0.657352301933903,NA,0,20.829386004769,-0.689698936889642,1,NA,0,-0.657349024732429,-0.657352301933903,19.90394,3,3,3,3
"251,501,751",-0.7,3,19.2714389044743,NA,-0.665313183868406,-0.665310575256071,0,1.4460158520655,NA,0,1.44633262213323,-0.665310575256071,NA,0,1.54586973444136,-0.675831402468117,1,NA,0,-0.665313183868406,-0.665310575256071,1.44602,3,3,3,3
"251,501,751",-0.7,3,25.3022459623821,NA,-0.717252008523494,-0.717250354938417,0,4.89460826273677,NA,0,4.89586143497543,-0.717250354938417,NA,0,6.84901925066047,-0.673419961438643,1,NA,0,-0.717252008523494,-0.717250354938417,4.89461,3,3,3,3
"251,501,751",-0.7,3,103.289808969591,NA,-0.678882754920717,-0.678866775091052,0,43.8887363536818,NA,0,43.9082809892016,-0.678866775091052,NA,0,45.0437301648021,-0.713775343277693,1,NA,0,-0.678882754920717,-0.678866775091052,43.88874,3,3,3,3
"251,501,751",-0.7,3,17.8477890511861,NA,-0.724365971822942,-0.724347512528546,0,-0.246213025537244,NA,0,-0.220856448813862,-0.724347512528546,NA,0,-0.163015475318306,-0.716486352914493,1,NA,0,-0.724365971822942,-0.724347512528546,-0.24621,3,3,3,3
"251,501,751",-0.7,3,2.39334475442633,NA,-0.696244551687127,-0.696243240617943,0,-5.82683199993878,NA,0,-5.8251129081141,-0.696243240617943,NA,0,-5.41493905138853,-0.716779614209855,1,NA,0,-0.696244551687127,-0.696243240617943,-5.82683,3,3,3,3
"251,501,751",-0.7,3,14.4999839516139,NA,-0.685512427615339,-0.685519193197749,0,-0.0591038894438718,NA,0,-0.0675751359532235,-0.685519193197749,NA,0,0.43744069162404,-0.708607968553466,1,NA,0,-0.685512427615339,-0.685519193197749,-0.0591,3,3,3,3
"251,501,751",-0.7,3,12.5320570059967,NA,-0.665728151366389,-0.665726231911633,0,-1.70542501154685,NA,0,-1.70360148629073,-0.665726231911633,NA,0,-1.04742187207168,-0.638644673279133,1,NA,0,-0.665728151366389,-0.665726231911633,-1.70543,3,3,3,3
"251,501,751",-0.7,3,30.0228294836725,NA,-0.636104227443864,-0.636070520343241,0,2.96462159992112,NA,0,3.00080288563797,-0.636070520343241,NA,0,3.18350216554132,-0.620829957011838,1,NA,0,-0.636104227443864,-0.636070520343241,2.96462,3,3,3,3
"251,501,751",-0.7,3,79.5397676739677,NA,-0.689147044419841,-0.689144662997965,0,32.437777660055,NA,0,32.4402050377032,-0.689144662997965,NA,0,32.9302238659484,-0.711766663998611,1,NA,0,-0.689147044419841,-0.689144662997965,32.43778,3,3,3,3
"251,501,751",-0.7,3,5.02876566955224,NA,-0.780331720433903,-0.780331410145995,0,-12.7078158837213,NA,0,-12.707692453344,-0.780331410145995,NA,0,-12.4346983090415,-0.794919411682993,1,NA,0,-0.780331720433903,-0.780331410145995,-12.70782,3,3,3,3
"251,501,751",-0.7,3,29.5297680367995,NA,-0.698299344559415,-0.698301949308298,0,7.65733273294588,NA,0,7.65127896950083,-0.698301949308298,NA,0,7.80842712618968,-0.685510889719619,1,NA,0,-0.698299344559415,-0.698301949308298,7.65733,3,3,3,3
"251,501,751",-0.7,3,36.6011675567865,NA,-0.701943411379666,-0.701942447881606,0,11.3887212438821,"",0,11.3893315121021,-0.701942447881606,NA,0,12.4770100764482,-0.735228001719902,1,NA,0,-0.701943411379666,-0.701942447881606,11.38872,3,3,3,3
"251,501,751",-0.7,3,19.200735870239,NA,-0.722051326853199,-0.722037087736166,0,1.20380677052299,"",0,1.22478437995136,-0.722037087736166,NA,0,1.55688810832657,-0.739618116083822,1,NA,0,-0.722051326853199,-0.722037087736166,1.20381,3,3,3,3
"251,501,751",-0.7,3,20.7250213184313,NA,-0.699623032764367,-0.699624207185157,0,3.32255591884132,"",0,3.32016375530615,-0.699624207185157,NA,0,4.49650780709681,-0.664878506168722,1,NA,0,-0.699623032764367,-0.699624207185157,3.32256,3,3,3,3
"251,501,751",-0.7,3,-27.4316124187779,NA,-0.714799629490918,-0.714800681238267,0,-20.8791820058009,"",0,-20.8811150438951,-0.714800681238267,NA,0,-20.2907158466358,-0.738855401900159,1,NA,0,-0.714799629490918,-0.714800681238267,-20.87918,3,3,3,3
"251,501,751",-0.7,3,65.9252175637312,NA,-0.66960718376907,-0.6696059111111,0,25.1991994741656,"",0,25.2001401475044,-0.6696059111111,NA,0,25.3311229746436,-0.681629737203795,1,NA,0,-0.66960718376907,-0.6696059111111,25.1992,3,3,3,3
"251,501,751",-0.7,3,33.6801290739023,NA,-0.698176865185138,-0.698171660538633,0,9.68657281556041,"",0,9.68957771518831,-0.698171660538633,NA,0,10.4882173960635,-0.726847436375711,1,NA,0,-0.698176865185138,-0.698171660538633,9.68657,3,3,3,3
"251,501,751",-0.7,3,0.745437504208546,NA,-0.700700076416015,-0.700703202534671,0,-6.59573900270592,"147,246",2,0.120945444025832,-0.705545095557667,NA,0,-6.50349020616784,-0.710589591110654,1,NA,0,-0.700700076416015,-0.700703202534671,-6.59574,3,1.109,3,3
"251,501,751",-0.7,3,62.8590856661292,NA,-0.675076604741119,-0.675091764321826,0,23.1886634113248,"",0,23.167633231923,-0.675091764321826,NA,0,23.2732474100812,-0.685557061537267,1,NA,0,-0.675076604741119,-0.675091764321826,23.18866,3,3,3,3
"251,501,751",-0.7,3,66.6905914322733,NA,-0.680243406291941,-0.680227391090777,0,25.0499634376593,"",0,25.0677040413885,-0.680227391090777,NA,0,26.2659846752436,-0.644003095374743,1,NA,0,-0.680243406291941,-0.680227391090777,25.04996,3,3,3,3
"251,501,751",-0.7,3,29.1507075152353,NA,-0.700134431497976,-0.700141544007468,0,7.33841319070165,"",0,7.32884586580444,-0.700141544007468,NA,0,7.61211665618089,-0.71703437259978,1,NA,0,-0.700134431497976,-0.700141544007468,7.33841,3,3,3,3
"251,501,751",-0.7,3,76.0943623968254,NA,-0.67487219504043,-0.674878437164919,0,29.8816642593067,"",0,29.8737032659199,-0.674878437164919,NA,0,29.9184411744992,-0.6676720527035,1,NA,0,-0.67487219504043,-0.674878437164919,29.88166,3,3,3,3
"251,501,751",-0.7,3,-7.21439009569239,NA,-0.685383855220602,-0.685385829269107,0,-10.930168334632,"",0,-10.9326915572162,-0.685385829269107,NA,0,-10.789880357039,-0.67301083163233,1,NA,0,-0.685383855220602,-0.685385829269107,-10.93017,3,3,3,3
"251,501,751",-0.7,3,-16.1776249018239,NA,-0.737793920405227,-0.737801975895821,0,-16.6719517945141,"",0,-16.6877932291961,-0.737801975895821,NA,0,-16.2716540534601,-0.757245608203204,1,NA,0,-0.737793920405227,-0.737801975895821,-16.67195,3,3,3,3
"251,501,751",-0.7,3,-9.42479295994266,NA,-0.688523440478587,-0.688523861959625,0,-11.750459232447,"",0,-11.7510632899356,-0.688523861959625,NA,0,-11.5865023774288,-0.675363671637673,1,NA,0,-0.688523440478587,-0.688523861959625,-11.75046,3,3,3,3
"251,501,751",-0.7,3,60.9987042439243,NA,-0.721096819827296,-0.721093382269017,0,23.0127677830445,"",0,23.0162867798064,-0.721093382269017,NA,0,24.8143142816569,-0.762729662247559,1,NA,0,-0.721096819827296,-0.721093382269017,23.01277,3,3,3,3
"251,501,751",-0.7,3,42.0671302306864,NA,-0.706673601474687,-0.706673731142175,0,14.0754602142377,"",0,14.0738311570051,-0.706673731142175,NA,0,14.159932878538,-0.697376321946086,1,NA,0,-0.706673601474687,-0.706673731142175,14.07546,3,3,3,3
"251,501,751",-0.7,3,32.8842490837912,NA,-0.687569629266481,-0.687562758844613,0,9.2788224153983,"",0,9.28631300588619,-0.687562758844613,NA,0,10.0010177058703,-0.66006599391055,1,NA,0,-0.687569629266481,-0.687562758844613,9.27882,3,3,3,3
"251,501,751",-0.7,3,44.071056903812,NA,-0.67156122769193,-0.671549713252646,0,14.3179477203169,"",0,14.3336849504023,-0.671549713252646,NA,0,14.7940147939558,-0.694039445478702,1,NA,0,-0.67156122769193,-0.671549713252646,14.31795,3,3,3,3
"251,501,751",-0.7,3,51.5388456527724,NA,-0.709933369654283,-0.709944056558059,0,17.7509839691492,"",0,17.7359824040483,-0.709944056558059,NA,0,20.6911287875401,-0.763891043089905,1,NA,0,-0.709933369654283,-0.709944056558059,17.75098,3,3,3,3
"251,501,751",-0.7,3,43.8906774411434,NA,-0.687523016984762,-0.687527983991967,0,14.4779030479504,"",0,14.4713924034229,-0.687527983991967,NA,0,16.3501592043152,-0.731984571353041,1,NA,0,-0.687523016984762,-0.687527983991967,14.4779,3,3,3,3
"251,501,751",-0.7,3,-11.7090403685968,NA,-0.735020524841745,-0.735012248202665,0,-14.5887539043683,"",0,-14.5752630433671,-0.735012248202665,NA,0,-13.8128306073949,-0.76137052022853,1,NA,0,-0.735020524841745,-0.735012248202665,-14.58875,3,3,3,3
"251,501,751",-0.7,3,4.39417222105016,NA,-0.711801694707184,-0.711800043324537,0,-4.89531634755828,"",0,-4.89447380467307,-0.711800043324537,NA,0,-4.60287044206031,-0.728779214182676,1,NA,0,-0.711801694707184,-0.711800043324537,-4.89532,3,3,3,3
"251,501,751",-0.7,3,45.2876633393265,NA,-0.692598480821684,-0.692598434865515,0,13.6435511845598,"",0,13.6400866958018,-0.692598434865515,NA,0,14.5471037662058,-0.661168442504912,1,NA,0,-0.692598480821684,-0.692598434865515,13.64355,3,3,3,3
"251,501,751",-0.7,3,15.2204398492625,NA,-0.71274279224102,-0.712739129621751,0,0.514522492221563,"",0,0.515518471124397,-0.712739129621751,NA,0,0.798805411061198,-0.729493276902934,1,NA,0,-0.71274279224102,-0.712739129621751,0.51452,3,3,3,3
"251,501,751",-0.7,3,-44.3178220972988,NA,-0.71907935265886,-0.719085507303003,0,-29.8277842730231,"",0,-29.8367535331788,-0.719085507303003,NA,0,-29.3563861571924,-0.740521127635952,1,NA,0,-0.71907935265886,-0.719085507303003,-29.82778,3,3,3,3
"251,501,751",-0.7,3,56.8163003640672,NA,-0.674426938591916,-0.674425970507565,0,20.8971291593929,"",0,20.89864658923,-0.674425970507565,NA,0,21.3346022289975,-0.6962374027921,1,NA,0,-0.674426938591916,-0.674425970507565,20.89713,3,3,3,3
"251,501,751",-0.7,3,54.8682785498449,NA,-0.720729006502195,-0.720725901136867,0,19.8911534598576,"",0,19.895905061109,-0.720725901136867,NA,0,19.9294125769805,-0.726349336662798,1,NA,0,-0.720729006502195,-0.720725901136867,19.89115,3,3,3,3
"251,501,751",-0.7,3,32.1943019768524,NA,-0.72407559368385,-0.724075827008255,0,8.42969509733434,"",0,8.42917596534557,-0.724075827008255,NA,0,8.5007242070897,-0.732287833440741,1,NA,0,-0.72407559368385,-0.724075827008255,8.4297,3,3,3,3
"251,501,751",-0.7,3,65.1571079832647,NA,-0.706964163589741,-0.706966223798488,0,25.5958488851899,"",0,25.593121732237,-0.706966223798488,NA,0,25.6347089149356,-0.713409871017029,1,NA,0,-0.706964163589741,-0.706966223798488,25.59585,3,3,3,3
"251,501,751",-0.7,3,25.698616552573,NA,-0.7075746113296,-0.707582393441355,0,5.72404476024939,"",0,5.70857489491532,-0.707582393441355,NA,0,5.84763650667937,-0.719320237171636,1,NA,0,-0.7075746113296,-0.707582393441355,5.72404,3,3,3,3
"251,501,751",-0.7,3,46.0464439521372,NA,-0.693814210264243,-0.693816572372736,0,15.7171477966468,"",0,15.7133610392208,-0.693816572372736,NA,0,16.0004714955925,-0.710995756691264,1,NA,0,-0.693814210264243,-0.693816572372736,15.71715,3,3,3,3
"251,501,751",-0.7,3,39.5800772990155,NA,-0.721819648833783,-0.721819151582621,0,12.3863276630124,"",0,12.3866491589248,-0.721819151582621,NA,0,12.8411336121178,-0.74273878613987,1,NA,0,-0.721819648833783,-0.721819151582621,12.38633,3,3,3,3
"251,501,751",-0.7,3,29.1381705549942,NA,-0.721838530147259,-0.721840846312084,0,6.75294443839383,"664,691,969",3,14.6871898585909,-0.729788421675542,969,1,6.59677775324107,-0.712894009084947,1,NA,0,-0.721838530147259,-0.721840846312084,6.75294,3,0.821,2.218,3
"251,501,751",-0.7,3,1.63150676545837,NA,-0.719196183128077,-0.719190345125385,0,-7.18509066133508,"",0,-7.17633410658589,-0.719190345125385,NA,0,-7.0950736073781,-0.710132076458752,1,NA,0,-0.719196183128077,-0.719190345125385,-7.18509,3,3,3,3
"251,501,751",-0.7,3,9.76592681688073,NA,-0.686927582073137,-0.68692974070075,0,-3.04856741600798,"",0,-3.05133827531906,-0.68692974070075,NA,0,-1.63569258827332,-0.725362342307133,1,NA,0,-0.686927582073137,-0.68692974070075,-3.04857,3,3,3,3
"251,501,751",-0.7,3,-18.4090264730387,NA,-0.719913619226002,-0.719921908388274,0,-17.0577108575298,"",0,-17.070865005237,-0.719921908388274,NA,0,-17.0665327139717,-0.717721178999259,1,NA,0,-0.719913619226002,-0.719921908388274,-17.05771,3,3,3,3
"251,501,751",-0.7,3,6.06994802898525,NA,-0.695822410583779,-0.695820387956673,0,-5.08060522727963,"",0,-5.07765605830501,-0.695820387956673,NA,0,-5.01913819849552,-0.687691446392535,1,NA,0,-0.695822410583779,-0.695820387956673,-5.08061,3,3,3,3
"251,501,751",-0.7,3,131.198230141008,NA,-0.72184157147737,-0.721838735081993,0,58.1551341844184,"",0,58.1583701813849,-0.721838735081993,NA,0,58.209074994925,-0.728805715879687,1,NA,0,-0.72184157147737,-0.721838735081993,58.15513,3,3,3,3
"251,501,751",-0.7,3,90.4913424216228,NA,-0.7006106223846,-0.700605435176986,0,37.6613551046116,"",0,37.6682860031506,-0.700605435176986,NA,0,37.7724468799674,-0.690115698012778,1,NA,0,-0.7006106223846,-0.700605435176986,37.66136,3,3,3,3
"251,501,751",-0.7,3,-1.09873503268797,NA,-0.651702947131085,-0.651706304668588,0,-9.69036187166615,"",0,-9.69434510239135,-0.651706304668588,NA,0,-9.67487363880627,-0.646900071419815,1,NA,0,-0.651702947131085,-0.651706304668588,-9.69036,3,3,3,3
"251,501,751",-0.7,3,67.9826159648937,NA,-0.710468063058708,-0.710463829789212,0,26.90639787092,NA,0,26.9117110715219,-0.710463829789212,NA,0,27.2707819448458,-0.691542789784399,1,NA,0,-0.710468063058708,-0.710463829789212,26.9064,3,3,3,3
"251,501,751",-0.7,3,106.888458461518,NA,-0.678247059857045,-0.678242709512084,0,46.0788701894798,NA,0,46.0848628071302,-0.678242709512084,NA,0,46.2364003239239,-0.691057423082489,1,NA,0,-0.678247059857045,-0.678242709512084,46.07887,3,3,3,3
"251,501,751",-0.7,3,120.933994493919,NA,-0.718294947825885,-0.718283049809862,0,53.0723391507671,NA,0,53.0912839456835,-0.718283049809862,NA,0,55.8860496278703,-0.770375656884022,1,NA,0,-0.718294947825885,-0.718283049809862,53.07234,3,3,3,3
"251,501,751",-0.7,3,-3.09215809609781,NA,-0.688998202715143,-0.688993846273148,0,-8.77860767830576,NA,0,-8.77375704768378,-0.688993846273148,NA,0,-8.7055433856677,-0.68044481352898,1,NA,0,-0.688998202715143,-0.688993846273148,-8.77861,3,3,3,3
"251,501,751",-0.7,3,15.5972271352722,NA,-0.707580863891738,-0.70758076488285,0,0.833338573034299,NA,0,0.833308119314887,-0.70758076488285,NA,0,1.00167056642577,-0.720549541761032,1,NA,0,-0.707580863891738,-0.70758076488285,0.83334,3,3,3,3
"251,501,751",-0.7,3,62.4322591617486,NA,-0.708064234376514,-0.708057941694977,0,24.2132498002238,NA,0,24.2147905192788,-0.708057941694977,NA,0,24.9774584964368,-0.735801322492001,1,NA,0,-0.708064234376514,-0.708057941694977,24.21325,3,3,3,3
"251,501,751",-0.7,3,20.8169670785628,NA,-0.710559255193577,-0.710539848527364,0,2.92201163808121,NA,0,2.94436733625821,-0.710539848527364,NA,0,4.26407499016372,-0.674183037417902,1,NA,0,-0.710559255193577,-0.710539848527364,2.92201,3,3,3,3
"251,501,751",-0.7,3,14.7357841209477,NA,-0.722324041690228,-0.722326865739913,0,-0.149112697768786,NA,0,-0.153246775427393,-0.722326865739913,NA,0,1.01520850260571,-0.755755725255072,1,NA,0,-0.722324041690228,-0.722326865739913,-0.14911,3,3,3,3
"251,501,751",-0.7,3,67.6336854263954,NA,-0.684568290105052,-0.68455490773783,0,26.1116742476472,NA,0,26.1259692218931,-0.68455490773783,NA,0,27.3822730489495,-0.72104511135319,1,NA,0,-0.684568290105052,-0.68455490773783,26.11167,3,3,3,3
"251,501,751",-0.7,3,-55.795289342972,NA,-0.718054757980306,-0.71805461537514,0,-35.1418554699151,NA,0,-35.1418029873312,-0.71805461537514,NA,0,-34.7751067294636,-0.699188918363268,1,NA,0,-0.718054757980306,-0.71805461537514,-35.14186,3,3,3,3
"251,501,751",-0.7,3,-5.83848211223036,NA,-0.74740791437569,-0.747413029372587,0,-12.8471464220384,NA,0,-12.8556419820189,-0.747413029372587,NA,0,-11.6232331263562,-0.780286624074312,1,NA,0,-0.74740791437569,-0.747413029372587,-12.84715,3,3,3,3
"251,501,751",-0.7,3,51.233089077683,NA,-0.662704793232657,-0.662664864017057,0,14.3116420994335,NA,0,14.359685562298,-0.662664864017057,NA,0,15.273352231888,-0.693781338422698,1,NA,0,-0.662704793232657,-0.662664864017057,14.31164,3,3,3,3
"251,501,751",-0.7,3,66.1697531652531,NA,-0.730310726776841,-0.730281013023843,0,21.8350550059475,NA,0,21.8822425112417,-0.730281013023843,NA,0,23.2315888036363,-0.764872460084581,1,NA,0,-0.730310726776841,-0.730281013023843,21.83506,3,3,3,3
"251,501,751",-0.7,3,81.1109705020232,NA,-0.711424253546261,-0.711418082173913,0,33.1714342586754,NA,0,33.1767587957404,-0.711418082173913,NA,0,34.797173329336,-0.671080673901298,1,NA,0,-0.711424253546261,-0.711418082173913,33.17143,3,3,3,3
"251,501,751",-0.7,3,92.1197202147144,NA,-0.714312000137017,-0.714306312938554,0,38.9488480632747,NA,0,38.9464994772314,-0.714306312938554,NA,0,39.1014608821603,-0.701913354532721,1,NA,0,-0.714312000137017,-0.714306312938554,38.94885,3,3,3,3
"251,501,751",-0.7,3,-4.61736199698408,NA,-0.704142037545724,-0.704160899622064,0,-10.3932744994209,NA,0,-10.4197583234584,-0.704160899622064,NA,0,-9.10914452179381,-0.667351133024017,1,NA,0,-0.704142037545724,-0.704160899622064,-10.39327,3,3,3,3
"251,501,751",-0.7,3,33.1151076978063,NA,-0.726130689025443,-0.726127576760605,0,8.44868221093918,NA,0,8.44599292100744,-0.726127576760605,NA,0,10.5662957785768,-0.680853834176427,1,NA,0,-0.726130689025443,-0.726127576760605,8.44868,3,3,3,3
"251,501,751",-0.7,3,54.104227146533,NA,-0.664427840882434,-0.6644250222497,0,18.198122354054,NA,0,18.1997163090707,-0.6644250222497,NA,0,18.3418260237766,-0.676780419374683,1,NA,0,-0.664427840882434,-0.6644250222497,18.19812,3,3,3,3
"251,501,751",-0.7,3,31.8099103565034,NA,-0.669015169768451,-0.669019248645899,0,7.54714585931868,NA,0,7.54017468822863,-0.669019248645899,NA,0,7.54349403764038,-0.670742281273958,1,NA,0,-0.669015169768451,-0.669019248645899,7.54715,3,3,3,3
"251,501,751",-0.7,3,134.924196119962,NA,-0.68118616014835,-0.681184716573634,0,60.160405730493,NA,0,60.1622458184663,-0.681184716573634,NA,0,60.299582349958,-0.669033286110929,1,NA,0,-0.68118616014835,-0.681184716573634,60.16041,3,3,3,3
"251,501,751",-0.7,3,113.840218666245,NA,-0.726932177370842,-0.726927242194111,0,49.1637299032999,NA,0,49.1717694397322,-0.726927242194111,NA,0,49.6245464563911,-0.747584871808588,1,NA,0,-0.726932177370842,-0.726927242194111,49.16373,3,3,3,3
"251,501,751",-0.7,3,-60.3977619712714,NA,-0.720276204832658,-0.720267236698175,0,-38.2368116489339,NA,0,-38.2233058653388,-0.720267236698175,NA,0,-36.6578198535117,-0.6812287086392,1,NA,0,-0.720276204832658,-0.720267236698175,-38.23681,3,3,3,3
"251,501,751",-0.7,3,-52.8147325596461,NA,-0.71389184454229,-0.713890616980316,0,-33.7665812296743,NA,0,-33.7649147542477,-0.713890616980316,NA,0,-32.6111160854345,-0.747482628360659,1,NA,0,-0.71389184454229,-0.713890616980316,-33.76658,3,3,3,3
"251,501,751",-0.7,3,-5.98878452613845,NA,-0.660110495574686,-0.660109840674623,0,-11.4297956329856,NA,0,-11.4290465250297,-0.660109840674623,NA,0,-4.96567746774167,-0.574384545686654,1,NA,0,-0.660110495574686,-0.660109840674623,-11.4298,3,3,3,3
"251,501,751",-0.7,3,11.8669344510922,NA,-0.735492842382418,-0.735490932686783,0,-2.35456615445607,NA,0,-2.3521632479549,-0.735490932686783,NA,0,-2.28158409729024,-0.727424350725275,1,NA,0,-0.735492842382418,-0.735490932686783,-2.35457,3,3,3,3
"251,501,751",-0.7,3,-23.5509102948411,NA,-0.669794659573177,-0.669781556611859,0,-20.3583779623068,NA,0,-20.343393496282,-0.669781556611859,NA,0,-19.6192862252386,-0.641272729091773,1,NA,0,-0.669794659573177,-0.669781556611859,-20.35838,3,3,3,3
"251,501,751",-0.7,3,30.8073856814446,NA,-0.689372550728013,-0.689372592542584,0,8.38538201802947,NA,0,8.38520803274714,-0.689372592542584,NA,0,9.76042002810647,-0.727398279205268,1,NA,0,-0.689372550728013,-0.689372592542584,8.38538,3,3,3,3
"251,501,751",-0.7,3,2.19918544888026,NA,-0.669924161296246,-0.669916030854522,0,-7.22638865251816,NA,0,-7.21675662213181,-0.669916030854522,NA,0,-6.60951670132118,-0.695636486889601,1,NA,0,-0.669924161296246,-0.669916030854522,-7.22639,3,3,3,3
"251,501,751",-0.7,3,51.1249364533369,NA,-0.714803193247904,-0.714806282767713,0,18.2749628383463,NA,0,18.2705241049516,-0.714806282767713,NA,0,20.1842480388633,-0.671450263407025,1,NA,0,-0.714803193247904,-0.714806282767713,18.27496,3,3,3,3
"251,501,751",-0.7,3,43.7216481056398,NA,-0.688071872532024,-0.688063414578556,0,14.7001817718709,NA,0,14.7087896650349,-0.688063414578556,NA,0,20.3795239689805,-0.765623227091581,1,NA,0,-0.688071872532024,-0.688063414578556,14.70018,3,3,3,3
"251,501,751",-0.7,3,22.8560856573856,NA,-0.716103365087166,-0.716105010510158,0,4.12647437920666,NA,0,4.12410218272585,-0.716105010510158,NA,0,5.03170782373353,-0.745817587341597,1,NA,0,-0.716103365087166,-0.716105010510158,4.12647,3,3,3,3
"251,501,751",-0.7,3,53.912190569721,NA,-0.709724417524494,-0.709737662098577,0,19.00043832459,NA,0,18.9817958111671,-0.709737662098577,NA,0,19.7635264830349,-0.681564855247655,1,NA,0,-0.709724417524494,-0.709737662098577,19.00044,3,3,3,3
"251,501,751",-0.7,3,68.2735987874888,NA,-0.69491179192133,-0.69490712653426,0,27.1560449915588,NA,0,27.1620053087533,-0.69490712653426,NA,0,27.3810122794426,-0.679848092525871,1,NA,0,-0.69491179192133,-0.69490712653426,27.15604,3,3,3,3
"251,501,751",-0.7,3,-75.1762041458102,NA,-0.680433843606823,-0.68043233971585,0,-44.9994518794456,NA,0,-44.9976725044826,-0.68043233971585,NA,0,-44.9566854124578,-0.687022582093727,1,NA,0,-0.680433843606823,-0.68043233971585,-44.99945,3,3,3,3
"251,501,751",-0.7,3,-23.7884643361196,NA,-0.706194374204296,-0.706192925684245,0,-19.040925580496,NA,0,-19.0397546011159,-0.706192925684245,NA,0,-19.0378674675066,-0.704765581816812,1,NA,0,-0.706194374204296,-0.706192925684245,-19.04093,3,3,3,3
"251,501,751",-0.7,3,40.7553411489299,NA,-0.726106179055229,-0.7261052293783,0,12.7305675393213,NA,0,12.7313320159914,-0.7261052293783,NA,0,13.4839009051284,-0.752799991565785,1,NA,0,-0.726106179055229,-0.7261052293783,12.73057,3,3,3,3
"251,501,751",-0.7,3,-14.8575129556535,NA,-0.681267395423497,-0.681251320092181,0,-14.8224569784229,NA,0,-14.8068960331077,-0.681251320092181,NA,0,-14.8046995334085,-0.679696571782326,1,NA,0,-0.681267395423497,-0.681251320092181,-14.82246,3,3,3,3
"251,501,751",-0.7,3,-19.6666917760815,NA,-0.713473488589449,-0.713481007909315,0,-16.9643937947317,NA,0,-16.9749933123855,-0.713481007909315,NA,0,-16.9546704031814,-0.717926993444376,1,NA,0,-0.713473488589449,-0.713481007909315,-16.96439,3,3,3,3
"251,501,751",-0.7,3,13.1876737542591,NA,-0.689873491432765,-0.689872920705512,0,-0.486727957823949,NA,0,-0.486860775237821,-0.689872920705512,NA,0,-0.190230492189255,-0.672193365595534,1,NA,0,-0.689873491432765,-0.689872920705512,-0.48673,3,3,3,3
"251,501,751",-0.7,3,-14.7967350762318,NA,-0.685374045757778,-0.685374578475016,0,-14.5838374141809,NA,0,-14.5849011687844,-0.685374578475016,NA,0,-14.5823005166182,-0.6836859978772,1,NA,0,-0.685374045757778,-0.685374578475016,-14.58384,3,3,3,3
"251,501,751",-0.7,3,-38.7876374595877,NA,-0.699431068981254,-0.699432588642777,0,-27.0698270734619,NA,0,-27.0717747679108,-0.699432588642777,NA,0,-26.7958524143108,-0.715999805771546,1,NA,0,-0.699431068981254,-0.699432588642777,-27.06983,3,3,3,3
"251,501,751",-0.7,3,13.354486523431,NA,-0.712446209340129,-0.712438358831426,0,-0.870491471229973,NA,0,-0.859037227188347,-0.712438358831426,NA,0,-0.851818449249794,-0.709624684206451,1,NA,0,-0.712446209340129,-0.712438358831426,-0.87049,3,3,3,3
"251,501,751",-0.7,3,-49.0673228218263,NA,-0.710762931016811,-0.710759195613085,0,-32.0775938753584,NA,0,-32.0720899926865,-0.710759195613085,NA,0,-31.983527210985,-0.701244823261362,1,NA,0,-0.710762931016811,-0.710759195613085,-32.07759,3,3,3,3
"251,501,751",-0.7,3,16.3482020771845,NA,-0.709520630588058,-0.709519619306494,0,1.16703893450245,NA,0,1.1659233945361,-0.709519619306494,NA,0,1.16841443470613,-0.711090131467118,1,NA,0,-0.709520630588058,-0.709519619306494,1.16704,3,3,3,3
"251,501,751",-0.7,3,120.836668195175,NA,-0.706297543768171,-0.706288896562747,0,50.4723555958775,NA,0,50.4850926042909,-0.706288896562747,NA,0,54.2161475396908,-0.766687180034861,1,NA,0,-0.706297543768171,-0.706288896562747,50.47236,3,3,3,3
"251,501,751",-0.7,3,5.04242255652479,NA,-0.709415352154216,-0.709414559991995,0,-4.8193970358983,NA,0,-4.81826219259026,-0.709414559991995,NA,0,-4.61444338942997,-0.695084619979929,1,NA,0,-0.709415352154216,-0.709414559991995,-4.8194,3,3,3,3
"251,501,751",-0.7,3,63.3192213334145,NA,-0.693407030938148,-0.693400033874156,0,24.0739856326241,NA,0,24.0832200857598,-0.693400033874156,NA,0,26.2241327308834,-0.740427019731612,1,NA,0,-0.693407030938148,-0.693400033874156,24.07399,3,3,3,3
"251,501,751",-0.7,3,-106.955603437645,NA,-0.670283171197954,-0.670288427289096,0,-62.5801877845216,NA,0,-62.5863787959231,-0.670288427289096,NA,0,-62.5430393891989,-0.676777390353942,1,NA,0,-0.670283171197954,-0.670288427289096,-62.58019,3,3,3,3
"251,501,751",-0.7,3,-0.720716770646735,NA,-0.698658512886159,-0.698653890574219,0,-7.54136504414986,NA,0,-7.53660410894076,-0.698653890574219,NA,0,-7.4898600504878,-0.705495865837208,1,NA,0,-0.698658512886159,-0.698653890574219,-7.54137,3,3,3,3
"251,501,751",-0.7,3,76.5689235765052,NA,-0.67903101324793,-0.679031285224496,0,29.9371008680497,NA,0,29.9367833205913,-0.679031285224496,NA,0,30.2513965741793,-0.697151500165409,1,NA,0,-0.67903101324793,-0.679031285224496,29.9371,3,3,3,3
"251,501,751",-0.7,3,-1.96587159694392,NA,-0.699447993764798,-0.699446937900541,0,-8.0675783049407,NA,0,-8.06609603960738,-0.699446937900541,NA,0,-8.05241022209586,-0.695656377888619,1,NA,0,-0.699447993764798,-0.699446937900541,-8.06758,3,3,3,3
"251,501,751",-0.7,3,35.344892353471,NA,-0.723799583292343,-0.723798381464117,0,10.1667788632662,NA,0,10.1678800568336,-0.723798381464117,NA,0,10.3527884426714,-0.737071747991208,1,NA,0,-0.723799583292343,-0.723798381464117,10.16678,3,3,3,3
"251,501,751",-0.7,3,34.3483240832621,NA,-0.73785451633975,-0.737852526270639,0,8.65302330193531,NA,0,8.65552807579387,-0.737852526270639,NA,0,12.505818704315,-0.678481734445819,1,NA,0,-0.73785451633975,-0.737852526270639,8.65302,3,3,3,3
"251,501,751",-0.7,3,-26.2687083345053,NA,-0.714152149417701,-0.714155216851041,0,-20.3649502348141,NA,0,-20.3695136862001,-0.714155216851041,NA,0,-18.5692299307203,-0.75615653738737,1,NA,0,-0.714152149417701,-0.714155216851041,-20.36495,3,3,3,3
"251,501,751",-0.7,3,99.9248312672382,NA,-0.656103599506989,-0.65608997242215,0,39.8019769280183,NA,0,39.8161703153788,-0.65608997242215,NA,0,41.482283760189,-0.699310384676871,1,NA,0,-0.656103599506989,-0.65608997242215,39.80198,3,3,3,3
"251,501,751",-0.7,3,52.2314203822368,NA,-0.674235292066966,-0.67424445613294,0,17.9324620979087,NA,0,17.9213011687284,-0.67424445613294,NA,0,17.9237861687405,-0.67238239583058,1,NA,0,-0.674235292066966,-0.67424445613294,17.93246,3,3,3,3
"251,501,751",-0.7,3,-17.1054213613993,NA,-0.706784531138972,-0.706776986565727,0,-15.5806248919413,NA,0,-15.5694881693539,-0.706776986565727,NA,0,-14.9203437264528,-0.681205588779557,1,NA,0,-0.706784531138972,-0.706776986565727,-15.58062,3,3,3,3
"251,501,751",-0.7,3,38.1331087483089,NA,-0.692881329045669,-0.692887021656602,0,12.0713280674049,NA,0,12.0634577385674,-0.692887021656602,NA,0,12.5835484711987,-0.66960481425666,1,NA,0,-0.692881329045669,-0.692887021656602,12.07133,3,3,3,3
"251,501,751",-0.7,3,42.4939422180969,NA,-0.663930700639578,-0.663865082776591,0,10.5028466271191,NA,0,10.5792305063667,-0.663865082776591,NA,0,10.6133708055815,-0.656938076131771,1,NA,0,-0.663930700639578,-0.663865082776591,10.50285,3,3,3,3
"251,501,751",-0.7,3,67.0111229313289,NA,-0.747220944733232,-0.747213787710558,0,23.5035198860347,NA,0,23.5157971910561,-0.747213787710558,NA,0,25.319695710648,-0.787014718820744,1,NA,0,-0.747220944733232,-0.747213787710558,23.50352,3,3,3,3
"251,501,751",-0.7,3,112.022094529606,NA,-0.708293890665637,-0.708294946163477,0,48.2370010112588,NA,0,48.2356533679091,-0.708294946163477,NA,0,48.3151861357487,-0.716962845520449,1,NA,0,-0.708293890665637,-0.708294946163477,48.237,3,3,3,3
"251,501,751",-0.7,3,29.6653442200591,NA,-0.740955343637934,-0.740958043107078,0,5.727806234673,NA,0,5.72059355014071,-0.740958043107078,NA,0,5.74054953828729,-0.745088265453008,1,NA,0,-0.740955343637934,-0.740958043107078,5.72781,3,3,3,3
"251,501,751",-0.7,3,-84.3231736537874,NA,-0.705517109213211,-0.705516865560064,0,-49.1005287589828,NA,0,-49.0997205421536,-0.705516865560064,NA,0,-49.066720829184,-0.711275477549054,1,NA,0,-0.705517109213211,-0.705516865560064,-49.10053,3,3,3,3
"251,501,751",-0.7,3,19.3787402555103,NA,-0.713769633908021,-0.713761028644071,0,2.17207961401989,NA,0,2.18474942042414,-0.713761028644071,NA,0,2.18871486270234,-0.715625370824626,1,NA,0,-0.713769633908021,-0.713761028644071,2.17208,3,3,3,3
"251,501,751",-0.7,3,45.4155381097118,NA,-0.71459756793445,-0.714588132718042,0,14.3735771668335,NA,0,14.3841234741487,-0.714588132718042,NA,0,14.7931657438036,-0.694212401422743,1,NA,0,-0.71459756793445,-0.714588132718042,14.37358,3,3,3,3
"251,501,751",-0.7,3,63.809575353711,NA,-0.693590628246588,-0.693589743054833,0,24.8259296465202,NA,0,24.826766929716,-0.693589743054833,NA,0,25.2082004700773,-0.673649025633328,1,NA,0,-0.693590628246588,-0.693589743054833,24.82593,3,3,3,3
"251,501,751",-0.7,3,90.4048504014769,NA,-0.697607663594359,-0.697594903092585,0,37.9139539194239,NA,0,37.9307944131553,-0.697594903092585,NA,0,37.9856996201081,-0.689995355996803,1,NA,0,-0.697607663594359,-0.697594903092585,37.91395,3,3,3,3
"251,501,751",-0.7,3,88.7213748828217,NA,-0.690337397354788,-0.6903313150619,0,37.1927075346011,NA,0,37.2009979461997,-0.6903313150619,NA,0,37.8903141117973,-0.717163737828568,1,NA,0,-0.690337397354788,-0.6903313150619,37.19271,3,3,3,3
"251,501,751",-0.7,3,-68.2555035216254,NA,-0.7112143169511,-0.711216286449692,0,-41.2010176860337,NA,0,-41.2049139735295,-0.711216286449692,NA,0,-40.8953702232262,-0.693696227886212,1,NA,0,-0.7112143169511,-0.711216286449692,-41.20102,3,3,3,3
"251,501,751",-0.7,3,72.4723148419464,NA,-0.701321852176671,-0.701321766330938,0,29.3265930907282,NA,0,29.3266677844616,-0.701321766330938,NA,0,41.1900502928052,-0.590864179074472,1,NA,0,-0.701321852176671,-0.701321766330938,29.32659,3,3,3,3
"251,501,751",-0.7,3,45.2233163371257,NA,-0.698390847929226,-0.698396888724521,0,15.5946304285807,NA,0,15.5867096877465,-0.698396888724521,NA,0,16.1180316231382,-0.721698756535191,1,NA,0,-0.698390847929226,-0.698396888724521,15.59463,3,3,3,3
"251,501,751",-0.7,3,56.3931671110678,NA,-0.71943781040094,-0.719435047359617,0,20.8268005364375,NA,0,20.8310305280507,-0.719435047359617,NA,0,21.1645432572173,-0.737361889787149,1,NA,0,-0.71943781040094,-0.719435047359617,20.8268,3,3,3,3
"251,501,751",-0.7,3,-0.769763072242167,NA,-0.680540648329224,-0.680549632189985,0,-8.00005754638483,NA,0,-8.01113430198406,-0.680549632189985,NA,0,-7.18937767321278,-0.710158097573062,1,NA,0,-0.680540648329224,-0.680549632189985,-8.00006,3,3,3,3
"251,501,751",-0.7,3,36.0780048335924,NA,-0.729536182219264,-0.729556953031838,0,9.67644433778375,NA,0,9.64374070086994,-0.729556953031838,NA,0,9.68214449654893,-0.723374382549005,1,NA,0,-0.729536182219264,-0.729556953031838,9.67644,3,3,3,3
"251,501,751",-0.7,3,-1.34485408516131,NA,-0.739166177800749,-0.739168896136763,0,-9.30248459507391,NA,0,-9.30661910494801,-0.739168896136763,NA,0,-9.30441068742515,-0.737740941960445,1,NA,0,-0.739166177800749,-0.739168896136763,-9.30248,3,3,3,3
"251,501,751",-0.7,3,111.779577857628,NA,-0.698440277705251,-0.698440230846337,0,48.9774070195231,NA,0,48.9771703864585,-0.698440230846337,NA,0,50.2705209473171,-0.661982279117934,1,NA,0,-0.698440277705251,-0.698440230846337,48.97741,3,3,3,3
"251,501,751",-0.7,3,66.9058353375972,NA,-0.696326287942032,-0.696319431230251,0,26.3418127178936,NA,0,26.3513885612218,-0.696319431230251,NA,0,26.8987639417476,-0.672504279954648,1,NA,0,-0.696326287942032,-0.696319431230251,26.34181,3,3,3,3
"251,501,751",-0.7,3,42.2795951603754,NA,-0.700949625445885,-0.700945480914912,0,13.9503366095724,NA,0,13.9554715065597,-0.700945480914912,NA,0,13.9845460014159,-0.706314800802926,1,NA,0,-0.700949625445885,-0.700945480914912,13.95034,3,3,3,3
"251,501,751",-0.7,3,-82.9077185007797,NA,-0.702948865666621,-0.70294996215209,0,-48.3955739736988,NA,0,-48.3976103320088,-0.70294996215209,NA,0,-48.3710008790902,-0.697748934703003,1,NA,0,-0.702948865666621,-0.70294996215209,-48.39557,3,3,3,3
"251,501,751",-0.7,3,67.7847294629847,NA,-0.7059641018953,-0.705963482164822,0,26.9480819874038,NA,0,26.9484244316546,-0.705963482164822,NA,0,27.0064552269157,-0.698326783101103,1,NA,0,-0.7059641018953,-0.705963482164822,26.94808,3,3,3,3
"251,501,751",-0.7,3,50.2193146134764,NA,-0.665762047215176,-0.665761023863203,0,16.1752729933415,NA,0,16.1761595223345,-0.665761023863203,NA,0,16.4427046425377,-0.682721192781748,1,NA,0,-0.665762047215176,-0.665761023863203,16.17527,3,3,3,3
"251,501,751",-0.7,3,13.9020269671164,NA,-0.695230783322479,-0.695227098622946,0,-0.0427337020264762,NA,0,-0.0379610692343801,-0.695227098622946,NA,0,3.05639157900948,-0.751848823708322,1,NA,0,-0.695230783322479,-0.695227098622946,-0.04273,3,3,3,3
"251,501,751",-0.7,3,108.32600275595,NA,-0.72678716956416,-0.726798581736303,0,46.3402719381892,NA,0,46.3224539863789,-0.726798581736303,NA,0,47.7648404302177,-0.689816808709323,1,NA,0,-0.72678716956416,-0.726798581736303,46.34027,3,3,3,3
"251,501,751",-0.7,3,58.5512830478225,NA,-0.691804132029757,-0.691804469213115,0,22.2824800896467,NA,0,22.2815640129619,-0.691804469213115,NA,0,26.0284141883817,-0.754479963251908,1,NA,0,-0.691804132029757,-0.691804469213115,22.28248,3,3,3,3
"251,501,751",-0.7,3,69.8056032821474,NA,-0.722819961690286,-0.722841981600537,0,26.3309057158729,NA,0,26.298078506728,-0.722841981600537,NA,0,27.7891708811171,-0.76025504172736,1,NA,0,-0.722819961690286,-0.722841981600537,26.33091,3,3,3,3
"251,501,751",-0.7,3,-68.4285064165967,NA,-0.716680023637712,-0.716670268482245,0,-43.7568627262188,NA,0,-43.7456695462959,-0.716670268482245,NA,0,-43.6287404861789,-0.705325870097187,1,NA,0,-0.716680023637712,-0.716670268482245,-43.75686,3,3,3,3
"251,501,751",-0.7,3,60.4321083669619,NA,-0.663511704282992,-0.663515868992775,0,22.0794889004916,NA,0,22.0749518584114,-0.663515868992775,NA,0,22.3310647332525,-0.64655491902716,5,NA,0,-0.663511972985853,-0.663515868992775,22.07946,3,3,3,3
"251,501,751",-0.7,3,37.4229160997627,NA,-0.731730622208773,-0.731725419580124,0,10.5109861389093,NA,0,10.5184594976824,-0.731725419580124,NA,0,11.7537149048799,-0.697767669554436,1,NA,0,-0.731730622208773,-0.731725419580124,10.51099,3,3,3,3
"251,501,751",-0.7,3,-28.3980767416208,NA,-0.671885536497842,-0.671909809881554,0,-22.5966819767506,NA,0,-22.6258775101497,-0.671909809881554,NA,0,-21.8229689322112,-0.701341914451363,1,NA,0,-0.671885536497842,-0.671909809881554,-22.59668,3,3,3,3
"251,501,751",-0.7,3,50.1378487435107,NA,-0.681849956967874,-0.681868811334808,0,17.700483209552,NA,0,17.6748712519495,-0.681868811334808,NA,0,24.4872612867117,-0.596095443649914,1,NA,0,-0.681849956967874,-0.681868811334808,17.70048,3,3,3,3
"251,501,751",-0.7,3,45.0362573264739,NA,-0.692459734511306,-0.692454881358498,0,15.3642279338612,NA,0,15.3708522398726,-0.692454881358498,NA,0,15.3936634068093,-0.697275520954449,1,NA,0,-0.692459734511306,-0.692454881358498,15.36423,3,3,3,3
"251,501,751",-0.7,3,-11.2986132192847,NA,-0.70390104781176,-0.703899996556177,0,-13.5541449193501,NA,0,-13.5529009779321,-0.703899996556177,NA,0,-13.5273519834114,-0.69850649764302,1,NA,0,-0.70390104781176,-0.703899996556177,-13.55414,3,3,3,3
"251,501,751",-0.7,3,-13.589161811959,NA,-0.692509774592781,-0.692509747222544,0,-13.7623329805888,NA,0,-13.7622981572517,-0.692509747222544,NA,0,-13.753901953127,-0.695464118211806,1,NA,0,-0.692509774592781,-0.692509747222544,-13.76233,3,3,3,3
"251,501,751",-0.7,3,51.1852763220293,NA,-0.691332446820106,-0.691331829639569,0,18.5294492245156,NA,0,18.5299806641736,-0.691331829639569,NA,0,18.5964738175222,-0.682968115689604,1,NA,0,-0.691332446820106,-0.691331829639569,18.52945,3,3,3,3
"251,501,751",-0.7,3,76.2968252234902,NA,-0.669125105351834,-0.66914663015639,0,27.8954245561712,NA,0,27.8679888175164,-0.66914663015639,NA,0,31.2630380794498,-0.606909531500901,1,NA,0,-0.669125105351834,-0.66914663015639,27.89542,3,3,3,3
"251,501,751",-0.7,3,28.1348153239557,NA,-0.70455450266752,-0.704559638517602,0,7.02218915474593,NA,0,7.01435670153599,-0.704559638517602,NA,0,7.04872582311103,-0.710430178223165,1,NA,0,-0.70455450266752,-0.704559638517602,7.02219,3,3,3,3
"251,501,751",-0.7,3,89.6192446948562,NA,-0.706034241282623,-0.706034319078076,0,37.7660198639603,NA,0,37.7657444693114,-0.706034319078076,NA,0,40.5900723552238,-0.652692515148213,1,NA,0,-0.706034241282623,-0.706034319078076,37.76602,3,3,3,3
"251,501,751",-0.7,3,16.7399203809994,NA,-0.740725007402455,-0.740722210254023,0,-0.398675379726405,NA,0,-0.395699932484987,-0.740722210254023,NA,0,-0.216230119402288,-0.753457391114463,1,NA,0,-0.740725007402455,-0.740722210254023,-0.39868,3,3,3,3
"251,501,751",-0.7,3,17.7737227795667,NA,-0.6710549200899,-0.671054995000349,0,1.21761847235149,NA,0,1.21752520637412,-0.671054995000349,NA,0,1.30296789970126,-0.661362569978877,1,NA,0,-0.6710549200899,-0.671054995000349,1.21762,3,3,3,3
"251,501,751",-0.7,3,27.2952174432201,NA,-0.705894033834754,-0.705883330374845,0,6.21168402803377,NA,0,6.22644186592657,-0.705883330374845,NA,0,8.88323577601496,-0.757461449850037,1,NA,0,-0.705894033834754,-0.705883330374845,6.21168,3,3,3,3
"251,501,751",-0.7,3,24.8311272242915,NA,-0.714136692535986,-0.714129510358263,0,4.89956707159194,NA,0,4.90894357528932,-0.714129510358263,NA,0,6.32971979464032,-0.751392200783744,1,NA,0,-0.714136692535986,-0.714129510358263,4.89957,3,3,3,3
"251,501,751",-0.7,3,-34.03614881763,NA,-0.714097661754139,-0.714095955993974,0,-24.1459514342188,NA,0,-24.1432777544259,-0.714095955993974,NA,0,-23.9229944183328,-0.699391318192953,1,NA,0,-0.714097661754139,-0.714095955993974,-24.14595,3,3,3,3
"251,501,751",-0.7,3,71.8869549447716,NA,-0.650852293488472,-0.650847623155647,0,26.5478837521151,NA,0,26.5521677699913,-0.650847623155647,NA,0,26.5606918124993,-0.653881845691576,1,NA,0,-0.650852293488472,-0.650847623155647,26.54788,3,3,3,3
"251,501,751",-0.7,3,149.039809334243,NA,-0.722372332400629,-0.722373063794325,0,66.9449880612234,NA,0,66.9434731685444,-0.722373063794325,NA,0,70.3350255959301,-0.779392910846872,1,NA,0,-0.722372332400629,-0.722373063794325,66.94499,3,3,3,3
"251,501,751",-0.7,3,11.1522224172687,NA,-0.671684342095318,-0.671680092075409,0,-2.46938861798146,NA,0,-2.46408577001357,-0.671680092075409,NA,0,-1.46617693887571,-0.638448056958052,1,NA,0,-0.671684342095318,-0.671680092075409,-2.46939,3,3,3,3
"251,501,751",-0.7,3,26.9495387357066,NA,-0.734141488231271,-0.734131151026666,0,4.46216579492003,NA,0,4.47878141459428,-0.734131151026666,NA,0,4.51721359090711,-0.739860848386805,1,NA,0,-0.734141488231271,-0.734131151026666,4.46217,3,3,3,3
"251,501,751",-0.7,3,43.4481036762649,NA,-0.718312769992468,-0.718311969642129,0,14.4628513567853,NA,0,14.4632666880318,-0.718311969642129,NA,0,18.1102894136606,-0.777889177523356,1,NA,0,-0.718312769992468,-0.718311969642129,14.46285,3,3,3,3
"251,501,751",-0.7,3,13.8041583587054,NA,-0.691203868690386,-0.69120085326988,0,-0.091712681815638,NA,0,-0.0876038672727733,-0.69120085326988,NA,0,1.10353494522516,-0.655835336487888,1,NA,0,-0.691203868690386,-0.69120085326988,-0.09171,3,3,3,3
"251,501,751",-0.7,3,25.0348765165815,NA,-0.672696528702212,-0.672687774564906,0,4.80637621766714,NA,0,4.81519822722969,-0.672687774564906,NA,0,4.91885639021001,-0.683329931596071,1,NA,0,-0.672696528702212,-0.672687774564906,4.80638,3,3,3,3
"251,501,751",-0.7,3,8.96012410927011,NA,-0.667825305510748,-0.667804388041006,0,-5.34387911270774,NA,0,-5.3182253504173,-0.667804388041006,NA,0,-0.254828289770877,-0.592074391446676,1,NA,0,-0.667825305510748,-0.667804388041006,-5.34388,3,3,3,3
"251,501,751",-0.7,3,27.403681604528,NA,-0.725035957288833,-0.725035238968309,0,6.1179402750445,NA,0,6.11902487974889,-0.725035238968309,NA,0,8.02937611985225,-0.682420498272676,1,NA,0,-0.725035957288833,-0.725035238968309,6.11794,3,3,3,3
"251,501,751",-0.7,3,69.3643005499969,NA,-0.743024984083793,-0.743042652549848,0,25.2841324863846,NA,0,25.2519312407684,-0.743042652549848,NA,0,25.25893005619,-0.740366726118224,1,NA,0,-0.743024984083793,-0.743042652549848,25.28413,3,3,3,3
"251,501,751",-0.7,3,-2.50154547568031,NA,-0.717267805426854,-0.717267221703592,0,-8.49767977891271,NA,0,-8.49725538947505,-0.717267221703592,NA,0,-8.49615944369392,-0.718287780015569,1,NA,0,-0.717267805426854,-0.717267221703592,-8.49768,3,3,3,3
"251,501,751",-0.7,3,49.6852997988441,NA,-0.681457438161096,-0.681455935149662,0,17.4270049353867,NA,0,17.4281611202572,-0.681455935149662,NA,0,17.4348098130255,-0.684079661970905,1,NA,0,-0.681457438161096,-0.681455935149662,17.427,3,3,3,3
"251,501,751",-0.7,3,64.776571898299,NA,-0.736153215727038,-0.736158950150449,0,23.0758576198402,NA,0,23.0619958917922,-0.736158950150449,NA,0,25.2592339453285,-0.690705220336429,1,NA,0,-0.736153215727038,-0.736158950150449,23.07586,3,3,3,3
"251,501,751",-0.7,3,107.963532472561,NA,-0.7107295718088,-0.710726408814805,0,46.5188309009985,NA,0,46.5234426017139,-0.710726408814805,NA,0,46.5291393156594,-0.708224386531345,1,NA,0,-0.7107295718088,-0.710726408814805,46.51883,3,3,3,3
"251,501,751",-0.7,3,31.8579114475142,NA,-0.707378852950907,-0.707378811247571,0,8.96594096832714,NA,0,8.96587685831919,-0.707378811247571,NA,0,9.00847913855312,-0.70085305322155,1,NA,0,-0.707378852950907,-0.707378811247571,8.96594,3,3,3,3
"251,501,751",-0.7,3,45.6846219036688,NA,-0.74819092671665,-0.74818460435811,0,13.2477648649325,NA,0,13.2581157919362,-0.74818460435811,NA,0,13.2852038309338,-0.743294858883839,1,NA,0,-0.74819092671665,-0.74818460435811,13.24776,3,3,3,3
"251,501,751",-0.7,3,-59.5845529450066,NA,-0.711943515971413,-0.711938360505986,0,-37.0715393265147,NA,0,-37.0653479707096,-0.711938360505986,NA,0,-36.2225563514737,-0.740766849877257,1,NA,0,-0.711943515971413,-0.711938360505986,-37.07154,3,3,3,3
"251,501,751",-0.7,3,22.0537922548601,NA,-0.721657780526556,-0.72165872735804,0,3.51881038594756,NA,0,3.51730465337749,-0.72165872735804,NA,0,3.95283495182555,-0.701188372314531,1,NA,0,-0.721657780526556,-0.72165872735804,3.51881,3,3,3,3
"251,501,751",-0.7,3,-29.9384125068959,NA,-0.727750045105307,-0.727749411410403,0,-23.1970057757511,"",0,-23.1962921684566,-0.727749411410403,NA,0,-22.9673226063917,-0.712928320604898,1,NA,0,-0.727750045105307,-0.727749411410403,-23.19701,3,3,3,3
"251,501,751",-0.7,3,-14.4480891876957,NA,-0.635598764767461,-0.635572676855734,0,-17.8535358531149,"",0,-17.8364543382231,-0.635572676855734,NA,0,-13.3342901915297,-0.709457152609803,1,NA,0,-0.635598764767461,-0.635572676855734,-17.85354,3,3,3,3
"251,501,751",-0.7,3,28.3204106850724,NA,-0.717114218370771,-0.71711815341851,0,6.50178519175536,"",0,6.49547261209439,-0.71711815341851,NA,0,7.2193982662936,-0.743511265758934,1,NA,0,-0.717114218370771,-0.71711815341851,6.50179,3,3,3,3
"251,501,751",-0.7,3,7.7410795678655,NA,-0.673878688858041,-0.673879164280682,0,-3.65985695619191,"",0,-3.66237914944284,-0.673879164280682,NA,0,-3.64418833307279,-0.669418687468001,1,NA,0,-0.673878688858041,-0.673879164280682,-3.65986,3,3,3,3
"251,501,751",-0.7,3,-42.8095294668887,NA,-0.675898131184964,-0.675857823505425,0,-30.3446372564613,"",0,-30.2944690484294,-0.675857823505425,NA,0,-29.8966468878136,-0.696258074764173,1,NA,0,-0.675898131184964,-0.675857823505425,-30.34464,3,3,3,3
"251,501,751",-0.7,3,83.4666314921888,NA,-0.709889211856376,-0.709888767071435,0,34.7184313254442,"",0,34.7190646072861,-0.709888767071435,NA,0,36.1657951196928,-0.747799972775827,1,NA,0,-0.709889211856376,-0.709888767071435,34.71843,3,3,3,3
"251,501,751",-0.7,3,8.90281851895,NA,-0.708367593815438,-0.708365940471469,0,-2.6496108213806,"",0,-2.64799138716528,-0.708365940471469,NA,0,-2.62051078396012,-0.703086122752359,1,NA,0,-0.708367593815438,-0.708365940471469,-2.64961,3,3,3,3
"251,501,751",-0.7,3,-3.71277634357637,NA,-0.695473158576614,-0.695473871080745,0,-9.29534114438175,"",0,-9.29731391323891,-0.695473871080745,NA,0,-8.88351476557289,-0.674606487859533,1,NA,0,-0.695473158576614,-0.695473871080745,-9.29534,3,3,3,3
"251,501,751",-0.7,3,-20.9079233680322,NA,-0.676020387733918,-0.676015523841679,0,-17.8926796475942,"",0,-17.8950524116359,-0.676015523841679,NA,0,-17.8120487925855,-0.666440447397137,1,NA,0,-0.676020387733918,-0.676015523841679,-17.89268,3,3,3,3
"251,501,751",-0.7,3,119.044921154437,NA,-0.724255821400127,-0.724242797936856,0,51.6172195761323,"",0,51.6341776702761,-0.724242797936856,NA,0,53.6407753124512,-0.767941511909512,1,NA,0,-0.724255821400127,-0.724242797936856,51.61722,3,3,3,3
"251,501,751",-0.7,3,-56.1852140731295,NA,-0.734336097275071,-0.734338187198579,0,-36.7680628149273,"",0,-36.7727521838961,-0.734338187198579,NA,0,-36.7714742780256,-0.735275121997008,1,NA,0,-0.734336097275071,-0.734338187198579,-36.76806,3,3,3,3
"251,501,751",-0.7,3,92.350617805955,NA,-0.724813165199176,-0.72480822526983,0,38.5127461065369,"",0,38.5173743089634,-0.72480822526983,NA,0,38.8115886431707,-0.7415344516338,1,NA,0,-0.724813165199176,-0.72480822526983,38.51275,3,3,3,3
"251,501,751",-0.7,3,41.6243402647145,NA,-0.692341201202131,-0.692342704723776,0,13.8123297774775,"",0,13.8098828512901,-0.692342704723776,NA,0,14.0102373884663,-0.6778672955887,1,NA,0,-0.692341201202131,-0.692342704723776,13.81233,3,3,3,3
"251,501,751",-0.7,3,13.7787896619283,NA,-0.688115626223666,-0.688109971394204,0,-0.18728685145401,"",0,-0.182891710840284,-0.688109971394204,NA,0,3.32462813710774,-0.627152672507027,1,NA,0,-0.688115626223666,-0.688109971394204,-0.18729,3,3,3,3
"251,501,751",-0.7,3,42.3764643692819,NA,-0.704896497576346,-0.704899625786492,0,13.8919178313296,"593,623",2,20.5178229060563,-0.709496751573202,NA,0,14.2118147760426,-0.686684380699501,1,NA,0,-0.704896497576346,-0.704899625786492,13.89192,3,1.214,3,3
"251,501,751",-0.7,3,22.2511942255024,NA,-0.707966620923773,-0.707970108290253,0,3.34490230425307,"",0,3.3393784383244,-0.707970108290253,NA,0,3.71094347570113,-0.688442783599804,1,NA,0,-0.707966620923773,-0.707970108290253,3.3449,3,3,3,3
"251,501,751",-0.7,3,91.4632765416574,NA,-0.717955112563468,-0.717950288402059,0,38.4259286626455,"",0,38.4334250506408,-0.717950288402059,NA,0,38.4462574705573,-0.721462528604466,1,NA,0,-0.717955112563468,-0.717950288402059,38.42593,3,3,3,3
"251,501,751",-0.7,3,12.3718813355206,NA,-0.701893756329566,-0.701894355267196,0,-0.81059656006828,"",0,-0.812280494184499,-0.701894355267196,NA,0,-0.532718848080328,-0.685006281048744,1,NA,0,-0.701893756329566,-0.701894355267196,-0.8106,3,3,3,3
"251,501,751",-0.7,3,3.21747320025097,NA,-0.701523662628213,-0.701529255590299,0,-5.43023965132357,"",0,-5.4385778916965,-0.701529255590299,NA,0,-5.38117555053265,-0.709153922860497,1,NA,0,-0.701523662628213,-0.701529255590299,-5.43024,3,3,3,3
"251,501,751",-0.7,3,3.58349813968944,NA,-0.70797356490314,-0.70797027621913,0,-5.19215646309447,"",0,-5.19079042580135,-0.70797027621913,NA,0,-5.05070066717447,-0.719816163458045,1,NA,0,-0.70797356490314,-0.70797027621913,-5.19216,3,3,3,3
"251,501,751",-0.7,3,-19.1287364996343,NA,-0.721371504462483,-0.721355753075317,0,-17.2203708396352,"",0,-17.1967076211376,-0.721355753075317,NA,0,-17.0195932996182,-0.73435940852474,1,NA,0,-0.721371504462483,-0.721355753075317,-17.22037,3,3,3,3
"251,501,751",-0.7,3,69.018154516497,NA,-0.720933262668575,-0.720891610647327,0,25.5954795560649,"",0,25.6553236317411,-0.720891610647327,NA,0,25.6783529976258,-0.715795699505618,1,NA,0,-0.720933262668575,-0.720891610647327,25.59548,3,3,3,3
"251,501,751",-0.7,3,53.7055006150323,NA,-0.64828947027687,-0.648288588937829,0,17.6448808037137,"",0,17.645635813755,-0.648288588937829,NA,0,18.048324409248,-0.62665851901489,1,NA,0,-0.64828947027687,-0.648288588937829,17.64488,3,3,3,3
"251,501,751",-0.7,3,-17.9055819866913,NA,-0.66192367121516,-0.661929191508747,0,-18.8570119570263,"",0,-18.8633896204472,-0.661929191508747,NA,0,-18.2320739636515,-0.634761824230719,1,NA,0,-0.66192367121516,-0.661929191508747,-18.85701,3,3,3,3
"251,501,751",-0.7,3,26.982528882145,NA,-0.678078505229972,-0.678099995461066,0,4.4702846669992,"",0,4.44357705983953,-0.678099995461066,NA,0,6.40248359938676,-0.631512803636571,1,NA,0,-0.678078505229972,-0.678099995461066,4.47028,3,3,3,3
"251,501,751",-0.7,3,66.064571674207,NA,-0.699412956658691,-0.699415223769339,0,24.8712568760356,"",0,24.8682400041568,-0.699415223769339,NA,0,25.3301288153699,-0.677296243590111,1,NA,0,-0.699412956658691,-0.699415223769339,24.87126,3,3,3,3
"251,501,751",-0.7,3,6.52497534447302,NA,-0.710345638856773,-0.710350102135221,0,-5.39873174283689,"",0,-5.40507024173295,-0.710350102135221,NA,0,-4.74347522707345,-0.735502707796427,1,NA,0,-0.710345638856773,-0.710350102135221,-5.39873,3,3,3,3
"251,501,751",-0.7,3,101.053971870281,NA,-0.68055696656886,-0.680569661896171,0,42.5369715087162,"",0,42.5208767656842,-0.680569661896171,NA,0,42.5230775723178,-0.681885127818765,1,NA,0,-0.68055696656886,-0.680569661896171,42.53697,3,3,3,3
"251,501,751",-0.7,3,-71.2800480150374,NA,-0.71086387241923,-0.710861515311361,0,-42.699858596631,"",0,-42.6968668014062,-0.710861515311361,NA,0,-38.7351465776393,-0.773651180973579,1,NA,0,-0.71086387241923,-0.710861515311361,-42.69986,3,3,3,3
"251,501,751",-0.7,3,75.1966963153842,NA,-0.716867381380932,-0.716859153480106,0,30.1767405550599,"",0,30.1882973265013,-0.716859153480106,NA,0,30.191138493352,-0.715146268419148,1,NA,0,-0.716867381380932,-0.716859153480106,30.17674,3,3,3,3
"251,501,751",-0.7,3,-29.1575637828929,NA,-0.703198406950975,-0.703172878423,0,-21.8933980320388,"",0,-21.8666654222352,-0.703172878423,NA,0,-21.3597100272706,-0.680378539099991,1,NA,0,-0.703198406950975,-0.703172878423,-21.8934,3,3,3,3
"251,501,751",-0.7,3,-4.75117631532113,NA,-0.695152869744882,-0.695158845515101,0,-9.80562034306775,"",0,-9.81350405598739,-0.695158845515101,NA,0,-7.1162734854307,-0.642133056533454,1,NA,0,-0.695152869744882,-0.695158845515101,-9.80562,3,3,3,3
"251,501,751",-0.7,3,53.2814469061286,NA,-0.664292826021695,-0.664295473886412,0,18.2858664927152,"",0,18.2818313119893,-0.664295473886412,NA,0,18.3495767262624,-0.655495742970608,1,NA,0,-0.664292826021695,-0.664295473886412,18.28587,3,3,3,3
"251,501,751",-0.7,3,31.1266006398339,NA,-0.719821450189376,-0.719807995150746,0,7.07031690664565,"",0,7.08923529060755,-0.719807995150746,NA,0,7.72723762927514,-0.694572947001202,1,NA,0,-0.719821450189376,-0.719807995150746,7.07032,3,3,3,3
"251,501,751",-0.7,3,9.4162524110635,NA,-0.669368915950003,-0.669374108375453,0,-3.17712481670366,"",0,-3.1833418539646,-0.669374108375453,NA,0,-2.39700766486446,-0.698836339689355,1,NA,0,-0.669368915950003,-0.669374108375453,-3.17712,3,3,3,3
"251,501,751",-0.7,3,74.2682972744343,NA,-0.69175388080239,-0.691763040483166,0,30.1160535182778,"",0,30.102342230547,-0.691763040483166,NA,0,30.1430099851594,-0.698248142476011,1,NA,0,-0.69175388080239,-0.691763040483166,30.11605,3,3,3,3
"251,501,751",-0.7,3,-3.69568941267582,NA,-0.730812013897207,-0.730814622367087,0,-9.87427017093786,"558,580",2,-2.53112849657344,-0.733646076523832,NA,0,-8.14514227196911,-0.771004748900004,1,NA,0,-0.730812013897207,-0.730814622367087,-9.87427,3,1.136,3,3
"251,501,751",-0.7,3,40.2966687567344,NA,-0.728936805939731,-0.728934998092198,0,12.3447937665431,"",0,12.3461993416797,-0.728934998092198,NA,0,12.8297471786337,-0.750236378093391,1,NA,0,-0.728936805939731,-0.728934998092198,12.34479,3,3,3,3
"251,501,751",-0.7,3,12.6175944332806,NA,-0.711974280583718,-0.71196454294468,0,-0.891959291606435,"",0,-0.880801294451224,-0.71196454294468,NA,0,0.894212375481913,-0.670018206119678,1,NA,0,-0.711974280583718,-0.71196454294468,-0.89196,3,3,3,3
"251,501,751",-0.7,3,64.5326976644897,NA,-0.71072290579479,-0.71072353161886,0,25.2225085760248,"",0,25.2216042430475,-0.71072353161886,NA,0,27.1704295893696,-0.754678134504271,1,NA,0,-0.71072290579479,-0.71072353161886,25.22251,3,3,3,3
"251,501,751",-0.7,3,45.3212392165944,NA,-0.71637512643367,-0.716404362144359,0,14.1727060844408,NA,0,14.1300881149434,-0.716404362144359,NA,0,14.7399053708273,-0.740494826686823,1,NA,0,-0.71637512643367,-0.716404362144359,14.17271,3,3,3,3
"251,501,751",-0.7,3,-19.0920031446594,NA,-0.718311809508148,-0.718309266666381,0,-16.948020579513,NA,0,-16.9482308897999,-0.718309266666381,NA,0,-16.944284773205,-0.716287032941547,1,NA,0,-0.718311809508148,-0.718309266666381,-16.94802,3,3,3,3
"251,501,751",-0.7,3,-63.5080576672697,NA,-0.668814052572945,-0.668814323893454,0,-39.6147659754745,NA,0,-39.6150877498204,-0.668814323893454,NA,0,-39.6149869421745,-0.66845656762735,1,NA,0,-0.668814052572945,-0.668814323893454,-39.61477,3,3,3,3
"251,501,751",-0.7,3,-7.5054401824348,NA,-0.741754026923624,-0.741753714026906,0,-12.5930104374713,NA,0,-12.592415373526,-0.741753714026906,NA,0,-12.5862375734391,-0.744112534975349,1,NA,0,-0.741754026923624,-0.741753714026906,-12.59301,3,3,3,3
"251,501,751",-0.7,3,38.2577403815688,NA,-0.704095888279281,-0.70409527579271,0,12.2052866834507,NA,0,12.2027433855979,-0.70409527579271,NA,0,13.1936048990752,-0.735772917458144,1,NA,0,-0.704095888279281,-0.70409527579271,12.20529,3,3,3,3
"251,501,751",-0.7,3,78.8197376795763,NA,-0.700556591239016,-0.700553692083841,0,32.4644317658641,NA,0,32.4685184527979,-0.700553692083841,NA,0,35.8132653844241,-0.642083455649331,1,NA,0,-0.700556591239016,-0.700553692083841,32.46443,3,3,3,3
"251,501,751",-0.7,3,71.8506685630897,NA,-0.69934963335356,-0.699349954885036,0,29.0174480101289,NA,0,29.0166508727886,-0.699349954885036,NA,0,29.1262846404289,-0.709934771209217,1,NA,0,-0.69934963335356,-0.699349954885036,29.01745,3,3,3,3
"251,501,751",-0.7,3,12.9421464933634,NA,-0.691594320017303,-0.691591528300085,0,-0.517773795708254,NA,0,-0.517108076686619,-0.691591528300085,NA,0,0.327295176951617,-0.721357472229718,1,NA,0,-0.691594320017303,-0.691591528300085,-0.51777,3,3,3,3
"251,501,751",-0.7,3,17.8266057187299,NA,-0.650637679602741,-0.650645112302709,0,-0.345642023672136,"980",1,-0.693605666723311,-0.654910602941732,980,1,-0.693013474645179,-0.65515583239113,1,NA,0,-0.650637679602741,-0.650645112302709,-0.34564,3,2.229,2.229,3
"251,501,751",-0.7,3,5.19670033946852,NA,-0.655833733209449,-0.65583242445345,0,-6.02777507098201,NA,0,-6.02642097304904,-0.65583242445345,NA,0,-5.82117809777103,-0.640534724897373,1,NA,0,-0.655833733209449,-0.65583242445345,-6.02778,3,3,3,3
"251,501,751",-0.7,3,26.2598290975211,NA,-0.714516303981173,-0.71450174451429,0,3.33220443143508,NA,0,3.34809271580068,-0.71450174451429,NA,0,3.5373711391141,-0.7273648595683,1,NA,0,-0.714516303981173,-0.71450174451429,3.3322,3,3,3,3
"251,501,751",-0.7,3,-46.7829295199908,NA,-0.713953452790769,-0.713950388281062,0,-30.8021819211521,NA,0,-30.7998317485798,-0.713950388281062,NA,0,-30.0551119351031,-0.686796822815712,1,NA,0,-0.713953452790769,-0.713950388281062,-30.80218,3,3,3,3
"251,501,751",-0.7,3,-14.3503667637153,NA,-0.701571961004973,-0.701570469079057,0,-14.1003754354783,NA,0,-14.0992345154892,-0.701570469079057,NA,0,-13.5301929957805,-0.677510569987688,1,NA,0,-0.701571961004973,-0.701570469079057,-14.10038,3,3,3,3
"251,501,751",-0.7,3,17.4279985271899,NA,-0.711931341304868,-0.711949223663794,0,1.11804016304068,NA,0,1.09276719368203,-0.711949223663794,NA,0,1.19335193970605,-0.721731236654098,1,NA,0,-0.711931341304868,-0.711949223663794,1.11804,3,3,3,3
"251,501,751",-0.7,3,35.4990422986162,NA,-0.705899441685206,-0.705898045227861,0,10.494601848322,NA,0,10.4966354924114,-0.705898045227861,NA,0,10.8910530126305,-0.68590910972563,1,NA,0,-0.705899441685206,-0.705898045227861,10.4946,3,3,3,3
"251,501,751",-0.7,3,58.1598157786273,NA,-0.69833314983918,-0.6983332227864,0,22.0016160676198,NA,0,22.001470777928,-0.6983332227864,NA,0,23.046396752233,-0.665543813438024,1,NA,0,-0.69833314983918,-0.6983332227864,22.00162,3,3,3,3
"251,501,751",-0.7,3,8.48926590398271,NA,-0.702334814386019,-0.702334025224389,0,-2.74506334048279,NA,0,-2.74623806069839,-0.702334025224389,NA,0,2.70928729362425,-0.627587842465484,1,NA,0,-0.702334814386019,-0.702334025224389,-2.74506,3,3,3,3
"251,501,751",-0.7,3,30.4447145227476,NA,-0.690578451015567,-0.690580500472587,0,8.20136589312844,NA,0,8.19845054544251,-0.690580500472587,NA,0,10.7864935074024,-0.63846351390786,1,NA,0,-0.690578451015567,-0.690580500472587,8.20137,3,3,3,3
"251,501,751",-0.7,3,46.9557945730594,NA,-0.696611787060278,-0.696583183191845,0,15.8725528758451,NA,0,15.9050005049053,-0.696583183191845,NA,0,16.3041675887457,-0.676111528556401,1,NA,0,-0.696611787060278,-0.696583183191845,15.87255,3,3,3,3
"251,501,751",-0.7,3,6.29045900777442,NA,-0.664469266519324,-0.664475776191291,0,-5.03003997272004,NA,0,-5.03799120571318,-0.664475776191291,NA,0,-2.55563465729534,-0.717277794162802,1,NA,0,-0.664469266519324,-0.664475776191291,-5.03004,3,3,3,3
