"true_model","true_phi","true_nknots","bic_true_model","adaflasso","phi_adaflasso","phi_yw_adaflasso","nknots_adaflasso","bic_adaflasso","knots_WCM","nknots_WCM","bic_WCM","phi_WCM","knots_AR1seg","nknots_AR1seg","bic_AR1seg","phi_AR1seg","best_iter","changepoints","nknots_best_iter","phi_best_iter","phi_yw_best_iter","min_bic_best_iter","distance_adaflasso","distance_WCM","distance_AR1seg","distance_best_iter_flasso"
"251,501,751",0.3,3,59.1219517988299,NA,0.289073509634743,0.289065342880898,0,22.5800503388795,NA,0,22.5826797515554,0.289065342880898,NA,0,22.9590141737567,0.262797603796272,1,NA,0,0.289073509634743,0.289065342880898,22.58005,3,3,3,3
"251,501,751",0.3,3,-45.9706826316011,NA,0.271966156893808,0.271975919654183,0,-30.5314928290621,NA,0,-30.5343226377917,0.271975919654183,NA,0,-23.2541831704923,0.388192136278301,1,NA,0,0.271966156893808,0.271975919654183,-30.53149,3,3,3,3
"251,501,751",0.3,3,41.1562419949674,NA,0.272800374045669,0.272856608014621,0,12.519748754643,NA,0,12.5035747825164,0.272856608014621,NA,0,14.6432302186851,0.208975994766802,1,NA,0,0.272800374045669,0.272856608014621,12.51975,3,3,3,3
"251,501,751",0.3,3,-1.01616487612203,NA,0.263099004265522,0.263089324886071,0,-8.30929805782264,NA,0,-8.30661254734946,0.263089324886071,NA,0,-6.4847534358767,0.204644788403736,1,NA,0,0.263099004265522,0.263089324886071,-8.3093,3,3,3,3
"251,501,751",0.3,3,-58.5312159857706,NA,0.221787735332831,0.221786704413538,0,-39.4749432249537,NA,0,-39.4746917660827,0.221786704413538,NA,0,-38.5754261460877,0.180329176403188,1,NA,0,0.221787735332831,0.221786704413538,-39.47494,3,3,3,3
"251,501,751",0.3,3,26.4544189843856,NA,0.31162806041753,0.31162300790562,0,6.19744645726088,NA,0,6.19892118713526,0.31162300790562,NA,0,69.4427548820123,0.660718488334314,1,NA,0,0.31162806041753,0.31162300790562,6.19745,3,3,3,3
"251,501,751",0.3,3,-36.5074633061309,NA,0.252362464925874,0.252314947593188,0,-26.7605988954741,NA,0,-26.7478120346413,0.252314947593188,NA,0,-19.0614559431667,0.37229679096006,1,NA,0,0.252362464925874,0.252314947593188,-26.7606,3,3,3,3
"251,501,751",0.3,3,112.425502583873,NA,0.284765165714781,0.284816398084722,0,46.5238568096625,NA,0,46.5084004819224,0.284816398084722,NA,0,46.7209722486697,0.301221757292132,1,NA,0,0.284765165714781,0.284816398084722,46.52386,3,3,3,3
"251,501,751",0.3,3,36.4330217060039,NA,0.308135330743756,0.308330157620473,0,4.04761995365646,NA,0,3.98565052605314,0.308330157620473,NA,0,4.53885040001552,0.265335105086429,1,NA,0,0.308135330743756,0.308330157620473,4.04762,3,3,3,3
"251,501,751",0.3,3,-17.7952113553026,NA,0.280344098185812,0.28034230860782,0,-16.0448011828996,NA,0,-16.0442681780069,0.28034230860782,NA,0,-15.682028575118,0.306150722737847,1,NA,0,0.280344098185812,0.28034230860782,-16.0448,3,3,3,3
"251,501,751",0.3,3,41.9544554502847,NA,0.300792239918299,0.300790977220661,0,14.0694809373092,NA,0,14.0695907558226,0.300790977220661,NA,0,35.3421463904669,0.500019291265388,1,NA,0,0.300792239918299,0.300790977220661,14.06948,3,3,3,3
"251,501,751",0.3,3,20.8845259179483,NA,0.230314311386438,0.230294744864035,0,0.694249868298836,NA,0,0.698884909584403,0.230294744864035,NA,0,0.777541798619208,0.242259565789077,1,NA,0,0.230314311386438,0.230294744864035,0.69425,3,3,3,3
"251,501,751",0.3,3,-38.3722779465623,NA,0.297154497863521,0.297252802944172,0,-27.2887682536878,NA,0,-27.320608427774,0.297252802944172,NA,0,-12.5377089182223,0.460491258474327,1,NA,0,0.297154497863521,0.297252802944172,-27.28877,3,3,3,3
"251,501,751",0.3,3,90.1412083223523,NA,0.314282552728468,0.314288700841775,0,37.9692639959223,NA,0,37.967061392454,0.314288700841775,NA,0,55.1191509976105,0.136810038534718,1,NA,0,0.314282552728468,0.314288700841775,37.96926,3,3,3,3
"251,501,751",0.3,3,85.6285278850496,NA,0.269491180955651,0.269494062837335,0,34.1773837254958,NA,0,34.1767626786146,0.269494062837335,NA,0,40.0369722945183,0.372353388215474,1,NA,0,0.269491180955651,0.269494062837335,34.17738,3,3,3,3
"251,501,751",0.3,3,-26.1839827435468,NA,0.30090408179498,0.300849895760082,0,-20.5781266001603,NA,0,-20.560631940086,0.300849895760082,NA,0,-14.9955877779032,0.199350243707777,1,NA,0,0.30090408179498,0.300849895760082,-20.57813,3,3,3,3
"251,501,751",0.3,3,10.5893106878318,NA,0.280744434390625,0.280746010618872,0,-1.93502405070396,NA,0,-1.93548511147534,0.280746010618872,NA,0,10.6494407698645,0.433806688724742,1,NA,0,0.280744434390625,0.280746010618872,-1.93502,3,3,3,3
"251,501,751",0.3,3,-9.40305847001549,NA,0.2391414404566,0.239008310289261,0,-14.5167221306113,NA,0,-14.4841754322448,0.239008310289261,NA,0,-14.0763503646671,0.266001432526542,1,NA,0,0.2391414404566,0.239008310289261,-14.51672,3,3,3,3
"251,501,751",0.3,3,52.0506097294269,NA,0.293224381157453,0.293220578519497,0,19.0816829188685,NA,0,19.0828311598291,0.293220578519497,NA,0,37.335283078972,0.477827856200101,1,NA,0,0.293224381157453,0.293220578519497,19.08168,3,3,3,3
"251,501,751",0.3,3,96.0564072552771,NA,0.284632021984747,0.284573315948736,0,40.8142184242348,NA,0,40.8320507841622,0.284573315948736,NA,0,46.830077498974,0.179147860069927,1,NA,0,0.284632021984747,0.284573315948736,40.81422,3,3,3,3
"251,501,751",0.3,3,25.9650430007571,NA,0.246029307743071,0.246039296624149,0,4.44548020861599,NA,0,4.44287736950113,0.246039296624149,NA,0,5.28041261983536,0.206259063645074,1,NA,0,0.246029307743071,0.246039296624149,4.44548,3,3,3,3
"251,501,751",0.3,3,-38.988385716799,NA,0.323928585357651,0.323933048813381,0,-26.7836025025413,NA,0,-26.7851808457009,0.323933048813381,NA,0,-22.467810949625,0.23573805101598,1,NA,0,0.323928585357651,0.323933048813381,-26.7836,3,3,3,3
"251,501,751",0.3,3,18.2414679626652,NA,0.301773491057859,0.301754300456505,0,1.97193795919887,NA,0,1.97841417805611,0.301754300456505,NA,0,2.42024575681918,0.329777341494494,1,NA,0,0.301773491057859,0.301754300456505,1.97194,3,3,3,3
"251,501,751",0.3,3,70.8885261185518,NA,0.304369640224837,0.304378427748744,0,28.4903259288834,NA,0,28.4872777846378,0.304378427748744,NA,0,35.5101152632232,0.191018526433824,1,NA,0,0.304369640224837,0.304378427748744,28.49033,3,3,3,3
"251,501,751",0.3,3,28.7510440931657,NA,0.306952797229424,0.30693414914034,0,7.2468656167703,NA,0,7.25331775639255,0.30693414914034,NA,0,59.4373116619451,0.622292798980475,1,NA,0,0.306952797229424,0.30693414914034,7.24687,3,3,3,3
"251,501,751",0.3,3,-11.1227320844836,NA,0.313588514943852,0.31358445676462,0,-13.1949989485683,NA,0,-13.1936469895399,0.31358445676462,NA,0,0.0920258528536886,0.468528588870209,1,NA,0,0.313588514943852,0.31358445676462,-13.195,3,3,3,3
"251,501,751",0.3,3,83.3221003568421,NA,0.307973714080284,0.307976687482709,0,34.7017430530996,NA,0,34.7007564375585,0.307976687482709,NA,0,57.7234541259949,0.514650540306023,9,NA,0,0.30797225538242,0.307976687482709,34.70172,3,3,3,3
"251,501,751",0.3,3,54.257359494666,NA,0.275566689396535,0.27559556228546,0,19.6556864865717,NA,0,19.647282292251,0.27559556228546,NA,0,25.6929694747246,0.169279184641347,1,NA,0,0.275566689396535,0.27559556228546,19.65569,3,3,3,3
"251,501,751",0.3,3,75.4684161783927,NA,0.296974492606164,0.297000081474511,0,30.7886575829238,NA,0,30.7802985953921,0.297000081474511,NA,0,32.0528894139566,0.345118738806737,1,NA,0,0.296974492606164,0.297000081474511,30.78866,3,3,3,3
"251,501,751",0.3,3,13.0326887231841,NA,0.296784070954425,0.296808508549682,0,-0.554302950475696,NA,0,-0.561971284367583,0.296808508549682,NA,0,-0.17395895568092,0.269973027092957,1,NA,0,0.296784070954425,0.296808508549682,-0.5543,3,3,3,3
"251,501,751",0.3,3,1.2311256779076,NA,0.27541471910224,0.275397456918145,0,-6.68866945285808,NA,0,-6.68355107427168,0.275397456918145,NA,0,-6.5685698712402,0.289914465972151,1,NA,0,0.27541471910224,0.275397456918145,-6.68867,3,3,3,3
"251,501,751",0.3,3,-39.183957499979,NA,0.274640522905712,0.274640502466908,0,-27.0172536525006,NA,0,-27.0173770899903,0.274640502466908,NA,0,-27.0101832188236,0.270735728239299,1,NA,0,0.274640522905712,0.274640502466908,-27.01725,3,3,3,3
"251,501,751",0.3,3,94.1331696636573,NA,0.336070854473572,0.33612950066752,0,38.566547662507,NA,0,38.5447698098989,0.33612950066752,NA,0,44.7326178259025,0.22977236954829,1,NA,0,0.336070854473572,0.33612950066752,38.56655,3,3,3,3
"251,501,751",0.3,3,30.7500661062523,NA,0.382542637448486,0.382545561156692,0,4.5165868924846,NA,0,4.51365158270401,0.382545561156692,NA,0,12.0135966653313,0.496420512515796,1,NA,0,0.382542637448486,0.382545561156692,4.51659,3,3,3,3
"251,501,751",0.3,3,57.9276919685022,NA,0.297733785544952,0.297765139568914,0,21.1705223203948,NA,0,21.1604335673259,0.297765139568914,NA,0,22.3609183656018,0.343240748114761,1,NA,0,0.297733785544952,0.297765139568914,21.17052,3,3,3,3
"251,501,751",0.3,3,-3.23867957049352,NA,0.306207217812039,0.306188820960706,0,-8.59379006122244,NA,0,-8.58854664640861,0.306188820960706,NA,0,-4.3478221677595,0.394133059799984,1,NA,0,0.306207217812039,0.306188820960706,-8.59379,3,3,3,3
"251,501,751",0.3,3,43.7594109557268,NA,0.25218331618904,0.252144305327589,0,13.2944820459607,NA,0,13.3051921539148,0.252144305327589,NA,0,15.0297038576673,0.308508429145006,1,NA,0,0.25218331618904,0.252144305327589,13.29448,3,3,3,3
"251,501,751",0.3,3,33.5879071666955,NA,0.323850886444853,0.323889973171793,0,8.64249327357841,NA,0,8.62873946645718,0.323889973171793,NA,0,8.63062143831747,0.32014735425895,1,NA,0,0.323850886444853,0.323889973171793,8.64249,3,3,3,3
"251,501,751",0.3,3,43.0771408140273,NA,0.268415918759688,0.268422892328402,0,14.0423683272575,NA,0,14.040131497725,0.268422892328402,NA,0,14.538207961649,0.237907714136276,1,NA,0,0.268415918759688,0.268422892328402,14.04237,3,3,3,3
"251,501,751",0.3,3,56.5335702485529,NA,0.343651239583106,0.343659041771076,0,20.0745073077451,NA,0,20.0711504841747,0.343659041771076,NA,0,24.115078204751,0.258562886767838,1,NA,0,0.343651239583106,0.343659041771076,20.07451,3,3,3,3
"251,501,751",0.3,3,115.318134173936,NA,0.285726944106077,0.285669373455286,0,49.7510408609257,NA,0,49.76842881614,0.285669373455286,NA,0,53.0680977773091,0.362625630015184,1,NA,0,0.285726944106077,0.285669373455286,49.75104,3,3,3,3
"251,501,751",0.3,3,-13.6319815031453,NA,0.277523983629299,0.277534958827017,0,-14.0347739947278,NA,0,-14.0381566277786,0.277534958827017,NA,0,-14.0181908040918,0.28354002555027,1,NA,0,0.277523983629299,0.277534958827017,-14.03477,3,3,3,3
"251,501,751",0.3,3,98.8551167400605,NA,0.270691136235801,0.270665321508133,0,41.9454639722071,NA,0,41.9523528625295,0.270665321508133,NA,0,42.3809531832245,0.242374989721666,1,NA,0,0.270691136235801,0.270665321508133,41.94546,3,3,3,3
"251,501,751",0.3,3,93.114056036102,NA,0.322751933405361,0.322737699957819,0,38.5638417520593,NA,0,38.5687727160514,0.322737699957819,NA,0,39.7993325410024,0.274687149890785,1,NA,0,0.322751933405361,0.322737699957819,38.56384,3,3,3,3
"251,501,751",0.3,3,-26.463511420977,NA,0.291627611056819,0.291688345262989,0,-20.5007363123311,NA,0,-20.5197803881767,0.291688345262989,NA,0,-10.1313230897007,0.42971113849788,1,NA,0,0.291627611056819,0.291688345262989,-20.50074,3,3,3,3
"251,501,751",0.3,3,17.3938957507419,NA,0.287960344029792,0.28799306102071,0,1.39260297904082,NA,0,1.38258676327747,0.28799306102071,NA,0,11.0373218234456,0.421252301948239,1,NA,0,0.287960344029792,0.28799306102071,1.3926,3,3,3,3
"251,501,751",0.3,3,32.2031777071952,NA,0.259312693395633,0.259318343019451,0,8.24550625886914,NA,0,8.24396705850117,0.259318343019451,NA,0,8.63112181035075,0.232366482385611,1,NA,0,0.259312693395633,0.259318343019451,8.24551,3,3,3,3
"251,501,751",0.3,3,71.6262015791177,NA,0.332321168848702,0.332392684306928,0,26.5926723956519,NA,0,26.5669085374157,0.332392684306928,NA,0,31.7397570927377,0.425670396651257,1,NA,0,0.332321168848702,0.332392684306928,26.59267,3,3,3,3
"251,501,751",0.3,3,11.6352286956921,NA,0.298735674961676,0.298761344182726,0,-1.3236788059321,NA,0,-1.33246494358652,0.298761344182726,NA,0,-1.24419790469765,0.311054338622685,1,NA,0,0.298735674961676,0.298761344182726,-1.32368,3,3,3,3
"251,501,751",0.3,3,-18.2806047694571,NA,0.341658141154726,0.341653502752631,0,-17.0393883142897,NA,0,-17.0374848344657,0.341653502752631,NA,0,-16.8629402655047,0.359203441731412,1,NA,0,0.341658141154726,0.341653502752631,-17.03939,3,3,3,3
"251,501,751",0.3,3,96.441807484949,NA,0.320314289296174,0.320271022035531,0,40.9543305011141,NA,0,40.9691842119169,0.320271022035531,NA,0,67.1906892333993,0.100326290793744,1,NA,0,0.320314289296174,0.320271022035531,40.95433,3,3,3,3
"251,501,751",0.3,3,8.57051199605104,NA,0.333800076349412,0.333808099609301,0,-3.26996951779506,NA,0,-3.27262058818958,0.333808099609301,NA,0,-3.03951829440319,0.354154946874913,1,NA,0,0.333800076349412,0.333808099609301,-3.26997,3,3,3,3
"251,501,751",0.3,3,-25.3817895953278,NA,0.310159818366037,0.31019143929027,0,-19.8265574788079,NA,0,-19.8375807345706,0.31019143929027,NA,0,18.2281535956196,0.577210171111764,1,NA,0,0.310159818366037,0.31019143929027,-19.82656,3,3,3,3
"251,501,751",0.3,3,37.5181548200832,NA,0.311436035383731,0.3114438082644,0,10.3654181148784,NA,0,10.3630879054202,0.3114438082644,NA,0,17.1997409192801,0.198252286967045,1,NA,0,0.311436035383731,0.3114438082644,10.36542,3,3,3,3
"251,501,751",0.3,3,41.6000601195564,NA,0.324722415081275,0.324723626511328,0,13.5508859739303,NA,0,13.5504097656572,0.324723626511328,NA,0,21.6073845790207,0.20417390871418,1,NA,0,0.324722415081275,0.324723626511328,13.55089,3,3,3,3
"251,501,751",0.3,3,-16.7663886924359,NA,0.353174419826481,0.353116050084775,0,-17.1033949954299,NA,0,-17.0807649203167,0.353116050084775,NA,0,-15.1273834837345,0.294362763263405,1,NA,0,0.353174419826481,0.353116050084775,-17.10339,3,3,3,3
"251,501,751",0.3,3,17.5710014251196,NA,0.268398717930578,0.268418680548996,0,-2.38693807159085,NA,0,-2.39205136711251,0.268418680548996,NA,0,3.98580413765946,0.155434631564376,1,NA,0,0.268398717930578,0.268418680548996,-2.38694,3,3,3,3
"251,501,751",0.3,3,85.3774487035173,NA,0.303312341937187,0.303298613031214,0,35.7285458090302,NA,0,35.7333377103685,0.303298613031214,NA,0,42.4014943338995,0.192692243779246,1,NA,0,0.303312341937187,0.303298613031214,35.72855,3,3,3,3
"251,501,751",0.3,3,78.7795204812412,NA,0.280451518131498,0.280424657451591,0,32.1873981385108,NA,0,32.1959833887155,0.280424657451591,NA,0,34.2142602233977,0.219188308079891,3,NA,0,0.280450854312888,0.280424657451591,32.18738,3,3,3,3
"251,501,751",0.3,3,65.8433095237138,NA,0.315046661121033,0.315029186591541,0,23.6551056018078,NA,0,23.6616923003428,0.315029186591541,NA,0,24.8786017476757,0.35860739954572,1,NA,0,0.315046661121033,0.315029186591541,23.65511,3,3,3,3
"251,501,751",0.3,3,33.6542241713679,NA,0.293100208343155,0.293100096446027,0,9.89326128247098,"",0,9.89329942304673,0.293100096446027,NA,0,22.3536011965202,0.141225385258256,1,NA,0,0.293100208343155,0.293100096446027,9.89326,3,3,3,3
"251,501,751",0.3,3,-5.80875059752788,NA,0.295253455172089,0.295257456364869,0,-9.82407812167163,"",0,-9.82565893558682,0.295257456364869,NA,0,-5.4972321387137,0.206149194605473,1,NA,0,0.295253455172089,0.295257456364869,-9.82408,3,3,3,3
"251,501,751",0.3,3,-12.8542563054894,NA,0.263633470679646,0.263632295322158,0,-14.0443909643962,"",0,-14.0434408462319,0.263632295322158,NA,0,-13.8899292746286,0.280553999240975,1,NA,0,0.263633470679646,0.263632295322158,-14.04439,3,3,3,3
"251,501,751",0.3,3,50.6031227937129,NA,0.30551868458555,0.305494972142491,0,18.1880772651816,"",0,18.1958523198442,0.305494972142491,NA,0,23.9531690992157,0.202825758582135,1,NA,0,0.30551868458555,0.305494972142491,18.18808,3,3,3,3
"251,501,751",0.3,3,-86.0320844933109,NA,0.315173471749669,0.315168216670509,0,-50.1057209464066,"",0,-50.1040218101258,0.315168216670509,NA,0,-45.6199464383889,0.225015036920812,1,NA,0,0.315173471749669,0.315168216670509,-50.10572,3,3,3,3
"251,501,751",0.3,3,-44.517501644779,NA,0.279119988498716,0.279116262559835,0,-29.75651739723,"",0,-29.755362266046,0.279116262559835,NA,0,-28.3366624885064,0.227475862512251,1,NA,0,0.279119988498716,0.279116262559835,-29.75652,3,3,3,3
"251,501,751",0.3,3,116.11098773988,NA,0.310377335823957,0.310380535204015,0,51.0802770009397,"",0,51.0788022166971,0.310380535204015,NA,0,54.6565546254224,0.390978969575503,1,NA,0,0.310377335823957,0.310380535204015,51.08028,3,3,3,3
"251,501,751",0.3,3,15.21854315662,NA,0.299764576212828,0.299761730857244,0,0.669631887615203,"",0,0.670554953744278,0.299761730857244,NA,0,5.79302977292646,0.20291814573767,1,NA,0,0.299764576212828,0.299761730857244,0.66963,3,3,3,3
"251,501,751",0.3,3,21.0324964557026,NA,0.267150502109059,0.267148620764742,0,3.02190948997365,"",0,3.02248156942993,0.267148620764742,NA,0,3.49129140741738,0.296659525193237,1,NA,0,0.267150502109059,0.267148620764742,3.02191,3,3,3,3
"251,501,751",0.3,3,-4.04094217074015,NA,0.334961675619357,0.334950797713733,0,-10.0694515452627,"",0,-10.0652238363371,0.334950797713733,NA,0,9.58700736984029,0.522739990541769,1,NA,0,0.334961675619357,0.334950797713733,-10.06945,3,3,3,3
"251,501,751",0.3,3,19.795194773409,NA,0.335023856629645,0.335041431698544,0,2.21253535797143,"",0,2.20599530766401,0.335041431698544,NA,0,2.21578107702141,0.330711152899947,1,NA,0,0.335023856629645,0.335041431698544,2.21254,3,3,3,3
"251,501,751",0.3,3,78.0595723199183,NA,0.348727908543173,0.348739359981188,0,27.5669015160651,"",0,27.5634925393531,0.348739359981188,NA,0,44.982591060706,0.518783027320758,1,NA,0,0.348727908543173,0.348739359981188,27.5669,3,3,3,3
"251,501,751",0.3,3,25.1494191700201,NA,0.294850568802957,0.294839799546806,0,5.52429971108814,"",0,5.52780871611723,0.294839799546806,NA,0,7.73122332041394,0.231196320126094,1,NA,0,0.294850568802957,0.294839799546806,5.5243,3,3,3,3
"251,501,751",0.3,3,12.6894601372478,NA,0.291996826024655,0.291996041022309,0,-1.46976884500986,"",0,-1.46937916248049,0.291996041022309,NA,0,13.6171403750103,0.45794754835719,1,NA,0,0.291996826024655,0.291996041022309,-1.46977,3,3,3,3
"251,501,751",0.3,3,101.130417142515,NA,0.307719079517384,0.307723976852008,0,42.9268721960318,"",0,42.9250311697544,0.307723976852008,NA,0,44.7754390617407,0.248858134192775,1,NA,0,0.307719079517384,0.307723976852008,42.92687,3,3,3,3
"251,501,751",0.3,3,2.64388892090048,NA,0.253893249972793,0.253889364956708,0,-6.80117190285109,"",0,-6.80031876919832,0.253889364956708,NA,0,-6.27136957415791,0.222229656828217,1,NA,0,0.253893249972793,0.253889364956708,-6.80117,3,3,3,3
"251,501,751",0.3,3,6.48220490293482,NA,0.314141735445382,0.314133237123792,0,-4.37724342358238,"",0,-4.3745033629134,0.314133237123792,NA,0,0.983778292890317,0.411797928624307,1,NA,0,0.314141735445382,0.314133237123792,-4.37724,3,3,3,3
"251,501,751",0.3,3,-47.7495841967622,NA,0.274789530325197,0.274827957811941,0,-31.3185153273722,"",0,-31.3300826899493,0.274827957811941,NA,0,-21.409991275664,0.138458649920641,1,NA,0,0.274789530325197,0.274827957811941,-31.31852,3,3,3,3
"251,501,751",0.3,3,11.5888504661021,NA,0.288092680308285,0.288089838533432,0,-1.27558933795502,"759,796",2,4.9155546833794,0.269532578014912,NA,0,1.65844746801402,0.214385148827945,1,NA,0,0.288092680308285,0.288089838533432,-1.27559,3,1.053,3,3
"251,501,751",0.3,3,36.6328483246283,NA,0.32034215595621,0.320336917684056,0,11.0137602402022,"841",1,10.940318063068,0.300108583428319,NA,0,16.4009385322142,0.418640603631313,1,NA,0,0.32034215595621,0.320336917684056,11.01376,3,2.09,3,3
"251,501,751",0.3,3,11.695113365283,NA,0.284108205495078,0.284196110648472,0,-2.31636200360708,NA,0,-2.34363392325991,0.284196110648472,NA,0,-2.33915372288644,0.285862819837413,1,NA,0,0.284108205495078,0.284196110648472,-2.31636,3,3,3,3
"251,501,751",0.3,3,50.072429913812,NA,0.326402389273487,0.326420733640074,0,17.7331907037205,NA,0,17.7267711968256,0.326420733640074,NA,0,18.2205708853483,0.296673892526915,1,NA,0,0.326402389273487,0.326420733640074,17.73319,3,3,3,3
"251,501,751",0.3,3,20.4035097200781,NA,0.322945883482178,0.322877425082983,0,2.41831143740098,NA,0,2.4425525177998,0.322877425082983,NA,0,2.51365530005076,0.33346086573842,1,NA,0,0.322945883482178,0.322877425082983,2.41831,3,3,3,3
"251,501,751",0.3,3,-23.842357951676,NA,0.296343748358109,0.296380716003163,0,-19.1195816219014,NA,0,-19.1312014251325,0.296380716003163,NA,0,-18.3711313715927,0.258725763726584,1,NA,0,0.296343748358109,0.296380716003163,-19.11958,3,3,3,3
"251,501,751",0.3,3,-16.4866756830739,NA,0.292573251139913,0.292587438174571,0,-15.9434208563977,NA,0,-15.9477660121085,0.292587438174571,NA,0,-13.9758899392725,0.231556066568937,1,NA,0,0.292573251139913,0.292587438174571,-15.94342,3,3,3,3
"251,501,751",0.3,3,23.3226008912775,NA,0.293278494713624,0.293274621355367,0,4.28081024886148,NA,0,4.28211803504756,0.293274621355367,NA,0,9.52998855863937,0.194581901092796,1,NA,0,0.293278494713624,0.293274621355367,4.28081,3,3,3,3
"251,501,751",0.3,3,-4.27756827062669,NA,0.345338379843424,0.345344950466186,0,-10.2114932223845,NA,0,-10.2150352788968,0.345344950466186,NA,0,-10.1156974520821,0.358559883649837,1,NA,0,0.345338379843424,0.345344950466186,-10.21149,3,3,3,3
"251,501,751",0.3,3,-0.732697074067232,NA,0.258943007939158,0.258819929795717,0,-9.77922440626719,NA,0,-9.74485448097303,0.258819929795717,NA,0,-4.41890987009729,0.356777170041403,1,NA,0,0.258943007939158,0.258819929795717,-9.77922,3,3,3,3
"251,501,751",0.3,3,72.9502686725317,NA,0.375366976123221,0.375384775419726,0,26.2346659155472,NA,0,26.2271676544603,0.375384775419726,NA,0,27.0517378922508,0.412952755137392,1,NA,0,0.375366976123221,0.375384775419726,26.23467,3,3,3,3
"251,501,751",0.3,3,-3.88355925159996,NA,0.331735811823446,0.331748353362052,0,-9.51332301617614,NA,0,-9.51790304212204,0.331748353362052,NA,0,-9.33505247457058,0.349683856098166,1,NA,0,0.331735811823446,0.331748353362052,-9.51332,3,3,3,3
"251,501,751",0.3,3,-32.163328777411,NA,0.295003058400366,0.295078227000682,0,-23.8891864056481,NA,0,-23.9130370922623,0.295078227000682,NA,0,-23.6254371160729,0.316727771284026,1,NA,0,0.295003058400366,0.295078227000682,-23.88919,3,3,3,3
"251,501,751",0.3,3,5.12833546044773,NA,0.321027212148647,0.321010010376432,0,-4.61367982191564,NA,0,-4.6111435781939,0.321010010376432,"999",1,28.9571134031694,0.574240674460951,1,NA,0,0.321027212148647,0.321010010376432,-4.61368,3,3,2.248,3
"251,501,751",0.3,3,58.9196896853223,NA,0.299878452148234,0.299910445582257,0,21.5944802155404,NA,0,21.584251810441,0.299910445582257,NA,0,23.0280850394418,0.349808605144396,1,NA,0,0.299878452148234,0.299910445582257,21.59448,3,3,3,3
"251,501,751",0.3,3,27.052825898739,NA,0.334470417968136,0.334497246142342,0,5.87845931985998,NA,0,5.86853821137136,0.334497246142342,NA,0,6.39567694879789,0.303744714855675,1,NA,0,0.334470417968136,0.334497246142342,5.87846,3,3,3,3
"251,501,751",0.3,3,51.0629767846181,NA,0.315437966437441,0.315425842971932,0,18.4342335367213,NA,0,18.4379809098514,0.315425842971932,NA,0,23.5637142245108,0.218981965554896,1,NA,0,0.315437966437441,0.315425842971932,18.43423,3,3,3,3
"251,501,751",0.3,3,21.7071675597683,NA,0.286222241249483,0.286180755017972,0,3.41603941828892,NA,0,3.42922811356733,0.286180755017972,NA,0,4.4888047271087,0.329773850989911,1,NA,0,0.286222241249483,0.286180755017972,3.41604,3,3,3,3
"251,501,751",0.3,3,37.0480333124224,NA,0.274743708222713,0.274764599574584,0,11.2345550398796,NA,0,11.2280387205656,0.274764599574584,NA,0,12.023372739285,0.313050515190759,1,NA,0,0.274743708222713,0.274764599574584,11.23456,3,3,3,3
"251,501,751",0.3,3,7.08534243004776,NA,0.313371659616181,0.313368515158709,0,-3.46531578714974,NA,0,-3.46359855606688,0.313368515158709,NA,0,-2.68034616900724,0.35102101865477,1,NA,0,0.313371659616181,0.313368515158709,-3.46532,3,3,3,3
"251,501,751",0.3,3,20.0313171619287,518,0.283558473454345,0.284011854481916,1,1.21554892355591,"518",1,0.878804326263598,0.284011854481916,"518",1,1.55047802759159,0.236449882352839,1,518,1,0.283558473454345,0.284011854481916,1.21555,2.017,2.017,2.017,2.017
"251,501,751",0.3,3,9.59096033711208,NA,0.348233411009705,0.348189336713183,0,-3.73232588009857,NA,0,-3.71455578820973,0.348189336713183,NA,0,-1.1355158716038,0.41512270098161,1,NA,0,0.348233411009705,0.348189336713183,-3.73233,3,3,3,3
"251,501,751",0.3,3,-18.2288631398519,NA,0.268474161359437,0.268182606891564,0,-18.7725412797841,NA,0,-18.6883527851505,0.268182606891564,NA,0,-15.090673377734,0.184377789810674,1,NA,0,0.268474161359437,0.268182606891564,-18.77254,3,3,3,3
"251,501,751",0.3,3,-13.4529125869443,NA,0.281649678399224,0.28160399031487,0,-14.0996517340225,NA,0,-14.0855573770174,0.28160399031487,NA,0,-11.3846893990127,0.21072350454478,1,NA,0,0.281649678399224,0.28160399031487,-14.09965,3,3,3,3
"251,501,751",0.3,3,49.5924399365075,NA,0.29416810980792,0.294172877949423,0,17.7472919505933,NA,0,17.7457948909729,0.294172877949423,NA,0,27.7330086654144,0.429745110536271,1,NA,0,0.29416810980792,0.294172877949423,17.74729,3,3,3,3
"251,501,751",0.3,3,-27.7979562403404,NA,0.260297447286438,0.260269486416818,0,-21.839886497436,NA,0,-21.8325111324907,0.260269486416818,NA,0,-12.3233003321211,0.126269815847769,1,NA,0,0.260297447286438,0.260269486416818,-21.83989,3,3,3,3
"251,501,751",0.3,3,-48.7804480509361,NA,0.317663118325272,0.317715941942991,0,-31.7651355744231,NA,0,-31.7838623096471,0.317715941942991,NA,0,-29.8486173553869,0.258173461671501,1,NA,0,0.317663118325272,0.317715941942991,-31.76514,3,3,3,3
"251,501,751",0.3,3,-23.7138990747745,NA,0.330689472954285,0.330849884222022,0,-20.5252147356216,NA,0,-20.5836750643317,0.330849884222022,NA,0,-15.9688907267602,0.419407052461814,1,NA,0,0.330689472954285,0.330849884222022,-20.52521,3,3,3,3
"251,501,751",0.3,3,58.9260762256305,NA,0.285654797137675,0.285650656812799,0,22.4389510330664,NA,0,22.440303301119,0.285650656812799,NA,0,23.5611307096174,0.331049694341727,1,NA,0,0.285654797137675,0.285650656812799,22.43895,3,3,3,3
"251,501,751",0.3,3,-76.5060309763458,NA,0.307519038517346,0.30755590880104,0,-45.6527043406313,NA,0,-45.6652261218692,0.30755590880104,NA,0,-42.0929573896211,0.226321520798381,1,NA,0,0.307519038517346,0.30755590880104,-45.6527,3,3,3,3
"251,501,751",0.3,3,11.8084327773366,NA,0.300539504620223,0.300539626084877,0,-1.00425143576223,NA,0,-1.00434214787964,0.300539626084877,NA,0,8.03299790080051,0.171706212768463,1,NA,0,0.300539504620223,0.300539626084877,-1.00425,3,3,3,3
"251,501,751",0.3,3,18.0496550699085,NA,0.290803107287655,0.29089475654953,0,0.79787678423239,NA,0,0.769318099250893,0.29089475654953,NA,0,0.770787264008793,0.286706651987695,1,NA,0,0.290803107287655,0.29089475654953,0.79788,3,3,3,3
"251,501,751",0.3,3,7.6176994487215,NA,0.307929676132029,0.307932550243769,0,-3.17196440944899,NA,0,-3.17295303766194,0.307932550243769,NA,0,9.16184406456455,0.15751931114578,1,NA,0,0.307929676132029,0.307932550243769,-3.17196,3,3,3,3
"251,501,751",0.3,3,85.8444187104624,NA,0.307998356636684,0.307993429167879,0,35.7733617817665,NA,0,35.7749009880591,0.307993429167879,NA,0,55.4108477377581,0.498196330577446,1,NA,0,0.307998356636684,0.307993429167879,35.77336,3,3,3,3
"251,501,751",0.3,3,54.234375136879,NA,0.294418693717953,0.294440304978626,0,18.6284535228815,NA,0,18.6216473600014,0.294440304978626,NA,0,31.9622564965895,0.449011166075036,1,NA,0,0.294418693717953,0.294440304978626,18.62845,3,3,3,3
"251,501,751",0.3,3,16.8571118925899,NA,0.318470711436764,0.318514190083616,0,1.1844781828166,NA,0,1.1669639744402,0.318514190083616,NA,0,1.97371741296466,0.27988961070446,1,NA,0,0.318470711436764,0.318514190083616,1.18448,3,3,3,3
"251,501,751",0.3,3,19.9858487409043,NA,0.257354149011091,0.257401934722387,0,1.95370957550452,NA,0,1.94071831706675,0.257401934722387,NA,0,18.3106869371047,0.433401677100882,1,NA,0,0.257354149011091,0.257401934722387,1.95371,3,3,3,3
"251,501,751",0.3,3,75.6627395778725,NA,0.289815067701576,0.289819244925017,0,30.8667158666674,NA,0,30.8654321503415,0.289819244925017,NA,0,30.9361074630275,0.301192467830767,1,NA,0,0.289815067701576,0.289819244925017,30.86672,3,3,3,3
"251,501,751",0.3,3,104.659225785837,NA,0.30051997582061,0.300522526933228,0,45.4074875099863,NA,0,45.4066420988579,0.300522526933228,NA,0,46.1858217660899,0.338163738020101,1,NA,0,0.30051997582061,0.300522526933228,45.40749,3,3,3,3
"251,501,751",0.3,3,25.019837089522,NA,0.320098752101288,0.3201341620181,0,5.03395566774303,NA,0,5.02162597912197,0.3201341620181,NA,0,6.71057153902782,0.26451716815956,1,NA,0,0.320098752101288,0.3201341620181,5.03396,3,3,3,3
"251,501,751",0.3,3,84.2757438674769,NA,0.273762900479539,0.273748363971244,0,34.6161186474284,NA,0,34.6203488971299,0.273748363971244,NA,0,38.7080510903634,0.360607063511957,1,NA,0,0.273762900479539,0.273748363971244,34.61612,3,3,3,3
"251,501,751",0.3,3,-4.56193940880412,NA,0.30215364428134,0.302244330467471,0,-9.65613798687653,NA,0,-9.6867459984516,0.302244330467471,NA,0,-8.18235138993179,0.249115907715909,1,NA,0,0.30215364428134,0.302244330467471,-9.65614,3,3,3,3
"251,501,751",0.3,3,87.8919478560217,NA,0.270060952408704,0.270044778358872,0,36.1352384706456,NA,0,36.139803533862,0.270044778358872,NA,0,36.4629203629075,0.245122586604586,1,NA,0,0.270060952408704,0.270044778358872,36.13524,3,3,3,3
"251,501,751",0.3,3,52.296797275515,NA,0.291980241554765,0.291954289676705,0,18.7176106616235,NA,0,18.7260482227544,0.291954289676705,NA,0,26.5197010430538,0.171480346793818,1,NA,0,0.291980241554765,0.291954289676705,18.71761,3,3,3,3
"251,501,751",0.3,3,57.7089376070703,NA,0.251513712536073,0.251525860463903,0,20.360580836485,NA,0,20.3574020008269,0.251525860463903,NA,0,21.6184507656032,0.202545263468132,1,NA,0,0.251513712536073,0.251525860463903,20.36058,3,3,3,3
"251,501,751",0.3,3,20.1691557567922,NA,0.299211696002688,0.299160994949182,0,1.0269250704442,NA,0,1.04393515199715,0.299160994949182,NA,0,4.28145191940322,0.219660016099278,1,NA,0,0.299211696002688,0.299160994949182,1.02693,3,3,3,3
"251,501,751",0.3,3,50.5072766468271,NA,0.307390113661396,0.307415797648009,0,18.2076738543949,NA,0,18.1985927713704,0.307415797648009,NA,0,20.7853020422508,0.37574725027219,1,NA,0,0.307390113661396,0.307415797648009,18.20767,3,3,3,3
"251,501,751",0.3,3,-27.2661128808895,NA,0.266847401847805,0.266802723685076,0,-21.8950824617196,NA,0,-21.8820984944329,0.266802723685076,NA,0,-21.8414906266905,0.274657731835658,1,NA,0,0.266847401847805,0.266802723685076,-21.89508,3,3,3,3
"251,501,751",0.3,3,115.572755887819,NA,0.252665666555255,0.252659109323744,0,49.6190284312697,NA,0,49.6207136513911,0.252659109323744,NA,0,56.2165098099123,0.141099180355386,1,NA,0,0.252665666555255,0.252659109323744,49.61903,3,3,3,3
"251,501,751",0.3,3,-45.4155547305185,NA,0.285529700883966,0.285581788965577,0,-29.9905585317853,NA,0,-30.0062818052562,0.285581788965577,NA,0,-25.2390734541932,0.37900933979541,1,NA,0,0.285529700883966,0.285581788965577,-29.99056,3,3,3,3
"251,501,751",0.3,3,1.9409094724734,NA,0.332668289232975,0.332667811188954,0,-6.56878446015479,NA,0,-6.56860707052955,0.332667811188954,NA,0,-1.12832482678818,0.431256153479607,1,NA,0,0.332668289232975,0.332667811188954,-6.56878,3,3,3,3
"251,501,751",0.3,3,56.4705868874184,NA,0.268573534093775,0.268586518322319,0,20.7208014966388,NA,0,20.7171042985817,0.268586518322319,NA,0,24.5540199259123,0.183950371895734,1,NA,0,0.268573534093775,0.268586518322319,20.7208,3,3,3,3
"251,501,751",0.3,3,35.697784570366,NA,0.326046261070978,0.325970844846297,0,9.27155662314798,NA,0,9.29932846530385,0.325970844846297,NA,0,11.8654345177757,0.391773571314702,1,NA,0,0.326046261070978,0.325970844846297,9.27156,3,3,3,3
"251,501,751",0.3,3,48.3052143489779,NA,0.304211744388232,0.304214813048136,0,17.2319112450631,NA,0,17.2310151517431,0.304214813048136,NA,0,22.5844470173016,0.403062744318456,1,NA,0,0.304211744388232,0.304214813048136,17.23191,3,3,3,3
"251,501,751",0.3,3,108.76572625792,NA,0.298082726581752,0.2980901828679,0,47.4667626535619,NA,0,47.4642286884845,0.2980901828679,NA,0,47.4707319390285,0.301511679520312,1,NA,0,0.298082726581752,0.2980901828679,47.46676,3,3,3,3
"251,501,751",0.3,3,43.0095365778778,NA,0.252701324337553,0.252694028347264,0,13.3987787435332,NA,0,13.4009817578991,0.252694028347264,NA,0,14.1968215580051,0.291317724149851,1,NA,0,0.252701324337553,0.252694028347264,13.39878,3,3,3,3
"251,501,751",0.3,3,-20.4644549932628,NA,0.305640177935404,0.305644785731357,0,-17.176295507921,NA,0,-17.1781711868971,0.305644785731357,NA,0,-9.61256457595116,0.423248964986628,1,NA,0,0.305640177935404,0.305644785731357,-17.1763,3,3,3,3
"251,501,751",0.3,3,15.4730328037635,NA,0.30271143819882,0.302778936347891,0,0.286563619724073,NA,0,0.264417485411056,0.302778936347891,NA,0,9.74514469592673,0.170231861961923,1,NA,0,0.30271143819882,0.302778936347891,0.28656,3,3,3,3
"251,501,751",0.3,3,111.196264638829,NA,0.319259172973703,0.319255894369702,0,48.3477392490378,NA,0,48.3487671223255,0.319255894369702,NA,0,49.3966431647902,0.275666090097368,1,NA,0,0.319259172973703,0.319255894369702,48.34774,3,3,3,3
"251,501,751",0.3,3,80.1676254500185,NA,0.306648781191311,0.306668894760395,0,33.0796952688132,NA,0,33.0728262394502,0.306668894760395,NA,0,35.4722396785758,0.240527109813394,1,NA,0,0.306648781191311,0.306668894760395,33.0797,3,3,3,3
"251,501,751",0.3,3,20.9221189717576,NA,0.322993811232991,0.32303461863858,0,2.89201420524265,NA,0,2.87734397655698,0.32303461863858,NA,0,2.93309710282338,0.332416439640268,1,NA,0,0.322993811232991,0.32303461863858,2.89201,3,3,3,3
"251,501,751",0.3,3,-16.3727360709903,NA,0.307694652694251,0.307723877563763,0,-15.1822781449301,NA,0,-15.1922074167753,0.307723877563763,NA,0,-14.6882616058653,0.337812889503292,1,NA,0,0.307694652694251,0.307723877563763,-15.18228,3,3,3,3
"251,501,751",0.3,3,24.9743898933308,NA,0.283373599492431,0.283374915765443,0,5.40079544245529,NA,0,5.40027762476206,0.283374915765443,NA,0,9.52937320371453,0.370790407990282,1,NA,0,0.283373599492431,0.283374915765443,5.4008,3,3,3,3
"251,501,751",0.3,3,2.79995139530299,NA,0.311926384587577,0.31165300073214,0,-8.47367672667066,NA,0,-8.37913756378698,0.31165300073214,NA,0,-5.50731987107477,0.235811022543319,1,NA,0,0.311926384587577,0.31165300073214,-8.47368,3,3,3,3
"251,501,751",0.3,3,29.7773178966376,NA,0.317773872839384,0.317843048522692,0,7.70284657822463,NA,0,7.67825524279862,0.317843048522692,NA,0,35.6108259689558,0.544800474515186,1,NA,0,0.317773872839384,0.317843048522692,7.70285,3,3,3,3
"251,501,751",0.3,3,33.3673249069842,NA,0.277493700530163,0.27756611333976,0,9.32039329394411,NA,0,9.29975113477035,0.27756611333976,NA,0,9.72663366969633,0.305394141133865,1,NA,0,0.277493700530163,0.27756611333976,9.32039,3,3,3,3
"251,501,751",0.3,3,-22.6710322958578,NA,0.307492865072988,0.307503984464319,0,-19.1781889619704,NA,0,-19.1818639033761,0.307503984464319,NA,0,-19.1785715854682,0.303601443779712,1,NA,0,0.307492865072988,0.307503984464319,-19.17819,3,3,3,3
"251,501,751",0.3,3,34.835889173328,NA,0.269627193363239,0.269643380760553,0,9.76842178864715,NA,0,9.76377452630751,0.269643380760553,NA,0,10.5820275636334,0.230377690549713,1,NA,0,0.269627193363239,0.269643380760553,9.76842,3,3,3,3
"251,501,751",0.3,3,-12.387418325596,NA,0.289827436233776,0.289838483983341,0,-13.3476427815482,NA,0,-13.351054691086,0.289838483983341,NA,0,-10.8952475019976,0.222446190530034,1,NA,0,0.289827436233776,0.289838483983341,-13.34764,3,3,3,3
"251,501,751",0.3,3,-41.5064992496789,NA,0.325389679298308,0.325410104228711,0,-28.4832260120446,NA,0,-28.4904717123903,0.325410104228711,NA,0,-7.81353808734531,0.130574608440664,1,NA,0,0.325389679298308,0.325410104228711,-28.48323,3,3,3,3
"251,501,751",0.3,3,70.3381441236145,NA,0.299483190759102,0.29948730890068,0,28.2379487679159,NA,0,28.2366434824188,0.29948730890068,NA,0,28.7225006138673,0.269703425637861,1,NA,0,0.299483190759102,0.29948730890068,28.23795,3,3,3,3
"251,501,751",0.3,3,-23.1311489889485,NA,0.290038503127789,0.290031433206386,0,-18.5697421596983,NA,0,-18.5674407250302,0.290031433206386,NA,0,-17.322661311853,0.337761765302194,1,NA,0,0.290038503127789,0.290031433206386,-18.56974,3,3,3,3
"251,501,751",0.3,3,60.3869575225484,NA,0.292616298188224,0.292550186356884,0,21.6059877788982,NA,0,21.6261180305018,0.292550186356884,NA,0,24.3315897493538,0.361098915436255,1,NA,0,0.292616298188224,0.292550186356884,21.60599,3,3,3,3
"251,501,751",0.3,3,124.432310005245,NA,0.31139811014395,0.311302209771207,0,53.2951804045871,NA,0,53.3284480689204,0.311302209771207,NA,0,74.2389880294665,0.504306975775896,1,NA,0,0.31139811014395,0.311302209771207,53.29518,3,3,3,3
"251,501,751",0.3,3,-5.45074151655832,NA,0.299986652916827,0.299985636891535,0,-9.63438974125075,NA,0,-9.63316715099331,0.299985636891535,NA,0,-9.36716134393836,0.277933691807343,1,NA,0,0.299986652916827,0.299985636891535,-9.63439,3,3,3,3
"251,501,751",0.3,3,-52.2935045724558,NA,0.23959415899434,0.23958538085755,0,-35.0093444789421,NA,0,-35.007232494232,0.23958538085755,NA,0,-31.9802101605312,0.163913865123352,1,NA,0,0.23959415899434,0.23958538085755,-35.00934,3,3,3,3
"251,501,751",0.3,3,6.04636199212697,NA,0.296451334989059,0.296430421736604,0,-4.36149910550443,NA,0,-4.35459012270494,0.296430421736604,NA,0,1.25116914051325,0.19450339674029,1,NA,0,0.296451334989059,0.296430421736604,-4.3615,3,3,3,3
"251,501,751",0.3,3,27.902268279078,NA,0.343917630214422,0.343855178619,0,2.87706064324279,NA,0,2.90204036011664,0.343855178619,NA,0,9.99615000047205,0.450588120115688,1,NA,0,0.343917630214422,0.343855178619,2.87706,3,3,3,3
"251,501,751",0.3,3,-22.3912347554041,NA,0.257769413697052,0.257799959474925,0,-21.1003931893989,NA,0,-21.1085896562368,0.257799959474925,NA,0,-16.9203695517511,0.167019002249824,1,NA,0,0.257769413697052,0.257799959474925,-21.10039,3,3,3,3
"251,501,751",0.3,3,80.920427047227,NA,0.348033448671706,0.348031544572713,0,31.7186282604528,NA,0,31.7194932923997,0.348031544572713,NA,0,41.2804380332281,0.477350348849056,1,NA,0,0.348033448671706,0.348031544572713,31.71863,3,3,3,3
"251,501,751",0.3,3,96.0720824869336,NA,0.332299328193889,0.332271783369095,0,39.9121952968761,NA,0,39.9225863700688,0.332271783369095,NA,0,39.9981452611357,0.34286551044694,1,NA,0,0.332299328193889,0.332271783369095,39.9122,3,3,3,3
"251,501,751",0.3,3,-10.4376292412496,NA,0.284128992167434,0.284118470203159,0,-12.3047862072744,NA,0,-12.3016405392757,0.284118470203159,NA,0,-12.2196296139121,0.296365095940078,1,NA,0,0.284128992167434,0.284118470203159,-12.30479,3,3,3,3
"251,501,751",0.3,3,74.4274216253066,NA,0.299417956307227,0.299416558479956,0,30.2999881801487,NA,0,30.3002405137816,0.299416558479956,NA,0,32.4625304980936,0.362268821537629,1,NA,0,0.299417956307227,0.299416558479956,30.29999,3,3,3,3
"251,501,751",0.3,3,45.8887635855414,NA,0.312513806933758,0.312508877365176,0,15.9387812464313,NA,0,15.9405329718373,0.312508877365176,NA,0,55.5829525978635,0.0396368967755991,1,NA,0,0.312513806933758,0.312508877365176,15.93878,3,3,3,3
"251,501,751",0.3,3,16.3108372833589,NA,0.341836485895736,0.341823793282858,0,0.15516333704943,NA,0,0.159845384736826,0.341823793282858,NA,0,5.5646867701758,0.243389516777228,1,NA,0,0.341836485895736,0.341823793282858,0.15516,3,3,3,3
"251,501,751",0.3,3,-5.70737761851977,NA,0.30484514301056,0.304835567278546,0,-9.90432777184781,NA,0,-9.90105166642783,0.304835567278546,NA,0,1.04646121942164,0.446332230134363,1,NA,0,0.30484514301056,0.304835567278546,-9.90433,3,3,3,3
"251,501,751",0.3,3,92.2446298876395,NA,0.271037832736201,0.270995586018284,0,38.3488344316375,NA,0,38.3612481745007,0.270995586018284,NA,0,38.3768591286099,0.265161344638722,1,NA,0,0.271037832736201,0.270995586018284,38.34883,3,3,3,3
"251,501,751",0.3,3,69.2076459620261,NA,0.246747384953247,0.246708161109264,0,25.9854583134825,NA,0,25.9958365116849,0.246708161109264,NA,0,30.5699256230185,0.339400509439983,1,NA,0,0.246747384953247,0.246708161109264,25.98546,3,3,3,3
"251,501,751",0.3,3,-8.25394987936161,NA,0.26794725349799,0.267944073606752,0,-12.3400510446438,NA,0,-12.3390232567723,0.267944073606752,NA,0,-9.39233202805313,0.193048578104867,1,NA,0,0.26794725349799,0.267944073606752,-12.34005,3,3,3,3
"251,501,751",0.3,3,21.3376857407966,NA,0.29684116564426,0.296850550442037,0,3.08705230602386,NA,0,3.08415132141805,0.296850550442037,NA,0,3.1221643469528,0.304335762997342,1,NA,0,0.29684116564426,0.296850550442037,3.08705,3,3,3,3
"251,501,751",0.3,3,-35.046889792191,NA,0.320996453965418,0.320995625406946,0,-24.922638312616,NA,0,-24.9224041248662,0.320995625406946,NA,0,-23.8018855456799,0.275804264946862,1,NA,0,0.320996453965418,0.320995625406946,-24.92264,3,3,3,3
"251,501,751",0.3,3,81.0015442579016,NA,0.245424147179547,0.2454245263077,0,32.0130153116447,NA,0,32.0125637622543,0.2454245263077,NA,0,36.7860680297257,0.340420980178256,1,NA,0,0.245424147179547,0.2454245263077,32.01302,3,3,3,3
"251,501,751",0.3,3,22.6013648910384,NA,0.315835361966334,0.315848959322976,0,4.23885988986439,NA,0,4.23394445585291,0.315848959322976,NA,0,16.9901363355923,0.468326104605522,1,NA,0,0.315835361966334,0.315848959322976,4.23886,3,3,3,3
"251,501,751",0.3,3,-18.6321418706033,NA,0.308795749008731,0.308790793982443,0,-16.3754788879895,NA,0,-16.3737609163612,0.308790793982443,NA,0,8.22265174155455,0.0951141674650826,1,NA,0,0.308795749008731,0.308790793982443,-16.37548,3,3,3,3
"251,501,751",0.3,3,2.59218399115319,NA,0.309059962579558,0.309052749528911,0,-5.67818743163622,NA,0,-5.67573909393717,0.309052749528911,NA,0,7.14863486064606,0.155746053779465,1,NA,0,0.309059962579558,0.309052749528911,-5.67819,3,3,3,3
"251,501,751",0.3,3,80.8240357795654,NA,0.280034860006643,0.280022813377775,0,33.1823164853291,NA,0,33.1860689866264,0.280022813377775,NA,0,33.3468780576408,0.262663096992195,1,NA,0,0.280034860006643,0.280022813377775,33.18232,3,3,3,3
"251,501,751",0.3,3,68.5298879979472,NA,0.323693027802432,0.323665457151477,0,26.8492733882495,NA,0,26.8588341229165,0.323665457151477,NA,0,49.0621502211784,0.121798478699476,1,NA,0,0.323693027802432,0.323665457151477,26.84927,3,3,3,3
"251,501,751",0.3,3,0.314801883600197,NA,0.345733778019253,0.34572578409126,0,-8.09176242451745,NA,0,-8.08862175832243,0.34572578409126,NA,0,-8.07166590349991,0.339966658388331,1,NA,0,0.345733778019253,0.34572578409126,-8.09176,3,3,3,3
"251,501,751",0.3,3,58.9608414813021,NA,0.22644950533198,0.226513056438859,0,19.1358717168411,NA,0,19.1209798703496,0.226513056438859,NA,0,27.3295676981479,0.351056541689102,1,NA,0,0.22644950533198,0.226513056438859,19.13587,3,3,3,3
"251,501,751",0.3,3,84.4562822010918,NA,0.292247111137936,0.292325374719958,0,34.4691835569255,NA,0,34.4447936879452,0.292325374719958,NA,0,37.4449642794615,0.36531112441967,1,NA,0,0.292247111137936,0.292325374719958,34.46918,3,3,3,3
"251,501,751",0.3,3,12.7471283018957,NA,0.26123182363541,0.261272649377846,0,-1.6196750480591,NA,0,-1.63121762041009,0.261272649377846,NA,0,1.95287614546046,0.34271328688112,1,NA,0,0.26123182363541,0.261272649377846,-1.61968,3,3,3,3
"251,501,751",0.3,3,-23.6852401105749,NA,0.282577522269751,0.282588618637544,0,-18.9900718972113,NA,0,-18.9934622104688,0.282588618637544,NA,0,-18.9650985168047,0.275253885862519,1,NA,0,0.282577522269751,0.282588618637544,-18.99007,3,3,3,3
"251,501,751",0.3,3,-30.3001809799017,NA,0.321725273640151,0.321654956833814,0,-22.9914229190735,"",0,-22.9658152901634,0.321654956833814,NA,0,-18.28664970719,0.228977891537805,1,NA,0,0.321725273640151,0.321654956833814,-22.99142,3,3,3,3
"251,501,751",0.3,3,4.98294198010969,NA,0.314959083114987,0.314962526350061,0,-4.7317731347733,"415,460",2,0.0414518507522104,0.290974998429344,NA,0,-4.62969967548684,0.328305684176246,1,NA,0,0.314959083114987,0.314962526350061,-4.73177,3,1.127,3,3
"251,501,751",0.3,3,-2.69070626670683,NA,0.340308794769646,0.340299360627723,0,-9.27930816292497,"",0,-9.27562463416767,0.340299360627723,NA,0,-8.33030653378889,0.381033385711257,1,NA,0,0.340308794769646,0.340299360627723,-9.27931,3,3,3,3
"251,501,751",0.3,3,45.1701232015163,NA,0.25593590031539,0.255943753080527,0,14.4566803333438,"",0,14.4542742239575,0.255943753080527,NA,0,29.2770591976279,0.0878439612414985,1,NA,0,0.25593590031539,0.255943753080527,14.45668,3,3,3,3
"251,501,751",0.3,3,-59.2681339035194,NA,0.255497343114688,0.255496368507955,0,-37.646903680347,"",0,-37.6467439026758,0.255496368507955,NA,0,-33.7336154957451,0.34121085439332,1,NA,0,0.255497343114688,0.255496368507955,-37.6469,3,3,3,3
"251,501,751",0.3,3,69.1830083395964,NA,0.319598429352709,0.319573628449764,0,27.2586997812375,"728,763",2,33.9559278764421,0.302399373173414,NA,0,38.9626085087664,0.465225828826096,1,NA,0,0.319598429352709,0.319573628449764,27.2587,3,1.035,3,3
"251,501,751",0.3,3,34.0123405994432,NA,0.310488710305161,0.31046664675771,0,9.27221624227839,"",0,9.27998842068733,0.31046664675771,NA,0,9.37775229462748,0.322700898941012,1,NA,0,0.310488710305161,0.31046664675771,9.27222,3,3,3,3
"251,501,751",0.3,3,59.8114295518801,NA,0.259347080971671,0.259346397333572,0,21.8193131034418,"",0,21.8194878041709,0.259346397333572,NA,0,22.1347637673095,0.234783383486633,1,NA,0,0.259347080971671,0.259346397333572,21.81931,3,3,3,3
"251,501,751",0.3,3,52.0752293700361,NA,0.307509023127992,0.307470907274883,0,18.189616942676,"",0,18.2028013824149,0.307470907274883,NA,0,18.2219673354343,0.312215171980841,1,NA,0,0.307509023127992,0.307470907274883,18.18962,3,3,3,3
"251,501,751",0.3,3,-47.9615393254272,NA,0.269453570076512,0.269454235653263,0,-31.8110589394373,"",0,-31.8112173584361,0.269454235653263,NA,0,-31.7429590267653,0.257665339420831,1,NA,0,0.269453570076512,0.269454235653263,-31.81106,3,3,3,3
"251,501,751",0.3,3,-53.0071963494388,NA,0.279823276510734,0.279824523119291,0,-33.7610177188868,"",0,-33.7613739121989,0.279824523119291,NA,0,-27.3085608525247,0.170273997925108,1,NA,0,0.279823276510734,0.279824523119291,-33.76102,3,3,3,3
"251,501,751",0.3,3,50.753401829975,NA,0.272390903602957,0.272386715945097,0,17.7470329511175,"",0,17.7483203642877,0.272386715945097,NA,0,26.3654894496934,0.145213656876404,1,NA,0,0.272390903602957,0.272386715945097,17.74703,3,3,3,3
"251,501,751",0.3,3,14.3670708448566,NA,0.32487121033861,0.324838150214662,0,-0.838517655417578,"",0,-0.826477721049539,0.324838150214662,NA,0,0.197620561048145,0.366539634688294,1,NA,0,0.32487121033861,0.324838150214662,-0.83852,3,3,3,3
"251,501,751",0.3,3,20.8513213680624,NA,0.299647341845655,0.299598307142647,0,2.79193906926126,"",0,2.80807022301561,0.299598307142647,NA,0,7.68566415554547,0.393037480752973,1,NA,0,0.299647341845655,0.299598307142647,2.79194,3,3,3,3
"251,501,751",0.3,3,7.41881617771508,NA,0.262012726611801,0.261953983668164,0,-4.36010496680625,"",0,-4.34378661058247,0.261953983668164,NA,0,-0.490718783766849,0.346431272727395,1,NA,0,0.262012726611801,0.261953983668164,-4.3601,3,3,3,3
"251,501,751",0.3,3,92.1455821119711,NA,0.255345360790496,0.255336661469308,0,37.6810752779034,"",0,37.6833721461886,0.255336661469308,NA,0,37.7407559675834,0.265276657822789,1,NA,0,0.255345360790496,0.255336661469308,37.68108,3,3,3,3
"251,501,751",0.3,3,-52.2346542761725,NA,0.326728605291838,0.326725886316247,0,-33.9482360773135,"",0,-33.9470973916186,0.326725886316247,NA,0,-28.0634525478398,0.223210037627283,1,NA,0,0.326728605291838,0.326725886316247,-33.94824,3,3,3,3
"251,501,751",0.3,3,-5.32280326567292,NA,0.298633719373658,0.298641579025854,0,-9.5984239310697,"",0,-9.60114103844368,0.298641579025854,NA,0,-9.45206682469176,0.315066533286049,1,NA,0,0.298633719373658,0.298641579025854,-9.59842,3,3,3,3
"251,501,751",0.3,3,89.4127186919645,NA,0.278581878086893,0.278593850085038,0,37.5483602021073,"",0,37.5444847975952,0.278593850085038,NA,0,37.5559324569178,0.273977297234096,1,NA,0,0.278581878086893,0.278593850085038,37.54836,3,3,3,3
"251,501,751",0.3,3,58.9144351924204,NA,0.284627673032022,0.284682765794242,0,21.9401937725479,"",0,21.9234998134944,0.284682765794242,NA,0,22.101654774818,0.302121534824788,1,NA,0,0.284627673032022,0.284682765794242,21.94019,3,3,3,3
"251,501,751",0.3,3,59.6125258214172,NA,0.299682248947203,0.299703829639071,0,21.1980743927941,NA,0,21.1911932032807,0.299703829639071,NA,0,42.0188805498504,0.49348911866654,1,NA,0,0.299682248947203,0.299703829639071,21.19807,3,3,3,3
"251,501,751",0.3,3,68.2804335552478,NA,0.339591027484525,0.339610401932743,0,26.1136074154383,NA,0,26.1061098009131,0.339610401932743,NA,0,27.2976060017226,0.293251779463654,1,NA,0,0.339591027484525,0.339610401932743,26.11361,3,3,3,3
"251,501,751",0.3,3,50.8980037833029,NA,0.325825017010962,0.325817286875855,0,18.159091017589,NA,0,18.1620157935551,0.325817286875855,NA,0,32.2683935822855,0.165884409604546,1,NA,0,0.325825017010962,0.325817286875855,18.15909,3,3,3,3
"251,501,751",0.3,3,-0.181972554104991,NA,0.255573404708006,0.255500461592235,0,-9.50900103129845,NA,0,-9.48880851581298,0.255500461592235,NA,0,5.28764529158495,0.0867788579257864,1,NA,0,0.255573404708006,0.255500461592235,-9.509,3,3,3,3
"251,501,751",0.3,3,56.3877493299469,NA,0.288593618603487,0.288616023249502,0,20.8968436159007,NA,0,20.8899702773322,0.288616023249502,NA,0,20.9827118164247,0.301251257433607,1,NA,0,0.288593618603487,0.288616023249502,20.89684,3,3,3,3
"251,501,751",0.3,3,57.4077442974606,NA,0.243820919477107,0.243815382807554,0,20.1043351643374,NA,0,20.1054708730678,0.243815382807554,NA,0,32.2788921685466,0.39618053883635,1,NA,0,0.243820919477107,0.243815382807554,20.10434,3,3,3,3
"251,501,751",0.3,3,70.0986479565473,NA,0.286611946559579,0.286574386771079,0,27.2967487190296,NA,0,27.3086673051303,0.286574386771079,NA,0,31.1886265875108,0.201179849162804,1,NA,0,0.286611946559579,0.286574386771079,27.29675,3,3,3,3
"251,501,751",0.3,3,-22.4389880342693,NA,0.348796935212522,0.348794230240844,0,-19.5353571050477,"672",1,-18.6995461675855,0.328138546781208,NA,0,-19.2173116624479,0.372344100853407,1,NA,0,0.348796935212522,0.348794230240844,-19.53536,3,2.079,3,3
"251,501,751",0.3,3,43.7019531031186,NA,0.326270007459923,0.326255618703069,0,14.4920696946301,NA,0,14.4975031949313,0.326255618703069,NA,0,17.1899031643329,0.256678645453833,1,NA,0,0.326270007459923,0.326255618703069,14.49207,3,3,3,3
"251,501,751",0.3,3,41.139070535473,NA,0.28044800964028,0.280416466749314,0,13.0981854263112,NA,0,13.1068471082562,0.280416466749314,NA,0,19.9225921146612,0.167415581829265,1,NA,0,0.28044800964028,0.280416466749314,13.09819,3,3,3,3
"251,501,751",0.3,3,-5.44449035491682,NA,0.247010272670254,0.247089537136158,0,-11.6726327047205,NA,0,-11.6925594389499,0.247089537136158,NA,0,21.9538072004333,0.502663374514362,1,NA,0,0.247010272670254,0.247089537136158,-11.67263,3,3,3,3
"251,501,751",0.3,3,34.2027344911749,NA,0.31168344285326,0.311685278744358,0,10.112808112966,NA,0,10.1121881353195,0.311685278744358,NA,0,12.5019047057431,0.245907829882587,1,NA,0,0.31168344285326,0.311685278744358,10.11281,3,3,3,3
"251,501,751",0.3,3,62.1483476712713,NA,0.298562817364938,0.2985968700109,0,23.5598456277314,NA,0,23.5486843940206,0.2985968700109,NA,0,38.3789158085854,0.463114328211198,1,NA,0,0.298562817364938,0.2985968700109,23.55985,3,3,3,3
"251,501,751",0.3,3,-57.0923775765279,NA,0.344209813954622,0.344245437130694,0,-36.8046540131083,NA,0,-36.8186882700635,0.344245437130695,NA,0,-24.2339684125091,0.193925888167274,1,NA,0,0.344209813954622,0.344245437130694,-36.80465,3,3,3,3
"251,501,751",0.3,3,92.7104622838195,NA,0.319235497836553,0.319199862906762,0,39.1101098664469,NA,0,39.1231745046433,0.319199862906762,NA,0,50.6026558197197,0.174578327538281,1,NA,0,0.319235497836553,0.319199862906762,39.11011,3,3,3,3
"251,501,751",0.3,3,-4.48962952936193,NA,0.248349473340632,0.248412933067757,0,-11.8500718699595,NA,0,-11.8665164901738,0.248412933067757,NA,0,-10.6165667605574,0.198601028781937,1,NA,0,0.248349473340632,0.248412933067757,-11.85007,3,3,3,3
"251,501,751",0.3,3,-22.1452451641474,NA,0.286856458628152,0.286903566053827,0,-18.2851063765273,NA,0,-18.2993793903392,0.286903566053827,NA,0,-5.47034571798485,0.132144987538751,1,NA,0,0.286856458628152,0.286903566053827,-18.28511,3,3,3,3
"251,501,751",0.3,3,-25.2872495134502,NA,0.346773710578591,0.346727140671618,0,-21.0540452721958,NA,0,-21.0353095032761,0.346727140671618,NA,0,6.72327849523342,0.570406608158257,1,NA,0,0.346773710578591,0.346727140671618,-21.05405,3,3,3,3
"251,501,751",0.3,3,23.0322217964872,NA,0.288832960135239,0.288849934800162,0,4.42750850990679,NA,0,4.4223434017673,0.288849934800162,NA,0,9.94511594746437,0.389631175351943,1,NA,0,0.288832960135239,0.288849934800162,4.42751,3,3,3,3
"251,501,751",0.3,3,-10.7588633399528,NA,0.320697470836458,0.320714640569028,0,-12.8798031397712,NA,0,-12.8858838871759,0.320714640569028,NA,0,-10.2467906466057,0.251289833430707,1,NA,0,0.320697470836458,0.320714640569028,-12.8798,3,3,3,3
"251,501,751",0.3,3,44.1276792111692,NA,0.357643581297143,0.357647183543468,0,13.2554076214932,NA,0,13.2542683966854,0.357647183543468,NA,0,39.0348091638483,0.572795148555594,1,NA,0,0.357643581297143,0.357647183543468,13.25541,3,3,3,3
"251,501,751",0.3,3,62.9011965230059,NA,0.230365782436814,0.230412698435605,0,21.8045747795704,NA,0,21.792408545063,0.230412698435605,NA,0,38.9453450561087,0.048105380404613,1,NA,0,0.230365782436814,0.230412698435605,21.80457,3,3,3,3
"251,501,751",0.3,3,13.3482717208347,NA,0.304511345097883,0.304508819756475,0,-0.323418260336476,NA,0,-0.322547982357359,0.304508819756475,NA,0,0.120096841336441,0.276056536386147,1,NA,0,0.304511345097883,0.304508819756475,-0.32342,3,3,3,3
"251,501,751",0.3,3,27.8987442449718,NA,0.284674799741571,0.284678448232077,0,6.74632479912393,NA,0,6.74503939568667,0.284678448232077,NA,0,7.02103141227807,0.261944363608358,1,NA,0,0.284674799741571,0.284678448232077,6.74632,3,3,3,3
"251,501,751",0.3,3,16.6305101321693,NA,0.266079558054962,0.266084849775803,0,0.493766134339453,NA,0,0.49226654630266,0.266084849775803,NA,0,1.00867119317143,0.296749548190335,1,NA,0,0.266079558054962,0.266084849775803,0.49377,3,3,3,3
"251,501,751",0.3,3,120.60688673789,NA,0.286128718929584,0.286118804687068,0,53.0823625660452,NA,0,53.0854700159852,0.286118804687068,NA,0,53.4311202183232,0.260680638606266,1,NA,0,0.286128718929584,0.286118804687068,53.08236,3,3,3,3
"251,501,751",0.3,3,31.5189353481902,NA,0.317436194601961,0.317430166602622,0,8.48374741071049,NA,0,8.48586385949339,0.317430166602622,NA,0,13.7761721266057,0.219285687659638,1,NA,0,0.317436194601961,0.317430166602622,8.48375,3,3,3,3
"251,501,751",0.3,3,11.9652932835493,NA,0.25061051377594,0.250490953435743,0,-3.37586592772235,NA,0,-3.34432785843652,0.250490953435743,NA,0,-0.426570397179714,0.175498138972923,1,NA,0,0.25061051377594,0.250490953435743,-3.37587,3,3,3,3
"251,501,751",0.3,3,80.1249131444759,NA,0.331610617685187,0.331612343371551,0,32.5933226833717,NA,0,32.5927323963662,0.331612343371551,NA,0,32.8695313613225,0.353810257265673,1,NA,0,0.331610617685187,0.331612343371551,32.59332,3,3,3,3
"251,501,751",0.3,3,-38.563667811557,NA,0.273155820855411,0.273130772297426,0,-26.8759743926283,NA,0,-26.8685595698587,0.273130772297426,NA,0,-26.6979601846723,0.290569543906137,1,NA,0,0.273155820855411,0.273130772297426,-26.87597,3,3,3,3
"251,501,751",0.3,3,95.8864342637617,NA,0.217919244112008,0.217910867486225,0,37.2621682802811,NA,0,37.2640112129131,0.217910867486225,NA,0,55.4318401951942,0.0299721371383885,1,NA,0,0.217919244112008,0.217910867486225,37.26217,3,3,3,3
"251,501,751",0.3,3,53.5270085624877,NA,0.309387143201433,0.309383880883972,0,19.4621282280155,NA,0,19.4626680800719,0.309383880883972,NA,0,36.3268412424713,0.485567686619977,1,NA,0,0.309387143201433,0.309383880883972,19.46213,3,3,3,3
"251,501,751",0.3,3,73.4404700308159,NA,0.257137086674102,0.257112648194877,0,28.7041080253547,NA,0,28.7110065174306,0.257112648194877,NA,0,34.8973590083563,0.14916494936572,1,NA,0,0.257137086674102,0.257112648194877,28.70411,3,3,3,3
"251,501,751",0.3,3,-28.0687649036653,NA,0.371720501594376,0.37171320525999,0,-24.0814355605255,NA,0,-24.0782091879524,0.37171320525999,NA,0,-19.7177505314562,0.284542562768651,1,NA,0,0.371720501594376,0.37171320525999,-24.08144,3,3,3,3
"251,501,751",0.3,3,3.70558718280915,NA,0.316377641572896,0.316395946387465,0,-5.35671652426035,NA,0,-5.36363418100359,0.316395946387465,NA,0,-3.75533695130864,0.369983763076516,1,NA,0,0.316377641572896,0.316395946387465,-5.35672,3,3,3,3
"251,501,751",0.3,3,46.3319017566785,NA,0.276857059921072,0.276851521252062,0,15.9044616663011,NA,0,15.9061299675009,0.276851521252062,NA,0,32.0484473765517,0.450817454716798,1,NA,0,0.276857059921072,0.276851521252062,15.90446,3,3,3,3
"251,501,751",0.3,3,31.5368831045092,NA,0.373035641390995,0.373023775188676,0,5.75338194156732,NA,0,5.75857170372579,0.373023775188676,NA,0,6.62910772600463,0.334279830956574,1,NA,0,0.373035641390995,0.373023775188676,5.75338,3,3,3,3
"251,501,751",0.3,3,25.5654731055531,NA,0.285574211621925,0.285583563074403,0,5.6651349441119,NA,0,5.66225041428279,0.285583563074403,NA,0,22.0474283744704,0.460329582322365,1,NA,0,0.285574211621925,0.285583563074403,5.66513,3,3,3,3
"251,501,751",0.3,3,44.5158087756154,NA,0.273053741862617,0.273060979152178,0,14.95382897679,NA,0,14.9516354872132,0.273060979152178,NA,0,16.9588649460951,0.334058361501658,1,NA,0,0.273053741862617,0.273060979152178,14.95383,3,3,3,3
"251,501,751",0.3,3,39.3477698952511,NA,0.325786360870296,0.325717683002468,0,11.5785647960191,NA,0,11.6039556815605,0.325717683002468,NA,0,13.5821482021729,0.264919158410343,1,NA,0,0.325786360870296,0.325717683002468,11.57856,3,3,3,3
"251,501,751",0.3,3,-54.2067974747101,NA,0.30727043804699,0.307273790196984,0,-34.0972095029159,NA,0,-34.0983576152483,0.307273790196984,NA,0,-33.1368596938567,0.348931300213481,1,NA,0,0.30727043804699,0.307273790196984,-34.09721,3,3,3,3
"251,501,751",0.3,3,-39.1262362032009,NA,0.350666558062808,0.350707623041585,0,-28.6476090770102,NA,0,-28.6635861119215,0.350707623041585,NA,0,-4.81594725084377,0.556546287554425,1,NA,0,0.350666558062808,0.350707623041585,-28.64761,3,3,3,3
"251,501,751",0.3,3,-9.82586686907219,NA,0.318160109669386,0.318127351551929,0,-12.189756231528,NA,0,-12.1789787190807,0.318127351551929,NA,0,-9.65174301773905,0.385486552673588,1,NA,0,0.318160109669386,0.318127351551929,-12.18976,3,3,3,3
"251,501,751",0.3,3,25.258740570785,NA,0.289892332564326,0.289895555008045,0,5.10250347714795,NA,0,5.10159949117747,0.289895555008045,NA,0,9.18408621741128,0.375736555450898,1,NA,0,0.289892332564326,0.289895555008045,5.1025,3,3,3,3
"251,501,751",0.3,3,-41.7661037050644,NA,0.337632001379914,0.33767722156321,0,-28.9449124931191,NA,0,-28.9617089666069,0.33767722156321,NA,0,-28.0565246931302,0.297023039086094,1,NA,0,0.337632001379914,0.33767722156321,-28.94491,3,3,3,3
"251,501,751",0.3,3,-21.7439568740357,NA,0.239284385072238,0.239300530163193,0,-19.7729211920844,NA,0,-19.7772567710342,0.239300530163193,NA,0,-19.1452178311284,0.204686465014492,1,NA,0,0.239284385072238,0.239300530163193,-19.77292,3,3,3,3
"251,501,751",0.3,3,81.9176907761219,NA,0.315823383530535,0.315836921730937,0,33.470222088497,NA,0,33.4654406829232,0.315836921730937,NA,0,34.1585824347735,0.279801429544136,1,NA,0,0.315823383530535,0.315836921730937,33.47022,3,3,3,3
"251,501,751",0.3,3,58.5110175058585,NA,0.277535521705208,0.277493453878402,0,21.9134868030019,NA,0,21.9263382714668,0.277493453878402,NA,0,35.7408998560102,0.438106233897531,1,NA,0,0.277535521705208,0.277493453878402,21.91349,3,3,3,3
"251,501,751",0.3,3,-24.6903294717604,NA,0.310168811554244,0.310179739281246,0,-20.1070626473181,NA,0,-20.1106386790736,0.310179739281246,NA,0,-15.2560160311641,0.215241609131314,1,NA,0,0.310168811554244,0.310179739281246,-20.10706,3,3,3,3
"251,501,751",0.3,3,22.8397316159609,NA,0.259605529843016,0.259642385592285,0,3.21677387474105,NA,0,3.20606159930063,0.259642385592285,NA,0,7.80633573970776,0.166143936990722,1,NA,0,0.259605529843016,0.259642385592285,3.21677,3,3,3,3
"251,501,751",0.3,3,20.3569464989904,NA,0.28306171689045,0.283094273561527,0,2.75297465444594,NA,0,2.74309293463299,0.283094273561527,NA,0,12.0489467799324,0.151237019804978,1,NA,0,0.28306171689045,0.283094273561527,2.75297,3,3,3,3
"251,501,751",0.3,3,15.3165976612006,NA,0.312724193322804,0.312761548684482,0,0.532870945123012,NA,0,0.519614786951721,0.312761548684482,NA,0,3.86778851546327,0.390354230954433,1,NA,0,0.312724193322804,0.312761548684482,0.53287,3,3,3,3
"251,501,751",0.3,3,-29.6232866992048,NA,0.346326268470216,0.346318998460714,0,-22.947861001718,NA,0,-22.945145384523,0.346318998460714,NA,0,-19.7476436409791,0.421457382247946,1,NA,0,0.346326268470216,0.346318998460714,-22.94786,3,3,3,3
"251,501,751",0.3,3,11.7581012733631,NA,0.304259970541929,0.304273531484833,0,-1.05267326405694,NA,0,-1.05720429946549,0.304273531484833,NA,0,10.3800317489623,0.449129395367657,1,NA,0,0.304259970541929,0.304273531484833,-1.05267,3,3,3,3
"251,501,751",0.3,3,94.2497901717162,NA,0.249926302435115,0.249978823021997,0,38.5682871749391,NA,0,38.5543860454568,0.249978823021997,NA,0,39.9330477303105,0.300415792400314,1,NA,0,0.249926302435115,0.249978823021997,38.56829,3,3,3,3
"251,501,751",0.3,3,50.8025322853222,NA,0.277869884536402,0.277873523263976,0,17.4973961415304,NA,0,17.4964283067716,0.277873523263976,NA,0,32.7752628362517,0.44597794200568,1,NA,0,0.277869884536402,0.277873523263976,17.4974,3,3,3,3
"251,501,751",0.3,3,-47.9298452462525,NA,0.273020033591844,0.273016654649022,0,-31.4235661106708,NA,0,-31.4225431547967,0.273016654649022,NA,0,-29.3070858016006,0.335450794507995,1,NA,0,0.273020033591844,0.273016654649022,-31.42357,3,3,3,3
"251,501,751",0.3,3,-38.118749761777,NA,0.31015410270281,0.310137699910919,0,-26.2777760613653,NA,0,-26.2723256123753,0.310137699910919,NA,0,-23.9970194970499,0.374032545821996,1,NA,0,0.31015410270281,0.310137699910919,-26.27778,3,3,3,3
"251,501,751",0.3,3,-51.9820705311422,NA,0.2925801060959,0.292639336281601,0,-34.5347703404207,NA,0,-34.553316460923,0.292639336281601,NA,0,-28.6197715224153,0.394569819603371,1,NA,0,0.2925801060959,0.292639336281601,-34.53477,3,3,3,3
"251,501,751",0.3,3,-18.4342187765678,NA,0.267747805724958,0.267762920611994,0,-17.2440433302056,NA,0,-17.2482750674899,0.267762920611994,NA,0,-17.2399262564744,0.27108184037234,1,NA,0,0.267747805724958,0.267762920611994,-17.24404,3,3,3,3
"251,501,751",0.3,3,37.4509402794414,NA,0.295999413640226,0.295967944765257,0,11.6332344428498,"",0,11.6436281975197,0.295967944765257,NA,0,18.591699926599,0.182795039118089,1,NA,0,0.295999413640226,0.295967944765257,11.63323,3,3,3,3
"251,501,751",0.3,3,-0.668991442688657,NA,0.314744869358548,0.314766510618263,0,-7.69029682626456,"",0,-7.69823174113703,0.314766510618263,NA,0,-7.67255552385823,0.307362381258713,1,NA,0,0.314744869358548,0.314766510618263,-7.6903,3,3,3,3
"251,501,751",0.3,3,56.1363846452724,NA,0.295129597098962,0.29513793795608,0,21.1165355240624,"",0,21.1139884074489,0.29513793795608,NA,0,22.8187695854569,0.239234108128374,1,NA,0,0.295129597098962,0.29513793795608,21.11654,3,3,3,3
"251,501,751",0.3,3,-42.0152340290321,NA,0.31306442125118,0.313083867353747,0,-28.3779008322947,"",0,-28.3844819596163,0.313083867353747,NA,0,-21.1591300061898,0.427077885679223,1,NA,0,0.31306442125118,0.313083867353747,-28.3779,3,3,3,3
"251,501,751",0.3,3,-32.7101848168921,NA,0.302679477926006,0.30260905545459,0,-25.2969434254606,"",0,-25.2739970607932,0.30260905545459,NA,0,-25.2511020872656,0.293171748064062,1,NA,0,0.302679477926006,0.30260905545459,-25.29694,3,3,3,3
"251,501,751",0.3,3,29.3269190471907,NA,0.261421306140968,0.261419879443247,0,6.9343223559618,"",0,6.9346217809467,0.261419879443247,NA,0,8.92560205007923,0.200403971283978,1,NA,0,0.261421306140968,0.261419879443247,6.93432,3,3,3,3
"251,501,751",0.3,3,22.2528587692626,NA,0.319485232241205,0.319475095915918,0,3.56876895501232,"",0,3.57247130491441,0.319475095915918,NA,0,6.71149484140462,0.393960705721015,1,NA,0,0.319485232241205,0.319475095915918,3.56877,3,3,3,3
"251,501,751",0.3,3,98.0530523071303,NA,0.268488462772329,0.268559685072777,0,41.0579711809699,"",0,41.0375160103496,0.268559685072777,NA,0,45.0463689834338,0.354170649432547,1,NA,0,0.268488462772329,0.268559685072777,41.05797,3,3,3,3
"251,501,751",0.3,3,92.5197023683501,NA,0.30659648721393,0.306617811635277,0,39.0826400251561,"",0,39.0755169607984,0.306617811635277,NA,0,39.118889138902,0.297378253536724,1,NA,0,0.30659648721393,0.306617811635277,39.08264,3,3,3,3
"251,501,751",0.3,3,96.4070713353046,NA,0.305842956105139,0.305772507009277,0,39.5651408470007,"",0,39.5889961743797,0.305772507009277,NA,0,56.0225939336805,0.476991996300012,1,NA,0,0.305842956105139,0.305772507009277,39.56514,3,3,3,3
"251,501,751",0.3,3,23.3713178496392,NA,0.288919247212703,0.288961883482993,0,3.76877301331747,"",0,3.75557522527978,0.288961883482993,NA,0,12.5987798987582,0.415312674257348,1,NA,0,0.288919247212703,0.288961883482993,3.76877,3,3,3,3
"251,501,751",0.3,3,-33.2556031572652,NA,0.262098314542679,0.26209816674791,0,-24.3055341831148,"",0,-24.3054545954486,0.26209816674791,NA,0,-24.1591950899207,0.245581985778047,1,NA,0,0.262098314542679,0.26209816674791,-24.30553,3,3,3,3
"251,501,751",0.3,3,-62.3981815644027,NA,0.215830467440138,0.215836448693451,0,-41.8168136965325,"193,214,511,565",4,-24.6778753847494,0.193687577848824,NA,0,-39.3702812150999,0.284240103223939,1,NA,0,0.215830467440138,0.215836448693451,-41.81681,3,1.233,3,3
"251,501,751",0.3,3,-46.2072163082901,NA,0.235486472915815,0.235450505037097,0,-32.5838841216919,"",0,-32.5752144059115,0.235450505037097,NA,0,-32.3958668542575,0.216731237306516,1,NA,0,0.235486472915815,0.235450505037097,-32.58388,3,3,3,3
"251,501,751",0.3,3,-17.5666786256907,NA,0.298614700350876,0.298604885264996,0,-15.8841249709316,"",0,-15.8810846067233,0.298604885264996,NA,0,-15.8729606541272,0.302241875902334,1,NA,0,0.298614700350876,0.298604885264996,-15.88412,3,3,3,3
"251,501,751",0.3,3,26.72826586158,NA,0.235253812408636,0.235211973628526,0,2.88901502090939,"",0,2.89959044768581,0.235211973628526,NA,0,7.57133550766301,0.327779677198506,1,NA,0,0.235253812408636,0.235211973628526,2.88902,3,3,3,3
"251,501,751",0.3,3,1.19677380327215,NA,0.273523604079124,0.273537554994512,0,-6.72217057008138,"",0,-6.72643528741176,0.273537554994512,NA,0,-6.32379810448985,0.300772597091069,1,NA,0,0.273523604079124,0.273537554994512,-6.72217,3,3,3,3
"251,501,751",0.3,3,61.9510713069463,NA,0.293781159428555,0.293785455804705,0,24.0084490834227,"",0,24.0069175701432,0.293785455804705,NA,0,24.0852207025789,0.281749036118863,1,NA,0,0.293781159428555,0.293785455804705,24.00845,3,3,3,3
"251,501,751",0.3,3,124.504460742683,NA,0.275036987417936,0.275012777115827,0,54.9544704110427,"",0,54.9607045539909,0.275012777115827,NA,0,54.9631508059218,0.272867701381692,1,NA,0,0.275036987417936,0.275012777115827,54.95447,3,3,3,3
"251,501,751",0.3,3,76.6533591504219,NA,0.257628844675531,0.257622901417371,0,30.3724101605474,"",0,30.3740499851909,0.257622901417371,NA,0,31.1014482333032,0.220673256725864,1,NA,0,0.257628844675531,0.257622901417371,30.37241,3,3,3,3
"251,501,751",0.3,3,-13.029259535795,NA,0.276645453026687,0.276610873269371,0,-13.8772052739187,"",0,-13.8669265763124,0.276610873269371,NA,0,20.0875406051431,0.531132488308182,1,NA,0,0.276645453026687,0.276610873269371,-13.87721,3,3,3,3
"251,501,751",0.3,3,105.636355399437,NA,0.299093474719107,0.299095194058943,0,45.9013033596523,"",0,45.9007509017058,0.299095194058943,NA,0,52.2893843510259,0.407374718036483,1,NA,0,0.299093474719107,0.299095194058943,45.9013,3,3,3,3
"251,501,751",0.3,3,64.1315806413777,NA,0.268411950980717,0.268401228855869,0,24.5089971226156,"552,607",2,31.0926624530545,0.251052920316577,NA,0,39.9810911744908,0.439527490227447,1,NA,0,0.268411950980717,0.268401228855869,24.509,3,1.157,3,3
"251,501,751",0.3,3,41.2275835382027,NA,0.278490186564478,0.278490393932964,0,13.4550043771909,"",0,13.4549548538197,0.278490393932964,NA,0,18.9563989554483,0.379519533889835,1,NA,0,0.278490186564478,0.278490393932964,13.455,3,3,3,3
"251,501,751",0.3,3,47.1449238230147,NA,0.253970607724385,0.253975854425568,0,15.3212236060055,"",0,15.3198308536515,0.253975854425568,NA,0,66.1704086654694,0.57005268900608,1,NA,0,0.253970607724385,0.253975854425568,15.32122,3,3,3,3
"251,501,751",0.3,3,0.848742745548837,NA,0.309404548804586,0.309369520637535,0,-6.69006752463097,"",0,-6.67892807453022,0.309369520637535,NA,0,-3.91406916805825,0.380097846392179,1,NA,0,0.309404548804586,0.309369520637535,-6.69007,3,3,3,3
"251,501,751",0.3,3,18.2134279882055,NA,0.320257618171141,0.320207054651501,0,1.77476467588168,"",0,1.79290812709798,0.320207054651501,NA,0,16.895760354351,0.154154881857336,1,NA,0,0.320257618171141,0.320207054651501,1.77476,3,3,3,3
"251,501,751",0.3,3,-0.75760251945346,NA,0.340750608992488,0.340735561577388,0,-8.26398907983004,"",0,-8.258266567289,0.340735561577388,NA,0,-3.95857558469356,0.42830257716238,1,NA,0,0.340750608992488,0.340735561577388,-8.26399,3,3,3,3
"251,501,751",0.3,3,16.5017917167119,NA,0.265302893187844,0.26535072400241,0,-0.695013889721594,"",0,-0.708530187696352,0.26535072400241,NA,0,13.9935901365571,0.429742944949324,1,NA,0,0.265302893187844,0.26535072400241,-0.69501,3,3,3,3
"251,501,751",0.3,3,-11.6413659628033,NA,0.335226553375409,0.335230392193928,0,-13.4243411501822,"",0,-13.4265583481932,0.335230392193928,NA,0,-13.0384860307781,0.308952336094895,1,NA,0,0.335226553375409,0.335230392193928,-13.42434,3,3,3,3
"251,501,751",0.3,3,33.9813259443666,NA,0.287421459882863,0.287391389017664,0,9.92371379258941,"",0,9.93359152932155,0.287391389017664,NA,0,20.7584719695792,0.14555759109494,1,NA,0,0.287421459882863,0.287391389017664,9.92371,3,3,3,3
"251,501,751",0.3,3,81.5503896024635,NA,0.347746491591494,0.347740839915625,0,32.456256042861,"",0,32.4582604618371,0.347740839915625,NA,0,34.6899090336291,0.284849244211167,1,NA,0,0.347746491591494,0.347740839915625,32.45626,3,3,3,3
"251,501,751",0.3,3,48.361730944714,NA,0.249987989452153,0.249997429331005,0,15.8566598681508,"",0,15.8541182627446,0.249997429331005,NA,0,20.614192229255,0.344573166817531,1,NA,0,0.249987989452153,0.249997429331005,15.85666,3,3,3,3
"251,501,751",0.3,3,178.729949718387,NA,0.301444948910339,0.301422300679164,0,80.523885051174,"",0,80.5317180203333,0.301422300679164,NA,0,84.1162769868339,0.218049625507473,1,NA,0,0.301444948910339,0.301422300679164,80.52389,3,3,3,3
"251,501,751",0.3,3,28.1936448856203,NA,0.2561544663319,0.256144864117859,0,6.11921657570935,"",0,6.12195762233786,0.256144864117859,NA,0,11.0890182964612,0.15942511193944,1,NA,0,0.2561544663319,0.256144864117859,6.11922,3,3,3,3
"251,501,751",0.3,3,23.1020367319002,NA,0.330641794271309,0.330646421097942,0,3.97626064212109,"",0,3.9745591724582,0.330646421097942,NA,0,17.5784318990338,0.487109043244067,1,NA,0,0.330641794271309,0.330646421097942,3.97626,3,3,3,3
"251,501,751",0.3,3,-53.1710709845712,NA,0.290270531946226,0.290294211932847,0,-34.5764636293589,"",0,-34.5841124889123,0.290294211932847,NA,0,-30.4620568823031,0.376418312761096,1,NA,0,0.290270531946226,0.290294211932847,-34.57646,3,3,3,3
"251,501,751",0.3,3,56.8507719519793,NA,0.282995906589217,0.283010460017288,0,19.4269336106899,"",0,19.4227160010174,0.283010460017288,NA,0,20.019438881858,0.313836804592228,1,NA,0,0.282995906589217,0.283010460017288,19.42693,3,3,3,3
"251,501,751",0.3,3,33.8256117129633,NA,0.271217638690708,0.271214639486613,0,9.54021574687392,"",0,9.5410099925385,0.271214639486613,NA,0,10.0836045765136,0.302921964997013,1,NA,0,0.271217638690708,0.271214639486613,9.54022,3,3,3,3
"251,501,751",0.3,3,3.09183951310705,NA,0.29338259886281,0.293372670881446,0,-5.41931349801592,"",0,-5.41607638078414,0.293372670881446,NA,0,-2.6446171082063,0.221897662696176,1,NA,0,0.29338259886281,0.293372670881446,-5.41931,3,3,3,3
"251,501,751",0.3,3,-27.7506742556829,NA,0.267763721990131,0.267755898780937,0,-21.4517291022291,NA,0,-21.4494273250618,0.267755898780937,NA,0,-19.4812675724829,0.328128855635897,1,NA,0,0.267763721990131,0.267755898780937,-21.45173,3,3,3,3
"251,501,751",0.3,3,-7.23152863695165,NA,0.263167023316477,0.263166284069683,0,-11.2616481953948,NA,0,-11.261453990162,0.263166284069683,NA,0,0.476574903232461,0.11442911268739,1,NA,0,0.263167023316477,0.263166284069683,-11.26165,3,3,3,3
"251,501,751",0.3,3,31.8464124855075,NA,0.327116452176601,0.327191377399889,0,8.3484830668992,NA,0,8.32078469260264,0.327191377399889,NA,0,9.12553829413371,0.3645758439079,1,NA,0,0.327116452176601,0.327191377399889,8.34848,3,3,3,3
"251,501,751",0.3,3,-44.2206868029814,NA,0.298035705595066,0.2980364895963,0,-29.021130478877,NA,0,-29.0212845676591,0.2980364895963,NA,0,-28.9904961324669,0.305529301706894,1,NA,0,0.298035705595066,0.2980364895963,-29.02113,3,3,3,3
"251,501,751",0.3,3,51.3270487943592,NA,0.251228111500611,0.251223207344113,0,17.4823603275415,NA,0,17.4834057421787,0.251223207344113,NA,0,18.5842982960538,0.205767219654947,1,NA,0,0.251228111500611,0.251223207344113,17.48236,3,3,3,3
"251,501,751",0.3,3,-2.63359944636859,NA,0.277370176005091,0.277374729273097,0,-8.6790620999151,NA,0,-8.68038907579396,0.277374729273097,NA,0,1.94238368989461,0.13641466145209,1,NA,0,0.277370176005091,0.277374729273097,-8.67906,3,3,3,3
"251,501,751",0.3,3,35.6230979360712,NA,0.287798612895896,0.287695606907141,0,10.2349547347151,NA,0,10.2680156171335,0.287695606907141,NA,0,10.5163341336977,0.308354072153573,1,NA,0,0.287798612895896,0.287695606907141,10.23495,3,3,3,3
"251,501,751",0.3,3,-8.89096146589595,NA,0.298925695882826,0.298912332187375,0,-12.8156176327612,NA,0,-12.8109976672873,0.298912332187375,NA,0,-9.2389544677181,0.216400212541506,1,NA,0,0.298925695882826,0.298912332187375,-12.81562,3,3,3,3
"251,501,751",0.3,3,30.5178003873551,NA,0.297400098248829,0.297392259147197,0,8.12109013834372,NA,0,8.12370859250878,0.297392259147197,NA,0,8.14105628930926,0.291459951812447,1,NA,0,0.297400098248829,0.297392259147197,8.12109,3,3,3,3
"251,501,751",0.3,3,7.52422701414016,NA,0.325436615688807,0.325429397384153,0,-4.37780116755494,NA,0,-4.37506800161138,0.325429397384153,NA,0,-3.26115205891636,0.368796278894545,1,NA,0,0.325436615688807,0.325429397384153,-4.3778,3,3,3,3
"251,501,751",0.3,3,56.45816532095,NA,0.30121054596354,0.30121312440342,0,21.2822402767035,NA,0,21.2814056815032,0.30121312440342,NA,0,23.7546434111825,0.234015090010562,1,NA,0,0.30121054596354,0.30121312440342,21.28224,3,3,3,3
"251,501,751",0.3,3,28.6031311618738,NA,0.314944299112082,0.31493356125095,0,5.74228028824504,NA,0,5.74629023563329,0.31493356125095,NA,0,5.74467037577918,0.311069910631535,1,NA,0,0.314944299112082,0.31493356125095,5.74228,3,3,3,3
"251,501,751",0.3,3,70.3954536459962,NA,0.354082798514548,0.354112000484216,0,25.5808240377517,NA,0,25.5688480288676,0.354112000484216,NA,0,25.566684681732,0.352565070949992,1,NA,0,0.354082798514548,0.354112000484216,25.58082,3,3,3,3
"251,501,751",0.3,3,-25.4844118924824,NA,0.350799843137549,0.350801486404937,0,-21.6543420074262,NA,0,-21.6548595781251,0.350801486404937,NA,0,-21.3569575097684,0.372720745057776,1,NA,0,0.350799843137549,0.350801486404937,-21.65434,3,3,3,3
"251,501,751",0.3,3,3.07082066634012,NA,0.274936792413763,0.274896899594949,0,-5.88369784174385,NA,0,-5.87219944783713,0.274896899594949,NA,0,14.824416779263,0.472408610535386,1,NA,0,0.274936792413763,0.274896899594949,-5.8837,3,3,3,3
"251,501,751",0.3,3,83.7570604395201,NA,0.290052990987116,0.290049532444347,0,33.6855640479686,NA,0,33.6869061513696,0.290049532444347,NA,0,44.4937164918688,0.147340672055478,1,NA,0,0.290052990987116,0.290049532444347,33.68556,3,3,3,3
"251,501,751",0.3,3,70.515342961725,NA,0.302961127468752,0.302948097785487,0,27.6738723318311,NA,0,27.6783679985999,0.302948097785487,NA,0,28.3510580160949,0.267066941307901,1,NA,0,0.302961127468752,0.302948097785487,27.67387,3,3,3,3
"251,501,751",0.3,3,78.174878868211,NA,0.361860605398389,0.361923954239317,0,29.0359874022758,NA,0,29.0100275932947,0.361923954239317,NA,0,51.6502331703437,0.560376661341713,1,NA,0,0.361860605398389,0.361923954239317,29.03599,3,3,3,3
"251,501,751",0.3,3,51.5011750375993,NA,0.321343536868347,0.321383470473214,0,17.7448730878196,NA,0,17.7309404981543,0.321383470473214,NA,0,18.9288897894466,0.366425922877998,1,NA,0,0.321343536868347,0.321383470473214,17.74487,3,3,3,3
"251,501,751",0.3,3,3.04969439871759,NA,0.307245563591719,0.307241661705014,0,-5.45642526571468,NA,0,-5.45510518577231,0.307241661705014,NA,0,-2.92819137142309,0.374918590147857,1,NA,0,0.307245563591719,0.307241661705014,-5.45643,3,3,3,3
"251,501,751",0.3,3,85.5721960303612,NA,0.260333891878303,0.260326220833758,0,34.7313074260181,NA,0,34.7334675411442,0.260326220833758,NA,0,53.4383914160112,0.448399512702619,1,NA,0,0.260333891878303,0.260326220833758,34.73131,3,3,3,3
"251,501,751",0.3,3,7.86907927500705,NA,0.258615301825006,0.258592671517817,0,-3.99008702521393,NA,0,-3.98396075767988,0.258592671517817,NA,0,-0.900383332032564,0.334486480127001,1,NA,0,0.258615301825006,0.258592671517817,-3.99009,3,3,3,3
"251,501,751",0.3,3,38.7016013695698,NA,0.304680385391881,0.304687229955585,0,10.9093893359698,NA,0,10.9074451153454,0.304687229955585,NA,0,30.2313790337846,0.491144862517453,1,NA,0,0.304680385391881,0.304687229955585,10.90939,3,3,3,3
"251,501,751",0.3,3,24.7893746413136,NA,0.314321961072382,0.314302120951049,0,5.32279573334719,NA,0,5.32981563360729,0.314302120951049,NA,0,17.8536081676667,0.163077839307552,1,NA,0,0.314321961072382,0.314302120951049,5.3228,3,3,3,3
"251,501,751",0.3,3,-26.0163119774074,NA,0.310170358843692,0.310169207817695,0,-19.9756061720738,NA,0,-19.975307127063,0.310169207817695,NA,0,-18.7976492086358,0.356364637574855,1,NA,0,0.310170358843692,0.310169207817695,-19.97561,3,3,3,3
"251,501,751",0.3,3,50.1038241800238,NA,0.3487259405762,0.348704286943386,0,16.728322018603,NA,0,16.7370388791268,0.348704286943386,NA,0,17.6615927528413,0.308110069856544,1,NA,0,0.3487259405762,0.348704286943386,16.72832,3,3,3,3
"251,501,751",0.3,3,24.2481462816586,NA,0.298582539541876,0.298531310072607,0,4.66277184261792,NA,0,4.67966808481929,0.298531310072607,NA,0,5.57881784893801,0.338304389301588,1,NA,0,0.298582539541876,0.298531310072607,4.66277,3,3,3,3
"251,501,751",0.3,3,15.6480602677631,NA,0.342746829144858,0.342721647040619,0,-0.248639282579313,NA,0,-0.238577142668776,0.342721647040619,NA,0,4.79534666941792,0.247952198791545,1,NA,0,0.342746829144858,0.342721647040619,-0.24864,3,3,3,3
"251,501,751",0.3,3,111.338408344662,NA,0.29773228760394,0.297678460199371,0,48.5151205661747,NA,0,48.5331775266564,0.297678460199371,NA,0,52.452131212498,0.212691508880503,1,NA,0,0.29773228760394,0.297678460199371,48.51512,3,3,3,3
"251,501,751",0.3,3,25.5459833348486,NA,0.256094114781444,0.256086488912641,0,4.82486250527186,NA,0,4.82709617345367,0.256086488912641,NA,0,8.72374801131413,0.341593771414831,1,NA,0,0.256094114781444,0.256086488912641,4.82486,3,3,3,3
"251,501,751",0.3,3,-38.3353108566011,NA,0.31881449345692,0.318812858584954,0,-26.2748004898932,NA,0,-26.2742181797945,0.318812858584954,NA,0,-22.2419610687454,0.404099825547273,1,NA,0,0.31881449345692,0.318812858584954,-26.2748,3,3,3,3
"251,501,751",0.3,3,37.467997421353,NA,0.287277846739759,0.287290229133813,0,11.6899135144175,NA,0,11.6860522731617,0.287290229133813,NA,0,21.0786639713741,0.419097585767839,1,NA,0,0.287277846739759,0.287290229133813,11.68991,3,3,3,3
"251,501,751",0.3,3,97.7281207449927,NA,0.325098664700483,0.325110494375303,0,41.3892982182575,NA,0,41.3850652305039,0.325110494375303,NA,0,51.8412166295902,0.462179885992899,1,NA,0,0.325098664700483,0.325110494375303,41.3893,3,3,3,3
"251,501,751",0.3,3,94.501967481268,NA,0.282491126650997,0.282470959030961,0,40.0739452870668,NA,0,40.0802318657402,0.282470959030961,NA,0,41.1088273147655,0.238838029863095,1,NA,0,0.282491126650997,0.282470959030961,40.07395,3,3,3,3
"251,501,751",0.3,3,27.0789877993459,NA,0.312642189249765,0.31265497005746,0,6.4345555361064,NA,0,6.43025788112377,0.31265497005746,NA,0,15.6478352181166,0.442124812823875,1,NA,0,0.312642189249765,0.31265497005746,6.43456,3,3,3,3
"251,501,751",0.3,3,-111.681722429911,NA,0.307628226567183,0.307634800956332,0,-62.8113363286751,NA,0,-62.814061004726,0.307634800956332,NA,0,-61.4650743070046,0.357072314764624,1,NA,0,0.307628226567183,0.307634800956332,-62.81134,3,3,3,3
"251,501,751",0.3,3,83.7719400057643,NA,0.322010285918614,0.32202206619226,0,34.6806107410553,NA,0,34.6763317913823,0.32202206619226,NA,0,47.9381874007502,0.477166970659197,1,NA,0,0.322010285918614,0.32202206619226,34.68061,3,3,3,3
"251,501,751",0.3,3,16.540369964473,NA,0.257593278314946,0.257596822386503,0,0.392278560773254,NA,0,0.390792412180569,0.257596822386503,NA,0,0.513551280670112,0.242392882298245,1,NA,0,0.257593278314946,0.257596822386503,0.39228,3,3,3,3
"251,501,751",0.3,3,-16.7807202334354,NA,0.340667008178115,0.340668169176324,0,-17.2533820944957,NA,0,-17.2535451983649,0.340668169176324,NA,0,-13.6811826034116,0.418544161611838,1,NA,0,0.340667008178115,0.340668169176324,-17.25338,3,3,3,3
"251,501,751",0.3,3,27.8655531927719,NA,0.241905608832552,0.241920782794614,0,3.73973656296227,NA,0,3.73606308818625,0.241920782794614,NA,0,3.76343362206488,0.233051521241372,1,NA,0,0.241905608832552,0.241920782794614,3.73974,3,3,3,3
"251,501,751",0.3,3,78.9857135013668,NA,0.29462798630385,0.294628386284863,0,31.2024347591909,NA,0,31.2025802626187,0.294628386284863,NA,0,41.7629511704473,0.153518263867527,1,NA,0,0.29462798630385,0.294628386284863,31.20243,3,3,3,3
"251,501,751",0.3,3,49.0357506925186,NA,0.325265931420919,0.325248820686835,0,16.7254307570642,NA,0,16.731516826952,0.325248820686835,NA,0,18.8608758702591,0.262781712511091,1,NA,0,0.325265931420919,0.325248820686835,16.72543,3,3,3,3
"251,501,751",0.3,3,-0.658194257568432,NA,0.247762881078641,0.247763144531374,0,-8.6879220548726,NA,0,-8.68806600350585,0.247763144531374,NA,0,-3.43899269742641,0.148226511284173,1,NA,0,0.247762881078641,0.247763144531374,-8.68792,3,3,3,3
"251,501,751",0.3,3,-31.930360106635,NA,0.333928368444119,0.333950352262362,0,-25.2633178237824,NA,0,-25.2712372975926,0.333950352262362,NA,0,-4.37353142591483,0.525252666196187,1,NA,0,0.333928368444119,0.333950352262362,-25.26332,3,3,3,3
"251,501,751",0.3,3,58.9648209097409,NA,0.338505706882636,0.338511717595928,0,21.7234839266288,NA,0,21.7212215385506,0.338511717595928,NA,0,21.9366937231534,0.358015400022654,1,NA,0,0.338505706882636,0.338511717595928,21.72348,3,3,3,3
"251,501,751",0.3,3,37.6396406876693,NA,0.30907911418579,0.309129649319084,0,11.3243835118248,NA,0,11.3072890313859,0.309129649319084,NA,0,16.2545489776665,0.403016102849969,1,NA,0,0.30907911418579,0.309129649319084,11.32438,3,3,3,3
"251,501,751",0.3,3,13.4631741873263,NA,0.291316533180903,0.291350739243139,0,-1.02495251410637,NA,0,-1.03582297449875,0.291350739243139,NA,0,-0.388963166531286,0.324583004950635,1,NA,0,0.291316533180903,0.291350739243139,-1.02495,3,3,3,3
"251,501,751",0.3,3,43.9616890569879,NA,0.319211922106055,0.319225145842929,0,14.8380301489375,NA,0,14.8329803535789,0.319225145842929,NA,0,16.0295747410561,0.272745523918438,1,NA,0,0.319211922106055,0.319225145842929,14.83803,3,3,3,3
"251,501,751",0.3,3,24.7982641880396,NA,0.245379941720544,0.245376242986044,0,1.47960214741436,NA,0,1.48086395077296,0.245376242986044,NA,0,5.00680333095516,0.323932325393872,1,NA,0,0.245379941720544,0.245376242986044,1.4796,3,3,3,3
"251,501,751",0.3,3,47.0303250683681,NA,0.289841562463093,0.289863661909236,0,15.4976907905184,"135",1,16.2342133690179,0.273062534880882,NA,0,23.720332106171,0.412521988910415,1,NA,0,0.289841562463093,0.289863661909236,15.49769,3,2.116,3,3
"251,501,751",0.3,3,113.708665870004,NA,0.270702475577537,0.270655893400044,0,48.5231137107874,NA,0,48.5367064511672,0.270655893400044,NA,0,53.4058932720339,0.174527121132528,1,NA,0,0.270702475577537,0.270655893400044,48.52311,3,3,3,3
"251,501,751",0.3,3,3.99819057322475,NA,0.335567861092352,0.335511428818502,0,-8.10377140527643,NA,0,-8.08191869220467,0.335511428818502,NA,0,-4.49588200290573,0.252036541467804,1,NA,0,0.335567861092352,0.335511428818502,-8.10377,3,3,3,3
"251,501,751",0.3,3,53.4065025851981,NA,0.346579531154708,0.346579819842397,0,18.5683952434495,NA,0,18.5676800406884,0.346579819842397,NA,0,48.5076008874033,0.113211150972485,1,NA,0,0.346579531154708,0.346579819842397,18.5684,3,3,3,3
"251,501,751",0.3,3,-17.2528541309672,NA,0.285121949741654,0.285115726107022,0,-15.6701722269844,NA,0,-15.6683198713053,0.285115726107022,NA,0,-15.5009589267767,0.30264436448383,1,NA,0,0.285121949741654,0.285115726107022,-15.67017,3,3,3,3
"251,501,751",0.3,3,-9.99166338468164,NA,0.311550914481085,0.311482211130181,0,-12.5008119312638,NA,0,-12.4773049615764,0.311482211130181,NA,0,-11.6358390260444,0.271892527288334,1,NA,0,0.311550914481085,0.311482211130181,-12.50081,3,3,3,3
"251,501,751",0.3,3,-27.4243434994403,NA,0.231952812310143,0.231990367337501,0,-23.1357472200933,NA,0,-23.1459417297218,0.231990367337501,NA,0,-9.11488744600771,0.0674419169850071,1,NA,0,0.231952812310143,0.231990367337501,-23.13575,3,3,3,3
"251,501,751",0.3,3,50.9742636197275,NA,0.24250339061411,0.242454594052137,0,16.1752713359889,NA,0,16.1877565164403,0.242454594052137,NA,0,19.7326279104966,0.323585676045575,1,NA,0,0.24250339061411,0.242454594052137,16.17527,3,3,3,3
"251,501,751",0.3,3,59.3869061906453,NA,0.301483805854974,0.301514094843527,0,22.7423328924447,NA,0,22.7326258072162,0.301514094843527,NA,0,22.8233675160819,0.314266932888198,1,NA,0,0.301483805854974,0.301514094843527,22.74233,3,3,3,3
"251,501,751",0.3,3,-7.72275392866587,NA,0.290309938296082,0.290286508071522,0,-10.9383574450194,NA,0,-10.9307701108346,0.290286508071522,NA,0,4.58247333264881,0.460011542136844,1,NA,0,0.290309938296082,0.290286508071522,-10.93836,3,3,3,3
"251,501,751",0.3,3,60.8711699454394,NA,0.284504930596742,0.284518182264651,0,23.3698252479516,NA,0,23.3655351217362,0.284518182264651,NA,0,23.8338079933163,0.255110513259741,1,NA,0,0.284504930596742,0.284518182264651,23.36983,3,3,3,3
"251,501,751",0.3,3,-68.9156575512582,NA,0.306766425622864,0.306787315021958,0,-41.4792844224203,NA,0,-41.487087120264,0.306787315021958,NA,0,-33.6791831356954,0.426135320762219,1,NA,0,0.306766425622864,0.306787315021958,-41.47928,3,3,3,3
"251,501,751",0.3,3,-70.132452793103,NA,0.288430214687353,0.288401186361749,0,-42.3825068372621,NA,0,-42.3737684667712,0.288401186361749,NA,0,-35.448815283138,0.401145975302521,1,NA,0,0.288430214687353,0.288401186361749,-42.38251,3,3,3,3
"251,501,751",0.3,3,18.9314988393605,NA,0.274943147736549,0.27491914615817,0,2.1578160492818,NA,0,2.16386312597082,0.27491914615817,NA,0,10.5060713482395,0.149992213178386,1,NA,0,0.274943147736549,0.27491914615817,2.15782,3,3,3,3
"251,501,751",0.3,3,-11.4395275176745,NA,0.301797502506788,0.301817519526568,0,-13.0727597834065,NA,0,-13.0797365875127,0.301817519526568,NA,0,-10.1093468735782,0.374722972170731,1,NA,0,0.301797502506788,0.301817519526568,-13.07276,3,3,3,3
"251,501,751",0.3,3,8.22024649538695,NA,0.303541928220656,0.303556527937661,0,-3.02668035106004,NA,0,-3.03146717526848,0.303556527937661,NA,0,-2.82292601027683,0.283782312480896,1,NA,0,0.303541928220656,0.303556527937661,-3.02668,3,3,3,3
"251,501,751",0.3,3,51.7521359971499,NA,0.286664160833547,0.286666317363042,0,18.8449206974579,NA,0,18.8441111607141,0.286666317363042,NA,0,20.1767034923076,0.33624012179543,1,NA,0,0.286664160833547,0.286666317363042,18.84492,3,3,3,3
"251,501,751",0.3,3,84.1987156932672,NA,0.295467083823796,0.295475541471223,0,35.1027318506042,NA,0,35.1000640806614,0.295475541471223,NA,0,37.9587626769094,0.223028974422318,1,NA,0,0.295467083823796,0.295475541471223,35.10273,3,3,3,3
"251,501,751",0.3,3,18.5782755888342,NA,0.311687913032922,0.311653272411023,0,2.07036308093442,NA,0,2.08259534291261,0.311653272411023,NA,0,2.19236367677721,0.297251199332237,1,NA,0,0.311687913032922,0.311653272411023,2.07036,3,3,3,3
"251,501,751",0.3,3,-22.6824800152953,NA,0.325741625032007,0.325747241151346,0,-18.6215018923534,NA,0,-18.6241108915469,0.325747241151346,NA,0,-14.6882106520045,0.409833320299686,1,NA,0,0.325741625032007,0.325747241151346,-18.6215,3,3,3,3
"251,501,751",0.3,3,19.3728591076385,NA,0.288174056136396,0.288158374282198,0,2.57749640926352,NA,0,2.5824950373639,0.288158374282198,NA,0,9.66804935538528,0.17363884166617,1,NA,0,0.288174056136396,0.288158374282198,2.5775,3,3,3,3
"251,501,751",0.3,3,7.88597720600147,NA,0.266619832543649,0.266635722416009,0,-4.45057078185413,NA,0,-4.45500323184515,0.266635722416009,NA,0,-0.890757114142199,0.346928328398848,1,NA,0,0.266619832543649,0.266635722416009,-4.45057,3,3,3,3
"251,501,751",0.3,3,-14.1934405770601,NA,0.324009248226796,0.324057196032132,0,-14.5195635928607,NA,0,-14.5378074261747,0.324057196032132,NA,0,-8.43150029519509,0.428575543614415,1,NA,0,0.324009248226796,0.324057196032132,-14.51956,3,3,3,3
"251,501,751",0.3,3,31.6612074772211,NA,0.304210748415267,0.304241721217887,0,8.67843359436373,NA,0,8.66775965285608,0.304241721217887,NA,0,14.4035650112142,0.201515460618551,1,NA,0,0.304210748415267,0.304241721217887,8.67843,3,3,3,3
"251,501,751",0.3,3,4.19817184423909,NA,0.257350582848078,0.257360321465539,0,-5.87834002285649,NA,0,-5.88096785402849,0.257360321465539,NA,0,9.14196363460844,0.426281031303085,1,NA,0,0.257350582848078,0.257360321465539,-5.87834,3,3,3,3
"251,501,751",0.3,3,0.640093798154194,NA,0.305287053614045,0.3053071203985,0,-6.68901192732061,NA,0,-6.69536182693664,0.3053071203985,NA,0,0.146775538684135,0.193032546616899,1,NA,0,0.305287053614045,0.3053071203985,-6.68901,3,3,3,3
"251,501,751",0.3,3,124.100595328145,NA,0.314640575974148,0.314635959541418,0,54.9883795497805,NA,0,54.9900316195331,0.314635959541418,NA,0,56.3493697664258,0.364113180247398,1,NA,0,0.314640575974148,0.314635959541418,54.98838,3,3,3,3
"251,501,751",0.3,3,147.38734321776,NA,0.312837796640855,0.312910309578839,0,65.5084650692683,NA,0,65.4839351882456,0.312910309578839,NA,0,67.3113280053633,0.368515018768408,1,NA,0,0.312837796640855,0.312910309578839,65.50847,3,3,3,3
"251,501,751",0.3,3,45.6268094304704,NA,0.311672838349428,0.311695441796493,0,15.1628309625724,NA,0,15.1551717076425,0.311695441796493,NA,0,28.8934202616487,0.152163594029112,1,NA,0,0.311672838349428,0.311695441796493,15.16283,3,3,3,3
"251,501,751",0.3,3,-37.1926495916645,NA,0.285281864826628,0.285288605194761,0,-25.6961692030508,NA,0,-25.6984590660374,0.285288605194761,NA,0,-12.9640904030891,0.131159941614241,1,NA,0,0.285281864826628,0.285288605194761,-25.69617,3,3,3,3
"251,501,751",0.3,3,12.2820872832309,NA,0.24755799312436,0.247560234105657,0,-2.29393028338808,NA,0,-2.29450899698182,0.247560234105657,NA,0,-2.2914084858611,0.245079419107191,1,NA,0,0.24755799312436,0.247560234105657,-2.29393,3,3,3,3
"251,501,751",0.3,3,-27.8162440095004,NA,0.332523658413994,0.3325215320541,0,-21.4179906410705,NA,0,-21.417304198029,0.3325215320541,NA,0,-20.4079390017785,0.374916816414673,1,NA,0,0.332523658413994,0.3325215320541,-21.41799,3,3,3,3
"251,501,751",0.3,3,38.0716797538412,NA,0.320298645966524,0.320308568372129,0,11.8786458406568,NA,0,11.8751462244879,0.320308568372129,NA,0,25.5732796777884,0.478136831419026,1,NA,0,0.320298645966524,0.320308568372129,11.87865,3,3,3,3
"251,501,751",0.3,3,77.0144242393352,NA,0.307796785949622,0.307800189347348,0,31.5640064446961,"834",1,32.029241943263,0.289086108240328,"834",1,46.8914740227328,0.116876884011011,1,NA,0,0.307796785949622,0.307800189347348,31.56401,3,2.083,2.083,3
"251,501,751",0.3,3,80.345055389799,NA,0.269378445636815,0.269469684862498,0,31.6259438503175,NA,0,31.5998194653149,0.269469684862498,NA,0,31.6596303448837,0.257386557792647,1,NA,0,0.269378445636815,0.269469684862498,31.62594,3,3,3,3
"251,501,751",0.3,3,58.1264618013386,NA,0.3379548855027,0.337961035487294,0,21.2832155810723,NA,0,21.2809282253825,0.337961035487294,NA,0,22.0993674058167,0.299771427081034,1,NA,0,0.3379548855027,0.337961035487294,21.28322,3,3,3,3
"251,501,751",0.3,3,-26.0374953811335,NA,0.250796893541296,0.250745212975697,0,-21.39810329901,NA,0,-21.3839048382442,0.250745212975697,NA,0,-21.2603387899002,0.235372383214369,1,NA,0,0.250796893541296,0.250745212975697,-21.3981,3,3,3,3
"251,501,751",0.3,3,-29.743233651753,NA,0.276198712451212,0.276202150314288,0,-22.0890107185822,NA,0,-22.0902061873974,0.276202150314288,NA,0,-19.8203632104087,0.211347211062668,1,NA,0,0.276198712451212,0.276202150314288,-22.08901,3,3,3,3
"251,501,751",0.3,3,72.2803013278855,NA,0.275318568920719,0.275316481382145,0,28.6942878738794,NA,0,28.694948490428,0.275316481382145,NA,0,38.0639561561525,0.40722037189209,1,NA,0,0.275318568920719,0.275316481382145,28.69429,3,3,3,3
"251,501,751",0.3,3,58.9984572665417,NA,0.330752132152445,0.330749886615966,0,21.3745416167317,NA,0,21.3750106433484,0.330749886615966,NA,0,21.8049204786742,0.357544535764007,1,NA,0,0.330752132152445,0.330749886615966,21.37454,3,3,3,3
"251,501,751",0.3,3,11.8319029966158,NA,0.293187057728446,0.293187803845042,0,-1.02287415227848,NA,0,-1.02310578140268,0.293187803845042,NA,0,0.877764971664099,0.234173569910342,1,NA,0,0.293187057728446,0.293187803845042,-1.02287,3,3,3,3
"251,501,751",0.3,3,37.5959017202738,NA,0.269974068415806,0.269974960414395,0,11.2441956173973,NA,0,11.2439292444965,0.269974960414395,NA,0,11.3296928437809,0.257155025230871,1,NA,0,0.269974068415806,0.269974960414395,11.2442,3,3,3,3
"251,501,751",0.3,3,45.6935028355037,NA,0.305759345152667,0.305753649662058,0,15.9175208569204,NA,0,15.919914900491,0.305753649662058,NA,0,16.9856297598323,0.261707954737886,1,NA,0,0.305759345152667,0.305753649662058,15.91752,3,3,3,3
"251,501,751",0.3,3,84.1227889852738,NA,0.274018618184691,0.274046901026499,0,34.6765628422801,NA,0,34.6666776027069,0.274046901026499,NA,0,35.3668831672445,0.309941283682738,1,NA,0,0.274018618184691,0.274046901026499,34.67656,3,3,3,3
"251,501,751",0.3,3,34.4341964362068,NA,0.296190709061688,0.296161473580514,0,9.52691974737305,NA,0,9.53649106982883,0.296161473580514,NA,0,25.4015323853628,0.123944214005228,1,NA,0,0.296190709061688,0.296161473580514,9.52692,3,3,3,3
"251,501,751",0.3,3,103.996884455859,NA,0.299314246657951,0.299315494785025,0,45.0659484102555,NA,0,45.0653318314395,0.299315494785025,NA,0,48.2109425278405,0.223403684795201,1,NA,0,0.299314246657951,0.299315494785025,45.06595,3,3,3,3
"251,501,751",0.3,3,-10.1544104493571,NA,0.272719446309661,0.272717363885447,0,-13.554798490283,NA,0,-13.5539851575003,0.272717363885447,NA,0,1.46353857424543,0.103712474753995,1,NA,0,0.272719446309661,0.272717363885447,-13.5548,3,3,3,3
"251,501,751",0.3,3,-63.2832365361871,NA,0.304138064815373,0.304052867557872,0,-39.4396444740311,NA,0,-39.4114115484708,0.304052867557872,NA,0,-38.837792918568,0.335250787810372,1,NA,0,0.304138064815373,0.304052867557872,-39.43964,3,3,3,3
"251,501,751",0.3,3,78.7597423533182,NA,0.266061136086436,0.266090963461122,0,31.0185259215786,NA,0,31.0098037025896,0.266090963461122,NA,0,37.6641070182413,0.376501708116622,1,NA,0,0.266061136086436,0.266090963461122,31.01853,3,3,3,3
"251,501,751",0.3,3,60.7912490088725,NA,0.282654512286555,0.282678753304349,0,23.229127473254,NA,0,23.221799099396,0.282678753304349,NA,0,26.4224561267553,0.20567394645496,1,NA,0,0.282654512286555,0.282678753304349,23.22913,3,3,3,3
"251,501,751",0.3,3,50.7565198963765,NA,0.282189787996186,0.282181323504524,0,18.2403974632888,NA,0,18.2429170176263,0.282181323504524,NA,0,19.2754273918523,0.325743457994768,1,NA,0,0.282189787996186,0.282181323504524,18.2404,3,3,3,3
"251,501,751",0.3,3,22.705681011877,NA,0.289694753018331,0.289644635518949,0,4.02565811783907,"",0,4.04105660752862,0.289644635518949,NA,0,4.49918912320213,0.260304025660647,1,NA,0,0.289694753018331,0.289644635518949,4.02566,3,3,3,3
"251,501,751",0.3,3,52.64753905103,NA,0.340711748884652,0.340697031123006,0,18.3960099883083,"",0,18.4017374910534,0.340697031123006,NA,0,18.6280042164065,0.320584031778828,1,NA,0,0.340711748884652,0.340697031123006,18.39601,3,3,3,3
"251,501,751",0.3,3,54.4397548733735,NA,0.316177984228622,0.316110728333981,0,19.6827177742464,"",0,19.7062700452303,0.316110728333981,NA,0,20.4043689058891,0.350954223599161,1,NA,0,0.316177984228622,0.316110728333981,19.68272,3,3,3,3
"251,501,751",0.3,3,114.588233454253,NA,0.281449560247403,0.281455444132084,0,50.1135277705496,"",0,50.1117724187333,0.281455444132084,NA,0,51.9761391095803,0.222699284321939,1,NA,0,0.281449560247403,0.281455444132084,50.11353,3,3,3,3
"251,501,751",0.3,3,76.293389136242,NA,0.298375068373785,0.298313017934148,0,31.0819044906075,"",0,31.1021592564639,0.298313017934148,NA,0,44.2696432599488,0.454066130031784,1,NA,0,0.298375068373785,0.298313017934148,31.0819,3,3,3,3
"251,501,751",0.3,3,20.0383922839249,NA,0.307138020988306,0.307070275019362,0,2.92317987351791,"",0,2.94472985697638,0.307070275019362,NA,0,6.81162318052622,0.223066969640295,1,NA,0,0.307138020988306,0.307070275019362,2.92318,3,3,3,3
"251,501,751",0.3,3,78.8528580322291,NA,0.286840915586375,0.286842400716794,0,32.423627403977,"",0,32.4232356295028,0.286842400716794,NA,0,34.3129041336137,0.345792630968777,1,NA,0,0.286840915586375,0.286842400716794,32.42363,3,3,3,3
"251,501,751",0.3,3,79.4853609303532,NA,0.261348314020362,0.261280046944262,0,28.9405373789131,"",0,28.9599622827004,0.261280046944262,NA,0,28.9972008388185,0.248787314018954,1,NA,0,0.261348314020362,0.261280046944262,28.94054,3,3,3,3
"251,501,751",0.3,3,78.4222925177338,NA,0.2941850517317,0.294189402342683,0,30.7833074524978,"",0,30.7821782580082,0.294189402342683,NA,0,32.5362983124349,0.235588996487147,1,NA,0,0.2941850517317,0.294189402342683,30.78331,3,3,3,3
"251,501,751",0.3,3,48.5828125675559,NA,0.31648848781007,0.316517803087685,0,17.1841832840674,"",0,17.1743117247048,0.316517803087685,NA,0,21.1226984670951,0.231938286548544,1,NA,0,0.31648848781007,0.316517803087685,17.18418,3,3,3,3
"251,501,751",0.3,3,24.2704808790489,NA,0.272035586049373,0.27202090671455,0,4.78404974146096,"",0,4.78872253212478,0.27202090671455,NA,0,7.09530728509098,0.206540797679188,1,NA,0,0.272035586049373,0.27202090671455,4.78405,3,3,3,3
"251,501,751",0.3,3,16.9811333203855,NA,0.273940430916059,0.273939800142995,0,1.21599639909381,"",0,1.21638666227425,0.273939800142995,NA,0,6.4050322868758,0.175651043713435,1,NA,0,0.273940430916059,0.273939800142995,1.216,3,3,3,3
"251,501,751",0.3,3,53.0942291399799,NA,0.290418094231883,0.29038057829541,0,19.126077798288,"",0,19.1381721506603,0.29038057829541,NA,0,21.8803434630566,0.360749560306924,1,NA,0,0.290418094231883,0.29038057829541,19.12608,3,3,3,3
"251,501,751",0.3,3,57.5346518114873,NA,0.316979161188146,0.31695617265065,0,20.8545982220712,"",0,20.862763692985,0.31695617265065,NA,0,31.135399460325,0.179352698254876,1,NA,0,0.316979161188146,0.31695617265065,20.8546,3,3,3,3
"251,501,751",0.3,3,103.084650170061,NA,0.354908342335022,0.354908710588647,0,42.9110872716771,"",0,42.9108856123899,0.354908710588647,NA,0,65.4903071591465,0.555861937275368,1,NA,0,0.354908342335022,0.354908710588647,42.91109,3,3,3,3
"251,501,751",0.3,3,76.1372258797004,NA,0.254257976333705,0.254257687931349,0,30.0437280407054,"206,227",2,35.9051283905954,0.235833186983018,NA,0,52.1169540461458,0.0487661927700562,1,NA,0,0.254257976333705,0.254257687931349,30.04373,3,1.069,3,3
"251,501,751",0.3,3,63.6106670839795,NA,0.277675359216618,0.277588397219669,0,24.3420743525979,"",0,24.368169117575,0.277588397219669,NA,0,55.4693056095238,0.520600624503538,1,NA,0,0.277675359216618,0.277588397219669,24.34207,3,3,3,3
"251,501,751",0.3,3,-22.0422070596984,NA,0.301566846757859,0.301568858063841,0,-17.9938882506136,"",0,-17.9945830365671,0.301568858063841,NA,0,-17.9733885708845,0.295283824230124,1,NA,0,0.301566846757859,0.301568858063841,-17.99389,3,3,3,3
"251,501,751",0.3,3,-8.00809880836345,NA,0.297324402029383,0.29735371154868,0,-11.939513347023,"",0,-11.9488140192345,0.29735371154868,NA,0,-9.86368819790883,0.234317110555613,1,NA,0,0.297324402029383,0.29735371154868,-11.93951,3,3,3,3
"251,501,751",0.3,3,25.3080996270815,NA,0.323822246232554,0.323811714831249,0,5.32380412361761,"",0,5.32764301948386,0.323811714831249,NA,0,11.4187761752752,0.218813311794482,1,NA,0,0.323822246232554,0.323811714831249,5.3238,3,3,3,3
"251,501,751",0.3,3,-7.36442568269082,NA,0.247906609277385,0.247897758883821,0,-12.9983846453885,NA,0,-12.9959148626787,0.247897758883821,NA,0,-12.3953934078538,0.213319393846295,1,NA,0,0.247906609277385,0.247897758883821,-12.99838,3,3,3,3
"251,501,751",0.3,3,84.7230096387464,NA,0.311883257807084,0.311888760087795,0,35.2952691935385,NA,0,35.2934116509702,0.311888760087795,NA,0,43.2382727221914,0.191539134060009,1,NA,0,0.311883257807084,0.311888760087795,35.29527,3,3,3,3
"251,501,751",0.3,3,82.4684272017084,NA,0.338261739157148,0.338266896341707,0,33.4211882149598,NA,0,33.4192599335614,0.338266896341707,NA,0,35.964463524166,0.405375697070813,1,NA,0,0.338261739157148,0.338266896341707,33.42119,3,3,3,3
"251,501,751",0.3,3,89.1413467384849,NA,0.282840274074556,0.282888123348006,0,36.4562964715419,NA,0,36.4417826310593,0.282888123348006,NA,0,38.4537254925551,0.342264793756572,1,NA,0,0.282840274074556,0.282888123348006,36.4563,3,3,3,3
"251,501,751",0.3,3,-12.325488518905,NA,0.288639995005289,0.288679518558191,0,-13.360925006608,NA,0,-13.3733723108051,0.288679518558191,NA,0,-9.74838901701571,0.369965769690971,1,NA,0,0.288639995005289,0.288679518558191,-13.36093,3,3,3,3
"251,501,751",0.3,3,97.078938826485,NA,0.328630150956636,0.328629012778624,0,41.1578602429214,NA,0,41.158288763623,0.328629012778624,NA,0,42.4410871832384,0.280737067797162,1,NA,0,0.328630150956636,0.328629012778624,41.15786,3,3,3,3
"251,501,751",0.3,3,82.1898828399428,NA,0.287473129853812,0.287477562483615,0,34.0990650129244,NA,0,34.0977161816784,0.287477562483615,NA,0,34.4688465211825,0.313567790604435,1,NA,0,0.287473129853812,0.287477562483615,34.09907,3,3,3,3
"251,501,751",0.3,3,-6.03253970859442,NA,0.295582420540912,0.295583075469001,0,-9.93701623856479,NA,0,-9.93720898730258,0.295583075469001,NA,0,-9.82114302656661,0.310146387981512,1,NA,0,0.295582420540912,0.295583075469001,-9.93702,3,3,3,3
"251,501,751",0.3,3,-45.98382892065,NA,0.295815614066142,0.295799265064552,0,-30.0127481977066,NA,0,-30.0075906580631,0.295799265064552,NA,0,-17.1492469309349,0.141524579101147,1,NA,0,0.295815614066142,0.295799265064552,-30.01275,3,3,3,3
"251,501,751",0.3,3,3.87363189478576,NA,0.329142444306247,0.329132109981994,0,-5.91307598152328,NA,0,-5.90917847461625,0.329132109981994,NA,0,-0.867465037089278,0.23347028237667,1,NA,0,0.329142444306247,0.329132109981994,-5.91308,3,3,3,3
"251,501,751",0.3,3,-38.3073057801466,NA,0.302444868457221,0.302452179291955,0,-26.1248640922079,NA,0,-26.1270596964447,0.302452179291955,NA,0,-25.6642414405877,0.273355119456154,1,NA,0,0.302444868457221,0.302452179291955,-26.12486,3,3,3,3
"251,501,751",0.3,3,-30.4962280807709,NA,0.273811511277223,0.273808595372864,0,-22.528578250712,NA,0,-22.527796279275,0.273808595372864,NA,0,-21.9479659466037,0.241047709578752,1,NA,0,0.273811511277223,0.273808595372864,-22.52858,3,3,3,3
"251,501,751",0.3,3,32.3569669337151,NA,0.265455864560813,0.26541637979167,0,7.99319308988892,NA,0,8.00454279091456,0.26541637979167,NA,0,28.8940700767018,0.463609855218128,1,NA,0,0.265455864560813,0.26541637979167,7.99319,3,3,3,3
"251,501,751",0.3,3,13.9139644087284,NA,0.292781595842885,0.292791478100135,0,-0.187500854207482,NA,0,-0.190707943332339,0.292791478100135,NA,0,1.83437084523573,0.353381980755839,1,NA,0,0.292781595842885,0.292791478100135,-0.1875,3,3,3,3
"251,501,751",0.3,3,-15.6235904737878,NA,0.274863570109943,0.274886438186232,0,-15.3495063857203,NA,0,-15.3561438282903,0.274886438186232,NA,0,-15.3021530402168,0.264530869750567,1,NA,0,0.274863570109943,0.274886438186232,-15.34951,3,3,3,3
"251,501,751",0.3,3,-3.91812360115761,NA,0.28591594725153,0.285915080865766,0,-9.03090671711053,NA,0,-9.03067344413112,0.285915080865766,NA,0,-7.83289511238921,0.332788521764541,1,NA,0,0.28591594725153,0.285915080865766,-9.03091,3,3,3,3
"251,501,751",0.3,3,19.2520636964197,NA,0.324641126611835,0.324639946518927,0,2.31669830354571,NA,0,2.3170929296664,0.324639946518927,NA,0,3.13601533873509,0.286230038210318,1,NA,0,0.324641126611835,0.324639946518927,2.3167,3,3,3,3
"251,501,751",0.3,3,56.2058093965477,NA,0.268637363752233,0.268623138300649,0,20.4273613462511,NA,0,20.4315634875886,0.268623138300649,NA,0,20.457133773471,0.275227865367247,1,NA,0,0.268637363752233,0.268623138300649,20.42736,3,3,3,3
"251,501,751",0.3,3,77.7438006151209,NA,0.328050697547394,0.328080077906381,0,31.2151304678418,NA,0,31.2040102348622,0.328080077906381,NA,0,32.3663914435589,0.281929258245811,1,NA,0,0.328050697547394,0.328080077906381,31.21513,3,3,3,3
"251,501,751",0.3,3,13.0555904421197,NA,0.332632381394232,0.332644199623765,0,-1.07149697713255,NA,0,-1.07604205667347,0.332644199623765,NA,0,-0.55292400100257,0.362975189492202,1,NA,0,0.332632381394232,0.332644199623765,-1.0715,3,3,3,3
"251,501,751",0.3,3,-45.5435141537457,NA,0.337366565652709,0.337362335893198,0,-30.4844338588059,NA,0,-30.4827884234385,0.337362335893198,NA,0,-14.7025696199135,0.16868571904107,1,NA,0,0.337366565652709,0.337362335893198,-30.48443,3,3,3,3
"251,501,751",0.3,3,-0.102939447071154,NA,0.266103828294762,0.266109258970794,0,-7.58621059968553,NA,0,-7.58761709657198,0.266109258970794,NA,0,-1.24832608731119,0.375012513743117,1,NA,0,0.266103828294762,0.266109258970794,-7.58621,3,3,3,3
"251,501,751",0.3,3,67.004259298978,NA,0.280375388871296,0.280388080568073,0,26.3590738724857,NA,0,26.3551341126381,0.280388080568073,NA,0,45.6966024419486,0.0897089126671917,1,NA,0,0.280375388871296,0.280388080568073,26.35907,3,3,3,3
"251,501,751",0.3,3,7.47469327123521,NA,0.333593915040545,0.3335941228637,0,-3.80494258623126,NA,0,-3.80504261035241,0.3335941228637,NA,0,-3.76476715161988,0.342054710955571,1,NA,0,0.333593915040545,0.3335941228637,-3.80494,3,3,3,3
"251,501,751",0.3,3,114.704474706767,NA,0.293553246349732,0.293555426780038,0,50.4224089128643,NA,0,50.4214208433531,0.293555426780038,NA,0,54.6005250605181,0.381147220308137,1,NA,0,0.293553246349732,0.293555426780038,50.42241,3,3,3,3
"251,501,751",0.3,3,66.464046282701,NA,0.327097660442484,0.327087149494234,0,25.1136608983813,NA,0,25.1177258344291,0.327087149494234,NA,0,31.9483549704333,0.215215018595077,1,NA,0,0.327097660442484,0.327087149494234,25.11366,3,3,3,3
"251,501,751",0.3,3,4.19786664569451,NA,0.298770188894946,0.298781464912348,0,-4.89854387825771,NA,0,-4.90228767011351,0.298781464912348,NA,0,-3.39902741343494,0.246277586610844,4,NA,0,0.298768248673015,0.298781464912348,-4.89856,3,3,3,3
"251,501,751",0.3,3,69.8235712087312,NA,0.291082407131457,0.291081808828722,0,27.959173800245,NA,0,27.9592335845476,0.291081808828722,NA,0,37.7402860506079,0.425608266182203,1,NA,0,0.291082407131457,0.291081808828722,27.95917,3,3,3,3
"251,501,751",0.3,3,64.5856236078523,NA,0.301226429983428,0.30119971610847,0,22.9561529424564,NA,0,22.9652633459541,0.30119971610847,NA,0,23.096994546315,0.313766054619646,1,NA,0,0.301226429983428,0.30119971610847,22.95615,3,3,3,3
"251,501,751",0.3,3,46.959428228094,NA,0.286409288175763,0.286480724096459,0,15.90570299344,NA,0,15.8834194565692,0.286480724096459,NA,0,17.1013485678856,0.238361757422539,1,NA,0,0.286409288175763,0.286480724096459,15.9057,3,3,3,3
"251,501,751",0.3,3,61.7219653747853,NA,0.323128953232648,0.323086345910884,0,23.4462586398293,NA,0,23.4602423717895,0.323086345910884,NA,0,23.6933644590688,0.343365204747937,1,NA,0,0.323128953232648,0.323086345910884,23.44626,3,3,3,3
"251,501,751",0.3,3,7.40658033546405,NA,0.335190743427625,0.335197224946336,0,-4.18956062728799,NA,0,-4.19239038300675,0.335197224946336,NA,0,-4.04714052335582,0.350728646037932,1,NA,0,0.335190743427625,0.335197224946336,-4.18956,3,3,3,3
"251,501,751",0.3,3,-44.8082948658151,NA,0.228357283583256,0.228339660541786,0,-32.3360866012744,NA,0,-32.3317981186236,0.228339660541786,NA,0,-32.0371137441285,0.204411529074803,1,NA,0,0.228357283583256,0.228339660541786,-32.33609,3,3,3,3
"251,501,751",0.3,3,62.4736824359417,NA,0.306938411495848,0.30697789997633,0,23.8792745912111,NA,0,23.8662234917985,0.30697789997633,NA,0,23.8728434340346,0.302853277710168,1,NA,0,0.306938411495848,0.30697789997633,23.87927,3,3,3,3
"251,501,751",0.3,3,44.7368270364954,NA,0.324821392593077,0.324842033818984,0,15.0368184446715,NA,0,15.0288438984991,0.324842033818984,NA,0,15.0858110764142,0.334762634059297,1,NA,0,0.324821392593077,0.324842033818984,15.03682,3,3,3,3
"251,501,751",0.3,3,47.6283811745261,NA,0.245967078241644,0.245975649322693,0,15.3263534104248,NA,0,15.3241351262179,0.245975649322693,NA,0,26.8785118369313,0.394127174032186,1,NA,0,0.245967078241644,0.245975649322693,15.32635,3,3,3,3
"251,501,751",0.3,3,12.4411842571029,NA,0.276003060614135,0.275960160842615,0,-1.21348306770159,NA,0,-1.20166992083032,0.275960160842615,NA,0,3.72824245249727,0.371588789882934,1,NA,0,0.276003060614135,0.275960160842615,-1.21348,3,3,3,3
"251,501,751",0.3,3,76.7606823327826,NA,0.35284998989737,0.352851642738266,0,29.8652909690202,NA,0,29.8646259995532,0.352851642738266,NA,0,40.036630535999,0.486999640762575,1,NA,0,0.35284998989737,0.352851642738266,29.86529,3,3,3,3
"251,501,751",0.3,3,27.9298924340418,NA,0.268106615995495,0.268073150097128,0,4.23613093525533,NA,0,4.24610927290616,0.268073150097128,NA,0,4.26542395621487,0.271915208748879,1,NA,0,0.268106615995495,0.268073150097128,4.23613,3,3,3,3
"251,501,751",0.3,3,0.479981018456122,NA,0.238956146483487,0.238940968973861,0,-8.85925897180601,NA,0,-8.85594159403049,0.238940968973861,NA,0,-2.22400198739652,0.12633596485826,1,NA,0,0.238956146483487,0.238940968973861,-8.85926,3,3,3,3
"251,501,751",0.3,3,50.2574180154177,NA,0.296669218224757,0.296671651245599,0,18.1982187798156,NA,0,18.197451813014,0.296671651245599,NA,0,36.653701742534,0.11141226467998,1,NA,0,0.296669218224757,0.296671651245599,18.19822,3,3,3,3
"251,501,751",0.3,3,-13.9831220910456,NA,0.293757049086139,0.29375685627873,0,-13.929801000724,NA,0,-13.9299583481529,0.29375685627873,NA,0,-12.3039389423701,0.348402497678994,1,NA,0,0.293757049086139,0.29375685627873,-13.9298,3,3,3,3
"251,501,751",0.3,3,-15.9445981184758,NA,0.324404586115124,0.324332227188939,0,-16.2147959550263,NA,0,-16.1892820203217,0.324332227188939,NA,0,-6.00803226019014,0.458608033196867,1,NA,0,0.324404586115124,0.324332227188939,-16.2148,3,3,3,3
"251,501,751",0.3,3,-43.6326137890309,NA,0.301057363105851,0.301057050991105,0,-28.7291518851587,NA,0,-28.7290584900104,0.301057050991105,NA,0,-27.6997695793981,0.257762595441531,1,NA,0,0.301057363105851,0.301057050991105,-28.72915,3,3,3,3
"251,501,751",0.3,3,100.33958100032,NA,0.287028763578781,0.287007616246237,0,41.2695810742656,NA,0,41.2765282335297,0.287007616246237,NA,0,41.4581860282133,0.302901147067849,1,NA,0,0.287028763578781,0.287007616246237,41.26958,3,3,3,3
"251,501,751",0.3,3,-60.6422264776785,NA,0.272929950639416,0.272860079571685,0,-38.5658464215487,NA,0,-38.5450543516302,0.272860079571685,NA,0,-37.1764445033639,0.322075873722254,1,NA,0,0.272929950639416,0.272860079571685,-38.56585,3,3,3,3
"251,501,751",0.3,3,-13.7566539133971,NA,0.338971917234994,0.339020665958826,0,-14.785064436039,NA,0,-14.803260885179,0.339020665958826,NA,0,15.9862974773152,0.57582012796292,1,NA,0,0.338971917234994,0.339020665958826,-14.78506,3,3,3,3
"251,501,751",0.3,3,10.9745261382492,NA,0.333039952272043,0.333059831307928,0,-2.34686383865299,NA,0,-2.35412501383881,0.333059831307928,NA,0,-0.105180420867983,0.395867565978351,1,NA,0,0.333039952272043,0.333059831307928,-2.34686,3,3,3,3
"251,501,751",0.3,3,29.5314142079043,NA,0.348227123163243,0.348227427209179,0,6.53642765596951,NA,0,6.53621830052467,0.348227427209179,NA,0,11.233480002467,0.257134233616987,1,NA,0,0.348227123163243,0.348227427209179,6.53643,3,3,3,3
"251,501,751",0.3,3,50.2705498930078,NA,0.293094408442065,0.29311666967701,0,18.0563917686892,NA,0,18.0490402313023,0.29311666967701,NA,0,22.7252509637748,0.385548681653987,1,NA,0,0.293094408442065,0.29311666967701,18.05639,3,3,3,3
"251,501,751",0.3,3,-85.2952310768341,NA,0.284668647999559,0.284610761207005,0,-50.5186440292132,NA,0,-50.501202169671,0.284610761207005,NA,0,-40.9424907512968,0.150604939712105,1,NA,0,0.284668647999559,0.284610761207005,-50.51864,3,3,3,3
"251,501,751",0.3,3,75.4811814990142,NA,0.328570488557198,0.328440395368745,0,28.1869788256538,NA,0,28.2352292968771,0.328440395368745,NA,0,30.1200568092644,0.267305164690202,1,NA,0,0.328570488557198,0.328440395368745,28.18698,3,3,3,3
"251,501,751",0.3,3,-24.3235621165137,NA,0.278613983541459,0.278621643085319,0,-19.5023378173797,NA,0,-19.5048252495986,0.278621643085319,NA,0,-19.1417410744906,0.252449096944103,1,NA,0,0.278613983541459,0.278621643085319,-19.50234,3,3,3,3
"251,501,751",0.3,3,33.1434011312416,NA,0.349352395207342,0.349397203869095,0,7.20645768727831,NA,0,7.1891668375117,0.349397203869095,NA,0,8.60782545349378,0.397441165777793,1,NA,0,0.349352395207342,0.349397203869095,7.20646,3,3,3,3
"251,501,751",0.3,3,52.1290549328388,NA,0.292811999799049,0.292816561461989,0,18.820533260628,NA,0,18.819131537017,0.292816561461989,NA,0,19.2269713697207,0.319728250995525,1,NA,0,0.292811999799049,0.292816561461989,18.82053,3,3,3,3
"251,501,751",0.3,3,46.2578735680002,NA,0.296055992023372,0.296066646230865,0,14.7152996532881,NA,0,14.7121695120697,0.296066646230865,NA,0,15.4402685932242,0.257607343524132,1,NA,0,0.296055992023372,0.296066646230865,14.7153,3,3,3,3
"251,501,751",0.3,3,69.1789807572729,NA,0.296562262553169,0.296527258100964,0,27.4157639868147,NA,0,27.4266380960164,0.296527258100964,NA,0,27.8964536120608,0.266976631004465,1,NA,0,0.296562262553169,0.296527258100964,27.41576,3,3,3,3
"251,501,751",0.3,3,3.36220236721119,NA,0.311530812359755,0.311552959151943,0,-5.38096443461158,NA,0,-5.38850008737117,0.311552959151943,NA,0,-5.36482891201876,0.317948245284699,1,NA,0,0.311530812359755,0.311552959151943,-5.38096,3,3,3,3
"251,501,751",0.3,3,101.263000446248,NA,0.331752901651621,0.331873618826278,0,41.8221956733896,NA,0,41.7780000076804,0.331873618826278,NA,0,46.1330484342114,0.241611984872896,1,NA,0,0.331752901651621,0.331873618826278,41.8222,3,3,3,3
"251,501,751",0.3,3,-12.9083756950408,NA,0.320843486595765,0.320819925418076,0,-13.7833425175577,NA,0,-13.7752614368434,0.320819925418076,NA,0,-12.8900497768101,0.280741989851471,1,NA,0,0.320843486595765,0.320819925418076,-13.78334,3,3,3,3
"251,501,751",0.3,3,27.7965576865918,NA,0.273288834799377,0.273295197854954,0,6.58293071879511,NA,0,6.58107255469517,0.273295197854954,NA,0,6.61748156966843,0.265052040267073,1,NA,0,0.273288834799377,0.273295197854954,6.58293,3,3,3,3
"251,501,751",0.3,3,48.8622557345983,NA,0.266663440151725,0.266659281678833,0,16.3952773678606,NA,0,16.3965596564176,0.266659281678833,NA,0,16.4600937988894,0.255154678058092,1,NA,0,0.266663440151725,0.266659281678833,16.39528,3,3,3,3
"251,501,751",0.3,3,56.5242069008706,NA,0.264840549677035,0.264812008638414,0,17.9849738243161,NA,0,17.9933004217212,0.264812008638414,NA,0,18.5413890166792,0.229865799362592,1,NA,0,0.264840549677035,0.264812008638414,17.98497,3,3,3,3
"251,501,751",0.3,3,-2.30724132952725,NA,0.290608640923281,0.290545012709018,0,-9.30573943484406,NA,0,-9.28608515016654,0.290545012709018,NA,0,-9.04641078069234,0.268201056174079,1,NA,0,0.290608640923281,0.290545012709018,-9.30574,3,3,3,3
"251,501,751",0.3,3,6.61575155139226,NA,0.240228164718223,0.240254330012644,0,-5.93101425813069,NA,0,-5.93752121837134,0.240254330012644,NA,0,16.2850117282329,0.446625433277048,1,NA,0,0.240228164718223,0.240254330012644,-5.93101,3,3,3,3
"251,501,751",0.3,3,65.4186767333367,NA,0.316644577896903,0.316689867463029,0,25.3528573233334,NA,0,25.3374940014704,0.316689867463029,NA,0,32.3684320139805,0.203270725106798,1,NA,0,0.316644577896903,0.316689867463029,25.35286,3,3,3,3
"251,501,751",0.3,3,11.83003552548,NA,0.281779126591961,0.281813359071135,0,-1.46849376444398,NA,0,-1.47870793936313,0.281813359071135,NA,0,9.1002385113036,0.141147152520523,1,NA,0,0.281779126591961,0.281813359071135,-1.46849,3,3,3,3
"251,501,751",0.3,3,87.3785512947652,NA,0.305776910197146,0.305780675799676,0,36.7336654236975,NA,0,36.7324176090812,0.305780675799676,NA,0,37.0386743551547,0.282169913007731,1,NA,0,0.305776910197146,0.305780675799676,36.73367,3,3,3,3
"251,501,751",0.3,3,-38.6340519236951,NA,0.31545302694703,0.315452962359601,0,-26.5146091050325,NA,0,-26.5143963333751,0.315452962359601,NA,0,-26.494300352494,0.309216518680919,1,NA,0,0.31545302694703,0.315452962359601,-26.51461,3,3,3,3
"251,501,751",0.3,3,42.4239611601504,NA,0.269600328035034,0.269592780266152,0,13.5640845357226,NA,0,13.5663129444576,0.269592780266152,NA,0,24.283910620532,0.127551538268201,1,NA,0,0.269600328035034,0.269592780266152,13.56408,3,3,3,3
"251,501,751",0.3,3,-16.1030595998104,NA,0.272638890337679,0.272614414617309,0,-15.6019371662098,NA,0,-15.5945633751988,0.272614414617309,NA,0,-15.3944403631506,0.291579259584108,1,NA,0,0.272638890337679,0.272614414617309,-15.60194,3,3,3,3
"251,501,751",0.3,3,29.7497185947624,NA,0.298703937499496,0.298696310600747,0,7.7075889865492,NA,0,7.71015786122521,0.298696310600747,NA,0,7.80482946636059,0.285213147957515,1,NA,0,0.298703937499496,0.298696310600747,7.70759,3,3,3,3
"251,501,751",0.3,3,18.0119810605105,NA,0.338865023509458,0.338795881409397,0,0.325829451856359,NA,0,0.35254988813332,0.338795881409397,NA,0,2.00873275627529,0.283301352006977,1,NA,0,0.338865023509458,0.338795881409397,0.32583,3,3,3,3
"251,501,751",0.3,3,5.92355621839811,NA,0.300616153124514,0.300613953925018,0,-3.9492788389352,NA,0,-3.94887464443419,0.300613953925018,NA,0,8.40792872768897,0.451563262060999,1,NA,0,0.300616153124514,0.300613953925018,-3.94928,3,3,3,3
"251,501,751",0.3,3,26.9287728765811,NA,0.25988185285614,0.259872008383554,0,5.57408585804333,NA,0,5.5768894104676,0.259872008383554,NA,0,9.30283487683743,0.343256710414875,1,NA,0,0.25988185285614,0.259872008383554,5.57409,3,3,3,3
"251,501,751",0.3,3,-7.56322478725227,NA,0.327433279153326,0.327426360306479,0,-11.1485880725991,NA,0,-11.1462462321563,0.327426360306479,NA,0,-2.08617312207513,0.199592615015825,1,NA,0,0.327433279153326,0.327426360306479,-11.14859,3,3,3,3
"251,501,751",0.3,3,67.860931598139,NA,0.30786306986497,0.3078031354776,0,26.3151169702237,NA,0,26.3355072428292,0.3078031354776,NA,0,38.5115894069175,0.156895812617357,1,NA,0,0.30786306986497,0.3078031354776,26.31512,3,3,3,3
"251,501,751",0.3,3,37.805812376503,NA,0.290636529544443,0.290757358812776,0,11.3931057720896,NA,0,11.3542095522055,0.290757358812776,NA,0,12.0451566581323,0.254234012805261,1,NA,0,0.290636529544443,0.290757358812776,11.39311,3,3,3,3
"251,501,751",0.3,3,1.54996944502426,NA,0.309962638781098,0.309946129850632,0,-6.23009184368993,NA,0,-6.22518022159085,0.309946129850632,NA,0,2.89729912903029,0.18080899936893,1,NA,0,0.309962638781098,0.309946129850632,-6.23009,3,3,3,3
"251,501,751",0.3,3,96.7475648513388,NA,0.228765405751543,0.228728799091272,0,37.9120197892405,NA,0,37.9203562481348,0.228728799091272,NA,0,38.5703786631537,0.263110008922755,1,NA,0,0.228765405751543,0.228728799091272,37.91202,3,3,3,3
"251,501,751",0.3,3,27.3193914702038,NA,0.315000249279514,0.314945920418878,0,6.53290729274453,NA,0,6.55264442000667,0.314945920418878,NA,0,7.64037639352589,0.27057248159917,1,NA,0,0.315000249279514,0.314945920418878,6.53291,3,3,3,3
"251,501,751",0.3,3,20.810956999145,NA,0.308601890462916,0.308600759978307,0,3.4303086288018,NA,0,3.43043802950249,0.308600759978307,NA,0,10.5099532033524,0.194797691778762,1,NA,0,0.308601890462916,0.308600759978307,3.43031,3,3,3,3
"251,501,751",0.3,3,48.0436861840774,NA,0.278736919457907,0.278725252916509,0,16.7716234133772,NA,0,16.7752056179611,0.278725252916509,NA,0,21.7001568523922,0.183080658025998,1,NA,0,0.278736919457907,0.278725252916509,16.77162,3,3,3,3
"251,501,751",0.3,3,136.878842170864,NA,0.326712788209704,0.326723966624173,0,61.1070565965173,NA,0,61.1032809172586,0.326723966624173,NA,0,68.0142252060903,0.215098630153031,1,NA,0,0.326712788209704,0.326723966624173,61.10706,3,3,3,3
"251,501,751",0.3,3,22.9204944089788,NA,0.288902612387474,0.28889029603799,0,4.42031650929045,NA,0,4.42346257195909,0.28889029603799,NA,0,13.0441616035524,0.41531951047139,1,NA,0,0.288902612387474,0.28889029603799,4.42032,3,3,3,3
"251,501,751",0.3,3,45.8368832305184,NA,0.229656541409015,0.229636578122799,0,12.7313272882999,NA,0,12.7360141123257,0.229636578122799,NA,0,27.9436428999284,0.399993770442969,1,NA,0,0.229656541409015,0.229636578122799,12.73133,3,3,3,3
"251,501,751",0.3,3,-23.2966221276663,NA,0.266764024913504,0.266818108392611,0,-20.3180118853364,NA,0,-20.3333226099789,0.266818108392611,NA,0,-7.60110620043678,0.110930837052452,1,NA,0,0.266764024913504,0.266818108392611,-20.31801,3,3,3,3
"251,501,751",0.3,3,-24.99541023009,NA,0.32156616529883,0.32156093054036,0,-19.8527629081709,NA,0,-19.8510343735212,0.32156093054036,NA,0,-17.1268729818764,0.251316654400671,1,NA,0,0.32156616529883,0.32156093054036,-19.85276,3,3,3,3
"251,501,751",0.3,3,24.2535081638761,NA,0.330794968442724,0.33075484422429,0,4.12471186862061,NA,0,4.13926298493557,0.33075484422429,NA,0,41.1855005413275,0.0684247636814472,1,NA,0,0.330794968442724,0.33075484422429,4.12471,3,3,3,3
"251,501,751",0.3,3,-23.7817239340903,NA,0.342104565174485,0.342143304699244,0,-20.7105242351848,"940",1,-19.1934742014615,0.325923377607908,"940",1,-14.4620733152164,0.224669519489015,1,NA,0,0.342104565174485,0.342143304699244,-20.71052,3,2.189,2.189,3
"251,501,751",0.3,3,-17.9046114450398,NA,0.340039521562108,0.340006126936627,0,-16.9680970307907,NA,0,-16.955001862812,0.340006126936627,NA,0,-16.8401295723444,0.325453303858971,1,NA,0,0.340039521562108,0.340006126936627,-16.9681,3,3,3,3
"251,501,751",0.3,3,-6.08478321756809,NA,0.337824236805239,0.337800747941305,0,-12.2843815183512,NA,0,-12.2751602281811,0.337800747941305,NA,0,-11.7841573268341,0.305701450447462,1,NA,0,0.337824236805239,0.337800747941305,-12.28438,3,3,3,3
"251,501,751",0.3,3,74.9471942963658,NA,0.275312860831762,0.275351434978963,0,27.921716032559,NA,0,27.9105892486898,0.275351434978963,NA,0,29.6886668368779,0.215145646679574,1,NA,0,0.275312860831762,0.275351434978963,27.92172,3,3,3,3
"251,501,751",0.3,3,65.923441314974,NA,0.313405131869813,0.313404918879666,0,25.9548225494138,NA,0,25.9542640817728,0.313404918879666,NA,0,31.8468397131633,0.209767937669925,1,NA,0,0.313405131869813,0.313404918879666,25.95482,3,3,3,3
"251,501,751",0.3,3,58.2940266716645,NA,0.258177885926289,0.258174956025862,0,19.6576639693843,NA,0,19.658707578273,0.258174956025862,NA,0,21.4316028398613,0.198836852962981,1,NA,0,0.258177885926289,0.258174956025862,19.65766,3,3,3,3
"251,501,751",0.3,3,61.702626036107,NA,0.313429768122601,0.313403370338014,0,23.6729141539898,NA,0,23.6813329315761,0.313403370338014,NA,0,33.9838448092269,0.176090140965583,1,NA,0,0.313429768122601,0.313403370338014,23.67291,3,3,3,3
"251,501,751",0.3,3,-4.20226553539904,NA,0.263632103435561,0.263631468871683,0,-9.72826069150929,NA,0,-9.72809439678629,0.263631468871683,NA,0,-5.30115153048641,0.172632836976246,1,NA,0,0.263632103435561,0.263631468871683,-9.72826,3,3,3,3
"251,501,751",0.3,3,150.513333244471,NA,0.314939342256635,0.314856708831623,0,65.6628348222091,NA,0,65.691738252988,0.314856708831623,NA,0,67.098368287031,0.261120530369104,1,NA,0,0.314939342256635,0.314856708831623,65.66283,3,3,3,3
"251,501,751",0.3,3,74.1945224837189,NA,0.25471099483644,0.254730103981016,0,28.7398144222629,NA,0,28.7346999321339,0.254730103981016,NA,0,55.5344964078751,0.0275611817175583,1,NA,0,0.25471099483644,0.254730103981016,28.73981,3,3,3,3
"251,501,751",0.3,3,98.5445836075917,NA,0.32638505026883,0.326437744939505,0,41.830048691843,NA,0,41.8100033045575,0.326437744939505,NA,0,46.5282978584973,0.234023545766842,1,NA,0,0.32638505026883,0.326437744939505,41.83005,3,3,3,3
"251,501,751",0.3,3,67.6404270894946,NA,0.29131039449106,0.291326649320086,0,25.8574483501279,"",0,25.8525123182056,0.291326649320086,NA,0,27.8947255102914,0.351140572536126,1,NA,0,0.29131039449106,0.291326649320086,25.85745,3,3,3,3
"251,501,751",0.3,3,10.6795018982799,NA,0.277470086764577,0.277349270795669,0,-4.11308571405208,"",0,-4.07677919546773,0.277349270795669,NA,0,0.727779625215238,0.180717467325123,1,NA,0,0.277470086764577,0.277349270795669,-4.11309,3,3,3,3
"251,501,751",0.3,3,100.114731965821,NA,0.28138271406477,0.281381736505649,0,42.7708737080084,"",0,42.7711914341405,0.281381736505649,NA,0,67.0508391307912,0.495139966022172,1,NA,0,0.28138271406477,0.281381736505649,42.77087,3,3,3,3
"251,501,751",0.3,3,-16.4996316591452,NA,0.290540128416656,0.290556711030914,0,-15.312312198109,"",0,-15.317386555784,0.290556711030914,NA,0,-2.14410394122562,0.134015013265853,1,NA,0,0.290540128416656,0.290556711030914,-15.31231,3,3,3,3
"251,501,751",0.3,3,33.5493377055924,NA,0.275831246443663,0.275830141364959,0,9.45210191780918,"",0,9.45244323441115,0.275830141364959,NA,0,9.45264427417127,0.27632473052339,1,NA,0,0.275831246443663,0.275830141364959,9.4521,3,3,3,3
"251,501,751",0.3,3,95.8251266985549,NA,0.31568300097204,0.315706639380593,0,40.6772815693388,"881,912",2,47.3172900156427,0.296946006120209,NA,0,51.8215249740456,0.172730794896839,1,NA,0,0.31568300097204,0.315706639380593,40.67728,3,1.291,3,3
"251,501,751",0.3,3,18.5565942913569,NA,0.28021441184826,0.280184432582325,0,1.93296505267671,"",0,1.94212052032652,0.280184432582325,NA,0,15.7439684244496,0.119419099494527,1,NA,0,0.28021441184826,0.280184432582325,1.93297,3,3,3,3
"251,501,751",0.3,3,-12.0685816597523,NA,0.264042921992788,0.26403115918421,0,-15.2707091759734,"",0,-15.2671747354346,0.26403115918421,NA,0,24.3345158690506,0.538230252950298,1,NA,0,0.264042921992788,0.26403115918421,-15.27071,3,3,3,3
"251,501,751",0.3,3,72.2473973597813,NA,0.264763434317102,0.264745276101131,0,28.2232252985798,"",0,28.2284915497984,0.264745276101131,NA,0,34.3584068389969,0.371416213310745,1,NA,0,0.264763434317102,0.264745276101131,28.22323,3,3,3,3
"251,501,751",0.3,3,96.6624518031296,NA,0.332604285576671,0.33260077653546,0,40.8113074583329,"",0,40.8123872542497,0.33260077653546,NA,0,41.6386132224261,0.37095676259818,1,NA,0,0.332604285576671,0.33260077653546,40.81131,3,3,3,3
"251,501,751",0.3,3,-40.1429832172219,NA,0.292681121485763,0.292737234369116,0,-27.8313540947864,"",0,-27.8489899257538,0.292737234369116,NA,0,-12.5045258693963,0.123061570061997,1,NA,0,0.292681121485763,0.292737234369116,-27.83135,3,3,3,3
"251,501,751",0.3,3,65.1622982775422,NA,0.214339463801461,0.214346878760834,0,21.7478567784334,"",0,21.7462056761111,0.214346878760834,NA,0,24.2920610505625,0.284023655241393,1,NA,0,0.214339463801461,0.214346878760834,21.74786,3,3,3,3
"251,501,751",0.3,3,-12.948404055633,NA,0.288147714099223,0.288139943794311,0,-13.4741470956097,"",0,-13.4716477763725,0.288139943794311,NA,0,-13.3946223049344,0.300014898307627,1,NA,0,0.288147714099223,0.288139943794311,-13.47415,3,3,3,3
"251,501,751",0.3,3,20.304000179642,NA,0.297331991500147,0.297287684065031,0,2.43004267074209,"",0,2.44420976869458,0.297287684065031,NA,0,2.6279659741074,0.314639567971937,1,NA,0,0.297331991500147,0.297287684065031,2.43004,3,3,3,3
"251,501,751",0.3,3,12.3573991388499,NA,0.241810046189116,0.241756313636162,0,-2.99985150380329,"",0,-2.9857906085244,0.241756313636162,NA,0,-0.00315931637528077,0.316307132044885,1,NA,0,0.241810046189116,0.241756313636162,-2.99985,3,3,3,3
"251,501,751",0.3,3,129.605134429752,NA,0.355505573420248,0.355527375370591,0,56.0777668827006,"",0,56.0692070071871,0.355527375370591,NA,0,56.2972463398978,0.335441430381605,1,NA,0,0.355505573420248,0.355527375370591,56.07777,3,3,3,3
"251,501,751",0.3,3,29.0295174366245,NA,0.330450402545603,0.330461059855939,0,7.0616225351524,"",0,7.0576626717884,0.330461059855939,NA,0,8.05965961465771,0.372674506396604,1,NA,0,0.330450402545603,0.330461059855939,7.06162,3,3,3,3
"251,501,751",0.3,3,23.3173199821491,NA,0.304029581158349,0.304049958412731,0,4.27463164623465,"",0,4.26797967954032,0.304049958412731,NA,0,32.2834509239583,0.0748853975935275,1,NA,0,0.304029581158349,0.304049958412731,4.27463,3,3,3,3
"251,501,751",0.3,3,77.4081309250361,NA,0.279831902562423,0.27984496345491,0,31.2768248942286,"",0,31.2729530400359,0.27984496345491,NA,0,33.0863393064301,0.221626598798884,1,NA,0,0.279831902562423,0.27984496345491,31.27682,3,3,3,3
"251,501,751",0.3,3,-9.91768259559261,NA,0.251135240251103,0.251118203466362,0,-14.3965480389498,"",0,-14.391824454448,0.251118203466362,NA,0,-10.2907926620387,0.337386063609243,1,NA,0,0.251135240251103,0.251118203466362,-14.39655,3,3,3,3
"251,501,751",0.3,3,1.89725689141879,NA,0.276140319518981,0.276092161587804,0,-6.70059163171839,"",0,-6.68691067007243,0.276092161587804,NA,0,-6.43531950680923,0.254105162999714,1,NA,0,0.276140319518981,0.276092161587804,-6.70059,3,3,3,3
"251,501,751",0.3,3,60.2577324125334,NA,0.303244504825728,0.303160601268978,0,22.1256504209606,"",0,22.1532713372003,0.303160601268978,NA,0,28.2331155278787,0.196614295141372,1,NA,0,0.303244504825728,0.303160601268978,22.12565,3,3,3,3
"251,501,751",0.3,3,3.4328188936029,NA,0.23436830194709,0.234409144520181,0,-8.29071214417153,"",0,-8.30092366730316,0.234409144520181,NA,0,-5.83135918033934,0.301795671753846,1,NA,0,0.23436830194709,0.234409144520181,-8.29071,3,3,3,3
"251,501,751",0.3,3,34.1268999278875,NA,0.308261309816963,0.308328609018787,0,9.21556424663924,"",0,9.19316594020995,0.308328609018787,NA,0,10.467515607874,0.259007786014458,1,NA,0,0.308261309816963,0.308328609018787,9.21556,3,3,3,3
"251,501,751",0.3,3,-44.572792564062,NA,0.276710833139803,0.276715349947513,0,-29.527550037065,"",0,-29.5288622495506,0.276715349947513,NA,0,-18.5800161459694,0.419690405930524,1,NA,0,0.276710833139803,0.276715349947513,-29.52755,3,3,3,3
"251,501,751",0.3,3,102.761490552224,NA,0.317413735156618,0.317188928924219,0,42.2376719346376,"",0,42.3160670024877,0.317188928924219,NA,0,42.9195321457074,0.34752668821291,1,NA,0,0.317413735156618,0.317188928924219,42.23767,3,3,3,3
"251,501,751",0.3,3,8.78102811637058,NA,0.311456784953185,0.311434660374674,0,-3.41757737478711,"",0,-3.4098880532574,0.311434660374674,NA,0,-3.26907586552538,0.326287739045857,1,NA,0,0.311456784953185,0.311434660374674,-3.41758,3,3,3,3
"251,501,751",0.3,3,30.217539643693,NA,0.346427748149268,0.346384744319967,0,6.64495186465732,"198,219",2,12.8064092284713,0.324891504956015,NA,0,9.57771107486562,0.274007596334941,1,NA,0,0.346427748149268,0.346384744319967,6.64495,3,1.085,3,3
"251,501,751",0.3,3,20.7943949953936,NA,0.316861409498297,0.316857718711653,0,2.9417725048444,"",0,2.94316864917443,0.316857718711653,NA,0,3.01288811589757,0.305089880341714,1,NA,0,0.316861409498297,0.316857718711653,2.94177,3,3,3,3
"251,501,751",0.3,3,-24.2225423274621,NA,0.292407749108761,0.292417769419345,0,-19.0979640723061,"",0,-19.101152269733,0.292417769419345,NA,0,-17.6690349637022,0.343552026647076,1,NA,0,0.292407749108761,0.292417769419345,-19.09796,3,3,3,3
"251,501,751",0.3,3,93.656643779481,NA,0.307293945131594,0.307301984639076,0,39.8879126816014,"",0,39.8853473157527,0.307301984639076,NA,0,48.7651890034255,0.179899558319461,1,NA,0,0.307293945131594,0.307301984639076,39.88791,3,3,3,3
"251,501,751",0.3,3,42.6288089260867,NA,0.295745914839076,0.295745312480463,0,14.2853253373086,"",0,14.2855321777417,0.295745312480463,NA,0,23.7552941882695,0.427658769437746,1,NA,0,0.295745914839076,0.295745312480463,14.28533,3,3,3,3
"251,501,751",0.3,3,112.623570363914,NA,0.390244125244394,0.390192564836018,0,43.6802172071743,"",0,43.7037913627891,0.390192564836018,NA,0,54.0943711004175,0.52174333199052,1,NA,0,0.390244125244394,0.390192564836018,43.68022,3,3,3,3
"251,501,751",0.3,3,-17.7224294253638,NA,0.298069600726796,0.298104167370865,0,-16.0004507692849,"",0,-16.0120468115726,0.298104167370865,NA,0,-13.0808240158776,0.224524165636897,1,NA,0,0.298069600726796,0.298104167370865,-16.00045,3,3,3,3
"251,501,751",0.3,3,36.1878168951042,NA,0.32010590808773,0.320108411508379,0,10.9604530041769,"",0,10.9595622910557,0.320108411508379,NA,0,11.0221888071975,0.330706850730513,1,NA,0,0.32010590808773,0.320108411508379,10.96045,3,3,3,3
"251,501,751",0.3,3,60.8628298018989,NA,0.279066563236814,0.279064346550597,0,22.9891615641399,"",0,22.9897365072432,0.279064346550597,NA,0,25.6239936480936,0.348546974477549,1,NA,0,0.279066563236814,0.279064346550597,22.98916,3,3,3,3
"251,501,751",0.3,3,58.3141444220767,NA,0.33136524386452,0.331369674489074,0,21.6055829337689,"",0,21.6039531209357,0.331369674489074,NA,0,22.0584318248434,0.359695351063991,1,NA,0,0.33136524386452,0.331369674489074,21.60558,3,3,3,3
"251,501,751",0.3,3,68.5978445788021,NA,0.29376258237195,0.293752963418388,0,27.3647943325681,"",0,27.3678582268274,0.293752963418388,NA,0,28.6476914355916,0.245368300211027,1,NA,0,0.29376258237195,0.293752963418388,27.36479,3,3,3,3
"251,501,751",0.3,3,10.2020896245102,NA,0.267194664687063,0.267180533678168,0,-2.54933181082356,"",0,-2.54518713067042,0.267180533678168,NA,0,6.99280491387386,0.400767709914023,1,NA,0,0.267194664687063,0.267180533678168,-2.54933,3,3,3,3
"251,501,751",0.3,3,51.1887519384276,NA,0.311405375584551,0.311318003711106,0,17.8253886142399,"",0,17.8554389999413,0.311318003711106,NA,0,25.7603495040009,0.190557180081084,1,NA,0,0.311405375584551,0.311318003711106,17.82539,3,3,3,3
"251,501,751",0.3,3,74.9968042207644,NA,0.277900505648043,0.277908033604245,0,30.2918724481259,NA,0,30.2897109796549,0.277908033604245,"",0,30.5830458842331,0.254587079852978,1,NA,0,0.277900505648043,0.277908033604245,30.29187,3,3,3,3
"251,501,751",0.3,3,60.8949492191202,NA,0.355092788168086,0.355120565272238,0,21.6053626676005,NA,0,21.5935598426278,0.355120565272238,"",0,22.6110290160777,0.396877100885994,1,NA,0,0.355092788168086,0.355120565272238,21.60536,3,3,3,3
"251,501,751",0.3,3,73.5456681262684,NA,0.307273032923499,0.307314899052492,0,29.1144312747522,NA,0,29.1005254934316,0.307314899052492,"439,448",2,43.2942237367016,0.106277755120001,1,NA,0,0.307273032923499,0.307314899052492,29.11443,3,3,1.115,3
"251,501,751",0.3,3,-7.6931683804141,NA,0.334511000481677,0.33451559317071,0,-11.4871627555522,NA,0,-11.4889853155465,0.33451559317071,"",0,-11.3313067626937,0.351132960343918,1,NA,0,0.334511000481677,0.33451559317071,-11.48716,3,3,3,3
"251,501,751",0.3,3,95.1646092989563,NA,0.294264378731421,0.294305541909543,0,40.5175121216924,NA,0,40.5038596392444,0.294305541909543,"",0,41.7862949427854,0.245604382481554,1,NA,0,0.294264378731421,0.294305541909543,40.51751,3,3,3,3
"251,501,751",0.3,3,-28.2209490753672,NA,0.346191911991734,0.346192932544295,0,-22.2282649227665,"628",1,-22.0272309703258,0.324811304297944,"",0,-22.0004306568927,0.326132500504094,1,NA,0,0.346191911991734,0.346192932544295,-22.22826,3,2.123,3,3
"251,501,751",0.3,3,13.6631943845213,NA,0.283513983437392,0.283525465744531,0,-0.264572510573502,NA,0,-0.268007876652173,0.283525465744531,"",0,1.66574828618796,0.223767379541759,1,NA,0,0.283513983437392,0.283525465744531,-0.26457,3,3,3,3
"251,501,751",0.3,3,-21.9628497791223,NA,0.332338646594645,0.332352662692937,0,-18.6302210325726,NA,0,-18.6359810575041,0.332352662692937,"",0,-18.6120288210745,0.325488754493728,1,NA,0,0.332338646594645,0.332352662692937,-18.63022,3,3,3,3
"251,501,751",0.3,3,4.15942412827069,NA,0.292444499001761,0.292443604590922,0,-4.88430826717471,NA,0,-4.88401806326234,0.292443604590922,"",0,-1.11697434601854,0.209255186518532,1,NA,0,0.292444499001761,0.292443604590922,-4.88431,3,3,3,3
"251,501,751",0.3,3,8.02456605149578,NA,0.323364453047116,0.323351667847898,0,-3.36103887166858,NA,0,-3.35636250949704,0.323351667847898,"",0,8.62877678284151,0.175637346479833,1,NA,0,0.323364453047116,0.323351667847898,-3.36104,3,3,3,3
"251,501,751",0.3,3,2.58402950721501,NA,0.324271816084055,0.324278130937722,0,-5.97014519710188,NA,0,-5.97259310355822,0.324278130937722,"",0,-5.5063967465863,0.295324133875229,1,NA,0,0.324271816084055,0.324278130937722,-5.97015,3,3,3,3
"251,501,751",0.3,3,18.5596340486147,NA,0.301776979744543,0.301637828393446,0,0.649269602450848,NA,0,0.694619008580733,0.301637828393446,"",0,2.33943269341265,0.354217343560192,1,NA,0,0.301776979744543,0.301637828393446,0.64927,3,3,3,3
"251,501,751",0.3,3,121.786333529834,NA,0.314242683046614,0.314299013745171,0,53.4347896613575,"957",1,53.5453896380215,0.295700670162397,"957",1,61.0554555334349,0.171349062473144,1,NA,0,0.314242683046614,0.314299013745171,53.43479,3,2.206,2.206,3
"251,501,751",0.3,3,-30.1618888246036,NA,0.354745663339941,0.354745787180142,0,-23.8006969925779,NA,0,-23.8009446207166,0.354745787180142,"",0,-22.5674742544708,0.401108050516579,1,NA,0,0.354745663339941,0.354745787180142,-23.8007,3,3,3,3
"251,501,751",0.3,3,83.0049947415625,NA,0.35229399059656,0.352247755912165,0,31.8668105373983,NA,0,31.8856575733024,0.352247755912165,"",0,34.2117618497845,0.414147814501405,1,NA,0,0.35229399059656,0.352247755912165,31.86681,3,3,3,3
"251,501,751",0.3,3,118.611480215395,NA,0.299050332562816,0.29903683938451,0,52.2949400719924,NA,0,52.2993657455765,0.29903683938451,"",0,52.6832295430877,0.325359631941758,1,NA,0,0.299050332562816,0.29903683938451,52.29494,3,3,3,3
"251,501,751",0.3,3,112.1571250231,NA,0.28868162093655,0.288705229511181,0,48.8757702889547,NA,0,48.8685436942148,0.288705229511181,"",0,48.9877484947084,0.303198744223028,1,NA,0,0.28868162093655,0.288705229511181,48.87577,3,3,3,3
"251,501,751",0.3,3,-36.923549175578,NA,0.258064047708468,0.258097390270442,0,-26.3514663905765,NA,0,-26.3600502833998,0.258097390270442,"",0,-20.8712163402808,0.156463120965669,1,NA,0,0.258064047708468,0.258097390270442,-26.35147,3,3,3,3
"251,501,751",0.3,3,15.7345555778044,NA,0.366355260343032,0.366345005333891,0,-1.65338835655311,NA,0,-1.64915141783302,0.366345005333891,"",0,11.4642071810154,0.517910008705929,1,NA,0,0.366355260343032,0.366345005333891,-1.65339,3,3,3,3
"251,501,751",0.3,3,-75.5651508210118,NA,0.339897268942961,0.339921693917237,0,-45.6190352304276,NA,0,-45.6279469070094,0.339921693917237,"",0,-45.3071950118284,0.363675169370082,1,NA,0,0.339897268942961,0.339921693917237,-45.61904,3,3,3,3
"251,501,751",0.3,3,12.5390244137565,NA,0.285373669395829,0.285380485962493,0,-2.30637682107807,"",0,-2.30824941191366,0.285380485962493,NA,0,-1.83274227437307,0.313025563970094,1,NA,0,0.285373669395829,0.285380485962493,-2.30638,3,3,3,3
"251,501,751",0.3,3,9.9426346255544,NA,0.332117304362057,0.33211440291728,0,-2.51808064629588,"",0,-2.51691900772957,0.33211440291728,NA,0,-2.04618632600577,0.361078510966111,1,NA,0,0.332117304362057,0.33211440291728,-2.51808,3,3,3,3
"251,501,751",0.3,3,47.0857811950807,NA,0.29414420124383,0.294162998231302,0,16.3194620765176,"",0,16.3135558467613,0.294162998231302,NA,0,16.6572203088978,0.318855987628205,1,NA,0,0.29414420124383,0.294162998231302,16.31946,3,3,3,3
"251,501,751",0.3,3,54.2424138617865,NA,0.331185612817535,0.331151131878527,0,19.6114349359118,"",0,19.6244885356145,0.331151131878527,NA,0,113.827708957171,0.760723281355972,1,NA,0,0.331185612817535,0.331151131878527,19.61143,3,3,3,3
"251,501,751",0.3,3,45.3702951924569,NA,0.341493301975526,0.341520422699451,0,14.6489750653385,"",0,14.6383297393661,0.341520422699451,NA,0,23.5354908818109,0.467117428062514,1,NA,0,0.341493301975526,0.341520422699451,14.64898,3,3,3,3
"251,501,751",0.3,3,-3.39968110435041,NA,0.292239144600901,0.292224550037889,0,-8.68716732265263,"",0,-8.68233918446554,0.292224550037889,NA,0,-7.31888166681721,0.342154493790875,1,NA,0,0.292239144600901,0.292224550037889,-8.68717,3,3,3,3
"251,501,751",0.3,3,77.2318456428191,NA,0.313144609427384,0.313161124633214,0,31.1473518780752,"",0,31.1416902725976,0.313161124633214,NA,0,38.163611372381,0.199545262766416,1,NA,0,0.313144609427384,0.313161124633214,31.14735,3,3,3,3
"251,501,751",0.3,3,71.1851937587755,NA,0.295318801234584,0.295239350309868,0,27.4910769522099,"",0,27.5166067919405,0.295239350309868,NA,0,29.0545856034161,0.24088850727359,1,NA,0,0.295318801234584,0.295239350309868,27.49108,3,3,3,3
"251,501,751",0.3,3,-41.5833244603402,NA,0.262264379494641,0.262252150932103,0,-29.0995200806335,"",0,-29.0961474206608,0.262252150932103,NA,0,-15.1488183435605,0.0993779694845378,1,NA,0,0.262264379494641,0.262252150932103,-29.09952,3,3,3,3
"251,501,751",0.3,3,-7.04068547596382,NA,0.248511369426345,0.248528969340522,0,-11.9239857882877,"",0,-11.928509744741,0.248528969340522,NA,0,-8.95359711387474,0.173594502583271,1,NA,0,0.248511369426345,0.248528969340522,-11.92399,3,3,3,3
"251,501,751",0.3,3,79.8188636944802,NA,0.30771848308674,0.307749722649242,0,32.8529813173573,"",0,32.8420721908639,0.307749722649242,NA,0,58.3597809609355,0.525237641460309,1,NA,0,0.30771848308674,0.307749722649242,32.85298,3,3,3,3
"251,501,751",0.3,3,87.9436895015692,NA,0.307270706351124,0.30726786953937,0,37.0320344974144,"",0,37.0331318054948,0.30726786953937,NA,0,40.6581577528354,0.226059707873775,1,NA,0,0.307270706351124,0.30726786953937,37.03203,3,3,3,3
"251,501,751",0.3,3,-25.4625837858744,NA,0.340833728690438,0.340856112212208,0,-21.7429121077839,"",0,-21.7511220130472,0.340856112212208,NA,0,-21.6803739500179,0.350270730639092,1,NA,0,0.340833728690438,0.340856112212208,-21.74291,3,3,3,3
"251,501,751",0.3,3,-19.2458098293168,NA,0.29766907671646,0.297666747209639,0,-16.5475139736802,"",0,-16.5467353343319,0.297666747209639,NA,0,-15.6975911681768,0.337012878014556,1,NA,0,0.29766907671646,0.297666747209639,-16.54751,3,3,3,3
"251,501,751",0.3,3,73.8890908847218,NA,0.310493615208431,0.310427450967701,0,29.8068767400938,"",0,29.8299353508776,0.310427450967701,NA,0,30.1037727936333,0.288030642490364,1,NA,0,0.310493615208431,0.310427450967701,29.80688,3,3,3,3
"251,501,751",0.3,3,114.21501328774,NA,0.307947717055914,0.307945940238659,0,50.1592440623889,"357,388",2,55.8830308194752,0.286919175016189,NA,0,50.3815546498796,0.328008956523963,1,NA,0,0.307947717055914,0.307945940238659,50.15924,3,1.243,3,3
"251,501,751",0.3,3,71.8689523927979,NA,0.310556783561944,0.31056174206198,0,28.5867299347395,"",0,28.58507463783,0.31056174206198,NA,0,73.5319396012325,0.601329378863621,1,NA,0,0.310556783561944,0.31056174206198,28.58673,3,3,3,3
"251,501,751",0.3,3,-18.0948047447337,NA,0.31184373073374,0.31184375793081,0,-16.0343186735427,"",0,-16.0342875981721,0.31184375793081,NA,0,-15.9586088591831,0.300131267228339,1,NA,0,0.31184373073374,0.31184375793081,-16.03432,3,3,3,3
"251,501,751",0.3,3,97.3594053341744,NA,0.317877194136318,0.317910403197973,0,41.122431185984,"",0,41.110992285734,0.317910403197973,NA,0,43.2192765686776,0.378919708569094,1,NA,0,0.317877194136318,0.317910403197973,41.12243,3,3,3,3
"251,501,751",0.3,3,4.64050115927757,NA,0.301075931885716,0.301111517511176,0,-4.94701303515531,"",0,-4.95846262446988,0.301111517511176,NA,0,-4.21974126897629,0.263945242424426,1,NA,0,0.301075931885716,0.301111517511176,-4.94701,3,3,3,3
"251,501,751",0.3,3,8.953588846821,NA,0.324876172829254,0.324793057393568,0,-5.68221806799914,NA,0,-5.65158742538459,0.324793057393568,NA,0,-5.04511661576547,0.287420729895083,1,NA,0,0.324876172829254,0.324793057393568,-5.68222,3,3,3,3
"251,501,751",0.3,3,9.4273021651,NA,0.28291222889595,0.28291775834042,0,-2.4074405061598,NA,0,-2.40909758245808,0.28291775834042,NA,0,7.54609509460687,0.146831616855998,1,NA,0,0.28291222889595,0.28291775834042,-2.40744,3,3,3,3
"251,501,751",0.3,3,39.3554491545225,NA,0.339862081394895,0.33994127863212,0,11.112254939554,NA,0,11.0815504448942,0.33994127863212,NA,0,11.956333051584,0.377843074965382,1,NA,0,0.339862081394895,0.33994127863212,11.11225,3,3,3,3
"251,501,751",0.3,3,55.728450517004,NA,0.298885215680884,0.298860637189086,0,20.7473604846807,NA,0,20.7547941341328,0.298860637189086,NA,0,27.7807967760231,0.185032332785918,1,NA,0,0.298885215680884,0.298860637189086,20.74736,3,3,3,3
"251,501,751",0.3,3,16.5589160327625,NA,0.273637413859766,0.273545721922184,0,-0.847021481497651,NA,0,-0.819866081146287,0.273545721922184,NA,0,-0.271471912002124,0.303263552252951,1,NA,0,0.273637413859766,0.273545721922184,-0.84702,3,3,3,3
"251,501,751",0.3,3,54.5085625464044,NA,0.275482784620213,0.27547188676188,0,19.8626083487241,NA,0,19.8652175183702,0.27547188676188,NA,0,19.8652380612442,0.275574782647523,1,NA,0,0.275482784620213,0.27547188676188,19.86261,3,3,3,3
"251,501,751",0.3,3,61.0105497777282,NA,0.290727484207486,0.290761296213132,0,23.3137443479069,NA,0,23.3033656623377,0.290761296213132,NA,0,23.8813843349042,0.323001627671116,1,NA,0,0.290727484207486,0.290761296213132,23.31374,3,3,3,3
"251,501,751",0.3,3,10.9672766670827,NA,0.293609449605576,0.29364111998404,0,-2.04125823972953,NA,0,-2.0515171819692,0.29364111998404,NA,0,18.3055641798065,0.487467319969735,1,NA,0,0.293609449605576,0.29364111998404,-2.04126,3,3,3,3
"251,501,751",0.3,3,123.43138113896,NA,0.273350190239289,0.273341811930214,0,54.4149269870113,NA,0,54.417705390232,0.273341811930214,NA,0,65.9081987516555,0.420084865783343,1,NA,0,0.273350190239289,0.273341811930214,54.41493,3,3,3,3
"251,501,751",0.3,3,-33.6221539757852,NA,0.272088286026552,0.27210046572268,0,-24.6666438626199,NA,0,-24.6701079962536,0.27210046572268,NA,0,-24.4359693454557,0.250640797904218,1,NA,0,0.272088286026552,0.27210046572268,-24.66664,3,3,3,3
"251,501,751",0.3,3,100.629904375469,NA,0.321084740274068,0.321048223818168,0,42.5309063808113,NA,0,42.5428192268264,0.321048223818168,NA,0,131.039475657655,0.737815489336407,1,NA,0,0.321084740274068,0.321048223818168,42.53091,3,3,3,3
"251,501,751",0.3,3,-1.97169023618193,NA,0.2694800154128,0.269473939161301,0,-8.40835012505329,NA,0,-8.4066407398261,0.269473939161301,NA,0,19.7824859250521,0.501386697833494,1,NA,0,0.2694800154128,0.269473939161301,-8.40835,3,3,3,3
"251,501,751",0.3,3,83.8410656872162,NA,0.309929438756338,0.309936721645463,0,34.9378916284142,NA,0,34.9343135756704,0.309936721645463,NA,0,38.448530316431,0.229789013566586,1,NA,0,0.309929438756338,0.309936721645463,34.93789,3,3,3,3
"251,501,751",0.3,3,-23.6177958195177,NA,0.281969936210895,0.281983011275534,0,-18.9497485881751,NA,0,-18.9541611012771,0.281983011275534,NA,0,-18.5296731028064,0.25388999423583,1,NA,0,0.281969936210895,0.281983011275534,-18.94975,3,3,3,3
"251,501,751",0.3,3,8.21111116957462,NA,0.304522312612035,0.304521730382365,0,-2.96026144358429,NA,0,-2.96005379593233,0.304521730382365,NA,0,2.27150358375643,0.401994099600408,1,NA,0,0.304522312612035,0.304521730382365,-2.96026,3,3,3,3
"251,501,751",0.3,3,35.8072387393468,NA,0.283199013995934,0.283224393329891,0,10.6590990709343,NA,0,10.6508115262308,0.283224393329891,NA,0,22.0718860186318,0.137035779647104,1,NA,0,0.283199013995934,0.283224393329891,10.6591,3,3,3,3
"251,501,751",0.3,3,57.2277023380563,NA,0.269061778624631,0.269062904449932,0,21.1896805806096,NA,0,21.189391491506,0.269062904449932,NA,0,21.3715050030862,0.250677710232621,1,NA,0,0.269061778624631,0.269062904449932,21.18968,3,3,3,3
"251,501,751",0.3,3,3.29314986114315,NA,0.307013365247012,0.307015406932164,0,-5.2894414004699,NA,0,-5.2896577975696,0.307015406932164,NA,0,1.91547073503971,0.192251154813279,1,NA,0,0.307013365247012,0.307015406932164,-5.28944,3,3,3,3
"251,501,751",0.3,3,-55.3908924583742,NA,0.252332971538761,0.252316143869002,0,-35.8286501503219,NA,0,-35.823601998796,0.252316143869002,NA,0,-33.7258811637775,0.189548285813485,1,NA,0,0.252332971538761,0.252316143869002,-35.82865,3,3,3,3
"251,501,751",0.3,3,38.4264219564471,NA,0.291218583830559,0.291209110470548,0,12.2058309238616,NA,0,12.2089237630384,0.291209110470548,NA,0,13.035102173536,0.330043037422499,1,NA,0,0.291218583830559,0.291209110470548,12.20583,3,3,3,3
"251,501,751",0.3,3,41.6396030525984,NA,0.38274526225752,0.382721261875996,0,9.88466450848712,NA,0,9.89601017586677,0.382721261875996,NA,0,14.7988190858746,0.290953349832657,1,NA,0,0.38274526225752,0.382721261875996,9.88466,3,3,3,3
"251,501,751",0.3,3,-72.3446761834997,NA,0.304001309937036,0.303997126730536,0,-43.0945080343758,NA,0,-43.0937727797839,0.303997126730536,NA,0,-27.0915658616452,0.475997003878657,1,NA,0,0.304001309937036,0.303997126730536,-43.09451,3,3,3,3
"251,501,751",0.3,3,96.4961443055435,NA,0.322932986617437,0.322917190888654,0,40.9113512797262,NA,0,40.9166393887683,0.322917190888654,NA,0,47.3385773161453,0.215110682325998,1,NA,0,0.322932986617437,0.322917190888654,40.91135,3,3,3,3
"251,501,751",0.3,3,16.7793931382505,NA,0.302864751169674,0.302864492545248,0,1.47541811750706,NA,0,1.47539770981945,0.302864492545248,NA,0,1.48988156360832,0.307997248382337,1,NA,0,0.302864751169674,0.302864492545248,1.47542,3,3,3,3
"251,501,751",0.3,3,107.691252725007,NA,0.262055828977805,0.262149826158338,0,45.0409901154282,NA,0,45.0151419403766,0.262149826158338,NA,0,49.0719555013134,0.173830413964541,1,NA,0,0.262055828977805,0.262149826158338,45.04099,3,3,3,3
"251,501,751",0.3,3,37.9389553276716,NA,0.280383594314327,0.280388316860744,0,11.7999845453416,NA,0,11.7984764609511,0.280388316860744,NA,0,15.2137121732419,0.200833076179186,1,NA,0,0.280383594314327,0.280388316860744,11.79998,3,3,3,3
"251,501,751",0.3,3,29.2353921749074,NA,0.308721014856698,0.308715467920761,0,7.58120308324176,NA,0,7.58313506789762,0.308715467920761,NA,0,8.32661024060072,0.345279596695268,1,NA,0,0.308721014856698,0.308715467920761,7.5812,3,3,3,3
"251,501,751",0.3,3,30.4505525495368,NA,0.315876355625372,0.315890923998271,0,6.86908979177464,NA,0,6.86435538172747,0.315890923998271,NA,0,6.86989777468491,0.310328440930721,1,NA,0,0.315876355625372,0.315890923998271,6.86909,3,3,3,3
"251,501,751",0.3,3,33.6122594201836,NA,0.254934886176908,0.25493814098905,0,8.75680394788854,NA,0,8.75592902167781,0.25493814098905,NA,0,23.6159358510962,0.422796657628688,1,NA,0,0.254934886176908,0.25493814098905,8.7568,3,3,3,3
"251,501,751",0.3,3,-0.930120425512229,NA,0.296264947399323,0.296267756842432,0,-7.3838705223234,NA,0,-7.38508971315193,0.296267756842432,NA,0,-5.69528997599374,0.24064702297967,1,NA,0,0.296264947399323,0.296267756842432,-7.38387,3,3,3,3
"251,501,751",0.3,3,-20.3298215721275,NA,0.30630864631929,0.306280829893509,0,-17.4430130363408,NA,0,-17.4334584469099,0.306280829893509,NA,0,-0.509299147079613,0.129286653875543,1,NA,0,0.30630864631929,0.306280829893509,-17.44301,3,3,3,3
"251,501,751",0.3,3,14.9561941730906,NA,0.294569077469683,0.294660841877576,0,-0.0598458033754445,NA,0,-0.0889750337404456,0.294660841877576,NA,0,1.11674956833643,0.246827987317415,1,NA,0,0.294569077469683,0.294660841877576,-0.05985,3,3,3,3
"251,501,751",0.3,3,73.228398573559,NA,0.249438481187302,0.249506302185201,0,27.2261162076437,NA,0,27.208410939356,0.249506302185201,NA,0,27.6385699989008,0.219837355729971,1,NA,0,0.249438481187302,0.249506302185201,27.22612,3,3,3,3
"251,501,751",0.3,3,13.5695840056087,NA,0.342007543545527,0.342004350872004,0,-1.11670349992252,NA,0,-1.11584365973709,0.342004350872004,NA,0,-0.248242653557431,0.381264162121308,1,NA,0,0.342007543545527,0.342004350872004,-1.1167,3,3,3,3
"251,501,751",0.3,3,18.829465460941,NA,0.298071803505583,0.298042243752527,0,2.11175811009075,NA,0,2.1215032675839,0.298042243752527,NA,0,2.31083266060919,0.278983462528934,1,NA,0,0.298071803505583,0.298042243752527,2.11176,3,3,3,3
"251,501,751",0.3,3,32.8928733702446,NA,0.310261795370079,0.310293499469057,0,9.1853445290106,NA,0,9.17346847383305,0.310293499469057,NA,0,9.17408264255251,0.308525036390126,1,NA,0,0.310261795370079,0.310293499469057,9.18534,3,3,3,3
"251,501,751",0.3,3,-18.8716297098321,NA,0.302810299171158,0.302776743768681,0,-16.3996677766575,NA,0,-16.3874951602649,0.302776743768681,NA,0,-15.5638849297912,0.341502657737286,1,NA,0,0.302810299171158,0.302776743768681,-16.39967,3,3,3,3
"251,501,751",0.3,3,61.1299726162155,NA,0.313805538351853,0.313805326332336,0,23.5517441993699,NA,0,23.5515423894274,0.313805326332336,NA,0,25.218961681044,0.368687153213624,1,NA,0,0.313805538351853,0.313805326332336,23.55174,3,3,3,3
"251,501,751",0.3,3,33.7860099981382,NA,0.274349585292799,0.274355491074032,0,9.51652505499945,NA,0,9.51461462601604,0.274355491074032,NA,0,10.3445365937944,0.234954826827438,1,NA,0,0.274349585292799,0.274355491074032,9.51653,3,3,3,3
"251,501,751",0.3,3,21.2360614959583,NA,0.289388869935072,0.28940260143218,0,3.32930065615433,NA,0,3.32506527562775,0.28940260143218,NA,0,27.5940631827229,0.502324668395956,1,NA,0,0.289388869935072,0.28940260143218,3.3293,3,3,3,3
"251,501,751",0.3,3,-27.5304621808828,NA,0.296826301863358,0.296848621475606,0,-21.1649883756225,NA,0,-21.1720688515824,0.296848621475606,NA,0,-18.1770957673238,0.222229954912945,1,NA,0,0.296826301863358,0.296848621475606,-21.16499,3,3,3,3
"251,501,751",0.3,3,50.2620734846454,NA,0.301894763968799,0.301896130522217,0,18.2154439254703,NA,0,18.2150057383911,0.301896130522217,NA,0,18.388447606019,0.284120310931971,1,NA,0,0.301894763968799,0.301896130522217,18.21544,3,3,3,3
"251,501,751",0.3,3,37.4151825042307,NA,0.262130974307422,0.262132986692953,0,10.9903274717752,NA,0,10.9897436739231,0.262132986692953,NA,0,19.0840894650644,0.138797066352821,1,NA,0,0.262130974307422,0.262132986692953,10.99033,3,3,3,3
"251,501,751",0.3,3,49.1724770691729,NA,0.341862164367462,0.341801969339071,0,15.8391223074911,NA,0,15.8626963816356,0.341801969339071,NA,0,29.3380756199554,0.495571075270571,1,NA,0,0.341862164367462,0.341801969339071,15.83912,3,3,3,3
"251,501,751",0.3,3,-5.75563298203399,NA,0.314988591019424,0.315070923023148,0,-10.873860557905,NA,0,-10.9025439230566,0.315070923023148,NA,0,11.4453159361921,0.516052366200697,1,NA,0,0.314988591019424,0.315070923023148,-10.87386,3,3,3,3
"251,501,751",0.3,3,49.5014376353246,NA,0.289400129927798,0.289430424924635,0,17.0514208959513,NA,0,17.0421190161702,0.289430424924635,NA,0,22.9429321906858,0.392669127179271,1,NA,0,0.289400129927798,0.289430424924635,17.05142,3,3,3,3
"251,501,751",0.3,3,7.77058520415059,NA,0.264235674651858,0.264310775297756,0,-4.63087955518817,NA,0,-4.65197114745118,0.264310775297756,NA,0,-3.82875808732238,0.224039530928035,1,NA,0,0.264235674651858,0.264310775297756,-4.63088,3,3,3,3
"251,501,751",0.3,3,130.013888574995,NA,0.305623752696715,0.305723162718918,0,56.9605166034817,NA,0,56.9273213546927,0.305723162718918,NA,0,56.9266443168653,0.305325131267594,1,NA,0,0.305623752696715,0.305723162718918,56.96052,3,3,3,3
"251,501,751",0.3,3,25.4840274716637,NA,0.295838776138035,0.295835613801308,0,5.25943702347469,NA,0,5.26052023266074,0.295835613801308,NA,0,5.57811413547119,0.271049967749164,1,NA,0,0.295838776138035,0.295835613801308,5.25944,3,3,3,3
"251,501,751",0.3,3,-23.0823344320904,NA,0.307914338413076,0.307967941502838,0,-18.6721019388769,NA,0,-18.6898628480051,0.307967941502838,NA,0,2.09171873288038,0.50362636449412,1,NA,0,0.307914338413076,0.307967941502838,-18.6721,3,3,3,3
"251,501,751",0.3,3,19.6730670393465,NA,0.291747790655517,0.291833779438377,0,1.9381838231378,NA,0,1.91038919717479,0.291833779438377,NA,0,35.2414315589889,0.541272550198416,1,NA,0,0.291747790655517,0.291833779438377,1.93818,3,3,3,3
"251,501,751",0.3,3,-21.4497873144779,NA,0.334739288238826,0.334737717115069,0,-18.3634823791994,NA,0,-18.3631905615817,0.334737717115069,NA,0,-10.2272244419437,0.213755982732667,1,NA,0,0.334739288238826,0.334737717115069,-18.36348,3,3,3,3
"251,501,751",0.3,3,33.9684556804538,NA,0.321791418757,0.321721003886924,0,8.24351402500848,NA,0,8.26913232852974,0.321721003886924,NA,0,17.0900238861636,0.19347215847597,1,NA,0,0.321791418757,0.321721003886924,8.24351,3,3,3,3
"251,501,751",0.3,3,-3.67716238557978,NA,0.30040373655188,0.300374663563641,0,-9.93644444766148,NA,0,-9.92689067500277,0.300374663563641,NA,0,-9.30106142209494,0.265144071832868,1,NA,0,0.30040373655188,0.300374663563641,-9.93644,3,3,3,3
"251,501,751",0.3,3,-21.7240320167274,NA,0.333674374910396,0.333665104745888,0,-18.417638749821,NA,0,-18.4140214808693,0.333665104745888,NA,0,-15.5591660549582,0.404997214335911,1,NA,0,0.333674374910396,0.333665104745888,-18.41764,3,3,3,3
"251,501,751",0.3,3,26.4791415173811,NA,0.290071837966849,0.290078187178556,0,6.13732343327611,NA,0,6.13533829999082,0.290078187178556,NA,0,6.8482188229007,0.326022191533403,1,NA,0,0.290071837966849,0.290078187178556,6.13732,3,3,3,3
"251,501,751",0.3,3,-20.9691066276441,NA,0.284621020036286,0.284668778822158,0,-18.2274794323308,NA,0,-18.2424550237862,0.284668778822158,NA,0,-16.0379382660319,0.219950974707221,1,NA,0,0.284621020036286,0.284668778822158,-18.22748,3,3,3,3
"251,501,751",0.3,3,51.0524191610897,NA,0.285690721983344,0.285689031224108,0,18.4668542474988,NA,0,18.4672880361864,0.285689031224108,NA,0,26.9862222404666,0.159984079665644,1,NA,0,0.285690721983344,0.285689031224108,18.46685,3,3,3,3
"251,501,751",0.3,3,32.0590071533379,NA,0.309885278240104,0.309890905030282,0,8.61012064578504,NA,0,8.60829535333235,0.309890905030282,NA,0,9.46012688851823,0.269991898173758,1,NA,0,0.309885278240104,0.309890905030282,8.61012,3,3,3,3
"251,501,751",0.3,3,30.6212311040571,NA,0.281865290272512,0.281855794332817,0,8.19993414562737,NA,0,8.20242855240978,0.281855794332817,NA,0,41.6175853321843,0.534222633177359,1,NA,0,0.281865290272512,0.281855794332817,8.19993,3,3,3,3
"251,501,751",0.3,3,134.558183296494,NA,0.259178685230904,0.259156105216791,0,59.0132437524291,NA,0,59.0196295421297,0.259156105216791,NA,0,61.291560179452,0.323768560084885,1,NA,0,0.259178685230904,0.259156105216791,59.01324,3,3,3,3
"251,501,751",0.3,3,37.4069362713542,NA,0.269437422753446,0.26947999108279,0,11.1735524924733,NA,0,11.1598910655733,0.26947999108279,NA,0,19.3064219936613,0.145530977069744,1,NA,0,0.269437422753446,0.26947999108279,11.17355,3,3,3,3
"251,501,751",0.3,3,-26.1368347014534,NA,0.361685878211709,0.361574163713376,0,-23.1174042765724,NA,0,-23.0720006818209,0.361574163713376,NA,0,1.52438374659641,0.569346221772522,1,NA,0,0.361685878211709,0.361574163713376,-23.1174,3,3,3,3
"251,501,751",0.3,3,-4.88904646809271,NA,0.262162722995798,0.262168159764585,0,-10.1232609393403,NA,0,-10.1245203719919,0.262168159764585,NA,0,33.4934760883854,-0.0293004001306164,1,NA,0,0.262162722995798,0.262168159764585,-10.12326,3,3,3,3
"251,501,751",0.3,3,1.58827212757999,NA,0.3063215583986,0.30631250106229,0,-6.17969469669836,NA,0,-6.1766362620374,0.30631250106229,NA,0,-5.60395340282332,0.338487910451923,1,NA,0,0.3063215583986,0.30631250106229,-6.17969,3,3,3,3
"251,501,751",0.3,3,34.5509856930237,NA,0.26777737627925,0.267704700162395,0,7.96635956964213,NA,0,7.98725216500688,0.267704700162395,NA,0,13.7515037261864,0.162263628612417,1,NA,0,0.26777737627925,0.267704700162395,7.96636,3,3,3,3
"251,501,751",0.3,3,93.4471774657017,NA,0.297636718672064,0.29761943090324,0,39.637128421072,NA,0,39.6428799870936,0.29761943090324,NA,0,39.6478754097662,0.300397011808531,1,NA,0,0.297636718672064,0.29761943090324,39.63713,3,3,3,3
"251,501,751",0.3,3,32.7946155323586,NA,0.311221783835648,0.311213878151716,0,9.07804884551807,NA,0,9.08075737020942,0.311213878151716,NA,0,17.7914076423161,0.18467279152714,1,NA,0,0.311221783835648,0.311213878151716,9.07805,3,3,3,3
"251,501,751",0.3,3,-30.8332123755981,NA,0.321674470918241,0.321666379424043,0,-22.909193241245,NA,0,-22.9062514544839,0.321666379424043,NA,0,-1.91140238162429,0.517202284054129,1,NA,0,0.321674470918241,0.321666379424043,-22.90919,3,3,3,3
"251,501,751",0.3,3,91.7287921516759,NA,0.272342970608964,0.272339928124621,0,38.5406409378189,NA,0,38.5415022443815,0.272339928124621,NA,0,48.1364812745149,0.406274467680565,1,NA,0,0.272342970608964,0.272339928124621,38.54064,3,3,3,3
"251,501,751",0.3,3,1.10828396909416,NA,0.300811494886186,0.300811113306578,0,-6.36135975530156,NA,0,-6.36132408246498,0.300811113306578,NA,0,-0.358188266185643,0.195946141600779,1,NA,0,0.300811494886186,0.300811113306578,-6.36136,3,3,3,3
"251,501,751",0.3,3,8.87159072920348,NA,0.317495677660875,0.31751535131335,0,-2.69863668189316,NA,0,-2.70550000960475,0.31751535131335,NA,0,0.60541241251839,0.394689346513896,1,NA,0,0.317495677660875,0.31751535131335,-2.69864,3,3,3,3
"251,501,751",0.3,3,-30.507026679326,NA,0.287591585467672,0.287613243437957,0,-22.3017328371039,NA,0,-22.3085332894696,0.287613243437957,NA,0,-13.8334100394337,0.41271558834831,1,NA,0,0.287591585467672,0.287613243437957,-22.30173,3,3,3,3
"251,501,751",0.3,3,8.3147738371061,NA,0.376277267278181,0.376278671184557,0,-6.32147135580128,NA,0,-6.32219882192278,0.376278671184557,NA,0,-6.32105053907098,0.374386347998035,1,NA,0,0.376277267278181,0.376278671184557,-6.32147,3,3,3,3
"251,501,751",0.3,3,60.9618025518883,NA,0.266303035278902,0.266317510626787,0,22.663891713876,NA,0,22.6597666532995,0.266317510626787,NA,0,32.6609009263568,0.402863549954032,1,NA,0,0.266303035278902,0.266317510626787,22.66389,3,3,3,3
"251,501,751",0.3,3,25.3365550693937,NA,0.324888671689354,0.324896011414234,0,5.41054156577498,NA,0,5.408075407466,0.324896011414234,NA,0,9.28501329514777,0.241433520821613,1,NA,0,0.324888671689354,0.324896011414234,5.41054,3,3,3,3
"251,501,751",0.3,3,74.7325865235717,NA,0.312736150589906,0.31273462607147,0,30.316058152019,NA,0,30.3165151555463,0.31273462607147,NA,0,37.8770171735557,0.429939520582525,1,NA,0,0.312736150589906,0.31273462607147,30.31606,3,3,3,3
"251,501,751",0.3,3,-34.5082404029923,NA,0.275821225574785,0.275803936822724,0,-24.5722650806806,NA,0,-24.5670381964299,0.275803936822724,NA,0,-24.5242046672099,0.266811747548285,1,NA,0,0.275821225574785,0.275803936822724,-24.57227,3,3,3,3
"251,501,751",0.3,3,135.846277267058,NA,0.257555162395355,0.257553960585695,0,60.0257333190967,NA,0,60.0259608885299,0.257553960585695,NA,0,61.779416977873,0.20018501866138,1,NA,0,0.257555162395355,0.257553960585695,60.02573,3,3,3,3
"251,501,751",0.3,3,-30.9477527380512,NA,0.285564121753704,0.285562179956884,0,-22.5331720372986,NA,0,-22.5326200678784,0.285562179956884,NA,0,-21.3941028530086,0.23976025437958,1,NA,0,0.285564121753704,0.285562179956884,-22.53317,3,3,3,3
"251,501,751",0.3,3,40.6426891849012,NA,0.263870456318711,0.263839482677222,0,12.2616965648388,"",0,12.2699845684828,0.263839482677222,NA,0,15.0274644223246,0.33518364534653,1,NA,0,0.263870456318711,0.263839482677222,12.2617,3,3,3,3
"251,501,751",0.3,3,-32.4321362516754,NA,0.282935627298489,0.282945572173739,0,-24.7860304232674,"",0,-24.7887966122234,0.282945572173739,NA,0,-18.010395853285,0.392853803007815,1,NA,0,0.282935627298489,0.282945572173739,-24.78603,3,3,3,3
"251,501,751",0.3,3,48.2531905393015,NA,0.286876477208147,0.286820099790774,0,16.2170126534791,"",0,16.234894985828,0.286820099790774,NA,0,17.264265748787,0.329115269253403,1,NA,0,0.286876477208147,0.286820099790774,16.21701,3,3,3,3
"251,501,751",0.3,3,-21.5595298842213,NA,0.279117397143322,0.279099704784989,0,-18.3197827987534,"",0,-18.3148199636865,0.279099704784989,NA,0,-15.0113158821255,0.356929514428183,1,NA,0,0.279117397143322,0.279099704784989,-18.31978,3,3,3,3
"251,501,751",0.3,3,1.86895222416039,NA,0.322650350216402,0.322624071768766,0,-6.93323530518859,"",0,-6.92371051075657,0.322624071768766,NA,0,-2.0751481947164,0.22836131608804,1,NA,0,0.322650350216402,0.322624071768766,-6.93324,3,3,3,3
"251,501,751",0.3,3,112.340633825971,NA,0.284329766295789,0.284328912579655,0,49.0975120101356,"",0,49.0975512597752,0.284328912579655,NA,0,66.0999226832078,0.105761334433715,1,NA,0,0.284329766295789,0.284328912579655,49.09751,3,3,3,3
"251,501,751",0.3,3,15.8175602831877,NA,0.361239903185857,0.361262900369362,0,-1.98692429819897,"",0,-1.99609870580541,0.361262900369362,NA,0,-1.3397979733058,0.393549802112401,1,NA,0,0.361239903185857,0.361262900369362,-1.98692,3,3,3,3
"251,501,751",0.3,3,22.741022615528,NA,0.344989429451219,0.345047690638515,0,2.33820088740935,"",0,2.31555099336881,0.345047690638515,NA,0,9.02661773500495,0.234355706934521,1,NA,0,0.344989429451219,0.345047690638515,2.3382,3,3,3,3
"251,501,751",0.3,3,32.1523386576622,NA,0.295007653557859,0.295009641317274,0,9.1303896971094,"131,426",2,12.7831628603684,0.265645367470548,NA,0,9.3865209289497,0.273320001454343,1,NA,0,0.295007653557859,0.295009641317274,9.13039,3,1.25,3,3
"251,501,751",0.3,3,23.1022469637099,NA,0.316780027267274,0.316779122048777,0,4.4818590047474,"",0,4.48217469092039,0.316779122048777,NA,0,4.75809117384526,0.339057612512143,1,NA,0,0.316780027267274,0.316779122048777,4.48186,3,3,3,3
"251,501,751",0.3,3,62.7276914472836,NA,0.316734459583224,0.316728689766592,0,23.9557779260378,"",0,23.9578338704288,0.316728689766592,NA,0,47.1513452142824,0.522826051685417,1,NA,0,0.316734459583224,0.316728689766592,23.95578,3,3,3,3
"251,501,751",0.3,3,83.0133407622968,NA,0.311834019767072,0.311814305967232,0,34.4799785126675,"",0,34.4861495098563,0.311814305967232,NA,0,34.5838481957877,0.298507899023571,1,NA,0,0.311834019767072,0.311814305967232,34.47998,3,3,3,3
"251,501,751",0.3,3,86.3880690462071,NA,0.286070422574524,0.286074579386988,0,36.1741756489394,"",0,36.1728989785801,0.286074579386988,NA,0,37.9481456122431,0.228915071583357,1,NA,0,0.286070422574524,0.286074579386988,36.17418,3,3,3,3
"251,501,751",0.3,3,71.0140337999064,NA,0.269652756669212,0.26964608273817,0,28.0220389578643,"",0,28.0238024968487,0.26964608273817,NA,0,42.3959328699016,0.105064394931905,1,NA,0,0.269652756669212,0.26964608273817,28.02204,3,3,3,3
"251,501,751",0.3,3,33.4531408833856,NA,0.271275804095491,0.271278230346331,0,9.29709593338402,"",0,9.29640181512029,0.271278230346331,NA,0,25.1091185619088,0.0986812200192284,1,NA,0,0.271275804095491,0.271278230346331,9.2971,3,3,3,3
"251,501,751",0.3,3,-38.1919636995067,NA,0.273765071613547,0.273773403035317,0,-26.4869160483457,"",0,-26.4893377175319,0.273773403035317,NA,0,-26.2159172809983,0.251140912882354,1,NA,0,0.273765071613547,0.273773403035317,-26.48692,3,3,3,3
"251,501,751",0.3,3,16.7576283210201,NA,0.299917670669369,0.29991835042053,0,1.47216166527931,"",0,1.47120384153837,0.29991835042053,NA,0,2.02334136524067,0.331648544959038,1,NA,0,0.299917670669369,0.29991835042053,1.47216,3,3,3,3
"251,501,751",0.3,3,3.25607346586186,NA,0.31248180888066,0.312490972628808,0,-5.63125911141519,"",0,-5.63436921194764,0.312490972628808,NA,0,3.43535236520666,0.183642138420712,1,NA,0,0.31248180888066,0.312490972628808,-5.63126,3,3,3,3
"251,501,751",0.3,3,21.1811759363722,NA,0.274044035321701,0.27404546240461,0,3.31338972718313,"",0,3.31274904236288,0.27404546240461,NA,0,3.56942745985541,0.295838031782728,1,NA,0,0.274044035321701,0.27404546240461,3.31339,3,3,3,3
"251,501,751",0.3,3,-15.6277374915379,NA,0.267075335320203,0.26706549449106,0,-15.3454409381725,"",0,-15.3425563819703,0.26706549449106,NA,0,-5.32204216135302,0.129923621599887,1,NA,0,0.267075335320203,0.26706549449106,-15.34544,3,3,3,3
"251,501,751",0.3,3,10.0433011636972,NA,0.31863234301541,0.318687544897722,0,-2.38033761727999,NA,0,-2.39942478897835,0.318687544897722,NA,0,-1.44405372575544,0.276750283181458,1,NA,0,0.31863234301541,0.318687544897722,-2.38034,3,3,3,3
"251,501,751",0.3,3,104.129261418742,NA,0.315303165396271,0.315232349014217,0,43.4564801695629,NA,0,43.4814581139485,0.315232349014217,NA,0,47.7067639155248,0.225898052212824,1,NA,0,0.315303165396271,0.315232349014217,43.45648,3,3,3,3
"251,501,751",0.3,3,47.1598539125514,NA,0.335237894201155,0.33524755894907,0,15.937279470331,NA,0,15.9329856202932,0.33524755894907,NA,0,25.3951446795914,0.465515976834558,1,NA,0,0.335237894201155,0.33524755894907,15.93728,3,3,3,3
"251,501,751",0.3,3,21.5225386963041,NA,0.320159750560921,0.320082515481843,0,2.9923481338998,NA,0,3.02012897192654,0.320082515481843,NA,0,3.26146217101773,0.298432704936644,1,NA,0,0.320159750560921,0.320082515481843,2.99235,3,3,3,3
"251,501,751",0.3,3,-31.6849115782879,NA,0.276630064609972,0.276620779146905,0,-23.95176085208,NA,0,-23.9488590904649,0.276620779146905,NA,0,-14.3085623559553,0.141688228687645,1,NA,0,0.276630064609972,0.276620779146905,-23.95176,3,3,3,3
"251,501,751",0.3,3,66.7259185934867,NA,0.295207247724198,0.295090167907355,0,25.4530351654351,NA,0,25.4912464729951,0.295090167907355,NA,0,31.9751575794667,0.402865789889634,1,NA,0,0.295207247724198,0.295090167907355,25.45304,3,3,3,3
"251,501,751",0.3,3,-10.0921761562308,NA,0.285415944514617,0.285412678432743,0,-12.4296024016424,NA,0,-12.4285240105409,0.285412678432743,NA,0,-12.4203130935891,0.288847859265601,1,NA,0,0.285415944514617,0.285412678432743,-12.4296,3,3,3,3
"251,501,751",0.3,3,5.94424047209373,NA,0.282950471325593,0.282905285516621,0,-5.24231722087011,NA,0,-5.22821642528449,0.282905285516621,NA,0,16.7816051412476,0.484503479312576,1,NA,0,0.282950471325593,0.282905285516621,-5.24232,3,3,3,3
"251,501,751",0.3,3,60.1468616731688,NA,0.267094496178452,0.267076902489272,0,22.5454298039041,NA,0,22.5493779802961,0.267076902489272,NA,0,42.8818167484815,0.463778053286535,1,NA,0,0.267094496178452,0.267076902489272,22.54543,3,3,3,3
"251,501,751",0.3,3,10.1514716519638,NA,0.298721104329159,0.298735557696249,0,-2.04543989362535,NA,0,-2.05010817545128,0.298735557696249,NA,0,1.05118992819284,0.373676206520464,1,NA,0,0.298721104329159,0.298735557696249,-2.04544,3,3,3,3
"251,501,751",0.3,3,21.3365015620703,NA,0.315277958652463,0.315247458094917,0,3.56031558041035,NA,0,3.57066002295591,0.315247458094917,NA,0,6.27577106385947,0.245300939727631,1,NA,0,0.315277958652463,0.315247458094917,3.56032,3,3,3,3
"251,501,751",0.3,3,62.4415821280026,NA,0.309506249388915,0.309545477224432,0,23.825325560235,NA,0,23.8120138740141,0.309545477224432,NA,0,33.8406346987328,0.444086789235989,1,NA,0,0.309506249388915,0.309545477224432,23.82533,3,3,3,3
"251,501,751",0.3,3,53.4869832320922,NA,0.314857484368311,0.314855393162648,0,19.6488852861298,NA,0,19.6496350900864,0.314855393162648,NA,0,20.1841971999576,0.283719067367726,1,NA,0,0.314857484368311,0.314855393162648,19.64889,3,3,3,3
"251,501,751",0.3,3,75.584868716593,NA,0.299509287485848,0.299468835440771,0,30.2136348729174,NA,0,30.2260913984077,0.299468835440771,NA,0,49.5688314880543,0.488395191181405,1,NA,0,0.299509287485848,0.299468835440771,30.21363,3,3,3,3
"251,501,751",0.3,3,52.8510194025183,NA,0.272437494207811,0.272431741349694,0,19.0873560578354,NA,0,19.0888308722252,0.272431741349694,NA,0,19.1383173717828,0.262844995729603,1,NA,0,0.272437494207811,0.272431741349694,19.08736,3,3,3,3
"251,501,751",0.3,3,-13.5959081313443,NA,0.290044937006259,0.290041218571402,0,-13.7685887213992,NA,0,-13.7674270702068,0.290041218571402,NA,0,-7.82811233206411,0.185422132382405,1,NA,0,0.290044937006259,0.290041218571402,-13.76859,3,3,3,3
"251,501,751",0.3,3,99.1205727355036,NA,0.256318711551555,0.256312264791064,0,41.4895251172997,NA,0,41.4912424039471,0.256312264791064,NA,0,42.2563181277196,0.218349179099524,1,NA,0,0.256318711551555,0.256312264791064,41.48953,3,3,3,3
"251,501,751",0.3,3,44.1357338873078,NA,0.320078746819822,0.320078817847649,0,14.9327017967465,NA,0,14.9325824622991,0.320078817847649,NA,0,29.2697660315183,0.158357139204321,1,NA,0,0.320078746819822,0.320078817847649,14.9327,3,3,3,3
"251,501,751",0.3,3,18.2107865459607,NA,0.313530316103667,0.313516213185784,0,2.05704064793122,NA,0,2.06211400507647,0.313516213185784,NA,0,16.3986634426745,0.15150970601764,1,NA,0,0.313530316103667,0.313516213185784,2.05704,3,3,3,3
"251,501,751",0.3,3,-1.2967124840118,NA,0.290113369861569,0.290083278049929,0,-8.26997944661035,NA,0,-8.26032744042949,0.290083278049929,NA,0,4.61623100424403,0.134891365193118,1,NA,0,0.290113369861569,0.290083278049929,-8.26998,3,3,3,3
"251,501,751",0.3,3,88.8499408471908,NA,0.265263842128267,0.265126128491586,0,35.0211771646672,"",0,35.0607281288851,0.265126128491586,"",0,37.1875665651688,0.199971161610755,1,NA,0,0.265263842128267,0.265126128491586,35.02118,3,3,3,3
"251,501,751",0.3,3,52.9984063723707,NA,0.312959711529405,0.312981312980728,0,19.1991586939474,"",0,19.1918460718678,0.312981312980728,"",0,19.4203208712411,0.332852440479726,1,NA,0,0.312959711529405,0.312981312980728,19.19916,3,3,3,3
"251,501,751",0.3,3,51.8465899557303,NA,0.29326185355663,0.293257703262602,0,18.9845966837021,"",0,18.9855075509806,0.293257703262602,"",0,53.7932096330902,0.0364016653096049,1,NA,0,0.29326185355663,0.293257703262602,18.9846,3,3,3,3
"251,501,751",0.3,3,-7.24244038901924,NA,0.28873420954523,0.288719574642863,0,-10.8300574991447,"",0,-10.8253549748603,0.288719574642863,"23,46",2,20.6494081091745,0.0348443063913457,1,NA,0,0.28873420954523,0.288719574642863,-10.83006,3,3,1.433,3
"251,501,751",0.3,3,59.4875599920905,NA,0.325280966952409,0.325278784148704,0,22.4755765109176,"",0,22.4762369678968,0.325278784148704,"",0,37.0764239530981,0.488071258657384,1,NA,0,0.325280966952409,0.325278784148704,22.47558,3,3,3,3
"251,501,751",0.3,3,-36.4377382805976,NA,0.275058523117475,0.275030935996479,0,-26.4857936085083,"",0,-26.4774906435828,0.275030935996479,"",0,-21.5282244548438,0.369543563765063,1,NA,0,0.275058523117475,0.275030935996479,-26.48579,3,3,3,3
"251,501,751",0.3,3,-25.2706364934031,NA,0.263493296080972,0.263508387985631,0,-20.288435192274,"",0,-20.2924595391495,0.263508387985631,"",0,-13.5791262107506,0.375645721011072,1,NA,0,0.263493296080972,0.263508387985631,-20.28844,3,3,3,3
"251,501,751",0.3,3,-27.9124004927865,NA,0.307357057872936,0.307356538630916,0,-20.8967466904656,"",0,-20.8965646794245,0.307356538630916,"",0,-15.1499005257961,0.2050399750137,1,NA,0,0.307357057872936,0.307356538630916,-20.89675,3,3,3,3
"251,501,751",0.3,3,22.3586437235393,NA,0.339605050860728,0.339599602547113,0,3.38224223500794,"",0,3.38460482782001,0.339599602547113,"",0,4.00905767142895,0.372854309582585,1,NA,0,0.339605050860728,0.339599602547113,3.38224,3,3,3,3
"251,501,751",0.3,3,39.3950080014725,NA,0.340843893714713,0.340840480488708,0,11.824089728268,"779,808",2,17.8575202088717,0.319057184745363,"",0,18.0270322387275,0.235386225785965,1,NA,0,0.340843893714713,0.340840480488708,11.82409,3,1.085,3,3
"251,501,751",0.3,3,34.9236451739517,NA,0.313290624227513,0.31328001406461,0,9.63160959857163,"",0,9.63546070302285,0.31328001406461,"",0,10.5488300519654,0.271480182909395,1,NA,0,0.313290624227513,0.31328001406461,9.63161,3,3,3,3
"251,501,751",0.3,3,75.0543152109084,NA,0.293875819096409,0.293869385648302,0,30.5085545169849,"",0,30.5106676884915,0.293869385648302,"",0,34.433903080147,0.378581688620798,1,NA,0,0.293875819096409,0.293869385648302,30.50855,3,3,3,3
"251,501,751",0.3,3,15.4969241397289,NA,0.304120836841899,0.30402758321253,0,0.244914568539003,"",0,0.27586465440407,0.30402758321253,"",0,0.382692242785325,0.289450833325062,1,NA,0,0.304120836841899,0.30402758321253,0.24491,3,3,3,3
"251,501,751",0.3,3,67.5001015857831,NA,0.344884619169153,0.344893588975121,0,25.5940065819874,"",0,25.5901653878117,0.344893588975121,"",0,26.4961820997357,0.38465978133909,1,NA,0,0.344884619169153,0.344893588975121,25.59401,3,3,3,3
"251,501,751",0.3,3,-53.6320093601006,NA,0.29217494181689,0.292164834862431,0,-33.7873911828701,"",0,-33.7847516547582,0.292164834862431,"",0,22.3578945744071,0.622155591466346,1,NA,0,0.29217494181689,0.292164834862431,-33.78739,3,3,3,3
"251,501,751",0.3,3,9.48008885163225,NA,0.314442498328616,0.314479772923975,0,-3.09318716113289,"",0,-3.10613683983673,0.314479772923975,"",0,-1.68674950583944,0.262639463094005,1,NA,0,0.314442498328616,0.314479772923975,-3.09319,3,3,3,3
"251,501,751",0.3,3,71.8042051020378,NA,0.280850808313665,0.280826628310755,0,28.615390851456,"",0,28.6225906887831,0.280826628310755,"",0,30.3905609150092,0.337762344992243,1,NA,0,0.280850808313665,0.280826628310755,28.61539,3,3,3,3
"251,501,751",0.3,3,71.2550806963641,NA,0.265344548811566,0.265390188965567,0,26.24865322061,"",0,26.2358540475346,0.265390188965567,"",0,26.2345127054254,0.264760735098442,1,NA,0,0.265344548811566,0.265390188965567,26.24865,3,3,3,3
"251,501,751",0.3,3,29.4334021932949,NA,0.283824847251423,0.283752471560469,0,6.42257163703257,"",0,6.44373903473564,0.283752471560469,"",0,6.7985753634146,0.308018883346089,1,NA,0,0.283824847251423,0.283752471560469,6.42257,3,3,3,3
"251,501,751",0.3,3,-7.0172347874623,NA,0.322625212230197,0.322620091599509,0,-10.8033469365908,"",0,-10.8016389134771,0.322620091599509,"",0,-9.24124758362367,0.375425928198301,1,NA,0,0.322625212230197,0.322620091599509,-10.80335,3,3,3,3
"251,501,751",0.3,3,89.6178581204972,NA,0.285611474775775,0.285645207208239,0,37.5215128948941,NA,0,37.5108127949535,0.285645207208239,NA,0,38.6873846636036,0.23871942661376,1,NA,0,0.285611474775775,0.285645207208239,37.52151,3,3,3,3
"251,501,751",0.3,3,13.4742709925006,NA,0.253756140722551,0.253773921830695,0,-1.5224802613296,NA,0,-1.52719127250968,0.253773921830695,NA,0,2.67181052751042,0.164722862349947,1,NA,0,0.253756140722551,0.253773921830695,-1.52248,3,3,3,3
"251,501,751",0.3,3,-7.4446462840794,NA,0.285361832277954,0.285423721166261,0,-10.9937821328451,NA,0,-11.0145653917557,0.285423721166261,NA,0,4.13744862696068,0.453459915492417,1,NA,0,0.285361832277954,0.285423721166261,-10.99378,3,3,3,3
"251,501,751",0.3,3,-11.6539200084823,NA,0.279199502217422,0.279240053776731,0,-13.072417180445,NA,0,-13.0848645892383,0.279240053776731,NA,0,-5.19570619143729,0.400120414085398,1,NA,0,0.279199502217422,0.279240053776731,-13.07242,3,3,3,3
"251,501,751",0.3,3,10.1624822655404,NA,0.268546998405174,0.268549602093235,0,-2.37084288497851,NA,0,-2.37155136727601,0.268549602093235,NA,0,-2.25321292517218,0.283366123413928,1,NA,0,0.268546998405174,0.268549602093235,-2.37084,3,3,3,3
"251,501,751",0.3,3,-26.2508380427795,NA,0.29056014270236,0.290575340315685,0,-20.2989784921481,NA,0,-20.304201764113,0.290575340315685,NA,0,-20.0243285077567,0.312879000397949,1,NA,0,0.29056014270236,0.290575340315685,-20.29898,3,3,3,3
"251,501,751",0.3,3,41.8128468567665,NA,0.317082877883513,0.317099608920169,0,13.4024354931878,NA,0,13.3965515910596,0.317099608920169,NA,0,13.9483109886952,0.347906318280342,1,NA,0,0.317082877883513,0.317099608920169,13.40244,3,3,3,3
"251,501,751",0.3,3,127.559775711306,NA,0.307668773998738,0.30759914545406,0,56.5532994923136,NA,0,56.5744000466725,0.30759914545406,"997",1,76.4522745887992,0.0957823425884978,1,NA,0,0.307668773998738,0.30759914545406,56.5533,3,3,2.246,3
"251,501,751",0.3,3,5.77542480661238,NA,0.324243338785254,0.324243917728619,0,-4.34799607180768,NA,0,-4.34831923379291,0.324243917728619,NA,0,-3.3542771188858,0.366444365569464,1,NA,0,0.324243338785254,0.324243917728619,-4.348,3,3,3,3
"251,501,751",0.3,3,-33.5419587870389,NA,0.285853463511434,0.285918944555185,0,-24.2753527818969,NA,0,-24.2955488980043,0.285918944555185,NA,0,-23.5081789267783,0.24719539262754,1,NA,0,0.285853463511434,0.285918944555185,-24.27535,3,3,3,3
"251,501,751",0.3,3,44.837438128464,NA,0.308143710958553,0.3081352543289,0,15.3347150654792,NA,0,15.3373652337538,0.3081352543289,NA,0,17.5076297029498,0.370758758177979,1,NA,0,0.308143710958553,0.3081352543289,15.33472,3,3,3,3
"251,501,751",0.3,3,-3.26005241782975,NA,0.350941593380511,0.350904512348451,0,-10.3960459543076,NA,0,-10.3809608991319,0.350904512348451,NA,0,-8.78641535047852,0.297396874338823,1,NA,0,0.350941593380511,0.350904512348451,-10.39605,3,3,3,3
"251,501,751",0.3,3,28.6641593178482,NA,0.314889787850918,0.314851993808518,0,7.0465907254247,NA,0,7.05891779198683,0.314851993808518,NA,0,8.37394027417055,0.363343552986011,1,NA,0,0.314889787850918,0.314851993808518,7.04659,3,3,3,3
"251,501,751",0.3,3,88.3212694157884,NA,0.315126396379004,0.315124547997113,0,37.1248875645337,NA,0,37.1255706280559,0.315124547997113,NA,0,37.5801638556899,0.286502849647781,1,NA,0,0.315126396379004,0.315124547997113,37.12489,3,3,3,3
"251,501,751",0.3,3,-10.3070941518283,NA,0.299979049429104,0.299976570156001,0,-12.063091634536,NA,0,-12.0622825769386,0.299976570156001,NA,0,16.1401804523206,0.0701860622544377,1,NA,0,0.299979049429104,0.299976570156001,-12.06309,3,3,3,3
"251,501,751",0.3,3,6.94555240462888,NA,0.319575837734435,0.319629848896608,0,-5.16929008637359,NA,0,-5.18785521387829,0.319629848896608,NA,0,1.87201772520832,0.430321018078172,1,NA,0,0.319575837734435,0.319629848896608,-5.16929,3,3,3,3
"251,501,751",0.3,3,38.7409799521616,NA,0.281730297574119,0.281753435643357,0,12.2290210092813,NA,0,12.2214635317378,0.281753435643357,NA,0,16.2073551017718,0.367511610425546,1,NA,0,0.281730297574119,0.281753435643357,12.22902,3,3,3,3
"251,501,751",0.3,3,27.0241401580989,NA,0.301843999485417,0.301868728420796,0,6.5594433119777,NA,0,6.55192466255184,0.301868728420796,NA,0,12.7967849082845,0.408792794756281,1,NA,0,0.301843999485417,0.301868728420796,6.55944,3,3,3,3
"251,501,751",0.3,3,96.8840196644001,NA,0.260811798570614,0.260810282381339,0,40.6984166756674,NA,0,40.6986826914489,0.260810282381339,NA,0,43.7355456402135,0.336240044033753,1,NA,0,0.260811798570614,0.260810282381339,40.69842,3,3,3,3
"251,501,751",0.3,3,68.9977243190779,NA,0.325173481533526,0.325175510426625,0,27.235460472421,NA,0,27.2349129283521,0.325175510426625,NA,0,29.1391586037267,0.383613712421234,1,NA,0,0.325173481533526,0.325175510426625,27.23546,3,3,3,3
"251,501,751",0.3,3,-72.6741749794531,NA,0.301763927622759,0.301795024563256,0,-45.0952575564581,"",0,-45.1050416521173,0.301795024563256,NA,0,-42.7813802412757,0.234369836463376,1,NA,0,0.301763927622759,0.301795024563256,-45.09526,3,3,3,3
"251,501,751",0.3,3,-1.70403834804827,NA,0.295998213317962,0.295889457547847,0,-8.21198694676213,"",0,-8.17676496007311,0.295889457547847,NA,0,-3.67064262743363,0.204646343810356,1,NA,0,0.295998213317962,0.295889457547847,-8.21199,3,3,3,3
"251,501,751",0.3,3,20.4071228988276,NA,0.325816278115834,0.325821138270283,0,2.85072852921653,"",0,2.84898691017748,0.325821138270283,NA,0,4.33516402418934,0.377281380768565,1,NA,0,0.325816278115834,0.325821138270283,2.85073,3,3,3,3
"251,501,751",0.3,3,135.934202006525,NA,0.335340550293567,0.33531324141617,0,60.1537838182336,"",0,60.1640000908494,0.33531324141617,NA,0,60.2006671037561,0.343120282321819,1,NA,0,0.335340550293567,0.33531324141617,60.15378,3,3,3,3
"251,501,751",0.3,3,22.6014294204228,NA,0.296390768690989,0.296388887023338,0,4.38556753913641,"",0,4.3860799645372,0.296388887023338,NA,0,4.53448655574985,0.27988166409733,1,NA,0,0.296390768690989,0.296388887023338,4.38557,3,3,3,3
"251,501,751",0.3,3,43.141459060512,NA,0.266537299028047,0.266523534559061,0,13.9362876331288,"",0,13.9402386983203,0.266523534559061,NA,0,15.5211552083515,0.320622681845793,1,NA,0,0.266537299028047,0.266523534559061,13.93629,3,3,3,3
"251,501,751",0.3,3,24.9084593521797,NA,0.331826398255653,0.331899623284086,0,3.41790563987974,"",0,3.39151194372593,0.331899623284086,NA,0,12.5451564114277,0.201380219747163,1,NA,0,0.331826398255653,0.331899623284086,3.41791,3,3,3,3
"251,501,751",0.3,3,45.5455168712118,NA,0.275160692423536,0.27512850965776,0,15.3727252646135,"",0,15.3826440481817,0.27512850965776,NA,0,15.819176587825,0.246494663126845,1,NA,0,0.275160692423536,0.27512850965776,15.37273,3,3,3,3
"251,501,751",0.3,3,46.3071453172757,NA,0.255211909991814,0.255207410922631,0,15.1531057801354,"",0,15.1540675598209,0.255207410922631,NA,0,16.5603981438077,0.203840338012198,1,NA,0,0.255211909991814,0.255207410922631,15.15311,3,3,3,3
"251,501,751",0.3,3,74.5775922967864,NA,0.333394435966099,0.333409793550383,0,29.1637089142166,"",0,29.1577734370611,0.333409793550383,NA,0,31.5818014295778,0.266644466591194,1,NA,0,0.333394435966099,0.333409793550383,29.16371,3,3,3,3
"251,501,751",0.3,3,91.729518704081,NA,0.308863867216401,0.308847089474252,0,38.7046073914786,"",0,38.7104527056983,0.308847089474252,NA,0,38.8963427738054,0.326892836322377,1,NA,0,0.308863867216401,0.308847089474252,38.70461,3,3,3,3
"251,501,751",0.3,3,28.7290768020348,NA,0.272083812490984,0.272135999164506,0,6.82960577020804,"",0,6.81517555640226,0.272135999164506,NA,0,8.83238725221971,0.333200212601248,1,NA,0,0.272083812490984,0.272135999164506,6.82961,3,3,3,3
"251,501,751",0.3,3,-33.776667567815,NA,0.319826230138411,0.31982802745731,0,-24.1148654725265,"",0,-24.1155227214909,0.31982802745731,NA,0,-23.295118860286,0.358056920914712,1,NA,0,0.319826230138411,0.31982802745731,-24.11487,3,3,3,3
"251,501,751",0.3,3,64.4825003431772,NA,0.285934088547197,0.28595910706002,0,24.4138606081341,"463,503",2,29.4448127993866,0.262856830263913,NA,0,39.6537186651126,0.116520643232911,1,NA,0,0.285934088547197,0.28595910706002,24.41386,3,1.04,3,3
"251,501,751",0.3,3,6.48316067794443,NA,0.263447928162745,0.263445515893135,0,-4.39696146004068,"",0,-4.39626151550076,0.263445515893135,NA,0,0.429234368527793,0.358453300071051,1,NA,0,0.263447928162745,0.263445515893135,-4.39696,3,3,3,3
"251,501,751",0.3,3,0.0680178621896808,NA,0.304290602966918,0.304274738908929,0,-7.09711395056801,"",0,-7.09174586278917,0.304274738908929,NA,0,-0.286663431584855,0.192538527668327,1,NA,0,0.304290602966918,0.304274738908929,-7.09711,3,3,3,3
"251,501,751",0.3,3,-80.8376444480492,NA,0.304528760794305,0.304532600400399,0,-47.3396695557961,"",0,-47.3408932297701,0.304532600400399,NA,0,-38.336005400825,0.176119433598953,1,NA,0,0.304528760794305,0.304532600400399,-47.33967,3,3,3,3
"251,501,751",0.3,3,22.0299547121938,NA,0.300171611344256,0.300165156420172,0,4.09701497448164,"",0,4.09934549088623,0.300165156420172,NA,0,6.95390639489206,0.372373487913978,1,NA,0,0.300171611344256,0.300165156420172,4.09701,3,3,3,3
"251,501,751",0.3,3,-7.90569975001764,NA,0.299248629269027,0.299286728084062,0,-11.0159374834883,"",0,-11.0281446803276,0.299286728084062,NA,0,-11.0019532020932,0.305949431486708,1,NA,0,0.299248629269027,0.299286728084062,-11.01594,3,3,3,3
"251,501,751",0.3,3,28.7489593040444,NA,0.288038451234753,0.288039326463995,0,7.3172084445434,"",0,7.31694344567123,0.288039326463995,NA,0,19.8089370451121,0.135647900017299,1,NA,0,0.288038451234753,0.288039326463995,7.31721,3,3,3,3
"251,501,751",0.3,3,2.73235069072693,NA,0.323365875675081,0.323364212654583,0,-5.86542599305034,NA,0,-5.86519457748332,0.323364212654583,NA,0,1.33009983351329,0.209257574274489,1,NA,0,0.323365875675081,0.323364212654583,-5.86543,3,3,3,3
"251,501,751",0.3,3,17.0614000515135,NA,0.319922178827025,0.319921013843011,0,1.31566529973187,NA,0,1.31595408206246,0.319921013843011,NA,0,3.81728090435675,0.25262669505206,1,NA,0,0.319922178827025,0.319921013843011,1.31567,3,3,3,3
"251,501,751",0.3,3,80.5567403327732,NA,0.320025632551607,0.319930589279827,0,32.5488112604262,NA,0,32.5809172308629,0.319930589279827,NA,0,45.3305141909604,0.166891006494114,1,NA,0,0.320025632551607,0.319930589279827,32.54881,3,3,3,3
"251,501,751",0.3,3,-3.78585131125421,NA,0.317446741341448,0.317444494623828,0,-8.97313190390411,NA,0,-8.97281095704175,0.317444494623828,NA,0,-5.12902121007995,0.40083327999037,1,NA,0,0.317446741341448,0.317444494623828,-8.97313,3,3,3,3
"251,501,751",0.3,3,57.7957626715414,NA,0.235618814013718,0.23571345787337,0,17.0846145903738,NA,0,17.0618513358752,0.23571345787337,NA,0,17.2444037583833,0.214219523718647,1,NA,0,0.235618814013718,0.23571345787337,17.08461,3,3,3,3
"251,501,751",0.3,3,14.9459797509999,NA,0.313415518469996,0.313426847959552,0,0.437262315050466,NA,0,0.433348296033212,0.313426847959552,NA,0,2.09081426447539,0.368086235553313,1,NA,0,0.313415518469996,0.313426847959552,0.43726,3,3,3,3
"251,501,751",0.3,3,30.6102976028328,NA,0.301221017595099,0.301282599108932,0,8.04857287326437,NA,0,8.02852937349484,0.301282599108932,NA,0,11.840538672927,0.217367424109553,1,NA,0,0.301221017595099,0.301282599108932,8.04857,3,3,3,3
"251,501,751",0.3,3,48.5685310269158,NA,0.265732819790396,0.265742518532437,0,16.4689833826057,NA,0,16.4662143913898,0.265742518532437,NA,0,25.9973853674272,0.131714292869453,1,NA,0,0.265732819790396,0.265742518532437,16.46898,3,3,3,3
"251,501,751",0.3,3,26.2930302687539,NA,0.28347561479236,0.283448331721306,0,5.84991539823672,NA,0,5.85847732296622,0.283448331721306,NA,0,6.29230267596216,0.254915608766485,1,NA,0,0.28347561479236,0.283448331721306,5.84992,3,3,3,3
"251,501,751",0.3,3,-3.36975718105871,NA,0.259579623908035,0.259732271197521,0,-10.928146459223,NA,0,-10.9696311242149,0.259732271197521,NA,0,-8.69538998251605,0.322986941186606,1,NA,0,0.259579623908035,0.259732271197521,-10.92815,3,3,3,3
"251,501,751",0.3,3,91.3093188695801,NA,0.315845187928976,0.315849799578189,0,38.605901303547,NA,0,38.6041263154452,0.315849799578189,NA,0,65.0524884159626,0.0946855564952496,1,NA,0,0.315845187928976,0.315849799578189,38.6059,3,3,3,3
"251,501,751",0.3,3,102.71653310034,NA,0.302094665154177,0.302110484815788,0,44.3260791340409,NA,0,44.320865230417,0.302110484815788,NA,0,54.3104003979824,0.166536746960349,1,NA,0,0.302094665154177,0.302110484815788,44.32608,3,3,3,3
"251,501,751",0.3,3,32.6566244541324,NA,0.338495933103428,0.338566433549044,0,6.65441577768568,NA,0,6.628503641921,0.338566433549044,NA,0,8.21203554714367,0.282613673669211,1,NA,0,0.338495933103428,0.338566433549044,6.65442,3,3,3,3
"251,501,751",0.3,3,67.8744834702346,NA,0.269506938232599,0.269513079820813,0,26.4910763564026,NA,0,26.4893497293103,0.269513079820813,NA,0,26.7492846207935,0.247504523000403,1,NA,0,0.269506938232599,0.269513079820813,26.49108,3,3,3,3
"251,501,751",0.3,3,32.5461711321938,NA,0.300713511064344,0.300713554624718,0,9.36167829629042,NA,0,9.36161304543472,0.300713554624718,NA,0,9.42867557930782,0.311761670166529,1,NA,0,0.300713511064344,0.300713554624718,9.36168,3,3,3,3
"251,501,751",0.3,3,10.9697696784043,NA,0.318746606767116,0.318730630259656,0,-2.06195056323321,NA,0,-2.05615945924039,0.318730630259656,NA,0,-0.47760040187087,0.371347764923407,1,NA,0,0.318746606767116,0.318730630259656,-2.06195,3,3,3,3
"251,501,751",0.3,3,41.2093248391642,NA,0.310429639801907,0.31042856706993,0,13.6147843434048,NA,0,13.6151166667,0.31042856706993,NA,0,13.753222715153,0.32619369609132,1,NA,0,0.310429639801907,0.31042856706993,13.61478,3,3,3,3
"251,501,751",0.3,3,33.1921604549073,NA,0.316732063655439,0.316695307543723,0,8.62430536498209,NA,0,8.63734493000257,0.316695307543723,NA,0,11.0926160544501,0.248720630437291,1,NA,0,0.316732063655439,0.316695307543723,8.62431,3,3,3,3
"251,501,751",0.3,3,55.9920152215639,NA,0.280031494828792,0.280054352973534,0,19.8700317690437,NA,0,19.8633427168972,0.280054352973534,NA,0,22.65770278128,0.207060930014648,1,NA,0,0.280031494828792,0.280054352973534,19.87003,3,3,3,3
"251,501,751",0.3,3,57.842356271168,NA,0.311949938356798,0.311940655667737,0,21.9230092606635,NA,0,21.9253413897142,0.311940655667737,NA,0,27.583312789193,0.210499283421115,1,NA,0,0.311949938356798,0.311940655667737,21.92301,3,3,3,3
"251,501,751",0.3,3,52.2642513615183,NA,0.294137856776017,0.294221428187396,0,18.310157341801,NA,0,18.2826883986835,0.294221428187396,NA,0,18.8004280162425,0.262002385454284,1,NA,0,0.294137856776017,0.294221428187396,18.31016,3,3,3,3
"251,501,751",0.3,3,1.81561452701379,NA,0.293433846284645,0.293408800036134,0,-6.09903763420862,NA,0,-6.09141768429988,0.293408800036134,NA,0,7.15172539692023,0.450007088415387,1,NA,0,0.293433846284645,0.293408800036134,-6.09904,3,3,3,3
"251,501,751",0.3,3,-11.5993434909822,NA,0.258389447708009,0.258385626077055,0,-13.6353345549761,NA,0,-13.6339223374308,0.258385626077055,NA,0,3.44502177450054,0.438541918899406,1,NA,0,0.258389447708009,0.258385626077055,-13.63533,3,3,3,3
"251,501,751",0.3,3,15.6064290417201,NA,0.303752249719721,0.303727371789302,0,0.736446901279841,NA,0,0.744924458872855,0.303727371789302,NA,0,16.406886699752,0.473463365602243,1,NA,0,0.303752249719721,0.303727371789302,0.73645,3,3,3,3
"251,501,751",0.3,3,44.3479254728973,NA,0.30905172130336,0.309105614287947,0,14.2987983889879,NA,0,14.280436007762,0.309105614287947,NA,0,17.4533839392502,0.23188962368871,1,NA,0,0.30905172130336,0.309105614287947,14.2988,3,3,3,3
"251,501,751",0.3,3,36.2588687701848,NA,0.336487016574521,0.336487677577772,0,10.4719360792781,NA,0,10.47184689578,0.336487677577772,NA,0,10.5461094387712,0.324995959380659,1,NA,0,0.336487016574521,0.336487677577772,10.47194,3,3,3,3
"251,501,751",0.3,3,-5.72251415743344,NA,0.265372580951645,0.265350651612035,0,-10.517656846604,NA,0,-10.511730712979,0.265350651612035,NA,0,3.29518219182159,0.426642462945503,1,NA,0,0.265372580951645,0.265350651612035,-10.51766,3,3,3,3
"251,501,751",0.3,3,57.0970954820276,NA,0.265393126923099,0.265568418151477,0,17.5739010554234,NA,0,17.525401603689,0.265568418151477,NA,0,37.1237667408676,0.452843519830834,1,NA,0,0.265393126923099,0.265568418151477,17.5739,3,3,3,3
"251,501,751",0.3,3,-17.5115033319506,NA,0.258599468673903,0.258601719869033,0,-16.6222942600441,NA,0,-16.6229119259482,0.258601719869033,NA,0,-16.0502400065908,0.291249873885329,1,NA,0,0.258599468673903,0.258601719869033,-16.62229,3,3,3,3
"251,501,751",0.3,3,51.5256767206645,NA,0.369647215884792,0.369640843896512,0,15.5266935419146,NA,0,15.52930476084,0.369640843896512,NA,0,19.3264326002868,0.449889939764353,1,NA,0,0.369647215884792,0.369640843896512,15.52669,3,3,3,3
"251,501,751",0.3,3,6.93901942419948,NA,0.321807145680222,0.321814332567278,0,-4.14387163523892,NA,0,-4.14638002718387,0.321814332567278,NA,0,-1.82111973958223,0.256573425514619,1,NA,0,0.321807145680222,0.321814332567278,-4.14387,3,3,3,3
"251,501,751",0.3,3,-30.5484555406949,NA,0.276955506124181,0.276943128888425,0,-22.5336360834553,NA,0,-22.5298054260182,0.276943128888425,NA,0,12.4722967494355,0.535649268139367,1,NA,0,0.276955506124181,0.276943128888425,-22.53364,3,3,3,3
"251,501,751",0.3,3,9.27309111686314,NA,0.308999625488221,0.308977521194924,0,-2.54841119091698,NA,0,-2.54085566579576,0.308977521194924,NA,0,10.1670170743808,0.1561644827684,1,NA,0,0.308999625488221,0.308977521194924,-2.54841,3,3,3,3
"251,501,751",0.3,3,-0.376946024516478,NA,0.245997871933417,0.245930455585684,0,-9.63149349324722,NA,0,-9.6141460873317,0.245930455585684,NA,0,-8.41121556634342,0.292519116646833,1,NA,0,0.245997871933417,0.245930455585684,-9.63149,3,3,3,3
"251,501,751",0.3,3,-62.3383445637254,NA,0.309453570019537,0.30943058756818,0,-38.3794199409761,NA,0,-38.3714968458669,0.30943058756818,NA,0,-36.9381965550149,0.360029086651029,1,NA,0,0.309453570019537,0.30943058756818,-38.37942,3,3,3,3
"251,501,751",0.3,3,-21.7100240514402,NA,0.285932918760232,0.285939483683071,0,-17.9060341972352,NA,0,-17.9079842667568,0.285939483683071,NA,0,-16.6959188051653,0.238647205492713,1,NA,0,0.285932918760232,0.285939483683071,-17.90603,3,3,3,3
"251,501,751",0.3,3,16.0153746082717,NA,0.291576958908765,0.291569818151211,0,0.624859732140315,NA,0,0.627039471007346,0.291569818151211,NA,0,0.737030063732239,0.305249367854339,1,NA,0,0.291576958908765,0.291569818151211,0.62486,3,3,3,3
"251,501,751",0.3,3,23.6198917851163,NA,0.309212411060404,0.30929254571126,0,4.09429498642366,NA,0,4.06701907608934,0.30929254571126,NA,0,4.27186317899801,0.288810979446757,1,NA,0,0.309212411060404,0.30929254571126,4.09429,3,3,3,3
"251,501,751",0.3,3,71.821706939769,NA,0.259635692606559,0.259753826558398,0,26.1126308477211,NA,0,26.0800885027202,0.259753826558398,NA,0,26.2313633924214,0.24029546077652,1,NA,0,0.259635692606559,0.259753826558398,26.11263,3,3,3,3
"251,501,751",0.3,3,25.9555052020321,NA,0.292880182996537,0.292870833030825,0,5.91555186932784,NA,0,5.9186088574414,0.292870833030825,NA,0,5.96527043917353,0.283467827890183,1,NA,0,0.292880182996537,0.292870833030825,5.91555,3,3,3,3
"251,501,751",0.3,3,30.8245938718412,NA,0.305433765487929,0.305490502885592,0,7.31369806989582,NA,0,7.29498574313852,0.305490502885592,NA,0,13.753909519069,0.195449770125205,1,NA,0,0.305433765487929,0.305490502885592,7.3137,3,3,3,3
"251,501,751",0.3,3,76.6689121431025,NA,0.365717638463769,0.365714980454761,0,28.9504167340597,NA,0,28.9499232720363,0.365714980454761,NA,0,32.2397475063349,0.44150163920949,1,NA,0,0.365717638463769,0.365714980454761,28.95042,3,3,3,3
"251,501,751",0.3,3,-38.8864553161772,NA,0.311738228302937,0.311701970506381,0,-26.5676083107795,NA,0,-26.5551531069447,0.311701970506381,NA,0,-10.437494776219,0.483496421621547,1,NA,0,0.311738228302937,0.311701970506381,-26.56761,3,3,3,3
"251,501,751",0.3,3,20.470440494187,NA,0.295405841041449,0.295441659596451,0,3.05276703706225,NA,0,3.04146215020911,0.295441659596451,NA,0,12.3982898621431,0.163785572231957,1,NA,0,0.295405841041449,0.295441659596451,3.05277,3,3,3,3
"251,501,751",0.3,3,0.872112363891279,NA,0.349075261958294,0.34915673520301,0,-8.58802675596483,NA,0,-8.62008322282469,0.34915673520301,NA,0,1.87456198374215,0.484032944320582,1,NA,0,0.349075261958294,0.34915673520301,-8.58803,3,3,3,3
"251,501,751",0.3,3,54.811513052767,NA,0.283515498359317,0.283509587588006,0,20.1334635360335,NA,0,20.1352556233603,0.283509587588006,NA,0,57.3483148570622,0.549864866214089,1,NA,0,0.283515498359317,0.283509587588006,20.13346,3,3,3,3
"251,501,751",0.3,3,-28.445829336046,NA,0.349376406492551,0.349375345482182,0,-22.5147069535476,NA,0,-22.5148481337698,0.349375345482182,NA,0,-21.1045691810733,0.299527708953117,1,NA,0,0.349376406492551,0.349375345482182,-22.51471,3,3,3,3
"251,501,751",0.3,3,50.9010131651151,NA,0.282935519770224,0.28293507797294,0,18.3842147963431,NA,0,18.3842975532233,0.28293507797294,NA,0,25.0126866631371,0.393740956804112,1,NA,0,0.282935519770224,0.28293507797294,18.38421,3,3,3,3
"251,501,751",0.3,3,-2.69633129260375,NA,0.315294571684677,0.315242285551608,0,-8.61514528169612,NA,0,-8.59625736674666,0.315242285551608,NA,0,-6.73021667962149,0.373012093509834,1,NA,0,0.315294571684677,0.315242285551608,-8.61515,3,3,3,3
"251,501,751",0.3,3,74.842173475909,NA,0.30184996724766,0.301848649727093,0,30.5108424616346,NA,0,30.5113871082002,0.301848649727093,NA,0,36.0332557965179,0.201331076161667,1,NA,0,0.30184996724766,0.301848649727093,30.51084,3,3,3,3
"251,501,751",0.3,3,69.7467987368377,NA,0.301074424690205,0.301071931639351,0,27.9189576250217,NA,0,27.9197456926335,0.301071931639351,NA,0,35.6259042299835,0.419865586341248,1,NA,0,0.301074424690205,0.301071931639351,27.91896,3,3,3,3
"251,501,751",0.3,3,24.3594346454537,NA,0.300837208004714,0.300894039539564,0,4.64599005916523,NA,0,4.62775993965488,0.300894039539564,NA,0,9.20708932426637,0.20854686126715,1,NA,0,0.300837208004714,0.300894039539564,4.64599,3,3,3,3
"251,501,751",0.3,3,-57.7694323673526,NA,0.335679419749222,0.335677964727025,0,-36.5077824804201,NA,0,-36.5072564280894,0.335677964727025,NA,0,-30.9169804502611,0.235674636372486,1,NA,0,0.335679419749222,0.335677964727025,-36.50778,3,3,3,3
"251,501,751",0.3,3,98.2001047308045,NA,0.271529587535238,0.271529152787321,0,41.7547716838708,NA,0,41.754847822639,0.271529152787321,NA,0,41.8429636003158,0.258752150257594,1,NA,0,0.271529587535238,0.271529152787321,41.75477,3,3,3,3
"251,501,751",0.3,3,47.4401857292904,NA,0.279996022717112,0.280018407935647,0,16.5599638257277,NA,0,16.5529321194205,0.280018407935647,NA,0,18.4698143679775,0.339435973972009,1,NA,0,0.279996022717112,0.280018407935647,16.55996,3,3,3,3
"251,501,751",0.3,3,58.5581051183228,NA,0.289835871944686,0.289821724436168,0,22.2811986500045,NA,0,22.2856800185476,0.289821724436168,NA,0,22.6288421227279,0.314873762384311,1,NA,0,0.289835871944686,0.289821724436168,22.2812,3,3,3,3
"251,501,751",0.3,3,55.8653679674575,NA,0.306503361688777,0.306516061058357,0,20.9428953953258,NA,0,20.9386422176555,0.306516061058357,NA,0,29.6964291557597,0.179902252643593,1,NA,0,0.306503361688777,0.306516061058357,20.9429,3,3,3,3
"251,501,751",0.3,3,17.3480221296661,NA,0.302646439438886,0.302627264453891,0,1.22060311503289,NA,0,1.22713631278736,0.302627264453891,NA,0,1.47610090533874,0.280612513502531,1,NA,0,0.302646439438886,0.302627264453891,1.2206,3,3,3,3
"251,501,751",0.3,3,59.2310932547539,NA,0.303081174637716,0.303047024181316,0,20.6907193026425,NA,0,20.7022452429305,0.303047024181316,NA,0,21.0139787858719,0.324284544724659,1,NA,0,0.303081174637716,0.303047024181316,20.69072,3,3,3,3
"251,501,751",0.3,3,70.3757356786193,NA,0.301220495461446,0.301193659502353,0,27.8174151534461,NA,0,27.8264699870573,0.301193659502353,NA,0,42.8789639361677,0.467187193322589,1,NA,0,0.301220495461446,0.301193659502353,27.81742,3,3,3,3
"251,501,751",0.3,3,-16.2102593307168,NA,0.269907863880886,0.269896580374508,0,-15.5877709940515,NA,0,-15.5845108871606,0.269896580374508,NA,0,-12.3879220231134,0.192709317700334,1,NA,0,0.269907863880886,0.269896580374508,-15.58777,3,3,3,3
"251,501,751",0.3,3,51.969352234904,NA,0.290898904944301,0.290894336761815,0,18.9936046901384,NA,0,18.9950805248033,0.290894336761815,NA,0,34.9868218965369,0.46338174565708,1,NA,0,0.290898904944301,0.290894336761815,18.9936,3,3,3,3
"251,501,751",0.3,3,59.6411035228646,NA,0.310261354601643,0.310304131084188,0,22.6419559200084,NA,0,22.6271891089869,0.310304131084188,NA,0,36.0067936141735,0.466417791572211,1,NA,0,0.310261354601643,0.310304131084188,22.64196,3,3,3,3
"251,501,751",0.3,3,57.2299213084594,NA,0.332195292770518,0.332189600500157,0,21.1019964144913,NA,0,21.1039929981867,0.332189600500157,NA,0,21.6300919081442,0.30156161916743,1,NA,0,0.332195292770518,0.332189600500157,21.102,3,3,3,3
"251,501,751",0.3,3,-78.9573250818716,NA,0.328279102013641,0.328245729234572,0,-47.4409050105887,NA,0,-47.4285092712252,0.328245729234572,NA,0,-47.3287235378865,0.340729784454648,1,NA,0,0.328279102013641,0.328245729234572,-47.44091,3,3,3,3
"251,501,751",0.3,3,-133.397083438137,NA,0.31867083364056,0.318660879672133,0,-73.8512036321459,NA,0,-73.8481581924523,0.318660879672133,NA,0,-70.6512824188738,0.394595011493005,1,NA,0,0.31867083364056,0.318660879672133,-73.8512,3,3,3,3
"251,501,751",0.3,3,-39.0394260858225,NA,0.344709558915949,0.344712196793675,0,-27.5643825915143,NA,0,-27.5653328072348,0.344712196793675,NA,0,-25.3245776911243,0.281784823349949,1,NA,0,0.344709558915949,0.344712196793675,-27.56438,3,3,3,3
"251,501,751",0.3,3,49.8328981084429,NA,0.314366359680726,0.314368641415476,0,17.8739888597134,NA,0,17.8732056195292,0.314368641415476,NA,0,24.8848647463306,0.201529538286523,1,NA,0,0.314366359680726,0.314368641415476,17.87399,3,3,3,3
"251,501,751",0.3,3,4.91440351706942,NA,0.326018839748734,0.325987454423324,0,-4.89822750591506,NA,0,-4.88771447552242,0.325987454423324,NA,0,6.62951721075278,0.470339535105964,1,NA,0,0.326018839748734,0.325987454423324,-4.89823,3,3,3,3
"251,501,751",0.3,3,47.1070974274106,NA,0.252863767129411,0.252743715293247,0,10.9572794259724,NA,0,10.9897007100044,0.252743715293247,NA,0,11.6321567984911,0.213247404854429,6,249,1,0.232987164404136,0.233449908188669,10.42055,3,3,3,2.002
"251,501,751",0.3,3,-22.1749480898477,NA,0.252997881779249,0.25300849525089,0,-19.3018866909018,NA,0,-19.3046813012388,0.25300849525089,NA,0,-18.1270297725463,0.299888138623309,1,NA,0,0.252997881779249,0.25300849525089,-19.30189,3,3,3,3
"251,501,751",0.3,3,67.557385145805,NA,0.249570295590236,0.249544007913056,0,24.7531813513081,NA,0,24.7597705782795,0.249544007913056,NA,0,25.8259603714747,0.204055280196055,1,NA,0,0.249570295590236,0.249544007913056,24.75318,3,3,3,3
"251,501,751",0.3,3,31.7924717774189,NA,0.2990802527998,0.299125805176049,0,8.52942379794169,NA,0,8.51460645636846,0.299125805176049,NA,0,9.75641402115892,0.25089458591246,1,NA,0,0.2990802527998,0.299125805176049,8.52942,3,3,3,3
"251,501,751",0.3,3,78.5552266944644,NA,0.291799284030112,0.291747409963377,0,31.8090793499896,NA,0,31.8255715071426,0.291747409963377,NA,0,40.9086118682518,0.420524469224889,1,NA,0,0.291799284030112,0.291747409963377,31.80908,3,3,3,3
"251,501,751",0.3,3,-11.3951148132989,NA,0.289765349492626,0.289659918851958,0,-13.2097759708605,NA,0,-13.1759251396256,0.289659918851958,NA,0,-12.0684816628916,0.244013037163065,1,NA,0,0.289765349492626,0.289659918851958,-13.20978,3,3,3,3
"251,501,751",0.3,3,80.8223880676458,NA,0.343930990025633,0.343917362296937,0,32.3084731624645,NA,0,32.3137843597953,0.343917362296937,NA,0,32.4116991666977,0.356915726953435,1,NA,0,0.343930990025633,0.343917362296937,32.30847,3,3,3,3
"251,501,751",0.3,3,25.4772849518248,NA,0.340321073861243,0.340307075175899,0,4.72858762866226,NA,0,4.73395577478179,0.340307075175899,NA,0,29.6620669839459,0.552774632125508,1,NA,0,0.340321073861243,0.340307075175899,4.72859,3,3,3,3
"251,501,751",0.3,3,43.6884141449512,NA,0.282733073654333,0.282748830919567,0,14.599202989711,NA,0,14.594459546574,0.282748830919567,NA,0,14.7584318702801,0.265147701469933,1,NA,0,0.282733073654333,0.282748830919567,14.5992,3,3,3,3
"251,501,751",0.3,3,-29.4904606771305,NA,0.297609600513696,0.297588673558818,0,-21.8096254454806,NA,0,-21.8029538359723,0.297588673558818,NA,0,-5.98707552332408,0.126299500381267,1,NA,0,0.297609600513696,0.297588673558818,-21.80963,3,3,3,3
"251,501,751",0.3,3,-29.2729068454417,NA,0.314867767999078,0.314864202807997,0,-21.6734901009087,NA,0,-21.6727276331714,0.314864202807997,NA,0,-16.3247259686426,0.216354561760574,1,NA,0,0.314867767999078,0.314864202807997,-21.67349,3,3,3,3
"251,501,751",0.3,3,51.3771757302845,NA,0.252671648805982,0.252704563947328,0,17.4151866271213,NA,0,17.4058940033817,0.252704563947328,NA,0,19.3618491296957,0.313037477968047,1,NA,0,0.252671648805982,0.252704563947328,17.41519,3,3,3,3
"251,501,751",0.3,3,11.1532808509698,NA,0.261170793968237,0.261182917813864,0,-2.14877111641771,NA,0,-2.15227835812547,0.261182917813864,NA,0,-0.320114886844808,0.319640878676808,1,NA,0,0.261170793968237,0.261182917813864,-2.14877,3,3,3,3
"251,501,751",0.3,3,21.0775745920634,NA,0.254468518000505,0.25440474830235,0,1.54097345861182,NA,0,1.55840563908495,0.25440474830235,NA,0,5.65522003747712,0.165835218095303,1,NA,0,0.254468518000505,0.25440474830235,1.54097,3,3,3,3
"251,501,751",0.3,3,35.1042141733619,NA,0.30951789879102,0.309585266073561,0,9.41099561609302,NA,0,9.38831364552076,0.309585266073561,NA,0,11.5622586015052,0.245155462573281,1,NA,0,0.30951789879102,0.309585266073561,9.411,3,3,3,3
"251,501,751",0.3,3,1.96157002561034,NA,0.261883154488965,0.261883314935849,0,-6.7085752288303,NA,0,-6.70863135907471,0.261883314935849,NA,0,-6.4466893000277,0.239785832295538,1,NA,0,0.261883154488965,0.261883314935849,-6.70858,3,3,3,3
"251,501,751",0.3,3,53.8176459459725,NA,0.331406670368103,0.331276292725836,0,18.1366151109671,NA,0,18.1851396958057,0.331276292725836,NA,0,19.1486427074209,0.288093263583744,1,NA,0,0.331406670368103,0.331276292725836,18.13662,3,3,3,3
"251,501,751",0.3,3,97.4329822369632,NA,0.280667140519818,0.280684550071276,0,40.4319632122603,NA,0,40.4269296581063,0.280684550071276,NA,0,40.4543908274677,0.271966193114548,1,NA,0,0.280667140519818,0.280684550071276,40.43196,3,3,3,3
"251,501,751",0.3,3,104.013540489859,NA,0.280233310999502,0.280229350508249,0,44.5365625668717,NA,0,44.5378342627772,0.280229350508249,NA,0,49.6745109049333,0.182304533382682,1,NA,0,0.280233310999502,0.280229350508249,44.53656,3,3,3,3
"251,501,751",0.3,3,24.8444552408913,NA,0.348628724493769,0.348595331432767,0,3.87118246631673,NA,0,3.88456589363582,0.348595331432767,NA,0,4.06005180778578,0.365700127842794,1,NA,0,0.348628724493769,0.348595331432767,3.87118,3,3,3,3
"251,501,751",0.3,3,-99.7674553401078,NA,0.26746432062417,0.267607396993985,0,-58.3696029528362,NA,0,-58.4100072927081,0.267607396993985,NA,0,-57.2483235301424,0.219858405660424,1,NA,0,0.26746432062417,0.267607396993985,-58.3696,3,3,3,3
"251,501,751",0.3,3,-3.02412134616138,NA,0.303633890580082,0.303542521629366,0,-10.8393217328718,NA,0,-10.8085445991816,0.303542521629366,NA,0,-6.4471996608779,0.211543174293559,1,NA,0,0.303633890580082,0.303542521629366,-10.83932,3,3,3,3
"251,501,751",0.3,3,17.3531988090918,NA,0.293491301774474,0.293502527261718,0,1.67627727052844,NA,0,1.67279884568002,0.293502527261718,NA,0,4.86207484674634,0.216920458940588,1,NA,0,0.293491301774474,0.293502527261718,1.67628,3,3,3,3
"251,501,751",0.3,3,20.8081181428976,NA,0.271298050168645,0.271269989769572,0,2.91463117889845,NA,0,2.92306390797257,0.271269989769572,NA,0,3.15456002962208,0.25041207499579,1,NA,0,0.271298050168645,0.271269989769572,2.91463,3,3,3,3
"251,501,751",0.3,3,30.6491690841613,NA,0.271039571809231,0.271082701870731,0,6.85128064780091,NA,0,6.83903214444879,0.271082701870731,NA,0,9.46189201477164,0.2000491507067,1,NA,0,0.271039571809231,0.271082701870731,6.85128,3,3,3,3
"251,501,751",0.3,3,1.50567368427147,NA,0.290705533731979,0.290694106427012,0,-6.25977708083508,NA,0,-6.25605956574827,0.290694106427012,NA,0,11.7966266281919,0.474086078524024,1,NA,0,0.290705533731979,0.290694106427012,-6.25978,3,3,3,3
"251,501,751",0.3,3,-6.71523591018117,NA,0.300607562605127,0.300619803959965,0,-10.281563845817,NA,0,-10.2859325960065,0.300619803959965,NA,0,-9.14024133066577,0.346262899998798,1,NA,0,0.300607562605127,0.300619803959965,-10.28156,3,3,3,3
"251,501,751",0.3,3,81.9977866672231,NA,0.312483078446853,0.312504095042346,0,33.8146833656165,NA,0,33.8063856656531,0.312504095042346,NA,0,35.2059016307526,0.362529647631918,1,NA,0,0.312483078446853,0.312504095042346,33.81468,3,3,3,3
"251,501,751",0.3,3,-5.0331886083105,NA,0.293253541621166,0.293252785062564,0,-9.64598138955647,NA,0,-9.64574655331791,0.293252785062564,NA,0,-8.62587091022879,0.336165942269402,1,NA,0,0.293253541621166,0.293252785062564,-9.64598,3,3,3,3
"251,501,751",0.3,3,29.9111258610665,NA,0.340622777596954,0.340612016571719,0,7.03087175614681,NA,0,7.03497877971804,0.340612016571719,NA,0,7.89314310963728,0.301425036045676,1,NA,0,0.340622777596954,0.340612016571719,7.03087,3,3,3,3
"251,501,751",0.3,3,-61.6751370309302,NA,0.315290979727543,0.315289757630792,0,-37.8757717583385,NA,0,-37.875646449102,0.315289757630792,NA,0,-36.3280975881142,0.368145313239731,1,NA,0,0.315290979727543,0.315289757630792,-37.87577,3,3,3,3
"251,501,751",0.3,3,1.84887220813378,NA,0.271602045806938,0.271607438759791,0,-6.46188924964301,"",0,-6.46342068305636,0.271607438759791,NA,0,1.9220676852756,0.396788427415072,1,NA,0,0.271602045806938,0.271607438759791,-6.46189,3,3,3,3
"251,501,751",0.3,3,10.3428588812433,NA,0.31940815866998,0.319410018389973,0,-1.95064920202932,"758,779",2,3.81024844719514,0.298579960693169,NA,0,5.55045260905341,0.436079643670852,1,NA,0,0.31940815866998,0.319410018389973,-1.95065,3,1.035,3,3
"251,501,751",0.3,3,-27.8976913551919,NA,0.261305257793084,0.26120597154695,0,-22.3141449381009,"",0,-22.2861198839072,0.26120597154695,NA,0,-20.3129691119486,0.32119218156848,1,NA,0,0.261305257793084,0.26120597154695,-22.31414,3,3,3,3
"251,501,751",0.3,3,78.2942142767219,NA,0.336591077698048,0.336586359081577,0,31.3110578093595,"",0,31.312889259297,0.336586359081577,NA,0,31.3507788704858,0.328123605752613,1,NA,0,0.336591077698048,0.336586359081577,31.31106,3,3,3,3
"251,501,751",0.3,3,112.758595123889,NA,0.285357158495324,0.285303067194573,0,48.2876292891967,"",0,48.3045509866184,0.285303067194573,NA,0,48.8238003628447,0.314869900969647,1,NA,0,0.285357158495324,0.285303067194573,48.28763,3,3,3,3
"251,501,751",0.3,3,28.6948635666499,NA,0.296305989540773,0.296319160780691,0,7.38581571629727,"",0,7.38129639554882,0.296319160780691,NA,0,8.15520869547454,0.333822850453956,1,NA,0,0.296305989540773,0.296319160780691,7.38582,3,3,3,3
"251,501,751",0.3,3,108.645549184254,NA,0.288679064355547,0.28868415404885,0,47.3407257284582,"",0,47.3387286345789,0.28868415404885,NA,0,50.971060742241,0.370466364909576,1,NA,0,0.288679064355547,0.28868415404885,47.34073,3,3,3,3
"251,501,751",0.3,3,-61.4065537583227,NA,0.360578348757299,0.360603097663361,0,-39.862618929539,"",0,-39.8729391845958,0.360603097663361,NA,0,-24.9586352097163,0.198033431057122,1,NA,0,0.360578348757299,0.360603097663361,-39.86262,3,3,3,3
"251,501,751",0.3,3,117.509921772155,NA,0.308520194606814,0.308506318136421,0,51.4892272976439,"654,832",2,57.6188017024227,0.285795381673985,NA,0,61.6544199441699,0.171842633241707,1,NA,0,0.308520194606814,0.308506318136421,51.48923,3,1.178,3,3
"251,501,751",0.3,3,-56.965769246731,NA,0.279091079384869,0.27904609425148,0,-35.8556111304127,"",0,-35.841984402129,0.27904609425148,NA,0,-35.3570736452948,0.308723996511107,1,NA,0,0.279091079384869,0.27904609425148,-35.85561,3,3,3,3
"251,501,751",0.3,3,104.993149641521,NA,0.248030527716712,0.248046484176188,0,43.9964600117792,"",0,43.9922576989247,0.248046484176188,NA,0,64.3097781734539,0.445073865331822,1,NA,0,0.248030527716712,0.248046484176188,43.99646,3,3,3,3
"251,501,751",0.3,3,69.4548641321097,NA,0.267387006591651,0.267344431268846,0,26.2028526886571,"",0,26.2150319077842,0.267344431268846,NA,0,28.095951188034,0.325273965124103,1,NA,0,0.267387006591651,0.267344431268846,26.20285,3,3,3,3
"251,501,751",0.3,3,-25.8074359146657,NA,0.330555147452161,0.330559557778264,0,-20.3720213605818,"",0,-20.3736130815186,0.330559557778264,NA,0,-15.4652220389006,0.424253884118628,1,NA,0,0.330555147452161,0.330559557778264,-20.37202,3,3,3,3
"251,501,751",0.3,3,69.632916777538,NA,0.293237278615757,0.293237717998824,0,27.8284289079769,"",0,27.8281894017324,0.293237717998824,NA,0,35.8593932831517,0.171437772472615,1,NA,0,0.293237278615757,0.293237717998824,27.82843,3,3,3,3
"251,501,751",0.3,3,11.818058636689,NA,0.328884617861552,0.328881861019906,0,-1.46992151288728,"",0,-1.46880962197917,0.328881861019906,NA,0,11.0674185286898,0.178379806454046,1,NA,0,0.328884617861552,0.328881861019906,-1.46992,3,3,3,3
"251,501,751",0.3,3,-22.8866427590686,NA,0.292286484120347,0.292233969547171,0,-20.5333428688506,"",0,-20.5162813699593,0.292233969547171,NA,0,-20.1894643595048,0.313987109093191,1,NA,0,0.292286484120347,0.292233969547171,-20.53334,3,3,3,3
"251,501,751",0.3,3,-18.5202324584844,NA,0.308434969692334,0.308436414662636,0,-16.212186432711,"",0,-16.2126448870563,0.308436414662636,NA,0,-0.0624848309050341,0.136038564847593,1,NA,0,0.308434969692334,0.308436414662636,-16.21219,3,3,3,3
"251,501,751",0.3,3,27.6362641721419,NA,0.290466186699886,0.29046446002339,0,6.81046450168327,"",0,6.81085063976405,0.29046446002339,NA,0,11.1010104874719,0.201527952515916,1,NA,0,0.290466186699886,0.29046446002339,6.81046,3,3,3,3
"251,501,751",0.3,3,35.4096036479738,NA,0.246567223064973,0.246554504930333,0,9.2191973853237,"",0,9.22239438413514,0.246554504930333,NA,0,16.7875183165208,0.12627768477057,1,NA,0,0.246567223064973,0.246554504930333,9.2192,3,3,3,3
"251,501,751",0.3,3,52.1289920907476,NA,0.333618170802703,0.333597067715828,0,17.9981655083925,"",0,18.0058795557423,0.333597067715828,NA,0,18.254934487807,0.353920672190852,1,NA,0,0.333618170802703,0.333597067715828,17.99817,3,3,3,3
"251,501,751",0.3,3,18.7879452072661,NA,0.272286117181855,0.272280176173969,0,2.045487635281,NA,0,2.04729320491921,0.272280176173969,NA,0,4.44384720382089,0.338987173786419,1,NA,0,0.272286117181855,0.272280176173969,2.04549,3,3,3,3
"251,501,751",0.3,3,4.21915748776919,NA,0.289042137493291,0.289018165597214,0,-4.90312524411684,NA,0,-4.89609044609722,0.289018165597214,NA,0,-4.8199496423496,0.277191426953862,1,NA,0,0.289042137493291,0.289018165597214,-4.90313,3,3,3,3
"251,501,751",0.3,3,-50.2373279367904,NA,0.282448286418141,0.28248024839555,0,-32.3008958185653,NA,0,-32.3107013221213,0.28248024839555,NA,0,-25.4439454526774,0.169520143655336,1,NA,0,0.282448286418141,0.28248024839555,-32.3009,3,3,3,3
"251,501,751",0.3,3,56.9272195591618,NA,0.30469374828393,0.304687089883185,0,21.4862318734931,NA,0,21.4881466679698,0.304687089883185,NA,0,21.4900189389785,0.302790670014217,1,NA,0,0.30469374828393,0.304687089883185,21.48623,3,3,3,3
"251,501,751",0.3,3,42.0838662177299,NA,0.330193180647815,0.330221267940436,0,13.5669579236303,NA,0,13.556141442682,0.330221267940436,NA,0,22.9785486171382,0.460278624837349,1,NA,0,0.330193180647815,0.330221267940436,13.56696,3,3,3,3
"251,501,751",0.3,3,7.88209502852203,NA,0.308909280999154,0.308943911622738,0,-3.2241375072682,NA,0,-3.23699127235275,0.308943911622738,NA,0,3.72558043660673,0.195685198594799,1,NA,0,0.308909280999154,0.308943911622738,-3.22414,3,3,3,3
"251,501,751",0.3,3,41.24384434474,NA,0.286894232028698,0.287023759683167,0,13.242313683954,NA,0,13.2027571313264,0.287023759683167,NA,0,23.4284702637971,0.424029934354899,1,NA,0,0.286894232028698,0.287023759683167,13.24231,3,3,3,3
"251,501,751",0.3,3,71.4146438141931,NA,0.313560737078227,0.31364171440062,0,28.2740352851395,NA,0,28.2454855929112,0.31364171440062,NA,0,31.8982157053108,0.394133250007443,1,NA,0,0.313560737078227,0.31364171440062,28.27404,3,3,3,3
"251,501,751",0.3,3,21.2028556328622,NA,0.310459693435754,0.310535988544832,0,3.34051882763044,NA,0,3.31486472341538,0.310535988544832,NA,0,35.5721307087421,0.064733880804368,1,NA,0,0.310459693435754,0.310535988544832,3.34052,3,3,3,3
"251,501,751",0.3,3,-19.0505511974622,NA,0.291753214913355,0.291746097204392,0,-16.5335516069147,NA,0,-16.5314462979142,0.291746097204392,NA,0,-16.521291727665,0.2959974299363,1,NA,0,0.291753214913355,0.291746097204392,-16.53355,3,3,3,3
"251,501,751",0.3,3,-18.6473426341812,NA,0.258848250747091,0.258851742538176,0,-17.1801030797319,NA,0,-17.1811497203218,0.258851742538176,NA,0,-16.1662653527249,0.215242282479967,1,NA,0,0.258848250747091,0.258851742538176,-17.1801,3,3,3,3
"251,501,751",0.3,3,86.7376504183889,NA,0.262579941995529,0.262581107364333,0,35.6285515817668,NA,0,35.6279306539045,0.262581107364333,NA,0,39.6512536492215,0.349483404650111,1,NA,0,0.262579941995529,0.262581107364333,35.62855,3,3,3,3
"251,501,751",0.3,3,78.7268936061391,NA,0.279542873756808,0.279449279986793,0,31.7097185153104,NA,0,31.7372281139685,0.279449279986793,NA,0,38.55408173554,0.166508222833084,1,NA,0,0.279542873756808,0.279449279986793,31.70972,3,3,3,3
"251,501,751",0.3,3,51.4939830581977,NA,0.323027225477584,0.322983838191794,0,17.3625063823901,NA,0,17.3779885449739,0.322983838191794,NA,0,20.7954042482061,0.399631276365455,1,NA,0,0.323027225477584,0.322983838191794,17.36251,3,3,3,3
"251,501,751",0.3,3,62.6909602330556,NA,0.245638111868022,0.245620943217302,0,21.943803266906,NA,0,21.9484174702265,0.245620943217302,NA,0,24.8961345825612,0.319041754331057,1,NA,0,0.245638111868022,0.245620943217302,21.9438,3,3,3,3
"251,501,751",0.3,3,-49.4439567709446,NA,0.277642290796742,0.277640272048607,0,-31.9956629668679,NA,0,-31.9950752969814,0.277640272048607,NA,0,-26.4734368147068,0.176304433372672,1,NA,0,0.277642290796742,0.277640272048607,-31.99566,3,3,3,3
"251,501,751",0.3,3,54.0045286496492,NA,0.324541569840144,0.324552705996391,0,19.7216567915146,NA,0,19.7177587151785,0.324552705996391,NA,0,29.2261903781855,0.455558673411057,1,NA,0,0.324541569840144,0.324552705996391,19.72166,3,3,3,3
"251,501,751",0.3,3,-13.6794837181705,NA,0.309670304967365,0.309678343541932,0,-13.8024008929635,NA,0,-13.8052263329064,0.309678343541932,NA,0,-7.74849673607996,0.414629443273891,1,NA,0,0.309670304967365,0.309678343541932,-13.8024,3,3,3,3
"251,501,751",0.3,3,60.4685538017099,NA,0.307767855145175,0.307739768975954,0,23.1414684820333,NA,0,23.1504015292642,0.307739768975954,NA,0,23.6926440169587,0.276239451369416,1,NA,0,0.307767855145175,0.307739768975954,23.14147,3,3,3,3
"251,501,751",0.3,3,33.2185050748652,NA,0.299277009793384,0.299244696351672,0,9.29397042895664,NA,0,9.30479459103001,0.299244696351672,NA,0,22.744614144112,0.141224573375258,1,NA,0,0.299277009793384,0.299244696351672,9.29397,3,3,3,3
"251,501,751",0.3,3,81.4549806986345,NA,0.265885020480554,0.26593152724471,0,32.8917932879826,NA,0,32.8791020362344,0.26593152724471,"",0,33.1230763859512,0.28693315598491,1,NA,0,0.265885020480554,0.26593152724471,32.89179,3,3,3,3
"251,501,751",0.3,3,-12.5325117792114,NA,0.26203718270175,0.262026192912988,0,-14.3743630182978,NA,0,-14.3712229637673,0.262026192912988,"",0,5.64633593171292,0.0666721238702492,1,NA,0,0.26203718270175,0.262026192912988,-14.37436,3,3,3,3
"251,501,751",0.3,3,51.8078990252858,NA,0.331901021786582,0.331898796303946,0,18.37456072093,NA,0,18.3752250834379,0.331898796303946,"",0,19.2058039001358,0.29335891990087,1,NA,0,0.331901021786582,0.331898796303946,18.37456,3,3,3,3
"251,501,751",0.3,3,32.8572462047607,NA,0.27726272463867,0.277279640130954,0,8.98595324427159,NA,0,8.98100036301788,0.277279640130954,"",0,9.51251295770762,0.245633587691288,1,NA,0,0.27726272463867,0.277279640130954,8.98595,3,3,3,3
"251,501,751",0.3,3,50.0395222698578,NA,0.340721216443327,0.340720995644453,0,17.1227378391535,NA,0,17.1228311304764,0.340720995644453,"633,656",2,79.9960995837509,-0.0134921343831969,1,NA,0,0.340721216443327,0.340720995644453,17.12274,3,3,1.213,3
"251,501,751",0.3,3,-81.0704008839455,NA,0.288893256547222,0.28889851303129,0,-47.6814814248926,NA,0,-47.6830919139187,0.28889851303129,"",0,-37.1741755528119,0.149191660768074,1,NA,0,0.288893256547222,0.28889851303129,-47.68148,3,3,3,3
"251,501,751",0.3,3,0.591738074238574,NA,0.270574851560732,0.270584138465351,0,-8.49297395057209,NA,0,-8.49541500700821,0.270584138465351,"",0,-4.0623937332258,0.178289062500874,1,NA,0,0.270574851560732,0.270584138465351,-8.49297,3,3,3,3
"251,501,751",0.3,3,69.7913063803593,NA,0.292773058104894,0.292669470570058,0,27.3299196635637,NA,0,27.3624102878088,0.292669470570058,"",0,30.4741645009706,0.216533323781211,1,NA,0,0.292773058104894,0.292669470570058,27.32992,3,3,3,3
"251,501,751",0.3,3,18.3980683179051,NA,0.308536090262373,0.308491808639134,0,2.09325807660443,NA,0,2.10858250412211,0.308491808639134,"",0,2.33321194622426,0.288164011090773,1,NA,0,0.308536090262373,0.308491808639134,2.09326,3,3,3,3
"251,501,751",0.3,3,39.6260707434742,NA,0.285044044940957,0.285048541219913,0,12.7838683600248,NA,0,12.7824472527424,0.285048541219913,"",0,20.3479996129634,0.16668978348233,1,NA,0,0.285044044940957,0.285048541219913,12.78387,3,3,3,3
"251,501,751",0.3,3,18.4726296054494,NA,0.316480898815152,0.316349715226846,0,0.574763421262743,NA,0,0.62022886872465,0.316349715226846,"",0,3.79501948696767,0.23876819891231,1,NA,0,0.316480898815152,0.316349715226846,0.57476,3,3,3,3
"251,501,751",0.3,3,45.1926831545718,NA,0.302633185454879,0.302603230458777,0,15.1602216093936,NA,0,15.1702142635113,0.302603230458777,"",0,22.851095052698,0.420411247419827,1,NA,0,0.302633185454879,0.302603230458777,15.16022,3,3,3,3
"251,501,751",0.3,3,76.4104628577094,NA,0.272238073618501,0.272235699338615,0,30.8800997784082,NA,0,30.8804797369621,0.272235699338615,"",0,31.1019728107363,0.292498804486334,9,NA,0,0.27223696230477,0.272235699338615,30.88007,3,3,3,3
"251,501,751",0.3,3,21.9492050805416,NA,0.309839311815838,0.309830636065876,0,4.00380728474792,NA,0,4.00667973631438,0.309830636065876,"",0,7.63619938715685,0.39098576565713,1,NA,0,0.309839311815838,0.309830636065876,4.00381,3,3,3,3
"251,501,751",0.3,3,-19.5430925397932,NA,0.317766359743041,0.317749242829437,0,-16.8744493603267,NA,0,-16.8683084615221,0.317749242829437,"",0,-16.8422784885701,0.324586687841127,1,NA,0,0.317766359743041,0.317749242829437,-16.87445,3,3,3,3
"251,501,751",0.3,3,100.02709485758,NA,0.253204797446859,0.253208803393894,0,41.8713312021296,NA,0,41.870253591539,0.253208803393894,"",0,41.9593398957569,0.266063449514752,1,NA,0,0.253204797446859,0.253208803393894,41.87133,3,3,3,3
"251,501,751",0.3,3,23.5408312319099,NA,0.295647525568952,0.295646285281779,0,3.33297178136779,NA,0,3.33334679585172,0.295646285281779,"",0,37.2850311765222,0.0408200258666258,1,NA,0,0.295647525568952,0.295646285281779,3.33297,3,3,3,3
"251,501,751",0.3,3,41.4240057944169,NA,0.264250179161651,0.264264887273692,0,13.0766850530572,NA,0,13.0724431533845,0.264264887273692,"",0,32.8714669523948,0.458021857729431,1,NA,0,0.264250179161651,0.264264887273692,13.07669,3,3,3,3
"251,501,751",0.3,3,-13.9354231004019,NA,0.260118669582253,0.260122409422119,0,-14.7300098634547,NA,0,-14.7318062287077,0.260122409422119,"",0,-14.3108263787983,0.288190288122058,1,NA,0,0.260118669582253,0.260122409422119,-14.73001,3,3,3,3
"251,501,751",0.3,3,-57.0768666451299,NA,0.252715089353141,0.252716829049938,0,-36.6342622329015,NA,0,-36.6353542032907,0.252716829049938,"",0,-30.0108994885221,0.140769317877312,1,NA,0,0.252715089353141,0.252716829049938,-36.63426,3,3,3,3
"251,501,751",0.3,3,-59.9774311089154,NA,0.283433697014666,0.283443374291848,0,-37.107015774804,"",0,-37.109884915666,0.283443374291848,NA,0,-33.0404275316794,0.196643566801818,1,NA,0,0.283433697014666,0.283443374291848,-37.10702,3,3,3,3
"251,501,751",0.3,3,21.5768582471371,NA,0.214126806113969,0.214159736810052,0,-0.0966574341823359,"",0,-0.104154005744601,0.214159736810052,NA,0,0.51356642587985,0.179656263242821,1,NA,0,0.214126806113969,0.214159736810052,-0.09666,3,3,3,3
"251,501,751",0.3,3,47.4697779521505,NA,0.278098784863828,0.278118007988184,0,15.3683549749641,"",0,15.3627134837495,0.278118007988184,NA,0,20.5105294877323,0.179028938798065,1,NA,0,0.278098784863828,0.278118007988184,15.36835,3,3,3,3
"251,501,751",0.3,3,12.3655275816734,NA,0.209785820647478,0.209823802550781,0,-5.0865762434312,"",0,-5.09457418328475,0.209823802550781,NA,0,3.55373136527784,0.338860534435916,1,NA,0,0.209785820647478,0.209823802550781,-5.08658,3,3,3,3
"251,501,751",0.3,3,92.8996922938121,NA,0.360378830691739,0.360379185526058,0,37.417004513262,"",0,37.4168673131655,0.360379185526058,NA,0,57.25362468795,0.547967583609735,1,NA,0,0.360378830691739,0.360379185526058,37.417,3,3,3,3
"251,501,751",0.3,3,-30.6570157890708,NA,0.298146067844348,0.298076929802702,0,-22.675796448463,"",0,-22.6526361912914,0.298076929802702,NA,0,-19.6802373054805,0.223746085463217,1,NA,0,0.298146067844348,0.298076929802702,-22.6758,3,3,3,3
"251,501,751",0.3,3,113.592101739882,NA,0.351779176863327,0.351774844289952,0,48.3272850638537,"",0,48.3290264187794,0.351774844289952,NA,0,48.9362058475143,0.384354621593791,1,NA,0,0.351779176863327,0.351774844289952,48.32729,3,3,3,3
"251,501,751",0.3,3,123.385734771596,NA,0.304736596841003,0.304752554360456,0,54.7222996985837,"49,94",2,57.5077356190245,0.277977182885094,NA,0,56.0098067549684,0.256206414305736,1,NA,0,0.304736596841003,0.304752554360456,54.7223,3,1.359,3,3
"251,501,751",0.3,3,-47.7351034684053,NA,0.286206056746225,0.286211155628951,0,-30.883441267309,"",0,-30.8848940088711,0.286211155628951,NA,0,-30.68342884182,0.305437970174077,1,NA,0,0.286206056746225,0.286211155628951,-30.88344,3,3,3,3
"251,501,751",0.3,3,45.8611490741878,NA,0.313504642692342,0.313486942147241,0,15.8841091705103,"",0,15.8901492381685,0.313486942147241,NA,0,28.5241005814877,0.465360294042651,1,NA,0,0.313504642692342,0.313486942147241,15.88411,3,3,3,3
"251,501,751",0.3,3,59.6256194998592,NA,0.258091426070713,0.258076520726696,0,21.4325914176341,"",0,21.436803420422,0.258076520726696,NA,0,25.2912918378779,0.172576330165665,1,NA,0,0.258091426070713,0.258076520726696,21.43259,3,3,3,3
"251,501,751",0.3,3,-56.8216398963009,NA,0.283251678895605,0.283331599804234,0,-36.1709382763075,"",0,-36.1958072286315,0.283331599804234,NA,0,-35.4652214663856,0.245618747082378,1,NA,0,0.283251678895605,0.283331599804234,-36.17094,3,3,3,3
"251,501,751",0.3,3,-5.71325708539987,NA,0.293663107262668,0.293603061626875,0,-10.1687357413633,"",0,-10.1504740379808,0.293603061626875,NA,0,-1.14360749458559,0.422213565185493,1,NA,0,0.293663107262668,0.293603061626875,-10.16874,3,3,3,3
"251,501,751",0.3,3,11.381501238913,NA,0.262516441790844,0.262518947611342,0,-1.97814522055128,"",0,-1.97900110042912,0.262518947611342,NA,0,-1.4537807364459,0.231207174988233,1,NA,0,0.262516441790844,0.262518947611342,-1.97815,3,3,3,3
"251,501,751",0.3,3,-36.5737709018894,NA,0.29234062032009,0.292353987646832,0,-25.3670836713649,"",0,-25.3712780796898,0.292353987646832,NA,0,-1.32008368071772,0.0799185209282456,1,NA,0,0.29234062032009,0.292353987646832,-25.36708,3,3,3,3
"251,501,751",0.3,3,2.68296650458116,NA,0.283094175635495,0.283096195707626,0,-5.72260115927972,"",0,-5.72322556075819,0.283096195707626,NA,0,-4.51112321206928,0.235841532891162,1,NA,0,0.283094175635495,0.283096195707626,-5.7226,3,3,3,3
"251,501,751",0.3,3,16.8940224660251,NA,0.271806104935267,0.271809548773354,0,1.10561095324448,"",0,1.10480158551643,0.271809548773354,NA,0,6.75199167325299,0.169146659285363,1,NA,0,0.271806104935267,0.271809548773354,1.10561,3,3,3,3
"251,501,751",0.3,3,12.9884351372555,NA,0.350494579853656,0.350432729565785,0,-3.51051225973493,"",0,-3.48544473869394,0.350432729565785,NA,0,-3.48826224640705,0.346301165853073,1,NA,0,0.350494579853656,0.350432729565785,-3.51051,3,3,3,3
"251,501,751",0.3,3,74.9263208419993,NA,0.263991173518792,0.263971384670993,0,29.2944436555137,"",0,29.2996140646446,0.263971384670993,NA,0,53.9599438362437,0.0463366054163357,1,NA,0,0.263991173518792,0.263971384670993,29.29444,3,3,3,3
"251,501,751",0.3,3,-69.9121153975306,NA,0.248756025761953,0.248791308939313,0,-43.8311695862822,"",0,-43.8404695132801,0.248791308939313,NA,0,-41.0398022423233,0.175601628169107,1,NA,0,0.248756025761953,0.248791308939313,-43.83117,3,3,3,3
"251,501,751",0.3,3,9.36389991462717,NA,0.273489968831021,0.273359196619429,0,-3.75110922533484,NA,0,-3.71255723308875,0.273359196619429,"",0,3.97641328702263,0.152678400331987,1,NA,0,0.273489968831021,0.273359196619429,-3.75111,3,3,3,3
"251,501,751",0.3,3,73.4513026182961,NA,0.268810351056932,0.268800425946502,0,29.2776991437506,NA,0,29.2807690439779,0.268800425946502,"",0,37.6443155558364,0.393909769481559,1,NA,0,0.268810351056932,0.268800425946502,29.2777,3,3,3,3
"251,501,751",0.3,3,3.71037369797304,NA,0.336572279248613,0.33657210931333,0,-5.80510428995255,NA,0,-5.80547976138105,0.33657210931333,"",0,-5.29445785156923,0.306446378028753,1,NA,0,0.336572279248613,0.33657210931333,-5.8051,3,3,3,3
"251,501,751",0.3,3,59.5235235666752,NA,0.250991718715042,0.250992289311015,0,20.9267234848101,NA,0,20.9265639933795,0.250992289311015,"",0,26.7646678193839,0.355186594735892,1,NA,0,0.250991718715042,0.250992289311015,20.92672,3,3,3,3
"251,501,751",0.3,3,54.6397842338115,NA,0.2533941991258,0.253366478010512,0,19.1010370346418,NA,0,19.1085542987812,0.253366478010512,"",0,21.3467249615485,0.188458147768261,1,NA,0,0.2533941991258,0.253366478010512,19.10104,3,3,3,3
"251,501,751",0.3,3,-25.054929918248,NA,0.341894755314472,0.341899530722966,0,-20.4345746418241,NA,0,-20.4363944268,0.341899530722966,"",0,-4.18066634320373,0.512709912058148,1,NA,0,0.341894755314472,0.341899530722966,-20.43457,3,3,3,3
"251,501,751",0.3,3,20.6529043837992,NA,0.278395725309304,0.278397990151329,0,3.16482845632104,NA,0,3.16403674912755,0.278397990151329,"",0,5.75730213578546,0.209125546418331,1,NA,0,0.278395725309304,0.278397990151329,3.16483,3,3,3,3
"251,501,751",0.3,3,18.1393849289361,NA,0.274964818341326,0.274958889179275,0,1.34803071048808,NA,0,1.34987662250584,0.274958889179275,"",0,6.2451652206098,0.369660936940954,1,NA,0,0.274964818341326,0.274958889179275,1.34803,3,3,3,3
"251,501,751",0.3,3,-9.41748557887642,NA,0.337509557409135,0.337506510874814,0,-12.4188436896655,NA,0,-12.4176381848832,0.337506510874814,"",0,-11.48363292219,0.296772865943939,1,NA,0,0.337509557409135,0.337506510874814,-12.41884,3,3,3,3
"251,501,751",0.3,3,18.3443317458488,NA,0.263833492479376,0.26385960174178,0,1.47108389619241,NA,0,1.46315883936866,0.26385960174178,"",0,8.9143069093836,0.145424321869068,1,NA,0,0.263833492479376,0.26385960174178,1.47108,3,3,3,3
"251,501,751",0.3,3,1.75137652425189,NA,0.238265907942385,0.238274651252633,0,-8.38535033161615,NA,0,-8.38765388575105,0.238274651252633,"",0,-2.56438354933166,0.342990139205644,1,NA,0,0.238265907942385,0.238274651252633,-8.38535,3,3,3,3
"251,501,751",0.3,3,6.92293465611846,NA,0.257475053138206,0.257472205077987,0,-4.42008299077997,NA,0,-4.41945136867518,0.257472205077987,"",0,-1.72777905308252,0.186457630769648,9,NA,0,0.25747309655639,0.257472205077987,-4.42011,3,3,3,3
"251,501,751",0.3,3,59.6381311653154,NA,0.355874007349835,0.355858134594831,0,21.063784805442,NA,0,21.0702531094538,0.355858134594831,"",0,21.3379138324478,0.334154292634408,1,NA,0,0.355874007349835,0.355858134594831,21.06378,3,3,3,3
"251,501,751",0.3,3,17.252505748817,NA,0.28321844454897,0.283258408046105,0,0.144798711968813,NA,0,0.132903417085998,0.283258408046105,"347,353",2,45.9550593998765,-0.0272389789584013,1,NA,0,0.28321844454897,0.283258408046105,0.1448,3,3,1.198,3
"251,501,751",0.3,3,-24.764943977601,NA,0.283023398596131,0.283017482062082,0,-19.4586129837814,NA,0,-19.4568016544352,0.283017482062082,"",0,-2.4576917128445,0.461368435478932,1,NA,0,0.283023398596131,0.283017482062082,-19.45861,3,3,3,3
"251,501,751",0.3,3,5.11143510698344,NA,0.34429043789031,0.344289067077931,0,-5.53253690180488,NA,0,-5.53269234337137,0.344289067077931,"",0,-4.74085647550769,0.381703748411632,1,NA,0,0.34429043789031,0.344289067077931,-5.53254,3,3,3,3
"251,501,751",0.3,3,68.5470487224722,NA,0.288979614715618,0.289034199524058,0,27.0539664217451,NA,0,27.0373819778423,0.289034199524058,"",0,30.0418595266922,0.214326385846104,1,NA,0,0.288979614715618,0.289034199524058,27.05397,3,3,3,3
"251,501,751",0.3,3,83.5037310953599,NA,0.29364274568308,0.293657100435315,0,33.2065937302076,NA,0,33.2022442227559,0.293657100435315,"",0,33.3521267710933,0.27476152368541,1,NA,0,0.29364274568308,0.293657100435315,33.20659,3,3,3,3
"251,501,751",0.3,3,90.0415696491865,NA,0.303714744868505,0.303740943080401,0,37.9732674437868,NA,0,37.9649510620028,0.303740943080401,"",0,38.109960343786,0.319854278269739,1,NA,0,0.303714744868505,0.303740943080401,37.97327,3,3,3,3
"251,501,751",0.3,3,72.6020569311274,NA,0.323852062827069,0.323871139774908,0,28.9999878307346,NA,0,28.9921106412864,0.323871139774908,"",0,33.211143670689,0.236432369044228,1,NA,0,0.323852062827069,0.323871139774908,28.99999,3,3,3,3
"251,501,751",0.3,3,-27.4936899762062,NA,0.281374416625739,0.281320828438074,0,-21.0646517857172,NA,0,-21.0481729721353,0.281320828438074,NA,0,-18.4188694623636,0.211461384864158,1,NA,0,0.281374416625739,0.281320828438074,-21.06465,3,3,3,3
"251,501,751",0.3,3,39.7842018496694,NA,0.279764460620717,0.279769815189176,0,12.7071263000895,NA,0,12.7053676518303,0.279769815189176,NA,0,15.9456565426722,0.202245793482391,1,NA,0,0.279764460620717,0.279769815189176,12.70713,3,3,3,3
"251,501,751",0.3,3,12.0066538545122,NA,0.25996459755057,0.259969088319589,0,-1.76181536969646,NA,0,-1.7635226272219,0.259969088319589,NA,0,-0.256307058036145,0.206885237051632,1,NA,0,0.25996459755057,0.259969088319589,-1.76182,3,3,3,3
"251,501,751",0.3,3,39.9442682896166,NA,0.232193293386187,0.232193992599522,0,10.6386799463428,NA,0,10.6384790539529,0.232193992599522,NA,0,11.9232309822287,0.182849543075303,1,NA,0,0.232193293386187,0.232193992599522,10.63868,3,3,3,3
"251,501,751",0.3,3,-96.175700603379,NA,0.293964903080043,0.293967415720975,0,-55.0161446439959,NA,0,-55.0168022269331,0.293967415720975,NA,0,-52.5878583764475,0.227257568076298,1,NA,0,0.293964903080043,0.293967415720975,-55.01614,3,3,3,3
"251,501,751",0.3,3,5.54483830904833,NA,0.29492577418342,0.294964766839871,0,-4.55707769773472,NA,0,-4.56941080786399,0.294964766839871,NA,0,-2.28582980107538,0.359001469206242,1,NA,0,0.29492577418342,0.294964766839871,-4.55708,3,3,3,3
"251,501,751",0.3,3,-21.1775807930526,NA,0.331287979171941,0.33127820200211,0,-18.1981511790909,NA,0,-18.1944394025159,0.33127820200211,NA,0,-8.8242433074086,0.201270189513143,1,NA,0,0.331287979171941,0.33127820200211,-18.19815,3,3,3,3
"251,501,751",0.3,3,53.3970912690698,NA,0.299892779057336,0.299911579762314,0,19.5784651579457,NA,0,19.5724225250866,0.299911579762314,NA,0,19.6118697334258,0.308096459121683,1,NA,0,0.299892779057336,0.299911579762314,19.57847,3,3,3,3
"251,501,751",0.3,3,71.4260227761452,NA,0.294016753049706,0.294021829191904,0,28.7497842948918,NA,0,28.7481968869645,0.294021829191904,NA,0,29.0129668959141,0.27197419334531,1,NA,0,0.294016753049706,0.294021829191904,28.74978,3,3,3,3
"251,501,751",0.3,3,46.9439810316591,NA,0.30859902630551,0.30859238058,0,16.4315683555649,NA,0,16.433717360662,0.30859238058,NA,0,17.561462586595,0.353690141286693,1,NA,0,0.30859902630551,0.30859238058,16.43157,3,3,3,3
"251,501,751",0.3,3,-2.98083509657927,NA,0.264526663029281,0.26453010792746,0,-9.08010704778901,NA,0,-9.08115229079957,0.26453010792746,NA,0,16.3381647808854,0.484762684861477,1,NA,0,0.264526663029281,0.26453010792746,-9.08011,3,3,3,3
"251,501,751",0.3,3,-7.36412399408588,NA,0.259093461876685,0.258943059744617,0,-13.6147739672293,NA,0,-13.572731892172,0.258943059744617,NA,0,5.96118724635289,0.0644555124007289,1,NA,0,0.259093461876685,0.258943059744617,-13.61477,3,3,3,3
"251,501,751",0.3,3,47.9014850789371,NA,0.292950926894769,0.293078322183139,0,15.2038166359522,NA,0,15.1639109014112,0.293078322183139,NA,0,15.5118525513286,0.315802503329902,1,NA,0,0.292950926894769,0.293078322183139,15.20382,3,3,3,3
"251,501,751",0.3,3,125.103987762765,NA,0.290418192634587,0.290386394456628,0,55.2996957471095,NA,0,55.309998044943,0.290386394456628,NA,0,60.5907330976373,0.191409965539438,1,NA,0,0.290418192634587,0.290386394456628,55.2997,3,3,3,3
"251,501,751",0.3,3,65.9099311728899,NA,0.264784802298625,0.264787707235743,0,25.3571610168969,NA,0,25.3563467572737,0.264787707235743,NA,0,33.2799110497055,0.386720353688477,1,NA,0,0.264784802298625,0.264787707235743,25.35716,3,3,3,3
"251,501,751",0.3,3,-27.0565985821669,NA,0.250592925124431,0.250629003318874,0,-23.9885679480805,NA,0,-23.9977430499325,0.250629003318874,NA,0,-23.8534755532269,0.264738335024471,1,NA,0,0.250592925124431,0.250629003318874,-23.98857,3,3,3,3
"251,501,751",0.3,3,37.6213661726875,NA,0.288401206377754,0.288411289522849,0,11.8107257963023,NA,0,11.8075722211648,0.288411289522849,NA,0,64.839368656946,-0.0319032303264991,1,NA,0,0.288401206377754,0.288411289522849,11.81073,3,3,3,3
"251,501,751",0.3,3,84.4678686217891,NA,0.270977467935875,0.270890910067788,0,34.4375327853367,NA,0,34.4627763635619,0.270890910067788,NA,0,40.9546226236124,0.160540489594641,1,NA,0,0.270977467935875,0.270890910067788,34.43753,3,3,3,3
"251,501,751",0.3,3,-13.5938813207744,NA,0.338805531305469,0.338805633045454,0,-14.5530833459212,NA,0,-14.5534630978575,0.338805633045454,NA,0,-11.2810526875717,0.415115048402866,1,NA,0,0.338805531305469,0.338805633045454,-14.55308,3,3,3,3
"251,501,751",0.3,3,49.1442154659952,NA,0.276661943103281,0.276656782735804,0,17.3423674569123,NA,0,17.3439428789909,0.276656782735804,NA,0,17.6772342820442,0.301442123609691,1,NA,0,0.276661943103281,0.276656782735804,17.34237,3,3,3,3
"251,501,751",0.3,3,31.5750787638149,NA,0.319241627922329,0.319203057181123,0,7.64767885649233,NA,0,7.66164771827654,0.319203057181123,NA,0,40.2082960402463,0.563004941271218,1,NA,0,0.319241627922329,0.319203057181123,7.64768,3,3,3,3
"251,501,751",0.3,3,63.5186240811417,NA,0.258052372169044,0.258120840643777,0,23.717952140196,NA,0,23.698327809715,0.258120840643777,NA,0,27.1326249102971,0.338006492090125,1,NA,0,0.258052372169044,0.258120840643777,23.71795,3,3,3,3
"251,501,751",0.3,3,-1.67833086319689,NA,0.323564490006495,0.323571865525527,0,-8.35043901484045,NA,0,-8.35304445181346,0.323571865525527,NA,0,11.4420435711624,0.51314717555774,1,NA,0,0.323564490006495,0.323571865525527,-8.35044,3,3,3,3
"251,501,751",0.3,3,-72.4311687500868,NA,0.319272361625687,0.319106316513312,0,-44.4753587036837,NA,0,-44.4177327944014,0.319106316513312,NA,0,-44.3979236993537,0.31166555017882,1,NA,0,0.319272361625687,0.319106316513312,-44.47536,3,3,3,3
"251,501,751",0.3,3,-45.6419849136146,NA,0.337928071872884,0.337927496385908,0,-30.7049780653216,NA,0,-30.7048123144143,0.337927496385908,NA,0,-21.3010318317164,0.207999257115438,1,NA,0,0.337928071872884,0.337927496385908,-30.70498,3,3,3,3
"251,501,751",0.3,3,34.0723982922823,NA,0.355179536428995,0.355160688688653,0,8.21349098030393,NA,0,8.22096923572355,0.355160688688653,NA,0,8.22131074203183,0.355724798421579,1,NA,0,0.355179536428995,0.355160688688653,8.21349,3,3,3,3
"251,501,751",0.3,3,14.0258627493157,NA,0.301539154213125,0.301539906711502,0,0.1035111159389,NA,0,0.103407001205576,0.301539906711502,NA,0,19.3842261057605,0.112441994598794,1,NA,0,0.301539154213125,0.301539906711502,0.10351,3,3,3,3
"251,501,751",0.3,3,0.703766083022639,NA,0.292250846847624,0.292279325687941,0,-6.64225984315097,NA,0,-6.65163077403323,0.292279325687941,NA,0,23.885761298566,0.532159048332012,1,NA,0,0.292250846847624,0.292279325687941,-6.64226,3,3,3,3
"251,501,751",0.3,3,-4.29397189838323,NA,0.252411482052645,0.252372724256419,0,-11.7699822882597,NA,0,-11.7593862785138,0.252372724256419,NA,0,-11.7600970092434,0.249623108422977,1,NA,0,0.252411482052645,0.252372724256419,-11.76998,3,3,3,3
"251,501,751",0.3,3,-19.3348916266527,NA,0.258024574941972,0.257987272049624,0,-18.3256566500353,NA,0,-18.3152509164662,0.257987272049624,NA,0,-16.2407519528478,0.194683295596025,1,NA,0,0.258024574941972,0.257987272049624,-18.32566,3,3,3,3
"251,501,751",0.3,3,-56.7240316594943,NA,0.298597713694508,0.298616262321695,0,-35.3014505802332,NA,0,-35.3074157629657,0.298616262321695,NA,0,-14.2062480944852,0.100412916008634,1,NA,0,0.298597713694508,0.298616262321695,-35.30145,3,3,3,3
"251,501,751",0.3,3,59.1559978519915,NA,0.317009969176632,0.316916170936785,0,21.5565995129919,NA,0,21.5889585369829,0.316916170936785,NA,0,30.0384715022297,0.439430924746781,1,NA,0,0.317009969176632,0.316916170936785,21.5566,3,3,3,3
"251,501,751",0.3,3,36.5496539338222,NA,0.324964610218171,0.324967782606398,0,10.9527123856733,NA,0,10.9515825600791,0.324967782606398,NA,0,16.48211422281,0.424612985659549,1,NA,0,0.324964610218171,0.324967782606398,10.95271,3,3,3,3
"251,501,751",0.3,3,3.54133889809388,NA,0.285844580826507,0.285630338335304,0,-10.4355492224423,NA,0,-10.3695271958726,0.285630338335304,NA,0,-10.1731107087227,0.259564849845809,1,NA,0,0.285844580826507,0.285630338335304,-10.43555,3,3,3,3
"251,501,751",0.3,3,74.5286700879782,NA,0.276097571571121,0.276094901581185,0,29.6718827930844,NA,0,29.6726267672858,0.276094901581186,NA,0,44.36255824228,0.44156761071946,1,NA,0,0.276097571571121,0.276094901581185,29.67188,3,3,3,3
"251,501,751",0.3,3,43.6182760199537,NA,0.262492814644031,0.262470337355554,0,13.8887418739821,NA,0,13.8951895007766,0.262470337355554,NA,0,33.0873708062598,0.452991761555617,1,NA,0,0.262492814644031,0.262470337355554,13.88874,3,3,3,3
"251,501,751",0.3,3,44.0564781196825,NA,0.361338162603576,0.361397979661282,0,12.2945909115443,NA,0,12.2701986571589,0.361397979661282,NA,0,48.8444509956156,0.616671387291996,1,NA,0,0.361338162603576,0.361397979661282,12.29459,3,3,3,3
"251,501,751",0.3,3,91.6745430548214,NA,0.270227124815961,0.270235638371276,0,37.7247233128629,NA,0,37.7221010727824,0.270235638371276,NA,0,92.1779584522612,0.59582782878802,1,NA,0,0.270227124815961,0.270235638371276,37.72472,3,3,3,3
"251,501,751",0.3,3,48.6803022617393,NA,0.257033716091718,0.257036061661422,0,16.4425807890695,NA,0,16.4420556521922,0.257036061661422,NA,0,17.2636023259134,0.296237486922335,1,NA,0,0.257033716091718,0.257036061661422,16.44258,3,3,3,3
"251,501,751",0.3,3,-34.0496005780968,NA,0.311647955115149,0.311656837227465,0,-24.0253595770952,NA,0,-24.0282267678275,0.311656837227465,NA,0,-23.0838364673186,0.352951724948168,1,NA,0,0.311647955115149,0.311656837227465,-24.02536,3,3,3,3
"251,501,751",0.3,3,68.4165639376436,NA,0.312946102893865,0.312948627519311,0,25.924628809048,NA,0,25.9240652649803,0.312948627519311,NA,0,25.9617971958599,0.319564298239959,1,NA,0,0.312946102893865,0.312948627519311,25.92463,3,3,3,3
"251,501,751",0.3,3,67.5679223878947,NA,0.35389644274107,0.35389868359185,0,25.2221786822994,NA,0,25.2205919598193,0.35389868359185,NA,0,32.4216910317851,0.46661043041775,1,NA,0,0.35389644274107,0.35389868359185,25.22218,3,3,3,3
"251,501,751",0.3,3,37.6915247857307,NA,0.290627901434678,0.290633851994302,0,11.8161159733627,NA,0,11.8139607687137,0.290633851994302,NA,0,18.53710129436,0.401911530180351,1,NA,0,0.290627901434678,0.290633851994302,11.81612,3,3,3,3
"251,501,751",0.3,3,-25.2390184943366,NA,0.308236101663554,0.308234758040995,0,-19.6590342745183,NA,0,-19.6587051534895,0.308234758040995,NA,0,-19.4790563135032,0.290025462236756,1,NA,0,0.308236101663554,0.308234758040995,-19.65903,3,3,3,3
"251,501,751",0.3,3,-64.4780338778073,NA,0.311076836250589,0.31107137851358,0,-40.6367239908718,NA,0,-40.6345120855578,0.31107137851358,NA,0,-35.1337840834222,0.209375609843272,1,NA,0,0.311076836250589,0.31107137851358,-40.63672,3,3,3,3
"251,501,751",0.3,3,30.6875638801111,NA,0.31315883809798,0.313164688030662,0,8.25815781403843,NA,0,8.25612069498368,0.313164688030662,NA,0,10.7883560914433,0.380787383233639,1,NA,0,0.31315883809798,0.313164688030662,8.25816,3,3,3,3
"251,501,751",0.3,3,-36.0145321013059,NA,0.310328854569443,0.310351380724521,0,-26.4737151375979,NA,0,-26.4810061851552,0.310351380724521,NA,0,-26.4799637104993,0.305681731670759,1,NA,0,0.310328854569443,0.310351380724521,-26.47372,3,3,3,3
"251,501,751",0.3,3,-15.1532402963612,NA,0.32642702105347,0.326437589123108,0,-15.3505035635108,NA,0,-15.3544022823385,0.326437589123108,NA,0,27.5681577588929,0.608499557916941,1,NA,0,0.32642702105347,0.326437589123108,-15.3505,3,3,3,3
"251,501,751",0.3,3,-0.57404717246995,NA,0.282810599256284,0.282829978920081,0,-7.49590880225168,NA,0,-7.50200326869512,0.282829978920081,NA,0,3.4350691871397,0.425234849020771,1,NA,0,0.282810599256284,0.282829978920081,-7.49591,3,3,3,3
"251,501,751",0.3,3,73.9802315197988,NA,0.286940829924458,0.286990543050688,0,29.7613103772375,NA,0,29.7457563863459,0.286990543050688,NA,0,30.9296984585531,0.239999700129452,1,NA,0,0.286940829924458,0.286990543050688,29.76131,3,3,3,3
"251,501,751",0.3,3,12.0492380317619,NA,0.281885245694968,0.281914605664018,0,-1.46200527757506,NA,0,-1.47079878433251,0.281914605664018,NA,0,-0.476323994545633,0.324179942847838,1,NA,0,0.281885245694968,0.281914605664018,-1.46201,3,3,3,3
"251,501,751",0.3,3,-13.4299486683191,NA,0.242041730593603,0.242051563313198,0,-15.4332419158323,NA,0,-15.4358652537637,0.242051563313198,NA,0,-11.9750021177785,0.322868369508603,1,NA,0,0.242041730593603,0.242051563313198,-15.43324,3,3,3,3
"251,501,751",0.3,3,9.44889389832716,NA,0.308285584304475,0.308328294210617,0,-2.4213842944907,NA,0,-2.43600732961807,0.308328294210617,NA,0,1.31191797411234,0.390456366903249,1,NA,0,0.308285584304475,0.308328294210617,-2.42138,3,3,3,3
"251,501,751",0.3,3,-37.3211863757366,NA,0.329884380139475,0.329875784351833,0,-26.0863510710695,NA,0,-26.0830302732929,0.329875784351833,NA,0,-25.7902933214628,0.352705432557164,1,NA,0,0.329884380139475,0.329875784351833,-26.08635,3,3,3,3
"251,501,751",0.3,3,63.6554878007971,NA,0.357415191907129,0.357386631588002,0,22.8576353553676,NA,0,22.8688822014165,0.357386631588002,NA,0,25.8693238209759,0.284693935604972,1,NA,0,0.357415191907129,0.357386631588002,22.85764,3,3,3,3
"251,501,751",0.3,3,26.3068824600223,NA,0.311233446969102,0.311263633107123,0,5.06804355941969,NA,0,5.05802147219617,0.311263633107123,NA,0,5.06901482487126,0.314422339274283,1,NA,0,0.311233446969102,0.311263633107123,5.06804,3,3,3,3
"251,501,751",0.3,3,112.493304804044,NA,0.211444306907789,0.211370090493112,0,45.0262543903042,NA,0,45.0428337202078,0.211370090493112,NA,0,50.2363056834822,0.311079815293126,1,NA,0,0.211444306907789,0.211370090493112,45.02625,3,3,3,3
"251,501,751",0.3,3,-1.63345813059496,NA,0.284581914626018,0.284568845022018,0,-7.88242881169173,NA,0,-7.87815562138296,0.284568845022018,NA,0,-5.6120989016407,0.349284284596377,1,NA,0,0.284581914626018,0.284568845022018,-7.88243,3,3,3,3
"251,501,751",0.3,3,-54.7182028922497,NA,0.362240932592767,0.362356290747322,0,-37.6601297338488,NA,0,-37.7077044086959,0.362356290747322,NA,0,-37.6758797473381,0.367821540696474,1,NA,0,0.362240932592767,0.362356290747322,-37.66013,3,3,3,3
"251,501,751",0.3,3,13.2567741499658,NA,0.290880619978756,0.29087773500593,0,-0.400255528298731,NA,0,-0.399538118301553,0.29087773500593,NA,0,-0.260457292303778,0.274833785077373,1,NA,0,0.290880619978756,0.29087773500593,-0.40026,3,3,3,3
"251,501,751",0.3,3,30.8664556750763,NA,0.262594442537114,0.262592792667812,0,7.63677594783074,NA,0,7.63717447030261,0.262592792667812,NA,0,31.1269775149693,0.474128309246596,1,NA,0,0.262594442537114,0.262592792667812,7.63678,3,3,3,3
"251,501,751",0.3,3,49.2346978064678,NA,0.272617473496205,0.272597717118763,0,16.9682042163802,NA,0,16.9741352571296,0.272597717118763,NA,0,17.5493452219351,0.304821359086663,1,NA,0,0.272617473496205,0.272597717118763,16.9682,3,3,3,3
"251,501,751",0.3,3,-20.2147520749763,NA,0.284257844864327,0.284232604032218,0,-18.2701004195587,NA,0,-18.2624234701424,0.284232604032218,NA,0,-18.2371130132836,0.28986269185419,1,NA,0,0.284257844864327,0.284232604032218,-18.2701,3,3,3,3
"251,501,751",0.3,3,66.5390555720016,NA,0.304285627791837,0.304232698444289,0,25.9236962531313,NA,0,25.9415918921557,0.304232698444289,NA,0,35.7756991301891,0.437850189204365,1,NA,0,0.304285627791837,0.304232698444289,25.9237,3,3,3,3
"251,501,751",0.3,3,35.2744751866017,NA,0.252490430492152,0.252451160728867,0,9.06468274982994,NA,0,9.07509990686892,0.252451160728867,NA,0,13.4547929891484,0.342718729337185,1,NA,0,0.252490430492152,0.252451160728867,9.06468,3,3,3,3
"251,501,751",0.3,3,9.1046100746614,NA,0.291244844482291,0.291258696918295,0,-2.56262006696501,NA,0,-2.56694256913422,0.291258696918295,NA,0,9.00875526594304,0.437398933622904,1,NA,0,0.291244844482291,0.291258696918295,-2.56262,3,3,3,3
"251,501,751",0.3,3,44.1162213595199,NA,0.313600235688341,0.31358478835771,0,15.0214367231594,NA,0,15.0272504461222,0.31358478835771,NA,0,19.6499278190521,0.405171890997072,1,NA,0,0.313600235688341,0.31358478835771,15.02144,3,3,3,3
"251,501,751",0.3,3,-38.8920740214357,NA,0.300934583334824,0.300935357552195,0,-26.3642802131167,NA,0,-26.3645794276605,0.300935357552195,NA,0,-21.9352930504232,0.390934210215606,1,NA,0,0.300934583334824,0.300935357552195,-26.36428,3,3,3,3
"251,501,751",0.3,3,66.7351204942203,NA,0.29819509882056,0.298198387920377,0,26.458857638521,NA,0,26.4574175840889,0.298198387920377,NA,0,26.5815211812886,0.313234810617864,1,NA,0,0.29819509882056,0.298198387920377,26.45886,3,3,3,3
"251,501,751",0.3,3,41.5657180221366,NA,0.252240407359199,0.252240346787651,0,12.6117624830492,NA,0,12.6117378911312,0.252240346787651,NA,0,28.6491304978472,0.426925321700931,1,NA,0,0.252240407359199,0.252240346787651,12.61176,3,3,3,3
"251,501,751",0.3,3,54.7670930391181,NA,0.28044601802397,0.280473378097288,0,19.8888287625609,NA,0,19.8807066821735,0.280473378097288,NA,0,19.9095963477554,0.272683026378935,1,NA,0,0.28044601802397,0.280473378097288,19.88883,3,3,3,3
"251,501,751",0.3,3,25.9983809904086,NA,0.236414677556425,0.236403181555874,0,3.9190194358619,NA,0,3.92206430416238,0.236403181555874,NA,0,5.85700751460595,0.175821539515645,1,NA,0,0.236414677556425,0.236403181555874,3.91902,3,3,3,3
"251,501,751",0.3,3,16.3423830487768,NA,0.279501297580161,0.279404346450955,0,-0.517848943591354,NA,0,-0.48813203394674,0.279404346450955,NA,0,23.2117414190203,0.488604955756566,1,NA,0,0.279501297580161,0.279404346450955,-0.51785,3,3,3,3
"251,501,751",0.3,3,111.264159604001,NA,0.28820331712325,0.288172312604456,0,48.4953180023927,NA,0,48.5051150527842,0.288172312604456,NA,0,49.0293436279761,0.319020734609849,1,NA,0,0.28820331712325,0.288172312604456,48.49532,3,3,3,3
"251,501,751",0.3,3,18.7423227337087,NA,0.277661834271514,0.277635613205011,0,2.13552676420468,NA,0,2.14323105968902,0.277635613205011,NA,0,6.73042046801206,0.185379809159379,1,NA,0,0.277661834271514,0.277635613205011,2.13553,3,3,3,3
"251,501,751",0.3,3,31.9515770793183,NA,0.294030454128521,0.294097293278591,0,8.12703637994844,NA,0,8.10584934748861,0.294097293278591,NA,0,26.5778169146469,0.477852617340106,1,NA,0,0.294030454128521,0.294097293278591,8.12704,3,3,3,3
"251,501,751",0.3,3,26.3042017793165,NA,0.302052726217869,0.302073063868314,0,6.21075157331753,NA,0,6.20319180713567,0.302073063868314,NA,0,10.9302550679179,0.208984374629168,1,NA,0,0.302052726217869,0.302073063868314,6.21075,3,3,3,3
"251,501,751",0.3,3,-31.8293221161693,NA,0.317570521836397,0.317559071699496,0,-23.1312938088809,NA,0,-23.1272108609384,0.317559071699496,NA,0,-20.9311750792499,0.254479604799999,1,NA,0,0.317570521836397,0.317559071699496,-23.13129,3,3,3,3
"251,501,751",0.3,3,78.2950580190672,NA,0.333617409231636,0.333620374936892,0,31.5471793237623,NA,0,31.5460866009312,0.333620374936892,NA,0,31.5844908294697,0.325265470852863,1,NA,0,0.333617409231636,0.333620374936892,31.54718,3,3,3,3
"251,501,751",0.3,3,37.3019866194311,NA,0.304227812405091,0.304290506286823,0,10.8277031356075,NA,0,10.8062962507807,0.304290506286823,NA,0,12.3951377434587,0.249088776059681,1,NA,0,0.304227812405091,0.304290506286823,10.8277,3,3,3,3
"251,501,751",0.3,3,-26.8487092311829,NA,0.33684682874069,0.336897751973844,0,-21.3347455979451,NA,0,-21.3544520922761,0.336897751973844,NA,0,-15.1264540992151,0.231013985934619,1,NA,0,0.33684682874069,0.336897751973844,-21.33475,3,3,3,3
"251,501,751",0.3,3,13.2613029320903,NA,0.322733413163171,0.322725438514318,0,-0.623504638153898,NA,0,-0.620629203447828,0.322725438514318,NA,0,-0.462488918202696,0.305819580774193,1,NA,0,0.322733413163171,0.322725438514318,-0.6235,3,3,3,3
"251,501,751",0.3,3,66.843642968129,NA,0.308171935214813,0.308190793527278,0,26.4761700303567,NA,0,26.4687593297887,0.308190793527278,NA,0,27.4225220318194,0.349742454623967,1,NA,0,0.308171935214813,0.308190793527278,26.47617,3,3,3,3
"251,501,751",0.3,3,-17.2517354851746,NA,0.276814906141895,0.276858907357592,0,-15.9977661327777,NA,0,-16.0108347063703,0.276858907357592,NA,0,-15.9907997329581,0.270502534050541,1,NA,0,0.276814906141895,0.276858907357592,-15.99777,3,3,3,3
"251,501,751",0.3,3,-63.0588591813723,NA,0.308702137366942,0.308689460501532,0,-39.6477544321561,NA,0,-39.6431641748178,0.308689460501532,NA,0,-38.8820988123744,0.344113758583721,1,NA,0,0.308702137366942,0.308689460501532,-39.64775,3,3,3,3
"251,501,751",0.3,3,93.0973526448592,NA,0.299665642652607,0.299666737700785,0,39.6345390713658,NA,0,39.6341927291108,0.299666737700785,NA,0,50.139139214426,0.438682416892226,1,NA,0,0.299665642652607,0.299666737700785,39.63454,3,3,3,3
"251,501,751",0.3,3,25.6744782864672,NA,0.287823149998532,0.287837731388082,0,3.92357613786369,NA,0,3.91943910793007,0.287837731388082,NA,0,24.5331170288637,0.481113091849912,1,NA,0,0.287823149998532,0.287837731388082,3.92358,3,3,3,3
"251,501,751",0.3,3,-26.4344726535519,NA,0.310942175574274,0.310943947705011,0,-20.251015354878,NA,0,-20.2516756355609,0.310943947705011,NA,0,-18.1850113380861,0.249678133626086,1,NA,0,0.310942175574274,0.310943947705011,-20.25102,3,3,3,3
"251,501,751",0.3,3,18.2442917640811,NA,0.290315203291075,0.290322577008853,0,2.04851630443185,NA,0,2.04622472396476,0.290322577008853,NA,0,31.7179520516771,0.526860127345072,1,NA,0,0.290315203291075,0.290322577008853,2.04852,3,3,3,3
"251,501,751",0.3,3,133.697636819028,NA,0.325166787218746,0.325204590111117,0,59.4155270525758,NA,0,59.4017944167799,0.325204590111117,NA,0,67.238895437655,0.206068048888177,1,NA,0,0.325166787218746,0.325204590111117,59.41553,3,3,3,3
"251,501,751",0.3,3,47.1944628516339,NA,0.27929347546249,0.27929017439257,0,16.4496062055374,NA,0,16.4506742828847,0.27929017439257,NA,0,18.3411370808212,0.338389170518059,1,NA,0,0.27929347546249,0.27929017439257,16.44961,3,3,3,3
"251,501,751",0.3,3,38.5651708390819,NA,0.31494380670853,0.314927904856949,0,12.1303830142842,NA,0,12.1360752789735,0.314927904856949,NA,0,12.2850253379807,0.298353023667324,1,NA,0,0.31494380670853,0.314927904856949,12.13038,3,3,3,3
"251,501,751",0.3,3,-38.05790093591,NA,0.34995639287289,0.349935803155082,0,-27.4450929568858,NA,0,-27.4368313569937,0.349935803155082,NA,0,-27.2717682166279,0.366839658664472,1,NA,0,0.34995639287289,0.349935803155082,-27.44509,3,3,3,3
"251,501,751",0.3,3,-17.5247639915319,NA,0.328345080600242,0.328394318186815,0,-16.3998265351977,NA,0,-16.4173221412328,0.328394318186815,NA,0,-15.3403444465216,0.371837811770536,1,NA,0,0.328345080600242,0.328394318186815,-16.39983,3,3,3,3
"251,501,751",0.3,3,-46.9999946433481,NA,0.275299894816829,0.275299881228121,0,-30.7598746304442,NA,0,-30.7598696134405,0.275299881228121,NA,0,-30.1111461130062,0.309909374353219,1,NA,0,0.275299894816829,0.275299881228121,-30.75987,3,3,3,3
"251,501,751",0.3,3,-0.36477054593237,NA,0.273212923620876,0.273213147612382,0,-7.47773245923006,NA,0,-7.47774497748071,0.273213147612382,NA,0,-7.38860788562517,0.260367403094209,1,NA,0,0.273212923620876,0.273213147612382,-7.47773,3,3,3,3
"251,501,751",0.3,3,54.6425508627973,NA,0.38476612757383,0.384742240596471,0,16.1626864636799,NA,0,16.1734001802157,0.384742240596471,NA,0,27.7178740132188,0.243634229533874,1,NA,0,0.38476612757383,0.384742240596471,16.16269,3,3,3,3
"251,501,751",0.3,3,62.5415424915894,NA,0.266618635177113,0.266589024835996,0,23.7010638237575,NA,0,23.7097715696522,0.266589024835996,NA,0,27.6766474562272,0.352564732544078,1,NA,0,0.266618635177113,0.266589024835996,23.70106,3,3,3,3
"251,501,751",0.3,3,-52.6780398866706,NA,0.239398199867259,0.239399783323639,0,-35.1905108493656,NA,0,-35.1910037002819,0.239399783323639,NA,0,-33.6983232750602,0.186306980026788,1,NA,0,0.239398199867259,0.239399783323639,-35.19051,3,3,3,3
"251,501,751",0.3,3,41.2357158206458,NA,0.283912809089739,0.283953393829308,0,13.4138657557753,NA,0,13.4017389628237,0.283953393829308,NA,0,23.4729394253921,0.420509941969384,1,NA,0,0.283912809089739,0.283953393829308,13.41387,3,3,3,3
"251,501,751",0.3,3,88.1924908121953,NA,0.297749561933245,0.297758909653794,0,36.8759640918791,NA,0,36.8729677410284,0.297758909653794,NA,0,46.3498219036782,0.165348925013189,1,NA,0,0.297749561933245,0.297758909653794,36.87596,3,3,3,3
"251,501,751",0.3,3,58.1062113297055,NA,0.315737621468579,0.315774154340486,0,21.7735602705621,NA,0,21.7610176460693,0.315774154340486,NA,0,24.7012336819412,0.388246944915237,1,NA,0,0.315737621468579,0.315774154340486,21.77356,3,3,3,3
"251,501,751",0.3,3,53.4071370592243,NA,0.267305894737761,0.267308503894981,0,19.2212915879565,NA,0,19.2203909423383,0.267308503894981,NA,0,19.4123346159499,0.286187783951636,1,NA,0,0.267305894737761,0.267308503894981,19.22129,3,3,3,3
"251,501,751",0.3,3,0.510965265803179,NA,0.270742765884012,0.270702538989246,0,-8.27395131704631,NA,0,-8.2620227925733,0.270702538989246,NA,0,-8.16716462283903,0.256047236623893,1,NA,0,0.270742765884012,0.270702538989246,-8.27395,3,3,3,3
"251,501,751",0.3,3,2.13943707298181,NA,0.321085517806226,0.321080260994171,0,-6.08918488023697,NA,0,-6.08692890910011,0.321080260994171,NA,0,-0.671220207796822,0.419942442639417,1,NA,0,0.321085517806226,0.321080260994171,-6.08918,3,3,3,3
"251,501,751",0.3,3,-6.91442445573343,NA,0.290896012230993,0.290884352365948,0,-10.4942776791814,NA,0,-10.49047612385,0.290884352365948,NA,0,-7.59487673402475,0.217859950934395,1,NA,0,0.290896012230993,0.290884352365948,-10.49428,3,3,3,3
"251,501,751",0.3,3,54.8028444694437,NA,0.284287003800306,0.284274565562989,0,18.6495766505433,NA,0,18.6537345227302,0.284274565562989,NA,0,20.4719914549259,0.339812237509409,1,NA,0,0.284287003800306,0.284274565562989,18.64958,3,3,3,3
"251,501,751",0.3,3,14.4488260413139,NA,0.298292642916947,0.298296088438742,0,0.315115880656106,NA,0,0.313560400587665,0.298296088438742,NA,0,15.1735669325366,0.132427886308786,1,NA,0,0.298292642916947,0.298296088438742,0.31512,3,3,3,3
"251,501,751",0.3,3,51.9369493255181,NA,0.289506174966091,0.289503486607807,0,18.7780239116127,NA,0,18.7788269929828,0.289503486607807,NA,0,34.464703511863,0.460110124191342,1,NA,0,0.289506174966091,0.289503486607807,18.77802,3,3,3,3
"251,501,751",0.3,3,11.437784140243,NA,0.321732143755,0.321646723766979,0,-2.61379414793077,NA,0,-2.58305314226721,0.321646723766979,NA,0,28.7672411196766,0.560359857436824,1,NA,0,0.321732143755,0.321646723766979,-2.61379,3,3,3,3
"251,501,751",0.3,3,-8.87472703338707,NA,0.283868704451573,0.283846791130563,0,-12.2993791974759,NA,0,-12.2927392144201,0.283846791130563,NA,0,-9.40758218813836,0.210023687654624,1,NA,0,0.283868704451573,0.283846791130563,-12.29938,3,3,3,3
"251,501,751",0.3,3,65.7486147535765,NA,0.295206821767097,0.295200842137452,0,25.33296296116,NA,0,25.3350219244814,0.295200842137452,NA,0,26.9411868807967,0.24021618749511,1,NA,0,0.295206821767097,0.295200842137452,25.33296,3,3,3,3
"251,501,751",0.3,3,14.0592388002868,NA,0.330790800037564,0.330789369745107,0,-0.411390872084168,NA,0,-0.410800366013228,0.330789369745107,NA,0,6.02787688181303,0.223322815184446,1,NA,0,0.330790800037564,0.330789369745107,-0.41139,3,3,3,3
"251,501,751",0.3,3,81.1634196154002,NA,0.269502378869211,0.269501870435784,0,33.1721196879474,NA,0,33.1720951117606,0.269501870435784,NA,0,63.6682202571539,0.0275275071468202,1,NA,0,0.269502378869211,0.269501870435784,33.17212,3,3,3,3
"251,501,751",0.3,3,77.5302889392251,NA,0.229338171224533,0.22931933714001,0,29.1679482143513,NA,0,29.1719833398804,0.22931933714001,NA,0,29.6564316072902,0.25962571827268,1,NA,0,0.229338171224533,0.22931933714001,29.16795,3,3,3,3
"251,501,751",0.3,3,60.581844256397,NA,0.284507043427008,0.284513140937213,0,22.6498634748219,NA,0,22.6480699616027,0.284513140937213,NA,0,22.7189368835687,0.295203954340904,1,NA,0,0.284507043427008,0.284513140937213,22.64986,3,3,3,3
"251,501,751",0.3,3,80.2196310216816,NA,0.28528111111887,0.285275153603748,0,32.787569565224,NA,0,32.7891109535174,0.285275153603748,NA,0,33.8204837757116,0.328563884176303,1,NA,0,0.28528111111887,0.285275153603748,32.78757,3,3,3,3
"251,501,751",0.3,3,68.0770409016781,NA,0.352332088506007,0.352404791577545,0,25.1777052037053,NA,0,25.1481652215573,0.352404791577545,NA,0,33.7222818295293,0.474583197320809,1,NA,0,0.352332088506007,0.352404791577545,25.17771,3,3,3,3
"251,501,751",0.3,3,47.7280573259161,NA,0.258219417058244,0.258288509786054,0,15.6464699956797,NA,0,15.6269358127046,0.258288509786054,NA,0,24.0726783505389,0.131667385244529,1,NA,0,0.258219417058244,0.258288509786054,15.64647,3,3,3,3
"251,501,751",0.3,3,109.76695059019,NA,0.326347289071664,0.326318808287957,0,47.0947571587644,NA,0,47.1053198372114,0.326318808287957,NA,0,53.0256590841847,0.222531465262173,1,NA,0,0.326347289071664,0.326318808287957,47.09476,3,3,3,3
"251,501,751",0.3,3,48.4286068233227,NA,0.26766108088929,0.267578990259459,0,16.1918681624146,NA,0,16.2158554335144,0.267578990259459,NA,0,20.5240992935474,0.356561150701203,1,NA,0,0.26766108088929,0.267578990259459,16.19187,3,3,3,3
"251,501,751",0.3,3,49.7591817089616,NA,0.309284469014147,0.309300185634691,0,17.8894399811597,NA,0,17.8837979048482,0.309300185634691,NA,0,24.984166263602,0.422959600708905,1,NA,0,0.309284469014147,0.309300185634691,17.88944,3,3,3,3
"251,501,751",0.3,3,34.4650400672614,NA,0.308895009738646,0.308913028121432,0,10.0195062463719,NA,0,10.0135054375243,0.308913028121432,NA,0,12.2539215636989,0.24481895830563,1,NA,0,0.308895009738646,0.308913028121432,10.01951,3,3,3,3
"251,501,751",0.3,3,81.2337863596058,NA,0.305146310865858,0.305265223113087,0,33.4373070197968,NA,0,33.3995827022259,0.305265223113087,NA,0,39.4870701869848,0.199209695091688,1,NA,0,0.305146310865858,0.305265223113087,33.43731,3,3,3,3
"251,501,751",0.3,3,15.2115567179805,NA,0.227245404819502,0.227259322158602,0,-2.91853520259676,NA,0,-2.92174444973801,0.227259322158602,NA,0,-2.59833811404521,0.251191755554814,1,NA,0,0.227245404819502,0.227259322158602,-2.91854,3,3,3,3
"251,501,751",0.3,3,82.2320458871455,NA,0.335599352886397,0.335546254805546,0,32.7411384897079,NA,0,32.7596892918154,0.335546254805546,NA,0,36.3233143051791,0.254775520375612,1,NA,0,0.335599352886397,0.335546254805546,32.74114,3,3,3,3
"251,501,751",0.3,3,52.1065719215446,NA,0.362210420386612,0.362214510410498,0,16.8892019819701,NA,0,16.8874258388942,0.362214510410498,NA,0,17.7214322406025,0.400222964126374,1,NA,0,0.362210420386612,0.362214510410498,16.8892,3,3,3,3
"251,501,751",0.3,3,-6.26684732342507,NA,0.302632920658531,0.30261136189605,0,-10.2629630667273,NA,0,-10.2558158806065,0.30261136189605,NA,0,-9.02193550485855,0.349710423207007,1,NA,0,0.302632920658531,0.30261136189605,-10.26296,3,3,3,3
"251,501,751",0.3,3,87.7111372419117,NA,0.292238609561413,0.292230483954974,0,36.5813962508149,NA,0,36.5838190723903,0.292230483954974,NA,0,50.8214780072872,0.129276613235289,1,NA,0,0.292238609561413,0.292230483954974,36.5814,3,3,3,3
"251,501,751",0.3,3,13.457972311195,NA,0.254817050227009,0.254814499636209,0,-1.26308016920963,NA,0,-1.26244600911007,0.254814499636209,NA,0,20.6288127437452,0.0496368688095419,1,NA,0,0.254817050227009,0.254814499636209,-1.26308,3,3,3,3
"251,501,751",0.3,3,-8.86227891609879,NA,0.306766119755702,0.30678051234536,0,-11.4687224548353,NA,0,-11.4734991193241,0.30678051234536,NA,0,-11.4603316293403,0.301735328612392,1,NA,0,0.306766119755702,0.30678051234536,-11.46872,3,3,3,3
"251,501,751",0.3,3,-42.508270698114,NA,0.285125964150415,0.285080783959839,0,-28.653867258125,NA,0,-28.6397560283501,0.285080783959839,NA,0,-21.9307629230745,0.173342238817209,1,NA,0,0.285125964150415,0.285080783959839,-28.65387,3,3,3,3
"251,501,751",0.3,3,119.09277455776,NA,0.273932329974676,0.27395498686889,0,51.7771325821018,NA,0,51.7702953902287,0.27395498686889,NA,0,51.8813927967259,0.287618114446936,1,NA,0,0.273932329974676,0.27395498686889,51.77713,3,3,3,3
"251,501,751",0.3,3,-41.2377705724075,NA,0.313006378787352,0.313073996657978,0,-28.6488679889549,NA,0,-28.6717209308267,0.313073996657978,NA,0,-22.9768694576935,0.210074904216403,1,NA,0,0.313006378787352,0.313073996657978,-28.64887,3,3,3,3
"251,501,751",0.3,3,-0.347774484643306,NA,0.339078261797197,0.339042293830839,0,-8.24492084188931,NA,0,-8.23343031921605,0.339042293830839,NA,0,-8.18575665227116,0.329492836624206,1,NA,0,0.339078261797197,0.339042293830839,-8.24492,3,3,3,3
"251,501,751",0.3,3,-0.0448510317557371,NA,0.31708325735681,0.31721427670984,0,-9.47939831157777,NA,0,-9.52470342105638,0.31721427670984,NA,0,-8.7671086087037,0.276499790321959,1,NA,0,0.31708325735681,0.31721427670984,-9.4794,3,3,3,3
"251,501,751",0.3,3,43.0822477954726,NA,0.317566092735787,0.317561054444988,0,14.3197090534838,NA,0,14.3213094616175,0.317561054444988,NA,0,23.2309691725399,0.190010494782102,1,NA,0,0.317566092735787,0.317561054444988,14.31971,3,3,3,3
"251,501,751",0.3,3,51.5016703832176,NA,0.289069409474645,0.289067260296696,0,18.7323354187281,NA,0,18.7330248633427,0.289067260296696,NA,0,18.7426649725071,0.284800400827538,1,NA,0,0.289069409474645,0.289067260296696,18.73234,3,3,3,3
"251,501,751",0.3,3,49.3200166431608,NA,0.334596924751032,0.334640383134303,0,14.3759431149255,NA,0,14.3597845436247,0.334640383134303,NA,0,16.3489226592001,0.270485213686093,1,NA,0,0.334596924751032,0.334640383134303,14.37594,3,3,3,3
"251,501,751",0.3,3,55.6941362916345,NA,0.332272077324069,0.332298444417747,0,19.8381967482508,NA,0,19.8285417235891,0.332298444417747,NA,0,20.6488778032606,0.293269747112877,1,NA,0,0.332272077324069,0.332298444417747,19.8382,3,3,3,3
"251,501,751",0.3,3,34.2341889531758,NA,0.290853976772064,0.290837728954633,0,9.82080903198941,"",0,9.82606372538936,0.290837728954633,NA,0,11.1795505803244,0.340181969741945,1,NA,0,0.290853976772064,0.290837728954633,9.82081,3,3,3,3
"251,501,751",0.3,3,48.4248578157268,NA,0.317268374180276,0.317306465312214,0,16.8708611001464,"",0,16.8572476146501,0.317306465312214,NA,0,22.9116358685417,0.212194377093995,1,NA,0,0.317268374180276,0.317306465312214,16.87086,3,3,3,3
"251,501,751",0.3,3,46.6385226933474,NA,0.30874685762971,0.308710191517651,0,14.1161556398113,"",0,14.1290734848066,0.308710191517651,NA,0,14.15770973601,0.313407832370137,1,NA,0,0.30874685762971,0.308710191517651,14.11616,3,3,3,3
"251,501,751",0.3,3,-24.1075566814751,NA,0.28667573195218,0.286672105089427,0,-19.9607054341923,"",0,-19.9596186027984,0.286672105089427,NA,0,-19.5036325836697,0.256663046970593,1,NA,0,0.28667573195218,0.286672105089427,-19.96071,3,3,3,3
"251,501,751",0.3,3,0.0320628989494196,NA,0.284134917555803,0.284149507048412,0,-7.64144663588802,"",0,-7.64582492739279,0.284149507048412,NA,0,-7.63540206536223,0.287790950516962,1,NA,0,0.284134917555803,0.284149507048412,-7.64145,3,3,3,3
"251,501,751",0.3,3,27.9113352741268,NA,0.267102615796855,0.267123831333526,0,5.86142450430672,"",0,5.85549171285291,0.267123831333526,NA,0,18.4247204156074,0.112790877398806,1,NA,0,0.267102615796855,0.267123831333526,5.86142,3,3,3,3
"251,501,751",0.3,3,31.2074211846688,NA,0.284305985785573,0.284305953841067,0,8.56210988876941,"820,841",2,14.0113913229105,0.260883476941408,NA,0,42.9152981348845,0.540031842040288,1,NA,0,0.284305985785573,0.284305953841067,8.56211,3,1.159,3,3
"251,501,751",0.3,3,-11.2517214333969,NA,0.33623914252424,0.33632485591261,0,-14.2393373654706,"",0,-14.2715241057495,0.33632485591261,NA,0,-14.2719279905153,0.336099269121658,1,NA,0,0.33623914252424,0.33632485591261,-14.23934,3,3,3,3
"251,501,751",0.3,3,75.3166965356024,NA,0.292839326961429,0.292999012738263,0,29.6893914378064,"",0,29.637638383212,0.292999012738263,NA,0,42.8916459265769,0.134734708496401,1,NA,0,0.292839326961429,0.292999012738263,29.68939,3,3,3,3
"251,501,751",0.3,3,43.3341915877515,NA,0.2593058726352,0.259346107921778,0,8.91994586135264,"",0,8.90978370738586,0.259346107921778,NA,0,27.0022914596426,0.437270321374085,1,NA,0,0.2593058726352,0.259346107921778,8.91995,3,3,3,3
"251,501,751",0.3,3,55.3284140905456,NA,0.329001738363364,0.328923820468392,0,19.2622749839968,"",0,19.290669637823,0.328923820468392,NA,0,19.4613183712078,0.310071610285269,1,NA,0,0.329001738363364,0.328923820468392,19.26227,3,3,3,3
"251,501,751",0.3,3,17.9110896096662,NA,0.306328639245604,0.306360482841979,0,1.79976374621829,"",0,1.78926799774552,0.306360482841979,NA,0,3.57401130653504,0.362940325925327,1,NA,0,0.306328639245604,0.306360482841979,1.79976,3,3,3,3
"251,501,751",0.3,3,3.24066941239793,NA,0.306787034073162,0.306785879821129,0,-5.32504816435896,"",0,-5.32473462664243,0.306785879821129,NA,0,-5.20326801288362,0.32161409854482,1,NA,0,0.306787034073162,0.306785879821129,-5.32505,3,3,3,3
"251,501,751",0.3,3,55.2029174540113,NA,0.280377603636841,0.280375020158606,0,20.4806328104926,"",0,20.4813803565827,0.280375020158606,NA,0,39.9365265560945,0.0889172858295795,1,NA,0,0.280377603636841,0.280375020158606,20.48063,3,3,3,3
"251,501,751",0.3,3,73.326752924771,NA,0.276627122172878,0.276665133505998,0,28.9874128985703,"",0,28.9762278505328,0.276665133505998,NA,0,73.7412324615971,0.569880267219375,1,NA,0,0.276627122172878,0.276665133505998,28.98741,3,3,3,3
"251,501,751",0.3,3,15.6407048636643,NA,0.294864205350539,0.294861667621252,0,0.896174243719366,"",0,0.896953676067924,0.294861667621252,NA,0,40.8158996339907,0.57033692643476,1,NA,0,0.294864205350539,0.294861667621252,0.89617,3,3,3,3
"251,501,751",0.3,3,53.2779680137298,NA,0.3211576906502,0.321157293434313,0,19.4750379324294,"",0,19.4751827717477,0.321157293434313,NA,0,19.8094427889445,0.296656525969938,1,NA,0,0.3211576906502,0.321157293434313,19.47504,3,3,3,3
"251,501,751",0.3,3,59.3977671479024,NA,0.306214268141305,0.306189610174109,0,22.6126865412495,"",0,22.6209499549903,0.306189610174109,NA,0,23.3380521382635,0.342069213024294,1,NA,0,0.306214268141305,0.306189610174109,22.61269,3,3,3,3
"251,501,751",0.3,3,25.1163410853249,NA,0.362533360053107,0.362574298720774,0,2.62826515194013,"",0,2.61105094200077,0.362574298720774,NA,0,2.91996744677419,0.384217710204919,1,NA,0,0.362533360053107,0.362574298720774,2.62827,3,3,3,3
"251,501,751",0.3,3,60.7406405277418,NA,0.305854516898804,0.305852989425888,0,23.4412244271814,"",0,23.4415735168132,0.305852989425888,NA,0,24.3190113133265,0.265942325611399,1,NA,0,0.305854516898804,0.305852989425888,23.44122,3,3,3,3
"251,501,751",0.3,3,88.7938841075618,NA,0.257020068192435,0.257016019991073,0,36.2316700473849,NA,0,36.2328178510216,0.257016019991073,NA,0,37.4545821119148,0.30448136278614,1,NA,0,0.257020068192435,0.257016019991073,36.23167,3,3,3,3
"251,501,751",0.3,3,35.147744328506,NA,0.329880778857785,0.329877439523007,0,9.58690594826587,NA,0,9.58828055153746,0.329877439523007,NA,0,11.0704734094952,0.277624970675648,1,NA,0,0.329880778857785,0.329877439523007,9.58691,3,3,3,3
"251,501,751",0.3,3,-15.0543258764467,NA,0.285243568128118,0.28524216915965,0,-14.5541337265069,NA,0,-14.5538897456524,0.28524216915965,NA,0,-10.665625812643,0.200547011801812,1,NA,0,0.285243568128118,0.28524216915965,-14.55413,3,3,3,3
"251,501,751",0.3,3,7.0002259784851,NA,0.31712876624404,0.317128041787311,0,-3.57108288440424,NA,0,-3.57067729483257,0.317128041787311,NA,0,3.0989506535938,0.207218342320068,1,NA,0,0.31712876624404,0.317128041787311,-3.57108,3,3,3,3
"251,501,751",0.3,3,50.2672548909305,NA,0.342243762607683,0.342246894323835,0,16.7988210034016,NA,0,16.7977138288383,0.342246894323835,NA,0,18.6753106630591,0.283997249599861,1,NA,0,0.342243762607683,0.342246894323835,16.79882,3,3,3,3
"251,501,751",0.3,3,69.4888869745828,NA,0.330414854166266,0.330413841959317,0,27.3117597071473,NA,0,27.3121154905343,0.330413841959317,NA,0,29.0210050793663,0.275160984990401,1,NA,0,0.330414854166266,0.330413841959317,27.31176,3,3,3,3
"251,501,751",0.3,3,41.9634386037219,NA,0.243376795419614,0.243398223556701,0,12.0489439719499,NA,0,12.0431680208897,0.243398223556701,NA,0,13.0048566780888,0.200410224454948,1,NA,0,0.243376795419614,0.243398223556701,12.04894,3,3,3,3
"251,501,751",0.3,3,15.6471654976292,NA,0.290366864607133,0.290312751077448,0,-0.195250285945371,NA,0,-0.177852676484809,0.290312751077448,NA,0,0.185007733587058,0.314730059075343,1,NA,0,0.290366864607133,0.290312751077448,-0.19525,3,3,3,3
"251,501,751",0.3,3,61.9132974193502,NA,0.320988392770301,0.320996785011129,0,23.8033964043537,NA,0,23.8003126170523,0.320996785011129,NA,0,23.8601323578314,0.331342819580658,1,NA,0,0.320988392770301,0.320996785011129,23.8034,3,3,3,3
"251,501,751",0.3,3,-28.167334472498,NA,0.335797025137588,0.335805226543001,0,-21.7770667040854,NA,0,-21.7800840777564,0.335805226543001,NA,0,-21.4714572798329,0.359112749686314,1,NA,0,0.335797025137588,0.335805226543001,-21.77707,3,3,3,3
"251,501,751",0.3,3,36.5581243593655,NA,0.210546364072985,0.210573178326807,0,6.87057856038407,NA,0,6.86484731545904,0.210573178326807,NA,0,22.6599016606599,0.385422894564855,1,NA,0,0.210546364072985,0.210573178326807,6.87058,3,3,3,3
"251,501,751",0.3,3,80.8040367945153,NA,0.297638738084479,0.297642799760509,0,33.3685161673015,NA,0,33.3671905638826,0.297642799760509,NA,0,36.5814514982659,0.22081080448667,1,NA,0,0.297638738084479,0.297642799760509,33.36852,3,3,3,3
"251,501,751",0.3,3,69.6065239039173,NA,0.365943518838461,0.365946613707422,0,24.9262057969343,NA,0,24.9250711900141,0.365946613707422,NA,0,42.2062029416784,0.539491645435407,1,NA,0,0.365943518838461,0.365946613707422,24.92621,3,3,3,3
"251,501,751",0.3,3,-11.0694805951795,NA,0.284864705877372,0.284849869690198,0,-12.8989359218338,NA,0,-12.8942529530968,0.284849869690198,NA,0,7.39196747957615,0.479368042984524,1,NA,0,0.284864705877372,0.284849869690198,-12.89894,3,3,3,3
"251,501,751",0.3,3,-16.6204477903012,NA,0.309569675300988,0.309552209226621,0,-15.5435010654592,NA,0,-15.5374147589643,0.309552209226621,NA,0,-13.2557466045841,0.373456962394825,1,NA,0,0.309569675300988,0.309552209226621,-15.5435,3,3,3,3
"251,501,751",0.3,3,21.4440723778226,NA,0.306119525112056,0.3061147570237,0,3.53569258515179,NA,0,3.53734972620969,0.3061147570237,NA,0,3.95111146361101,0.278351653630352,1,NA,0,0.306119525112056,0.3061147570237,3.53569,3,3,3,3
"251,501,751",0.3,3,20.5492436412987,NA,0.247997938075274,0.2481166540609,0,-1.13152841733216,NA,0,-1.16191973973848,0.2481166540609,NA,0,4.66894169973298,0.140365607150804,1,NA,0,0.247997938075274,0.2481166540609,-1.13153,3,3,3,3
"251,501,751",0.3,3,76.7468829691501,NA,0.274895081899168,0.274937071501518,0,30.8493482306074,NA,0,30.8373811901898,0.274937071501518,NA,0,40.1357084569196,0.406521738346087,1,NA,0,0.274895081899168,0.274937071501518,30.84935,3,3,3,3
"251,501,751",0.3,3,16.0868992570852,NA,0.228069961825112,0.228182265318076,0,-4.90837808249991,NA,0,-4.93436384694466,0.228182265318076,NA,0,0.950185940303475,0.330222568671643,1,NA,0,0.228069961825112,0.228182265318076,-4.90838,3,3,3,3
"251,501,751",0.3,3,69.4838410546254,NA,0.256696332783562,0.256717968272428,0,25.8157849008296,NA,0,25.8100440380751,0.256717968272428,NA,0,27.3389545140769,0.308944244743632,1,NA,0,0.256696332783562,0.256717968272428,25.81578,3,3,3,3
"251,501,751",0.3,3,-43.0738210079793,NA,0.322241734860074,0.322261596748799,0,-29.5279085643148,NA,0,-29.534813414993,0.322261596748799,NA,0,-20.2131827041337,0.191367142444859,1,NA,0,0.322241734860074,0.322261596748799,-29.52791,3,3,3,3
"251,501,751",0.3,3,3.3376865448117,NA,0.292124887053525,0.292125638750884,0,-5.27391287497658,NA,0,-5.27410199406373,0.292125638750884,NA,0,-3.91973392911009,0.242304217894676,1,NA,0,0.292124887053525,0.292125638750884,-5.27391,3,3,3,3
"251,501,751",0.3,3,30.1335247243133,NA,0.320702626833799,0.320656162332711,0,6.67177782646936,NA,0,6.688381917955,0.320656162332711,NA,0,7.44174974511965,0.28219974776845,1,NA,0,0.320702626833799,0.320656162332711,6.67178,3,3,3,3
"251,501,751",0.3,3,71.9452449196376,NA,0.287538506546522,0.28749154706376,0,28.1629782276949,NA,0,28.1778091843959,0.28749154706376,NA,0,37.4556361545051,0.417363049414361,1,NA,0,0.287538506546522,0.28749154706376,28.16298,3,3,3,3
"251,501,751",0.3,3,6.49976755379082,NA,0.294219934810977,0.294248370498966,0,-3.78082782318385,NA,0,-3.79057770187958,0.294248370498966,NA,0,1.08940044385487,0.388745158060627,1,NA,0,0.294219934810977,0.294248370498966,-3.78083,3,3,3,3
"251,501,751",0.3,3,9.5040964954067,NA,0.30305293004012,0.303053607678893,0,-2.68606754703786,NA,0,-2.68638394090854,0.303053607678893,NA,0,6.16501242867743,0.175020481334757,1,NA,0,0.30305293004012,0.303053607678893,-2.68607,3,3,3,3
"251,501,751",0.3,3,64.9984285909058,NA,0.298523368536886,0.298525769003082,0,25.331706147267,NA,0,25.330871959985,0.298525769003082,NA,0,25.3912232751894,0.308705268490023,1,NA,0,0.298523368536886,0.298525769003082,25.33171,3,3,3,3
"251,501,751",0.3,3,41.1142543426772,NA,0.353895441325634,0.353920866341593,0,11.4835157882835,NA,0,11.4734949828837,0.353920866341593,NA,0,11.5276228929784,0.362851649913867,1,NA,0,0.353895441325634,0.353920866341593,11.48352,3,3,3,3
"251,501,751",0.3,3,67.4673622449098,NA,0.326761365176632,0.326805115185255,0,25.2278724365576,NA,0,25.2124059094465,0.326805115185255,NA,0,37.4957058311305,0.176240055524389,1,NA,0,0.326761365176632,0.326805115185255,25.22787,3,3,3,3
"251,501,751",0.3,3,92.5580149727751,NA,0.309529218508452,0.309581642228501,0,39.1568294235926,NA,0,39.1386239826687,0.309581642228501,NA,0,60.9771936996246,0.108386070989101,1,NA,0,0.309529218508452,0.309581642228501,39.15683,3,3,3,3
"251,501,751",0.3,3,44.6252720463832,NA,0.272510866164439,0.272533695413877,0,14.8201462765745,NA,0,14.8136145705873,0.272533695413877,NA,0,14.9269214702613,0.257822511344507,1,NA,0,0.272510866164439,0.272533695413877,14.82015,3,3,3,3
"251,501,751",0.3,3,101.082928381012,NA,0.346947002187191,0.346937862567071,0,42.3520150080426,NA,0,42.3555531905785,0.346937862567071,NA,0,45.0914741661469,0.416375565189932,1,NA,0,0.346947002187191,0.346937862567071,42.35202,3,3,3,3
"251,501,751",0.3,3,96.3776640669987,NA,0.304627631747127,0.304703574098825,0,39.9783291708006,NA,0,39.9532595974988,0.304703574098825,NA,0,46.338342746002,0.195084592686294,1,NA,0,0.304627631747127,0.304703574098825,39.97833,3,3,3,3
"251,501,751",0.3,3,73.0076491441057,NA,0.273599134780013,0.273531443333208,0,28.8152180314908,NA,0,28.8349376300291,0.273531443333208,NA,0,39.5996950028019,0.414965725786624,1,NA,0,0.273599134780013,0.273531443333208,28.81522,3,3,3,3
"251,501,751",0.3,3,-30.552421676469,NA,0.294890540542025,0.294863191916921,0,-22.2668521453726,NA,0,-22.2586830564127,0.294863191916921,NA,0,-21.926613806106,0.319466262890906,1,NA,0,0.294890540542025,0.294863191916921,-22.26685,3,3,3,3
"251,501,751",0.3,3,22.6973862273043,NA,0.325920641272783,0.32592109026579,0,4.03202603066576,NA,0,4.03185013587569,0.32592109026579,NA,0,10.4367024644519,0.433208507083447,1,NA,0,0.325920641272783,0.32592109026579,4.03203,3,3,3,3
"251,501,751",0.3,3,164.510998004134,NA,0.356217238134483,0.356192648986152,0,73.333644099503,NA,0,73.3435931225763,0.356192648986152,NA,0,88.5517378325078,0.191735988827229,1,NA,0,0.356217238134483,0.356192648986152,73.33364,3,3,3,3
"251,501,751",0.3,3,19.7704052156067,NA,0.308091058029788,0.308077577013512,0,2.12540296239005,NA,0,2.13003257529556,0.308077577013512,NA,0,3.9705808444564,0.364711197374092,1,NA,0,0.308091058029788,0.308077577013512,2.1254,3,3,3,3
"251,501,751",0.3,3,83.7875654417785,NA,0.271328084773735,0.271325277649314,0,34.4866606502346,NA,0,34.4874341168637,0.271325277649314,NA,0,36.5354817110902,0.332943419817892,1,NA,0,0.271328084773735,0.271325277649314,34.48666,3,3,3,3
"251,501,751",0.3,3,-19.2613482524128,NA,0.285625650142714,0.285618987969179,0,-16.9319257196109,NA,0,-16.9297911259809,0.285618987969179,NA,0,-16.5651966644296,0.311129050490947,1,NA,0,0.285625650142714,0.285618987969179,-16.93193,3,3,3,3
"251,501,751",0.3,3,-15.2016274748044,NA,0.268988061229368,0.26901169998106,0,-15.148227937923,NA,0,-15.1553111812716,0.26901169998106,NA,0,-7.27326113414259,0.147405407348363,1,NA,0,0.268988061229368,0.26901169998106,-15.14823,3,3,3,3
"251,501,751",0.3,3,-32.0514034995101,NA,0.305705206392887,0.305704837103161,0,-22.951226629109,NA,0,-22.9512409943726,0.305704837103161,NA,0,-20.525092546345,0.239254240013767,1,NA,0,0.305705206392887,0.305704837103161,-22.95123,3,3,3,3
"251,501,751",0.3,3,-8.33232359209541,NA,0.308414626940737,0.30842657633969,0,-11.8047242601997,NA,0,-11.8086168595464,0.30842657633969,NA,0,-11.3820306822999,0.279699585706291,1,NA,0,0.308414626940737,0.30842657633969,-11.80472,3,3,3,3
"251,501,751",0.3,3,-40.4545087583006,NA,0.318227195574643,0.318253821562907,0,-27.4539733430467,NA,0,-27.4629514934834,0.318253821562907,NA,0,-27.455420890813,0.321772468861857,1,NA,0,0.318227195574643,0.318253821562907,-27.45397,3,3,3,3
"251,501,751",0.3,3,59.2471142771856,NA,0.303991902880258,0.303996666113137,0,22.6735055554501,NA,0,22.6719399284213,0.303996666113137,NA,0,22.9322715517009,0.282197819375465,1,NA,0,0.303991902880258,0.303996666113137,22.67351,3,3,3,3
"251,501,751",0.3,3,-25.9130781393733,NA,0.282322299065978,0.282315593498292,0,-20.8380999498325,NA,0,-20.83631262826,0.282315593498292,NA,0,-14.4975972273874,0.389837705667946,1,NA,0,0.282322299065978,0.282315593498292,-20.8381,3,3,3,3
"251,501,751",0.3,3,-1.93259878254614,NA,0.248052484957531,0.248051725246637,0,-9.31390069655246,NA,0,-9.31376279193045,0.248051725246637,NA,0,-7.52070903462502,0.18996920632539,1,NA,0,0.248052484957531,0.248051725246637,-9.3139,3,3,3,3
"251,501,751",0.3,3,81.8281397559286,NA,0.317613414798327,0.317620314521283,0,33.8187408635754,NA,0,33.8163209879958,0.317620314521283,NA,0,35.8080027178189,0.377491663354037,1,NA,0,0.317613414798327,0.317620314521283,33.81874,3,3,3,3
"251,501,751",0.3,3,18.3651849515273,NA,0.238307833863655,0.238310837035027,0,-0.00233456948437105,NA,0,-0.00311990588541011,0.238310837035027,NA,0,14.4788977855237,0.0715460353809367,1,NA,0,0.238307833863655,0.238310837035027,-0.00233,3,3,3,3
"251,501,751",0.3,3,60.5689291966415,NA,0.315247655740221,0.315257671632786,0,22.8881743946914,NA,0,22.8840703457634,0.315257671632786,NA,0,33.2107665257599,0.177263004737768,1,NA,0,0.315247655740221,0.315257671632786,22.88817,3,3,3,3
"251,501,751",0.3,3,48.5314155534704,NA,0.31447969584398,0.314488420932947,0,17.2260136015837,NA,0,17.2231068805621,0.314488420932947,NA,0,19.5444602901099,0.249696737662739,1,NA,0,0.31447969584398,0.314488420932947,17.22601,3,3,3,3
"251,501,751",0.3,3,37.7445860156843,NA,0.349065212690271,0.34903256586232,0,10.2654965470951,NA,0,10.278643512613,0.34903256586232,NA,0,24.0645408651198,0.191932467366536,1,NA,0,0.349065212690271,0.34903256586232,10.2655,3,3,3,3
"251,501,751",0.3,3,-65.1223352349878,NA,0.276959727283328,0.276967248428967,0,-40.2647297545589,NA,0,-40.2669421867419,0.276967248428967,NA,0,-39.4017508776147,0.31636019571855,1,NA,0,0.276959727283328,0.276967248428967,-40.26473,3,3,3,3
"251,501,751",0.3,3,-32.2536157195467,NA,0.334664874315454,0.334677360652773,0,-23.7316060898418,NA,0,-23.7366004870623,0.334677360652773,NA,0,-13.4052746674159,0.470795093640441,1,NA,0,0.334664874315454,0.334677360652773,-23.73161,3,3,3,3
"251,501,751",0.3,3,34.4994651342894,NA,0.327381058338242,0.327427125925648,0,9.0185555410176,NA,0,9.00214445464201,0.327427125925648,NA,0,15.7681618802578,0.215903721360937,1,NA,0,0.327381058338242,0.327427125925648,9.01856,3,3,3,3
"251,501,751",0.3,3,-16.3517144681536,NA,0.280580328169192,0.280603975604263,0,-15.3471938020145,NA,0,-15.3541389370524,0.280603975604263,NA,0,-9.58273320325393,0.177078125262726,1,NA,0,0.280580328169192,0.280603975604263,-15.34719,3,3,3,3
"251,501,751",0.3,3,-7.35902582993491,NA,0.273801001180084,0.273797842462679,0,-11.4337686310101,NA,0,-11.4329926886931,0.273797842462679,NA,0,19.465306181513,0.516229470152329,1,NA,0,0.273801001180084,0.273797842462679,-11.43377,3,3,3,3
"251,501,751",0.3,3,46.3003733972061,NA,0.317271006423826,0.317338253098964,0,12.8218869005037,NA,0,12.799487982099,0.317338253098964,NA,0,12.932610161946,0.296509022285927,1,NA,0,0.317271006423826,0.317338253098964,12.82189,3,3,3,3
"251,501,751",0.3,3,51.6366574392335,NA,0.283382215519446,0.283363653339139,0,18.5820869363263,NA,0,18.5879384286106,0.283363653339139,NA,0,46.3972300080152,0.512500861536,1,NA,0,0.283382215519446,0.283363653339139,18.58209,3,3,3,3
"251,501,751",0.3,3,4.73889348690221,NA,0.297000448097129,0.297005714153089,0,-4.7183107237118,NA,0,-4.72008264869406,0.297005714153089,NA,0,-4.51272983396142,0.31626505849398,1,NA,0,0.297000448097129,0.297005714153089,-4.71831,3,3,3,3
