"true_model","true_phi","true_nknots","bic_true_model","adaflasso","phi_adaflasso","phi_yw_adaflasso","nknots_adaflasso","bic_adaflasso","knots_WCM","nknots_WCM","bic_WCM","phi_WCM","knots_AR1seg","nknots_AR1seg","bic_AR1seg","phi_AR1seg","best_iter","changepoints","nknots_best_iter","phi_best_iter","phi_yw_best_iter","min_bic_best_iter","distance_adaflasso","distance_WCM","distance_AR1seg","distance_best_iter_flasso"
"251,501,751",0.7,3,1.79820273649957,NA,0.681142392586937,0.681191400022372,0,-4.03870103605581,"135,162",2,33.1109521769058,0.647311702943822,"135,162",2,45.3595222904749,0.447145660810503,1,NA,0,0.681142392586937,0.681191400022372,-4.0387,3,1.205,1.205,3
"251,501,751",0.7,3,-8.08814622486795,NA,0.72147133658601,0.721441848333719,0,-8.11782692982478,"",0,-8.07144783856972,0.721441848333719,"",0,-7.35972414960245,0.742886297697059,1,NA,0,0.72147133658601,0.721441848333719,-8.11783,3,3,3,3
"251,501,751",0.7,3,93.3672169864269,NA,0.674216472810655,0.674247692769985,0,39.6952622539669,"",0,39.6576328407842,0.674247692769985,"383,397,840,855",4,93.7442613435243,0.449801138671709,1,NA,0,0.674216472810655,0.674247692769985,39.69526,3,3,1.325,3
"251,501,751",0.7,3,10.2799571304567,NA,0.704278362431867,0.70426911173433,0,-1.24217820381107,"",0,-1.22860421615179,0.70426911173433,"",0,9.83587372721567,0.809521971582001,1,NA,0,0.704278362431867,0.70426911173433,-1.24218,3,3,3,3
"251,501,751",0.7,3,-14.7813531123008,NA,0.701654100172549,0.701758713831127,0,-4.29362151167064,"",0,-4.41886404987465,0.701758713831127,"",0,60.7490530258715,0.950613329534329,1,NA,0,0.701654100172549,0.701758713831127,-4.29362,3,3,3,3
"251,501,751",0.7,3,35.6859876051586,NA,0.69268553588708,0.692704280062561,0,11.1198507122095,"",0,11.0953192661882,0.692704280062561,"",0,11.1959120546519,0.682052016600627,1,NA,0,0.69268553588708,0.692704280062561,11.11985,3,3,3,3
"251,501,751",0.7,3,5.71092114698064,NA,0.686961182710808,0.687025825822325,0,-1.72093536499622,"",0,-1.80338519943405,0.687025825822325,"",0,31.0387548079984,0.872099265309551,1,NA,0,0.686961182710808,0.687025825822325,-1.72094,3,3,3,3
"251,501,751",0.7,3,17.8278178392964,NA,0.711866330639967,0.711859458174208,0,1.97324957456368,"",0,1.98188557760562,0.711859458174208,"",0,28.1327934807185,0.54875791271133,1,NA,0,0.711866330639967,0.711859458174208,1.97325,3,3,3,3
"251,501,751",0.7,3,-18.3665615876472,NA,0.668142538765221,0.668083780752427,0,-16.4568668194156,"",0,-16.3866798494907,0.668083780752427,"",0,-16.2768650137682,0.655726422970112,1,NA,0,0.668142538765221,0.668083780752427,-16.45687,3,3,3,3
"251,501,751",0.7,3,-69.9963035193706,NA,0.730801659735846,0.730698748067628,0,-40.2866627173642,"",0,-40.1243778775439,0.730698748067628,"298,302",2,6.392445718621,0.550745643490247,1,NA,0,0.730801659735846,0.730698748067628,-40.28666,3,3,1.098,3
"251,501,751",0.7,3,14.4522627050395,NA,0.687831820985896,0.687827240648739,0,0.173729476442587,"",0,0.175486190296532,0.687827240648739,"",0,2.33692667246159,0.735728932911456,1,NA,0,0.687831820985896,0.687827240648739,0.17373,3,3,3,3
"251,501,751",0.7,3,27.6593324635347,NA,0.673424272228002,0.673472425667996,0,6.60138045990867,"",0,6.5426409642677,0.673472425667996,"",0,20.2383278459303,0.796067790515036,1,NA,0,0.673424272228002,0.673472425667996,6.60138,3,3,3,3
"251,501,751",0.7,3,45.2719867125352,NA,0.730675167936539,0.730732138235506,0,21.2726189588022,"",0,21.1938826662757,0.730732138235506,"401,409,481,609,650",5,93.1092518111002,0.518598619301199,1,NA,0,0.730675167936539,0.730732138235506,21.27262,3,3,2.271,3
"251,501,751",0.7,3,37.9710728881418,NA,0.688559148440839,0.688559072422672,0,11.9577060247816,"",0,11.9576968008537,0.688559072422672,"",0,20.5427907937738,0.783997008692467,1,NA,0,0.688559148440839,0.688559072422672,11.95771,3,3,3,3
"251,501,751",0.7,3,-14.9324695541397,NA,0.710467119079626,0.71051778540746,0,-13.2832827979807,"",0,-13.3576296031511,0.71051778540746,"",0,-12.6602595360098,0.735022729375014,1,NA,0,0.710467119079626,0.71051778540746,-13.28328,3,3,3,3
"251,501,751",0.7,3,9.60980547275968,NA,0.699462630205348,0.699468241145286,0,-1.53577670247377,"",0,-1.54292259782324,0.699468241145286,"",0,38.1105821587414,0.903810491973658,1,NA,0,0.699462630205348,0.699468241145286,-1.53578,3,3,3,3
"251,501,751",0.7,3,18.5433352966313,NA,0.720395187145599,0.720353938174898,0,2.8686113253775,"",0,2.93097381709497,0.720353938174898,"",0,16.9596241046273,0.60161802654633,10,NA,0,0.720394054330299,0.720353938174898,2.8686,3,3,3,3
"251,501,751",0.7,3,69.6709665809142,NA,0.694330788961783,0.694292225347258,0,28.5851029426273,"",0,28.6367544845237,0.694292225347258,"",0,28.6373474523891,0.691396204572765,1,NA,0,0.694330788961783,0.694292225347258,28.5851,3,3,3,3
"251,501,751",0.7,3,31.2617589790195,NA,0.703723388683079,0.703746174009076,0,9.47361533805679,"",0,9.44296654420175,0.703746174009076,"",0,10.3704644965112,0.6717891598131,1,NA,0,0.703723388683079,0.703746174009076,9.47362,3,3,3,3
"251,501,751",0.7,3,-1.70422182621316,NA,0.70923405005555,0.709252609641324,0,-7.62809466266163,"",0,-7.65404596223522,0.709252609641324,"",0,-5.75275621647855,0.752418709860344,1,NA,0,0.70923405005555,0.709252609641324,-7.62809,3,3,3,3
"251,501,751",0.7,3,-80.3510331115087,NA,0.692330208343258,0.69233345348365,0,-47.0269462654234,NA,0,-47.0336558427671,0.69233345348365,"",0,-38.5301703823861,0.597460078905628,1,NA,0,0.692330208343258,0.69233345348365,-47.02695,3,3,3,3
"251,501,751",0.7,3,-6.33109409129752,NA,0.71580959558959,0.715876225326846,0,-7.06471034394499,NA,0,-7.15740963392965,0.715876225326846,"",0,-0.974591355630654,0.788683885960019,1,NA,0,0.71580959558959,0.715876225326846,-7.06471,3,3,3,3
"251,501,751",0.7,3,46.8523228194705,NA,0.687106173277426,0.687055189983168,0,21.4027691346023,NA,0,21.4728594711034,0.687055189983168,"",0,37.8371941422809,0.81051677747186,1,NA,0,0.687106173277426,0.687055189983168,21.40277,3,3,3,3
"251,501,751",0.7,3,47.2447749259553,NA,0.695480126685862,0.695347839144473,0,31.9987098155689,NA,0,32.1817511906901,0.695347839144473,"",0,35.9505064804744,0.735958620844656,1,NA,0,0.695480126685862,0.695347839144473,31.99871,3,3,3,3
"251,501,751",0.7,3,53.3116619915604,NA,0.698008774368114,0.698035673536482,0,20.8813147760474,NA,0,20.8463838607145,0.698035673536482,"",0,22.925048445017,0.649750301533877,1,NA,0,0.698008774368114,0.698035673536482,20.88131,3,3,3,3
"251,501,751",0.7,3,97.22548771545,NA,0.70851370462722,0.708717608325417,0,48.1119013258075,NA,0,47.8359560806402,0.708717608325417,"121,133,203,209,229,448,452",7,131.54558196676,0.412588461945827,1,NA,0,0.70851370462722,0.708717608325417,48.1119,3,3,4.374,3
"251,501,751",0.7,3,93.1931436498342,NA,0.718293131663057,0.718297624616294,0,39.3574043317431,NA,0,39.3506621875223,0.718297624616294,"",0,40.6181812715935,0.68322897979494,1,NA,0,0.718293131663057,0.718297624616294,39.3574,3,3,3,3
"251,501,751",0.7,3,-2.4547074224205,NA,0.645036056815984,0.645026641914337,0,-10.1790906550351,NA,0,-10.1680343132212,0.645026641914337,"",0,-5.49056503392554,0.717868162499185,1,NA,0,0.645036056815984,0.645026641914337,-10.17909,3,3,3,3
"251,501,751",0.7,3,17.976568143561,NA,0.731791284817857,0.73187626020638,0,3.13749619525171,NA,0,3.00822754165615,0.73187626020638,"",0,125.80717451417,1.08954985385306,1,NA,0,0.731791284817857,0.73187626020638,3.1375,3,3,3,3
"251,501,751",0.7,3,29.7666385970027,NA,0.694955319512847,0.694936369006247,0,15.9653317868245,NA,0,15.9971900019625,0.694936369006247,"",0,19.4417986047321,0.618378972647458,1,NA,0,0.694955319512847,0.694936369006247,15.96533,3,3,3,3
"251,501,751",0.7,3,-27.2489630316063,NA,0.696656859086939,0.696609893259603,0,-19.8953154516069,NA,0,-19.830687459181,0.696609893259603,"",0,22.2521522484745,0.482763186426197,1,NA,0,0.696656859086939,0.696609893259603,-19.89532,3,3,3,3
"251,501,751",0.7,3,3.93210980351907,NA,0.703424644976727,0.703408375240701,0,-4.8660872639203,NA,0,-4.8434788093453,0.703408375240701,"",0,-4.47073965207869,0.722640814911309,1,NA,0,0.703424644976727,0.703408375240701,-4.86609,3,3,3,3
"251,501,751",0.7,3,41.3422100092476,NA,0.668004989227728,0.668027832782567,0,13.2747640888343,NA,0,13.2479765751222,0.668027832782567,"",0,13.7094471168779,0.644515131561713,1,NA,0,0.668004989227728,0.668027832782567,13.27476,3,3,3,3
"251,501,751",0.7,3,41.1333399571668,NA,0.699014264421448,0.698986417681877,0,14.3644310876114,NA,0,14.4026367161292,0.698986417681877,"",0,14.4503444627559,0.70483831612346,1,NA,0,0.699014264421448,0.698986417681877,14.36443,3,3,3,3
"251,501,751",0.7,3,-8.28183461816429,NA,0.731655138640338,0.731675701174619,0,0.0719159988652001,NA,0,0.0543473703174202,0.731675701174619,"",0,0.113112493442771,0.693528740088321,1,NA,0,0.731655138640338,0.731675701174619,0.07192,3,3,3,3
"251,501,751",0.7,3,53.2765237451416,NA,0.686756410231756,0.686760311218509,0,21.0030172338809,NA,0,20.9983923222255,0.686760311218509,"950,988",2,56.4968017544396,0.512559517545863,1,NA,0,0.686756410231756,0.686760311218509,21.00302,3,3,1.436,3
"251,501,751",0.7,3,78.2326006938219,NA,0.710122544944036,0.710120965650175,0,32.103455612933,NA,0,32.1048570529985,0.710120965650175,"",0,33.3379466767165,0.675038958195932,1,NA,0,0.710122544944036,0.710120965650175,32.10346,3,3,3,3
"251,501,751",0.7,3,-57.0030598910404,NA,0.651397341196505,0.651427326167509,0,-36.8628190983269,NA,0,-36.8964594621556,0.651427326167509,"",0,-35.2180808604277,0.606154567958934,1,NA,0,0.651397341196505,0.651427326167509,-36.86282,3,3,3,3
"251,501,751",0.7,3,-27.4876557097821,NA,0.665025971082215,0.665036497328427,0,-19.8897392170417,NA,0,-19.89993082634,0.665036497328427,"162,184",2,8.40606417687372,0.514230853398697,1,NA,0,0.665025971082215,0.665036497328427,-19.88974,3,3,1.156,3
"251,501,751",0.7,3,-12.4894386123864,NA,0.725719598636999,0.725726595293698,0,-13.7393150155069,NA,0,-13.7519954068354,0.725726595293698,"",0,14.9500768484142,0.558159364084046,1,NA,0,0.725719598636999,0.725726595293698,-13.73932,3,3,3,3
"251,501,751",0.7,3,11.011619795174,NA,0.715121509100304,0.715085129991232,0,-0.823421892191266,NA,0,-0.769069589153895,0.715085129991232,"",0,3.23117871734448,0.776390718902898,1,NA,0,0.715121509100304,0.715085129991232,-0.82342,3,3,3,3
"251,501,751",0.7,3,-13.1763803140376,NA,0.681405576127316,0.681531695635411,0,-12.1026597053321,NA,0,-12.2599582915225,0.681531695635411,"",0,31.5483781244525,0.456940962383768,1,NA,0,0.681405576127316,0.681531695635411,-12.10266,3,3,3,3
"251,501,751",0.7,3,-51.6267785414451,NA,0.739400092778761,0.73940361743987,0,-34.3938135895143,NA,0,-34.4017174456023,0.73940361743987,"",0,-34.189511095701,0.725432206276179,1,NA,0,0.739400092778761,0.73940361743987,-34.39381,3,3,3,3
"251,501,751",0.7,3,-13.1103336302403,NA,0.732903207118088,0.732844194066634,0,-7.57777752471533,NA,0,-7.48175848239209,0.732844194066634,"",0,-7.56883521490096,0.728107967750039,1,NA,0,0.732903207118088,0.732844194066634,-7.57778,3,3,3,3
"251,501,751",0.7,3,70.1986126647548,NA,0.666881763696937,0.666875176073309,0,27.3483398456762,NA,0,27.356285679768,0.666875176073309,"",0,34.0739180237237,0.753223752449335,1,NA,0,0.666881763696937,0.666875176073309,27.34834,3,3,3,3
"251,501,751",0.7,3,-35.128924461425,NA,0.694772190099884,0.694767076959311,0,-24.4926777915977,NA,0,-24.4855668366794,0.694767076959311,"",0,-8.30150148197431,0.825207842204617,1,NA,0,0.694772190099884,0.694767076959311,-24.49268,3,3,3,3
"251,501,751",0.7,3,42.5755257589161,NA,0.698777594921834,0.698772783863217,0,15.0755785128291,NA,0,15.0828687897675,0.698772783863217,"",0,15.0900840686314,0.69449848827425,1,NA,0,0.698777594921834,0.698772783863217,15.07558,3,3,3,3
"251,501,751",0.7,3,60.9952671291098,NA,0.694059735855495,0.694087103005794,0,26.907741055328,NA,0,26.8758351146107,0.694087103005794,"",0,53.7694541984998,0.857265812060299,1,NA,0,0.694059735855495,0.694087103005794,26.90774,3,3,3,3
"251,501,751",0.7,3,98.6127249370551,NA,0.726553477608747,0.72657525857138,0,43.2035236151425,NA,0,43.1721684500389,0.72657525857138,"",0,43.6022916915126,0.703857602112717,1,NA,0,0.726553477608747,0.72657525857138,43.20352,3,3,3,3
"251,501,751",0.7,3,-5.2401116957345,NA,0.706679100941467,0.706681695797807,0,-8.86959689098536,NA,0,-8.87485353585225,0.706681695797807,"",0,9.09334419052687,0.841102978697233,1,NA,0,0.706679100941467,0.706681695797807,-8.8696,3,3,3,3
"251,501,751",0.7,3,6.76602152534448,NA,0.709400194990516,0.709386555418694,0,-3.38097516997929,NA,0,-3.36206548442909,0.709386555418694,"",0,66.6373788172179,0.982273204313457,1,NA,0,0.709400194990516,0.709386555418694,-3.38098,3,3,3,3
"251,501,751",0.7,3,131.182988496579,NA,0.671604531454065,0.671488875760954,0,59.2167604573222,NA,0,59.3587248429498,0.671488875760954,"753,762",2,80.532175686268,0.561505921964245,1,NA,0,0.671604531454065,0.671488875760954,59.21676,3,3,1.013,3
"251,501,751",0.7,3,1.84835357017602,NA,0.680487908337365,0.680466542873787,0,-5.71426931821748,NA,0,-5.69349571462081,0.680466542873787,"",0,18.1952259632315,0.516021135764452,1,NA,0,0.680487908337365,0.680466542873787,-5.71427,3,3,3,3
"251,501,751",0.7,3,-41.634557010093,NA,0.668655540763681,0.668620706157345,0,-27.0229802752349,NA,0,-26.9811346799713,0.668620706157345,"",0,-26.1818109235442,0.6352163929038,1,NA,0,0.668655540763681,0.668620706157345,-27.02298,3,3,3,3
"251,501,751",0.7,3,88.487506850217,NA,0.67548731713409,0.675502484622853,0,37.4182493876251,NA,0,37.3996546419569,0.675502484622853,"",0,37.8272703180266,0.695823916102015,1,NA,0,0.67548731713409,0.675502484622853,37.41825,3,3,3,3
"251,501,751",0.7,3,-7.41369200353242,NA,0.741898338596967,0.741861387451035,0,-7.59108661412987,NA,0,-7.52779405520153,0.741861387451035,"",0,20.4746354385105,0.896432928634783,1,NA,0,0.741898338596967,0.741861387451035,-7.59109,3,3,3,3
"251,501,751",0.7,3,49.2142638490601,NA,0.728766697157106,0.728768110210121,0,16.8307782874149,NA,0,16.8278592776457,0.728768110210121,"",0,16.8288585103746,0.72972218929618,1,NA,0,0.728766697157106,0.728768110210121,16.83078,3,3,3,3
"251,501,751",0.7,3,-17.7452655236821,NA,0.707984842723164,0.707975298187912,0,-15.4179372150855,NA,0,-15.4048075189304,0.707975298187912,"",0,-15.3605926337157,0.700510596206428,1,NA,0,0.707984842723164,0.707975298187912,-15.41794,3,3,3,3
"251,501,751",0.7,3,93.7735519324096,NA,0.73058090673519,0.730600900168615,0,39.3442918680717,NA,0,39.3133694967417,0.730600900168615,"",0,54.3818983379184,0.610620783494859,1,NA,0,0.73058090673519,0.730600900168615,39.34429,3,3,3,3
"251,501,751",0.7,3,15.7149722143247,NA,0.697417736293656,0.697411814080389,0,1.00789260134098,NA,0,1.01608214977582,0.697411814080389,"",0,2.35225171680529,0.734361475161835,1,NA,0,0.697417736293656,0.697411814080389,1.00789,3,3,3,3
"251,501,751",0.7,3,62.8152993141852,NA,0.697563124992703,0.697560464290604,0,24.607096978134,NA,0,24.6107824808319,0.697560464290604,NA,0,25.27350156309,0.723444980792041,1,NA,0,0.697563124992703,0.697560464290604,24.6071,3,3,3,3
"251,501,751",0.7,3,-47.4364466088177,NA,0.686365288809537,0.686363017924085,0,-30.8032882180865,NA,0,-30.8014357201985,0.686363017924085,NA,0,-6.13682648360134,0.522752493262625,1,NA,0,0.686365288809537,0.686363017924085,-30.80329,3,3,3,3
"251,501,751",0.7,3,2.58576653850158,NA,0.696092844172946,0.696128011574577,0,-3.7172245159424,NA,0,-3.76262319273237,0.696128011574577,NA,0,-3.23800808077348,0.669228700125464,1,NA,0,0.696092844172946,0.696128011574577,-3.71722,3,3,3,3
"251,501,751",0.7,3,9.80540771964174,NA,0.729444432412367,0.729451118783617,0,-0.462867849990145,NA,0,-0.470249278259421,0.729451118783617,NA,0,10.4999493995191,0.623669774785919,1,NA,0,0.729444432412367,0.729451118783617,-0.46287,3,3,3,3
"251,501,751",0.7,3,-6.25104851092688,NA,0.74060511641699,0.740589113127836,0,-11.7539132013054,NA,0,-11.7272182771183,0.740589113127836,NA,0,7.98756034658219,0.875405413433887,1,NA,0,0.74060511641699,0.740589113127836,-11.75391,3,3,3,3
"251,501,751",0.7,3,26.9064842643303,NA,0.699989873357648,0.700022374789401,0,7.56945058133531,NA,0,7.52652941630791,0.700022374789401,NA,0,10.8977713362888,0.63943238990475,1,NA,0,0.699989873357648,0.700022374789401,7.56945,3,3,3,3
"251,501,751",0.7,3,-1.02688434625706,NA,0.686238318830925,0.686221184396479,0,-5.72059509037238,NA,0,-5.69638909230841,0.686221184396479,NA,0,-5.69768880483383,0.679160421298957,1,NA,0,0.686238318830925,0.686221184396479,-5.7206,3,3,3,3
"251,501,751",0.7,3,113.199026720782,NA,0.695380016217609,0.695380613843134,0,49.7245518883234,NA,0,49.7227463935105,0.695380613843134,NA,0,50.6825690995253,0.663725571539881,1,NA,0,0.695380016217609,0.695380613843134,49.72455,3,3,3,3
"251,501,751",0.7,3,-6.53399091822627,NA,0.67614562785436,0.676149342901139,0,-10.6491713031811,NA,0,-10.6537622800012,0.676149342901139,NA,0,-2.35740723587833,0.771355996184204,1,NA,0,0.67614562785436,0.676149342901139,-10.64917,3,3,3,3
"251,501,751",0.7,3,70.5297236951281,NA,0.70164831574254,0.701550397095657,0,39.8451475602796,NA,0,39.9865962308573,0.701550397095657,NA,0,48.934295187576,0.583414642690178,1,NA,0,0.70164831574254,0.701550397095657,39.84515,3,3,3,3
"251,501,751",0.7,3,-12.8771217626068,NA,0.712486276543453,0.712484616784258,0,-13.5082326200998,NA,0,-13.5036867182423,0.712484616784258,NA,0,30.4684337716783,0.92565580353604,1,NA,0,0.712486276543453,0.712484616784258,-13.50823,3,3,3,3
"251,501,751",0.7,3,46.7849196345252,NA,0.709031083236871,0.709067633781422,0,24.2055324937164,NA,0,24.163664521127,0.709067633781422,NA,0,54.0695791954676,0.520229170476056,1,NA,0,0.709031083236871,0.709067633781422,24.20553,3,3,3,3
"251,501,751",0.7,3,56.8147937074489,NA,0.714206233515389,0.714203486869865,0,24.8526193359082,NA,0,24.8551591454751,0.714203486869865,NA,0,27.8074103833512,0.653459855501012,1,NA,0,0.714206233515389,0.714203486869865,24.85262,3,3,3,3
"251,501,751",0.7,3,17.2350231362383,NA,0.704903216066094,0.704933059408755,0,2.41978040311065,NA,0,2.37826695483813,0.704933059408755,NA,0,2.83677467291151,0.725239442152947,1,NA,0,0.704903216066094,0.704933059408755,2.41978,3,3,3,3
"251,501,751",0.7,3,37.7210117142621,NA,0.685849350600705,0.685855769216611,0,11.8917483158382,NA,0,11.8836527584959,0.685855769216611,NA,0,15.6047620271546,0.62271121945137,1,NA,0,0.685849350600705,0.685855769216611,11.89175,3,3,3,3
"251,501,751",0.7,3,37.5476740491087,NA,0.658438598495225,0.658478274815669,0,11.6103549877279,NA,0,11.5661460755476,0.658478274815669,NA,0,11.892270504074,0.675191742602078,1,NA,0,0.658438598495225,0.658478274815669,11.61035,3,3,3,3
"251,501,751",0.7,3,70.3793740920235,NA,0.703692403032189,0.703715971758987,0,28.4595154701302,NA,0,28.4272033235949,0.703715971758987,NA,0,40.5118183382095,0.592275896621547,1,NA,0,0.703692403032189,0.703715971758987,28.45952,3,3,3,3
"251,501,751",0.7,3,30.3213216137695,NA,0.749470740232188,0.749471116604027,0,6.29614704451552,NA,0,6.29546285089248,0.749471116604027,NA,0,63.7928446294006,0.979672812322629,1,NA,0,0.749470740232188,0.749471116604027,6.29615,3,3,3,3
"251,501,751",0.7,3,28.2914196354337,NA,0.685334259532896,0.685265969796035,0,8.62373148118794,NA,0,8.71342369897147,0.685265969796035,NA,0,54.8393108435041,0.908785298129412,1,NA,0,0.685334259532896,0.685265969796035,8.62373,3,3,3,3
"251,501,751",0.7,3,-2.48573115078607,NA,0.670712551263363,0.670697132767311,0,-6.94245545937133,NA,0,-6.92188493682892,0.670697132767311,NA,0,-1.56888005901888,0.58949524087414,3,NA,0,0.670710314879583,0.670697132767311,-6.94248,3,3,3,3
"251,501,751",0.7,3,32.4606106289559,NA,0.696999344346746,0.6970069016306,0,18.7940797567609,"",0,18.795876307875,0.6970069016306,"",0,20.6076366386518,0.633565855115613,1,NA,0,0.696999344346746,0.6970069016306,18.79408,3,3,3,3
"251,501,751",0.7,3,-6.37915180066104,NA,0.682273913485077,0.682262480623674,0,-10.3677804029509,"",0,-10.3524873534331,0.682262480623674,"",0,-8.13292789268765,0.633406554760366,1,NA,0,0.682273913485077,0.682262480623674,-10.36778,3,3,3,3
"251,501,751",0.7,3,8.11536443563041,NA,0.688430631191015,0.688405524798331,0,-2.37882761681365,"",0,-2.34825072156649,0.688405524798331,"",0,18.3402825395505,0.837066641328653,1,NA,0,0.688430631191015,0.688405524798331,-2.37883,3,3,3,3
"251,501,751",0.7,3,-2.84857106509109,NA,0.7115787559596,0.711572349733915,0,-8.47359182698334,"",0,-8.46728925256922,0.711572349733915,"",0,-0.00903256255496121,0.803405483070306,1,NA,0,0.7115787559596,0.711572349733915,-8.47359,3,3,3,3
"251,501,751",0.7,3,-21.9229726958564,NA,0.724225976518155,0.724200945279251,0,-15.2147133104148,"",0,-15.1748109501456,0.724200945279251,"",0,18.4858410537602,0.90155247083429,1,NA,0,0.724225976518155,0.724200945279251,-15.21471,3,3,3,3
"251,501,751",0.7,3,59.8715295593463,NA,0.662272961014038,0.662328415618919,0,23.0729018220771,"",0,23.0099790077687,0.662328415618919,"",0,32.8658405683368,0.765319480633531,1,NA,0,0.662272961014038,0.662328415618919,23.0729,3,3,3,3
"251,501,751",0.7,3,30.7598031147845,NA,0.681284833582611,0.681289359088956,0,8.22925033715891,"",0,8.22347102596664,0.681289359088956,"",0,11.9853854270243,0.744761212122224,1,NA,0,0.681284833582611,0.681289359088956,8.22925,3,3,3,3
"251,501,751",0.7,3,-88.2666900007005,NA,0.698076661519217,0.698189800705993,0,-46.0680623822296,"452,501",2,-7.77672458224707,0.671947750882092,"",0,-23.9214595190604,0.842896906699137,1,NA,0,0.698076661519217,0.698189800705993,-46.06806,3,1.049,3,3
"251,501,751",0.7,3,57.4362237123258,NA,0.668074508410316,0.66791522787936,0,24.3495258051699,"",0,24.538479311297,0.66791522787936,"",0,27.0157093993829,0.60738577441419,1,NA,0,0.668074508410316,0.66791522787936,24.34953,3,3,3,3
"251,501,751",0.7,3,43.8114793047781,NA,0.746332297596375,0.746340130859965,0,12.7600462895601,"",0,12.7469653922514,0.746340130859965,"",0,30.3001951775184,0.871973836668604,1,NA,0,0.746332297596375,0.746340130859965,12.76005,3,3,3,3
"251,501,751",0.7,3,107.716913791718,NA,0.717488391344952,0.717440924372511,0,48.8075968111002,"",0,48.8752841828321,0.717440924372511,"",0,56.1756874918065,0.798993838296676,1,NA,0,0.717488391344952,0.717440924372511,48.8076,3,3,3,3
"251,501,751",0.7,3,-42.1645800403001,NA,0.690427946902945,0.690397831575631,0,-27.0993003240756,"",0,-27.0585134245071,0.690397831575631,"356,531",2,12.7802503822933,0.567335919839913,1,NA,0,0.690427946902945,0.690397831575631,-27.0993,3,3,1.175,3
"251,501,751",0.7,3,51.561795640343,NA,0.642193230425188,0.642197218638202,0,20.5392680021626,"",0,20.5407701016556,0.642197218638202,"",0,56.3470709216491,0.423139034180795,1,NA,0,0.642193230425188,0.642197218638202,20.53927,3,3,3,3
"251,501,751",0.7,3,-56.4237966473309,NA,0.720179385105974,0.72024640694793,0,-30.9861871514852,"",0,-31.0821119860204,0.72024640694793,"",0,-13.7378610792863,0.84396104230845,1,NA,0,0.720179385105974,0.72024640694793,-30.98619,3,3,3,3
"251,501,751",0.7,3,20.6859044540013,NA,0.690663611281743,0.690603161083365,0,11.6908295252295,"",0,11.7775025025549,0.690603161083365,"",0,11.6833884998665,0.687025237130637,1,NA,0,0.690663611281743,0.690603161083365,11.69083,3,3,3,3
"251,501,751",0.7,3,79.3937755870283,NA,0.67474991965898,0.674719200649117,0,33.5489897155478,"",0,33.5883825117725,0.674719200649117,"",0,72.090278491614,0.880719106318519,1,NA,0,0.67474991965898,0.674719200649117,33.54899,3,3,3,3
"251,501,751",0.7,3,82.5033663890728,NA,0.720376938108356,0.720351720094546,0,34.3506744921262,"",0,34.3891964927228,0.720351720094546,"",0,67.2825799444939,0.900531586429934,1,NA,0,0.720376938108356,0.720351720094546,34.35067,3,3,3,3
"251,501,751",0.7,3,7.07270801494069,NA,0.658781033332549,0.658858261121592,0,1.24616019852293,"",0,1.16712096657169,0.658858261121592,"",0,1.03690852755565,0.640972490434249,1,NA,0,0.658781033332549,0.658858261121592,1.24616,3,3,3,3
"251,501,751",0.7,3,-33.3068123339461,NA,0.699501754367088,0.699799190332355,0,-7.9866635907726,"",0,-8.34637966186013,0.699799190332355,"",0,-7.34997426870414,0.71461909470628,1,NA,0,0.699501754367088,0.699799190332355,-7.98666,3,3,3,3
"251,501,751",0.7,3,139.992950949407,NA,0.690524587695039,0.690474449293622,0,69.1698468430141,"",0,69.2411553190414,0.690474449293622,"",0,72.3042679056207,0.73688985404445,1,NA,0,0.690524587695039,0.690474449293622,69.16985,3,3,3,3
"251,501,751",0.7,3,21.2970706850363,NA,0.689879952542594,0.68986867266704,0,4.51114013178585,NA,0,4.52476719070674,0.68986867266704,"",0,19.9034484196033,0.816324204974454,1,NA,0,0.689879952542594,0.68986867266704,4.51114,3,3,3,3
"251,501,751",0.7,3,24.7558113467079,NA,0.716004313676935,0.71595898743721,0,8.92211452918135,NA,0,8.99163829588148,0.71595898743721,"",0,24.9741216364327,0.835744739920993,1,NA,0,0.716004313676935,0.71595898743721,8.92211,3,3,3,3
"251,501,751",0.7,3,90.1459583401693,NA,0.720425368263397,0.72041947228312,0,38.0500891089715,NA,0,38.0583905699334,0.72041947228312,"",0,60.961354880632,0.870252654117155,1,NA,0,0.720425368263397,0.72041947228312,38.05009,3,3,3,3
"251,501,751",0.7,3,11.8855232312438,NA,0.704890423991873,0.704876658626804,0,-0.173779375379709,NA,0,-0.15432506907152,0.704876658626804,"",0,5.46509370442591,0.778856682358055,1,NA,0,0.704890423991873,0.704876658626804,-0.17378,3,3,3,3
"251,501,751",0.7,3,53.2942398496863,NA,0.677539163131015,0.677548584807783,0,19.3956562737822,NA,0,19.3836226166312,0.677548584807783,"",0,21.1555012208649,0.721154753863866,1,NA,0,0.677539163131015,0.677548584807783,19.39566,3,3,3,3
"251,501,751",0.7,3,136.794409948759,NA,0.702277553948575,0.702285608205489,0,62.562077532596,NA,0,62.5507468396724,0.702285608205489,"",0,71.1658569120249,0.79443891785615,1,NA,0,0.702277553948575,0.702285608205489,62.56208,3,3,3,3
"251,501,751",0.7,3,-27.7190674600544,NA,0.675517828751685,0.675478291060639,0,-20.9594436093557,NA,0,-20.9096403062369,0.675478291060639,"",0,-17.5462275320274,0.614128380862216,1,NA,0,0.675517828751685,0.675478291060639,-20.95944,3,3,3,3
"251,501,751",0.7,3,63.4300226046876,NA,0.708237330211725,0.708237654126566,0,26.1216452585848,NA,0,26.1224497555674,0.708237654126566,"",0,27.3378095424846,0.740748549487389,1,NA,0,0.708237330211725,0.708237654126566,26.12165,3,3,3,3
"251,501,751",0.7,3,-20.606372534967,NA,0.73231414452379,0.732312761899866,0,-18.3020614885198,NA,0,-18.299874304675,0.732312761899866,"678,714",2,42.1443205069673,0.523367218344773,1,NA,0,0.73231414452379,0.732312761899866,-18.30206,3,3,1.11,3
"251,501,751",0.7,3,88.9387194493052,NA,0.704329850967839,0.704284512903609,0,39.1982892423402,NA,0,39.2620073738502,0.704284512903609,"",0,44.6948821816487,0.626985950444004,1,NA,0,0.704329850967839,0.704284512903609,39.19829,3,3,3,3
"251,501,751",0.7,3,42.1467345684387,NA,0.716590613663809,0.716751433821089,0,21.1931603355101,NA,0,20.974510583649,0.716751433821089,"",0,21.3378428995583,0.72709207385024,1,NA,0,0.716590613663809,0.716751433821089,21.19316,3,3,3,3
"251,501,751",0.7,3,61.31615237365,NA,0.690954249999694,0.690963563598321,0,23.743009523753,NA,0,23.7309060583987,0.690963563598321,"",0,57.4981828884916,0.881924472765587,1,NA,0,0.690954249999694,0.690963563598321,23.74301,3,3,3,3
"251,501,751",0.7,3,70.1970375895486,NA,0.686714938385825,0.686697582925595,0,28.8543052625597,NA,0,28.8771904614215,0.686697582925595,"",0,28.9263273152454,0.692522125342413,1,NA,0,0.686714938385825,0.686697582925595,28.85431,3,3,3,3
"251,501,751",0.7,3,-50.1087743557239,NA,0.684628272610613,0.684582894152711,0,-28.824949096921,NA,0,-28.7655612489999,0.684582894152711,"",0,-8.85063352688588,0.825128035753868,1,NA,0,0.684628272610613,0.684582894152711,-28.82495,3,3,3,3
"251,501,751",0.7,3,1.24896205480474,NA,0.722315674483325,0.722414940831672,0,-1.82245661974747,NA,0,-1.96285335404189,0.722414940831672,"",0,0.0170827827249367,0.758815441460485,1,NA,0,0.722315674483325,0.722414940831672,-1.82246,3,3,3,3
"251,501,751",0.7,3,66.898171798589,NA,0.674080190918983,0.674045241914365,0,26.9928539315921,NA,0,27.036554449065,0.674045241914365,"",0,65.2897114943454,0.46352976442658,1,NA,0,0.674080190918983,0.674045241914365,26.99285,3,3,3,3
"251,501,751",0.7,3,47.7012325849659,NA,0.639056006772059,0.639098686899025,0,15.5316447340782,NA,0,15.4882172775586,0.639098686899025,"",0,28.9371334709195,0.762034015363584,1,NA,0,0.639056006772059,0.639098686899025,15.53164,3,3,3,3
"251,501,751",0.7,3,50.6609149833762,NA,0.676717441550232,0.676717323623724,0,22.0137379222346,NA,0,22.0187497796397,0.676717323623724,"",0,41.9818696745994,0.519936751878297,1,NA,0,0.676717441550232,0.676717323623724,22.01374,3,3,3,3
"251,501,751",0.7,3,61.4627572277843,NA,0.752121557052126,0.752093596283477,0,20.9431583360503,NA,0,20.9926596037228,0.752093596283477,"",0,69.8185506834315,0.540439292460081,1,NA,0,0.752121557052126,0.752093596283477,20.94316,3,3,3,3
"251,501,751",0.7,3,95.5283836374557,NA,0.710263328448352,0.710300717434165,0,45.6269407460824,NA,0,45.5786623899335,0.710300717434165,"",0,50.0647801257024,0.769611996630746,1,NA,0,0.710263328448352,0.710300717434165,45.62694,3,3,3,3
"251,501,751",0.7,3,11.6774492905212,NA,0.679092465196884,0.679092409753609,0,-1.47389381019433,NA,0,-1.47422273530866,0.679092409753609,"",0,-1.27960529209727,0.693578421241418,1,NA,0,0.679092465196884,0.679092409753609,-1.47389,3,3,3,3
"251,501,751",0.7,3,32.0286809827388,NA,0.711461102551619,0.711489063729235,0,11.1298170211976,NA,0,11.0926324116393,0.711489063729235,"",0,110.768397719181,1.03798813906539,1,NA,0,0.711461102551619,0.711489063729235,11.12982,3,3,3,3
"251,501,751",0.7,3,35.0650665194658,NA,0.697141844203446,0.697141054187745,0,10.6190385152645,NA,0,10.6200564893135,0.697141054187745,"153,163,177,249,264,384,390,692,713,718,744,928,936",13,137.744059145357,0.263775651157189,1,NA,0,0.697141844203446,0.697141054187745,10.61904,3,3,10.12,3
"251,501,751",0.7,3,34.4009233792194,NA,0.717597026348143,0.717587159368371,0,10.5500258257728,NA,0,10.5653237889667,0.717587159368371,"",0,23.2272839889611,0.605085063962387,1,NA,0,0.717597026348143,0.717587159368371,10.55003,3,3,3,3
"251,501,751",0.7,3,-26.4679136008536,NA,0.692098072866387,0.692134079936426,0,-19.8831208266626,NA,0,-19.929642481836,0.692134079936426,"",0,-17.6671132017928,0.740220018291276,1,NA,0,0.692098072866387,0.692134079936426,-19.88312,3,3,3,3
"251,501,751",0.7,3,100.47578295892,NA,0.689984433853284,0.689942165111868,0,45.7652576719773,NA,0,45.8228013449742,0.689942165111868,"",0,56.9936021003824,0.79399255089569,1,NA,0,0.689984433853284,0.689942165111868,45.76526,3,3,3,3
"251,501,751",0.7,3,42.7428698722119,NA,0.702809863331627,0.702923162693192,0,16.7935355906252,NA,0,16.6373159983247,0.702923162693192,"",0,22.5186199102201,0.621475511595353,1,NA,0,0.702809863331627,0.702923162693192,16.79354,3,3,3,3
"251,501,751",0.7,3,4.4972408660573,NA,0.748674952799342,0.748751845522641,0,-4.19883350428056,NA,0,-4.32544994776988,0.748751845522641,"",0,-0.503227533136497,0.80277647850573,1,NA,0,0.748674952799342,0.748751845522641,-4.19883,3,3,3,3
"251,501,751",0.7,3,29.7783685272215,NA,0.726234542098324,0.726214477659805,0,10.5547349046045,NA,0,10.5859542272061,0.726214477659805,"",0,10.6460509841142,0.712014867905752,1,NA,0,0.726234542098324,0.726214477659805,10.55473,3,3,3,3
"251,501,751",0.7,3,49.0599413744243,NA,0.698126020091829,0.698119657852771,0,17.7427013033951,NA,0,17.7507801909451,0.698119657852771,"",0,24.2025150274489,0.779602228156133,1,NA,0,0.698126020091829,0.698119657852771,17.7427,3,3,3,3
"251,501,751",0.7,3,35.1868776891955,NA,0.711082001134222,0.711077980866892,0,10.6167565545186,NA,0,10.6220465252585,0.711077980866892,"",0,11.0502094540867,0.690385432720879,1,NA,0,0.711082001134222,0.711077980866892,10.61676,3,3,3,3
"251,501,751",0.7,3,144.185884131236,NA,0.709698199944168,0.709688384420053,0,65.1506339771905,NA,0,65.1645184751583,0.709688384420053,"",0,104.913680386852,0.912228949900269,1,NA,0,0.709698199944168,0.709688384420053,65.15063,3,3,3,3
"251,501,751",0.7,3,96.852793036963,NA,0.720054579425072,0.720052510783587,0,41.2238308517167,NA,0,41.226708708725,0.720052510783587,"",0,44.7641586525638,0.7783293717348,1,NA,0,0.720054579425072,0.720052510783587,41.22383,3,3,3,3
"251,501,751",0.7,3,10.0765669438442,NA,0.713224051222931,0.71322241201661,0,-2.04705187722049,NA,0,-2.04437640248312,0.71322241201661,"",0,-1.95626748408015,0.703912511063922,1,NA,0,0.713224051222931,0.71322241201661,-2.04705,3,3,3,3
"251,501,751",0.7,3,55.2208784334554,NA,0.665412206890207,0.66541590802915,0,19.8596153946812,NA,0,19.8535020678277,0.66541590802915,"",0,20.1312590546177,0.647353700464637,1,NA,0,0.665412206890207,0.66541590802915,19.85962,3,3,3,3
"251,501,751",0.7,3,40.5292852445216,NA,0.722214524157915,0.72216467216043,0,13.8466384264232,NA,0,13.9217302431042,0.72216467216043,"",0,16.6641192375297,0.669069394387203,1,NA,0,0.722214524157915,0.72216467216043,13.84664,3,3,3,3
"251,501,751",0.7,3,22.6556164741868,NA,0.693443716749895,0.693493607948009,0,5.24236940365726,NA,0,5.17766499296287,0.693493607948009,"",0,16.2372079231686,0.584058937538962,1,NA,0,0.693443716749895,0.693493607948009,5.24237,3,3,3,3
"251,501,751",0.7,3,55.8559587971795,NA,0.667645257834846,0.667731586587345,0,26.826256161389,NA,0,26.7339224698154,0.667731586587345,"",0,26.7075537642945,0.666625178840561,1,NA,0,0.667645257834846,0.667731586587345,26.82626,3,3,3,3
"251,501,751",0.7,3,33.939466995318,NA,0.728053396722506,0.728072680348993,0,9.64994527065777,NA,0,9.61994405457596,0.728072680348993,"",0,10.1948134316327,0.75071782023293,1,NA,0,0.728053396722506,0.728072680348993,9.64995,3,3,3,3
"251,501,751",0.7,3,-26.3423517842805,NA,0.71820957595542,0.718207923140673,0,-20.4213878893535,NA,0,-20.4215383511893,0.718207923140673,"",0,29.0673441423279,0.943070919503819,1,NA,0,0.71820957595542,0.718207923140673,-20.42139,3,3,3,3
"251,501,751",0.7,3,57.2032906012798,NA,0.748597160416051,0.748566914387348,0,19.5162780778174,"",0,19.5659334708978,0.748566914387348,"292,304,637,662",4,98.0167675206448,0.520364170758946,1,NA,0,0.748597160416051,0.748566914387348,19.51628,3,3,1.266,3
"251,501,751",0.7,3,12.8447441759425,NA,0.727365769614867,0.727361706999879,0,-1.12229077758731,"",0,-1.11677225028228,0.727361706999879,"",0,-0.229710186500284,0.756084050674841,1,NA,0,0.727365769614867,0.727361706999879,-1.12229,3,3,3,3
"251,501,751",0.7,3,5.00791046448918,NA,0.685188991166013,0.685145129308482,0,-0.214922537603726,"",0,-0.155159973542768,0.685145129308482,"",0,8.33581057376706,0.772589867540646,1,NA,0,0.685188991166013,0.685145129308482,-0.21492,3,3,3,3
"251,501,751",0.7,3,37.761705963267,NA,0.677498824719542,0.677476343339527,0,16.5521083649834,"",0,16.585372582506,0.677476343339527,"",0,42.2301899808769,0.498623574373003,1,NA,0,0.677498824719542,0.677476343339527,16.55211,3,3,3,3
"251,501,751",0.7,3,41.4203285599935,NA,0.6844692086091,0.684449888347463,0,16.2530752423364,"",0,16.2778509963673,0.684449888347463,"",0,16.4625303132586,0.664061284058111,1,NA,0,0.6844692086091,0.684449888347463,16.25308,3,3,3,3
"251,501,751",0.7,3,116.670272555886,NA,0.699604987846713,0.699615247381704,0,52.8545220680576,"706,839",2,94.7264347606955,0.670793956389092,"",0,81.4817284934591,0.87125075850124,1,NA,0,0.699604987846713,0.699615247381704,52.85452,3,1.133,3,3
"251,501,751",0.7,3,73.0542467637152,NA,0.675428177766769,0.675474921282528,0,32.7488432731383,"",0,32.6911962786879,0.675474921282528,"",0,40.7877566362599,0.763244302590862,1,NA,0,0.675428177766769,0.675474921282528,32.74884,3,3,3,3
"251,501,751",0.7,3,-24.229781720016,NA,0.702783796923325,0.702856822240131,0,-11.6698236438878,"",0,-11.758485498428,0.702856822240131,"",0,23.1432481711552,0.498218980727829,1,NA,0,0.702783796923325,0.702856822240131,-11.66982,3,3,3,3
"251,501,751",0.7,3,100.455656520034,NA,0.708025849426909,0.708127536864755,0,46.6348506146296,"",0,46.4956430033488,0.708127536864755,"805,881",2,88.1362734671325,0.543992344989405,1,NA,0,0.708025849426909,0.708127536864755,46.63485,3,3,1.184,3
"251,501,751",0.7,3,65.2909259641309,NA,0.71355992366075,0.713541332738993,0,25.8634244170851,"",0,25.8861793967871,0.713541332738993,"",0,26.460460564795,0.689107626609143,1,NA,0,0.71355992366075,0.713541332738993,25.86342,3,3,3,3
"251,501,751",0.7,3,45.7837458333019,NA,0.688780231833566,0.688777121206372,0,15.9022975403891,"",0,15.9064504814995,0.688777121206372,"",0,16.0275134805836,0.699983794883233,1,NA,0,0.688780231833566,0.688777121206372,15.9023,3,3,3,3
"251,501,751",0.7,3,18.8428251217428,NA,0.695824009689675,0.695783178836769,0,6.2933432292745,"",0,6.34921031583775,0.695783178836769,"",0,16.2091507950392,0.790412629836113,1,NA,0,0.695824009689675,0.695783178836769,6.29334,3,3,3,3
"251,501,751",0.7,3,-18.4210867133547,NA,0.721498519658703,0.721498163640866,0,-16.5998064605446,"",0,-16.5998808231308,0.721498163640866,"",0,81.2897595345518,1.04364348978689,1,NA,0,0.721498519658703,0.721498163640866,-16.59981,3,3,3,3
"251,501,751",0.7,3,51.0747481370382,NA,0.695995684525081,0.695992324622924,0,18.6489492750906,"",0,18.6476829842455,0.695992324622924,"",0,41.2635280142506,0.540616849161502,1,NA,0,0.695995684525081,0.695992324622924,18.64895,3,3,3,3
"251,501,751",0.7,3,-23.4502745892614,NA,0.711876666753222,0.711873076415137,0,-17.9901678703305,"",0,-17.9850135189058,0.711873076415137,"",0,-16.6485063942187,0.746980366692945,1,NA,0,0.711876666753222,0.711873076415137,-17.99017,3,3,3,3
"251,501,751",0.7,3,-18.469227777947,NA,0.693822487682696,0.693724521085664,0,-12.8189435954613,"",0,-12.6883152470044,0.693724521085664,"",0,43.4205717191631,0.935682971826533,1,NA,0,0.693822487682696,0.693724521085664,-12.81894,3,3,3,3
"251,501,751",0.7,3,-24.8329792983401,NA,0.685208860228729,0.685190369032896,0,-18.8491785709839,"",0,-18.8245436747193,0.685190369032896,"",0,-14.1797181178549,0.613491194392068,1,NA,0,0.685208860228729,0.685190369032896,-18.84918,3,3,3,3
"251,501,751",0.7,3,64.2618905994853,NA,0.688333215894821,0.688339666451819,0,25.1654301822834,"",0,25.1568336862103,0.688339666451819,"",0,26.9382521486978,0.731557810839837,1,NA,0,0.688333215894821,0.688339666451819,25.16543,3,3,3,3
"251,501,751",0.7,3,124.973613076332,NA,0.708539470159894,0.708554297020861,0,57.1860346183138,"",0,57.1644073727869,0.708554297020861,"943,967,982,990",4,113.334809387412,0.508585820834265,1,NA,0,0.708539470159894,0.708554297020861,57.18603,3,3,2.389,3
"251,501,751",0.7,3,51.4962400470528,NA,0.711555367999756,0.711608096212626,0,32.8505397443402,"",0,32.7965934289581,0.711608096212626,"",0,40.349788639095,0.598041674595559,1,NA,0,0.711555367999756,0.711608096212626,32.85054,3,3,3,3
"251,501,751",0.7,3,112.065945448738,NA,0.654413647300498,0.654444386362361,0,47.6657875699773,NA,0,47.6308157637346,0.654444386362361,"",0,67.3502824105318,0.805360243044615,1,NA,0,0.654413647300498,0.654444386362361,47.66579,3,3,3,3
"251,501,751",0.7,3,-14.7723161504127,NA,0.670351110419594,0.670356995955065,0,-14.2904666238884,NA,0,-14.2975426199868,0.670356995955065,"",0,-11.1129738820717,0.728147659082487,1,NA,0,0.670351110419594,0.670356995955065,-14.29047,3,3,3,3
"251,501,751",0.7,3,70.4127966806696,NA,0.736361492564142,0.736344404413085,0,27.1163043366799,NA,0,27.1442643958584,0.736344404413085,"",0,63.0773774502594,0.920760023396654,1,NA,0,0.736361492564142,0.736344404413085,27.1163,3,3,3,3
"251,501,751",0.7,3,55.4449980740345,NA,0.668129243694959,0.668118477137106,0,21.3986863680703,"775",1,42.8654255831194,0.64882534765726,"",0,52.1395434196046,0.85226007018947,1,NA,0,0.668129243694959,0.668118477137106,21.39869,3,2.024,3,3
"251,501,751",0.7,3,29.1431251129366,NA,0.675112956467146,0.675102452043142,0,7.94981851054448,NA,0,7.96387032007704,0.675102452043142,"",0,10.2733775909828,0.623155845004154,1,NA,0,0.675112956467146,0.675102452043142,7.94982,3,3,3,3
"251,501,751",0.7,3,67.9161759117161,NA,0.702978595670851,0.70306616071181,0,28.5729161183465,NA,0,28.4543610733775,0.70306616071181,"",0,29.2907967122717,0.671262924428497,1,NA,0,0.702978595670851,0.70306616071181,28.57292,3,3,3,3
"251,501,751",0.7,3,56.8972142703636,NA,0.756297785242391,0.756285026748794,0,26.1842158655814,NA,0,26.2153042459283,0.756285026748794,"",0,29.8024827277778,0.801832683972267,1,NA,0,0.756297785242391,0.756285026748794,26.18422,3,3,3,3
"251,501,751",0.7,3,24.4825983296845,NA,0.719887107783276,0.719852483321509,0,5.54831043310745,NA,0,5.59845788552037,0.719852483321509,"",0,5.61352380358555,0.714783837958213,1,NA,0,0.719887107783276,0.719852483321509,5.54831,3,3,3,3
"251,501,751",0.7,3,66.5078131076562,NA,0.708049093349103,0.708046133929555,0,26.6730144659325,NA,0,26.677614391184,0.708046133929555,"",0,33.5349842605508,0.790350622998487,1,NA,0,0.708049093349103,0.708046133929555,26.67301,3,3,3,3
"251,501,751",0.7,3,84.9902750840351,NA,0.681898591233784,0.681897343513377,0,37.569851833008,NA,0,37.5733065350573,0.681897343513377,"",0,63.2307365176169,0.845340911878883,1,NA,0,0.681898591233784,0.681897343513377,37.56985,3,3,3,3
"251,501,751",0.7,3,89.8825964263584,NA,0.689372487733255,0.689278426951741,0,40.7570767352313,NA,0,40.8822974594482,0.689278426951741,"",0,41.7583391173284,0.653021704515467,1,NA,0,0.689372487733255,0.689278426951741,40.75708,3,3,3,3
"251,501,751",0.7,3,36.5489048502018,NA,0.720038566263483,0.720169193434425,0,18.1727635529058,NA,0,17.9932330717752,0.720169193434425,"49,56,677,686",4,81.4013533556935,0.474391610051948,1,NA,0,0.720038566263483,0.720169193434425,18.17276,3,3,1.436,3
"251,501,751",0.7,3,43.6078806194748,NA,0.733636270197262,0.73354841442195,0,22.3081142245113,NA,0,22.4527687284917,0.73354841442195,"681,706,740,774",4,112.507732160136,0.437990805261034,1,NA,0,0.733636270197262,0.73354841442195,22.30811,3,3,1.646,3
"251,501,751",0.7,3,-23.8760062595331,NA,0.6926819241284,0.692697086570465,0,-18.5396546692844,NA,0,-18.5593013562551,0.692697086570465,"",0,23.0469539538256,0.90450716854966,1,NA,0,0.6926819241284,0.692697086570465,-18.53965,3,3,3,3
"251,501,751",0.7,3,-22.0119623413346,NA,0.711229608432769,0.711211178013293,0,-17.5395608503006,NA,0,-17.5199669072366,0.711211178013293,"",0,-11.0273820591224,0.791082621665306,1,NA,0,0.711229608432769,0.711211178013293,-17.53956,3,3,3,3
"251,501,751",0.7,3,-14.5366337271167,NA,0.629298009126209,0.629265933760491,0,-17.7940076404741,NA,0,-17.7604177531459,0.629265933760491,"",0,-16.2860748343209,0.585704419901583,1,NA,0,0.629298009126209,0.629265933760491,-17.79401,3,3,3,3
"251,501,751",0.7,3,51.4381419295031,NA,0.693775859945028,0.693774935008691,0,18.7768822491731,NA,0,18.7781269462411,0.693774935008691,"",0,21.1906898313025,0.643673433465334,1,NA,0,0.693775859945028,0.693774935008691,18.77688,3,3,3,3
"251,501,751",0.7,3,33.6422011711067,NA,0.680181990536452,0.680171133547126,0,10.1774130202233,NA,0,10.1918361138926,0.680171133547126,"43",1,37.2082523368123,0.535044285488804,1,NA,0,0.680181990536452,0.680171133547126,10.17741,3,3,2.208,3
"251,501,751",0.7,3,93.9666334859366,NA,0.688494668293715,0.688508704982445,0,41.2061509744361,NA,0,41.1879037135318,0.688508704982445,"595",1,69.0513651388162,0.55038194609686,1,NA,0,0.688494668293715,0.688508704982445,41.20615,3,3,2.094,3
"251,501,751",0.7,3,55.8224725026054,NA,0.718743599863351,0.718708607543515,0,21.9169890574547,NA,0,21.9696018592501,0.718708607543515,"",0,26.1704267550755,0.780470996838157,1,NA,0,0.718743599863351,0.718708607543515,21.91699,3,3,3,3
"251,501,751",0.7,3,143.283445657505,NA,0.71520102525143,0.715259144837923,0,66.9481559303184,NA,0,66.8654268240686,0.715259144837923,"",0,71.2764871312936,0.645373150362459,1,NA,0,0.71520102525143,0.715259144837923,66.94816,3,3,3,3
"251,501,751",0.7,3,26.5955395345176,NA,0.64803547862031,0.648048390920262,0,4.82419589802738,NA,0,4.81076619566559,0.648048390920262,"",0,29.941955567348,0.473420569426168,1,NA,0,0.64803547862031,0.648048390920262,4.8242,3,3,3,3
"251,501,751",0.7,3,-22.2931781912107,NA,0.671928510268797,0.671976409935567,0,-18.0628616603952,NA,0,-18.1200826426729,0.671976409935567,"",0,8.2910913631886,0.498097911643222,1,NA,0,0.671928510268797,0.671976409935567,-18.06286,3,3,3,3
"251,501,751",0.7,3,25.4368983199364,NA,0.685810245496675,0.685839118614865,0,6.65700905811215,NA,0,6.61963910514862,0.685839118614865,"",0,23.5428544031033,0.548316065988595,1,NA,0,0.685810245496675,0.685839118614865,6.65701,3,3,3,3
"251,501,751",0.7,3,86.4736517183865,NA,0.709531792549831,0.709529665291434,0,37.5526158910875,NA,0,37.556985400971,0.709529665291434,"",0,54.8754354597453,0.574962410328286,1,NA,0,0.709531792549831,0.709529665291434,37.55262,3,3,3,3
"251,501,751",0.7,3,117.279238940268,NA,0.711508297224752,0.711511145896028,0,52.2316048962259,NA,0,52.227586591727,0.711511145896028,"",0,77.329223805541,0.550832885854975,1,NA,0,0.711508297224752,0.711511145896028,52.2316,3,3,3,3
"251,501,751",0.7,3,58.8305039755776,NA,0.736178376505435,0.736172700992304,0,21.1457106833272,NA,0,21.1548786310453,0.736172700992304,"",0,21.2207309919076,0.728299146723344,1,NA,0,0.736178376505435,0.736172700992304,21.14571,3,3,3,3
"251,501,751",0.7,3,17.3863000313579,NA,0.730905822578918,0.730912588218114,0,2.98027425402565,NA,0,2.9723254951106,0.730912588218114,"",0,3.54738048719506,0.750941158807002,1,NA,0,0.730905822578918,0.730912588218114,2.98027,3,3,3,3
"251,501,751",0.7,3,34.8476535492357,NA,0.730430499357207,0.730334585873619,0,13.6634341828255,NA,0,13.8155880174864,0.730334585873619,"",0,26.4149649586334,0.833208287726548,1,NA,0,0.730430499357207,0.730334585873619,13.66343,3,3,3,3
"251,501,751",0.7,3,30.7488829851697,NA,0.70468000454075,0.704734799480398,0,15.7758807500244,NA,0,15.709882338544,0.704734799480398,"",0,17.7908363942838,0.644640249185234,1,NA,0,0.70468000454075,0.704734799480398,15.77588,3,3,3,3
"251,501,751",0.7,3,-19.5947240025485,NA,0.64976887735041,0.649729696489676,0,-18.1838361177693,NA,0,-18.1388907673522,0.649729696489676,"",0,-18.1383921132986,0.649901589213446,1,NA,0,0.64976887735041,0.649729696489676,-18.18384,3,3,3,3
"251,501,751",0.7,3,36.3162176453991,NA,0.670331351973135,0.670299966919565,0,10.879087372817,NA,0,10.9179229460523,0.670299966919565,"",0,12.6045104600248,0.626237626776816,1,NA,0,0.670331351973135,0.670299966919565,10.87909,3,3,3,3
"251,501,751",0.7,3,-85.2567245680439,NA,0.670141119136783,0.670169891454573,0,-47.8985748762599,NA,0,-47.9302141959653,0.670169891454573,"",0,-46.0517028605573,0.710993045728912,1,NA,0,0.670141119136783,0.670169891454573,-47.89857,3,3,3,3
"251,501,751",0.7,3,21.1904788326355,NA,0.688223785202084,0.688175306403349,0,8.14811538447752,NA,0,8.21477995067555,0.688175306403349,"",0,8.19447456233357,0.686822052649076,1,NA,0,0.688223785202084,0.688175306403349,8.14812,3,3,3,3
"251,501,751",0.7,3,49.0226468428296,NA,0.666808729856841,0.666817730078398,0,16.8112719898289,NA,0,16.7985502822149,0.666817730078398,"",0,56.499528105445,0.881027747271539,1,NA,0,0.666808729856841,0.666817730078398,16.81127,3,3,3,3
"251,501,751",0.7,3,64.576036217173,NA,0.695945279619403,0.695945086850628,0,25.364020992158,NA,0,25.3640232749072,0.695945086850628,"",0,30.4406044692427,0.768505647201318,1,NA,0,0.695945279619403,0.695945086850628,25.36402,3,3,3,3
"251,501,751",0.7,3,-17.1758520595875,NA,0.704038096470632,0.704037531615613,0,-14.4071519062805,NA,0,-14.4054878075173,0.704037531615613,"",0,3.52272819817966,0.837823152806386,1,NA,0,0.704038096470632,0.704037531615613,-14.40715,3,3,3,3
"251,501,751",0.7,3,-24.0650596284644,NA,0.65962070859355,0.659595573015399,0,-18.7371982449917,NA,0,-18.7059990414098,0.659595573015399,"",0,-10.5842792465167,0.559836890321363,1,NA,0,0.65962070859355,0.659595573015399,-18.7372,3,3,3,3
"251,501,751",0.7,3,-6.43973271643669,NA,0.726838581394233,0.726867533569496,0,-10.036189549389,NA,0,-10.0793474814797,0.726867533569496,"35,59,578,597",4,56.3751545533843,0.527097409110564,1,NA,0,0.726838581394233,0.726867533569496,-10.03619,3,3,1.423,3
"251,501,751",0.7,3,99.404612365483,NA,0.659067300679092,0.659039290382645,0,41.7641207824097,NA,0,41.7969117886478,0.659039290382645,"",0,48.7803306571542,0.747201398752956,1,NA,0,0.659067300679092,0.659039290382645,41.76412,3,3,3,3
"251,501,751",0.7,3,33.3340030913313,NA,0.733908699473797,0.733910423182541,0,8.97125662941006,NA,0,8.96552894700109,0.733910423182541,NA,0,57.4075859541246,0.950631173545257,1,NA,0,0.733908699473797,0.733910423182541,8.97126,3,3,3,3
"251,501,751",0.7,3,63.3156893623132,NA,0.740662239014941,0.740674721140783,0,23.1802865000814,NA,0,23.1591491555549,0.740674721140783,NA,0,38.9841886805938,0.619795721025418,1,NA,0,0.740662239014941,0.740674721140783,23.18029,3,3,3,3
"251,501,751",0.7,3,-7.86230237641364,NA,0.719687604997597,0.719603384964524,0,-4.48904464883246,NA,0,-4.35901775741941,0.719603384964524,NA,0,19.2039108854832,0.861715518470406,1,NA,0,0.719687604997597,0.719603384964524,-4.48904,3,3,3,3
"251,501,751",0.7,3,-4.22486226626006,NA,0.706456997661758,0.706466396353882,0,-5.76374558379263,NA,0,-5.77730021677049,0.706466396353882,NA,0,74.4586465927485,0.997523149944963,1,NA,0,0.706456997661758,0.706466396353882,-5.76375,3,3,3,3
"251,501,751",0.7,3,65.0788869477275,NA,0.693159132111215,0.693076497971255,0,27.2680680512232,NA,0,27.3798660162238,0.693076497971255,NA,0,31.2069907620721,0.626601639319602,1,NA,0,0.693159132111215,0.693076497971255,27.26807,3,3,3,3
"251,501,751",0.7,3,15.7869761906234,NA,0.715343165413619,0.715332091460802,0,1.2105944379701,NA,0,1.22699351440572,0.715332091460802,NA,0,24.100011342697,0.563317864897454,1,NA,0,0.715343165413619,0.715332091460802,1.21059,3,3,3,3
"251,501,751",0.7,3,56.4524621879228,NA,0.708338287115024,0.708331153773625,0,21.2754571384911,NA,0,21.281215525457,0.708331153773625,NA,0,67.7856296512456,0.486569246458405,1,NA,0,0.708338287115024,0.708331153773625,21.27546,3,3,3,3
"251,501,751",0.7,3,-20.4026812175378,NA,0.719887345985603,0.7198264053215,0,-14.9446174240365,NA,0,-14.8519214190212,0.7198264053215,NA,0,-13.5656789816998,0.751185490770476,1,NA,0,0.719887345985603,0.7198264053215,-14.94462,3,3,3,3
"251,501,751",0.7,3,87.6000003830228,NA,0.701217704225668,0.701257167502253,0,43.4980294245029,NA,0,43.4521796142738,0.701257167502253,NA,0,69.5649329047289,0.855337355720823,1,NA,0,0.701217704225668,0.701257167502253,43.49803,3,3,3,3
"251,501,751",0.7,3,-59.7426373525996,NA,0.725740370732707,0.725751244305253,0,-37.3404887273206,NA,0,-37.3587093824962,0.725751244305253,NA,0,-36.6852835101155,0.700288783139297,1,NA,0,0.725740370732707,0.725751244305253,-37.34049,3,3,3,3
"251,501,751",0.7,3,27.2425275833981,NA,0.649252125132785,0.649225602613831,0,4.87860827469374,NA,0,4.90895755579707,0.649225602613831,NA,0,8.53195390644193,0.583463077779581,1,NA,0,0.649252125132785,0.649225602613831,4.87861,3,3,3,3
"251,501,751",0.7,3,134.009909207386,NA,0.71259782153137,0.712574280908881,0,60.4959886734106,NA,0,60.5307208338709,0.712574280908881,NA,0,134.166744271263,0.991269233133572,1,NA,0,0.71259782153137,0.712574280908881,60.49599,3,3,3,3
"251,501,751",0.7,3,16.8887171427283,NA,0.688921472181641,0.688874704967306,0,2.23405780143224,NA,0,2.29634851001793,0.688874704967306,NA,0,14.5032359853239,0.573329340182311,1,NA,0,0.688921472181641,0.688874704967306,2.23406,3,3,3,3
"251,501,751",0.7,3,27.1043322000901,NA,0.726657120174411,0.726632392467691,0,12.1557112456899,NA,0,12.1996364379631,0.726632392467691,NA,0,97.7358680010969,1.01398965455021,1,NA,0,0.726657120174411,0.726632392467691,12.15571,3,3,3,3
"251,501,751",0.7,3,46.5380946903943,NA,0.676834762112356,0.676759892377105,0,18.3668371796304,NA,0,18.4624700788007,0.676759892377105,NA,0,115.797166517226,1.01286363123861,1,NA,0,0.676834762112356,0.676759892377105,18.36684,3,3,3,3
"251,501,751",0.7,3,85.978438305905,NA,0.7093576160391,0.709375000342255,0,36.634436699344,NA,0,36.6103606876193,0.709375000342255,NA,0,49.3971036251664,0.821789938867361,1,NA,0,0.7093576160391,0.709375000342255,36.63444,3,3,3,3
"251,501,751",0.7,3,24.8695550625783,NA,0.694919923138642,0.694899448565074,0,5.96901477361329,NA,0,5.99701990977846,0.694899448565074,NA,0,12.1514665665278,0.774039539677962,1,NA,0,0.694919923138642,0.694899448565074,5.96901,3,3,3,3
"251,501,751",0.7,3,47.1582258705443,NA,0.686297396958861,0.686278851933244,0,16.5607177466431,NA,0,16.583859040047,0.686278851933244,NA,0,16.5999971364066,0.690306198282491,1,NA,0,0.686297396958861,0.686278851933244,16.56072,3,3,3,3
"251,501,751",0.7,3,-99.1935281148264,NA,0.715301873046419,0.715306335150725,0,-56.7210867772951,NA,0,-56.7273962292298,0.715306335150725,NA,0,-50.0120989251293,0.796556606640094,1,NA,0,0.715301873046419,0.715306335150725,-56.72109,3,3,3,3
"251,501,751",0.7,3,100.591952455889,NA,0.716369747090503,0.716432737687947,0,46.5029958706692,NA,0,46.4102701343894,0.716432737687947,NA,0,55.5002459178869,0.616019456998695,1,NA,0,0.716369747090503,0.716432737687947,46.503,3,3,3,3
"251,501,751",0.7,3,39.3202976467031,NA,0.693049742772624,0.693049520538887,0,12.7194091683056,NA,0,12.7197165192515,0.693049520538887,"",0,13.3709411639189,0.666998815917382,1,NA,0,0.693049742772624,0.693049520538887,12.71941,3,3,3,3
"251,501,751",0.7,3,121.779664939261,NA,0.692871781004689,0.692873972350163,0,54.0643860246086,NA,0,54.0613138545772,0.692873972350163,"",0,58.7943221851017,0.622306887806717,1,NA,0,0.692871781004689,0.692873972350163,54.06439,3,3,3,3
"251,501,751",0.7,3,36.3005499793862,NA,0.73282366369452,0.732820836285399,0,10.0846439749088,NA,0,10.0890572696595,0.732820836285399,"",0,27.0274495718785,0.606505785944178,1,NA,0,0.73282366369452,0.732820836285399,10.08464,3,3,3,3
"251,501,751",0.7,3,-37.8411798492476,NA,0.738206739158563,0.738205778398945,0,-25.3491070398208,NA,0,-25.3450778419545,0.738205778398945,"",0,-17.7290996584615,0.651463185473224,1,NA,0,0.738206739158563,0.738205778398945,-25.34911,3,3,3,3
"251,501,751",0.7,3,40.9473972103439,NA,0.691328912188076,0.691308498018072,0,14.954097307898,NA,0,14.982524315769,0.691308498018072,"",0,36.4789297932749,0.840126898486084,1,NA,0,0.691328912188076,0.691308498018072,14.9541,3,3,3,3
"251,501,751",0.7,3,19.9872367867226,NA,0.727445120600639,0.727443015208354,0,2.34317627615925,NA,0,2.34566545695455,0.727443015208354,"",0,82.6973282361386,1.01402633393376,1,NA,0,0.727445120600639,0.727443015208354,2.34318,3,3,3,3
"251,501,751",0.7,3,100.447298876946,NA,0.699436141908714,0.699442856085359,0,47.8330854069363,NA,0,47.829347148448,0.699442856085359,"",0,47.7651606186038,0.69202162148094,1,NA,0,0.699436141908714,0.699442856085359,47.83309,3,3,3,3
"251,501,751",0.7,3,20.0474206428042,NA,0.703713345294996,0.703710461249348,0,3.09641156935859,NA,0,3.09662379678683,0.703710461249348,"",0,11.0718009234003,0.794365580945708,1,NA,0,0.703713345294996,0.703710461249348,3.09641,3,3,3,3
"251,501,751",0.7,3,-22.1621247178596,NA,0.687713479598701,0.687739780000816,0,-10.7154805815582,NA,0,-10.739572706278,0.687739780000816,"",0,90.101140038033,1.01703238503276,1,NA,0,0.687713479598701,0.687739780000816,-10.71548,3,3,3,3
"251,501,751",0.7,3,33.6129482533442,NA,0.687399852140223,0.687373684705917,0,13.1101063861042,NA,0,13.1445179925167,0.687373684705917,"",0,33.108013243977,0.828354892004124,1,NA,0,0.687399852140223,0.687373684705917,13.11011,3,3,3,3
"251,501,751",0.7,3,41.1244411446866,NA,0.708926099281339,0.7089691934573,0,14.2881929061168,NA,0,14.2272188870394,0.7089691934573,"",0,14.2501704389662,0.70290784790107,1,NA,0,0.708926099281339,0.7089691934573,14.28819,3,3,3,3
"251,501,751",0.7,3,94.687021410234,NA,0.687406035418189,0.687266760320549,0,45.7450412079565,NA,0,45.9285009550358,0.687266760320549,"",0,47.031207271751,0.71249990869627,1,NA,0,0.687406035418189,0.687266760320549,45.74504,3,3,3,3
"251,501,751",0.7,3,22.4206704663786,NA,0.751252310018915,0.751276653793513,0,3.21317102748614,NA,0,3.17350804936175,0.751276653793513,"",0,55.9972920708961,0.969146184381923,1,NA,0,0.751252310018915,0.751276653793513,3.21317,3,3,3,3
"251,501,751",0.7,3,89.1518857009254,NA,0.700862758259923,0.700827566059163,0,39.4600925492216,NA,0,39.510344136,0.700827566059163,"",0,63.6249030767094,0.856280976193813,1,NA,0,0.700862758259923,0.700827566059163,39.46009,3,3,3,3
"251,501,751",0.7,3,44.692054625376,NA,0.685939126744511,0.685940758513936,0,15.5874728680195,NA,0,15.5842086728069,0.685940758513936,"",0,21.5440884702595,0.765141329891745,1,NA,0,0.685939126744511,0.685940758513936,15.58747,3,3,3,3
"251,501,751",0.7,3,57.3377397909248,NA,0.726251116733096,0.72624885682026,0,21.0332768311804,NA,0,21.0370830627,0.72624885682026,"",0,44.8750036917367,0.878172167507526,1,NA,0,0.726251116733096,0.72624885682026,21.03328,3,3,3,3
"251,501,751",0.7,3,56.211818199043,NA,0.714554903830481,0.714492283801512,0,21.9313547911263,NA,0,22.0236447020673,0.714492283801512,"",0,24.1550027798096,0.667026661830884,1,NA,0,0.714554903830481,0.714492283801512,21.93135,3,3,3,3
"251,501,751",0.7,3,73.3867336149266,NA,0.700262017245662,0.700259472511666,0,33.1343858448949,NA,0,33.1415421384096,0.700259472511666,"",0,33.2797440720868,0.707544293138247,1,NA,0,0.700262017245662,0.700259472511666,33.13439,3,3,3,3
"251,501,751",0.7,3,43.4098183265955,NA,0.668819617306908,0.66881871355246,0,13.9189420892552,NA,0,13.9201637809224,0.66881871355246,"",0,46.4423663263268,0.476045047720142,1,NA,0,0.668819617306908,0.66881871355246,13.91894,3,3,3,3
"251,501,751",0.7,3,20.765880011586,NA,0.693252672534145,0.693053306642168,0,12.878357942506,NA,0,13.1395711414328,0.693053306642168,"376,396",2,52.6036142950587,0.499996120668304,1,NA,0,0.693252672534145,0.693053306642168,12.87836,3,3,1.23,3
"251,501,751",0.7,3,106.030880552086,NA,0.705418488186382,0.705409059209842,0,48.8562396135551,NA,0,48.87012781629,0.705409059209842,"",0,139.807550551011,1.01772078075702,1,NA,0,0.705418488186382,0.705409059209842,48.85624,3,3,3,3
"251,501,751",0.7,3,139.215764631288,NA,0.678625963515732,0.678493543883083,0,64.5555591935898,NA,0,64.7233102046244,0.678493543883083,"906,936",2,98.7004653801267,0.517726737528641,1,NA,0,0.678625963515732,0.678493543883083,64.55556,3,3,1.34,3
"251,501,751",0.7,3,45.3628905475144,NA,0.727105964403384,0.727106768222105,0,14.9966264928976,NA,0,14.9954513609132,0.727106768222105,"",0,60.6038723407325,0.514844295124312,1,NA,0,0.727105964403384,0.727106768222105,14.99663,3,3,3,3
"251,501,751",0.7,3,-8.89439624514985,NA,0.727495580498874,0.727420879393537,0,0.964248073016204,NA,0,1.08787691327123,0.727420879393537,"",0,11.6586497841476,0.604380722565394,1,NA,0,0.727495580498874,0.727420879393537,0.96425,3,3,3,3
"251,501,751",0.7,3,57.065737968765,NA,0.709690425158766,0.709685318132507,0,21.5345268495033,NA,0,21.5420241625732,0.709685318132507,"",0,38.8516788924775,0.842174174814843,1,NA,0,0.709690425158766,0.709685318132507,21.53453,3,3,3,3
"251,501,751",0.7,3,133.140109143585,NA,0.691338234239496,0.691385683476774,0,63.030796487222,NA,0,62.9731996463201,0.691385683476774,"",0,65.8871549117763,0.7405900299225,1,NA,0,0.691338234239496,0.691385683476774,63.0308,3,3,3,3
"251,501,751",0.7,3,53.52256353294,NA,0.687509619265792,0.687506181402517,0,19.8143594251652,NA,0,19.8189826473121,0.687506181402517,"",0,22.6015541096385,0.633047576308412,1,NA,0,0.687509619265792,0.687506181402517,19.81436,3,3,3,3
"251,501,751",0.7,3,-14.86487918398,NA,0.69099015536883,0.691131297075721,0,-2.60570688804991,NA,0,-2.76653718889516,0.691131297075721,"",0,0.997203250263508,0.603125011859111,1,NA,0,0.69099015536883,0.691131297075721,-2.60571,3,3,3,3
"251,501,751",0.7,3,-1.54353552010549,NA,0.656878547217825,0.656798147207181,0,-5.44198187637723,NA,0,-5.34612015931423,0.656798147207181,"",0,24.1057807916159,0.833967966815353,1,NA,0,0.656878547217825,0.656798147207181,-5.44198,3,3,3,3
"251,501,751",0.7,3,38.579279349173,NA,0.717216906136493,0.717380459985999,0,19.0776144252972,NA,0,18.8531396279102,0.717380459985999,"",0,29.6010400124991,0.809492145045122,1,NA,0,0.717216906136493,0.717380459985999,19.07761,3,3,3,3
"251,501,751",0.7,3,8.85974241201989,NA,0.686355928969237,0.686405539036883,0,-1.1810671569842,NA,0,-1.2428533043729,0.686405539036883,"",0,15.416291641504,0.817561845792107,1,NA,0,0.686355928969237,0.686405539036883,-1.18107,3,3,3,3
"251,501,751",0.7,3,-35.7506853565282,NA,0.716739072801721,0.716738760615864,0,-25.0710269332321,NA,0,-25.0708931385026,0.716738760615864,"",0,36.0520041386613,0.96831534167329,1,NA,0,0.716739072801721,0.716738760615864,-25.07103,3,3,3,3
"251,501,751",0.7,3,38.5166279635565,NA,0.711473102385597,0.711416113871541,0,14.3091858479485,NA,0,14.3929156824041,0.711416113871541,"",0,16.3199815420437,0.663975841097481,1,NA,0,0.711473102385597,0.711416113871541,14.30919,3,3,3,3
"251,501,751",0.7,3,36.8053100773137,NA,0.718072620621782,0.718111971140722,0,12.7864007850158,NA,0,12.7305779765929,0.718111971140722,"",0,73.8935893925845,0.966735900451708,1,NA,0,0.718072620621782,0.718111971140722,12.7864,3,3,3,3
"251,501,751",0.7,3,-3.89385522548942,NA,0.694352819881691,0.69431923186566,0,-8.07957869786668,NA,0,-8.03393640205953,0.69431923186566,"",0,-0.274679684869841,0.782785777429438,1,NA,0,0.694352819881691,0.69431923186566,-8.07958,3,3,3,3
"251,501,751",0.7,3,-68.1310044363756,NA,0.668095264399034,0.668008334008866,0,-39.5577184447521,NA,0,-39.4511748847458,0.668008334008866,"319,339",2,49.7913560934766,0.317228793485598,1,NA,0,0.668095264399034,0.668008334008866,-39.55772,3,3,1.156,3
"251,501,751",0.7,3,-63.3714155268015,NA,0.726541776690501,0.726515123884692,0,-37.4529487327474,NA,0,-37.4100129341125,0.726515123884692,"",0,-21.4570285098614,0.599733034072126,1,NA,0,0.726541776690501,0.726515123884692,-37.45295,3,3,3,3
"251,501,751",0.7,3,-1.07090724140981,NA,0.662052810244949,0.662031841091406,0,-8.54516500615351,NA,0,-8.52125742651019,0.662031841091406,"",0,-8.00008505739376,0.637386479494729,1,NA,0,0.662052810244949,0.662031841091406,-8.54517,3,3,3,3
"251,501,751",0.7,3,105.171978015139,NA,0.682805877360527,0.682795924567552,0,48.7744618251166,NA,0,48.7909300710962,0.682795924567552,"",0,50.8976409076679,0.724216451409595,1,NA,0,0.682805877360527,0.682795924567552,48.77446,3,3,3,3
"251,501,751",0.7,3,25.2405239281038,NA,0.686835690764505,0.686838812533328,0,5.66625152995295,NA,0,5.66234134872405,0.686838812533328,"185,347,371,449,775,789",6,79.7817846044327,0.416686709064101,1,NA,0,0.686835690764505,0.686838812533328,5.66625,3,3,3.142,3
"251,501,751",0.7,3,4.27748245014654,NA,0.675559027638022,0.675523221859235,0,-3.97973782153076,NA,0,-3.93375609877723,0.675523221859235,"",0,73.6736296918335,0.974883764651445,1,NA,0,0.675559027638022,0.675523221859235,-3.97974,3,3,3,3
"251,501,751",0.7,3,81.3942065525812,NA,0.716783223146049,0.716641104549346,0,41.0179668631776,NA,0,41.2261727523594,0.716641104549346,"",0,50.6436142183501,0.801704948194261,1,NA,0,0.716783223146049,0.716641104549346,41.01797,3,3,3,3
"251,501,751",0.7,3,65.6559121755634,NA,0.710438869159804,0.710310437063199,0,27.7186355083382,NA,0,27.9029871876995,0.710310437063199,"",0,96.3391593019963,0.976449435707939,1,NA,0,0.710438869159804,0.710310437063199,27.71864,3,3,3,3
"251,501,751",0.7,3,156.093321333587,NA,0.6877723545641,0.687744350356989,0,71.5683976578641,NA,0,71.6056733390566,0.687744350356989,"256,270,310,487,502",5,128.697229370259,0.517503712683991,1,NA,0,0.6877723545641,0.687744350356989,71.5684,3,3,2.268,3
"251,501,751",0.7,3,18.3637727531469,NA,0.647376757724351,0.647275667717966,0,2.94126119802297,NA,0,3.05380933378482,0.647275667717966,"",0,33.9758383619729,0.832565478330226,1,NA,0,0.647376757724351,0.647275667717966,2.94126,3,3,3,3
"251,501,751",0.7,3,60.2575888092018,NA,0.710640016512046,0.710671644399,0,23.632620862757,NA,0,23.5883469214908,0.710671644399,"",0,89.2284154858509,0.973377696638972,1,NA,0,0.710640016512046,0.710671644399,23.63262,3,3,3,3
"251,501,751",0.7,3,-60.0109626537211,NA,0.709361002643778,0.709392588106592,0,-36.2250730807549,NA,0,-36.2688096714363,0.709392588106592,"",0,-35.827711533322,0.729077047422169,1,NA,0,0.709361002643778,0.709392588106592,-36.22507,3,3,3,3
"251,501,751",0.7,3,20.2053747267287,NA,0.721612730512612,0.721566326353469,0,3.42652624826699,NA,0,3.49488822431109,0.721566326353469,"",0,15.3037182221777,0.827424963558477,1,NA,0,0.721612730512612,0.721566326353469,3.42653,3,3,3,3
"251,501,751",0.7,3,3.17388558805543,NA,0.643678772567534,0.643678470128658,0,-8.02147757053921,NA,0,-8.02119091139307,0.643678470128658,"",0,77.2801303862389,0.973754687512949,1,NA,0,0.643678772567534,0.643678470128658,-8.02148,3,3,3,3
"251,501,751",0.7,3,29.5643829103304,NA,0.696002153316786,0.696005904539744,0,7.93136498883999,NA,0,7.92636628905439,0.696005904539744,"",0,64.3371278008506,0.944026520766748,1,NA,0,0.696002153316786,0.696005904539744,7.93136,3,3,3,3
"251,501,751",0.7,3,58.6994907589959,NA,0.70624060331902,0.706247675250476,0,22.4846573267225,"492",1,58.3762492660298,0.680964291361812,"",0,22.5057554265697,0.711782907278393,1,NA,0,0.70624060331902,0.706247675250476,22.48466,3,2.009,3,3
"251,501,751",0.7,3,32.4954719844494,NA,0.66623078905286,0.666263209876841,0,8.99670966818974,NA,0,8.95771765425305,0.666263209876841,"",0,12.080106917748,0.723984566361825,1,NA,0,0.66623078905286,0.666263209876841,8.99671,3,3,3,3
"251,501,751",0.7,3,30.2951182086235,NA,0.707753880674539,0.707775208506494,0,11.0627167228788,NA,0,11.0335414506099,0.707775208506494,"",0,19.475662308531,0.795320617491885,1,NA,0,0.707753880674539,0.707775208506494,11.06272,3,3,3,3
"251,501,751",0.7,3,55.5670290507134,NA,0.711032388218162,0.711102841775493,0,39.9002377974938,NA,0,39.82991215547,0.711102841775493,"",0,38.8178948587408,0.678791201405953,1,NA,0,0.711032388218162,0.711102841775493,39.90024,3,3,3,3
"251,501,751",0.7,3,30.3334488420812,NA,0.690932723350163,0.690953012424498,0,10.7389332063536,NA,0,10.715344464325,0.690953012424498,"",0,10.734911889603,0.679535137846331,1,NA,0,0.690932723350163,0.690953012424498,10.73893,3,3,3,3
"251,501,751",0.7,3,12.7189382156911,NA,0.67557553263613,0.675537744250589,0,-0.546695310176451,NA,0,-0.499890417693724,0.675537744250589,"",0,-0.239334561264102,0.691231414388242,1,NA,0,0.67557553263613,0.675537744250589,-0.5467,3,3,3,3
"251,501,751",0.7,3,38.778910834125,NA,0.703007426179108,0.703007572399194,0,12.9799737180493,NA,0,12.9801025798464,0.703007572399194,"",0,23.4551236187678,0.80564422594033,1,NA,0,0.703007426179108,0.703007572399194,12.97997,3,3,3,3
"251,501,751",0.7,3,90.3667484018207,NA,0.702836990931093,0.702836021555525,0,38.2832997330053,NA,0,38.2821018776055,0.702836021555525,"",0,38.4020942002063,0.713844274695469,1,NA,0,0.702836990931093,0.702836021555525,38.2833,3,3,3,3
"251,501,751",0.7,3,40.9929150874345,NA,0.740914332370629,0.740915678132579,0,11.7427680326956,NA,0,11.7396292805992,0.740915678132579,"",0,12.6009888328278,0.713018213381309,1,NA,0,0.740914332370629,0.740915678132579,11.74277,3,3,3,3
"251,501,751",0.7,3,-51.1847286102882,NA,0.715637506861428,0.715639290570179,0,-32.7476202192084,NA,0,-32.7498933866258,0.715639290570179,"",0,-30.9503896250502,0.757587942477152,1,NA,0,0.715637506861428,0.715639290570179,-32.74762,3,3,3,3
"251,501,751",0.7,3,42.1856666058263,NA,0.710290565322145,0.710275677839836,0,14.3664952884455,NA,0,14.3881263477419,0.710275677839836,"",0,15.4264493952075,0.74190311405742,1,NA,0,0.710290565322145,0.710275677839836,14.3665,3,3,3,3
"251,501,751",0.7,3,-6.22875307147243,NA,0.663034189539483,0.662896244765029,0,-9.37746893914864,NA,0,-9.22267951223596,0.662896244765029,"",0,-9.23936919769248,0.659004576413928,1,NA,0,0.663034189539483,0.662896244765029,-9.37747,3,3,3,3
"251,501,751",0.7,3,121.832716574322,NA,0.688695816413504,0.688660175724531,0,54.1322789357193,NA,0,54.1764841246812,0.688660175724531,"",0,56.1150250587194,0.73335362358877,1,NA,0,0.688695816413504,0.688660175724531,54.13228,3,3,3,3
"251,501,751",0.7,3,13.5477221949919,NA,0.69676086919429,0.696695708066769,0,1.91245334949908,NA,0,1.9981720092803,0.696695708066769,"",0,4.00799242399113,0.646955811962214,1,NA,0,0.69676086919429,0.696695708066769,1.91245,3,3,3,3
"251,501,751",0.7,3,62.5367305558643,NA,0.676965952986043,0.676966577142587,0,23.9450708300433,NA,0,23.9441345943912,0.676966577142587,"",0,31.8307815271666,0.769651620653251,1,NA,0,0.676965952986043,0.676966577142587,23.94507,3,3,3,3
"251,501,751",0.7,3,83.9369155616572,NA,0.733823701424445,0.733779851858962,0,35.3964857659968,NA,0,35.4616630572921,0.733779851858962,"549,586",2,106.341741604082,0.473403113395735,1,NA,0,0.733823701424445,0.733779851858962,35.39649,3,3,1.133,3
"251,501,751",0.7,3,76.3993859793104,NA,0.712886001318626,0.712882385139565,0,31.8712760111588,NA,0,31.8766775290191,0.712882385139565,"",0,33.0904737610052,0.746281632870289,1,NA,0,0.712886001318626,0.712882385139565,31.87128,3,3,3,3
"251,501,751",0.7,3,37.0860308308649,NA,0.708280465889634,0.708252674122757,0,19.5032314248867,NA,0,19.5508552053376,0.708252674122757,"",0,20.4029831267012,0.726842151772491,1,NA,0,0.708280465889634,0.708252674122757,19.50323,3,3,3,3
"251,501,751",0.7,3,44.1908097851343,NA,0.710385093983425,0.710316921405299,0,20.9438102726479,NA,0,21.0456477420112,0.710316921405299,"",0,20.9496197981531,0.702153246215063,1,NA,0,0.710385093983425,0.710316921405299,20.94381,3,3,3,3
"251,501,751",0.7,3,13.6853254804738,NA,0.717520853421465,0.717790993187141,0,12.7997118600846,NA,0,12.4366677051711,0.717790993187141,"",0,29.6991846643943,0.829396481453379,1,NA,0,0.717520853421465,0.717790993187141,12.79971,3,3,3,3
"251,501,751",0.7,3,25.4381021750041,NA,0.744674413072269,0.744629763240483,0,7.90603530584048,NA,0,7.98414504023912,0.744629763240483,"",0,38.0156289880111,0.904937947650588,1,NA,0,0.744674413072269,0.744629763240483,7.90604,3,3,3,3
"251,501,751",0.7,3,49.1735358841618,NA,0.711833999873433,0.71181608353117,0,17.9290891141343,NA,0,17.9553872516391,0.71181608353117,"",0,30.0868182780516,0.821289258066072,1,NA,0,0.711833999873433,0.71181608353117,17.92909,3,3,3,3
"251,501,751",0.7,3,-55.1266759926371,NA,0.71015420293683,0.710130449672351,0,-34.0050192339991,NA,0,-33.9735239035671,0.710130449672351,"",0,61.0263504229058,1.03174397544433,1,NA,0,0.71015420293683,0.710130449672351,-34.00502,3,3,3,3
"251,501,751",0.7,3,10.6441253647253,NA,0.672002155234193,0.671991450808243,0,-0.855134367945485,NA,0,-0.840313337596456,0.671991450808243,"",0,20.001353336055,0.516277759707711,1,NA,0,0.672002155234193,0.671991450808243,-0.85513,3,3,3,3
"251,501,751",0.7,3,34.7235910058961,NA,0.710215141356913,0.710244149029712,0,11.5878475074574,NA,0,11.5481448271805,0.710244149029712,"",0,23.8667377590309,0.819375568576972,1,NA,0,0.710215141356913,0.710244149029712,11.58785,3,3,3,3
"251,501,751",0.7,3,-62.7436530616428,NA,0.709897044165099,0.709904722987827,0,-38.0670812158695,NA,0,-38.0798353257755,0.709904722987827,"310",1,29.6485059646254,0.447408035410927,1,NA,0,0.709897044165099,0.709904722987827,-38.06708,3,3,2.059,3
"251,501,751",0.7,3,-8.49746389162593,NA,0.730921001337318,0.730893884064384,0,-10.6085076972172,NA,0,-10.5644146126783,0.730893884064384,"",0,-10.4872751927969,0.719610713836666,1,NA,0,0.730921001337318,0.730893884064384,-10.60851,3,3,3,3
"251,501,751",0.7,3,17.4377028288021,NA,0.666977543808465,0.666987395313896,0,2.49911880823652,NA,0,2.48944491467913,0.666987395313896,"",0,6.52156143028786,0.730630936674867,1,NA,0,0.666977543808465,0.666987395313896,2.49912,3,3,3,3
"251,501,751",0.7,3,52.8042311735111,NA,0.706206397377023,0.706112832085534,0,23.8529969210142,NA,0,23.9872947123613,0.706112832085534,"",0,32.9559232040955,0.602817278092053,1,NA,0,0.706206397377023,0.706112832085534,23.853,3,3,3,3
"251,501,751",0.7,3,39.0739261575621,NA,0.692706341265745,0.692698823887186,0,12.6005460114957,NA,0,12.6108189347762,0.692698823887186,"",0,27.9277288621074,0.819980319013778,1,NA,0,0.692706341265745,0.692698823887186,12.60055,3,3,3,3
"251,501,751",0.7,3,77.8351394774306,NA,0.676864827377603,0.676933027147423,0,35.3299440285806,"",0,35.2513246888766,0.676933027147423,NA,0,46.2219010696118,0.779236762172053,1,NA,0,0.676864827377603,0.676933027147423,35.32994,3,3,3,3
"251,501,751",0.7,3,29.8942985006562,NA,0.699632164912311,0.699620205295106,0,8.11336447372849,"",0,8.13011526192652,0.699620205295106,NA,0,38.5195713660945,0.520507385255242,1,NA,0,0.699632164912311,0.699620205295106,8.11336,3,3,3,3
"251,501,751",0.7,3,-2.31529779219035,NA,0.674967360893119,0.67494337798358,0,-8.15198077162226,"",0,-8.12209641744484,0.67494337798358,NA,0,1.71772787859188,0.778128401767529,1,NA,0,0.674967360893119,0.67494337798358,-8.15198,3,3,3,3
"251,501,751",0.7,3,-7.94360958801265,NA,0.635198967830384,0.635321437529541,0,-13.2564470863158,"",0,-13.382674919061,0.635321437529541,NA,0,-12.3156498238304,0.668515674064939,1,NA,0,0.635198967830384,0.635321437529541,-13.25645,3,3,3,3
"251,501,751",0.7,3,8.96828655795008,NA,0.688331842407208,0.688309678911881,0,-2.28777964438336,"",0,-2.2582056162964,0.688309678911881,NA,0,55.7282262518567,0.433354558801144,1,NA,0,0.688331842407208,0.688309678911881,-2.28778,3,3,3,3
"251,501,751",0.7,3,71.4579323341565,NA,0.730991848603293,0.730854336125316,0,34.698876943033,"",0,34.9167282130264,0.730854336125316,NA,0,37.262962249822,0.672117659675627,1,NA,0,0.730991848603293,0.730854336125316,34.69888,3,3,3,3
"251,501,751",0.7,3,-4.09345519271616,NA,0.696375250787758,0.69633437768799,0,-8.6658961356458,"",0,-8.61188006598449,0.69633437768799,NA,0,-8.04882783183338,0.720017144666005,1,NA,0,0.696375250787758,0.69633437768799,-8.6659,3,3,3,3
"251,501,751",0.7,3,26.9941907309227,NA,0.733075042551965,0.733091000935403,0,7.10908471829384,"",0,7.08431542795463,0.733091000935403,NA,0,7.07758898534977,0.730641105827817,1,NA,0,0.733075042551965,0.733091000935403,7.10908,3,3,3,3
"251,501,751",0.7,3,4.7854742378353,NA,0.735299702204024,0.735258471538117,0,-4.31577407648954,"",0,-4.24962502568224,0.735258471538117,NA,0,-4.14262140212684,0.743157897043714,1,NA,0,0.735299702204024,0.735258471538117,-4.31577,3,3,3,3
"251,501,751",0.7,3,16.7947284476342,NA,0.696034869456916,0.696092466423134,0,2.66162951131767,"",0,2.58536346898658,0.696092466423134,NA,0,5.71972960587609,0.637053660271713,1,NA,0,0.696034869456916,0.696092466423134,2.66163,3,3,3,3
"251,501,751",0.7,3,102.530563581954,NA,0.691056480834166,0.691024489025682,0,44.9597625890709,"",0,45.0027919671121,0.691024489025682,NA,0,75.5147804260841,0.871219182550195,1,NA,0,0.691056480834166,0.691024489025682,44.95976,3,3,3,3
"251,501,751",0.7,3,2.70978687034148,NA,0.690586919623039,0.690579331064336,0,-5.59410136523324,"",0,-5.58387931949896,0.690579331064336,NA,0,26.6422434587194,0.877201441468083,1,NA,0,0.690586919623039,0.690579331064336,-5.5941,3,3,3,3
"251,501,751",0.7,3,-16.7252028234211,NA,0.681742222479051,0.681738505873423,0,-15.3353385983163,"",0,-15.3306598110553,0.681738505873423,NA,0,-7.19261363117409,0.587512142915401,1,NA,0,0.681742222479051,0.681738505873423,-15.33534,3,3,3,3
"251,501,751",0.7,3,35.6990918538718,NA,0.718782434959916,0.718772541995237,0,12.1156980564173,"",0,12.1303821939306,0.718772541995237,NA,0,12.9985372663334,0.745316282275203,1,NA,0,0.718782434959916,0.718772541995237,12.1157,3,3,3,3
"251,501,751",0.7,3,38.4888987036192,NA,0.722814653490248,0.722797686947749,0,18.0145314710944,"",0,18.0464251643126,0.722797686947749,NA,0,33.4695197773437,0.835631758810468,1,NA,0,0.722814653490248,0.722797686947749,18.01453,3,3,3,3
"251,501,751",0.7,3,90.6854938662067,NA,0.734076962410849,0.734008449172708,0,38.9004961525233,"",0,39.0104445234815,0.734008449172708,NA,0,56.7768709365397,0.860525990169949,1,NA,0,0.734076962410849,0.734008449172708,38.9005,3,3,3,3
"251,501,751",0.7,3,58.3864756282656,NA,0.69263065817079,0.692631221067577,0,22.3753585665966,"",0,22.3746220026915,0.692631221067577,NA,0,52.8266864496344,0.873141885248473,1,NA,0,0.69263065817079,0.692631221067577,22.37536,3,3,3,3
"251,501,751",0.7,3,34.3058225186348,NA,0.70926129967073,0.709239985500656,0,10.427967954165,"",0,10.4581141203039,0.709239985500656,NA,0,46.1833656702928,0.51686043246855,1,NA,0,0.70926129967073,0.709239985500656,10.42797,3,3,3,3
"251,501,751",0.7,3,77.7251724580611,NA,0.668521980953845,0.668515976539226,0,31.3857628892338,"343,383",2,59.3582980109867,0.648469849227716,NA,0,34.887386940484,0.605511282185251,1,NA,0,0.668521980953845,0.668515976539226,31.38576,3,1.224,3,3
"251,501,751",0.7,3,111.936943968438,NA,0.678976396696811,0.67896797147058,0,49.2908989045131,"",0,49.3021328399965,0.67896797147058,NA,0,63.4287953396154,0.553410378073198,1,NA,0,0.678976396696811,0.67896797147058,49.2909,3,3,3,3
"251,501,751",0.7,3,69.5834157560658,NA,0.706803157050584,0.706776937182667,0,29.4866760445136,NA,0,29.5252632486486,0.706776937182667,"",0,29.786970425775,0.720378263854143,1,NA,0,0.706803157050584,0.706776937182667,29.48668,3,3,3,3
"251,501,751",0.7,3,48.9965671482031,NA,0.710462347114449,0.710469163992081,0,17.6064290614071,NA,0,17.5945519952265,0.710469163992081,"",0,21.0324026100291,0.651749000589687,1,NA,0,0.710462347114449,0.710469163992081,17.60643,3,3,3,3
"251,501,751",0.7,3,119.145682235523,NA,0.680362054154824,0.680372468371122,0,55.4852783941328,NA,0,55.4753988250428,0.680372468371122,"",0,67.0823384760288,0.786755603240748,1,NA,0,0.680362054154824,0.680372468371122,55.48528,3,3,3,3
"251,501,751",0.7,3,44.9383664761734,NA,0.696135205515505,0.696169553401933,0,16.4980739272309,NA,0,16.452482786584,0.696169553401933,"",0,25.3040959370512,0.790478793050826,1,NA,0,0.696135205515505,0.696169553401933,16.49807,3,3,3,3
"251,501,751",0.7,3,21.6056046864234,NA,0.66133476766385,0.661333145553337,0,2.57288226155812,NA,0,2.5726666373395,0.661333145553337,"",0,3.18254185792694,0.687592428941942,1,NA,0,0.66133476766385,0.661333145553337,2.57288,3,3,3,3
"251,501,751",0.7,3,74.0149359224886,NA,0.723690598421897,0.723690360102322,0,29.5116340777057,NA,0,29.5114935855992,0.723690360102322,"",0,31.6916896775488,0.769328280133448,1,NA,0,0.723690598421897,0.723690360102322,29.51163,3,3,3,3
"251,501,751",0.7,3,54.2942498066853,NA,0.692748856388065,0.692775115198182,0,22.357040532422,NA,0,22.3242567446599,0.692775115198182,"",0,22.3173644092541,0.691773931586086,1,NA,0,0.692748856388065,0.692775115198182,22.35704,3,3,3,3
"251,501,751",0.7,3,7.79506930487929,NA,0.711702022171735,0.711714981568782,0,-2.98929806515986,NA,0,-3.00817676845303,0.711714981568782,"",0,96.4285325384871,1.04101327956126,1,NA,0,0.711702022171735,0.711714981568782,-2.9893,3,3,3,3
"251,501,751",0.7,3,-27.2748094910188,NA,0.681527662845053,0.681503586636156,0,-16.768084313989,NA,0,-16.7332367739366,0.681503586636156,"",0,-5.76318212032869,0.782819737070189,1,NA,0,0.681527662845053,0.681503586636156,-16.76808,3,3,3,3
"251,501,751",0.7,3,107.972342241179,NA,0.726892844316752,0.726838841631991,0,53.5670912533173,NA,0,53.6562413811684,0.726838841631991,"",0,62.700505916232,0.809114488701854,1,NA,0,0.726892844316752,0.726838841631991,53.56709,3,3,3,3
"251,501,751",0.7,3,-35.480111994518,NA,0.699275582986929,0.699275423005104,0,-24.6461404205749,NA,0,-24.6461664681915,0.699275423005104,"",0,-21.6418259842748,0.643763030336593,1,NA,0,0.699275582986929,0.699275423005104,-24.64614,3,3,3,3
"251,501,751",0.7,3,90.5695852479817,NA,0.678061454104345,0.678163589748577,0,47.9597905311933,NA,0,47.850586889502,0.678163589748577,"",0,59.5634918587641,0.7731778245614,1,NA,0,0.678061454104345,0.678163589748577,47.95979,3,3,3,3
"251,501,751",0.7,3,43.3171174470089,NA,0.695077102032719,0.695083489097901,0,14.9553120433798,NA,0,14.9470280634475,0.695083489097901,"",0,22.0718742667664,0.608546701711403,1,NA,0,0.695077102032719,0.695083489097901,14.95531,3,3,3,3
"251,501,751",0.7,3,32.2222871577438,NA,0.715061286688659,0.715058491629304,0,8.97272368879416,NA,0,8.97314101761834,0.715058491629304,"",0,10.9774374421575,0.759502799192957,1,NA,0,0.715061286688659,0.715058491629304,8.97272,3,3,3,3
"251,501,751",0.7,3,-42.0439619307488,NA,0.669694512449406,0.669756355687963,0,-28.2323683563449,NA,0,-28.3069915024018,0.669756355687963,"",0,-3.10325979297789,0.837607224390069,1,NA,0,0.669694512449406,0.669756355687963,-28.23237,3,3,3,3
"251,501,751",0.7,3,1.22799848075791,NA,0.69512094998247,0.695114892439303,0,-6.11006991399111,NA,0,-6.10192760597038,0.695114892439303,"",0,-1.94010742365442,0.628985211104668,1,NA,0,0.69512094998247,0.695114892439303,-6.11007,3,3,3,3
"251,501,751",0.7,3,-41.7511232170144,NA,0.642074853037102,0.642010236500034,0,-30.2034763115576,NA,0,-30.138615459927,0.642010236500034,"",0,-29.0246157880793,0.677185402612751,1,NA,0,0.642074853037102,0.642010236500034,-30.20348,3,3,3,3
"251,501,751",0.7,3,5.61819605360506,NA,0.679321702957263,0.679309651362761,0,-3.45934224170182,NA,0,-3.44336675965875,0.679309651362761,"",0,20.1665453187066,0.515823422597045,1,NA,0,0.679321702957263,0.679309651362761,-3.45934,3,3,3,3
"251,501,751",0.7,3,60.8177135313052,NA,0.70231845583344,0.702323852299026,0,23.5151574415856,NA,0,23.5080312835636,0.702323852299026,"695,716,740",3,72.9442183286009,0.528105120487531,1,NA,0,0.70231845583344,0.702323852299026,23.51516,3,3,0.67,3
"251,501,751",0.7,3,18.8193945885941,NA,0.742998914446263,0.742955652595578,0,2.72570597160987,NA,0,2.79910799148952,0.742955652595578,"",0,14.0913892179843,0.840858785399973,1,NA,0,0.742998914446263,0.742955652595578,2.72571,3,3,3,3
"251,501,751",0.7,3,7.12893353300222,NA,0.712393167039072,0.712371516685586,0,-2.77154994617401,NA,0,-2.73932105975694,0.712371516685586,NA,0,22.1370524451058,0.869665447690245,1,NA,0,0.712393167039072,0.712371516685586,-2.77155,3,3,3,3
"251,501,751",0.7,3,49.1980537719347,NA,0.721605815660912,0.721578298201626,0,18.2880870001765,NA,0,18.3306443762155,0.721578298201626,NA,0,31.4725231636313,0.832893572902277,1,NA,0,0.721605815660912,0.721578298201626,18.28809,3,3,3,3
"251,501,751",0.7,3,-61.7775198555188,NA,0.728481595257728,0.728485571115926,0,-38.6138692647188,NA,0,-38.6207204985898,0.728485571115926,NA,0,-38.5108989241149,0.738579364668982,1,NA,0,0.728481595257728,0.728485571115926,-38.61387,3,3,3,3
"251,501,751",0.7,3,0.54521280016365,NA,0.679530512704642,0.679570025058098,0,-5.45139628235043,NA,0,-5.50204704930586,0.679570025058098,NA,0,20.5818765216771,0.506501175776293,1,NA,0,0.679530512704642,0.679570025058098,-5.4514,3,3,3,3
"251,501,751",0.7,3,-12.2016888924358,NA,0.719668303346757,0.719673261205426,0,-12.4463990665332,NA,0,-12.4558586970613,0.719673261205426,NA,0,5.36318851263214,0.850832291851479,1,NA,0,0.719668303346757,0.719673261205426,-12.4464,3,3,3,3
"251,501,751",0.7,3,80.7707737320414,NA,0.678547129917697,0.67856311892938,0,33.8440078355716,NA,0,33.8248269908217,0.67856311892938,NA,0,48.3816995771844,0.803282711460363,1,NA,0,0.678547129917697,0.67856311892938,33.84401,3,3,3,3
"251,501,751",0.7,3,71.6458746510115,NA,0.703475857807767,0.703487283415518,0,29.247681647759,NA,0,29.2322799585807,0.703487283415518,NA,0,64.5996312390249,0.895312437750394,1,NA,0,0.703475857807767,0.703487283415518,29.24768,3,3,3,3
"251,501,751",0.7,3,60.2159918323254,NA,0.690976447724534,0.691009941345308,0,31.8099188621072,NA,0,31.7777823879722,0.691009941345308,NA,0,42.42466558514,0.567910267725162,1,NA,0,0.690976447724534,0.691009941345308,31.80992,3,3,3,3
"251,501,751",0.7,3,49.4640723721797,NA,0.707797391054007,0.707793028992352,0,17.9972030699459,NA,0,18.0034706428382,0.707793028992352,NA,0,18.1688947247984,0.72023385635259,1,NA,0,0.707797391054007,0.707793028992352,17.9972,3,3,3,3
"251,501,751",0.7,3,31.064874654695,NA,0.721197131898087,0.721150976521635,0,8.66293714947728,NA,0,8.73356547249717,0.721150976521635,NA,0,26.3158977130822,0.589149788735611,1,NA,0,0.721197131898087,0.721150976521635,8.66294,3,3,3,3
"251,501,751",0.7,3,24.7542051545657,NA,0.714172385717769,0.71410802766179,0,6.44476618906005,NA,0,6.53832308284323,0.71410802766179,NA,0,60.5353510722186,0.948481831181031,1,NA,0,0.714172385717769,0.71410802766179,6.44477,3,3,3,3
"251,501,751",0.7,3,-77.7982503604063,NA,0.747135070839392,0.747132892582604,0,-48.3036055240909,NA,0,-48.3032506869641,0.747132892582604,NA,0,-46.6462644415619,0.708728877392007,1,NA,0,0.747135070839392,0.747132892582604,-48.30361,3,3,3,3
"251,501,751",0.7,3,61.7203055481918,NA,0.697138545976114,0.697144682532491,0,28.0396014477203,NA,0,28.036180676045,0.697144682532491,NA,0,78.1404435868742,0.456801156338661,1,NA,0,0.697138545976114,0.697144682532491,28.0396,3,3,3,3
"251,501,751",0.7,3,25.9753546759356,NA,0.739616862219334,0.739687229615183,0,12.7362795328435,NA,0,12.6354524807646,0.739687229615183,NA,0,12.610329417216,0.716348940293043,1,NA,0,0.739616862219334,0.739687229615183,12.73628,3,3,3,3
"251,501,751",0.7,3,38.5317451766782,NA,0.699293739429942,0.699286325842294,0,14.9226170443816,NA,0,14.9332273144995,0.699286325842294,"994",1,78.7503528401984,0.433542163379912,1,NA,0,0.699293739429942,0.699286325842294,14.92262,3,3,2.243,3
"251,501,751",0.7,3,74.631395752313,NA,0.668166451158946,0.668154001847829,0,29.5117684072376,NA,0,29.5238432208975,0.668154001847829,NA,0,37.3161870019274,0.574696861042231,1,NA,0,0.668166451158946,0.668154001847829,29.51177,3,3,3,3
"251,501,751",0.7,3,-61.3090046739105,NA,0.696286768133006,0.696281913504042,0,-37.5589081227153,NA,0,-37.5521601997828,0.696281913504042,NA,0,-20.8079091578137,0.828771457030026,1,NA,0,0.696286768133006,0.696281913504042,-37.55891,3,3,3,3
"251,501,751",0.7,3,-33.4651884935943,NA,0.699677982269649,0.699647677280929,0,-23.0106489888458,NA,0,-22.9683297757451,0.699647677280929,NA,0,-16.6332734219931,0.779245658461827,1,NA,0,0.699677982269649,0.699647677280929,-23.01065,3,3,3,3
"251,501,751",0.7,3,39.0510942590591,NA,0.698021307112554,0.697997132846236,0,14.1811263613574,NA,0,14.2157566091399,0.697997132846236,NA,0,16.5993202344782,0.64557741470179,1,NA,0,0.698021307112554,0.697997132846236,14.18113,3,3,3,3
"251,501,751",0.7,3,77.2553255790449,NA,0.71241124726234,0.712422475295636,0,38.5848170570944,NA,0,38.5770833264413,0.712422475295636,NA,0,48.795031880882,0.802340456079681,1,NA,0,0.71241124726234,0.712422475295636,38.58482,3,3,3,3
"251,501,751",0.7,3,11.3566748624371,NA,0.731853764631191,0.731834772730293,0,-1.81554588783592,NA,0,-1.78596949392763,0.731834772730293,"900,950",2,52.1923782044148,0.545786190297707,1,NA,0,0.731853764631191,0.731834772730293,-1.81555,3,3,1.348,3
"251,501,751",0.7,3,29.19031457403,NA,0.680760677897086,0.68076067414884,0,7.34295086389964,NA,0,7.34290456178854,0.68076067414884,"",0,7.3440876428078,0.679633419264638,1,NA,0,0.680760677897086,0.68076067414884,7.34295,3,3,3,3
"251,501,751",0.7,3,17.5595232836912,NA,0.682299116949734,0.682265203764909,0,1.78201600445403,NA,0,1.82579775791519,0.682265203764909,"",0,7.88169925418675,0.762526280968449,1,NA,0,0.682299116949734,0.682265203764909,1.78202,3,3,3,3
"251,501,751",0.7,3,88.5523225431519,NA,0.718548909756158,0.718588650601708,0,40.7001019160861,NA,0,40.6461969326026,0.718588650601708,"",0,44.9510624145399,0.777569631622495,1,NA,0,0.718548909756158,0.718588650601708,40.7001,3,3,3,3
"251,501,751",0.7,3,99.4693032751867,NA,0.710795104172439,0.710970068578573,0,52.8145794058515,NA,0,52.5843306433387,0.710970068578573,"32",1,103.052240493238,0.467819557161566,1,NA,0,0.710795104172439,0.710970068578573,52.81458,3,3,2.219,3
"251,501,751",0.7,3,108.644877226757,NA,0.681280567343859,0.681250465697123,0,48.0470561196449,NA,0,48.0850287173014,0.681250465697123,"",0,56.039861218966,0.772047586553368,1,NA,0,0.681280567343859,0.681250465697123,48.04706,3,3,3,3
"251,501,751",0.7,3,72.8197241141736,NA,0.730656420859312,0.730679358292376,0,28.9992184921485,NA,0,28.9641257069097,0.730679358292376,"",0,28.9856078327945,0.734454364163573,1,NA,0,0.730656420859312,0.730679358292376,28.99922,3,3,3,3
"251,501,751",0.7,3,-6.00318204396348,NA,0.703401870752201,0.703389444945019,0,-9.51111767251844,NA,0,-9.49386048603009,0.703389444945019,"",0,29.0598262605184,0.501343469484868,1,NA,0,0.703401870752201,0.703389444945019,-9.51112,3,3,3,3
"251,501,751",0.7,3,89.2545338266338,NA,0.715384727823892,0.715336207631323,0,39.3580844559987,NA,0,39.4310737975566,0.715336207631323,"123",1,71.076720428995,0.577199030679894,1,NA,0,0.715384727823892,0.715336207631323,39.35808,3,3,2.128,3
"251,501,751",0.7,3,51.1439800310728,NA,0.75156957181132,0.751568215734566,0,22.9148267905369,NA,0,22.9232770908262,0.751568215734566,"",0,22.806372745636,0.740095296856618,1,NA,0,0.75156957181132,0.751568215734566,22.91483,3,3,3,3
"251,501,751",0.7,3,100.438406416163,NA,0.681084037413204,0.681010944293135,0,45.9448724124262,NA,0,46.0394288369116,0.681010944293135,"",0,46.0712385766424,0.683401977244405,1,NA,0,0.681084037413204,0.681010944293135,45.94487,3,3,3,3
"251,501,751",0.7,3,74.6471055445004,NA,0.70315497874099,0.703230020759176,0,32.1237285977048,NA,0,32.0163328813905,0.703230020759176,"",0,46.1783935424526,0.821381100487966,1,NA,0,0.70315497874099,0.703230020759176,32.12373,3,3,3,3
"251,501,751",0.7,3,31.8582375327177,NA,0.719813266872306,0.719833449203614,0,9.28030509685363,NA,0,9.24512604142814,0.719833449203614,"",0,14.7358354049275,0.792107128428108,1,NA,0,0.719813266872306,0.719833449203614,9.28031,3,3,3,3
"251,501,751",0.7,3,-9.77023545011831,NA,0.715469239051125,0.715467738454647,0,-12.0384691624643,NA,0,-12.0384345227259,0.715467738454647,"",0,-11.4217146395259,0.690902105829477,1,NA,0,0.715469239051125,0.715467738454647,-12.03847,3,3,3,3
"251,501,751",0.7,3,43.2206512499144,NA,0.727636254498549,0.727620483355803,0,23.5192938492027,NA,0,23.5504437111546,0.727620483355803,"",0,23.6628187096704,0.693899507440123,1,NA,0,0.727636254498549,0.727620483355803,23.51929,3,3,3,3
"251,501,751",0.7,3,-42.9142562394276,NA,0.696875032576637,0.696872243610522,0,-28.3697505227453,NA,0,-28.3677474507487,0.696872243610522,"",0,-20.4719849622381,0.606135158542777,1,NA,0,0.696875032576637,0.696872243610522,-28.36975,3,3,3,3
"251,501,751",0.7,3,12.5952683590701,NA,0.713505569402511,0.713501410588344,0,0.0113149089500073,NA,0,0.0179186651930952,0.713501410588344,"",0,9.68017837500904,0.810104677857483,1,NA,0,0.713505569402511,0.713501410588344,0.01131,3,3,3,3
"251,501,751",0.7,3,13.7372939851949,NA,0.734853794237678,0.734804215621869,0,5.1888033178959,NA,0,5.27353697905369,0.734804215621869,"",0,10.2190846310484,0.656510678382962,1,NA,0,0.734853794237678,0.734804215621869,5.1888,3,3,3,3
"251,501,751",0.7,3,51.9219396564749,NA,0.626299842901664,0.626307147786518,0,16.3626299608216,NA,0,16.3564380822146,0.626307147786518,"",0,23.0244634654574,0.531323028757642,1,NA,0,0.626299842901664,0.626307147786518,16.36263,3,3,3,3
"251,501,751",0.7,3,111.50920817494,NA,0.715839985073523,0.715822932285487,0,50.9492716129501,NA,0,50.9724655881993,0.715822932285487,"",0,63.3866717946691,0.823345353716721,1,NA,0,0.715839985073523,0.715822932285487,50.94927,3,3,3,3
"251,501,751",0.7,3,57.0583305848672,NA,0.691830792020403,0.691824344387973,0,22.1769932104314,NA,0,22.185904056851,0.691824344387973,"",0,27.5091238087416,0.765441571017954,1,NA,0,0.691830792020403,0.691824344387973,22.17699,3,3,3,3
"251,501,751",0.7,3,55.0809239655484,NA,0.704188863147795,0.70419249381844,0,31.9779508384662,NA,0,31.9852586257796,0.70419249381844,"",0,58.4221477174076,0.851494802178864,1,NA,0,0.704188863147795,0.70419249381844,31.97795,3,3,3,3
"251,501,751",0.7,3,14.3606446465447,NA,0.706203250661599,0.706003470682833,0,5.42158006473535,NA,0,5.69421411024898,0.706003470682833,"",0,15.8218614525106,0.798500154767721,1,NA,0,0.706203250661599,0.706003470682833,5.42158,3,3,3,3
"251,501,751",0.7,3,65.5177655376954,NA,0.680104998055635,0.680129322611441,0,25.9460014337301,NA,0,25.9160830241163,0.680129322611441,"",0,25.9182618544697,0.677464654923998,1,NA,0,0.680104998055635,0.680129322611441,25.946,3,3,3,3
"251,501,751",0.7,3,-3.61612240628996,NA,0.685465221105883,0.68546078209203,0,-8.68944795728989,NA,0,-8.68349198701232,0.68546078209203,"",0,-0.759920822940482,0.59299798727525,1,NA,0,0.685465221105883,0.68546078209203,-8.68945,3,3,3,3
"251,501,751",0.7,3,56.0280896596627,NA,0.699182095149778,0.699169920124412,0,22.0356657095864,NA,0,22.0534173884096,0.699169920124412,"",0,23.1944921008914,0.663276802543084,1,NA,0,0.699182095149778,0.699169920124412,22.03567,3,3,3,3
"251,501,751",0.7,3,-14.6947240450542,NA,0.675170785217832,0.675343813580657,0,-6.80856779256519,NA,0,-7.00371316653074,0.675343813580657,"",0,29.6139831433585,0.455979509265097,1,NA,0,0.675170785217832,0.675343813580657,-6.80857,3,3,3,3
"251,501,751",0.7,3,8.47260026962059,NA,0.706255585622813,0.706255075725245,0,-2.61410885572557,NA,0,-2.61792186901832,0.706255075725245,"",0,8.68343655948586,0.813597981928069,1,NA,0,0.706255585622813,0.706255075725245,-2.61411,3,3,3,3
"251,501,751",0.7,3,84.4701410145298,NA,0.705691548712936,0.705704794668638,0,35.5765945882448,NA,0,35.5583332682728,0.705704794668638,"",0,38.6991688648404,0.648988828033897,1,NA,0,0.705691548712936,0.705704794668638,35.57659,3,3,3,3
"251,501,751",0.7,3,24.7177088900293,NA,0.688211968189066,0.688429137357318,0,12.7957278469528,NA,0,12.5333922362068,0.688429137357318,"",0,21.6350507834274,0.575198265147016,1,NA,0,0.688211968189066,0.688429137357318,12.79573,3,3,3,3
"251,501,751",0.7,3,-32.4074856107575,NA,0.66978686714643,0.669825357563704,0,-23.1980440242706,NA,0,-23.2434309650709,0.669825357563704,"",0,-21.6901282038078,0.709778907659137,1,NA,0,0.66978686714643,0.669825357563704,-23.19804,3,3,3,3
"251,501,751",0.7,3,15.2611317199865,NA,0.682243462161788,0.682235739212542,0,0.730318587713703,NA,0,0.740101312496182,0.682235739212542,"",0,29.0930994773198,0.50497784163475,1,NA,0,0.682243462161788,0.682235739212542,0.73032,3,3,3,3
"251,501,751",0.7,3,59.7590120708914,NA,0.689524518306586,0.689519334111167,0,23.7227635185499,NA,0,23.7293924569176,0.689519334111167,"",0,37.2436684630426,0.807855300475447,1,NA,0,0.689524518306586,0.689519334111167,23.72276,3,3,3,3
"251,501,751",0.7,3,60.2813710058425,NA,0.679203839922174,0.67920165729018,0,23.0599050463579,NA,0,23.0612184452697,0.67920165729018,"",0,31.2120009307254,0.773058405445417,1,NA,0,0.679203839922174,0.67920165729018,23.05991,3,3,3,3
"251,501,751",0.7,3,31.7128932498799,NA,0.715597148253652,0.715578912532599,0,12.6052855328727,NA,0,12.6355731865023,0.715578912532599,"478,505,774,797,823",5,108.71898531834,0.392272742185132,1,NA,0,0.715597148253652,0.715578912532599,12.60529,3,3,2.254,3
"251,501,751",0.7,3,18.1039059222472,NA,0.723190888295635,0.723194679958321,0,1.7363932859908,NA,0,1.73061657126987,0.723194679958321,"",0,6.3426877424981,0.789451194090414,1,NA,0,0.723190888295635,0.723194679958321,1.73639,3,3,3,3
"251,501,751",0.7,3,64.2430926281175,NA,0.727514681653557,0.727562622859637,0,25.1180791630494,NA,0,25.0453070741252,0.727562622859637,"",0,76.6762158010498,0.952832454310609,1,NA,0,0.727514681653557,0.727562622859637,25.11808,3,3,3,3
"251,501,751",0.7,3,57.679527199836,NA,0.709505256237433,0.709506985495267,0,25.9693830625497,NA,0,25.9718910190283,0.709506985495267,"",0,35.7847827746068,0.602975432643978,1,NA,0,0.709505256237433,0.709506985495267,25.96938,3,3,3,3
"251,501,751",0.7,3,14.8582188210978,NA,0.721882410517314,0.72189402277117,0,0.520984073460653,NA,0,0.503864814555726,0.72189402277117,"",0,17.0028835873876,0.594346763898101,1,NA,0,0.721882410517314,0.72189402277117,0.52098,3,3,3,3
"251,501,751",0.7,3,83.2781761572155,NA,0.717152516357663,0.717091417065166,0,37.8348033251958,NA,0,37.9278983682366,0.717091417065166,"",0,52.3460596336571,0.830818458109446,1,NA,0,0.717152516357663,0.717091417065166,37.8348,3,3,3,3
"251,501,751",0.7,3,128.306270175803,NA,0.724936342421271,0.724929663577787,0,56.6015057512404,NA,0,56.6123551328119,0.724929663577787,NA,0,64.0134660627878,0.640708819142217,1,NA,0,0.724936342421271,0.724929663577787,56.60151,3,3,3,3
"251,501,751",0.7,3,82.5842035226767,NA,0.675190475007524,0.67523071663602,0,34.3597358117823,NA,0,34.3110948801671,0.67523071663602,NA,0,156.443297691069,1.06225976283458,1,NA,0,0.675190475007524,0.67523071663602,34.35974,3,3,3,3
"251,501,751",0.7,3,31.4986590228863,NA,0.690459547845,0.690457501476062,0,8.80052073854645,NA,0,8.80040661797084,0.690457501476062,NA,0,9.79526274715133,0.658008900862952,1,NA,0,0.690459547845,0.690457501476062,8.80052,3,3,3,3
"251,501,751",0.7,3,-52.3856280508253,NA,0.721820724320261,0.721771267428143,0,-32.1882489053764,"580",1,6.59680461483622,0.697911592652019,NA,0,-24.3635542106904,0.805983107809334,1,NA,0,0.721820724320261,0.721771267428143,-32.18825,3,2.079,3,3
"251,501,751",0.7,3,132.947485469759,NA,0.713332192527146,0.713363856514892,0,71.1357680569443,NA,0,71.1058311714377,0.713363856514892,NA,0,79.677585517185,0.599754383065099,1,NA,0,0.713332192527146,0.713363856514892,71.13577,3,3,3,3
"251,501,751",0.7,3,35.4697380078577,NA,0.701628472595156,0.701639310130631,0,12.9700898649905,NA,0,12.9578542253327,0.701639310130631,NA,0,15.9448388733614,0.753115238725876,1,NA,0,0.701628472595156,0.701639310130631,12.97009,3,3,3,3
"251,501,751",0.7,3,64.6268918113789,NA,0.681317081500937,0.681445795113313,0,32.3315340492335,NA,0,32.1835770281313,0.681445795113313,NA,0,59.1973095769153,0.840396579119463,1,NA,0,0.681317081500937,0.681445795113313,32.33153,3,3,3,3
"251,501,751",0.7,3,28.2818172584548,NA,0.69259421361823,0.69259315830245,0,7.18169591124126,NA,0,7.18262697574842,0.69259315830245,NA,0,10.2572067803651,0.749256625841829,1,NA,0,0.69259421361823,0.69259315830245,7.1817,3,3,3,3
"251,501,751",0.7,3,113.527568770961,NA,0.737915640549457,0.737925103110831,0,49.0520166698073,NA,0,49.0346443011795,0.737925103110831,NA,0,73.2702701266922,0.585754851405088,1,NA,0,0.737915640549457,0.737925103110831,49.05202,3,3,3,3
"251,501,751",0.7,3,6.27571468658325,NA,0.691299731594767,0.691384168034704,0,7.97861111259639,NA,0,7.88755080847322,0.691384168034704,NA,0,18.3711899033086,0.562582297684361,1,NA,0,0.691299731594767,0.691384168034704,7.97861,3,3,3,3
"251,501,751",0.7,3,42.1041134661999,NA,0.709505873693788,0.70954831861609,0,17.0251004830571,NA,0,16.9690491209292,0.70954831861609,NA,0,72.9155448152471,0.947074561701235,1,NA,0,0.709505873693788,0.70954831861609,17.0251,3,3,3,3
"251,501,751",0.7,3,60.3722407238209,NA,0.701469538307331,0.70155303915398,0,26.3394027758619,NA,0,26.2297734854032,0.70155303915398,NA,0,27.0278285467083,0.725142554162254,1,NA,0,0.701469538307331,0.70155303915398,26.3394,3,3,3,3
"251,501,751",0.7,3,47.2881214141386,NA,0.717096046067928,0.717073020730988,0,17.4346867321953,NA,0,17.4695428818531,0.717073020730988,NA,0,32.0650637800048,0.835367004114852,1,NA,0,0.717096046067928,0.717073020730988,17.43469,3,3,3,3
"251,501,751",0.7,3,-108.122269498346,NA,0.67907046291713,0.679066332576096,0,-61.370629800793,NA,0,-61.3656425151154,0.679066332576096,NA,0,-41.374314987859,0.827318126783981,1,NA,0,0.67907046291713,0.679066332576096,-61.37063,3,3,3,3
"251,501,751",0.7,3,8.00491266224132,NA,0.690683403267852,0.690619680463722,0,-1.21331743340821,NA,0,-1.12751956226966,0.690619680463722,NA,0,6.02535476648224,0.774085480353873,1,NA,0,0.690683403267852,0.690619680463722,-1.21332,3,3,3,3
"251,501,751",0.7,3,-20.583838144981,NA,0.693666650966804,0.693768374454643,0,-7.60992562529877,NA,0,-7.72742017458107,0.693768374454643,NA,0,-7.94935637652484,0.684985089960013,1,NA,0,0.693666650966804,0.693768374454643,-7.60993,3,3,3,3
"251,501,751",0.7,3,18.4935964413317,NA,0.744205266090296,0.744234143198091,0,2.45767323108366,NA,0,2.41158100592224,0.744234143198091,NA,0,22.2732656043714,0.606373100988862,1,NA,0,0.744205266090296,0.744234143198091,2.45767,3,3,3,3
"251,501,751",0.7,3,30.2331530734361,NA,0.718154753699789,0.718007666796727,0,15.4413646517686,NA,0,15.6569295285788,0.718007666796727,NA,0,48.5282178759003,0.887490441140395,1,NA,0,0.718154753699789,0.718007666796727,15.44136,3,3,3,3
"251,501,751",0.7,3,71.964578611197,NA,0.727642419119391,0.727788328817066,0,42.6155305716129,NA,0,42.4208854216147,0.727788328817066,NA,0,42.6327607424777,0.731955010960011,1,NA,0,0.727642419119391,0.727788328817066,42.61553,3,3,3,3
"251,501,751",0.7,3,48.6037300720672,NA,0.690580179921471,0.690578852212856,0,18.1029905082997,NA,0,18.1055200550701,0.690578852212856,NA,0,33.6636845628189,0.81766965388038,1,NA,0,0.690580179921471,0.690578852212856,18.10299,3,3,3,3
"251,501,751",0.7,3,-25.6084101143677,NA,0.70943225487639,0.709437310191257,0,-19.5911880637513,NA,0,-19.6013429704019,0.709437310191257,"",0,14.4364078672099,0.521599397400969,1,NA,0,0.70943225487639,0.709437310191257,-19.59119,3,3,3,3
"251,501,751",0.7,3,37.2401555275651,NA,0.661582975137661,0.661594296757288,0,11.2470135072415,NA,0,11.2345186259123,0.661594296757288,"",0,15.9646232846969,0.732952722578409,1,NA,0,0.661582975137661,0.661594296757288,11.24701,3,3,3,3
"251,501,751",0.7,3,57.8473320945748,NA,0.680928546203227,0.681053655250756,0,34.500483640806,NA,0,34.3668195603986,0.681053655250756,"",0,54.9973916080235,0.808698878114112,1,NA,0,0.680928546203227,0.681053655250756,34.50048,3,3,3,3
"251,501,751",0.7,3,63.2091240230421,NA,0.701658284882713,0.701699310129898,0,25.0248929192357,NA,0,24.9684978174087,0.701699310129898,"",0,52.7282040004805,0.871417704768297,1,NA,0,0.701658284882713,0.701699310129898,25.02489,3,3,3,3
"251,501,751",0.7,3,-18.9216347459931,NA,0.711242366045049,0.711268801688324,0,-16.1809016503767,NA,0,-16.2179989054896,0.711268801688324,"",0,-14.1621195926127,0.755896262896436,1,NA,0,0.711242366045049,0.711268801688324,-16.1809,3,3,3,3
"251,501,751",0.7,3,-4.01553686391984,NA,0.698360834613117,0.698351448204898,0,-7.9168303995225,NA,0,-7.90298594338939,0.698351448204898,"",0,-5.90752983478148,0.651222255261524,1,NA,0,0.698360834613117,0.698351448204898,-7.91683,3,3,3,3
"251,501,751",0.7,3,72.275631684052,NA,0.657113591929764,0.657102996584507,0,39.5650664182037,NA,0,39.5905210516693,0.657102996584507,"",0,70.4684128174287,0.822483517860515,1,NA,0,0.657113591929764,0.657102996584507,39.56507,3,3,3,3
"251,501,751",0.7,3,-18.3600784872674,NA,0.706743325052589,0.706741236285984,0,-16.1059757185036,NA,0,-16.1053220926764,0.706741236285984,"",0,25.0002688093202,0.914228841506508,1,NA,0,0.706743325052589,0.706741236285984,-16.10598,3,3,3,3
"251,501,751",0.7,3,41.1737887864344,NA,0.685137441798198,0.685143934815169,0,13.482551525014,NA,0,13.4749101131903,0.685143934815169,"",0,14.7136427037143,0.721413035974816,1,NA,0,0.685137441798198,0.685143934815169,13.48255,3,3,3,3
"251,501,751",0.7,3,26.05103816648,NA,0.740178439667184,0.740216579751193,0,6.157298336543,NA,0,6.09678207554298,0.740216579751193,"41",1,36.1635335802779,0.648885989220137,1,NA,0,0.740178439667184,0.740216579751193,6.1573,3,3,2.21,3
"251,501,751",0.7,3,-39.8081284283216,NA,0.70060985110264,0.700645156155986,0,-25.7815986907055,NA,0,-25.828508588865,0.700645156155986,"",0,-16.3874241572768,0.600211218961298,1,NA,0,0.70060985110264,0.700645156155986,-25.7816,3,3,3,3
"251,501,751",0.7,3,10.3710822326938,NA,0.684970797540451,0.684964527233872,0,-1.34697059119824,NA,0,-1.3382299684379,0.684964527233872,"",0,3.19744472381216,0.753371969297406,1,NA,0,0.684970797540451,0.684964527233872,-1.34697,3,3,3,3
"251,501,751",0.7,3,9.51714159364859,NA,0.695754326841604,0.695753720589944,0,-2.09309711759367,NA,0,-2.09270252363528,0.695753720589944,"",0,7.8704377627,0.797584576006127,1,NA,0,0.695754326841604,0.695753720589944,-2.0931,3,3,3,3
"251,501,751",0.7,3,18.6333860173504,NA,0.658714814701413,0.658720581905676,0,0.928077356375447,NA,0,0.9212034827144,0.658720581905676,"",0,88.7658454803346,0.988966842887177,1,NA,0,0.658714814701413,0.658720581905676,0.92808,3,3,3,3
"251,501,751",0.7,3,93.021757799823,NA,0.697748855680533,0.697750093005688,0,39.8243022709123,NA,0,39.8228647657955,0.697750093005688,"48,417,505,593,818,835",6,154.094870112976,0.325877761430002,1,NA,0,0.697748855680533,0.697750093005688,39.8243,3,3,3.237,3
"251,501,751",0.7,3,14.6430851329642,NA,0.694505812323172,0.694492825169787,0,0.788185896676199,NA,0,0.805772050376625,0.694492825169787,"",0,0.865831116792122,0.685836720690601,1,NA,0,0.694505812323172,0.694492825169787,0.78819,3,3,3,3
"251,501,751",0.7,3,52.9174058411272,NA,0.734277167153741,0.734297124992706,0,21.8232812455719,NA,0,21.7944705251311,0.734297124992706,"",0,22.1681891570373,0.748243819568611,1,NA,0,0.734277167153741,0.734297124992706,21.82328,3,3,3,3
"251,501,751",0.7,3,48.1020915494257,NA,0.695652136018098,0.695644709096344,0,20.7347706091646,NA,0,20.7490205045667,0.695644709096344,"",0,84.6117119593263,0.954253374043464,1,NA,0,0.695652136018098,0.695644709096344,20.73477,3,3,3,3
"251,501,751",0.7,3,17.7595741548161,NA,0.703155457707421,0.703160108115467,0,2.03515877427109,NA,0,2.02884211952309,0.703160108115467,"",0,2.61395270277609,0.678702557284635,1,NA,0,0.703155457707421,0.703160108115467,2.03516,3,3,3,3
"251,501,751",0.7,3,-28.031567927212,NA,0.677419677128052,0.6774973695588,0,-16.7294935251683,NA,0,-16.8197739800463,0.6774973695588,"",0,18.2389092767286,0.866856141795705,1,NA,0,0.677419677128052,0.6774973695588,-16.72949,3,3,3,3
"251,501,751",0.7,3,25.3794627512324,NA,0.668902981985438,0.66894415222618,0,8.66193833664064,NA,0,8.61655463665592,0.66894415222618,"",0,26.01713059931,0.801342736361746,1,NA,0,0.668902981985438,0.66894415222618,8.66194,3,3,3,3
"251,501,751",0.7,3,5.31936308119167,NA,0.710281735785339,0.710271424289362,0,-3.70894846969908,NA,0,-3.69342366908563,0.710271424289362,"",0,4.13790436032168,0.620710546728643,1,NA,0,0.710281735785339,0.710271424289362,-3.70895,3,3,3,3
"251,501,751",0.7,3,-71.8653071126447,NA,0.694710631164347,0.694795080252255,0,-37.9389690521595,NA,0,-38.0432147124439,0.694795080252255,"",0,-22.7692226664856,0.558866142318266,1,NA,0,0.694710631164347,0.694795080252255,-37.93897,3,3,3,3
"251,501,751",0.7,3,36.8418204227988,NA,0.703959154242541,0.703918703247212,0,13.4084550793519,NA,0,13.4667617092968,0.703918703247212,"",0,18.8496299748516,0.774484088540891,1,NA,0,0.703959154242541,0.703918703247212,13.40846,3,3,3,3
"251,501,751",0.7,3,85.8848758029542,NA,0.725518104309923,0.72556691692747,0,36.4007727819761,NA,0,36.325041907218,0.72556691692747,"",0,39.992423340402,0.664886128442469,1,NA,0,0.725518104309923,0.72556691692747,36.40077,3,3,3,3
"251,501,751",0.7,3,66.2202010693768,NA,0.709315089867862,0.709312336069653,0,26.1283194621363,NA,0,26.1307552381842,0.709312336069653,"",0,27.7371170703217,0.749310219110779,1,NA,0,0.709315089867862,0.709312336069653,26.12832,3,3,3,3
"251,501,751",0.7,3,90.1369484519136,NA,0.702603204420374,0.702598620034981,0,38.3610137593882,NA,0,38.3653086394722,0.702598620034981,"",0,62.3646484113613,0.860464482568685,1,NA,0,0.702603204420374,0.702598620034981,38.36101,3,3,3,3
"251,501,751",0.7,3,46.3469396410139,NA,0.679861302574841,0.679811246096739,0,18.8338928098612,NA,0,18.8975688669027,0.679811246096739,"",0,19.4496677240785,0.69921642817312,1,NA,0,0.679861302574841,0.679811246096739,18.83389,3,3,3,3
"251,501,751",0.7,3,28.3481775122556,NA,0.701846879399352,0.701933286899975,0,13.5207540050144,NA,0,13.4120419286415,0.701933286899975,"280,324",2,60.4874704378379,0.497087026810964,1,NA,0,0.701846879399352,0.701933286899975,13.52075,3,3,1.102,3
"251,501,751",0.7,3,1.41300691467643,NA,0.72541823244403,0.725386461506915,0,-1.93672199349708,NA,0,-1.8831832775144,0.725386461506915,"",0,17.5182791544167,0.854822672457318,1,NA,0,0.72541823244403,0.725386461506915,-1.93672,3,3,3,3
"251,501,751",0.7,3,44.2522299304036,NA,0.690275370520565,0.690275763706684,0,15.3679835136713,NA,0,15.3676457200799,0.690275763706684,"",0,16.9218311637909,0.649438450385047,1,NA,0,0.690275370520565,0.690275763706684,15.36798,3,3,3,3
"251,501,751",0.7,3,-23.9945134024754,NA,0.709407519059737,0.709390956807016,0,-18.7998929398538,NA,0,-18.7760479732648,0.709390956807016,"",0,-9.58423840083439,0.805037450750914,1,NA,0,0.709407519059737,0.709390956807016,-18.79989,3,3,3,3
"251,501,751",0.7,3,14.973651531756,NA,0.746542075066712,0.746533649817705,0,-0.934717809313769,NA,0,-0.919924950908274,0.746533649817705,"",0,37.1299392260997,0.932496868757946,1,NA,0,0.746542075066712,0.746533649817705,-0.93472,3,3,3,3
"251,501,751",0.7,3,11.4932953908958,NA,0.729558824471186,0.729523463117379,0,-1.28302513456419,NA,0,-1.22863933837453,0.729523463117379,"",0,4.58885098402252,0.802538329352081,1,NA,0,0.729558824471186,0.729523463117379,-1.28303,3,3,3,3
"251,501,751",0.7,3,-49.3285868630727,NA,0.712094788796677,0.712058759764968,0,-30.5376737646103,NA,0,-30.4843688251781,0.712058759764968,"",0,22.6709430768662,0.945180114388738,1,NA,0,0.712094788796677,0.712058759764968,-30.53767,3,3,3,3
"251,501,751",0.7,3,52.9162642793549,NA,0.701388834119953,0.701292962243535,0,21.265604937769,NA,0,21.399713184375,0.701292962243535,"",0,23.1182680503069,0.740128276584088,1,NA,0,0.701388834119953,0.701292962243535,21.2656,3,3,3,3
"251,501,751",0.7,3,38.5705121031667,NA,0.698798495008818,0.69880706566594,0,13.0366534913226,NA,0,13.025619174099,0.69880706566594,"",0,19.5667909438809,0.779742154746837,1,NA,0,0.698798495008818,0.69880706566594,13.03665,3,3,3,3
"251,501,751",0.7,3,26.1023175425262,NA,0.691070442466773,0.691007956703807,0,9.5430630936006,NA,0,9.62853279808352,0.691007956703807,"",0,9.86556672941049,0.701497932166933,1,NA,0,0.691070442466773,0.691007956703807,9.54306,3,3,3,3
"251,501,751",0.7,3,-41.4087471443862,NA,0.664691005835312,0.664771920327254,0,-22.7790857978961,NA,0,-22.8657787645729,0.664771920327254,"",0,-22.5442651646748,0.675074358764528,1,NA,0,0.664691005835312,0.664771920327254,-22.77909,3,3,3,3
"251,501,751",0.7,3,22.7724741705881,NA,0.721102851885292,0.721110618209255,0,4.13906878548414,NA,0,4.12767052383592,0.721110618209255,"",0,29.4090987403654,0.878723373064791,1,NA,0,0.721102851885292,0.721110618209255,4.13907,3,3,3,3
"251,501,751",0.7,3,-25.6853644239904,NA,0.710737495142326,0.711204534716101,0,10.830015387973,"",0,10.28742538245,0.711204534716101,"",0,9.00406565106496,0.696178013199685,1,NA,0,0.710737495142326,0.711204534716101,10.83002,3,3,3,3
"251,501,751",0.7,3,84.8408867023194,NA,0.693800352434691,0.693644322545686,0,46.4425755915218,"",0,46.652093078416,0.693644322545686,"",0,80.8990642951085,0.866034511918592,1,NA,0,0.693800352434691,0.693644322545686,46.44258,3,3,3,3
"251,501,751",0.7,3,-26.7433763013642,NA,0.692863479813001,0.692866084102096,0,-19.6086670656049,"",0,-19.6112535940273,0.692866084102096,"",0,-12.0505038622808,0.602517905984834,1,NA,0,0.692863479813001,0.692866084102096,-19.60867,3,3,3,3
"251,501,751",0.7,3,-6.12169465997781,NA,0.669478733538935,0.669591598069175,0,-4.41024184229595,"",0,-4.53466418660664,0.669591598069175,"",0,-2.6128141249425,0.7044726284019,1,NA,0,0.669478733538935,0.669591598069175,-4.41024,3,3,3,3
"251,501,751",0.7,3,70.5093238915883,NA,0.692361170211501,0.692359166566492,0,28.3054256321659,"",0,28.3074633689632,0.692359166566492,"",0,28.3272336494057,0.687784609744406,1,NA,0,0.692361170211501,0.692359166566492,28.30543,3,3,3,3
"251,501,751",0.7,3,59.9916504805664,NA,0.699778540615454,0.699783887171369,0,23.1083169845269,"",0,23.1005969446765,0.699783887171369,"",0,36.7540362482503,0.818837299470468,1,NA,0,0.699778540615454,0.699783887171369,23.10832,3,3,3,3
"251,501,751",0.7,3,51.3030361109924,NA,0.717863356929138,0.717866379014947,0,18.4373501705985,"",0,18.4329908164175,0.717866379014947,"922,961",2,71.7202511513426,0.520336122799703,1,NA,0,0.717863356929138,0.717866379014947,18.43735,3,3,1.381,3
"251,501,751",0.7,3,7.41886653385083,NA,0.671031346890413,0.671036236318272,0,-3.87502821895749,"",0,-3.88104570854365,0.671036236318272,"",0,2.16886065028657,0.589064604648764,1,NA,0,0.671031346890413,0.671036236318272,-3.87503,3,3,3,3
"251,501,751",0.7,3,31.8870268131118,NA,0.684073813869144,0.684101241293841,0,8.96390427581097,"",0,8.92689140430753,0.684101241293841,"",0,13.9810660333477,0.610279411621601,1,NA,0,0.684073813869144,0.684101241293841,8.9639,3,3,3,3
"251,501,751",0.7,3,-80.921544758418,NA,0.729165572832994,0.729148301490912,0,-48.1013515169242,"",0,-48.0762040366774,0.729148301490912,"",0,-41.3006411409123,0.648837219162936,1,NA,0,0.729165572832994,0.729148301490912,-48.10135,3,3,3,3
"251,501,751",0.7,3,-12.0455529431401,NA,0.668617577810694,0.668642620750293,0,-13.4887123643917,"",0,-13.5183112025482,0.668642620750293,"",0,3.60299114005141,0.806770309546326,1,NA,0,0.668617577810694,0.668642620750293,-13.48871,3,3,3,3
"251,501,751",0.7,3,-47.7840155244031,NA,0.750458765201632,0.750500005571777,0,-27.9896770870768,"",0,-28.0547287592544,0.750500005571777,"",0,114.713308025658,1.12454779659897,1,NA,0,0.750458765201632,0.750500005571777,-27.98968,3,3,3,3
"251,501,751",0.7,3,14.5640183695896,NA,0.699175245605462,0.699189395568547,0,2.97073338128637,"",0,2.95429080380115,0.699189395568547,"",0,90.1696922225523,1.00680427261449,1,NA,0,0.699175245605462,0.699189395568547,2.97073,3,3,3,3
"251,501,751",0.7,3,53.535378001924,NA,0.681699442571957,0.681730244578137,0,19.903244239819,"",0,19.8650101361506,0.681730244578137,"",0,25.7038720287718,0.601727712061938,1,NA,0,0.681699442571957,0.681730244578137,19.90324,3,3,3,3
"251,501,751",0.7,3,24.5284177261009,NA,0.672706448970876,0.672706886874048,0,4.68169830971216,"",0,4.67948241637874,0.672706886874048,"",0,8.95888027452789,0.603897137094249,1,NA,0,0.672706448970876,0.672706886874048,4.6817,3,3,3,3
"251,501,751",0.7,3,63.5292186477209,NA,0.687245853332829,0.687262439359665,0,25.0236642618473,"",0,25.0018822905122,0.687262439359665,"",0,34.5949568653041,0.787818797614074,1,NA,0,0.687245853332829,0.687262439359665,25.02366,3,3,3,3
"251,501,751",0.7,3,93.3340145152368,NA,0.682766161483036,0.682776245122745,0,39.6177769064372,"",0,39.6048722413497,0.682776245122745,"",0,66.79181721441,0.509631763610788,1,NA,0,0.682766161483036,0.682776245122745,39.61778,3,3,3,3
"251,501,751",0.7,3,29.2743201832904,NA,0.71360189148877,0.713602602456369,0,7.54189201412289,"",0,7.54104999438073,0.713602602456369,"",0,15.788139831114,0.62324700679505,1,NA,0,0.71360189148877,0.713602602456369,7.54189,3,3,3,3
"251,501,751",0.7,3,15.7752520745148,NA,0.699166254833372,0.699192300542301,0,2.08814369397375,"308,435,562,940,970",5,75.8923468044827,0.65210178958241,"",0,36.4569876864601,0.888294919605176,1,NA,0,0.699166254833372,0.699192300542301,2.08814,3,2.307,3,3
"251,501,751",0.7,3,77.5947649428863,NA,0.678445721851674,0.678444743620919,0,31.6121519056943,"",0,31.6128962399995,0.678444743620918,"274,282",2,121.975852203138,0.348869275300128,1,NA,0,0.678445721851674,0.678444743620919,31.61215,3,3,1.054,3
"251,501,751",0.7,3,-37.4581412956059,NA,0.698532064732405,0.698470303826011,0,-16.5600494451713,"",0,-16.468644647355,0.698470303826011,"535,607,631,905,915",5,60.1851408536134,0.379533880914155,1,NA,0,0.698532064732405,0.698470303826011,-16.56005,3,3,2.51,3
"251,501,751",0.7,3,18.6446234221586,NA,0.671502561238439,0.671516993994564,0,1.84251449513062,"",0,1.82407935572316,0.671516993994564,"",0,48.5314986016966,0.903180334981625,1,NA,0,0.671502561238439,0.671516993994564,1.84251,3,3,3,3
"251,501,751",0.7,3,43.9503769776629,NA,0.690200301877202,0.690184932824939,0,17.5642820448642,"",0,17.5868398197725,0.690184932824939,"",0,18.5840487696837,0.652697962518925,1,NA,0,0.690200301877202,0.690184932824939,17.56428,3,3,3,3
"251,501,751",0.7,3,13.2976054985501,NA,0.684887370539957,0.684889824013819,0,-0.46666387629395,"",0,-0.47007892006641,0.684889824013819,"",0,6.05272917571812,0.601380694467436,1,NA,0,0.684887370539957,0.684889824013819,-0.46666,3,3,3,3
"251,501,751",0.7,3,24.850913316471,NA,0.672440444476808,0.672443592527736,0,5.01398960064983,"",0,5.01030133187931,0.672443592527736,"",0,5.01037622655193,0.671595974697531,1,NA,0,0.672440444476808,0.672443592527736,5.01399,3,3,3,3
"251,501,751",0.7,3,27.9780699288093,NA,0.695596146540433,0.695612215895654,0,7.89814751754254,"",0,7.87687062782883,0.695612215895654,"",0,8.59313655513028,0.66688999259811,1,NA,0,0.695596146540433,0.695612215895654,7.89815,3,3,3,3
"251,501,751",0.7,3,23.3173941483624,NA,0.716976862313556,0.716973874777124,0,4.58259713014181,"919",1,36.0072810906061,0.697098018905575,"",0,11.0638423596038,0.796682982810106,1,NA,0,0.716976862313556,0.716973874777124,4.5826,3,2.168,3,3
"251,501,751",0.7,3,43.1693232400436,NA,0.69578664421935,0.695843834478507,0,16.7112205337953,"",0,16.637685420532,0.695843834478507,"266,271,291,719,799,839",6,94.093539075052,0.393925385430273,1,NA,0,0.69578664421935,0.695843834478507,16.71122,3,3,3.257,3
"251,501,751",0.7,3,37.7426895522317,NA,0.678029475712742,0.677888642585199,0,17.8965014912204,"",0,18.0749886445734,0.677888642585199,"",0,17.9463224690727,0.660214831848541,1,NA,0,0.678029475712742,0.677888642585199,17.8965,3,3,3,3
"251,501,751",0.7,3,-10.5374627086499,NA,0.700011452558055,0.700012773062002,0,-12.0982115857288,"",0,-12.1002409980866,0.700012773062002,"",0,62.2861007187218,0.986000250622235,1,NA,0,0.700011452558055,0.700012773062002,-12.09821,3,3,3,3
"251,501,751",0.7,3,6.24413940247651,NA,0.695320984151426,0.695322636945111,0,-3.70099433241143,"",0,-3.70400665241292,0.695322636945111,"",0,-0.548416573918948,0.75237631410532,1,NA,0,0.695320984151426,0.695322636945111,-3.70099,3,3,3,3
"251,501,751",0.7,3,0.0563197242867588,NA,0.713928532648162,0.713914378080769,0,-6.97842230379388,"",0,-6.95752434573994,0.713914378080769,"",0,18.3012677606214,0.873126824960958,1,NA,0,0.713928532648162,0.713914378080769,-6.97842,3,3,3,3
"251,501,751",0.7,3,29.2719613388299,NA,0.698169170909105,0.698200128464994,0,8.10589484764619,"",0,8.06456373139461,0.698200128464994,"",0,19.3227833670214,0.589505379077002,1,NA,0,0.698169170909105,0.698200128464994,8.10589,3,3,3,3
"251,501,751",0.7,3,39.2919166696373,NA,0.716165621610191,0.716205619588969,0,12.762622600216,"",0,12.7052470172717,0.716205619588969,"",0,22.0575237782029,0.811693590836637,1,NA,0,0.716165621610191,0.716205619588969,12.76262,3,3,3,3
"251,501,751",0.7,3,-14.5878979049972,NA,0.705404778648903,0.705298948895432,0,-11.4783508103273,"",0,-11.3279171293512,0.705298948895432,"",0,-6.18869382095782,0.628175650294341,1,NA,0,0.705404778648903,0.705298948895432,-11.47835,3,3,3,3
"251,501,751",0.7,3,-17.6498126383325,NA,0.702968525133799,0.702889883454469,0,-14.0403434687169,"",0,-13.9347990471977,0.702889883454469,"",0,12.2340965180853,0.866112999728295,1,NA,0,0.702968525133799,0.702889883454469,-14.04034,3,3,3,3
"251,501,751",0.7,3,80.8319311482821,NA,0.682038820678805,0.682044615967401,0,33.4209407386482,"",0,33.4105800913547,0.682044615967401,"",0,41.720022070685,0.776603605436832,1,NA,0,0.682038820678805,0.682044615967401,33.42094,3,3,3,3
"251,501,751",0.7,3,48.5193402335594,NA,0.735468978637244,0.735468784282818,0,15.9844326857466,"616,650",2,75.6224317723318,0.703596949552649,"616,650,666",3,79.2788981254399,0.623818508751205,1,NA,0,0.735468978637244,0.735468784282818,15.98443,3,1.236,0.599,3
"251,501,751",0.7,3,26.1641519485585,NA,0.669343466347762,0.669530181009051,0,12.3971642121503,"",0,12.1895807614189,0.669530181009051,"",0,29.4489449378143,0.794975481572815,1,NA,0,0.669343466347762,0.669530181009051,12.39716,3,3,3,3
"251,501,751",0.7,3,56.3729804844842,NA,0.690963800590242,0.690961889776939,0,21.2010302290305,"",0,21.2032766961594,0.690961889776939,"",0,51.0399492755697,0.870226642248164,1,NA,0,0.690963800590242,0.690961889776939,21.20103,3,3,3,3
"251,501,751",0.7,3,19.8645600616574,NA,0.672724562104281,0.672724017702879,0,2.34591251877508,"",0,2.34648359625402,0.672724017702879,"",0,3.32952641863736,0.639897477931647,1,NA,0,0.672724562104281,0.672724017702879,2.34591,3,3,3,3
"251,501,751",0.7,3,-0.603612660548905,NA,0.703682896112041,0.703632980277022,0,-2.05601062314802,"",0,-1.98315011585281,0.703632980277022,"",0,16.1370662960632,0.831294327268037,1,NA,0,0.703682896112041,0.703632980277022,-2.05601,3,3,3,3
"251,501,751",0.7,3,79.7232006814036,NA,0.68737677169312,0.687374671805955,0,33.0706832423542,"",0,33.073493529598,0.687374671805955,"",0,53.9168758429216,0.836726057677662,1,NA,0,0.68737677169312,0.687374671805955,33.07068,3,3,3,3
"251,501,751",0.7,3,34.3325373234348,NA,0.702142016255795,0.702134689599874,0,10.3406308547126,"",0,10.3502149925151,0.702134689599874,"",0,26.3073317565048,0.830226504041084,1,NA,0,0.702142016255795,0.702134689599874,10.34063,3,3,3,3
"251,501,751",0.7,3,-45.0267301920895,NA,0.676377431625219,0.676374756495661,0,-29.9310920234107,"189,373",2,4.89094217727351,0.649816590963552,"",0,11.3062646463399,0.892512171534535,1,NA,0,0.676377431625219,0.676374756495661,-29.93109,3,1.184,3,3
"251,501,751",0.7,3,31.666949773077,NA,0.685061990756153,0.685051459161554,0,8.88136212195008,"",0,8.89517789393375,0.685051459161554,"",0,15.0189382525803,0.765584440657808,1,NA,0,0.685061990756153,0.685051459161554,8.88136,3,3,3,3
"251,501,751",0.7,3,74.13143142554,NA,0.692961457925848,0.693105483459736,0,33.1816281762684,"",0,32.9958046532665,0.693105483459736,"585,596",2,68.4957155360925,0.58232657862735,1,NA,0,0.692961457925848,0.693105483459736,33.18163,3,3,1.179,3
"251,501,751",0.7,3,32.2286869006653,NA,0.723033387022814,0.723099024111711,0,9.47048214897555,"",0,9.37394876166302,0.723099024111711,"335,347",2,47.5290478436836,0.574552138547208,1,NA,0,0.723033387022814,0.723099024111711,9.47048,3,3,1.18,3
"251,501,751",0.7,3,139.511700504253,NA,0.73364137449726,0.733635507789884,0,71.1399974626372,"",0,71.1576069539757,0.733635507789884,"",0,71.7809899625768,0.691487956405232,1,NA,0,0.73364137449726,0.733635507789884,71.14,3,3,3,3
"251,501,751",0.7,3,-34.6037824772528,NA,0.718108509719804,0.718088235443583,0,-23.9893800249109,"",0,-23.9586080335354,0.718088235443583,"",0,30.3893934673909,0.952989506659131,1,NA,0,0.718108509719804,0.718088235443583,-23.98938,3,3,3,3
"251,501,751",0.7,3,29.6006132471878,NA,0.664521908929495,0.664488877676127,0,9.47291838865528,"",0,9.51162718059242,0.664488877676127,"",0,15.7700922350851,0.574298722192238,1,NA,0,0.664521908929495,0.664488877676127,9.47292,3,3,3,3
"251,501,751",0.7,3,-6.31768990988954,NA,0.659430909202021,0.659350237486484,0,2.94201635770922,"",0,3.04609704341128,0.659350237486484,"",0,2.21567262090593,0.628489720359447,1,NA,0,0.659430909202021,0.659350237486484,2.94202,3,3,3,3
"251,501,751",0.7,3,-10.8630866998558,NA,0.717229376977825,0.717219059871091,0,-12.5730375892239,"",0,-12.5645003320605,0.717219059871091,"",0,11.9867392233729,0.874210462524732,1,NA,0,0.717229376977825,0.717219059871091,-12.57304,3,3,3,3
"251,501,751",0.7,3,-2.57877508342261,NA,0.67248908035483,0.672502679925598,0,-8.66324931556855,"",0,-8.68035250489565,0.672502679925598,"",0,8.06919971662284,0.535443572027508,1,NA,0,0.67248908035483,0.672502679925598,-8.66325,3,3,3,3
"251,501,751",0.7,3,-40.0942192912491,NA,0.686863605041371,0.686867832111234,0,-26.5408473626507,"",0,-26.5456112717717,0.686867832111234,"",0,-26.4922524199012,0.693356713156619,1,NA,0,0.686863605041371,0.686867832111234,-26.54085,3,3,3,3
"251,501,751",0.7,3,13.1789868969505,NA,0.70023817832637,0.700230778945618,0,0.557754686239501,"",0,0.568738404320587,0.700230778945618,"",0,18.5737595592327,0.561930860406312,1,NA,0,0.70023817832637,0.700230778945618,0.55775,3,3,3,3
"251,501,751",0.7,3,22.2430033468071,NA,0.706192111911779,0.706188965690203,0,4.39643490523184,"",0,4.40051262696586,0.706188965690203,"",0,33.7744105112559,0.880116189383328,1,NA,0,0.706192111911779,0.706188965690203,4.39643,3,3,3,3
"251,501,751",0.7,3,-31.7390808038639,NA,0.689761304705743,0.689739469738387,0,-22.6544455573397,"",0,-22.6271267479422,0.689739469738387,"",0,62.8132437055201,1.00204231643692,1,NA,0,0.689761304705743,0.689739469738387,-22.65445,3,3,3,3
"251,501,751",0.7,3,24.0448305350486,NA,0.708626051794347,0.708642109437102,0,8.16362863726143,"",0,8.14375393008471,0.708642109437102,"",0,8.99239743219441,0.732822680783856,1,NA,0,0.708626051794347,0.708642109437102,8.16363,3,3,3,3
"251,501,751",0.7,3,39.9508045337987,NA,0.66610922422609,0.66612511080946,0,12.2277590227278,"954",1,33.283932459577,0.646084168172349,"",0,17.0412667470292,0.739269542740783,1,NA,0,0.66610922422609,0.66612511080946,12.22776,3,2.203,3,3
"251,501,751",0.7,3,130.815993773264,NA,0.728179592847073,0.728187232711392,0,58.2692927533817,NA,0,58.2571121832615,0.728187232711392,"57,395,421",3,120.472465047307,0.527026022295112,1,NA,0,0.728179592847073,0.728187232711392,58.26929,3,3,0.63,3
"251,501,751",0.7,3,-38.8146122156191,NA,0.666368778822425,0.666355734617848,0,-27.0174431364844,NA,0,-27.0013827245798,0.666355734617848,"",0,-11.1927298768462,0.532057069731886,1,NA,0,0.666368778822425,0.666355734617848,-27.01744,3,3,3,3
"251,501,751",0.7,3,138.727639511401,NA,0.715227364156112,0.715218883524508,0,63.2289668570743,NA,0,63.2425669632392,0.715218883524508,"",0,63.4759748214455,0.698335768601484,1,NA,0,0.715227364156112,0.715218883524508,63.22897,3,3,3,3
"251,501,751",0.7,3,52.8227387964526,NA,0.69955501551562,0.699545054120311,0,19.7980455691047,NA,0,19.8074670637792,0.699545054120311,"",0,23.901978135629,0.633881367040262,1,NA,0,0.69955501551562,0.699545054120311,19.79805,3,3,3,3
"251,501,751",0.7,3,-50.2859496101002,NA,0.673647629942196,0.673637021635232,0,-31.1535512054242,NA,0,-31.1388405585638,0.673637021635232,"",0,25.396068569693,0.926269757429625,1,NA,0,0.673647629942196,0.673637021635232,-31.15355,3,3,3,3
"251,501,751",0.7,3,-16.3840325538674,NA,0.692257817248107,0.69238303420232,0,-12.8357629161674,NA,0,-12.99910877971,0.69238303420232,"",0,-11.2986632325772,0.730634575354097,1,NA,0,0.692257817248107,0.69238303420232,-12.83576,3,3,3,3
"251,501,751",0.7,3,26.057383859707,NA,0.652034782397234,0.652042009819593,0,7.58040447622643,NA,0,7.57619175298114,0.652042009819593,"",0,17.1322066591766,0.53871040342977,1,NA,0,0.652034782397234,0.652042009819593,7.5804,3,3,3,3
"251,501,751",0.7,3,-19.2463582003881,NA,0.744986275443349,0.744944546031418,0,-16.5084746449097,NA,0,-16.4424050307164,0.744944546031418,"",0,-13.3898329895198,0.794027173389356,1,NA,0,0.744986275443349,0.744944546031418,-16.50847,3,3,3,3
"251,501,751",0.7,3,-14.7590376062303,NA,0.691035354000739,0.69088074812668,0,-10.1386492890182,NA,0,-9.93426294493826,0.69088074812668,"",0,0.265798474661204,0.578729436246302,1,NA,0,0.691035354000739,0.69088074812668,-10.13865,3,3,3,3
"251,501,751",0.7,3,19.8498468029197,NA,0.714855899686895,0.714852732467788,0,2.88367506218074,NA,0,2.88843992839086,0.714852732467788,"",0,25.2756781754096,0.864338209321759,1,NA,0,0.714855899686895,0.714852732467788,2.88368,3,3,3,3
"251,501,751",0.7,3,24.5078160803236,NA,0.656660370133181,0.656511630680557,0,6.23906571190219,NA,0,6.41217896428327,0.656511630680557,"",0,15.2340400689448,0.75159798468038,1,NA,0,0.656660370133181,0.656511630680557,6.23907,3,3,3,3
"251,501,751",0.7,3,36.3318263075125,NA,0.671986884589217,0.672043620558746,0,14.945927612984,NA,0,14.8819808460516,0.672043620558746,"",0,103.614673976069,0.989767558754008,1,NA,0,0.671986884589217,0.672043620558746,14.94593,3,3,3,3
"251,501,751",0.7,3,-19.5924494815092,NA,0.69503235880823,0.695028930112301,0,-14.6918202769864,NA,0,-14.6857172612284,0.695028930112301,"",0,-3.26585677244485,0.581788040241735,1,NA,0,0.69503235880823,0.695028930112301,-14.69182,3,3,3,3
"251,501,751",0.7,3,92.5690682263109,NA,0.703858691499292,0.703962788399752,0,45.8715212711021,NA,0,45.7390864486915,0.703962788399752,"",0,47.0891513709449,0.731314421558225,1,NA,0,0.703858691499292,0.703962788399752,45.87152,3,3,3,3
"251,501,751",0.7,3,25.4912181267335,NA,0.673373899442528,0.67342077854068,0,7.3413382739711,NA,0,7.2849817920964,0.67342077854068,"",0,7.45902611093878,0.683659418482291,1,NA,0,0.673373899442528,0.67342077854068,7.34134,3,3,3,3
"251,501,751",0.7,3,9.62689735365249,NA,0.654152126248137,0.654156059519053,0,-3.905830287212,NA,0,-3.91043296826618,0.654156059519053,"462,478",2,30.220474642758,0.459659577243898,1,NA,0,0.654152126248137,0.654156059519053,-3.90583,3,3,1.062,3
"251,501,751",0.7,3,-4.06307658418403,NA,0.702817973913158,0.702818629689832,0,-1.89671527927758,NA,0,-1.88901197941681,0.702818629689832,"",0,0.323610991314032,0.641524374667001,1,NA,0,0.702817973913158,0.702818629689832,-1.89672,3,3,3,3
"251,501,751",0.7,3,43.6780075775019,NA,0.667338285175616,0.66721497176677,0,16.6256711079661,NA,0,16.7753454557553,0.66721497176677,"",0,26.4655592910831,0.557277521752192,1,NA,0,0.667338285175616,0.66721497176677,16.62567,3,3,3,3
"251,501,751",0.7,3,-28.3398973011877,NA,0.68955057600579,0.68955686442625,0,-21.1019461701089,NA,0,-21.1126309169398,0.68955686442625,"",0,-13.8901711532866,0.60194084550402,1,NA,0,0.68955057600579,0.68955686442625,-21.10195,3,3,3,3
"251,501,751",0.7,3,45.357021625221,NA,0.659070549729305,0.659070639296824,0,17.9803117291028,NA,0,17.9848228763486,0.659070639296824,"",0,21.3314057517616,0.713201798706604,1,NA,0,0.659070549729305,0.659070639296824,17.98031,3,3,3,3
"251,501,751",0.7,3,51.700209641462,NA,0.712029498388764,0.71203729240324,0,31.3937934740664,"",0,31.3956264434661,0.71203729240324,NA,0,47.3895147825103,0.819408694972049,1,NA,0,0.712029498388764,0.71203729240324,31.39379,3,3,3,3
"251,501,751",0.7,3,-51.2018728466078,NA,0.737465083792913,0.737468726460593,0,-33.8734075517547,"",0,-33.8794039264411,0.737468726460593,NA,0,-25.1343652794015,0.647496902018792,1,NA,0,0.737465083792913,0.737468726460593,-33.87341,3,3,3,3
"251,501,751",0.7,3,17.2389397916775,NA,0.684535256977272,0.684554975704559,0,1.66898879288805,"",0,1.64418169892776,0.684554975704559,NA,0,8.69790517434647,0.59725191137434,1,NA,0,0.684535256977272,0.684554975704559,1.66899,3,3,3,3
"251,501,751",0.7,3,23.4648181640211,NA,0.686415253380208,0.686495165906279,0,7.74431617283131,"",0,7.64644517447957,0.686495165906279,NA,0,14.2184517763962,0.764501089340037,1,NA,0,0.686415253380208,0.686495165906279,7.74432,3,3,3,3
"251,501,751",0.7,3,-83.6136501867505,NA,0.702486812033207,0.70248753885394,0,-48.6767694481009,"",0,-48.6795661994173,0.70248753885394,NA,0,-45.7761112331697,0.756817541055316,1,NA,0,0.702486812033207,0.70248753885394,-48.67677,3,3,3,3
"251,501,751",0.7,3,49.0745000586662,NA,0.729022959538414,0.729015514566214,0,16.7875828754292,"",0,16.797406433707,0.729015514566214,NA,0,60.4629015408969,0.936376762489828,1,NA,0,0.729022959538414,0.729015514566214,16.78758,3,3,3,3
"251,501,751",0.7,3,-61.878400938202,NA,0.693254564503269,0.693170014931349,0,-29.3822751057165,"",0,-29.2639193082649,0.693170014931349,NA,0,-22.7622698942494,0.76134250641233,1,NA,0,0.693254564503269,0.693170014931349,-29.38228,3,3,3,3
"251,501,751",0.7,3,9.88550480586671,NA,0.669607925462443,0.669530792009668,0,-0.096881988365058,"",0,-0.00183073952444257,0.669530792009668,NA,0,3.8272388735857,0.598485522075756,1,NA,0,0.669607925462443,0.669530792009668,-0.09688,3,3,3,3
"251,501,751",0.7,3,1.06614340230029,NA,0.690407806427337,0.690414890180928,0,-6.35361711567508,"",0,-6.36337100816715,0.690414890180928,NA,0,0.556802280805199,0.775653080425555,1,NA,0,0.690407806427337,0.690414890180928,-6.35362,3,3,3,3
"251,501,751",0.7,3,40.72639221292,NA,0.716848662498134,0.716839169759182,0,13.6366722042498,"",0,13.6511467558203,0.716839169759182,NA,0,115.751391563378,1.04802412476767,1,NA,0,0.716848662498134,0.716839169759182,13.63667,3,3,3,3
"251,501,751",0.7,3,83.9655071291885,NA,0.692398377171154,0.692394512681679,0,35.0941380410116,"365,392",2,70.9043476497781,0.665077991339124,NA,0,37.606469545904,0.641041471501093,1,NA,0,0.692398377171154,0.692394512681679,35.09414,3,1.245,3,3
"251,501,751",0.7,3,-58.5985821655655,NA,0.708611125113661,0.708610653066146,0,-35.9538481982815,"",0,-35.9528509312323,0.708610653066146,NA,0,-5.04296747896735,0.886256109885544,1,NA,0,0.708611125113661,0.708610653066146,-35.95385,3,3,3,3
"251,501,751",0.7,3,32.3274882859316,NA,0.660430140498864,0.660429952909033,0,7.90075671676497,"",0,7.90098781628673,0.660429952909033,NA,0,14.1273958023028,0.744416248242077,1,NA,0,0.660430140498864,0.660429952909033,7.90076,3,3,3,3
"251,501,751",0.7,3,60.2380139896149,NA,0.707218272012276,0.707212347950659,0,25.5052961283235,"",0,25.5141593825123,0.707212347950659,NA,0,29.0869506350612,0.643115368582885,1,NA,0,0.707218272012276,0.707212347950659,25.5053,3,3,3,3
"251,501,751",0.7,3,-34.6770933639208,NA,0.706201075678794,0.706210488385032,0,-23.2684365192128,"",0,-23.2814673804002,0.706210488385032,NA,0,-19.5249253797236,0.765991531543363,1,NA,0,0.706201075678794,0.706210488385032,-23.26844,3,3,3,3
"251,501,751",0.7,3,36.1378668345207,NA,0.674086176998675,0.674083891225633,0,12.1950677329477,"",0,12.1957030708418,0.674083891225633,NA,0,46.8194120591474,0.869554296633985,1,NA,0,0.674086176998675,0.674083891225633,12.19507,3,3,3,3
"251,501,751",0.7,3,12.2626236778615,NA,0.716791884636655,0.716796172733736,0,4.11000516657175,"",0,4.10942893761605,0.716796172733736,NA,0,9.27513906712965,0.780004078306527,1,NA,0,0.716791884636655,0.716796172733736,4.11001,3,3,3,3
"251,501,751",0.7,3,68.032145147586,NA,0.693485392143793,0.693548084269153,0,31.150391731359,"",0,31.0733450391084,0.693548084269153,NA,0,31.4859628385183,0.708046094339994,1,NA,0,0.693485392143793,0.693548084269153,31.15039,3,3,3,3
"251,501,751",0.7,3,-24.269897649392,NA,0.710545518392687,0.710530275926198,0,-18.4814216019577,"",0,-18.4605260900608,0.710530275926198,NA,0,-10.1074321944994,0.800980196593189,1,NA,0,0.710545518392687,0.710530275926198,-18.48142,3,3,3,3
"251,501,751",0.7,3,35.0702375801008,NA,0.701775168291689,0.701694515936939,0,11.4529214819873,"",0,11.5636385730288,0.701694515936939,NA,0,14.088297493786,0.649364930876637,1,NA,0,0.701775168291689,0.701694515936939,11.45292,3,3,3,3
"251,501,751",0.7,3,-13.4123662130794,NA,0.669321784043072,0.669254607651326,0,-11.3174016334087,NA,0,-11.2348342078273,0.669254607651326,NA,0,2.65262294364375,0.787400991019408,1,NA,0,0.669321784043072,0.669254607651326,-11.3174,3,3,3,3
"251,501,751",0.7,3,49.7410289010697,NA,0.713946121708804,0.71393364273181,0,18.101258802693,NA,0,18.117534804068,0.71393364273181,NA,0,18.5648186054889,0.692327098706785,1,NA,0,0.713946121708804,0.71393364273181,18.10126,3,3,3,3
"251,501,751",0.7,3,47.3561803121728,NA,0.682250996269662,0.682152278861695,0,20.2376421320098,NA,0,20.3632044395586,0.682152278861695,NA,0,21.2561521623818,0.706418563880786,1,NA,0,0.682250996269662,0.682152278861695,20.23764,3,3,3,3
"251,501,751",0.7,3,72.9759210483512,NA,0.660928661435586,0.66091942823821,0,28.4530666145587,NA,0,28.4638976875996,0.66091942823821,"513",1,50.5229015972671,0.559769941777052,1,NA,0,0.660928661435586,0.66091942823821,28.45307,3,3,2.012,3
"251,501,751",0.7,3,13.4963980776691,NA,0.72819291782257,0.728147059532929,0,6.32217232884903,NA,0,6.3997510405376,0.728147059532929,NA,0,16.5479422841137,0.815649746872296,1,NA,0,0.72819291782257,0.728147059532929,6.32217,3,3,3,3
"251,501,751",0.7,3,2.6379059503,NA,0.716089671317208,0.716054859061494,0,-5.331514139917,NA,0,-5.28054867106338,0.716054859061494,NA,0,-4.64159282606247,0.740237252649118,1,NA,0,0.716089671317208,0.716054859061494,-5.33151,3,3,3,3
"251,501,751",0.7,3,-31.8616856210252,NA,0.683193438850478,0.683178328909382,0,-23.0171986464851,NA,0,-22.999944862268,0.683178328909382,NA,0,-17.7328500209913,0.758203178459169,1,NA,0,0.683193438850478,0.683178328909382,-23.0172,3,3,3,3
"251,501,751",0.7,3,-10.770280607537,NA,0.683805027206495,0.683795357948539,0,-12.5302289898129,NA,0,-12.5177278313369,0.683795357948539,NA,0,-0.633096113046721,0.570597955646467,1,NA,0,0.683805027206495,0.683795357948539,-12.53023,3,3,3,3
"251,501,751",0.7,3,105.436432398667,NA,0.706572919959403,0.706547450857658,0,45.9747552851885,NA,0,46.0085748584666,0.706547450857658,NA,0,80.7512331613842,0.516123361415514,1,NA,0,0.706572919959403,0.706547450857658,45.97476,3,3,3,3
"251,501,751",0.7,3,2.20463623461565,NA,0.652760793868897,0.652824328928136,0,-6.2422778047653,NA,0,-6.31468901909566,0.652824328928136,NA,0,27.7000061419311,0.850915555326857,1,NA,0,0.652760793868897,0.652824328928136,-6.24228,3,3,3,3
"251,501,751",0.7,3,28.725793121821,NA,0.68685213545212,0.686851192078407,0,7.31440850075686,NA,0,7.31537955217927,0.686851192078407,NA,0,8.40725413411202,0.720792051899391,1,NA,0,0.68685213545212,0.686851192078407,7.31441,3,3,3,3
"251,501,751",0.7,3,-15.5557580126836,NA,0.662298173355881,0.662331805029449,0,-15.5642865022316,NA,0,-15.6049742985376,0.662331805029449,NA,0,-11.9882253147503,0.597719021005665,1,NA,0,0.662298173355881,0.662331805029449,-15.56429,3,3,3,3
"251,501,751",0.7,3,-49.6768989795586,NA,0.71321188538711,0.713183588613738,0,-24.7335130793295,NA,0,-24.6851201590143,0.713183588613738,NA,0,-16.112295002168,0.79417521007638,1,NA,0,0.71321188538711,0.713183588613738,-24.73351,3,3,3,3
"251,501,751",0.7,3,28.9054866170292,NA,0.71134924220223,0.711359430803245,0,7.53270955369284,NA,0,7.51836061967744,0.711359430803245,NA,0,10.233896624869,0.659276256272054,1,NA,0,0.71134924220223,0.711359430803245,7.53271,3,3,3,3
"251,501,751",0.7,3,22.7690757206765,NA,0.717030177092462,0.717031193179059,0,4.80576182878922,NA,0,4.80467291361625,0.717031193179059,NA,0,6.36232941677998,0.67705817157714,1,NA,0,0.717030177092462,0.717031193179059,4.80576,3,3,3,3
"251,501,751",0.7,3,10.2017334046958,NA,0.722503557749549,0.722525959478534,0,5.449526262997,NA,0,5.42495728312606,0.722525959478534,NA,0,5.28718674656659,0.7145282209218,4,NA,0,0.722503173630245,0.722525959478534,5.44952,3,3,3,3
"251,501,751",0.7,3,-35.959180781936,NA,0.693371127260893,0.693367232940711,0,-24.8835010609196,NA,0,-24.8782181154347,0.693367232940711,NA,0,-11.5173704336333,0.574694122613422,1,NA,0,0.693371127260893,0.693367232940711,-24.8835,3,3,3,3
"251,501,751",0.7,3,28.5306488591422,NA,0.688617820744039,0.688609442386939,0,8.21886029530314,NA,0,8.22606254601424,0.688609442386939,NA,0,22.1548987953155,0.564313544826591,1,NA,0,0.688617820744039,0.688609442386939,8.21886,3,3,3,3
"251,501,751",0.7,3,-33.4577497314602,NA,0.714717097177459,0.714731005825871,0,-23.7635651367509,NA,0,-23.7864049924319,0.714731005825871,NA,0,0.287835440165757,0.870086578954633,1,NA,0,0.714717097177459,0.714731005825871,-23.76357,3,3,3,3
"251,501,751",0.7,3,15.9245890882713,NA,0.664599618505962,0.664528595145967,0,2.4104038808461,NA,0,2.49708945528992,0.664528595145967,NA,0,32.8319917117206,0.472432133406366,1,NA,0,0.664599618505962,0.664528595145967,2.4104,3,3,3,3
"251,501,751",0.7,3,92.4749475208134,NA,0.69766938383777,0.697663344021238,0,39.8908984242582,"",0,39.8971242974449,0.697663344021238,"",0,95.5863812537521,0.943327078767023,1,NA,0,0.69766938383777,0.697663344021238,39.8909,3,3,3,3
"251,501,751",0.7,3,19.654080657628,NA,0.734548752912475,0.734560822947415,0,2.02821616524399,"",0,2.00685667863396,0.734560822947415,"",0,5.94694222161737,0.794520399694315,1,NA,0,0.734548752912475,0.734560822947415,2.02822,3,3,3,3
"251,501,751",0.7,3,-27.4921912210656,NA,0.678405908195886,0.678306508576553,0,-17.8415008877095,"",0,-17.7144186181711,0.678306508576553,"",0,-16.0308968150568,0.62868884105052,1,NA,0,0.678405908195886,0.678306508576553,-17.8415,3,3,3,3
"251,501,751",0.7,3,39.7869277165358,NA,0.671839401663957,0.671862290755142,0,20.0371206675796,"",0,20.019646780328,0.671862290755142,"",0,25.6815933640327,0.57583954145892,1,NA,0,0.671839401663957,0.671862290755142,20.03712,3,3,3,3
"251,501,751",0.7,3,-34.7565012498189,NA,0.723791485654947,0.723719438929948,0,-17.0228833254212,"",0,-16.9080201969841,0.723719438929948,"",0,1.34793291495178,0.845124460790162,1,NA,0,0.723791485654947,0.723719438929948,-17.02288,3,3,3,3
"251,501,751",0.7,3,77.8421388422271,NA,0.69547275883284,0.695495708196936,0,32.2285073687122,"",0,32.1977860961386,0.695495708196936,"",0,42.075661854956,0.593604842357431,1,NA,0,0.69547275883284,0.695495708196936,32.22851,3,3,3,3
"251,501,751",0.7,3,94.2069232974521,NA,0.646011186086286,0.646019926469183,0,41.0582857964536,"",0,41.0530666388578,0.646019926469183,"",0,43.6155647313109,0.583177867580004,1,NA,0,0.646011186086286,0.646019926469183,41.05829,3,3,3,3
"251,501,751",0.7,3,70.2049411338865,NA,0.717309028364355,0.717357145631852,0,28.6299089390616,"",0,28.5596387756608,0.717357145631852,"",0,33.011299178368,0.650304564046616,1,NA,0,0.717309028364355,0.717357145631852,28.62991,3,3,3,3
"251,501,751",0.7,3,36.0803004313337,NA,0.680928036213145,0.68094032070723,0,10.8788488648368,"",0,10.8634377825533,0.68094032070723,"",0,15.2699585324926,0.749757074642956,1,NA,0,0.680928036213145,0.68094032070723,10.87885,3,3,3,3
"251,501,751",0.7,3,44.2924948014878,NA,0.709872659108881,0.709871693683774,0,15.3326628745965,"",0,15.334405702686,0.709871693683774,"",0,26.837238391283,0.601802788988381,1,NA,0,0.709872659108881,0.709871693683774,15.33266,3,3,3,3
"251,501,751",0.7,3,46.4371296318825,NA,0.713193445581139,0.713192526187882,0,16.1353463784526,"",0,16.1367504546311,0.713192526187882,"",0,16.2373566060852,0.723132854864308,1,NA,0,0.713193445581139,0.713192526187882,16.13535,3,3,3,3
"251,501,751",0.7,3,-34.4246344201574,NA,0.686965846672807,0.686981063505474,0,-22.1918281913838,"",0,-22.2099946332828,0.686981063505474,"",0,-20.3202565873694,0.728025410058872,1,NA,0,0.686965846672807,0.686981063505474,-22.19183,3,3,3,3
"251,501,751",0.7,3,21.8967946465669,NA,0.721167759794238,0.721208774386363,0,7.35868181246166,"",0,7.29943199828269,0.721208774386363,"",0,34.3673330253072,0.879236894201218,1,NA,0,0.721167759794238,0.721208774386363,7.35868,3,3,3,3
"251,501,751",0.7,3,-29.6124937419404,NA,0.703268821920726,0.70327367673732,0,-16.2826769030449,"",0,-16.2891630673528,0.70327367673732,"",0,-16.158796880734,0.67907784562356,1,NA,0,0.703268821920726,0.70327367673732,-16.28268,3,3,3,3
"251,501,751",0.7,3,88.8303223600981,NA,0.689713106184459,0.689625110113214,0,39.5683500297378,"",0,39.6851203859266,0.689625110113214,"",0,73.769498400185,0.878298397721007,1,NA,0,0.689713106184459,0.689625110113214,39.56835,3,3,3,3
"251,501,751",0.7,3,66.9342074124426,NA,0.735067041008924,0.735089247508816,0,27.2752119125357,"",0,27.2391816540909,0.735089247508816,"",0,29.6974468142799,0.684307322525567,1,NA,0,0.735067041008924,0.735089247508816,27.27521,3,3,3,3
"251,501,751",0.7,3,47.2268689210364,NA,0.692186723315073,0.692122840990351,0,17.8632871319678,"",0,17.9476422220382,0.692122840990351,"",0,24.765732658362,0.605102639541967,1,NA,0,0.692186723315073,0.692122840990351,17.86329,3,3,3,3
"251,501,751",0.7,3,41.2902880072013,NA,0.707353933331595,0.707329662077534,0,14.1530275678168,"",0,14.1853220696797,0.707329662077534,"",0,16.9540133520892,0.759450578200618,1,NA,0,0.707353933331595,0.707329662077534,14.15303,3,3,3,3
"251,501,751",0.7,3,-4.44030480964055,NA,0.709459992116185,0.709478855769328,0,-3.12924639265107,"255,278",2,35.3553776746339,0.687772980005175,"49,255,278",3,49.9184661916573,0.517859496466687,1,NA,0,0.709459992116185,0.709478855769328,-3.12925,3,1.031,0.921,3
"251,501,751",0.7,3,44.6362501464292,NA,0.679994809205165,0.679986092581257,0,16.3069398681304,"",0,16.3155771854116,0.679986092581257,"",0,59.6952963968726,0.89887249023268,1,NA,0,0.679994809205165,0.679986092581257,16.30694,3,3,3,3
"251,501,751",0.7,3,19.1689973466904,NA,0.71917096078912,0.719171966208902,0,2.3025812674,NA,0,2.3002927498448,0.719171966208902,"",0,5.24078671345101,0.772598033998432,1,NA,0,0.71917096078912,0.719171966208902,2.30258,3,3,3,3
"251,501,751",0.7,3,60.540014001201,NA,0.703148935066078,0.703129473373408,0,24.9637525602839,NA,0,24.992541687768,0.703129473373408,"",0,30.4811606017958,0.775015371124644,1,NA,0,0.703148935066078,0.703129473373408,24.96375,3,3,3,3
"251,501,751",0.7,3,-49.2390343207211,NA,0.713747762745581,0.713739441275611,0,-31.539854961777,NA,0,-31.5277344599068,0.713739441275611,"847,857,948",3,17.923576458929,0.561557481113374,1,NA,0,0.713747762745581,0.713739441275611,-31.53985,3,3,1.149,3
"251,501,751",0.7,3,21.5258008336376,NA,0.69772785564223,0.697737678960477,0,3.89385202688224,NA,0,3.88083100013792,0.697737678960477,"41,163,178",3,67.6088307647049,0.457735487684927,1,NA,0,0.69772785564223,0.697737678960477,3.89385,3,3,1.121,3
"251,501,751",0.7,3,-26.1875124199811,NA,0.744196072560809,0.744176633399844,0,-18.8496248528861,NA,0,-18.8148538232967,0.744176633399844,"",0,-17.0449146538638,0.699178579456409,1,NA,0,0.744196072560809,0.744176633399844,-18.84962,3,3,3,3
"251,501,751",0.7,3,44.1559205268573,NA,0.695417892312278,0.695420873380682,0,15.6568669896319,NA,0,15.653369096244,0.695420873380682,"",0,16.7019008769236,0.661570655133998,1,NA,0,0.695417892312278,0.695420873380682,15.65687,3,3,3,3
"251,501,751",0.7,3,38.3006168436083,NA,0.691219040567658,0.69121573545358,0,12.1854054664883,NA,0,12.1895257640071,0.69121573545358,"",0,48.3778767532605,0.88934334854184,1,NA,0,0.691219040567658,0.69121573545358,12.18541,3,3,3,3
"251,501,751",0.7,3,91.9567832490447,NA,0.704928827085931,0.704869582601376,0,41.3025565414349,NA,0,41.3871901903561,0.704869582601376,"",0,42.6289647923609,0.665241453373987,1,NA,0,0.704928827085931,0.704869582601376,41.30256,3,3,3,3
"251,501,751",0.7,3,121.235701264468,NA,0.697065665725034,0.697010998109661,0,60.2910390821321,NA,0,60.3707425071198,0.697010998109661,"",0,66.4932709877137,0.765499350095025,1,NA,0,0.697065665725034,0.697010998109661,60.29104,3,3,3,3
"251,501,751",0.7,3,-6.23148295119294,NA,0.708146812419432,0.708109085214479,0,-4.66847086766957,NA,0,-4.6100375070251,0.708109085214479,"",0,53.094053745762,0.946165619691169,1,NA,0,0.708146812419432,0.708109085214479,-4.66847,3,3,3,3
"251,501,751",0.7,3,82.7651647009762,NA,0.681669532098696,0.681688617057722,0,35.1563453401661,NA,0,35.1301557338947,0.681688617057722,"",0,50.974118386142,0.548241957697445,7,NA,0,0.681668274971875,0.681688617057722,35.15633,3,3,3,3
"251,501,751",0.7,3,46.9551430601312,NA,0.709534341135633,0.709526986007936,0,16.6209601515894,NA,0,16.6299665237148,0.709526986007936,"",0,23.2885849313861,0.627564826747796,1,NA,0,0.709534341135633,0.709526986007936,16.62096,3,3,3,3
"251,501,751",0.7,3,31.4510030155586,NA,0.698443543105461,0.69839033046377,0,17.6320390977463,NA,0,17.7119426680527,0.69839033046377,"",0,27.2287785570651,0.582234790215746,1,NA,0,0.698443543105461,0.69839033046377,17.63204,3,3,3,3
"251,501,751",0.7,3,-73.1585292367583,NA,0.679997857691022,0.679836210191681,0,-41.5336256147536,NA,0,-41.3285046181665,0.679836210191681,"",0,-27.5315725421809,0.552378917322885,1,NA,0,0.679997857691022,0.679836210191681,-41.53363,3,3,3,3
"251,501,751",0.7,3,-40.9867063200738,NA,0.736498247077412,0.736489598448873,0,-27.1050303132614,NA,0,-27.0914333358651,0.736489598448873,"",0,-25.0028957123249,0.689996085307729,1,NA,0,0.736498247077412,0.736489598448873,-27.10503,3,3,3,3
"251,501,751",0.7,3,159.371383690476,NA,0.704290126651538,0.70437010510277,0,73.960179895231,NA,0,73.8515019317703,0.70437010510277,"116,134",2,110.770043097636,0.589026136537587,1,NA,0,0.704290126651538,0.70437010510277,73.96018,3,3,1.252,3
"251,501,751",0.7,3,-15.560764783646,NA,0.65005290787354,0.64995527005082,0,-13.8300526387307,NA,0,-13.7184406152322,0.64995527005082,"",0,-13.1152610432958,0.670280413395902,1,NA,0,0.65005290787354,0.64995527005082,-13.83005,3,3,3,3
"251,501,751",0.7,3,81.2533131533047,NA,0.720670483861929,0.720572802941781,0,42.955895287429,NA,0,43.1073922649291,0.720572802941781,"",0,47.561382993035,0.772503023464361,1,NA,0,0.720670483861929,0.720572802941781,42.9559,3,3,3,3
"251,501,751",0.7,3,116.247639626708,NA,0.70679011873114,0.706771689140477,0,51.5479578374993,NA,0,51.5745237345558,0.706771689140477,"",0,62.3883559361139,0.601465018107438,1,NA,0,0.70679011873114,0.706771689140477,51.54796,3,3,3,3
"251,501,751",0.7,3,37.3904615571151,NA,0.745447725648446,0.745424141635439,0,12.3414299576438,NA,0,12.3839207818414,0.745424141635439,"",0,31.8881956277101,0.874465990440886,1,NA,0,0.745447725648446,0.745424141635439,12.34143,3,3,3,3
"251,501,751",0.7,3,53.923273549308,NA,0.744581245900305,0.744581616465303,0,17.8344859971825,NA,0,17.8326409320938,0.744581616465303,NA,0,31.1905586983832,0.63468579245148,1,NA,0,0.744581245900305,0.744581616465303,17.83449,3,3,3,3
"251,501,751",0.7,3,37.5000108492341,NA,0.712567633853041,0.712582594687861,0,12.3621008818098,NA,0,12.3398268415942,0.712582594687861,NA,0,28.3336958400843,0.584575530059733,1,NA,0,0.712567633853041,0.712582594687861,12.3621,3,3,3,3
"251,501,751",0.7,3,36.6306193332996,NA,0.704736812378044,0.704766889859179,0,11.5683055307487,NA,0,11.5255604210142,0.704766889859179,NA,0,11.7239642732209,0.690359814344723,1,NA,0,0.704736812378044,0.704766889859179,11.56831,3,3,3,3
"251,501,751",0.7,3,-19.3315910252738,NA,0.702632207892905,0.70262319311908,0,-16.4028902908068,NA,0,-16.3911059728919,0.70262319311908,NA,0,17.640363794504,0.891221068857739,1,NA,0,0.702632207892905,0.70262319311908,-16.40289,3,3,3,3
"251,501,751",0.7,3,37.2805578357611,NA,0.721056914970194,0.721050130439968,0,11.2802135228552,NA,0,11.289477235286,0.721050130439968,NA,0,18.1312951639164,0.639674248250687,5,NA,0,0.721055530012319,0.721050130439968,11.28019,3,3,3,3
"251,501,751",0.7,3,14.6229389434169,NA,0.697283721778442,0.697295556981606,0,1.60912120293204,NA,0,1.59392735270276,0.697295556981606,NA,0,2.7825248055576,0.660108058614995,1,NA,0,0.697283721778442,0.697295556981606,1.60912,3,3,3,3
"251,501,751",0.7,3,64.9677267604921,NA,0.71489147645792,0.714924182735166,0,28.4418865858199,NA,0,28.3965977893546,0.714924182735166,NA,0,28.4824505134643,0.720374000666431,1,NA,0,0.71489147645792,0.714924182735166,28.44189,3,3,3,3
"251,501,751",0.7,3,-10.8875194249042,NA,0.675817915154106,0.675793653650621,0,-12.2393053005191,NA,0,-12.2105536285642,0.675793653650621,NA,0,-6.86170407067701,0.597844499487824,1,NA,0,0.675817915154106,0.675793653650621,-12.23931,3,3,3,3
"251,501,751",0.7,3,6.44608972330863,NA,0.647865833736829,0.647884875835618,0,-5.53654577619051,NA,0,-5.55707686949444,0.647884875835618,NA,0,2.51395359334319,0.743960852297733,1,NA,0,0.647865833736829,0.647884875835618,-5.53655,3,3,3,3
"251,501,751",0.7,3,53.4375452409851,NA,0.689597671413256,0.689588339895193,0,19.7897078526053,NA,0,19.8021374787769,0.689588339895193,NA,0,19.8422034221265,0.68293711828364,1,NA,0,0.689597671413256,0.689588339895193,19.78971,3,3,3,3
"251,501,751",0.7,3,22.8575631840332,NA,0.694848996129289,0.694844374029026,0,5.04681526240529,NA,0,5.05363559300608,0.694844374029026,NA,0,58.40962417389,0.452488544696183,1,NA,0,0.694848996129289,0.694844374029026,5.04682,3,3,3,3
"251,501,751",0.7,3,5.17820441456108,NA,0.70778277278364,0.70777690959723,0,-4.38567387032572,NA,0,-4.38273304043854,0.70777690959723,NA,0,32.7510278836515,0.509661228048852,1,NA,0,0.70778277278364,0.70777690959723,-4.38567,3,3,3,3
"251,501,751",0.7,3,13.8842225380909,NA,0.687563993238365,0.687558225499109,0,0.0874469951046111,NA,0,0.0949601570629568,0.687558225499109,NA,0,19.260788344969,0.543607389612922,1,NA,0,0.687563993238365,0.687558225499109,0.08745,3,3,3,3
"251,501,751",0.7,3,16.9339755504393,NA,0.686399189930606,0.686455014920623,0,2.0817474121747,NA,0,2.00762448539415,0.686455014920623,NA,0,2.77946126596223,0.656618476171944,1,NA,0,0.686399189930606,0.686455014920623,2.08175,3,3,3,3
"251,501,751",0.7,3,-2.21980289928275,NA,0.704242639550587,0.704240672380103,0,-7.98984107409168,NA,0,-7.99148766903726,0.704240672380103,NA,0,-0.498463486230758,0.791783259470202,1,NA,0,0.704242639550587,0.704240672380103,-7.98984,3,3,3,3
"251,501,751",0.7,3,98.9300453728856,NA,0.654712162376252,0.654740046029763,0,41.5300404255753,NA,0,41.4980355589617,0.654740046029763,NA,0,42.7123999639824,0.690469868755009,1,NA,0,0.654712162376252,0.654740046029763,41.53004,3,3,3,3
"251,501,751",0.7,3,70.4376927210797,NA,0.722573603412857,0.722583930595925,0,27.9820325377697,NA,0,27.9634315912043,0.722583930595925,NA,0,52.3961445059866,0.566732232951555,1,NA,0,0.722573603412857,0.722583930595925,27.98203,3,3,3,3
"251,501,751",0.7,3,39.6910036136754,NA,0.685331446087846,0.685320474042656,0,12.8381824567458,NA,0,12.8482800062273,0.685320474042656,NA,0,76.7358002679867,0.955614118710405,1,NA,0,0.685331446087846,0.685320474042656,12.83818,3,3,3,3
"251,501,751",0.7,3,23.2901708768553,NA,0.67114154817355,0.671156142568311,0,6.54303466625538,NA,0,6.52844604348297,0.671156142568311,"226",1,30.9580686712504,0.541146173931044,1,NA,0,0.67114154817355,0.671156142568311,6.54303,3,3,2.025,3
"251,501,751",0.7,3,-34.3488576201351,NA,0.702637583950337,0.70262411704098,0,-22.3817837814431,NA,0,-22.3623685147333,0.70262411704098,NA,0,53.2855652028608,0.987683905994719,1,NA,0,0.702637583950337,0.70262411704098,-22.38178,3,3,3,3
"251,501,751",0.7,3,-66.2654250155443,NA,0.70452734276444,0.704670880277523,0,-33.5990712811455,NA,0,-33.7859516604292,0.704670880277523,"",0,-25.6938907600002,0.784947350813486,1,NA,0,0.70452734276444,0.704670880277523,-33.59907,3,3,3,3
"251,501,751",0.7,3,-37.2122775004841,NA,0.651006774322741,0.651018822993422,0,-27.3827218826333,NA,0,-27.3959663532258,0.651018822993422,"",0,12.006478094893,0.43320312040514,1,NA,0,0.651006774322741,0.651018822993422,-27.38272,3,3,3,3
"251,501,751",0.7,3,16.7453427007957,NA,0.703173653542927,0.703330385117263,0,5.25577817479525,NA,0,5.04586620309126,0.703330385117263,"",0,23.2769369725221,0.834054047629006,1,NA,0,0.703173653542927,0.703330385117263,5.25578,3,3,3,3
"251,501,751",0.7,3,11.3969362207905,NA,0.725988048648581,0.725989897524068,0,-1.87586447236652,NA,0,-1.879055724796,0.725989897524068,"",0,25.5709994396769,0.889335542409043,1,NA,0,0.725988048648581,0.725989897524068,-1.87586,3,3,3,3
"251,501,751",0.7,3,15.4999848585902,NA,0.675015806662647,0.675010559470856,0,6.30269747970286,NA,0,6.31648908656188,0.675010559470856,"",0,6.18372629589481,0.661945339890155,1,NA,0,0.675015806662647,0.675010559470856,6.3027,3,3,3,3
"251,501,751",0.7,3,-41.5406623309166,NA,0.648631892925682,0.648695694214206,0,-28.5067946899102,NA,0,-28.5755010178556,0.648695694214206,"",0,-27.7519329986811,0.676534784532726,1,NA,0,0.648631892925682,0.648695694214206,-28.50679,3,3,3,3
"251,501,751",0.7,3,5.13181003419915,NA,0.710864338190875,0.710882869782261,0,-3.97360927750153,NA,0,-4.00118711625253,0.710882869782261,"",0,-2.59023718182942,0.67249424561242,1,NA,0,0.710864338190875,0.710882869782261,-3.97361,3,3,3,3
"251,501,751",0.7,3,64.4897370024395,NA,0.729632452960368,0.729606917406991,0,25.0333693415663,NA,0,25.0738180760757,0.729606917406991,"",0,36.7118217725161,0.623634297731978,1,NA,0,0.729632452960368,0.729606917406991,25.03337,3,3,3,3
"251,501,751",0.7,3,48.6377836996181,NA,0.681343898794564,0.681290364064435,0,21.7841312027496,NA,0,21.8560735168869,0.681290364064435,"",0,24.0346183056403,0.622974116281102,1,NA,0,0.681343898794564,0.681290364064435,21.78413,3,3,3,3
"251,501,751",0.7,3,15.5016009692334,NA,0.735587309664245,0.735662608425703,0,5.76337759084501,NA,0,5.65379149420291,0.735662608425703,"",0,6.3309498779722,0.699604448221337,1,NA,0,0.735587309664245,0.735662608425703,5.76338,3,3,3,3
"251,501,751",0.7,3,106.578874669897,NA,0.715236568199646,0.715241922304018,0,54.2822971961209,NA,0,54.2841426110221,0.715241922304018,"52,945",2,106.740759698558,0.496364649389378,1,NA,0,0.715236568199646,0.715241922304018,54.2823,3,3,1.393,3
"251,501,751",0.7,3,75.3157446493944,NA,0.66915564902945,0.669123556603546,0,30.4615406708894,NA,0,30.4997536030279,0.669123556603546,"",0,30.552276372228,0.675701390575624,1,NA,0,0.66915564902945,0.669123556603546,30.46154,3,3,3,3
"251,501,751",0.7,3,15.0564943945031,NA,0.698419182554511,0.698385272006685,0,0.87809594353857,NA,0,0.925094170480294,0.698385272006685,"",0,54.7376343039871,0.456593785117386,1,NA,0,0.698419182554511,0.698385272006685,0.8781,3,3,3,3
"251,501,751",0.7,3,3.14902511414462,NA,0.704663314645524,0.704663071662221,0,-5.35163827581523,NA,0,-5.35129106335432,0.704663071662221,"",0,-5.3507651245054,0.705384971356662,1,NA,0,0.704663314645524,0.704663071662221,-5.35164,3,3,3,3
"251,501,751",0.7,3,92.9912646920015,NA,0.691210494387061,0.691224213648412,0,39.8508480017628,NA,0,39.8327228400912,0.691224213648412,"",0,86.2693884734211,0.916100858223235,1,NA,0,0.691210494387061,0.691224213648412,39.85085,3,3,3,3
"251,501,751",0.7,3,-21.9480708329741,NA,0.723607117948918,0.723562244630055,0,-15.35924531305,NA,0,-15.289883937351,0.723562244630055,"",0,3.2070897093325,0.852716748414789,1,NA,0,0.723607117948918,0.723562244630055,-15.35925,3,3,3,3
"251,501,751",0.7,3,-27.0953653915994,NA,0.644564305614111,0.644537562453447,0,-12.3741771192305,NA,0,-12.3332126666756,0.644537562453447,"",0,-7.91471641067602,0.695813839963194,1,NA,0,0.644564305614111,0.644537562453447,-12.37418,3,3,3,3
"251,501,751",0.7,3,-44.2479972720412,NA,0.710954575963066,0.71089226607151,0,-27.0913645609052,NA,0,-26.9999782190544,0.71089226607151,"",0,48.3713863327403,0.991028142264898,1,NA,0,0.710954575963066,0.71089226607151,-27.09136,3,3,3,3
"251,501,751",0.7,3,70.8627667490103,NA,0.736513817860045,0.736458055112131,0,34.6653996599258,NA,0,34.7603782579085,0.736458055112131,"",0,46.3706548644949,0.829512950696861,1,NA,0,0.736513817860045,0.736458055112131,34.6654,3,3,3,3
"251,501,751",0.7,3,49.5384356920448,NA,0.711300292000525,0.711346519064641,0,19.8235925004097,NA,0,19.7551665536774,0.711346519064641,"",0,125.643583457982,1.05060671593333,1,NA,0,0.711300292000525,0.711346519064641,19.82359,3,3,3,3
"251,501,751",0.7,3,6.95153988876037,NA,0.715748726519965,0.715755464259901,0,-2.76354925199478,NA,0,-2.77510282561175,0.715755464259901,"",0,16.8526964920526,0.574216634631026,1,NA,0,0.715748726519965,0.715755464259901,-2.76355,3,3,3,3
"251,501,751",0.7,3,111.771214646567,NA,0.692686318716604,0.692672439427132,0,49.3555082464862,NA,0,49.3738961298743,0.692672439427132,"",0,53.6387827158981,0.758729353846405,1,NA,0,0.692686318716604,0.692672439427132,49.35551,3,3,3,3
"251,501,751",0.7,3,87.6984454166866,NA,0.701265355590741,0.701261026037803,0,37.0192483850499,NA,0,37.0252684923481,0.701261026037803,"484,490",2,68.1839728717746,0.556074836255007,1,NA,0,0.701265355590741,0.701261026037803,37.01925,3,3,1.028,3
"251,501,751",0.7,3,-20.4016707520737,NA,0.716215680793063,0.716307577778996,0,-9.43634344464693,NA,0,-9.55715419902927,0.716307577778996,"",0,116.004473343084,1.07723983628693,1,NA,0,0.716215680793063,0.716307577778996,-9.43634,3,3,3,3
"251,501,751",0.7,3,14.622010486867,NA,0.621775905791589,0.621789396672399,0,-1.85763579989337,NA,0,-1.86816345874052,0.621789396672399,"59,72,335,347,505,558,564",7,76.0785047542715,0.271691130866762,1,NA,0,0.621775905791589,0.621789396672399,-1.85764,3,3,4.275,3
"251,501,751",0.7,3,-7.48112757316575,NA,0.742246377099865,0.742240696284585,0,-12.6251768938629,NA,0,-12.6184597272279,0.742240696284585,"",0,8.45022801486924,0.881412435979699,1,NA,0,0.742246377099865,0.742240696284585,-12.62518,3,3,3,3
"251,501,751",0.7,3,55.6491375557828,NA,0.698409025460063,0.698364221046906,0,21.3494210780089,NA,0,21.4048226046032,0.698364221046906,"164,181,764",3,73.6888233306744,0.530906227116424,1,NA,0,0.698409025460063,0.698364221046906,21.34942,3,3,0.42,3
"251,501,751",0.7,3,62.7171483516668,NA,0.671833132391638,0.671796144251788,0,24.7909391423424,NA,0,24.8370564612508,0.671796144251788,"",0,25.1475151806865,0.650965272284081,1,NA,0,0.671833132391638,0.671796144251788,24.79094,3,3,3,3
"251,501,751",0.7,3,40.0207571658027,NA,0.687910118714485,0.687985721115693,0,19.1567963863208,NA,0,19.0685621069821,0.687985721115693,"",0,49.2226034730536,0.857701565543065,1,NA,0,0.687910118714485,0.687985721115693,19.1568,3,3,3,3
"251,501,751",0.7,3,2.27577374765721,NA,0.721997157464644,0.721981641644824,0,-5.97953064856302,NA,0,-5.95583401466295,0.721981641644824,"",0,1.28558500265369,0.805138898631987,1,NA,0,0.721997157464644,0.721981641644824,-5.97953,3,3,3,3
"251,501,751",0.7,3,12.2516688439892,NA,0.700890703688664,0.700859318598161,0,0.287701925723764,NA,0,0.33209192042098,0.700859318598161,"",0,29.8460754831949,0.52302799646868,1,NA,0,0.700890703688664,0.700859318598161,0.2877,3,3,3,3
"251,501,751",0.7,3,-7.1373182197987,NA,0.658539625422511,0.658521157892854,0,-11.7707768931485,NA,0,-11.7504207636348,0.658521157892854,"",0,-10.7287265148708,0.692049597045266,1,NA,0,0.658539625422511,0.658521157892854,-11.77078,3,3,3,3
"251,501,751",0.7,3,35.997693033781,NA,0.687592335346516,0.687650092643097,0,13.7534825567112,NA,0,13.6815996808809,0.687650092643097,"",0,17.103892121199,0.742889185214407,1,NA,0,0.687592335346516,0.687650092643097,13.75348,3,3,3,3
"251,501,751",0.7,3,69.2764160625577,NA,0.689877010007044,0.689878787273295,0,27.6432952797552,NA,0,27.6406584095585,0.689878787273295,"",0,52.8743588158078,0.525141941249704,1,NA,0,0.689877010007044,0.689878787273295,27.6433,3,3,3,3
"251,501,751",0.7,3,-13.6195750564896,NA,0.725567523548074,0.725567168993956,0,-14.4053505718671,NA,0,-14.4048382878778,0.725567168993956,"20,31,380,504",4,56.7373232632509,0.512253177359571,1,NA,0,0.725567523548074,0.725567168993956,-14.40535,3,3,1.588,3
"251,501,751",0.7,3,85.4997955687112,NA,0.659000569840209,0.658771118994975,0,44.2579049796391,NA,0,44.5223464171285,0.658771118994975,"",0,77.7093638451986,0.43992784486343,1,NA,0,0.659000569840209,0.658771118994975,44.2579,3,3,3,3
"251,501,751",0.7,3,13.8361260114787,NA,0.666606292698299,0.666639491136276,0,-0.263082002301322,NA,0,-0.301654177252515,0.666639491136276,"",0,0.73578812826071,0.631146252097447,1,NA,0,0.666606292698299,0.666639491136276,-0.26308,3,3,3,3
"251,501,751",0.7,3,73.8965521286701,NA,0.694293341349622,0.694282751994525,0,34.7620713824228,NA,0,34.7817424491949,0.694282751994525,"",0,100.744932368365,0.955853330777144,1,NA,0,0.694293341349622,0.694282751994525,34.76207,3,3,3,3
"251,501,751",0.7,3,-12.326353883485,NA,0.638607369522867,0.638587260550065,0,-15.7966967737858,NA,0,-15.7745015437816,0.638587260550065,"",0,6.97316339041291,0.47151077869084,1,NA,0,0.638607369522867,0.638587260550065,-15.7967,3,3,3,3
"251,501,751",0.7,3,77.5779636110599,NA,0.685999082705178,0.685992846827027,0,31.9706856005167,NA,0,31.9789840225713,0.685992846827027,"",0,33.3215668006866,0.723215948250211,1,NA,0,0.685999082705178,0.685992846827027,31.97069,3,3,3,3
"251,501,751",0.7,3,58.4474780810983,NA,0.692344945244588,0.69239421594216,0,27.5524077253718,NA,0,27.4950790301325,0.69239421594216,NA,0,27.6259896006434,0.667340109687385,1,NA,0,0.692344945244588,0.69239421594216,27.55241,3,3,3,3
"251,501,751",0.7,3,83.0179851939395,NA,0.678501465619902,0.678528208861093,0,34.4538141237551,NA,0,34.4207000139477,0.678528208861093,NA,0,58.8608980144971,0.513597862436448,1,NA,0,0.678501465619902,0.678528208861093,34.45381,3,3,3,3
"251,501,751",0.7,3,-14.3915527391718,NA,0.696866666180362,0.696876661544014,0,-13.5719885071977,NA,0,-13.5848438337643,0.696876661544014,NA,0,3.1272732739578,0.828132423328953,1,NA,0,0.696866666180362,0.696876661544014,-13.57199,3,3,3,3
"251,501,751",0.7,3,27.0855226593337,NA,0.675547922846767,0.675531001079624,0,6.31355698965633,NA,0,6.33469261918284,0.675531001079624,NA,0,13.2647648486559,0.587938878478325,1,NA,0,0.675547922846767,0.675531001079624,6.31356,3,3,3,3
"251,501,751",0.7,3,34.6663550024662,NA,0.6962933695851,0.696230161055721,0,12.3445022616095,NA,0,12.4274789490328,0.696230161055721,NA,0,25.0840581622275,0.807700574185173,1,NA,0,0.6962933695851,0.696230161055721,12.3445,3,3,3,3
"251,501,751",0.7,3,25.4176637901688,NA,0.718037566626728,0.718029830500613,0,6.64110258656542,NA,0,6.65369928666556,0.718029830500613,"23",1,67.3275902391295,0.47455172342394,1,NA,0,0.718037566626728,0.718029830500613,6.6411,3,3,2.228,3
"251,501,751",0.7,3,-0.709541955330049,NA,0.715901920679008,0.715678762665188,0,8.13701210985274,NA,0,8.4581963255249,0.715678762665188,NA,0,133.484233921441,1.06317218993828,1,NA,0,0.715901920679008,0.715678762665188,8.13701,3,3,3,3
"251,501,751",0.7,3,9.41438126945838,NA,0.657660219551387,0.657555582360356,0,-0.403929132583797,NA,0,-0.281340176408801,0.657555582360356,NA,0,7.91574165123859,0.747052990252291,1,NA,0,0.657660219551387,0.657555582360356,-0.40393,3,3,3,3
"251,501,751",0.7,3,15.1206510598843,NA,0.685949766395155,0.686228208377262,0,12.7062246643764,NA,0,12.3835043767068,0.686228208377262,NA,0,28.899382692881,0.798523432871527,1,NA,0,0.685949766395155,0.686228208377262,12.70622,3,3,3,3
"251,501,751",0.7,3,-18.5346472100005,NA,0.69961198012083,0.699587626871034,0,-16.0434231784226,NA,0,-16.0102025945992,0.699587626871034,NA,0,-11.6165859016099,0.766441476297601,1,NA,0,0.69961198012083,0.699587626871034,-16.04342,3,3,3,3
"251,501,751",0.7,3,64.4060775018609,NA,0.720407423304261,0.720278110579596,0,32.6548386740827,NA,0,32.8465536077259,0.720278110579596,NA,0,63.2434136542206,0.881881950413527,1,NA,0,0.720407423304261,0.720278110579596,32.65484,3,3,3,3
"251,501,751",0.7,3,63.9309696668136,NA,0.695090151976976,0.695230523748639,0,31.7847567355393,NA,0,31.6108512325511,0.695230523748639,NA,0,33.0169604915563,0.643105402549616,1,NA,0,0.695090151976976,0.695230523748639,31.78476,3,3,3,3
"251,501,751",0.7,3,74.2889234886504,NA,0.696546993844007,0.696511303679504,0,31.8270589263139,NA,0,31.8763777095479,0.696511303679504,NA,0,120.281669138435,1.00909974380258,1,NA,0,0.696546993844007,0.696511303679504,31.82706,3,3,3,3
"251,501,751",0.7,3,34.0764647121141,NA,0.696997862290509,0.696990570314809,0,10.2763057234222,NA,0,10.2863781421851,0.696990570314809,NA,0,20.1508726623211,0.595481371272891,1,NA,0,0.696997862290509,0.696990570314809,10.27631,3,3,3,3
"251,501,751",0.7,3,30.9147414734438,NA,0.725505334225911,0.725521073779088,0,9.77799657918153,NA,0,9.7562743697946,0.725521073779088,NA,0,10.2595584906397,0.700490105265032,1,NA,0,0.725505334225911,0.725521073779088,9.778,3,3,3,3
"251,501,751",0.7,3,76.9075339889755,NA,0.727768846544872,0.727769992146359,0,32.7902871178471,NA,0,32.7907354911212,0.727769992146359,NA,0,73.6404984004647,0.924759800608518,1,NA,0,0.727768846544872,0.727769992146359,32.79029,3,3,3,3
"251,501,751",0.7,3,6.45201601108676,NA,0.686102748380625,0.686136712752367,0,-2.18347566742479,NA,0,-2.22615198857062,0.686136712752367,NA,0,-0.718095370831609,0.642915984078701,1,NA,0,0.686102748380625,0.686136712752367,-2.18348,3,3,3,3
"251,501,751",0.7,3,-8.22216266396907,NA,0.737966571406759,0.737980954204917,0,-11.3218068591083,NA,0,-11.3434324938921,0.737980954204917,NA,0,38.3923063361367,0.517767197245604,1,NA,0,0.737966571406759,0.737980954204917,-11.32181,3,3,3,3
"251,501,751",0.7,3,-28.184615134373,NA,0.707710681625266,0.707607175910228,0,-15.2356830801255,NA,0,-15.087589421861,0.707607175910228,NA,0,-14.768538770018,0.676805403148274,1,NA,0,0.707710681625266,0.707607175910228,-15.23568,3,3,3,3
"251,501,751",0.7,3,10.4853965163043,NA,0.670605750792237,0.670589964750726,0,-2.20722891510735,NA,0,-2.18757175349973,0.670589964750726,NA,0,5.96093730581713,0.57498699818389,1,NA,0,0.670605750792237,0.670589964750726,-2.20723,3,3,3,3
"251,501,751",0.7,3,-27.3644569970784,NA,0.705279701007099,0.705287141442818,0,-18.4533013823832,NA,0,-18.46142258667,0.705287141442818,"",0,-6.37599506240166,0.590460088798206,1,NA,0,0.705279701007099,0.705287141442818,-18.4533,3,3,3,3
"251,501,751",0.7,3,60.5748940519542,NA,0.712663880731946,0.712645882618253,0,27.557330084036,NA,0,27.588143286251,0.712645882618253,"479,490",2,71.0343428253335,0.534812371309766,1,NA,0,0.712663880731946,0.712645882618253,27.55733,3,3,1.033,3
"251,501,751",0.7,3,-17.4078956246144,NA,0.685777022060771,0.68583279036424,0,-14.8971930773541,NA,0,-14.9672846953551,0.68583279036424,"",0,-12.3201460814013,0.630999803588582,1,NA,0,0.685777022060771,0.68583279036424,-14.89719,3,3,3,3
"251,501,751",0.7,3,110.853254279679,NA,0.68375720060131,0.683775050307272,0,49.7017305493342,NA,0,49.6729253909577,0.683775050307272,"",0,51.2798247133667,0.722969320906925,1,NA,0,0.68375720060131,0.683775050307272,49.70173,3,3,3,3
"251,501,751",0.7,3,-6.22419639012656,NA,0.721122321249416,0.721126150429635,0,-10.4517028887173,NA,0,-10.4609163901909,0.721126150429635,"",0,-8.16661205900786,0.674030466942796,1,NA,0,0.721122321249416,0.721126150429635,-10.4517,3,3,3,3
"251,501,751",0.7,3,10.6286609900492,NA,0.734479223521665,0.734477637830548,0,2.74733316990784,NA,0,2.75351139890935,0.734477637830548,"",0,22.3337185189088,0.862212835307552,1,NA,0,0.734479223521665,0.734477637830548,2.74733,3,3,3,3
"251,501,751",0.7,3,53.4627087078413,NA,0.691839363828593,0.691770001175784,0,25.7609974942237,NA,0,25.8567743971438,0.691770001175784,"",0,28.3648763693876,0.732910688940937,1,NA,0,0.691839363828593,0.691770001175784,25.761,3,3,3,3
"251,501,751",0.7,3,55.8148548881192,NA,0.720750563883596,0.720767512808089,0,20.7133788503121,NA,0,20.6885584733733,0.720767512808089,"",0,83.1484561795043,0.973594630614667,1,NA,0,0.720750563883596,0.720767512808089,20.71338,3,3,3,3
"251,501,751",0.7,3,50.5735523980571,NA,0.71665318486966,0.716654083339063,0,18.1088347944049,NA,0,18.1067835934858,0.716654083339063,"",0,32.1624101730601,0.598820480448616,1,NA,0,0.71665318486966,0.716654083339063,18.10883,3,3,3,3
"251,501,751",0.7,3,41.5479243658423,NA,0.692701198461069,0.692705051122307,0,13.8382912825162,NA,0,13.8331941022741,0.692705051122307,"",0,14.2254000847687,0.672446876644361,1,NA,0,0.692701198461069,0.692705051122307,13.83829,3,3,3,3
"251,501,751",0.7,3,-1.50722792092134,NA,0.694845803965556,0.69484118571092,0,-7.04416166449684,NA,0,-7.03772234095885,0.69484118571092,"",0,-0.154593242881838,0.60896006108508,1,NA,0,0.694845803965556,0.69484118571092,-7.04416,3,3,3,3
"251,501,751",0.7,3,29.3170378840397,NA,0.725651589591005,0.725661720891513,0,7.45333550019536,NA,0,7.43710041130442,0.725661720891513,"",0,21.8672877757173,0.607038052034822,1,NA,0,0.725651589591005,0.725661720891513,7.45334,3,3,3,3
"251,501,751",0.7,3,128.372144250071,NA,0.695257099320316,0.695240687271095,0,57.6326282767865,NA,0,57.6544469900925,0.695240687271095,"",0,62.2425261274253,0.763541834196574,1,NA,0,0.695257099320316,0.695240687271095,57.63263,3,3,3,3
"251,501,751",0.7,3,129.349493351306,NA,0.694046358721805,0.693954908761367,0,59.8134291838982,NA,0,59.9367256819673,0.693954908761367,"",0,61.1172234428786,0.654763021857098,1,NA,0,0.694046358721805,0.693954908761367,59.81343,3,3,3,3
"251,501,751",0.7,3,-59.7362118693231,NA,0.714884745234541,0.714811101433736,0,-35.5843051910683,NA,0,-35.4777469977019,0.714811101433736,"",0,-16.7743580578819,0.848931298123489,1,NA,0,0.714884745234541,0.714811101433736,-35.58431,3,3,3,3
"251,501,751",0.7,3,-4.2242360458068,NA,0.683956082608115,0.68393420910715,0,-8.08462764413426,NA,0,-8.05672136903214,0.68393420910715,"",0,20.5393355213906,0.504413990969293,1,NA,0,0.683956082608115,0.68393420910715,-8.08463,3,3,3,3
"251,501,751",0.7,3,63.3744549646491,NA,0.685097246678344,0.68530456158159,0,31.7187251625885,NA,0,31.4689995754895,0.68530456158159,"",0,31.351793501304,0.664799788499115,1,NA,0,0.685097246678344,0.68530456158159,31.71873,3,3,3,3
"251,501,751",0.7,3,-3.79186082568292,NA,0.667085871927125,0.667081901086285,0,-9.43257150375379,NA,0,-9.42740260387569,0.667081901086285,"",0,-3.09637118886486,0.582257272415565,1,NA,0,0.667085871927125,0.667081901086285,-9.43257,3,3,3,3
"251,501,751",0.7,3,58.5834010634807,NA,0.685798547314059,0.685868605125854,0,24.0460721991207,NA,0,23.9566392814903,0.685868605125854,"",0,67.8380248201344,0.904122626387452,1,NA,0,0.685798547314059,0.685868605125854,24.04607,3,3,3,3
"251,501,751",0.7,3,84.5665287220579,NA,0.745626666630393,0.745619729371026,0,34.1851134035053,NA,0,34.1971137097986,0.745619729371026,"",0,58.5438994885352,0.893082535627582,1,NA,0,0.745626666630393,0.745619729371026,34.18511,3,3,3,3
"251,501,751",0.7,3,21.2845704968813,NA,0.677776318946564,0.677811147909399,0,4.33053185161239,NA,0,4.28854072887736,0.677811147909399,NA,0,8.20556039965803,0.740984364129341,1,NA,0,0.677776318946564,0.677811147909399,4.33053,3,3,3,3
"251,501,751",0.7,3,22.6018011388351,NA,0.716132510895015,0.716165588337645,0,4.39705900841135,NA,0,4.34966440842764,0.716165588337645,NA,0,69.2658356478103,0.975717737106595,1,NA,0,0.716132510895015,0.716165588337645,4.39706,3,3,3,3
"251,501,751",0.7,3,53.1948924333539,NA,0.703782475889082,0.70377604968384,0,23.0446308349031,NA,0,23.0543783488988,0.70377604968384,NA,0,25.8365452473453,0.644449904448158,1,NA,0,0.703782475889082,0.70377604968384,23.04463,3,3,3,3
"251,501,751",0.7,3,62.5042429778814,NA,0.711300605128981,0.711033945950185,0,41.1728231123988,NA,0,41.545407274935,0.711033945950185,NA,0,58.6961232311015,0.547934336173331,1,NA,0,0.711300605128981,0.711033945950185,41.17282,3,3,3,3
"251,501,751",0.7,3,38.0032066401538,NA,0.701658140299648,0.70166735840595,0,12.3511772116008,NA,0,12.3388299482233,0.70166735840595,NA,0,13.1613045289809,0.672299488863345,1,NA,0,0.701658140299648,0.70166735840595,12.35118,3,3,3,3
"251,501,751",0.7,3,-1.41517859091653,NA,0.729240583782894,0.72924959750599,0,2.51981590994161,NA,0,2.51754348790822,0.72924959750599,NA,0,30.8131459954929,0.87896673571992,1,NA,0,0.729240583782894,0.72924959750599,2.51982,3,3,3,3
"251,501,751",0.7,3,113.381887566913,NA,0.672456702260422,0.672380898043525,0,53.6199740020866,NA,0,53.7152699658706,0.672380898043525,NA,0,53.8565312860787,0.647427797756999,1,NA,0,0.672456702260422,0.672380898043525,53.61997,3,3,3,3
"251,501,751",0.7,3,-8.01919858098115,NA,0.679514529123045,0.679450182216047,0,-10.7186025829629,NA,0,-10.637562938453,0.679450182216047,NA,0,-10.4099565711303,0.693886387123547,1,NA,0,0.679514529123045,0.679450182216047,-10.7186,3,3,3,3
"251,501,751",0.7,3,31.9272724652592,NA,0.687956604486727,0.687996028683174,0,9.75114678072682,NA,0,9.70030903555544,0.687996028683174,NA,0,15.312870393679,0.763623092519794,1,NA,0,0.687956604486727,0.687996028683174,9.75115,3,3,3,3
"251,501,751",0.7,3,-30.8650274356418,NA,0.692505807758193,0.692512039394272,0,-22.2624533252058,NA,0,-22.2705884120451,0.692512039394272,NA,0,4.10588496524603,0.860178578163855,1,NA,0,0.692505807758193,0.692512039394272,-22.26245,3,3,3,3
"251,501,751",0.7,3,-12.0341681145496,NA,0.658179177142677,0.658177290184926,0,-14.2645080149194,NA,0,-14.262065424049,0.658177290184926,NA,0,8.38267966304435,0.819780641841229,1,NA,0,0.658179177142677,0.658177290184926,-14.26451,3,3,3,3
"251,501,751",0.7,3,-2.40429143024014,NA,0.718940079873903,0.718959178576226,0,0.904986910699914,NA,0,0.888559710490262,0.718959178576226,NA,0,10.9551009342369,0.60350076036094,1,NA,0,0.718940079873903,0.718959178576226,0.90499,3,3,3,3
"251,501,751",0.7,3,98.5055664402098,NA,0.685007732367432,0.684958401095191,0,44.1016106806135,NA,0,44.1669868878203,0.684958401095191,NA,0,49.9807166305618,0.602250962855278,1,NA,0,0.685007732367432,0.684958401095191,44.10161,3,3,3,3
"251,501,751",0.7,3,5.55839051856961,NA,0.722614835949273,0.722602612946145,0,-4.5650931380744,NA,0,-4.54625940303433,0.722602612946145,NA,0,-2.14959296923358,0.770389364697861,1,NA,0,0.722614835949273,0.722602612946145,-4.56509,3,3,3,3
"251,501,751",0.7,3,74.1779554979133,NA,0.706766671934329,0.706776712988934,0,31.4002713602463,NA,0,31.3876317235629,0.706776712988934,NA,0,37.5877260428961,0.783670259107689,1,NA,0,0.706766671934329,0.706776712988934,31.40027,3,3,3,3
"251,501,751",0.7,3,51.474541063513,NA,0.71122828374337,0.711168420188414,0,21.4786450611262,NA,0,21.5662572586467,0.711168420188414,NA,0,23.2933677137862,0.664790765501593,1,NA,0,0.71122828374337,0.711168420188414,21.47865,3,3,3,3
"251,501,751",0.7,3,7.60402129196558,NA,0.693756923664409,0.693757971770715,0,-2.4761293238762,NA,0,-2.47711582354945,0.693757971770715,NA,0,-0.737387048818278,0.735109263283389,1,NA,0,0.693756923664409,0.693757971770715,-2.47613,3,3,3,3
"251,501,751",0.7,3,1.8269025528278,NA,0.702774979591881,0.702983408379775,0,6.38982203842353,NA,0,6.13445644558516,0.702983408379775,NA,0,91.5778348358153,0.99013757647864,1,NA,0,0.702774979591881,0.702983408379775,6.38982,3,3,3,3
"251,501,751",0.7,3,45.7177682144807,NA,0.70997885251406,0.710021338693345,0,17.1615771021856,"284",1,49.263484277542,0.688288125939305,NA,0,93.5065459919787,0.994269935081311,1,NA,0,0.70997885251406,0.710021338693345,17.16158,3,2.033,3,3
"251,501,751",0.7,3,-21.8982918133019,NA,0.726250190653201,0.726229087619221,0,-18.5019057858003,NA,0,-18.4719128149184,0.726229087619221,NA,0,-16.354991567659,0.681243220796881,1,NA,0,0.726250190653201,0.726229087619221,-18.50191,3,3,3,3
"251,501,751",0.7,3,-68.6789089555597,NA,0.68492679751394,0.68494339085302,0,-40.9670315693226,NA,0,-40.9896889684136,0.68494339085302,NA,0,-10.2214626056745,0.50027855576419,1,NA,0,0.68492679751394,0.68494339085302,-40.96703,3,3,3,3
"251,501,751",0.7,3,30.9846829461301,NA,0.69654425613998,0.696542736781036,0,8.73441184980497,NA,0,8.73520799856846,0.696542736781036,NA,0,9.591021719756,0.666527962774592,1,NA,0,0.69654425613998,0.696542736781036,8.73441,3,3,3,3
"251,501,751",0.7,3,-3.88217557051042,NA,0.72414159275353,0.724178299743926,0,-9.01964210363531,NA,0,-9.07625768191493,0.724178299743926,NA,0,35.12076704737,0.933276237994295,1,NA,0,0.72414159275353,0.724178299743926,-9.01964,3,3,3,3
"251,501,751",0.7,3,20.1038442329057,NA,0.675154013250928,0.675189387954855,0,3.58157210160516,NA,0,3.53917470235282,0.675189387954855,NA,0,7.24600772414397,0.736870513713743,1,NA,0,0.675154013250928,0.675189387954855,3.58157,3,3,3,3
"251,501,751",0.7,3,29.3846614515524,NA,0.658546619178014,0.658517008570164,0,7.7236602522366,NA,0,7.75970585601699,0.658517008570164,NA,0,24.0731436079868,0.51832457051204,1,NA,0,0.658546619178014,0.658517008570164,7.72366,3,3,3,3
"251,501,751",0.7,3,-43.229570746919,NA,0.694516591534204,0.694374626555847,0,-23.4172086583182,NA,0,-23.2259699905198,0.694374626555847,NA,0,-0.0030208293243712,0.841866849658451,1,NA,0,0.694516591534204,0.694374626555847,-23.41721,3,3,3,3
"251,501,751",0.7,3,34.7883218825988,NA,0.705729025376425,0.705728052954173,0,10.5466744230762,NA,0,10.5462664546182,0.705728052954173,NA,0,37.0378247608157,0.871123724690544,1,NA,0,0.705729025376425,0.705728052954173,10.54667,3,3,3,3
"251,501,751",0.7,3,-36.0126319674065,NA,0.682052461265388,0.681966893074032,0,-22.9729938678452,NA,0,-22.8619962064694,0.681966893074032,NA,0,53.5377216180811,0.97462785888647,1,NA,0,0.682052461265388,0.681966893074032,-22.97299,3,3,3,3
"251,501,751",0.7,3,29.7798775480849,NA,0.68208611356536,0.682332412983504,0,17.8066278603638,NA,0,17.5128359742285,0.682332412983504,NA,0,24.051131689399,0.749962976850332,1,NA,0,0.68208611356536,0.682332412983504,17.80663,3,3,3,3
"251,501,751",0.7,3,108.355690219452,NA,0.681782956087422,0.681813063058316,0,47.2153869562355,NA,0,47.1740404680545,0.681813063058316,NA,0,84.5066961935078,0.477429075319154,1,NA,0,0.681782956087422,0.681813063058316,47.21539,3,3,3,3
"251,501,751",0.7,3,20.5990038259233,NA,0.684219527173524,0.684218789279193,0,3.16746557878204,NA,0,3.16827702366721,0.684218789279193,NA,0,18.0608754155754,0.557378896146954,1,NA,0,0.684219527173524,0.684218789279193,3.16747,3,3,3,3
"251,501,751",0.7,3,49.4033932345169,NA,0.657575485127148,0.657533927836823,0,16.3167827922856,NA,0,16.3664823086933,0.657533927836823,NA,0,27.6677258984993,0.77127022777181,1,NA,0,0.657575485127148,0.657533927836823,16.31678,3,3,3,3
"251,501,751",0.7,3,26.2124354099023,NA,0.722408164863121,0.722406378167127,0,6.71544012768464,NA,0,6.7164836202986,0.722406378167127,NA,0,11.731471093602,0.790451812745988,1,NA,0,0.722408164863121,0.722406378167127,6.71544,3,3,3,3
"251,501,751",0.7,3,18.7705461508188,NA,0.707770461205538,0.707703201450077,0,3.12142496198364,NA,0,3.21677054725351,0.707703201450078,NA,0,28.3594781830614,0.866825939509909,1,NA,0,0.707770461205538,0.707703201450077,3.12142,3,3,3,3
"251,501,751",0.7,3,59.0348870890103,NA,0.708397928354517,0.70851986686595,0,37.2997506255902,NA,0,37.1543678768223,0.70851986686595,NA,0,42.9406999736915,0.763983747723914,1,NA,0,0.708397928354517,0.70851986686595,37.29975,3,3,3,3
"251,501,751",0.7,3,9.02651783171323,NA,0.686662789531335,0.686665253431717,0,-2.39104404406739,NA,0,-2.39461105166537,0.686665253431717,NA,0,88.3437714494136,1.01079686988905,1,NA,0,0.686662789531335,0.686665253431717,-2.39104,3,3,3,3
"251,501,751",0.7,3,8.70264030501071,NA,0.707323105886418,0.707320965206983,0,-2.60307209021163,NA,0,-2.59993964799822,0.707320965206983,NA,0,41.3922412973924,0.921730028302471,1,NA,0,0.707323105886418,0.707320965206983,-2.60307,3,3,3,3
"251,501,751",0.7,3,15.0513885176555,NA,0.658944037754485,0.658923939891027,0,-0.597914971083916,NA,0,-0.574032998015761,0.658923939891027,NA,0,26.0329791409693,0.834222944444181,1,NA,0,0.658944037754485,0.658923939891027,-0.59791,3,3,3,3
"251,501,751",0.7,3,-7.48171946643059,NA,0.644771680672902,0.644775088436445,0,-12.9586961476409,NA,0,-12.9633768426359,0.644775088436445,NA,0,-12.4822305260423,0.667829565316697,1,NA,0,0.644771680672902,0.644775088436445,-12.9587,3,3,3,3
"251,501,751",0.7,3,52.154868609759,NA,0.70259951384406,0.702608539929034,0,19.2285413182475,NA,0,19.2159107448496,0.702608539929034,NA,0,25.2154895987337,0.780691494713957,1,NA,0,0.70259951384406,0.702608539929034,19.22854,3,3,3,3
"251,501,751",0.7,3,-2.25962335887384,NA,0.728007324537991,0.727934240895056,0,-4.5989486575863,"",0,-4.49142905055626,0.727934240895056,"262",1,45.1385447601774,0.517479462817556,1,NA,0,0.728007324537991,0.727934240895056,-4.59895,3,3,2.011,3
"251,501,751",0.7,3,64.6544988151146,NA,0.661842679188251,0.661838920518646,0,24.2250009488803,"",0,24.2284269455809,0.661838920518646,"",0,35.9571692025448,0.777210416327017,1,NA,0,0.661842679188251,0.661838920518646,24.225,3,3,3,3
"251,501,751",0.7,3,12.4167807971118,NA,0.728166059948311,0.72812482085204,0,-0.778093047113472,"",0,-0.723991317918187,0.72812482085204,"",0,83.1363901723705,1.02156508609319,1,NA,0,0.728166059948311,0.72812482085204,-0.77809,3,3,3,3
"251,501,751",0.7,3,96.4073431725009,NA,0.709559728939258,0.709630555041986,0,44.6917977609893,"",0,44.5967419460126,0.709630555041986,"",0,45.377287843444,0.675292100992585,1,NA,0,0.709559728939258,0.709630555041986,44.6918,3,3,3,3
"251,501,751",0.7,3,-14.6695281286636,NA,0.694648888028475,0.694699266646939,0,-13.2619313280538,"",0,-13.3276403273283,0.694699266646939,"",0,-12.3887912054221,0.724141711351927,1,NA,0,0.694648888028475,0.694699266646939,-13.26193,3,3,3,3
"251,501,751",0.7,3,10.0849002656798,NA,0.728133493961418,0.728089189691796,0,-1.74462270140264,"",0,-1.67467679838751,0.728089189691796,"",0,5.74280182639525,0.810390093082618,1,NA,0,0.728133493961418,0.728089189691796,-1.74462,3,3,3,3
"251,501,751",0.7,3,46.0094502193735,NA,0.681764592580947,0.681752423547689,0,15.7847134905693,"384,463",2,47.441754975896,0.662148359725576,"381,463,476",3,73.8353897901165,0.416310286008616,1,NA,0,0.681764592580947,0.681752423547689,15.78471,3,1.155,0.443,3
"251,501,751",0.7,3,58.0462004208165,NA,0.651527750172472,0.651534876971665,0,20.1253379417107,"",0,20.1162387398167,0.651534876971665,"",0,26.0267699522994,0.568688720421385,1,NA,0,0.651527750172472,0.651534876971665,20.12534,3,3,3,3
"251,501,751",0.7,3,-2.14396724127676,NA,0.724428104592104,0.724418601852829,0,-8.00133879845241,"",0,-7.98612108228381,0.724418601852829,"",0,-5.63487648383293,0.676108305730146,1,NA,0,0.724428104592104,0.724418601852829,-8.00134,3,3,3,3
"251,501,751",0.7,3,32.0696303251148,NA,0.650440199313963,0.650450603895263,0,7.0537536112561,"",0,7.04237649125136,0.650450603895263,"",0,32.7119103330771,0.475981471441204,1,NA,0,0.650440199313963,0.650450603895263,7.05375,3,3,3,3
"251,501,751",0.7,3,-10.9056873122832,NA,0.735814460803872,0.735809953941139,0,-13.242481046076,"",0,-13.2353916385291,0.735809953941139,"",0,-4.26646016302591,0.826256758391391,1,NA,0,0.735814460803872,0.735809953941139,-13.24248,3,3,3,3
"251,501,751",0.7,3,16.068900671766,NA,0.627817745346825,0.627891082393921,0,1.31992848017357,"",0,1.25200386024492,0.627891082393921,"",0,3.41633315102102,0.5645946706267,1,NA,0,0.627817745346825,0.627891082393921,1.31993,3,3,3,3
"251,501,751",0.7,3,49.6815367504609,NA,0.727219435792818,0.727214677062454,0,17.2161463070403,"",0,17.2232968553766,0.727214677062454,"",0,25.1699190492837,0.81405179671173,1,NA,0,0.727219435792818,0.727214677062454,17.21615,3,3,3,3
"251,501,751",0.7,3,87.5986164033246,NA,0.704653711283278,0.704647713300808,0,37.1399950500314,"",0,37.1475804583895,0.704647713300808,"",0,37.5624270241934,0.683673754120464,1,NA,0,0.704653711283278,0.704647713300808,37.14,3,3,3,3
"251,501,751",0.7,3,57.7476655960592,NA,0.616315310419556,0.616403708286106,0,17.9516561084701,"",0,17.8673810549345,0.616403708286106,"",0,24.935082578601,0.518279933934671,1,NA,0,0.616315310419556,0.616403708286106,17.95166,3,3,3,3
"251,501,751",0.7,3,57.6481781521287,NA,0.699064926116331,0.699048930194726,0,24.6046383558041,"",0,24.6282835418992,0.699048930194726,"",0,25.3749185410937,0.722210706401312,1,NA,0,0.699064926116331,0.699048930194726,24.60464,3,3,3,3
"251,501,751",0.7,3,29.566543301393,NA,0.683442165702272,0.683415962858565,0,10.3166276542641,"",0,10.350999060223,0.683415962858565,"",0,65.0913793126129,0.926671010338068,1,NA,0,0.683442165702272,0.683415962858565,10.31663,3,3,3,3
"251,501,751",0.7,3,34.1320859178994,NA,0.676702482334695,0.676724809112483,0,12.8179323467349,"",0,12.7916392944939,0.676724809112483,"27,96,136",3,104.94423109754,0.332436663816771,1,NA,0,0.676702482334695,0.676724809112483,12.81793,3,3,1.244,3
"251,501,751",0.7,3,-15.1489608849093,NA,0.715378001558785,0.715368791764952,0,-14.7105665119409,"",0,-14.6980796304384,0.715368791764952,"234,246,568,591,613,619,657,728,780",9,79.295958658344,0.416750607665278,1,NA,0,0.715378001558785,0.715368791764952,-14.71057,3,3,6.095,3
"251,501,751",0.7,3,-115.284642778557,NA,0.692099530875529,0.6921153154903,0,-64.4932130033086,"",0,-64.5141822904865,0.6921153154903,"",0,-62.1874067726415,0.642626643995568,1,NA,0,0.692099530875529,0.6921153154903,-64.49321,3,3,3,3
"251,501,751",0.7,3,-43.1745161269194,NA,0.710285207800733,0.710285515643368,0,-28.5690797346918,NA,0,-28.5728005357277,0.710285515643368,"",0,-22.755540238599,0.633904282666489,1,NA,0,0.710285207800733,0.710285515643368,-28.56908,3,3,3,3
"251,501,751",0.7,3,53.2744944128318,NA,0.693767598878943,0.693773635844354,0,19.8347260843397,NA,0,19.8267931627497,0.693773635844354,"",0,45.7997597241736,0.859820067239121,1,NA,0,0.693767598878943,0.693773635844354,19.83473,3,3,3,3
"251,501,751",0.7,3,61.9468873789743,NA,0.661117308173561,0.661072374732127,0,28.9203141383804,NA,0,28.9788839212822,0.661072374732127,"",0,38.3005769253892,0.75149455100778,1,NA,0,0.661117308173561,0.661072374732127,28.92031,3,3,3,3
"251,501,751",0.7,3,35.7530790711526,NA,0.706786668493648,0.706798318937042,0,12.0531012397767,NA,0,12.0313892325867,0.706798318937042,"",0,14.9705815985278,0.650298093987685,1,NA,0,0.706786668493648,0.706798318937042,12.0531,3,3,3,3
"251,501,751",0.7,3,31.4088125584364,NA,0.681433231846043,0.681435511067112,0,9.22312401202196,NA,0,9.22022858665058,0.681435511067112,"",0,17.2295565983054,0.586938780922207,1,NA,0,0.681433231846043,0.681435511067112,9.22312,3,3,3,3
"251,501,751",0.7,3,37.4186767493648,NA,0.682393630837911,0.682358049298476,0,12.1543205750088,NA,0,12.1980973463008,0.682358049298476,"",0,13.0760540754603,0.650293085639906,1,NA,0,0.682393630837911,0.682358049298476,12.15432,3,3,3,3
"251,501,751",0.7,3,-11.7310715783415,NA,0.670221868908296,0.670229295632129,0,-13.3251059656667,NA,0,-13.33537525627,0.670229295632129,"37,168,187,678,800,935,954",7,100.834764060121,0.264616356131952,1,NA,0,0.670221868908296,0.670229295632129,-13.32511,3,3,4.29,3
"251,501,751",0.7,3,44.731270818758,NA,0.725634302510899,0.725624147742592,0,14.9361537914908,NA,0,14.9494135244062,0.725624147742592,"",0,16.4828222447799,0.687119832426832,1,NA,0,0.725634302510899,0.725624147742592,14.93615,3,3,3,3
"251,501,751",0.7,3,62.0839216372431,NA,0.655690049222551,0.655687244375071,0,22.5439200268536,NA,0,22.5470867538067,0.655687244375071,"",0,77.6940401488838,0.913322735272567,1,NA,0,0.655690049222551,0.655687244375071,22.54392,3,3,3,3
"251,501,751",0.7,3,25.2890249948194,NA,0.701332126753421,0.701331205004574,0,5.74206836988366,NA,0,5.74295095005615,0.701331205004574,"",0,13.8181786634613,0.792329340519324,1,NA,0,0.701332126753421,0.701331205004574,5.74207,3,3,3,3
"251,501,751",0.7,3,84.7751641439642,NA,0.680301760666585,0.680260308018875,0,36.6459576555238,NA,0,36.6969014809966,0.680260308018875,"",0,38.1928699661748,0.717739991502618,1,NA,0,0.680301760666585,0.680260308018875,36.64596,3,3,3,3
"251,501,751",0.7,3,131.266799517827,NA,0.695848155980739,0.695850411023116,0,58.7232518283246,NA,0,58.7194807858902,0.695850411023116,"",0,63.2363584379448,0.627297897576468,1,NA,0,0.695848155980739,0.695850411023116,58.72325,3,3,3,3
"251,501,751",0.7,3,-15.7471631402818,NA,0.70264187180503,0.702658844517446,0,-14.3765341630861,NA,0,-14.3994742633002,0.702658844517446,"",0,19.058621842242,0.514661441951807,1,NA,0,0.70264187180503,0.702658844517446,-14.37653,3,3,3,3
"251,501,751",0.7,3,83.1796312881212,NA,0.695513163020494,0.695530466584404,0,36.1755090620131,NA,0,36.1526275707899,0.695530466584404,"",0,52.8198254304946,0.560400171179104,1,NA,0,0.695513163020494,0.695530466584404,36.17551,3,3,3,3
"251,501,751",0.7,3,46.1381534740999,NA,0.734055150028219,0.734059666727907,0,14.9835407708234,NA,0,14.9765180784926,0.734059666727907,"",0,41.362748428621,0.575848991880011,1,NA,0,0.734055150028219,0.734059666727907,14.98354,3,3,3,3
"251,501,751",0.7,3,-1.98351407602139,NA,0.687345738904741,0.687420256007824,0,-3.84645216572926,NA,0,-3.93673029092313,0.687420256007824,"",0,-3.43802962568951,0.654966335677964,1,NA,0,0.687345738904741,0.687420256007824,-3.84645,3,3,3,3
"251,501,751",0.7,3,22.3660042162444,NA,0.734687651733438,0.734733369301458,0,8.1237106048301,NA,0,8.05644828273992,0.734733369301458,"",0,20.3085909480221,0.834512492300291,1,NA,0,0.734687651733438,0.734733369301458,8.12371,3,3,3,3
"251,501,751",0.7,3,-5.05514159318194,NA,0.683166326555042,0.683165794840496,0,-9.63346395958471,NA,0,-9.63270027211057,0.683165794840496,"",0,90.4445167371964,1.02679324572683,1,NA,0,0.683166326555042,0.683165794840496,-9.63346,3,3,3,3
"251,501,751",0.7,3,20.6860923897386,NA,0.699645165169068,0.69964529598348,0,3.9749594553754,NA,0,3.97505099600183,0.69964529598348,"801,817,834",3,61.7563796479659,0.474615543446875,1,NA,0,0.699645165169068,0.69964529598348,3.97496,3,3,0.949,3
"251,501,751",0.7,3,5.06874690661087,NA,0.70769862519134,0.707695232417442,0,-4.02319273657399,NA,0,-4.01790578109017,0.707695232417442,"",0,22.3370721211876,0.542612611655424,1,NA,0,0.70769862519134,0.707695232417442,-4.02319,3,3,3,3
"251,501,751",0.7,3,46.6088484901791,NA,0.687056060011829,0.687044732901294,0,16.3821813269098,NA,0,16.3964680587377,0.687044732901294,"",0,27.5341159189197,0.577662366401265,1,NA,0,0.687056060011829,0.687044732901294,16.38218,3,3,3,3
"251,501,751",0.7,3,46.1807690024039,NA,0.664182955018818,0.664196680615901,0,15.1880304816455,NA,0,15.1719543261174,0.664196680615901,"",0,19.9548428251498,0.737183083212878,1,NA,0,0.664182955018818,0.664196680615901,15.18803,3,3,3,3
"251,501,751",0.7,3,-44.6646757449053,NA,0.692874494702258,0.692972555831784,0,-26.9710831561686,NA,0,-27.0971424158748,0.692972555831784,"",0,-27.1137523226558,0.688705090040247,1,NA,0,0.692874494702258,0.692972555831784,-26.97108,3,3,3,3
"251,501,751",0.7,3,91.6124984498276,NA,0.652003598763147,0.65202058276941,0,37.2459121637729,NA,0,37.2272256039647,0.65202058276941,"",0,65.0500483028463,0.832620205066808,1,NA,0,0.652003598763147,0.65202058276941,37.24591,3,3,3,3
"251,501,751",0.7,3,48.7904835910973,NA,0.672840027771735,0.672939424381989,0,19.534941987017,NA,0,19.4163240035892,0.672939424381989,"",0,43.9019745540533,0.833455442215971,1,NA,0,0.672840027771735,0.672939424381989,19.53494,3,3,3,3
"251,501,751",0.7,3,-4.72301687567267,NA,0.694471746654351,0.694476060987712,0,-9.10346557082728,NA,0,-9.10931923759532,0.694476060987712,"",0,-8.47901769333514,0.719674908099773,1,NA,0,0.694471746654351,0.694476060987712,-9.10347,3,3,3,3
"251,501,751",0.7,3,19.2668056078033,NA,0.706021063531885,0.706125887258059,0,13.1936212575047,NA,0,13.0632556779824,0.706125887258059,"",0,40.1445598857273,0.856729589373201,1,NA,0,0.706021063531885,0.706125887258059,13.19362,3,3,3,3
"251,501,751",0.7,3,-61.1578043044495,NA,0.645889217492231,0.645889580429999,0,-39.9907082600642,NA,0,-39.9912191273103,0.645889580429999,"",0,0.565418279273341,0.867809874335976,1,NA,0,0.645889217492231,0.645889580429999,-39.99071,3,3,3,3
"251,501,751",0.7,3,-37.4507411565018,NA,0.692951655499481,0.692893665739232,0,-25.275545904192,NA,0,-25.2000457400756,0.692893665739232,"",0,-10.846656111317,0.815132968303227,1,NA,0,0.692951655499481,0.692893665739232,-25.27555,3,3,3,3
"251,501,751",0.7,3,-22.9330097337648,NA,0.68665673436801,0.686621025191719,0,-16.1353561888323,NA,0,-16.086764652716,0.686621025191719,"",0,18.2048269645361,0.488279355390515,1,NA,0,0.68665673436801,0.686621025191719,-16.13536,3,3,3,3
"251,501,751",0.7,3,23.6561492804484,NA,0.714788932540119,0.714785227454895,0,4.70110833863442,NA,0,4.70449534897799,0.714785227454895,"",0,97.2368082080084,1.03127663358,1,NA,0,0.714788932540119,0.714785227454895,4.70111,3,3,3,3
"251,501,751",0.7,3,-5.82571666721937,NA,0.670547155167923,0.670581919512647,0,-5.23494855132332,NA,0,-5.26981828843596,0.670581919512647,"3",1,73.7610875434919,0.957803351239592,1,NA,0,0.670547155167923,0.670581919512647,-5.23495,3,3,2.248,3
"251,501,751",0.7,3,35.5718534158068,NA,0.701354441607042,0.701313679721965,0,12.1779804600673,NA,0,12.2353683133193,0.701313679721965,"",0,22.8266658489248,0.80342221924035,1,NA,0,0.701354441607042,0.701313679721965,12.17798,3,3,3,3
"251,501,751",0.7,3,92.2426080478121,NA,0.677016917430572,0.677016611326588,0,38.7257407225594,NA,0,38.7263460359586,0.677016611326588,"",0,40.733168117411,0.723691999107205,1,NA,0,0.677016917430572,0.677016611326588,38.72574,3,3,3,3
"251,501,751",0.7,3,-11.489273753944,NA,0.719568792951481,0.719557432236608,0,-12.9818195555789,NA,0,-12.9654029037578,0.719557432236608,"",0,-12.7658251394898,0.733304946671412,1,NA,0,0.719568792951481,0.719557432236608,-12.98182,3,3,3,3
"251,501,751",0.7,3,56.7366730714608,NA,0.705335602693133,0.705322250868042,0,22.4611266046839,NA,0,22.4783795574853,0.705322250868042,"",0,40.7805208427538,0.840599839662033,1,NA,0,0.705335602693133,0.705322250868042,22.46113,3,3,3,3
"251,501,751",0.7,3,92.4846353449496,NA,0.700424240089799,0.70032514597022,0,43.2002124140924,NA,0,43.3382184101255,0.70032514597022,"",0,99.7648875923052,0.940042429302181,1,NA,0,0.700424240089799,0.70032514597022,43.20021,3,3,3,3
"251,501,751",0.7,3,57.0918358487882,NA,0.647891195062628,0.647798976638504,0,29.7381027833796,NA,0,29.8476741747575,0.647798976638504,"",0,38.445340603687,0.521752670796485,1,NA,0,0.647891195062628,0.647798976638504,29.7381,3,3,3,3
"251,501,751",0.7,3,23.4314618042245,NA,0.693726820739187,0.693723509302809,0,4.76764809969299,NA,0,4.7683376807531,0.693723509302809,"28,46,868",3,83.5560721410311,0.398143453346948,1,NA,0,0.693726820739187,0.693723509302809,4.76765,3,3,0.795,3
"251,501,751",0.7,3,114.962511770967,NA,0.69056741287678,0.690589882856321,0,51.811559572683,NA,0,51.7837714110883,0.690589882856321,"",0,51.7868474511016,0.685105039788579,1,NA,0,0.69056741287678,0.690589882856321,51.81156,3,3,3,3
"251,501,751",0.7,3,56.04689483714,NA,0.684973579125784,0.684886768880379,0,24.8868913860589,NA,0,25.0008988615068,0.684886768880379,NA,0,27.2650830628475,0.726997836522354,1,NA,0,0.684973579125784,0.684886768880379,24.88689,3,3,3,3
"251,501,751",0.7,3,86.6900865481976,NA,0.669958729487971,0.669918430222085,0,36.2816253751842,NA,0,36.331039271548,0.669918430222085,NA,0,37.0545929483619,0.696766809473921,1,NA,0,0.669958729487971,0.669918430222085,36.28163,3,3,3,3
"251,501,751",0.7,3,-24.2405366268246,NA,0.680338216979656,0.680368692161125,0,-19.1047585854866,NA,0,-19.143765721575,0.680368692161125,NA,0,13.2386750950332,0.490270852265575,1,NA,0,0.680338216979656,0.680368692161125,-19.10476,3,3,3,3
"251,501,751",0.7,3,-55.0907621408309,NA,0.695737515055449,0.69578807788749,0,-32.8334980468342,NA,0,-32.9007455775736,0.69578807788749,NA,0,-24.7506787541542,0.600748406337265,1,NA,0,0.695737515055449,0.69578807788749,-32.8335,3,3,3,3
"251,501,751",0.7,3,20.6884555559643,NA,0.68402640114815,0.684076320283379,0,4.95374193085101,NA,0,4.89254397956424,0.684076320283379,NA,0,14.3924571905525,0.781800485035141,1,NA,0,0.68402640114815,0.684076320283379,4.95374,3,3,3,3
"251,501,751",0.7,3,21.4061776063124,NA,0.707987505852225,0.708040494244095,0,4.45819015717852,NA,0,4.38223301920887,0.708040494244095,NA,0,17.4212640765374,0.592036909554239,1,NA,0,0.707987505852225,0.708040494244095,4.45819,3,3,3,3
"251,501,751",0.7,3,80.7589702842996,NA,0.711629800383461,0.711633414900826,0,33.6887937854982,NA,0,33.6839666579969,0.711633414900826,NA,0,33.9705046670623,0.727876533580189,1,NA,0,0.711629800383461,0.711633414900826,33.68879,3,3,3,3
"251,501,751",0.7,3,12.2493041774493,NA,0.699085438055695,0.699219744383903,0,4.81183401182964,NA,0,4.63705095522663,0.699219744383903,NA,0,9.83949549521197,0.615682799479391,1,NA,0,0.699085438055695,0.699219744383903,4.81183,3,3,3,3
"251,501,751",0.7,3,44.9312682258872,NA,0.692585522671294,0.692565664137399,0,15.9858556806241,NA,0,16.0125838205655,0.692565664137399,NA,0,18.5724724689218,0.63994706842278,1,NA,0,0.692585522671294,0.692565664137399,15.98586,3,3,3,3
"251,501,751",0.7,3,9.50699436646326,NA,0.661599444543958,0.661493269583246,0,-0.0514511810033893,NA,0,0.0717041642713063,0.661493269583246,NA,0,3.2550747227485,0.593440800483156,1,NA,0,0.661599444543958,0.661493269583246,-0.05145,3,3,3,3
"251,501,751",0.7,3,26.3023648599836,NA,0.658589118178862,0.658723656611428,0,7.29439354248934,NA,0,7.14384208393126,0.658723656611428,NA,0,7.50326955375995,0.632474688556849,1,NA,0,0.658589118178862,0.658723656611428,7.29439,3,3,3,3
"251,501,751",0.7,3,-0.702693529275344,NA,0.701770090677858,0.701807435855958,0,-2.43357929653502,NA,0,-2.47841077438815,0.701807435855958,NA,0,125.778033031799,1.07868796678779,1,NA,0,0.701770090677858,0.701807435855958,-2.43358,3,3,3,3
"251,501,751",0.7,3,39.615561407544,NA,0.663724088474988,0.663702160396728,0,15.1970659303668,NA,0,15.2265436216155,0.663702160396728,NA,0,53.163103505002,0.866207522173101,1,NA,0,0.663724088474988,0.663702160396728,15.19707,3,3,3,3
"251,501,751",0.7,3,-6.31334404098063,NA,0.704869251813932,0.704868839913487,0,-10.0860089714298,NA,0,-10.0854166660343,0.704868839913487,NA,0,-0.441055089812887,0.803858022746505,1,NA,0,0.704869251813932,0.704868839913487,-10.08601,3,3,3,3
"251,501,751",0.7,3,-18.7896201713679,NA,0.659458688430292,0.659452359126794,0,-17.7569221055845,NA,0,-17.7490798556863,0.659452359126794,NA,0,14.3087096013783,0.465995759339539,1,NA,0,0.659458688430292,0.659452359126794,-17.75692,3,3,3,3
"251,501,751",0.7,3,28.5330553154026,NA,0.694882709175353,0.694884216261789,0,7.43282606259877,NA,0,7.42905722651837,0.694884216261789,"754",1,36.5234894706615,0.557474675857105,1,NA,0,0.694882709175353,0.694884216261789,7.43283,3,3,2.003,3
"251,501,751",0.7,3,97.8636328664076,NA,0.660847271919978,0.660796226708879,0,41.4806301321332,NA,0,41.5394157495836,0.660796226708879,NA,0,59.0845478078583,0.800825044455051,1,NA,0,0.660847271919978,0.660796226708879,41.48063,3,3,3,3
"251,501,751",0.7,3,-17.8872450546447,NA,0.709808272619955,0.709733922054041,0,-6.94638075779889,NA,0,-6.83408458295018,0.709733922054041,NA,0,22.0227806708442,0.866776805288969,1,NA,0,0.709808272619955,0.709733922054041,-6.94638,3,3,3,3
"251,501,751",0.7,3,75.4940072473384,NA,0.677835493190672,0.67780836041461,0,37.0442846064276,NA,0,37.0844545167804,0.67780836041461,NA,0,43.0309960522107,0.583061704917979,1,NA,0,0.677835493190672,0.67780836041461,37.04428,3,3,3,3
"251,501,751",0.7,3,4.90664849020391,NA,0.68546749364186,0.6854100560859,0,-3.69639584074141,NA,0,-3.62157691645925,0.6854100560859,NA,0,66.1797504438051,0.401695085306776,1,NA,0,0.68546749364186,0.6854100560859,-3.6964,3,3,3,3
"251,501,751",0.7,3,46.0740747272377,NA,0.705345242917027,0.705417457790896,0,23.5526086899522,NA,0,23.4599495302112,0.705417457790896,NA,0,46.515930563408,0.847780945122605,1,NA,0,0.705345242917027,0.705417457790896,23.55261,3,3,3,3
"251,501,751",0.7,3,-4.93571475512305,NA,0.688299129119381,0.688310319736555,0,-7.93963619873897,NA,0,-7.95225446443032,0.688310319736555,NA,0,-3.0153073794904,0.613026743720901,1,NA,0,0.688299129119381,0.688310319736555,-7.93964,3,3,3,3
"251,501,751",0.7,3,-10.7698759624517,NA,0.688185170102386,0.688168799982774,0,-11.9337219688408,NA,0,-11.9118808923335,0.688168799982774,NA,0,-11.1134614907218,0.658210137122001,1,NA,0,0.688185170102386,0.688168799982774,-11.93372,3,3,3,3
"251,501,751",0.7,3,58.3058151903208,NA,0.735719988756735,0.735719737213089,0,21.067363836362,NA,0,21.0645553743708,0.735719737213089,NA,0,27.4564460682011,0.812500469002131,1,NA,0,0.735719988756735,0.735719737213089,21.06736,3,3,3,3
"251,501,751",0.7,3,-9.16838974169562,NA,0.706941635745326,0.706899119421898,0,-9.8520432486238,NA,0,-9.79040028914664,0.706899119421898,NA,0,83.1766054093231,1.02365049390995,1,NA,0,0.706941635745326,0.706899119421898,-9.85204,3,3,3,3
"251,501,751",0.7,3,48.3686379419539,NA,0.665668329666819,0.665713619575435,0,19.6239653129629,NA,0,19.5751962336163,0.665713619575435,NA,0,28.8356063981456,0.556398743078997,1,NA,0,0.665668329666819,0.665713619575435,19.62397,3,3,3,3
"251,501,751",0.7,3,-18.9470528376408,NA,0.73508946071752,0.735045459190689,0,-16.6016724600806,NA,0,-16.5299840815519,0.735045459190689,NA,0,13.966873103455,0.563234504500129,1,NA,0,0.73508946071752,0.735045459190689,-16.60167,3,3,3,3
"251,501,751",0.7,3,-2.95596219014477,NA,0.71260413882993,0.712528438279996,0,-5.92867072259602,NA,0,-5.81772828267255,0.712528438279996,NA,0,-5.42820131515971,0.72810812720779,1,NA,0,0.71260413882993,0.712528438279996,-5.92867,3,3,3,3
"251,501,751",0.7,3,43.4824916980584,NA,0.69088545279622,0.691023391698641,0,30.6927487091654,NA,0,30.5445695520089,0.691023391698641,NA,0,102.080306669495,0.946456706497004,1,NA,0,0.69088545279622,0.691023391698641,30.69275,3,3,3,3
"251,501,751",0.7,3,50.0531276548482,NA,0.695602370518813,0.695604234004202,0,22.6296684626228,NA,0,22.6303025830657,0.695604234004202,NA,0,29.1047788112062,0.604921889579604,1,NA,0,0.695602370518813,0.695604234004202,22.62967,3,3,3,3
"251,501,751",0.7,3,20.0966243873318,NA,0.718613601710022,0.718687359646772,0,6.31484043353386,NA,0,6.20955944213559,0.718687359646772,NA,0,13.6024922189879,0.627962932809606,1,NA,0,0.718613601710022,0.718687359646772,6.31484,3,3,3,3
"251,501,751",0.7,3,-2.47283427100424,NA,0.675250930890172,0.675257055436474,0,-5.91221976278981,NA,0,-5.9164815953634,0.675257055436474,NA,0,-3.80811111397184,0.717959384137547,1,NA,0,0.675250930890172,0.675257055436474,-5.91222,3,3,3,3
"251,501,751",0.7,3,6.86725810919301,NA,0.685845967338705,0.685824440197864,0,-2.76083107006554,NA,0,-2.73512699013718,0.685824440197864,NA,0,0.559951211036895,0.743308615657929,1,NA,0,0.685845967338705,0.685824440197864,-2.76083,3,3,3,3
"251,501,751",0.7,3,7.1877963640725,NA,0.704344767320682,0.704347876902786,0,-3.29027211859879,NA,0,-3.29455966511803,0.704347876902786,NA,0,2.1521985873947,0.629986491229081,1,NA,0,0.704344767320682,0.704347876902786,-3.29027,3,3,3,3
"251,501,751",0.7,3,51.8915645302803,NA,0.694879551790229,0.69484047191921,0,19.4422392495028,NA,0,19.495718362049,0.69484047191921,NA,0,51.8684802725856,0.507961643244432,1,NA,0,0.694879551790229,0.69484047191921,19.44224,3,3,3,3
"251,501,751",0.7,3,61.3841588453709,NA,0.68606492311892,0.686071166937171,0,23.8264178656772,NA,0,23.8178481827703,0.686071166937171,NA,0,24.2859184431533,0.707913078007902,1,NA,0,0.68606492311892,0.686071166937171,23.82642,3,3,3,3
"251,501,751",0.7,3,-14.8231325329779,NA,0.696795773126453,0.696787876898716,0,-14.1624983847283,NA,0,-14.1516946387685,0.696787876898716,NA,0,-11.52779680173,0.748499827614338,1,NA,0,0.696795773126453,0.696787876898716,-14.1625,3,3,3,3
"251,501,751",0.7,3,-31.429631951672,NA,0.653135961970577,0.653237144610738,0,-22.7800766460541,NA,0,-22.8910310030846,0.653237144610738,NA,0,-16.69854045634,0.56453120733247,1,NA,0,0.653135961970577,0.653237144610738,-22.78008,3,3,3,3
"251,501,751",0.7,3,-38.9534677545497,NA,0.683585364578608,0.683551563721363,0,-25.7985010492342,NA,0,-25.7579742364078,0.683551563721363,NA,0,18.6001796535055,0.458977367086492,1,NA,0,0.683585364578608,0.683551563721363,-25.7985,3,3,3,3
"251,501,751",0.7,3,-71.9186330942168,NA,0.710551451433414,0.710506071678024,0,-41.8348017900946,NA,0,-41.7736705381857,0.710506071678024,NA,0,-39.707253550543,0.662936524586673,1,NA,0,0.710551451433414,0.710506071678024,-41.8348,3,3,3,3
"251,501,751",0.7,3,-13.1062516516873,NA,0.692344273721177,0.692308347980084,0,-13.0777241430275,NA,0,-13.0290681535976,0.692308347980084,NA,0,-12.6147827361446,0.670663021572864,1,NA,0,0.692344273721177,0.692308347980084,-13.07772,3,3,3,3
"251,501,751",0.7,3,-35.0634702648063,NA,0.711281077351802,0.711262048167941,0,-23.4157897064369,NA,0,-23.3875375993543,0.711262048167941,NA,0,-21.4527959105914,0.665440254924972,1,NA,0,0.711281077351802,0.711262048167941,-23.41579,3,3,3,3
"251,501,751",0.7,3,30.0297610527475,NA,0.708049068767124,0.708046067719844,0,13.1146881516654,NA,0,13.1247790828263,0.708046067719844,NA,0,13.7510601728167,0.725790257941638,1,NA,0,0.708049068767124,0.708046067719844,13.11469,3,3,3,3
"251,501,751",0.7,3,16.2782439240716,NA,0.699108854746536,0.699110750687934,0,1.23745846898544,NA,0,1.2348074906984,0.699110750687934,NA,0,32.9429648565164,0.882154377447745,1,NA,0,0.699108854746536,0.699110750687934,1.23746,3,3,3,3
"251,501,751",0.7,3,-9.67758691972288,NA,0.736254039462369,0.73624437875697,0,-10.8875435827712,NA,0,-10.8695401861737,0.73624437875697,NA,0,20.5701035340346,0.905304500800566,1,NA,0,0.736254039462369,0.73624437875697,-10.88754,3,3,3,3
"251,501,751",0.7,3,69.6471258011393,NA,0.686596857675368,0.686596549386849,0,27.7493886966973,NA,0,27.7497855866773,0.686596549386849,NA,0,28.9727707354019,0.722570204234036,1,NA,0,0.686596857675368,0.686596549386849,27.74939,3,3,3,3
"251,501,751",0.7,3,41.3078979132404,NA,0.681792143752927,0.681714486606401,0,17.9703582022977,NA,0,18.0717302270719,0.681714486606401,NA,0,69.1070520649828,0.913146616339713,1,NA,0,0.681792143752927,0.681714486606401,17.97036,3,3,3,3
"251,501,751",0.7,3,-19.3150505547247,NA,0.664215968271267,0.664046259673907,0,-14.9692073101211,NA,0,-14.7662863589855,0.664046259673907,NA,0,-14.7977759943523,0.65824851058462,2,NA,0,0.664211068881926,0.664046259673907,-14.9694,3,3,3,3
"251,501,751",0.7,3,32.247732602799,NA,0.673756526416532,0.673750208736844,0,8.71804282180748,NA,0,8.72597433301504,0.673750208736844,NA,0,27.2729538289927,0.529825125208655,1,NA,0,0.673756526416532,0.673750208736844,8.71804,3,3,3,3
"251,501,751",0.7,3,20.8133468093303,NA,0.719884782016384,0.719911296467734,0,4.24511750765667,NA,0,4.20512198177559,0.719911296467734,NA,0,4.23656570865174,0.723918095880575,1,NA,0,0.719884782016384,0.719911296467734,4.24512,3,3,3,3
"251,501,751",0.7,3,5.54403785006166,NA,0.688352578663424,0.688418705441083,0,2.70520185580531,NA,0,2.63046746893952,0.688418705441083,NA,0,8.87779383094003,0.757675500593435,1,NA,0,0.688352578663424,0.688418705441083,2.7052,3,3,3,3
"251,501,751",0.7,3,22.8314290857032,NA,0.696598827755232,0.696597114371178,0,4.76144932693417,NA,0,4.76245533429205,0.696597114371178,NA,0,16.300850894646,0.586337402559783,1,NA,0,0.696598827755232,0.696597114371178,4.76145,3,3,3,3
"251,501,751",0.7,3,48.0281663895184,NA,0.708509669424135,0.708533995532198,0,19.9247347985073,NA,0,19.8937400495005,0.708533995532198,NA,0,21.539049453096,0.66283755179841,1,NA,0,0.708509669424135,0.708533995532198,19.92473,3,3,3,3
"251,501,751",0.7,3,-56.4925395478949,NA,0.69464511416442,0.694710747078789,0,-32.2857995598829,NA,0,-32.3691197643519,0.694710747078789,NA,0,-28.5852563106298,0.752376346275347,1,NA,0,0.69464511416442,0.694710747078789,-32.2858,3,3,3,3
"251,501,751",0.7,3,24.2500842955766,NA,0.714542814806909,0.71454490458755,0,8.94162912830081,NA,0,8.94333351872584,0.71454490458755,NA,0,17.3680886546799,0.799428892508981,1,NA,0,0.714542814806909,0.71454490458755,8.94163,3,3,3,3
"251,501,751",0.7,3,19.0990297156626,NA,0.680460594239382,0.680437299080559,0,2.90551515524265,NA,0,2.93476996441724,0.680437299080559,NA,0,75.8861870513061,0.969686069536494,1,NA,0,0.680460594239382,0.680437299080559,2.90552,3,3,3,3
"251,501,751",0.7,3,138.231986371372,NA,0.728050220606093,0.728053298563951,0,61.4395773662272,NA,0,61.4346002048532,0.728053298563951,NA,0,81.2194740040938,0.865748891094948,1,NA,0,0.728050220606093,0.728053298563951,61.43958,3,3,3,3
"251,501,751",0.7,3,-4.53187890692612,NA,0.695793877546365,0.695775320368108,0,-9.02684585323844,NA,0,-9.00860662708699,0.695775320368108,NA,0,8.25685779791588,0.830712796399631,1,NA,0,0.695793877546365,0.695775320368108,-9.02685,3,3,3,3
"251,501,751",0.7,3,-15.4720494108056,NA,0.704236231382337,0.704216212698341,0,-13.9228213128595,NA,0,-13.8943891391487,0.704216212698341,NA,0,7.86500770988734,0.553056600395978,1,NA,0,0.704236231382337,0.704216212698341,-13.92282,3,3,3,3
"251,501,751",0.7,3,34.2494898683709,NA,0.680817960498141,0.680838797753375,0,10.3878646773112,NA,0,10.3622685175465,0.680838797753375,NA,0,11.1442356771885,0.70884231758585,1,NA,0,0.680817960498141,0.680838797753375,10.38786,3,3,3,3
"251,501,751",0.7,3,-0.863729539921767,NA,0.7010387064962,0.701044896903118,0,-7.24175671667382,NA,0,-7.25009240198128,0.701044896903118,NA,0,-5.37348846480449,0.744605567798252,1,NA,0,0.7010387064962,0.701044896903118,-7.24176,3,3,3,3
"251,501,751",0.7,3,-34.4392945017172,NA,0.720713828604844,0.720714278161921,0,-24.5612442556275,NA,0,-24.5619020762128,0.720714278161921,NA,0,-19.8593762197729,0.788082780588958,1,NA,0,0.720713828604844,0.720714278161921,-24.56124,3,3,3,3
"251,501,751",0.7,3,49.9066229225201,NA,0.684485696636576,0.684449966761377,0,18.2879947432822,NA,0,18.3346774857871,0.684449966761377,NA,0,40.6074006560308,0.839302720984515,7,NA,0,0.684481661666171,0.684449966761377,18.28795,3,3,3,3
"251,501,751",0.7,3,70.3007457154634,NA,0.719489321604291,0.719439259556689,0,32.9968622591892,NA,0,33.07584209904,0.719439259556689,NA,0,45.2301028722372,0.601701924919691,1,NA,0,0.719489321604291,0.719439259556689,32.99686,3,3,3,3
"251,501,751",0.7,3,-4.91615137119268,NA,0.697125982423348,0.697008184399854,0,-2.55567103452497,NA,0,-2.39427881400433,0.697008184399854,NA,0,3.01213206131008,0.760630841963457,1,NA,0,0.697125982423348,0.697008184399854,-2.55567,3,3,3,3
"251,501,751",0.7,3,26.2210810703795,NA,0.667878754740365,0.667881374765708,0,5.5319196745487,NA,0,5.52885308891254,0.667881374765708,NA,0,6.39951945256832,0.636240706582406,1,NA,0,0.667878754740365,0.667881374765708,5.53192,3,3,3,3
"251,501,751",0.7,3,25.8763523803345,NA,0.686568557352485,0.686605263224644,0,20.7648726317039,NA,0,20.7352701312248,0.686605263224644,NA,0,21.7326915863925,0.616287360541432,1,NA,0,0.686568557352485,0.686605263224644,20.76487,3,3,3,3
"251,501,751",0.7,3,19.6769769554711,NA,0.680764100528337,0.680749315978216,0,3.06626128687586,NA,0,3.08298865837446,0.680749315978216,NA,0,7.37160406181438,0.611597896547282,1,NA,0,0.680764100528337,0.680749315978216,3.06626,3,3,3,3
"251,501,751",0.7,3,80.6048963820809,NA,0.692624315416672,0.692678353093541,0,33.7961025261703,NA,0,33.7241094690042,0.692678353093541,NA,0,33.8309828109917,0.70250081397836,1,NA,0,0.692624315416672,0.692678353093541,33.7961,3,3,3,3
"251,501,751",0.7,3,36.4433852769232,NA,0.721017396164034,0.721009038287848,0,10.9182557170633,NA,0,10.929893288568,0.721009038287848,NA,0,79.6264782318428,0.986919869279104,1,NA,0,0.721017396164034,0.721009038287848,10.91826,3,3,3,3
"251,501,751",0.7,3,-9.25717679480943,NA,0.71304961720559,0.713028591803086,0,-8.93356589356609,NA,0,-8.90313299521703,0.713028591803086,NA,0,32.4352049036483,0.91459254135424,1,NA,0,0.71304961720559,0.713028591803086,-8.93357,3,3,3,3
"251,501,751",0.7,3,22.6546049066111,NA,0.680021304571903,0.68002127831444,0,4.04843187015488,NA,0,4.0484308746761,0.68002127831444,NA,0,6.2762768127922,0.729018763496607,1,NA,0,0.680021304571903,0.68002127831444,4.04843,3,3,3,3
"251,501,751",0.7,3,-27.1240044323927,NA,0.659037862911931,0.658999237133346,0,-21.6765243143817,NA,0,-21.631500288234,0.658999237133346,NA,0,-2.62801926055438,0.806357883032814,1,NA,0,0.659037862911931,0.658999237133346,-21.67652,3,3,3,3
"251,501,751",0.7,3,28.4119446123171,NA,0.743909417146248,0.743903277139168,0,6.1024855251703,NA,0,6.11357133094189,0.743903277139168,NA,0,15.8761805012306,0.648622304940795,1,NA,0,0.743909417146248,0.743903277139168,6.10249,3,3,3,3
"251,501,751",0.7,3,-6.92473471432068,NA,0.730531106986923,0.730541067269379,0,-7.36707245462396,NA,0,-7.37819143874409,0.730541067269379,NA,0,43.757701965606,0.499869823668097,1,NA,0,0.730531106986923,0.730541067269379,-7.36707,3,3,3,3
"251,501,751",0.7,3,-14.5419090930954,NA,0.65355431796605,0.653676453932216,0,-7.73742116907754,NA,0,-7.86055752998312,0.653676453932216,NA,0,-3.67628142497709,0.707211822032028,1,NA,0,0.65355431796605,0.653676453932216,-7.73742,3,3,3,3
"251,501,751",0.7,3,14.6922485879444,NA,0.680703181548172,0.68084029399809,0,8.51433256058463,NA,0,8.35823690402256,0.68084029399809,NA,0,24.0408746840142,0.533180275806191,1,NA,0,0.680703181548172,0.68084029399809,8.51433,3,3,3,3
"251,501,751",0.7,3,66.9942756381146,NA,0.665031362586221,0.665010102066583,0,25.7826015186593,NA,0,25.8080092163407,0.665010102066583,NA,0,26.4243050782563,0.638126554431864,1,NA,0,0.665031362586221,0.665010102066583,25.7826,3,3,3,3
"251,501,751",0.7,3,75.7071080299616,NA,0.674034825612869,0.674035697531137,0,30.3657134925906,NA,0,30.3640305837098,0.674035697531137,NA,0,49.757597560118,0.526984416167503,1,NA,0,0.674034825612869,0.674035697531137,30.36571,3,3,3,3
"251,501,751",0.7,3,91.4491669889962,NA,0.693840966377469,0.693842728676887,0,38.8300911487899,NA,0,38.8271503258603,0.693842728676887,NA,0,46.3454638989661,0.605082398003469,1,NA,0,0.693840966377469,0.693842728676887,38.83009,3,3,3,3
"251,501,751",0.7,3,66.0675293281483,NA,0.712549226951651,0.712557651377994,0,29.4421108488848,"",0,29.4328709148569,0.712557651377994,"",0,38.8307475738406,0.609872185404646,1,NA,0,0.712549226951651,0.712557651377994,29.44211,3,3,3,3
"251,501,751",0.7,3,-20.323932902719,NA,0.715700498616857,0.715704733907679,0,-17.27801402006,"",0,-17.2869702333751,0.715704733907679,"",0,36.2481610636661,0.951454865294904,1,NA,0,0.715700498616857,0.715704733907679,-17.27801,3,3,3,3
"251,501,751",0.7,3,15.3436423491075,NA,0.668425416976212,0.668395900510073,0,3.47673463099447,"",0,3.51622894517909,0.668395900510073,"",0,11.9579916685392,0.563663720640292,1,NA,0,0.668425416976212,0.668395900510073,3.47673,3,3,3,3
"251,501,751",0.7,3,-9.62715144599095,NA,0.698864588864053,0.698894183333659,0,-11.2676117563582,"",0,-11.3099252285539,0.698894183333659,"",0,-9.58637897159177,0.740241317809686,1,NA,0,0.698864588864053,0.698894183333659,-11.26761,3,3,3,3
"251,501,751",0.7,3,-28.8397072807284,NA,0.67026022771148,0.670291714117007,0,-14.1949281521264,"",0,-14.222077323892,0.670291714117007,"",0,-13.9854752236521,0.631106509548092,1,NA,0,0.67026022771148,0.670291714117007,-14.19493,3,3,3,3
"251,501,751",0.7,3,72.1148667705486,NA,0.706610938719296,0.706609946281177,0,29.114492887791,"38,289,369",3,86.7648963637561,0.666400198930849,"",0,37.562949133577,0.614199113755443,1,NA,0,0.706610938719296,0.706609946281177,29.11449,3,0.807,3,3
"251,501,751",0.7,3,-8.36868145943011,NA,0.659701639425405,0.659723156055107,0,-12.3058567447884,"",0,-12.3304391519288,0.659723156055107,"",0,-6.6697199007938,0.578999604769815,1,NA,0,0.659701639425405,0.659723156055107,-12.30586,3,3,3,3
"251,501,751",0.7,3,12.2850823758653,NA,0.696282732557617,0.696295126325814,0,-0.205452173489577,"",0,-0.221408952183363,0.696295126325814,"",0,28.8275185379705,0.870819054036457,1,NA,0,0.696282732557617,0.696295126325814,-0.20545,3,3,3,3
"251,501,751",0.7,3,-8.79524708516035,NA,0.721849864867542,0.721855043104236,0,-11.4806696283105,"109",1,23.1319536379847,0.701728607918275,"",0,52.4408935733853,0.977340126225604,1,NA,0,0.721849864867542,0.721855043104236,-11.48067,3,2.142,3,3
"251,501,751",0.7,3,100.109180400079,NA,0.714462134869157,0.714490299209282,0,44.1206545433806,"",0,44.0805984924243,0.714490299209282,"",0,46.2303802003832,0.66641913691944,1,NA,0,0.714462134869157,0.714490299209282,44.12065,3,3,3,3
"251,501,751",0.7,3,-45.1300244524926,NA,0.70953339139829,0.709613871213901,0,-20.9458651115598,"",0,-21.0477988637833,0.709613871213901,"",0,-20.7130768298462,0.672018683587152,1,NA,0,0.70953339139829,0.709613871213901,-20.94587,3,3,3,3
"251,501,751",0.7,3,5.01141938789758,NA,0.716444522404601,0.716519991004579,0,2.52570805292363,"",0,2.42721576428023,0.716519991004579,"263,801,899,954",4,65.3461946178471,0.48753916586876,1,NA,0,0.716444522404601,0.716519991004579,2.52571,3,3,1.46,3
"251,501,751",0.7,3,77.0792120525002,NA,0.694752182151924,0.694792415773692,0,32.9774834118694,"",0,32.9257082228891,0.694792415773692,"",0,53.706248323576,0.840499655248424,1,NA,0,0.694752182151924,0.694792415773692,32.97748,3,3,3,3
"251,501,751",0.7,3,42.6911519819511,NA,0.701263000892904,0.701283856624927,0,15.9694948591763,"",0,15.942811504149,0.701283856624927,"",0,24.1263395132636,0.790191872169725,1,NA,0,0.701263000892904,0.701283856624927,15.96949,3,3,3,3
"251,501,751",0.7,3,59.3908175712165,NA,0.745742405611504,0.745778698286373,0,23.3939608239468,"",0,23.3295155633877,0.745778698286373,"",0,24.8926932729205,0.704047258998343,1,NA,0,0.745742405611504,0.745778698286373,23.39396,3,3,3,3
"251,501,751",0.7,3,95.4023198975326,NA,0.683507212382306,0.68358895534497,0,42.9184994767206,"",0,42.8173826883754,0.68358895534497,"",0,84.3206512672357,0.893862401269132,1,NA,0,0.683507212382306,0.68358895534497,42.9185,3,3,3,3
"251,501,751",0.7,3,31.0366380230055,NA,0.730076658168365,0.730055814529992,0,18.0562929611137,"",0,18.0980374779683,0.730055814529992,"965",1,69.0412917297609,0.501895433605708,1,NA,0,0.730076658168365,0.730055814529992,18.05629,3,3,2.214,3
"251,501,751",0.7,3,46.3896606937621,NA,0.696492957783454,0.696479264413503,0,17.2204978538274,"",0,17.2396339415463,0.696479264413503,"",0,37.5884054300463,0.548428894198526,1,NA,0,0.696492957783454,0.696479264413503,17.2205,3,3,3,3
"251,501,751",0.7,3,128.490320241192,NA,0.710418589982353,0.710414206173831,0,57.2239267329146,"112,176",2,101.881839235086,0.68163890530885,"",0,65.7532677820734,0.802825545064998,1,NA,0,0.710418589982353,0.710414206173831,57.22393,3,1.214,3,3
"251,501,751",0.7,3,-15.1462982105099,NA,0.681297376068045,0.681273745407443,0,-14.4649730733201,"",0,-14.4355511138228,0.681273745407443,"",0,-12.5371735430764,0.725714968211231,1,NA,0,0.681297376068045,0.681273745407443,-14.46497,3,3,3,3
"251,501,751",0.7,3,64.6478866383221,NA,0.679302900389793,0.679381433894014,0,30.8459299653376,NA,0,30.7570177075563,0.679381433894014,"",0,52.9818566797754,0.824772947845491,1,NA,0,0.679302900389793,0.679381433894014,30.84593,3,3,3,3
"251,501,751",0.7,3,10.372569279621,NA,0.678068437229504,0.678078717921607,0,-1.78079117648463,"728",1,28.6448406654759,0.648742681266324,"",0,-1.69474325986777,0.687658462431112,1,NA,0,0.678068437229504,0.678078717921607,-1.78079,3,2.023,3,3
"251,501,751",0.7,3,-37.7566681364014,NA,0.674078262579574,0.674060438531283,0,-22.137895479307,NA,0,-22.1112126228637,0.674060438531283,"",0,-21.8507310787696,0.684411127729186,1,NA,0,0.674078262579574,0.674060438531283,-22.1379,3,3,3,3
"251,501,751",0.7,3,90.7949273450511,NA,0.66413396507815,0.664117798100447,0,38.4974300279635,NA,0,38.5179612377472,0.664117798100447,"",0,45.2238504106579,0.748560534269085,1,NA,0,0.66413396507815,0.664117798100447,38.49743,3,3,3,3
"251,501,751",0.7,3,-22.6465595487261,NA,0.685876336487499,0.6858793877704,0,-18.375956616254,NA,0,-18.380705987489,0.6858793877704,"",0,-17.80433117217,0.661082075255853,1,NA,0,0.685876336487499,0.6858793877704,-18.37596,3,3,3,3
"251,501,751",0.7,3,83.235321974737,NA,0.679913797947278,0.679909243554729,0,34.7105652137193,NA,0,34.7150065267376,0.679909243554729,"",0,42.8247967798783,0.773178621320128,1,NA,0,0.679913797947278,0.679909243554729,34.71057,3,3,3,3
"251,501,751",0.7,3,12.0908075242631,NA,0.683504298268143,0.683431179289615,0,-0.429630706163703,NA,0,-0.334587673356485,0.683431179289615,"307,565,726,739",4,60.6518830022784,0.445478018750017,1,NA,0,0.683504298268143,0.683431179289615,-0.42963,3,3,1.132,3
"251,501,751",0.7,3,53.6597029335219,NA,0.697267466371316,0.697315349986349,0,20.8572286147342,NA,0,20.7935334471224,0.697315349986349,"831,837",2,73.8822412576294,0.458297300975508,1,NA,0,0.697267466371316,0.697315349986349,20.85723,3,3,1.166,3
"251,501,751",0.7,3,-39.8467822366077,NA,0.707877281671818,0.707849836565226,0,-26.5719276906487,NA,0,-26.5328125650479,0.707849836565226,"",0,-26.5078666007306,0.702228868736101,1,NA,0,0.707877281671818,0.707849836565226,-26.57193,3,3,3,3
"251,501,751",0.7,3,70.4556589707322,NA,0.639846511013696,0.639766840914022,0,27.2007741472269,NA,0,27.2887748407122,0.639766840914022,"",0,31.1014978621443,0.567787923760299,1,NA,0,0.639846511013696,0.639766840914022,27.20077,3,3,3,3
"251,501,751",0.7,3,68.5187734974342,NA,0.687763495687016,0.687776612957876,0,31.4370685881638,NA,0,31.4237125081051,0.687776612957876,"869,888",2,92.5836553256132,0.426266081575136,1,NA,0,0.687763495687016,0.687776612957876,31.43707,3,3,1.255,3
"251,501,751",0.7,3,25.3857856184861,NA,0.658558258052437,0.658563960583447,0,4.29979008419047,NA,0,4.28956531227855,0.658563960583447,"",0,4.96884513199948,0.630743782890775,1,NA,0,0.658558258052437,0.658563960583447,4.29979,3,3,3,3
"251,501,751",0.7,3,70.2666074469337,NA,0.683753283923834,0.683789569569979,0,28.4597206937953,NA,0,28.4112835678901,0.683789569569979,"",0,29.1588696362792,0.711223812453624,1,NA,0,0.683753283923834,0.683789569569979,28.45972,3,3,3,3
"251,501,751",0.7,3,7.617290803863,NA,0.691972398988025,0.691967977712694,0,9.03095314681799,NA,0,9.05057544701366,0.691967977712694,"",0,10.8023884737525,0.717744410300788,1,NA,0,0.691972398988025,0.691967977712694,9.03095,3,3,3,3
"251,501,751",0.7,3,4.54859996152129,NA,0.686998160077378,0.686999639421227,0,-4.75513727697164,NA,0,-4.75743915542147,0.686999639421227,"",0,10.4731551365573,0.814770190785594,1,NA,0,0.686998160077378,0.686999639421227,-4.75514,3,3,3,3
"251,501,751",0.7,3,27.0690176373693,NA,0.694337916855167,0.694312284814639,0,8.48275362845117,NA,0,8.51890890424817,0.694312284814639,"",0,10.7377079861938,0.642675551875014,1,NA,0,0.694337916855167,0.694312284814639,8.48275,3,3,3,3
"251,501,751",0.7,3,97.2507412866511,NA,0.696867099882918,0.69688578715254,0,42.9120880785015,NA,0,42.8884336321962,0.69688578715254,"",0,47.5426522364241,0.76409930847258,1,NA,0,0.696867099882918,0.69688578715254,42.91209,3,3,3,3
"251,501,751",0.7,3,23.7188439337665,NA,0.714115333657707,0.714115817930001,0,5.69226601386457,NA,0,5.69205239150153,0.714115817930001,"",0,7.09782939524939,0.6752942842479,1,NA,0,0.714115333657707,0.714115817930001,5.69227,3,3,3,3
"251,501,751",0.7,3,39.5102465396262,NA,0.707930413070877,0.707990696938011,0,18.5653212859909,NA,0,18.4882339248497,0.707990696938011,"",0,25.8523996143626,0.611626057870263,1,NA,0,0.707930413070877,0.707990696938011,18.56532,3,3,3,3
"251,501,751",0.7,3,22.8100815228139,NA,0.685340782305682,0.685346145891076,0,4.33283696264469,NA,0,4.32485890741299,0.685346145891076,"",0,5.9769746535654,0.643374741440715,1,NA,0,0.685340782305682,0.685346145891076,4.33284,3,3,3,3
"251,501,751",0.7,3,13.6660364207513,NA,0.730254259926158,0.7302715357415,0,-0.407555747657575,"618,641",2,49.181963578569,0.703750548056157,NA,0,1.84480267012452,0.68310271493665,1,NA,0,0.730254259926158,0.7302715357415,-0.40756,3,1.243,3,3
"251,501,751",0.7,3,-35.3395431261146,NA,0.712810561434338,0.712803694351996,0,-24.735118109201,"",0,-24.7252975954667,0.712803694351996,NA,0,4.01986598198411,0.883391006803247,1,NA,0,0.712810561434338,0.712803694351996,-24.73512,3,3,3,3
"251,501,751",0.7,3,18.3571028048137,NA,0.684282155534307,0.684333564777854,0,2.63326405361468,"",0,2.5677348501592,0.684333564777854,NA,0,20.087990272384,0.545567405519458,1,NA,0,0.684282155534307,0.684333564777854,2.63326,3,3,3,3
"251,501,751",0.7,3,-80.9199832066723,NA,0.689944910527342,0.689986228100138,0,-45.4311165510024,"",0,-45.4855833858305,0.689986228100138,NA,0,-13.5235256558512,0.499951057623645,1,NA,0,0.689944910527342,0.689986228100138,-45.43112,3,3,3,3
"251,501,751",0.7,3,106.653905014423,NA,0.708240582394344,0.708242320178877,0,46.377593396917,"",0,46.3747866326916,0.708242320178877,NA,0,47.4775877168308,0.674997095466845,1,NA,0,0.708240582394344,0.708242320178877,46.37759,3,3,3,3
"251,501,751",0.7,3,-0.566207457004399,NA,0.686342278310799,0.686338341275913,0,-5.83342995008798,"",0,-5.82744301559018,0.686338341275913,NA,0,-4.75861043916887,0.649529681148631,1,NA,0,0.686342278310799,0.686338341275913,-5.83343,3,3,3,3
"251,501,751",0.7,3,-64.7762879221578,NA,0.662798733636505,0.66284532649712,0,-33.4825208057022,"",0,-33.5285684073242,0.66284532649712,NA,0,-9.84432583940188,0.482786689531419,1,NA,0,0.662798733636505,0.66284532649712,-33.48252,3,3,3,3
"251,501,751",0.7,3,63.460370285096,NA,0.674712392561579,0.674722132771588,0,24.5839321821971,"",0,24.5707892304166,0.674722132771588,NA,0,145.242548989935,1.06011108115799,1,NA,0,0.674712392561579,0.674722132771588,24.58393,3,3,3,3
"251,501,751",0.7,3,94.6726098611212,NA,0.680471135128979,0.680465010393212,0,40.1571893097193,"",0,40.1648350088641,0.680465010393212,NA,0,45.2267948432056,0.606364359289941,1,NA,0,0.680471135128979,0.680465010393212,40.15719,3,3,3,3
"251,501,751",0.7,3,-21.4513624104776,NA,0.70889881801562,0.708884880189579,0,-16.6849622371039,"",0,-16.6640251473777,0.708884880189579,NA,0,-8.41720081024962,0.798131543744815,1,NA,0,0.70889881801562,0.708884880189579,-16.68496,3,3,3,3
"251,501,751",0.7,3,49.9818978575973,NA,0.683359338698429,0.683344505641625,0,18.341017098021,"",0,18.3588355279216,0.683344505641625,NA,0,20.3818006560422,0.728823002097729,1,NA,0,0.683359338698429,0.683344505641625,18.34102,3,3,3,3
"251,501,751",0.7,3,40.1448431676307,NA,0.685117226314224,0.685016034624971,0,19.8955540960034,"",0,20.0300736255622,0.685016034624971,NA,0,23.0781937152435,0.613240437483167,1,NA,0,0.685117226314224,0.685016034624971,19.89555,3,3,3,3
"251,501,751",0.7,3,88.0867731344442,NA,0.690047787951879,0.690100574076697,0,39.3786594490283,"",0,39.3128434479409,0.690100574076697,NA,0,39.658016942298,0.666303612229257,1,NA,0,0.690047787951879,0.690100574076697,39.37866,3,3,3,3
"251,501,751",0.7,3,-8.3368956136071,NA,0.726973174396794,0.727057051907303,0,-8.26466076050717,"",0,-8.38716580866704,0.727057051907303,NA,0,13.367891001969,0.866683205695737,1,NA,0,0.726973174396794,0.727057051907303,-8.26466,3,3,3,3
"251,501,751",0.7,3,-44.4532638746432,NA,0.722954900780289,0.722955030962533,0,-29.2898815311648,"",0,-29.291309123837,0.722955030962533,NA,0,-12.6414036534442,0.849640881681919,1,NA,0,0.722954900780289,0.722955030962533,-29.28988,3,3,3,3
"251,501,751",0.7,3,-6.85048475501344,NA,0.711051904187633,0.711056084140026,0,-10.43618324295,"310,390",2,32.9604849492925,0.685430141000309,NA,0,4.37276955557396,0.832963344624071,1,NA,0,0.711051904187633,0.711056084140026,-10.43618,3,1.198,3,3
"251,501,751",0.7,3,53.8075401645787,NA,0.675392038407719,0.675336454979476,0,19.7869718283614,"",0,19.8544843559792,0.675336454979476,NA,0,22.1498951944475,0.724578742609882,1,NA,0,0.675392038407719,0.675336454979476,19.78697,3,3,3,3
"251,501,751",0.7,3,-66.1526670613162,NA,0.72188031888467,0.721967339425318,0,-37.580851545243,"",0,-37.7077240835668,0.721967339425318,NA,0,-36.9527530533523,0.744753622065952,1,NA,0,0.72188031888467,0.721967339425318,-37.58085,3,3,3,3
"251,501,751",0.7,3,5.85682771292588,NA,0.705274138939541,0.705264061102661,0,-1.92403775052546,"",0,-1.90845028932961,0.705264061102661,NA,0,8.48471419755843,0.804437617428852,1,NA,0,0.705274138939541,0.705264061102661,-1.92404,3,3,3,3
"251,501,751",0.7,3,3.72395376418461,NA,0.717571887338097,0.717729767253467,0,10.1432592438505,"",0,9.94361599817623,0.717729767253467,NA,0,14.7425852133502,0.765775555434731,1,NA,0,0.717571887338097,0.717729767253467,10.14326,3,3,3,3
"251,501,751",0.7,3,-7.2246572497457,NA,0.700278009678342,0.700257657867337,0,-10.0275596298791,NA,0,-10.0005487273636,0.700257657867337,NA,0,1.33711254691208,0.807510179737119,1,NA,0,0.700278009678342,0.700257657867337,-10.02756,3,3,3,3
"251,501,751",0.7,3,-29.3947064944302,NA,0.714469246076872,0.71444171667809,0,-21.6258278626864,NA,0,-21.5884173565922,0.71444171667809,NA,0,-17.1582726834719,0.64797189455533,1,NA,0,0.714469246076872,0.71444171667809,-21.62583,3,3,3,3
"251,501,751",0.7,3,16.3353331594383,NA,0.706303367062459,0.706328169289802,0,4.30202430793227,NA,0,4.27126951823653,0.706328169289802,NA,0,40.0161746448481,0.508259095850851,1,NA,0,0.706303367062459,0.706328169289802,4.30202,3,3,3,3
"251,501,751",0.7,3,24.578646044794,NA,0.705815671836976,0.705830445900861,0,5.4375856751955,NA,0,5.41052254472832,0.705830445900861,NA,0,48.8271229071402,0.919653360952019,10,NA,0,0.705815337571215,0.705830445900861,5.43756,3,3,3,3
"251,501,751",0.7,3,110.090328182056,NA,0.678143177311747,0.678122788048581,0,51.0241930245215,NA,0,51.0530153346557,0.678122788048581,NA,0,51.0268356898706,0.66741107018056,1,NA,0,0.678143177311747,0.678122788048581,51.02419,3,3,3,3
"251,501,751",0.7,3,-36.5797726243408,NA,0.678734038592393,0.678699508839849,0,-24.2736166871468,NA,0,-24.2292415431397,0.678699508839849,NA,0,-23.9875182829714,0.65969038345817,1,NA,0,0.678734038592393,0.678699508839849,-24.27362,3,3,3,3
"251,501,751",0.7,3,-17.6416902082874,NA,0.694889357749628,0.694960269045868,0,-11.9437742647548,NA,0,-12.0341588922139,0.694960269045868,NA,0,-7.69298091341672,0.620663614329314,1,NA,0,0.694889357749628,0.694960269045868,-11.94377,3,3,3,3
"251,501,751",0.7,3,-2.3574664921581,NA,0.716533802487954,0.71664675939712,0,-1.60428564201639,NA,0,-1.75814168554487,0.71664675939712,NA,0,-1.84751431843909,0.71170686546244,1,NA,0,0.716533802487954,0.71664675939712,-1.60429,3,3,3,3
"251,501,751",0.7,3,59.0257588087423,NA,0.657019341151713,0.657033509343266,0,22.128077689716,NA,0,22.1112487729199,0.657033509343266,NA,0,22.2898935684926,0.639894444710184,1,NA,0,0.657019341151713,0.657033509343266,22.12808,3,3,3,3
"251,501,751",0.7,3,21.6962206440028,NA,0.705095167547157,0.705156960013617,0,6.854449145772,NA,0,6.77240169987359,0.705156960013617,NA,0,25.536091734781,0.83901195161612,1,NA,0,0.705095167547157,0.705156960013617,6.85445,3,3,3,3
"251,501,751",0.7,3,-18.2517560373482,NA,0.74955053686197,0.74959473940462,0,-18.4989059151366,NA,0,-18.5717616965693,0.74959473940462,NA,0,19.692494061111,0.561780273817616,1,NA,0,0.74955053686197,0.74959473940462,-18.49891,3,3,3,3
"251,501,751",0.7,3,85.6919925553468,NA,0.698547549264098,0.698519112584708,0,39.1455301874849,NA,0,39.1867877402067,0.698519112584708,NA,0,58.2346193298349,0.551469687133745,1,NA,0,0.698547549264098,0.698519112584708,39.14553,3,3,3,3
"251,501,751",0.7,3,-27.4992518359954,NA,0.677890789429758,0.677918815957759,0,-20.5254808990867,NA,0,-20.5600248063936,0.677918815957759,NA,0,-18.7972806010156,0.633110015557388,1,NA,0,0.677890789429758,0.677918815957759,-20.52548,3,3,3,3
"251,501,751",0.7,3,4.07958043126978,NA,0.702327005540941,0.702319023250705,0,-4.58535760351453,NA,0,-4.57393246749363,0.702319023250705,NA,0,40.2927554941219,0.919946975109989,1,NA,0,0.702327005540941,0.702319023250705,-4.58536,3,3,3,3
"251,501,751",0.7,3,49.3760064436357,NA,0.647126932533007,0.64713076270324,0,15.4618095681941,NA,0,15.4573670128933,0.64713076270324,NA,0,36.6414612585575,0.805587956763362,5,NA,0,0.647124967093321,0.64713076270324,15.4618,3,3,3,3
"251,501,751",0.7,3,78.5598906795743,NA,0.724434468294249,0.72444080558909,0,32.5758977819801,NA,0,32.5649524703019,0.72444080558909,NA,0,33.5327930450738,0.753615929495081,1,NA,0,0.724434468294249,0.72444080558909,32.5759,3,3,3,3
"251,501,751",0.7,3,-11.6215079568659,NA,0.717143165376339,0.717046449291083,0,-11.2340732758639,NA,0,-11.0934542535684,0.717046449291083,NA,0,-11.0937750566548,0.716996281638904,1,NA,0,0.717143165376339,0.717046449291083,-11.23407,3,3,3,3
"251,501,751",0.7,3,50.9438520367901,NA,0.691257624210537,0.691259871905288,0,18.7155117513952,NA,0,18.712770441137,0.691259871905288,NA,0,90.0712732286783,0.973875285372963,1,NA,0,0.691257624210537,0.691259871905288,18.71551,3,3,3,3
"251,501,751",0.7,3,-27.3009430624222,NA,0.68372937747117,0.683758122214094,0,-16.9969088744532,NA,0,-17.0291706211788,0.683758122214094,NA,0,-17.0391771708486,0.67012149154603,1,NA,0,0.68372937747117,0.683758122214094,-16.99691,3,3,3,3
"251,501,751",0.7,3,4.40815395983774,NA,0.663831038776448,0.663823696452758,0,0.788321897763491,NA,0,0.802443203266669,0.663823696452758,NA,0,15.4974779629844,0.519460614723903,1,NA,0,0.663831038776448,0.663823696452758,0.78832,3,3,3,3
"251,501,751",0.7,3,123.196406616644,NA,0.74212454653454,0.742120438291285,0,53.2280499731024,NA,0,53.2342556072692,0.742120438291285,"",0,53.577461691375,0.723812930733944,1,NA,0,0.74212454653454,0.742120438291285,53.22805,3,3,3,3
"251,501,751",0.7,3,-40.9184931991,NA,0.652902357432108,0.652922746065506,0,-28.948268455862,NA,0,-28.9714425702786,0.652922746065506,"974",1,10.9021174234579,0.433112529596651,1,NA,0,0.652902357432108,0.652922746065506,-28.94827,3,3,2.223,3
"251,501,751",0.7,3,62.9461347926161,NA,0.715935598675086,0.715986536494611,0,27.2376186064021,NA,0,27.1655966444675,0.715986536494611,"",0,34.637907608371,0.797182854178625,1,NA,0,0.715935598675086,0.715986536494611,27.23762,3,3,3,3
"251,501,751",0.7,3,5.68595671374157,NA,0.705180656186252,0.705179191382903,0,-4.0897941579329,NA,0,-4.08759051487908,0.705179191382903,"",0,11.0998407390543,0.580641641795309,1,NA,0,0.705180656186252,0.705179191382903,-4.08979,3,3,3,3
"251,501,751",0.7,3,11.6463554510786,NA,0.68703348915497,0.687033357992694,0,-1.24462462587438,NA,0,-1.24536538979605,0.687033357992694,"",0,-1.18704756106291,0.67917074142721,1,NA,0,0.68703348915497,0.687033357992694,-1.24462,3,3,3,3
"251,501,751",0.7,3,19.8805238029455,NA,0.701032316172445,0.700989846491396,0,4.14185608522649,NA,0,4.20089423282362,0.700989846491396,"139,165",2,49.417309689577,0.51211247592915,1,NA,0,0.701032316172445,0.700989846491396,4.14186,3,3,1.198,3
"251,501,751",0.7,3,61.7905646205694,NA,0.690382203903206,0.69038877718814,0,30.0727198266021,NA,0,30.0701030319802,0.69038877718814,"",0,47.5096173298941,0.542149672669132,1,NA,0,0.690382203903206,0.69038877718814,30.07272,3,3,3,3
"251,501,751",0.7,3,103.485915046416,NA,0.697819747552542,0.697858805363341,0,47.0842589601566,NA,0,47.0341667566797,0.697858805363341,"",0,64.3790159666843,0.828499291341409,1,NA,0,0.697819747552542,0.697858805363341,47.08426,3,3,3,3
"251,501,751",0.7,3,55.6985861396026,NA,0.677101941790264,0.677097902266408,0,20.74343295051,NA,0,20.7477280501482,0.677097902266408,"",0,36.3817333165041,0.545209559303066,1,NA,0,0.677101941790264,0.677097902266408,20.74343,3,3,3,3
"251,501,751",0.7,3,-0.739470782946089,NA,0.646013687869242,0.646026653839738,0,-9.64911984729951,NA,0,-9.66391209965341,0.646026653839738,"",0,9.08280228199397,0.79525809303134,1,NA,0,0.646013687869242,0.646026653839738,-9.64912,3,3,3,3
"251,501,751",0.7,3,59.0286100177973,NA,0.703383917922057,0.703377975615471,0,22.6202581104113,NA,0,22.6253392369441,0.703377975615471,"",0,86.552329358093,0.966457637423709,1,NA,0,0.703383917922057,0.703377975615471,22.62026,3,3,3,3
"251,501,751",0.7,3,32.6447786414489,NA,0.672804860047357,0.672711556511428,0,13.2332772245022,NA,0,13.3507899778073,0.672711556511428,"",0,43.2653100531371,0.847439012830921,1,NA,0,0.672804860047357,0.672711556511428,13.23328,3,3,3,3
"251,501,751",0.7,3,26.979897221726,NA,0.679633547107586,0.679600635755587,0,7.58790350140186,NA,0,7.63051391007319,0.679600635755587,"",0,10.567067121106,0.620427686118732,1,NA,0,0.679633547107586,0.679600635755587,7.5879,3,3,3,3
"251,501,751",0.7,3,50.4828672758062,NA,0.698620301937718,0.698633303781278,0,18.8324362200844,NA,0,18.8146316725822,0.698633303781278,"",0,22.0287513309403,0.755245295082618,1,NA,0,0.698620301937718,0.698633303781278,18.83244,3,3,3,3
"251,501,751",0.7,3,-7.48153066891464,NA,0.674858211595535,0.67485721110594,0,-11.2202737494895,NA,0,-11.2190389356899,0.67485721110594,"",0,-10.4721443984175,0.703370716584132,1,NA,0,0.674858211595535,0.67485721110594,-11.22027,3,3,3,3
"251,501,751",0.7,3,29.3822187400588,NA,0.660343710469885,0.6603448467724,0,6.8603874601653,NA,0,6.85964026156034,0.6603448467724,"",0,19.7776433764327,0.537864819561828,1,NA,0,0.660343710469885,0.6603448467724,6.86039,3,3,3,3
"251,501,751",0.7,3,-63.0584262138717,NA,0.684282286616972,0.684281257390934,0,-38.650949176518,NA,0,-38.6496089924316,0.684281257390934,"",0,-38.566967594728,0.693622292257404,1,NA,0,0.684282286616972,0.684281257390934,-38.65095,3,3,3,3
"251,501,751",0.7,3,74.7919947627896,NA,0.725960308073909,0.726003095082196,0,33.0715136322933,NA,0,33.0102731349463,0.726003095082196,"",0,36.2362616996772,0.77645443384462,1,NA,0,0.725960308073909,0.726003095082196,33.07151,3,3,3,3
"251,501,751",0.7,3,22.8064012800555,NA,0.688796862787073,0.688810866847523,0,5.12902010359353,NA,0,5.11150319552158,0.688810866847523,"",0,33.8317572688101,0.511150995367612,1,NA,0,0.688796862787073,0.688810866847523,5.12902,3,3,3,3
"251,501,751",0.7,3,103.748797619479,NA,0.720494595267414,0.720486807910542,0,44.6407501651233,"815",1,78.0822766309613,0.699841192941051,"",0,50.0982059228551,0.793031101984852,1,NA,0,0.720494595267414,0.720486807910542,44.64075,3,2.064,3,3
"251,501,751",0.7,3,27.6436674377024,NA,0.690622093960725,0.690618972810505,0,7.01267678816297,NA,0,7.01161984871406,0.690618972810505,"",0,22.7299922291359,0.820279273286257,1,NA,0,0.690622093960725,0.690618972810505,7.01268,3,3,3,3
"251,501,751",0.7,3,3.5253730175379,NA,0.715813885425213,0.715867542827893,0,-4.93623875891065,NA,0,-5.01277887507336,0.715867542827893,"",0,17.0185622571964,0.863828916424216,1,NA,0,0.715813885425213,0.715867542827893,-4.93624,3,3,3,3
"251,501,751",0.7,3,10.7068400221289,NA,0.659463818040852,0.659349020919619,0,-1.07511556065653,"586",1,21.7207913777269,0.637088863744328,"",0,1.42648042145514,0.60313046281547,1,NA,0,0.659463818040852,0.659349020919619,-1.07512,3,2.085,3,3
"251,501,751",0.7,3,-48.3760643653365,NA,0.689592069422338,0.689577029213852,0,-30.5624342947986,NA,0,-30.5428926728562,0.689577029213852,"",0,5.86454895958489,0.489079066010859,1,NA,0,0.689592069422338,0.689577029213852,-30.56243,3,3,3,3
"251,501,751",0.7,3,-3.15630451995898,NA,0.716406303925136,0.716403160662274,0,-8.72132486306403,NA,0,-8.71924377530947,0.716403160662274,"",0,15.2470336737824,0.561371599929841,1,NA,0,0.716406303925136,0.716403160662274,-8.72132,3,3,3,3
"251,501,751",0.7,3,-14.480999245471,NA,0.67731771179336,0.677262514022742,0,-12.5864954283992,NA,0,-12.5183718694737,0.677262514022742,"435,442,956",3,45.4348035340615,0.42559107987568,1,NA,0,0.67731771179336,0.677262514022742,-12.5865,3,3,0.448,3
"251,501,751",0.7,3,57.8231176053945,NA,0.716865012901719,0.716855664522995,0,29.1355807555294,NA,0,29.157848739626,0.716855664522995,"",0,38.1460893289939,0.799418685998536,1,NA,0,0.716865012901719,0.716855664522995,29.13558,3,3,3,3
"251,501,751",0.7,3,75.4872213896049,NA,0.713118543576664,0.713097323991352,0,32.6557725577116,NA,0,32.688639393238,0.713097323991352,"",0,32.7138716373166,0.715756085612325,2,NA,0,0.713115635541935,0.713097323991352,32.65575,3,3,3,3
"251,501,751",0.7,3,5.08135276789599,NA,0.711677507816187,0.71169213678841,0,-3.68724345328488,NA,0,-3.70951808031163,0.71169213678841,"",0,-0.509049027308698,0.653981397449925,1,NA,0,0.711677507816187,0.71169213678841,-3.68724,3,3,3,3
"251,501,751",0.7,3,-10.348946020397,NA,0.671217726351162,0.671212252489675,0,-12.4761464124887,NA,0,-12.4706634126561,0.671212252489675,"",0,-7.36331115499496,0.74564310050239,1,NA,0,0.671217726351162,0.671212252489675,-12.47615,3,3,3,3
"251,501,751",0.7,3,39.1575852782265,NA,0.664862533152902,0.664863325363131,0,11.5775038505986,NA,0,11.5760337711215,0.664863325363131,"",0,24.2453731119389,0.784552492668556,1,NA,0,0.664862533152902,0.664863325363131,11.5775,3,3,3,3
"251,501,751",0.7,3,30.555354320276,NA,0.66294044115553,0.662908768857673,0,10.3518757050198,NA,0,10.3906633943846,0.662908768857673,"",0,19.0176540132738,0.556836730854331,1,NA,0,0.66294044115553,0.662908768857673,10.35188,3,3,3,3
"251,501,751",0.7,3,149.574396752528,NA,0.685784349872112,0.685687504995675,0,71.5206278348545,NA,0,71.6485002674572,0.685687504995675,"",0,147.866906062177,0.973569975935629,1,NA,0,0.685784349872112,0.685687504995675,71.52063,3,3,3,3
"251,501,751",0.7,3,61.3897419055785,NA,0.707403348735113,0.707392766339366,0,25.1556069197081,NA,0,25.171956114615,0.707392766339366,"",0,36.5316133977871,0.597706862632109,1,NA,0,0.707403348735113,0.707392766339366,25.15561,3,3,3,3
"251,501,751",0.7,3,7.56704300153245,NA,0.712815381170528,0.712831906331507,0,-1.11642550672662,NA,0,-1.13802876158329,0.712831906331507,"",0,4.97793194582276,0.787169194386189,1,NA,0,0.712815381170528,0.712831906331507,-1.11643,3,3,3,3
"251,501,751",0.7,3,9.71468360609283,NA,0.688783544259799,0.688778718068922,0,-1.01544851156793,NA,0,-1.00775002830373,0.688778718068922,"",0,-0.0725223847749206,0.718029309320263,1,NA,0,0.688783544259799,0.688778718068922,-1.01545,3,3,3,3
"251,501,751",0.7,3,120.466184748484,NA,0.674088272218611,0.674087430195618,0,56.3007943990372,NA,0,56.3055146994953,0.674087430195618,"",0,60.6055911586308,0.735772208333403,1,NA,0,0.674088272218611,0.674087430195618,56.30079,3,3,3,3
"251,501,751",0.7,3,81.1483674276064,NA,0.716203847661714,0.716192528051402,0,33.6085709853143,NA,0,33.6236286418111,0.716192528051402,"",0,84.992639268526,0.945624834349404,1,NA,0,0.716203847661714,0.716192528051402,33.60857,3,3,3,3
"251,501,751",0.7,3,29.7300988285226,NA,0.671116876499479,0.671049106466754,0,8.58102584690002,NA,0,8.66197837012898,0.671049106466754,"",0,116.717687576174,1.03249882326342,1,NA,0,0.671116876499479,0.671049106466754,8.58103,3,3,3,3
"251,501,751",0.7,3,75.5339733294524,NA,0.660916245961528,0.660858205793961,0,30.3551655780667,NA,0,30.4243735914549,0.660858205793961,"",0,43.1041058531719,0.779228057890109,1,NA,0,0.660916245961528,0.660858205793961,30.35517,3,3,3,3
"251,501,751",0.7,3,15.0387742915319,NA,0.713481577946489,0.71345758696988,0,1.82685440984292,"",0,1.86107435066694,0.71345758696988,"",0,4.60084050033042,0.65893738842807,1,NA,0,0.713481577946489,0.71345758696988,1.82685,3,3,3,3
"251,501,751",0.7,3,-60.8922770768863,NA,0.662021264909856,0.662012970005846,0,-38.5870852962823,"",0,-38.5808221264369,0.662012970005846,"",0,-29.577204018193,0.560541799582303,1,NA,0,0.662021264909856,0.662012970005846,-38.58709,3,3,3,3
"251,501,751",0.7,3,26.6202618684296,NA,0.679004712381366,0.679012352952171,0,6.24888137865779,"",0,6.23958407656077,0.679012352952171,"",0,11.4961973971872,0.753988618031728,1,NA,0,0.679004712381366,0.679012352952171,6.24888,3,3,3,3
"251,501,751",0.7,3,-20.7243781619398,NA,0.703486570849057,0.703419454266787,0,-8.25482054464742,"",0,-8.15463195698903,0.703419454266787,"741,885,930",3,38.2377565056532,0.548720307965241,1,NA,0,0.703486570849057,0.703419454266787,-8.25482,3,3,1.053,3
"251,501,751",0.7,3,13.5791544942131,NA,0.719139688538975,0.71914098995164,0,-0.375903639433378,"",0,-0.37769411830497,0.71914098995164,"",0,15.843936192637,0.592762280883883,1,NA,0,0.719139688538975,0.71914098995164,-0.3759,3,3,3,3
"251,501,751",0.7,3,-32.2194618189314,NA,0.683885405281548,0.683883767953318,0,-23.2618504429055,"",0,-23.2612658540447,0.683883767953318,"",0,-9.66303323143034,0.56242868518321,1,NA,0,0.683885405281548,0.683883767953318,-23.26185,3,3,3,3
"251,501,751",0.7,3,1.26436423366673,NA,0.683672849376746,0.683814320303831,0,-0.553024673622903,"",0,-0.721234411065537,0.683814320303831,"",0,16.5580003389308,0.809689181644766,1,NA,0,0.683672849376746,0.683814320303831,-0.55302,3,3,3,3
"251,501,751",0.7,3,-11.9610693129591,NA,0.690495715451493,0.690511829757667,0,-12.4607456460136,"",0,-12.4813525465649,0.690511829757667,"",0,-11.3422112539178,0.72413128493358,1,NA,0,0.690495715451493,0.690511829757667,-12.46075,3,3,3,3
"251,501,751",0.7,3,-20.7627011939361,NA,0.704783537218274,0.704835069941748,0,-16.788931725145,"",0,-16.8608909342523,0.704835069941748,"",0,34.57948640236,0.939078101875658,1,NA,0,0.704783537218274,0.704835069941748,-16.78893,3,3,3,3
"251,501,751",0.7,3,2.46384278195774,NA,0.692289687180797,0.692291472210612,0,-5.63370445115996,"",0,-5.63599071895129,0.692291472210612,"",0,4.71758304634147,0.587716175632935,1,NA,0,0.692289687180797,0.692291472210612,-5.6337,3,3,3,3
"251,501,751",0.7,3,27.223806481161,NA,0.706513440461623,0.706517006026324,0,6.75443796371839,"",0,6.74605833141827,0.706517006026324,"",0,67.1156222193599,0.960542909662192,1,NA,0,0.706513440461623,0.706517006026324,6.75444,3,3,3,3
"251,501,751",0.7,3,181.398341278381,NA,0.702131589218995,0.702138361817497,0,83.8092021461605,"",0,83.8001034634424,0.702138361817497,"",0,99.5185224322758,0.829359192420545,1,NA,0,0.702131589218995,0.702138361817497,83.8092,3,3,3,3
"251,501,751",0.7,3,96.1859896527858,NA,0.664334241847188,0.664212793736061,0,49.7072039299054,"",0,49.8528782110846,0.664212793736061,"",0,49.781375693349,0.625038054601794,1,NA,0,0.664334241847188,0.664212793736061,49.7072,3,3,3,3
"251,501,751",0.7,3,42.5287058029008,NA,0.703474479780212,0.7034671491964,0,14.7057532636222,"",0,14.7129941744953,0.7034671491964,"",0,19.6297099733167,0.63189438818573,1,NA,0,0.703474479780212,0.7034671491964,14.70575,3,3,3,3
"251,501,751",0.7,3,48.3047346140566,NA,0.739846659522153,0.739818466266759,0,18.4412880800552,"",0,18.4901138498669,0.739818466266759,"",0,19.4153275656529,0.706146531135847,1,NA,0,0.739846659522153,0.739818466266759,18.44129,3,3,3,3
"251,501,751",0.7,3,19.3237671441367,NA,0.6860398845354,0.686114470077624,0,7.67048745508897,"",0,7.58287888139336,0.686114470077624,"890,895",2,66.5484019251937,0.41130894498183,1,NA,0,0.6860398845354,0.686114470077624,7.67049,3,3,1.283,3
"251,501,751",0.7,3,22.5586460106986,NA,0.662184506772618,0.662188463678552,0,5.36208659853538,"",0,5.360322671897,0.662188463678552,"",0,5.36520623031185,0.662726016010677,1,NA,0,0.662184506772618,0.662188463678552,5.36209,3,3,3,3
"251,501,751",0.7,3,62.8904862816615,NA,0.728558705621472,0.728625971465978,0,34.2865907813625,"",0,34.199821227401,0.728625971465978,"",0,43.4014630631609,0.807183885760804,1,NA,0,0.728558705621472,0.728625971465978,34.28659,3,3,3,3
"251,501,751",0.7,3,75.603320468955,NA,0.72569574197096,0.725688177075597,0,31.5155546742083,"192,215",2,66.3279236939086,0.706309171760318,"",0,53.077605145771,0.578866079389257,1,NA,0,0.72569574197096,0.725688177075597,31.51555,3,1.095,3,3
"251,501,751",0.7,3,81.0555876007725,NA,0.689717685128127,0.689698012540181,0,34.4619895539068,"",0,34.4889591350112,0.689698012540181,"",0,52.1532902096444,0.550594695504931,1,NA,0,0.689717685128127,0.689698012540181,34.46199,3,3,3,3
"251,501,751",0.7,3,9.05434469382194,NA,0.691004687818984,0.690895142197943,0,1.54921707585699,NA,0,1.69486115811607,0.690895142197943,"",0,8.21760415298234,0.766804863254483,1,NA,0,0.691004687818984,0.690895142197943,1.54922,3,3,3,3
"251,501,751",0.7,3,16.9115371468462,NA,0.732244583254396,0.732245139027095,0,1.00309421694824,NA,0,1.00182696348894,0.732245139027095,"",0,97.0626419199822,1.04513843640877,1,NA,0,0.732244583254396,0.732245139027095,1.00309,3,3,3,3
"251,501,751",0.7,3,47.7597028713658,NA,0.678361558954774,0.678409202055385,0,20.5568511891118,NA,0,20.5008879938947,0.678409202055385,"",0,29.5217796797499,0.571155105055932,1,NA,0,0.678361558954774,0.678409202055385,20.55685,3,3,3,3
"251,501,751",0.7,3,-26.1782514563007,NA,0.703097359675024,0.703102275948918,0,-19.9722035550968,NA,0,-19.9788456231777,0.703102275948918,"",0,-16.2695106989238,0.641671621294781,1,NA,0,0.703097359675024,0.703102275948918,-19.9722,3,3,3,3
"251,501,751",0.7,3,99.4964394260481,NA,0.73518543215931,0.735176185827649,0,42.1108892453279,NA,0,42.1262145272687,0.735176185827649,"",0,48.5192935648053,0.81114544512859,1,NA,0,0.73518543215931,0.735176185827649,42.11089,3,3,3,3
"251,501,751",0.7,3,-1.31577836587297,NA,0.703878282140729,0.703809325926634,0,-6.97226376863861,NA,0,-6.88298776068781,0.703809325926634,"",0,1.48709444585007,0.609975969342152,1,NA,0,0.703878282140729,0.703809325926634,-6.97226,3,3,3,3
"251,501,751",0.7,3,37.3204589716791,NA,0.69230017419657,0.692292453370402,0,12.2262190315953,NA,0,12.2355313647099,0.692292453370402,"",0,13.0138273775231,0.719900679301913,1,NA,0,0.69230017419657,0.692292453370402,12.22622,3,3,3,3
"251,501,751",0.7,3,-4.24264549115622,NA,0.711634813677479,0.711433886833711,0,-1.93427822224339,NA,0,-1.64720578660602,0.711433886833711,"",0,-1.51820537916815,0.715782852429903,1,NA,0,0.711634813677479,0.711433886833711,-1.93428,3,3,3,3
"251,501,751",0.7,3,61.0901134602948,NA,0.714588579175681,0.71458829320343,0,23.8411506721056,NA,0,23.84163962046,0.71458829320343,"",0,58.2265829339299,0.900641606452321,1,NA,0,0.714588579175681,0.71458829320343,23.84115,3,3,3,3
"251,501,751",0.7,3,5.32390645295801,NA,0.642688168696497,0.642687459988892,0,-7.02675107635981,NA,0,-7.02596058365741,0.642687459988892,"",0,-5.81997387257542,0.605016270148496,1,NA,0,0.642688168696497,0.642687459988892,-7.02675,3,3,3,3
"251,501,751",0.7,3,12.0518999547389,NA,0.695312407890009,0.695333951169496,0,-0.793457183981314,NA,0,-0.82140404591529,0.695333951169496,"",0,8.42267307079744,0.596849392460032,1,NA,0,0.695312407890009,0.695333951169496,-0.79346,3,3,3,3
"251,501,751",0.7,3,77.3148247266065,NA,0.667329344748143,0.667361894187936,0,31.3271310305812,NA,0,31.2852281843678,0.667361894187936,"880,892",2,52.3069887740835,0.564815513291029,1,NA,0,0.667329344748143,0.667361894187936,31.32713,3,3,1.27,3
"251,501,751",0.7,3,45.6215560040736,NA,0.724081984625211,0.724091323346989,0,19.4255120250499,NA,0,19.4164956457383,0.724091323346989,"",0,22.7620547595413,0.660607037632209,1,NA,0,0.724081984625211,0.724091323346989,19.42551,3,3,3,3
"251,501,751",0.7,3,81.3561120357112,NA,0.70474962200655,0.704739695691798,0,33.7839006045706,NA,0,33.7976658657428,0.704739695691798,"",0,34.7792339713495,0.736111217695182,1,NA,0,0.70474962200655,0.704739695691798,33.7839,3,3,3,3
"251,501,751",0.7,3,30.0111145137131,NA,0.746949907887382,0.747024618348361,0,8.23038209474034,NA,0,8.10930695035648,0.747024618348361,"",0,11.7374913744404,0.8003020591781,1,NA,0,0.746949907887382,0.747024618348361,8.23038,3,3,3,3
"251,501,751",0.7,3,31.1552804605621,NA,0.703749016949623,0.70380714177196,0,10.0033356197191,NA,0,9.9241740546509,0.70380714177196,"418,483,510,549,590",5,101.641151715838,0.370741926572131,1,NA,0,0.703749016949623,0.70380714177196,10.00334,3,3,2.337,3
"251,501,751",0.7,3,3.83431014653234,NA,0.701463803155851,0.701420507730515,0,2.36242634498653,NA,0,2.4280642385656,0.701420507730515,"",0,3.39355832402661,0.654287718834636,1,NA,0,0.701463803155851,0.701420507730515,2.36243,3,3,3,3
"251,501,751",0.7,3,6.49843710603949,NA,0.706872873876393,0.706870433700967,0,-3.67512664454724,NA,0,-3.67569603834467,0.706870433700967,"",0,-1.35445437837993,0.755270111822436,1,NA,0,0.706872873876393,0.706870433700967,-3.67513,3,3,3,3
"251,501,751",0.7,3,29.9783488995478,NA,0.695153405028713,0.695304550986569,0,15.3143290908452,NA,0,15.1279912257185,0.695304550986569,"",0,17.9776584636276,0.626308134323886,1,NA,0,0.695153405028713,0.695304550986569,15.31433,3,3,3,3
"251,501,751",0.7,3,34.4758169569424,NA,0.659591215820588,0.659648521513601,0,9.67820281940509,NA,0,9.61256325115601,0.659648521513601,"",0,54.0934170091146,0.887230401782667,1,NA,0,0.659591215820588,0.659648521513601,9.6782,3,3,3,3
"251,501,751",0.7,3,12.1491861284503,NA,0.732691987730941,0.732522006207544,0,3.57096342815477,NA,0,3.83998488572873,0.732522006207544,"",0,16.2071955759575,0.615731525853921,1,NA,0,0.732691987730941,0.732522006207544,3.57096,3,3,3,3
"251,501,751",0.7,3,68.7858216174067,NA,0.680964603057857,0.680946658651511,0,29.2660685300373,NA,0,29.2907557187928,0.680946658651511,"",0,36.2063145203929,0.590301429069802,1,NA,0,0.680964603057857,0.680946658651511,29.26607,3,3,3,3
"251,501,751",0.7,3,33.2611038807015,NA,0.704458348620442,0.704439591766384,0,9.82298313021781,NA,0,9.84617754349836,0.704439591766384,"",0,30.8466676982312,0.55694280713398,1,NA,0,0.704458348620442,0.704439591766384,9.82298,3,3,3,3
"251,501,751",0.7,3,30.4499717300195,NA,0.694859571014512,0.694865818588927,0,8.9293313978795,NA,0,8.92145227091349,0.694865818588927,"",0,16.293886602686,0.605983380571832,1,NA,0,0.694859571014512,0.694865818588927,8.92933,3,3,3,3
"251,501,751",0.7,3,17.0547935205069,NA,0.677779654864181,0.677832211539176,0,4.32217424590336,NA,0,4.2614047447016,0.677832211539176,"612,640",2,57.9899648921379,0.43527700704085,1,NA,0,0.677779654864181,0.677832211539176,4.32217,3,3,1.25,3
"251,501,751",0.7,3,44.5211536009014,NA,0.699365426395034,0.699395483515298,0,16.5535203943381,NA,0,16.5141829532064,0.699395483515298,"",0,27.4463872716603,0.803562011219245,1,NA,0,0.699365426395034,0.699395483515298,16.55352,3,3,3,3
"251,501,751",0.7,3,-17.8723468928432,NA,0.722756124623548,0.722742301972968,0,-14.4289845229384,NA,0,-14.4061245361459,0.722742301972968,"",0,-10.5010578582704,0.658323485706429,1,NA,0,0.722756124623548,0.722742301972968,-14.42898,3,3,3,3
"251,501,751",0.7,3,30.9127693314798,NA,0.646791320007921,0.646788521969728,0,7.16181511730073,NA,0,7.16601268498679,0.646788521969728,"",0,7.40875014139253,0.627388087219771,1,NA,0,0.646791320007921,0.646788521969728,7.16182,3,3,3,3
"251,501,751",0.7,3,58.6434124355862,NA,0.736233183219762,0.736245301277132,0,21.2083682315994,NA,0,21.187607983994,0.736245301277132,"83",1,55.4226109522593,0.635955391532434,1,NA,0,0.736233183219762,0.736245301277132,21.20837,3,3,2.168,3
"251,501,751",0.7,3,124.906222334353,NA,0.712636469534957,0.712764575120867,0,58.1918275195992,NA,0,58.014067302581,0.712764575120867,"33",1,122.280799393755,0.451874480177378,1,NA,0,0.712636469534957,0.712764575120867,58.19183,3,3,2.218,3
"251,501,751",0.7,3,41.2687132024908,NA,0.686669947400105,0.686771002426314,0,17.1896647724521,NA,0,17.0658616523224,0.686771002426314,"",0,24.1391568098605,0.766972963742369,1,NA,0,0.686669947400105,0.686771002426314,17.18966,3,3,3,3
"251,501,751",0.7,3,5.40201368514224,NA,0.719322987070434,0.719330102240232,0,-1.58048831559782,NA,0,-1.58950539946666,0.719330102240232,"",0,78.6993523121102,1.00503083544978,1,NA,0,0.719322987070434,0.719330102240232,-1.58049,3,3,3,3
"251,501,751",0.7,3,43.1104190738514,NA,0.639844299422967,0.63985415188932,0,11.6961258269997,NA,0,11.6856964277491,0.63985415188932,"",0,12.278163071913,0.666083837773663,1,NA,0,0.639844299422967,0.63985415188932,11.69613,3,3,3,3
"251,501,751",0.7,3,84.9472537467921,NA,0.712937438339704,0.712940746548026,0,35.4582556818353,NA,0,35.4486355869419,0.712940746548026,"",0,37.1448484134216,0.753871949106625,1,NA,0,0.712937438339704,0.712940746548026,35.45826,3,3,3,3
"251,501,751",0.7,3,-32.3308151389397,NA,0.730327545248474,0.730446518303778,0,-15.2416615427043,NA,0,-15.4103798312871,0.730446518303778,"",0,-11.0832866160317,0.782273347797599,1,NA,0,0.730327545248474,0.730446518303778,-15.24166,3,3,3,3
"251,501,751",0.7,3,121.552217212565,NA,0.685199442273475,0.685235931516358,0,57.510272167656,NA,0,57.4688936569332,0.685235931516358,"",0,79.0363155353615,0.524879138830316,1,NA,0,0.685199442273475,0.685235931516358,57.51027,3,3,3,3
"251,501,751",0.7,3,37.8080858373105,NA,0.706076764811683,0.706076062127941,0,11.9584794671585,NA,0,11.9585298061104,0.706076062127941,"",0,18.0278232380748,0.627727085459411,1,NA,0,0.706076764811683,0.706076062127941,11.95848,3,3,3,3
"251,501,751",0.7,3,69.5732954208963,NA,0.718194482455726,0.718202416494488,0,27.5798954267587,NA,0,27.5666758791755,0.718202416494488,"",0,40.0706415480359,0.60737319934467,1,NA,0,0.718194482455726,0.718202416494488,27.5799,3,3,3,3
"251,501,751",0.7,3,18.934271370163,NA,0.721045071917052,0.720956098704405,0,4.07792020213637,NA,0,4.21341447327939,0.720956098704405,"",0,9.82666002770067,0.643931447550385,1,NA,0,0.721045071917052,0.720956098704405,4.07792,3,3,3,3
"251,501,751",0.7,3,10.6346804294877,NA,0.717965725387081,0.717966717989831,0,-1.74563449051424,NA,0,-1.74690177149642,0.717966717989831,"",0,8.60796442451447,0.616977133055931,1,NA,0,0.717965725387081,0.717966717989831,-1.74563,3,3,3,3
"251,501,751",0.7,3,64.0406810314408,NA,0.694908930696288,0.694919553547431,0,28.5960783850918,"",0,28.5835042814869,0.694919553547431,"",0,41.6961485261095,0.570986609923724,1,NA,0,0.694908930696288,0.694919553547431,28.59608,3,3,3,3
"251,501,751",0.7,3,14.36801392665,NA,0.703634859710297,0.703670191726497,0,3.26117340093085,"",0,3.2127300230203,0.703670191726497,"",0,6.06988524424516,0.644407677367318,1,NA,0,0.703634859710297,0.703670191726497,3.26117,3,3,3,3
"251,501,751",0.7,3,54.7612533862991,NA,0.738417256576196,0.738397454481935,0,19.8551761789186,"",0,19.8873443524505,0.738397454481935,"",0,19.894070536378,0.73977408518969,1,NA,0,0.738417256576196,0.738397454481935,19.85518,3,3,3,3
"251,501,751",0.7,3,34.2274604854049,NA,0.693589253729437,0.693577150838903,0,11.0018028993706,"",0,11.0187428193163,0.693577150838903,"",0,18.7647999508945,0.782028494714779,1,NA,0,0.693589253729437,0.693577150838903,11.0018,3,3,3,3
"251,501,751",0.7,3,38.873482067514,NA,0.701900880233264,0.70189918174821,0,12.524374181198,"",0,12.5254916093277,0.70189918174821,"140,180,609,703,805",5,89.9901356329619,0.428848710287604,1,NA,0,0.701900880233264,0.70189918174821,12.52437,3,3,2.227,3
"251,501,751",0.7,3,2.26199308952043,NA,0.705140092212281,0.705188034129218,0,-1.11048752482264,"450,482,801",3,45.2681260086699,0.681177322503072,"",0,3.34077423925042,0.629120821867736,1,NA,0,0.705140092212281,0.705188034129218,-1.11049,3,0.268,3,3
"251,501,751",0.7,3,0.838284467571629,NA,0.648771412208264,0.648766276175837,0,-5.2903932399727,"",0,-5.28040901026011,0.648766276175837,"",0,12.8919280280873,0.494540487704026,1,NA,0,0.648771412208264,0.648766276175837,-5.29039,3,3,3,3
"251,501,751",0.7,3,43.9959534394672,NA,0.722782611068601,0.72277605350726,0,14.5862949651374,"",0,14.5954840281249,0.72277605350726,"",0,15.9885587776065,0.686141760898648,1,NA,0,0.722782611068601,0.72277605350726,14.58629,3,3,3,3
"251,501,751",0.7,3,24.4949414095284,NA,0.692622593939012,0.692662842034004,0,6.28021567296496,"",0,6.22842054882843,0.692662842034004,"",0,25.0287179473932,0.549638026104356,1,NA,0,0.692622593939012,0.692662842034004,6.28022,3,3,3,3
"251,501,751",0.7,3,37.2527702663014,NA,0.713199536705712,0.713204874756138,0,15.0793310594391,"",0,15.0760031845742,0.713204874756138,"",0,17.5582879398277,0.657473907381957,1,NA,0,0.713199536705712,0.713204874756138,15.07933,3,3,3,3
"251,501,751",0.7,3,-73.0146267763614,NA,0.69608457151673,0.696122751701198,0,-40.3145379437411,"",0,-40.3618179692266,0.696122751701198,"",0,-40.0404465633633,0.709587190614778,1,NA,0,0.69608457151673,0.696122751701198,-40.31454,3,3,3,3
"251,501,751",0.7,3,-64.0348152767568,NA,0.694362008235493,0.694417812105014,0,-36.6548342374559,"",0,-36.7268765963486,0.694417812105014,"",0,11.0767533231114,0.918333926836872,1,NA,0,0.694362008235493,0.694417812105014,-36.65483,3,3,3,3
"251,501,751",0.7,3,28.4035781175383,NA,0.679398889094938,0.67933310080877,0,13.1019281318975,"",0,13.1890985430081,0.67933310080877,"",0,17.3198494488846,0.735179155430256,1,NA,0,0.679398889094938,0.67933310080877,13.10193,3,3,3,3
"251,501,751",0.7,3,33.3796884603212,NA,0.721652519009307,0.721674099826296,0,11.7146933613944,"",0,11.685503845884,0.721674099826296,"",0,75.2028089730345,0.972677627268139,1,NA,0,0.721652519009307,0.721674099826296,11.71469,3,3,3,3
"251,501,751",0.7,3,40.1238800676932,NA,0.701539128366288,0.701545045352036,0,13.2291061655093,"",0,13.2201984564364,0.701545045352036,"",0,37.4806349289061,0.860386132964697,1,NA,0,0.701539128366288,0.701545045352036,13.22911,3,3,3,3
"251,501,751",0.7,3,-78.9814793985222,NA,0.713846504496669,0.7138466826303,0,-46.5942525014963,"",0,-46.5948212433648,0.7138466826303,"",0,-45.8621877914616,0.687000464763606,1,NA,0,0.713846504496669,0.7138466826303,-46.59425,3,3,3,3
"251,501,751",0.7,3,64.0127476622026,NA,0.69631831275584,0.696304668757482,0,25.5935293311954,"",0,25.6118520503507,0.696304668757482,"335,364",2,61.4974540769945,0.561846975572933,1,NA,0,0.69631831275584,0.696304668757482,25.59353,3,3,1.197,3
"251,501,751",0.7,3,4.10188493404845,NA,0.703296120540819,0.70324355068138,0,-3.04270257271215,"",0,-2.97061915388128,0.70324355068138,"",0,62.4546203480596,0.966020135807284,1,NA,0,0.703296120540819,0.70324355068138,-3.0427,3,3,3,3
"251,501,751",0.7,3,12.2915795746094,NA,0.702888906422381,0.702815612101011,0,1.26299531682755,"",0,1.3666825912342,0.702815612101011,"",0,1.92110790259236,0.675187028986965,1,NA,0,0.702888906422381,0.702815612101011,1.263,3,3,3,3
"251,501,751",0.7,3,36.20233906095,NA,0.693388533080942,0.693388785092846,0,11.1649872022877,"",0,11.1645207750523,0.693388785092846,"",0,29.0820768711939,0.831021593775095,1,NA,0,0.693388533080942,0.693388785092846,11.16499,3,3,3,3
"251,501,751",0.7,3,67.6763986308909,NA,0.67760034088542,0.677752163231919,0,39.0869888138773,NA,0,38.9246697412994,0.677752163231919,NA,0,40.2515982008059,0.608332459798916,1,NA,0,0.67760034088542,0.677752163231919,39.08699,3,3,3,3
"251,501,751",0.7,3,-0.332303260292434,NA,0.726631805683539,0.726665996496118,0,-7.0633000636382,NA,0,-7.11856944432757,0.726665996496118,NA,0,78.9938046364491,1.02400069539988,1,NA,0,0.726631805683539,0.726665996496118,-7.0633,3,3,3,3
"251,501,751",0.7,3,20.4547510763914,NA,0.698023391404564,0.698044168916611,0,3.90000916697769,NA,0,3.87250351312592,0.698044168916611,NA,0,19.7710609670353,0.568310316511425,1,NA,0,0.698023391404564,0.698044168916611,3.90001,3,3,3,3
"251,501,751",0.7,3,14.6870617718344,NA,0.71492258331689,0.714808930682111,0,7.69751125602047,NA,0,7.86709759155508,0.714808930682111,NA,0,7.8859776531449,0.715530377240524,1,NA,0,0.71492258331689,0.714808930682111,7.69751,3,3,3,3
"251,501,751",0.7,3,11.2785386937822,NA,0.718964248987772,0.718929447309457,0,-1.15892767175153,NA,0,-1.1159520532554,0.718929447309457,NA,0,4.62294000564356,0.642892929443634,1,NA,0,0.718964248987772,0.718929447309457,-1.15893,3,3,3,3
"251,501,751",0.7,3,14.140118456173,NA,0.700402000699563,0.700414541922469,0,2.12172889706536,NA,0,2.10686111953634,0.700414541922469,NA,0,15.1383682162274,0.812957551374751,1,NA,0,0.700402000699563,0.700414541922469,2.12173,3,3,3,3
"251,501,751",0.7,3,51.7980435443311,NA,0.736316634770835,0.736314946130087,0,17.5615423831705,NA,0,17.5599323107164,0.736314946130087,NA,0,17.7476351705474,0.749458422402687,1,NA,0,0.736316634770835,0.736314946130087,17.56154,3,3,3,3
"251,501,751",0.7,3,35.6373074043867,NA,0.666796695004994,0.666802770534935,0,10.7766439697227,NA,0,10.770261307844,0.666802770534935,NA,0,15.0312400095983,0.596085629462614,1,NA,0,0.666796695004994,0.666802770534935,10.77664,3,3,3,3
"251,501,751",0.7,3,104.364691390041,NA,0.701857099290131,0.701856992553393,0,45.3099051536767,NA,0,45.3090304735687,0.701856992553393,NA,0,84.9906726179484,0.496877061521001,1,NA,0,0.701857099290131,0.701856992553393,45.30991,3,3,3,3
"251,501,751",0.7,3,12.3425293304519,NA,0.72130891719261,0.721309584093377,0,-1.19466258504835,NA,0,-1.19591805317339,0.721309584093377,NA,0,9.29091626492201,0.620409788816394,1,NA,0,0.72130891719261,0.721309584093377,-1.19466,3,3,3,3
"251,501,751",0.7,3,28.2014448409532,NA,0.663089712218771,0.663094228356036,0,6.12781932762973,NA,0,6.12268064437175,0.663094228356036,NA,0,11.1650386419521,0.587423927817413,1,NA,0,0.663089712218771,0.663094228356036,6.12782,3,3,3,3
"251,501,751",0.7,3,-17.2569467666656,NA,0.70636354360195,0.706348800638384,0,-15.5150763895139,NA,0,-15.4941337097049,0.706348800638384,NA,0,-10.5990800278072,0.776431660639764,1,NA,0,0.70636354360195,0.706348800638384,-15.51508,3,3,3,3
"251,501,751",0.7,3,48.4838386552194,NA,0.656448673723002,0.656442815008503,0,15.6868480627799,NA,0,15.6889617299105,0.656442815008503,NA,0,16.8311684087409,0.692653711390922,1,NA,0,0.656448673723002,0.656442815008503,15.68685,3,3,3,3
"251,501,751",0.7,3,37.6602980394678,NA,0.686692779054675,0.686701118154329,0,11.8105033031965,NA,0,11.7986835692155,0.686701118154329,NA,0,11.799817945208,0.687714680837785,1,NA,0,0.686692779054675,0.686701118154329,11.8105,3,3,3,3
"251,501,751",0.7,3,48.8185412962915,NA,0.684163743212739,0.684061449119778,0,19.2606886645515,NA,0,19.3939936018134,0.684061449119778,NA,0,19.462435068542,0.689530436547401,1,NA,0,0.684163743212739,0.684061449119778,19.26069,3,3,3,3
"251,501,751",0.7,3,21.3988226629309,NA,0.699659414648623,0.699664692372787,0,3.93954171735345,NA,0,3.93131511159745,0.699664692372787,NA,0,11.5650232131887,0.78811494821287,1,NA,0,0.699659414648623,0.699664692372787,3.93954,3,3,3,3
"251,501,751",0.7,3,9.60569362657953,NA,0.673800048020797,0.673800958913948,0,-2.7129687241749,NA,0,-2.7140827530031,0.673800958913948,NA,0,33.4398029951009,0.876103241090906,1,NA,0,0.673800048020797,0.673800958913948,-2.71297,3,3,3,3
"251,501,751",0.7,3,56.8161375070288,NA,0.712934877205672,0.712910104501584,0,22.1054696673298,NA,0,22.1423366801527,0.712910104501584,NA,0,22.7868331338845,0.736821956088041,1,NA,0,0.712934877205672,0.712910104501584,22.10547,3,3,3,3
"251,501,751",0.7,3,47.687989550731,NA,0.687223944742911,0.687227138048675,0,17.1103165657777,NA,0,17.106383404164,0.687227138048675,NA,0,25.7459378553293,0.590658755806409,1,NA,0,0.687223944742911,0.687227138048675,17.11032,3,3,3,3
"251,501,751",0.7,3,-13.0186241945631,NA,0.661665086713665,0.6616311408973,0,-6.5930362351028,NA,0,-6.5448152314779,0.6616311408973,"603",1,11.9103791706952,0.539824354042598,1,NA,0,0.661665086713665,0.6616311408973,-6.59304,3,3,2.102,3
"251,501,751",0.7,3,94.8832947533017,NA,0.717539134088388,0.717539048768571,0,40.2168782106391,NA,0,40.2169442255221,0.717539048768571,"",0,41.8631757639338,0.677539741607347,1,NA,0,0.717539134088388,0.717539048768571,40.21688,3,3,3,3
"251,501,751",0.7,3,-38.6326462320888,NA,0.710252394305874,0.71028832298317,0,-21.9296550612916,NA,0,-21.9748362716363,0.71028832298317,"324,340",2,18.0001168100899,0.532090433341,1,NA,0,0.710252394305874,0.71028832298317,-21.92966,3,3,1.162,3
"251,501,751",0.7,3,57.1084667551629,NA,0.718756511905068,0.71880614362704,0,22.1226704935359,NA,0,22.0467759503868,0.71880614362704,"",0,22.7148881076436,0.743045512035843,1,NA,0,0.718756511905068,0.71880614362704,22.12267,3,3,3,3
"251,501,751",0.7,3,39.3128227425452,NA,0.653413687504596,0.653421588915276,0,11.3463791217922,NA,0,11.3360225333308,0.653421588915276,"219,243,570,579,619",5,61.0507753776693,0.427467921286102,1,NA,0,0.653413687504596,0.653421588915276,11.34638,3,3,2.209,3
"251,501,751",0.7,3,-2.18184629376222,NA,0.652892348407672,0.652906626233902,0,-5.5414446302514,NA,0,-5.55190842299476,0.652906626233902,"",0,61.6672621723349,0.356097270884739,1,NA,0,0.652892348407672,0.652906626233902,-5.54144,3,3,3,3
"251,501,751",0.7,3,43.5934613048239,NA,0.673135483399798,0.673160997220978,0,16.4770209674192,NA,0,16.4484735748252,0.673160997220978,"",0,18.1162625344567,0.711648311334396,1,NA,0,0.673135483399798,0.673160997220978,16.47702,3,3,3,3
"251,501,751",0.7,3,5.42435234521843,NA,0.662659512337672,0.662672686857824,0,-3.5697526338829,NA,0,-3.58403981924753,0.662672686857824,"",0,17.0173848880482,0.812545076671144,1,NA,0,0.662659512337672,0.662672686857824,-3.56975,3,3,3,3
"251,501,751",0.7,3,37.6012666697256,NA,0.728374648169973,0.728338998566263,0,12.8125630368851,NA,0,12.8687899627467,0.728338998566263,"",0,12.8620367607103,0.724529039759745,1,NA,0,0.728374648169973,0.728338998566263,12.81256,3,3,3,3
"251,501,751",0.7,3,-21.3085720857619,NA,0.658260075306784,0.658270350440627,0,-18.7858594100569,NA,0,-18.7979092062532,0.658270350440627,"",0,-17.7407531189851,0.692279264225697,1,NA,0,0.658260075306784,0.658270350440627,-18.78586,3,3,3,3
"251,501,751",0.7,3,22.005956661473,NA,0.705413316479418,0.705415182528184,0,14.0790691761693,NA,0,14.0887054754925,0.705415182528184,"",0,25.5928508506385,0.578634027141143,1,NA,0,0.705413316479418,0.705415182528184,14.07907,3,3,3,3
"251,501,751",0.7,3,127.464483578388,NA,0.715391362235669,0.715353015347164,0,66.7569859569178,NA,0,66.8227628560382,0.715353015347164,"",0,68.2033873325723,0.658158727316625,1,NA,0,0.715391362235669,0.715353015347164,66.75699,3,3,3,3
"251,501,751",0.7,3,-24.3867979226107,NA,0.709250636773115,0.709254211293572,0,-19.1456402862126,NA,0,-19.1513012722992,0.709254211293572,"",0,-19.1498089844271,0.707973938495648,1,NA,0,0.709250636773115,0.709254211293572,-19.14564,3,3,3,3
"251,501,751",0.7,3,38.6985066104255,NA,0.722694863819299,0.722800722172523,0,21.1353475959979,NA,0,20.9919547942903,0.722800722172523,"",0,36.3778068067893,0.585153066460606,1,NA,0,0.722694863819299,0.722800722172523,21.13535,3,3,3,3
"251,501,751",0.7,3,-83.4591576906476,NA,0.644776247638756,0.644871404951265,0,-49.861252355087,NA,0,-49.9666514206164,0.644871404951265,"",0,-49.5528881579637,0.619739309274145,1,NA,0,0.644776247638756,0.644871404951265,-49.86125,3,3,3,3
"251,501,751",0.7,3,5.11973638482021,NA,0.706092898502071,0.706092839119223,0,-4.3821401897144,NA,0,-4.38359961551995,0.706092839119223,"",0,-4.38337143082559,0.706569668271106,1,NA,0,0.706092898502071,0.706092839119223,-4.38214,3,3,3,3
"251,501,751",0.7,3,32.3646653342513,NA,0.704940144063314,0.704926964482247,0,9.87833364296722,NA,0,9.89100461690681,0.704926964482247,"",0,11.0870895877296,0.668765656256834,1,NA,0,0.704940144063314,0.704926964482247,9.87833,3,3,3,3
"251,501,751",0.7,3,92.6864247584014,NA,0.695682557041914,0.695735694708084,0,40.7220675324223,NA,0,40.6525235310095,0.695735694708084,"",0,41.49499925251,0.663843142861041,1,NA,0,0.695682557041914,0.695735694708084,40.72207,3,3,3,3
"251,501,751",0.7,3,7.10224547691199,NA,0.726613153373701,0.72659849575137,0,-3.25222672317425,NA,0,-3.23220750967308,0.72659849575137,"",0,14.5215535327748,0.856146513107402,1,NA,0,0.726613153373701,0.72659849575137,-3.25223,3,3,3,3
"251,501,751",0.7,3,-43.4410563209319,NA,0.687226401064329,0.687214324018752,0,-28.2099693074013,NA,0,-28.1935400222604,0.687214324018752,"",0,12.0849933263234,0.896529476653153,1,NA,0,0.687226401064329,0.687214324018752,-28.20997,3,3,3,3
"251,501,751",0.7,3,75.7825331630188,NA,0.711710700124694,0.711740104010499,0,37.237164649411,NA,0,37.2026717373924,0.711740104010499,"",0,40.2783707788335,0.757382732608185,1,NA,0,0.711710700124694,0.711740104010499,37.23716,3,3,3,3
"251,501,751",0.7,3,69.6231410232207,NA,0.696497180239354,0.696503173430196,0,28.801336284165,NA,0,28.792522334011,0.696503173430196,"",0,35.9750271603665,0.781287986957682,1,NA,0,0.696497180239354,0.696503173430196,28.80134,3,3,3,3
"251,501,751",0.7,3,-11.6787693069397,NA,0.676755478964547,0.676787598403324,0,-2.60190705395369,NA,0,-2.62734059693516,0.676787598403324,"",0,-2.2781819272078,0.684354158781793,1,NA,0,0.676755478964547,0.676787598403324,-2.60191,3,3,3,3
"251,501,751",0.7,3,57.4157802426734,NA,0.694432163157906,0.694427197535452,0,25.4006580327808,NA,0,25.4116401725046,0.694427197535452,"",0,40.1035515484014,0.812158739456586,1,NA,0,0.694432163157906,0.694427197535452,25.40066,3,3,3,3
"251,501,751",0.7,3,49.6509711235598,NA,0.676341346311323,0.676366737407901,0,19.847403875324,NA,0,19.8192491285933,0.676366737407901,"",0,108.924141926992,0.996701580802532,1,NA,0,0.676341346311323,0.676366737407901,19.8474,3,3,3,3
"251,501,751",0.7,3,-35.3549847944062,NA,0.690226183513567,0.6902232106823,0,-24.6627153196044,NA,0,-24.6589650026687,0.6902232106823,"",0,-19.0963186514932,0.613652227932425,1,NA,0,0.690226183513567,0.6902232106823,-24.66272,3,3,3,3
"251,501,751",0.7,3,1.49401654062737,NA,0.675107667985405,0.675097195966727,0,-4.27573372737354,NA,0,-4.26072647834871,0.675097195966727,"",0,-2.27599792263482,0.717052806198355,1,NA,0,0.675107667985405,0.675097195966727,-4.27573,3,3,3,3
"251,501,751",0.7,3,-53.8892563750677,NA,0.709969587263527,0.709964763325388,0,-31.367934666329,NA,0,-31.3581316371256,0.709964763325388,"",0,-27.7935244275123,0.765339477893013,1,NA,0,0.709969587263527,0.709964763325388,-31.36793,3,3,3,3
"251,501,751",0.7,3,89.9991553306931,NA,0.680243459312217,0.680309507693198,0,39.0501148112764,NA,0,38.9684658340574,0.680309507693198,"",0,46.2223954934655,0.589200005631726,1,NA,0,0.680243459312217,0.680309507693198,39.05011,3,3,3,3
"251,501,751",0.7,3,62.4408083684258,NA,0.689902185028665,0.689814220809537,0,27.2634887931686,NA,0,27.3813543615023,0.689814220809537,"",0,28.3641676422574,0.71661742088026,1,NA,0,0.689902185028665,0.689814220809537,27.26349,3,3,3,3
"251,501,751",0.7,3,-21.6829007302713,NA,0.74520878179505,0.745247267414522,0,-19.3724815720046,NA,0,-19.4352849074243,0.745247267414522,"",0,15.0951494190467,0.922750658630802,1,NA,0,0.74520878179505,0.745247267414522,-19.37248,3,3,3,3
"251,501,751",0.7,3,-47.6693009477051,NA,0.695791074014584,0.695831446719343,0,-29.2400122176682,NA,0,-29.2927187191224,0.695831446719343,"",0,-28.683516111581,0.667923528895095,1,NA,0,0.695791074014584,0.695831446719343,-29.24001,3,3,3,3
"251,501,751",0.7,3,58.8961512017818,NA,0.7027567460234,0.702762925864071,0,22.5792131048632,NA,0,22.5696111053127,0.702762925864071,"",0,38.9018362249918,0.832386917624635,1,NA,0,0.7027567460234,0.702762925864071,22.57921,3,3,3,3
"251,501,751",0.7,3,20.0083733412273,NA,0.655443093579767,0.65541669777861,0,2.3587264364826,NA,0,2.39015963872586,0.65541669777861,"",0,3.11113158309548,0.624447067244555,1,NA,0,0.655443093579767,0.65541669777861,2.35873,3,3,3,3
"251,501,751",0.7,3,17.8408976285547,NA,0.642457524703176,0.642455305294994,0,-0.795391196900439,NA,0,-0.793042200730665,0.642455305294994,"",0,4.81425897186774,0.723825770062354,1,NA,0,0.642457524703176,0.642455305294994,-0.79539,3,3,3,3
"251,501,751",0.7,3,51.9111117223859,NA,0.698531747114105,0.698602250590388,0,19.9154360228953,NA,0,19.8220803367948,0.698602250590388,"",0,109.617354972105,1.01508805173166,1,NA,0,0.698531747114105,0.698602250590388,19.91544,3,3,3,3
"251,501,751",0.7,3,91.4642642472727,NA,0.702662476864004,0.702668753651639,0,38.8435355828876,NA,0,38.8344493404329,0.702668753651639,"",0,46.9136208155154,0.793620681233462,1,NA,0,0.702662476864004,0.702668753651639,38.84354,3,3,3,3
"251,501,751",0.7,3,60.1977646181718,NA,0.681289178778432,0.681253944167116,0,23.5837556547454,NA,0,23.6295108689769,0.681253944167116,"25,205,377,399,538,671,765",7,102.693515417989,0.366597853579822,1,NA,0,0.681289178778432,0.681253944167116,23.58376,3,3,4.097,3
"251,501,751",0.7,3,79.54712695937,NA,0.711495501824836,0.711497482680733,0,34.0363048034835,NA,0,34.0350401733577,0.711497482680733,"",0,50.8943072317835,0.839441004094411,1,NA,0,0.711495501824836,0.711497482680733,34.0363,3,3,3,3
"251,501,751",0.7,3,93.092443398935,NA,0.651972747312216,0.651921385748431,0,38.618595062906,NA,0,38.6751761466397,0.651921385748431,"",0,49.1409235472289,0.539157279157913,1,NA,0,0.651972747312216,0.651921385748431,38.6186,3,3,3,3
"251,501,751",0.7,3,74.6408138706384,NA,0.712879944964052,0.712903774103997,0,31.0082442936668,NA,0,30.9721766085538,0.712903774103997,"",0,36.1343722094886,0.640140763264843,1,NA,0,0.712879944964052,0.712903774103997,31.00824,3,3,3,3
"251,501,751",0.7,3,30.7979415124269,NA,0.688285055826265,0.688264727026235,0,11.2259290640775,NA,0,11.2556063305067,0.688264727026235,"",0,18.9056338360564,0.592653545695241,1,NA,0,0.688285055826265,0.688264727026235,11.22593,3,3,3,3
"251,501,751",0.7,3,-49.3456575279739,NA,0.71639561033822,0.71647028585931,0,-27.7096489438924,NA,0,-27.8136078076429,0.71647028585931,"",0,-21.8263117756984,0.786730170041997,1,NA,0,0.71639561033822,0.71647028585931,-27.70965,3,3,3,3
"251,501,751",0.7,3,-62.5305332345718,NA,0.692541668973448,0.692619955698656,0,-34.8514104330571,NA,0,-34.9493456102634,0.692619955698656,"",0,-20.8015775469314,0.808792667795324,1,NA,0,0.692541668973448,0.692619955698656,-34.85141,3,3,3,3
"251,501,751",0.7,3,31.4127562000406,NA,0.705522777256402,0.705544442450312,0,9.05189602716647,NA,0,9.02177329994642,0.705544442450312,"",0,13.071273617011,0.768991971223855,1,NA,0,0.705522777256402,0.705544442450312,9.0519,3,3,3,3
"251,501,751",0.7,3,29.9612314687062,NA,0.661699596432925,0.661644384552961,0,12.1008414313283,NA,0,12.1704790607088,0.661644384552961,"",0,17.0607289246307,0.725288299842283,1,NA,0,0.661699596432925,0.661644384552961,12.10084,3,3,3,3
"251,501,751",0.7,3,-36.7685031754116,NA,0.717265410414047,0.717286367717041,0,-24.4569994343527,NA,0,-24.487297548555,0.717286367717041,"",0,-3.61379521304253,0.859507885328083,1,NA,0,0.717265410414047,0.717286367717041,-24.457,3,3,3,3
"251,501,751",0.7,3,-54.1811626265131,NA,0.640977272889655,0.640959936519512,0,-36.6007022339611,NA,0,-36.5839899565355,0.640959936519512,"8,300,330,861,871,879",6,45.3727943676157,0.303043861358798,1,NA,0,0.640977272889655,0.640959936519512,-36.6007,3,3,3.33,3
"251,501,751",0.7,3,33.5776162677978,NA,0.67987970436633,0.679908127028359,0,9.86886458713029,NA,0,9.83339952312333,0.679908127028359,"",0,18.7040489748924,0.58112804209594,1,NA,0,0.67987970436633,0.679908127028359,9.86886,3,3,3,3
"251,501,751",0.7,3,72.3882612827317,NA,0.688851725048608,0.68886588410878,0,31.3580859740699,NA,0,31.3420491325911,0.68886588410878,"",0,61.0483728036949,0.864201071087892,1,NA,0,0.688851725048608,0.68886588410878,31.35809,3,3,3,3
"251,501,751",0.7,3,66.1022256296722,NA,0.707606009572832,0.707539589636102,0,32.7142770250772,NA,0,32.8080457299342,0.707539589636102,"",0,33.4898146218907,0.724850007015267,1,NA,0,0.707606009572832,0.707539589636102,32.71428,3,3,3,3
"251,501,751",0.7,3,38.3037747412281,NA,0.723834056335243,0.723884315826706,0,13.6088923826477,NA,0,13.5340778724136,0.723884315826706,"635,648,906",3,63.3754312144434,0.549628315459909,1,NA,0,0.723834056335243,0.723884315826706,13.60889,3,3,0.686,3
"251,501,751",0.7,3,-0.762852347007318,NA,0.705477454384217,0.705594622145604,0,-2.85244467486983,NA,0,-3.00834606525337,0.705594622145604,"",0,1.37776335395059,0.764977494732486,1,NA,0,0.705477454384217,0.705594622145604,-2.85244,3,3,3,3
"251,501,751",0.7,3,-4.65842511644006,NA,0.727782026385145,0.727751996201216,0,-8.40036588922024,NA,0,-8.3530845355074,0.727751996201216,"",0,7.4704367550051,0.602020217000724,1,NA,0,0.727782026385145,0.727751996201216,-8.40037,3,3,3,3
"251,501,751",0.7,3,28.847066497382,NA,0.684217363576429,0.684220698787244,0,7.33247834256454,NA,0,7.32828007135685,0.684220698787244,"",0,7.89304244304081,0.708642431396833,1,NA,0,0.684217363576429,0.684220698787244,7.33248,3,3,3,3
"251,501,751",0.7,3,-13.3055039830598,NA,0.691794880214462,0.69180196786341,0,-11.9699035884161,NA,0,-11.9772095334416,0.69180196786341,"",0,-10.7060574678318,0.725297671306827,1,NA,0,0.691794880214462,0.69180196786341,-11.9699,3,3,3,3
"251,501,751",0.7,3,9.04086664022997,NA,0.67948277127253,0.679518028380706,0,2.76603975031971,NA,0,2.7297458433235,0.679518028380706,"382,399",2,33.5401059234348,0.531491425902235,1,NA,0,0.67948277127253,0.679518028380706,2.76604,3,3,1.221,3
"251,501,751",0.7,3,22.3725388729109,NA,0.661090020346486,0.661155409257794,0,5.10695496197827,NA,0,5.03335648382157,0.661155409257794,"",0,7.35839947240179,0.708030062562053,1,NA,0,0.661090020346486,0.661155409257794,5.10695,3,3,3,3
"251,501,751",0.7,3,-41.6071211335012,NA,0.68343756125234,0.683479104714545,0,-27.4674892917995,NA,0,-27.5199322285072,0.683479104714545,"",0,-16.0897754449279,0.571563849404625,1,NA,0,0.68343756125234,0.683479104714545,-27.46749,3,3,3,3
"251,501,751",0.7,3,120.87917103547,NA,0.693184099856809,0.693233981721457,0,55.572816412767,NA,0,55.5082194294364,0.693233981721457,"",0,55.9624873909595,0.711573082025818,1,NA,0,0.693184099856809,0.693233981721457,55.57282,3,3,3,3
"251,501,751",0.7,3,31.3208422060902,NA,0.700747714271822,0.700720879481404,0,10.7930544273883,NA,0,10.8298182515085,0.700720879481404,"",0,12.1371690534666,0.66037570392444,1,NA,0,0.700747714271822,0.700720879481404,10.79305,3,3,3,3
"251,501,751",0.7,3,15.730891727329,NA,0.695771590342262,0.695683514995805,0,2.7562609803071,"",0,2.87430319772728,0.695683514995805,"",0,3.32325877415413,0.714006405025858,1,NA,0,0.695771590342262,0.695683514995805,2.75626,3,3,3,3
"251,501,751",0.7,3,56.2998820879267,NA,0.71329233537537,0.713339897573637,0,29.1523800672328,"",0,29.0946451592448,0.713339897573637,"",0,50.7230451367367,0.84814646949545,1,NA,0,0.71329233537537,0.713339897573637,29.15238,3,3,3,3
"251,501,751",0.7,3,70.3918262700946,NA,0.71301111331947,0.713011203301321,0,29.2713146583232,"",0,29.2724924429951,0.713011203301321,"",0,29.5880956734755,0.693363475608713,1,NA,0,0.71301111331947,0.713011203301321,29.27131,3,3,3,3
"251,501,751",0.7,3,-29.3740245518682,NA,0.725766845819727,0.725768227116604,0,-21.6843796043006,"",0,-21.6866342730685,0.725768227116604,"",0,-5.23378141157382,0.598901675709429,1,NA,0,0.725766845819727,0.725768227116604,-21.68438,3,3,3,3
"251,501,751",0.7,3,48.6770426540169,NA,0.710946382576628,0.7110290276954,0,24.7187933166981,"",0,24.6120309553661,0.7110290276954,"",0,51.9231745179324,0.531543584304735,1,NA,0,0.710946382576628,0.7110290276954,24.71879,3,3,3,3
"251,501,751",0.7,3,104.605864624589,NA,0.710477149184461,0.710473776535293,0,45.6862834580219,"",0,45.6908791781596,0.710473776535293,"230,372",2,107.016256195086,0.473002915063254,1,NA,0,0.710477149184461,0.710473776535293,45.68628,3,3,1.142,3
"251,501,751",0.7,3,16.8298723077885,NA,0.727293587218336,0.727314573742033,0,5.90941291230278,"",0,5.88397043720506,0.727314573742033,"",0,6.65588055677961,0.691024424935178,1,NA,0,0.727293587218336,0.727314573742033,5.90941,3,3,3,3
"251,501,751",0.7,3,11.7257674243218,NA,0.696124275922365,0.696110111671077,0,-0.849148937735009,"",0,-0.833103789785599,0.696110111671077,"",0,5.27307112868618,0.615786116788801,1,NA,0,0.696124275922365,0.696110111671077,-0.84915,3,3,3,3
"251,501,751",0.7,3,85.9096343661893,NA,0.704406663389865,0.704400838376726,0,37.2391177403014,"",0,37.2461388781445,0.704400838376726,"",0,59.3157434072544,0.853563379168262,1,NA,0,0.704406663389865,0.704400838376726,37.23912,3,3,3,3
"251,501,751",0.7,3,47.0400005037709,NA,0.709653671318315,0.709626494960163,0,17.4218841090712,"",0,17.4611739401441,0.709626494960163,"",0,17.8957755861946,0.687184962447124,1,NA,0,0.709653671318315,0.709626494960163,17.42188,3,3,3,3
"251,501,751",0.7,3,16.4067466652883,NA,0.647833828513923,0.647933691031485,0,3.77032719235401,"",0,3.66822662771411,0.647933691031485,"671,685",2,41.1313322457468,0.431001409677375,1,NA,0,0.647833828513923,0.647933691031485,3.77033,3,3,1.146,3
"251,501,751",0.7,3,117.642338562194,NA,0.670959701998432,0.670908848652875,0,51.8211023750508,"173,240",2,83.9121554191304,0.648503239214399,"",0,62.0412988864434,0.775675831816176,1,NA,0,0.670959701998432,0.670908848652875,51.8211,3,1.089,3,3
"251,501,751",0.7,3,75.4804137737391,NA,0.687096519328351,0.687113581642229,0,33.7741319699568,"",0,33.7561035475162,0.687113581642229,"",0,43.5850602088373,0.783754631790268,1,NA,0,0.687096519328351,0.687113581642229,33.77413,3,3,3,3
"251,501,751",0.7,3,61.8079274334226,NA,0.683421169977416,0.683391569008589,0,29.0608780369871,"",0,29.1041191861401,0.683391569008589,"",0,115.503824415313,0.990026128928287,1,NA,0,0.683421169977416,0.683391569008589,29.06088,3,3,3,3
"251,501,751",0.7,3,-11.2616892668682,NA,0.708800211171411,0.708857841608218,0,-11.1915785776373,"",0,-11.2709736953034,0.708857841608218,"",0,0.466975898104766,0.597710689959656,1,NA,0,0.708800211171411,0.708857841608218,-11.19158,3,3,3,3
"251,501,751",0.7,3,97.0428111416849,NA,0.686572383584707,0.686569128895509,0,42.1995302146522,"",0,42.2042266096014,0.686569128895508,"",0,48.6177921398204,0.602500750000987,1,NA,0,0.686572383584707,0.686569128895509,42.19953,3,3,3,3
"251,501,751",0.7,3,49.5065896057914,NA,0.712147065295892,0.712145575791658,0,19.4978578659533,"",0,19.5021325419085,0.712145575791658,"",0,35.6590678089758,0.836400825636162,1,NA,0,0.712147065295892,0.712145575791658,19.49786,3,3,3,3
"251,501,751",0.7,3,77.8046440921808,NA,0.703247583653,0.703293643215169,0,34.5135385243177,"",0,34.4530320899147,0.703293643215169,"",0,44.9724848495196,0.802694192349552,1,NA,0,0.703247583653,0.703293643215169,34.51354,3,3,3,3
"251,501,751",0.7,3,-4.65767615263085,NA,0.673754088307257,0.673755410418411,0,-9.85234834837392,"",0,-9.85395878025432,0.673755410418411,"",0,3.84394650649866,0.550564633714918,1,NA,0,0.673754088307257,0.673755410418411,-9.85235,3,3,3,3
"251,501,751",0.7,3,52.9019577294157,NA,0.676988645470743,0.677029243580575,0,20.2618953100334,"",0,20.2123056337943,0.677029243580575,"",0,26.8310990718507,0.58972561302115,1,NA,0,0.676988645470743,0.677029243580575,20.2619,3,3,3,3
