"true_model","bic_true_model","nknots_PELT","bic_PELT","nknots_BS","bic_BS","nknots_WBS","bic_WBS","nknots_flasso","bic_flasso","nknots_adaflasso","bic_adaflasso","best_iter","nknots_best_iter","min_bic_flasso"
NA,6935.72992621539,5,84.7598377151969,7,97.3959579255139,7,97.3959579255139,0,6930.47765301998,0,6930.47765301998,1,0,6930.47765
NA,6867.22468082383,5,18.8282254903678,6,23.4027778148638,6,23.4027778148638,0,6865.96564995391,0,6865.96564995388,1,0,6865.96565
NA,6965.13797554451,5,122.484933456131,7,132.008966078578,7,132.008966078578,0,6957.19760905561,0,6957.19760905562,1,0,6957.19761
NA,6894.76121554356,5,49.5443069300924,6,64.4901739022253,7,64.2261390857662,0,6891.6442547446,0,6891.64425474461,1,0,6891.64425
NA,6944.12418073724,7,103.774826248835,7,110.968337029731,7,110.968337029731,0,6939.03083632655,0,6939.03083632654,1,0,6939.03084
NA,6963.40096188649,6,115.344135826183,7,120.921124864729,7,120.921124864729,0,6962.7175317744,0,6962.71753177441,1,0,6962.71753
NA,7003.15826925504,6,159.462968239216,5,162.423019145869,5,162.423019145869,0,7003.05289356421,0,7003.05289356423,1,0,7003.05289
NA,6978.58798961965,5,136.14772226259,6,141.165374945441,4,140.717404592968,0,6978.33657374664,0,6978.33657374665,1,0,6978.33657
NA,6877.32010365418,5,36.7210282110101,5,37.6369494585481,5,37.6369494585481,0,6875.19288487031,0,6875.19288487031,1,0,6875.19288
NA,6968.97967324544,7,138.683719013047,7,139.282745338037,7,139.282745338037,0,6968.51702644164,0,6968.51702644163,1,0,6968.51703
NA,6870.25073766422,6,14.7651530927326,6,20.9089849390844,6,20.9089849390844,0,6867.72139020355,0,6867.72139020355,1,0,6867.72139
NA,6871.51395482382,5,24.3175208969124,6,30.8784871666563,6,30.8784871666563,0,6869.24634112024,0,6869.24634112025,1,0,6869.24634
NA,6914.24026307162,6,76.909128607102,7,80.7775280230142,7,80.7775280230142,0,6911.8803835799,0,6911.8803835799,1,0,6911.88038
NA,6864.28583252029,6,12.655354098484,6,16.6402559497456,6,16.6402559497456,0,6860.99242211789,0,6860.99242211789,1,0,6860.99242
NA,6899.20577201903,6,58.3571031403808,6,66.9217959790919,6,67.0533513238385,0,6897.96822452066,0,6897.96822452067,1,0,6897.96822
NA,6901.00805453291,6,46.38362998935,7,56.0949945193673,7,56.0949945193673,0,6897.07648240335,0,6897.07648240336,1,0,6897.07648
NA,6969.39669438592,5,120.460515846953,7,131.45681968709,7,131.45681968709,0,6968.29266545884,0,6968.29266545884,1,0,6968.29267
NA,6963.78925700953,6,117.35831807619,5,123.65628369927,5,123.65628369927,0,6962.97546496201,0,6962.97546496201,1,0,6962.97546
NA,6909.8864428311,6,73.9811575173364,8,89.4139142055107,8,89.4139142055107,0,6908.65803342321,0,6908.65803342321,1,0,6908.65803
NA,6970.42120174712,5,111.373033265556,6,117.684708786868,6,118.187802007996,0,6965.7405575475,0,6965.7405575475,1,0,6965.74056
NA,6945.06206616856,6,107.644779771764,7,113.740910024039,7,113.740910024039,0,6942.22451600596,0,6942.22451600597,1,0,6942.22452
NA,6956.53945661122,6,124.511845870998,7,135.251748675131,6,134.927154428646,0,6956.0276517538,0,6956.02765175381,1,0,6956.02765
NA,6870.48172432983,5,20.2539287867811,5,24.7181054838961,5,25.1947232457001,0,6866.0071927595,0,6866.0071927595,1,0,6866.00719
NA,7005.75332120374,6,168.766012596198,7,180.352668697817,6,183.373395253742,0,7003.62905053012,0,7003.6290505301,1,0,7003.62905
NA,6923.45438745989,5,77.9875424553627,7,85.2533212428894,7,86.9016075906243,0,6920.00128461921,0,6920.0012846192,1,0,6920.00128
NA,6843.6023259867,6,-8.76949591186478,7,-5.02635599764326,7,-5.02635599764326,0,6841.7180669886,0,6841.71806698861,1,0,6841.71807
NA,6873.80815984286,6,37.9882694819583,7,40.925823427189,7,42.5745514833326,0,6872.67459542294,0,6872.67459542294,1,0,6872.6746
NA,6907.01867420569,5,68.9318315743379,7,79.753147469503,7,79.753147469503,0,6903.91231306293,0,6903.91231306294,1,0,6903.91231
NA,6871.25320553241,6,29.1328875684396,7,37.8997318520915,7,38.1716841895931,0,6870.85312396715,0,6870.85312396715,1,0,6870.85312
NA,6877.85112727912,6,33.602318994177,6,33.602318994177,6,34.9778495291199,0,6876.84444956049,0,6876.84444956054,1,0,6876.84445
NA,6923.80070709615,5,72.2319536758434,5,81.3068427785596,5,81.3068427785596,0,6922.75244644833,0,6922.7524464483,1,0,6922.75245
NA,7006.69576799557,6,160.981462744341,7,167.206423625422,6,166.716499904984,0,7006.34682312127,0,7006.34682312125,1,0,7006.34682
NA,6910.79854194666,6,73.3172379635377,7,86.1800566904312,7,86.1800566904312,0,6910.05699773998,0,6910.05699773999,1,0,6910.057
NA,6939.96306837161,6,89.1999561662619,7,93.7410231747538,7,93.7410231747538,0,6934.54343545317,0,6934.54343545318,1,0,6934.54344
NA,6935.8440612856,5,70.0039917764722,7,83.1903000625656,7,83.1903000625656,0,6935.13424032994,0,6935.13424032994,1,0,6935.13424
NA,6875.58630406242,6,23.4344362621543,6,29.6143187883458,6,29.6143187883458,0,6873.18374958245,0,6873.18374958245,1,0,6873.18375
NA,6963.12390083382,7,118.96906680096,7,124.05930978255,7,124.05930978255,0,6962.1125161411,0,6962.1125161411,1,0,6962.11252
NA,6916.51478683186,5,59.8321074989762,6,66.4745890934235,6,66.4745890934235,0,6916.27609186085,0,6916.27609186086,1,0,6916.27609
NA,6925.42277439146,6,87.8994091060341,6,87.8994091060341,6,87.8994091060341,0,6920.44587364256,0,6920.44587364258,1,0,6920.44587
NA,6966.32431755349,6,115.43586967424,6,124.250767399477,6,124.26866345922,0,6964.68532530529,0,6964.68532530531,1,0,6964.68533
NA,6812.66166556392,6,-44.8699315192007,6,-41.4707997287613,7,-41.9043191474273,0,6810.24198782975,0,6810.24198782976,1,0,6810.24199
NA,6959.04108448359,6,122.196312168776,7,126.403897356509,7,126.403897356509,0,6956.83372343708,0,6956.83372343708,1,0,6956.83372
NA,6930.09494393058,5,87.0693904771066,6,95.0765202085634,6,95.0765202085634,0,6927.82385352903,0,6927.82385352904,1,0,6927.82385
NA,6966.64305192892,6,120.872040263496,7,122.428946174997,7,122.428946174997,0,6966.44258064328,0,6966.44258064329,1,0,6966.44258
NA,6905.15471512357,7,66.6145647973066,8,69.4801078028952,8,69.4801078028952,0,6904.7957485932,0,6904.79574859319,1,0,6904.79575
NA,6893.64431330828,5,59.2348600733874,7,62.2440188936974,7,62.2440188936974,0,6893.50023343173,0,6893.50023343173,1,0,6893.50023
NA,6933.03982102967,7,94.0199622358882,7,94.0199622358882,7,94.0199622358882,0,6932.34301497248,0,6932.34301497248,1,0,6932.34301
NA,6801.37753995292,6,-31.936249213398,7,-26.3003393519527,7,-26.3003393519527,0,6801.23013835232,0,6801.23013835231,1,0,6801.23014
NA,6860.49291599671,6,20.9404429320803,6,29.627473129179,6,29.627473129179,0,6860.41150469238,0,6860.41150469238,1,0,6860.4115
NA,6896.51554962315,7,53.383634151348,6,54.3410883308346,7,53.8684676898735,0,6892.98438641029,0,6892.9843864103,1,0,6892.98439
NA,6867.24106499018,6,15.2608141867685,6,18.7657678469206,6,18.9765760123234,0,6865.63540109155,0,6865.63540109156,1,0,6865.6354
NA,7006.75580143519,5,147.164997871298,8,164.290924546997,7,165.06616131136,0,7000.48297206064,0,7000.48297206064,1,0,7000.48297
NA,6927.42864233075,5,63.2154343240395,6,67.3504246120758,6,67.3504246120758,0,6922.3907636773,0,6922.39076367731,1,0,6922.39076
NA,6900.6780183377,7,53.7959530756837,7,58.3911575262411,7,58.3911575262411,0,6897.70664330794,0,6897.70664330796,1,0,6897.70664
NA,6896.68930460089,5,42.6672101922538,5,43.111683753046,5,43.111683753046,0,6896.68370008608,0,6896.68370008607,1,0,6896.6837
NA,6874.04412911728,6,45.4541013034965,6,52.297476713475,7,52.2826673916926,0,6873.88761910165,0,6873.88761910166,1,0,6873.88762
NA,6910.42671960335,5,57.4160276911673,5,57.4160276911673,5,57.4160276911673,0,6902.85558509677,0,6902.85558509678,1,0,6902.85559
NA,6895.10217332578,6,49.8062238595396,6,50.1787491695969,6,50.1787491695969,0,6894.94145633749,0,6894.94145633748,1,0,6894.94146
NA,6911.7274265819,6,56.536204068995,7,70.4767887067813,7,70.4767887067813,0,6907.20491657795,0,6907.20491657795,1,0,6907.20492
NA,6990.88224564711,5,121.753435897254,5,128.799531575,5,128.799531575,0,6990.53915039022,0,6990.53915039022,1,0,6990.53915
NA,6911.81972786983,6,79.2780952107592,7,86.7007060592517,7,86.7007060592517,0,6910.95014835295,0,6910.95014835296,1,0,6910.95015
NA,6901.04599035981,6,57.2348547431743,7,63.4300323314411,7,63.8103914577539,0,6900.76673538481,0,6900.76673538481,1,0,6900.76674
NA,7017.79267601221,5,171.389057245489,6,176.333731231411,5,177.599239209346,0,7016.99582250793,0,7016.99582250792,1,0,7016.99582
NA,6902.30793625525,6,47.7049430555652,6,51.1552702121594,6,51.1552702121594,0,6900.7089516389,0,6900.7089516389,1,0,6900.70895
NA,6911.88371912153,6,70.7602972422385,6,78.4607350392841,7,78.3315838913641,0,6907.7384301753,0,6907.73843017531,1,0,6907.73843
NA,6974.03829352607,6,137.187940077269,7,145.785387946784,6,148.204125815819,0,6973.47406321427,0,6973.47406321427,1,0,6973.47406
NA,6867.95112649332,6,-7.60303944394633,6,-7.60303944394633,6,-7.60303944394633,0,6862.07746549632,0,6862.07746549634,1,0,6862.07747
NA,6835.8008472722,6,-20.2129960929731,5,-7.51373783633791,5,-7.50037191155296,0,6833.53137143386,0,6833.53137143386,1,0,6833.53137
NA,6867.37587141044,5,-0.812981748714577,5,-0.812981748714577,5,-0.812981748714577,0,6866.72703994262,0,6866.72703994262,1,0,6866.72704
NA,6893.81684416686,5,46.277612269385,7,51.6948882726764,7,53.1275844375271,0,6891.39679442322,0,6891.39679442318,1,0,6891.39679
NA,6988.54393972482,6,137.06723428336,7,145.328269606382,7,145.328269606382,0,6987.26081602939,0,6987.26081602937,1,0,6987.26082
NA,6898.53745498462,6,51.001666682073,7,59.0440004767349,7,59.0440004767349,0,6896.54429147395,0,6896.54429147395,1,0,6896.54429
NA,6872.68176281249,6,24.7835345038955,6,25.9703947187466,6,25.9703947187466,0,6866.66971110367,0,6866.6697111037,1,0,6866.66971
NA,6961.35817184243,5,116.515522805755,7,122.328310625118,6,122.528976598382,0,6960.80817852524,0,6960.80817852524,1,0,6960.80818
NA,6971.38099023772,5,124.175749493053,5,129.72985632463,5,129.72985632463,0,6969.18050824483,0,6969.18050824484,1,0,6969.18051
NA,6924.81814104762,5,69.3819073303777,5,78.0991452381444,5,78.0991452381444,0,6922.10139491742,0,6922.10139491741,1,0,6922.10139
NA,6928.87016151435,6,89.784098076272,6,100.894218552981,6,100.894218552981,0,6927.87228923781,0,6927.8722892378,1,0,6927.87229
NA,6865.25041479448,6,28.2180641073668,7,33.5324106342531,7,34.2106636692047,0,6858.76087401742,0,6858.76087401742,1,0,6858.76087
NA,6882.36374110081,5,48.2930318120052,5,49.7792674535581,5,49.7792674535581,0,6880.58010645537,0,6880.58010645537,1,0,6880.58011
NA,6792.18350487382,5,-53.5244387460171,6,-54.2830357245798,7,-54.7535931927387,0,6786.70599151517,0,6786.70599151517,1,0,6786.70599
NA,6925.3977384987,5,78.3652966225002,7,83.5574140007093,5,85.5594959579488,0,6922.5940032894,0,6922.5940032894,1,0,6922.594
NA,6867.20709607097,5,23.140586493006,6,28.4128993413653,6,33.2428954746952,0,6866.85907830641,0,6866.85907830641,1,0,6866.85908
NA,6962.34180948223,5,104.524212787352,6,107.430608734922,6,107.430608734922,0,6959.59383489408,0,6959.59383489409,1,0,6959.59383
NA,6842.81924288623,5,-24.85910459892,6,-12.3103319754262,6,-12.3103319754262,0,6839.73712643154,0,6839.73712643155,1,0,6839.73713
NA,6915.26957330112,5,72.2171157495265,7,75.5807688637632,7,75.5807688637632,0,6912.53811302229,0,6912.53811302229,1,0,6912.53811
NA,6887.82273321146,5,42.3196494555195,5,42.3196494555195,5,42.3196494555195,0,6885.71261673692,0,6885.7126167369,1,0,6885.71262
NA,6985.32878483437,6,112.9720451623,6,122.737234850543,5,124.345936533736,0,6982.39979607775,0,6982.39979607772,1,0,6982.3998
NA,6919.19984095884,5,80.7851613817949,7,89.610491651267,6,92.2347594165855,0,6914.33236899608,0,6914.33236899609,1,0,6914.33237
NA,6967.80263638783,6,125.886270161054,7,131.210097657967,7,131.210097657967,0,6963.50652765577,0,6963.50652765577,1,0,6963.50653
NA,7013.54640706757,5,169.007813936829,6,173.860531907802,6,173.862964236267,0,7013.37685237324,0,7013.37685237324,1,0,7013.37685
NA,6975.10649213401,8,137.39164548825,7,139.181545216972,6,144.823427511868,0,6974.3299977732,0,6974.32999777321,1,0,6974.33
NA,6979.55979149489,5,132.712546341328,7,138.445776874883,7,138.445776874883,0,6977.04910798356,0,6977.04910798356,1,0,6977.04911
NA,6971.71708733524,5,128.611624412035,7,133.141444571301,7,134.250943912302,0,6970.2061070955,0,6970.2061070955,1,0,6970.20611
NA,6894.38650830102,6,58.808477708981,6,61.8805456607007,6,61.8805456607007,0,6892.82762109894,0,6892.82762109894,1,0,6892.82762
NA,6958.21401575973,7,124.815650822704,7,125.661220992632,7,125.661220992632,0,6957.07106859153,0,6957.07106859153,1,0,6957.07107
NA,6890.73582459225,6,36.320566909563,6,41.5386651708514,8,44.6588677481431,0,6889.96179168595,0,6889.96179168595,1,0,6889.96179
NA,6938.22685147373,6,94.692663592283,7,97.1674843486014,7,97.1674843486014,0,6936.13637410523,0,6936.13637410522,1,0,6936.13637
NA,6940.9911198346,5,94.285378042223,5,95.3827757636057,5,95.3827757636057,0,6938.76657809192,0,6938.76657809192,1,0,6938.76658
NA,6931.83616682402,5,63.7164469357619,5,72.9549105365809,5,72.9549105365809,0,6927.12904171064,0,6927.12904171065,1,0,6927.12904
NA,6921.7897805895,5,76.2173736705506,7,83.954206787181,7,82.5275696833233,0,6920.20229234397,0,6920.20229234396,1,0,6920.20229
NA,6968.04137748371,6,121.791590644828,7,126.597372958181,7,126.597372958181,0,6965.3836216198,0,6965.3836216198,1,0,6965.38362
NA,6888.09093446655,6,54.2474847640134,6,57.5342225652905,6,59.7069549669457,0,6886.22658098021,0,6886.22658098021,1,0,6886.22658
NA,6967.34823790384,6,108.162195769813,6,110.893677647372,6,110.893677647372,0,6963.06145690951,0,6963.0614569095,1,0,6963.06146
NA,6888.8911956983,6,59.3608880709635,7,66.1696759496351,6,67.0201722587824,0,6886.98266849778,0,6886.98266849778,1,0,6886.98267
NA,6823.80683676727,5,-6.10405620994274,6,-3.45935501632819,6,-3.45935501632819,0,6823.68817534939,0,6823.68817534939,1,0,6823.68818
NA,6858.36193530015,6,24.0376735081962,6,24.3356828679654,6,25.9636640490704,0,6858.14603561686,0,6858.14603561687,1,0,6858.14604
NA,6968.01483488474,6,116.335868435794,6,116.892976764207,6,117.873561150473,0,6960.89399485322,0,6960.89399485322,1,0,6960.89399
NA,6851.67546079503,6,3.78795211319296,6,11.9013602967471,5,14.6878136800441,0,6846.62630743503,0,6846.62630743505,1,0,6846.62631
NA,6927.69009691521,8,92.0806931683224,7,98.3630751266112,8,101.935641429163,0,6925.54376813191,0,6925.54376813189,1,0,6925.54377
NA,6910.01363167858,7,76.6694612660128,7,79.6287812707522,7,79.6579898578866,0,6907.93313166091,0,6907.93313166091,1,0,6907.93313
NA,6855.90877166987,6,23.8684581551466,6,27.5787384039565,7,26.6974969270213,0,6854.8235106939,0,6854.8235106939,1,0,6854.82351
NA,6999.14955031182,6,147.445967361194,6,152.521924450291,6,153.664526231877,0,6987.96318234793,0,6987.96318234792,1,0,6987.96318
NA,6939.90828037531,5,87.5269489724787,6,90.013406902385,6,90.013406902385,0,6939.46494393122,0,6939.46494393123,1,0,6939.46494
NA,6920.59030006714,5,70.1961052221099,6,78.5044058805206,6,78.5044058805206,0,6918.93231675366,0,6918.93231675366,1,0,6918.93232
NA,6854.46813036331,6,12.9144139308241,7,17.6884280240796,7,18.3570987090019,0,6852.94534291617,0,6852.94534291618,1,0,6852.94534
NA,6969.57803255992,6,128.345246082692,6,131.175052108711,6,131.175052108711,0,6967.83252425123,0,6967.83252425122,1,0,6967.83252
NA,6882.36608409211,6,25.3058164195032,7,29.6651912686042,7,29.6651912686042,0,6878.17775735075,0,6878.17775735074,1,0,6878.17776
NA,6899.85890584643,6,50.6463381623973,6,50.6463381623973,6,50.6463381623973,0,6899.74222469267,0,6899.74222469268,1,0,6899.74222
NA,6909.55044937241,7,62.6122906999599,7,76.121168430117,7,76.121168430117,0,6908.35653679776,0,6908.35653679777,1,0,6908.35654
NA,6992.57156162541,6,148.264853533001,7,152.748758752979,7,153.563943567142,0,6988.17628290044,0,6988.17628290044,1,0,6988.17628
NA,6938.44690027207,6,87.9593628638931,6,88.6574473757896,6,88.6574473757896,0,6935.98183852341,0,6935.98183852342,1,0,6935.98184
NA,6911.26557396602,5,41.1313931128352,6,42.0511091005752,6,42.0511091005752,0,6904.39092445915,0,6904.39092445916,1,0,6904.39092
NA,6949.4041224977,7,99.2735198102098,7,99.2735198102098,7,99.2735198102098,0,6945.62613252942,0,6945.62613252945,1,0,6945.62613
NA,6877.75210673373,5,30.9576141215618,6,40.2346149508659,6,42.160295721188,0,6874.82170452098,0,6874.82170452096,1,0,6874.8217
NA,6941.77600747858,6,107.786819407885,6,112.336009233589,6,107.786819407885,0,6940.25423481418,0,6940.2542348142,1,0,6940.25423
NA,6849.99641649345,6,8.66405166979762,6,9.81558891014998,6,9.81558891014998,0,6849.81992878984,0,6849.81992878983,1,0,6849.81993
NA,6884.79890569658,6,30.2778658902273,6,37.0491271923224,6,37.1269592105836,0,6882.75947368796,0,6882.75947368793,1,0,6882.75947
NA,6960.83456178828,6,112.461242420568,7,121.085974010549,7,121.085974010549,0,6956.90081415531,0,6956.90081415531,1,0,6956.90081
NA,6949.89290739493,6,101.27083338725,6,101.404437670303,6,101.404437670303,0,6946.13113054865,0,6946.13113054865,1,0,6946.13113
NA,6976.68101706633,6,132.095084123043,6,132.095084123043,6,132.095084123043,0,6976.63326021568,0,6976.63326021569,1,0,6976.63326
NA,7010.74040854625,6,169.848496082243,7,177.600781471118,7,177.600781471118,0,7010.45055814915,0,7010.45055814917,1,0,7010.45056
NA,6806.26497034202,6,-22.5601098015087,7,-23.7291583989347,7,-23.6335574182706,0,6805.28428155536,0,6805.28428155536,1,0,6805.28428
NA,6916.13108985506,6,77.5844971707896,7,81.7437843185133,7,81.7437843185133,0,6915.50986077753,0,6915.50986077752,1,0,6915.50986
NA,6959.59400254192,6,101.217059970552,6,101.720574120729,6,101.721009208062,0,6957.54574386886,0,6957.54574386887,1,0,6957.54574
NA,6884.75756421715,6,55.437122690108,6,63.7764388667019,6,64.5369060978089,0,6882.96847209403,0,6882.96847209403,1,0,6882.96847
NA,6954.22848055753,6,114.915101249889,7,122.242153697742,7,124.428245253723,0,6953.93869114709,0,6953.93869114709,1,0,6953.93869
NA,6906.99713367343,6,55.6608716608764,6,60.8759695702559,6,60.8759695702559,0,6904.23772372192,0,6904.2377237219,1,0,6904.23772
NA,6913.97703572844,6,70.9533243587931,7,80.6625166212539,7,80.6625166212539,0,6909.85641529424,0,6909.85641529424,1,0,6909.85642
NA,6916.89651614022,6,72.5920685802694,7,82.2746230238044,7,82.4918106786435,0,6915.52859881874,0,6915.52859881874,1,0,6915.5286
NA,6832.10141680334,6,0.80128269807787,7,2.44402874960915,7,2.44402874960915,0,6830.7223365946,0,6830.72233659461,1,0,6830.72234
NA,6950.48940189933,6,99.3496902872493,7,103.950968005354,7,104.251801547059,0,6950.02113236384,0,6950.02113236385,1,0,6950.02113
NA,6994.29441225548,6,144.804130771545,6,151.070729939597,6,151.070729939597,0,6991.3663082862,0,6991.36630828621,1,0,6991.36631
NA,7005.1078095798,5,144.634325603729,5,145.579067919423,5,145.579067919423,0,6998.34534716583,0,6998.34534716582,1,0,6998.34535
NA,6919.61637388353,6,73.6559092560944,7,78.3826687296299,6,81.9377063517849,0,6916.78390639785,0,6916.78390639786,1,0,6916.78391
NA,6925.60048133407,6,88.6023838246623,7,88.5800932413892,7,88.7639153552231,0,6925.47248765339,0,6925.4724876534,1,0,6925.47249
NA,6999.8121958194,6,148.469773477423,7,153.986588761413,7,153.986588761413,0,6996.43922382939,0,6996.43922382939,1,0,6996.43922
NA,6953.13405735445,5,87.6843359984857,6,91.7085208514532,6,91.7085208514532,0,6940.48207994504,0,6940.48207994504,1,0,6940.48208
NA,6954.01954361011,6,112.931740961148,7,117.64705417749,7,117.65782404987,0,6951.8079410892,0,6951.8079410892,1,0,6951.80794
NA,6977.09917946926,7,143.277005611502,7,143.277005611502,7,143.277005611502,0,6976.71022663669,0,6976.71022663668,1,0,6976.71023
NA,6937.60714055095,6,87.2247437422383,6,90.962598931213,6,90.962598931213,0,6934.4890021974,0,6934.4890021974,1,0,6934.489
NA,6923.58235543782,5,79.1724859626898,5,81.3036284277453,5,81.3036284277453,0,6922.71792996014,0,6922.71792996014,1,0,6922.71793
NA,6868.14788414533,6,20.9251564699353,6,25.7472255445476,6,25.7472255445476,0,6868.05785093766,0,6868.05785093767,1,0,6868.05785
NA,6950.11954916077,7,119.986852986298,7,122.067108139527,7,122.531483530716,0,6949.30945105941,0,6949.30945105942,1,0,6949.30945
NA,6870.58116251272,6,23.5294064470153,6,23.8295527556397,7,23.0345713116906,0,6869.81738694336,0,6869.81738694335,1,0,6869.81739
NA,6929.00237279878,6,68.2632756230616,7,73.9786825037173,7,74.7402352699268,0,6928.31992437974,0,6928.31992437973,1,0,6928.31992
NA,6868.08702261956,5,39.8526982292779,6,40.1651580849849,6,40.1651580849849,0,6867.24526539091,0,6867.24526539091,1,0,6867.24527
NA,6922.25593552503,6,75.5877616169522,7,75.3501145793164,7,75.3501145793164,0,6917.286364077,0,6917.28636407702,1,0,6917.28636
NA,6921.05943907344,8,75.479030186038,8,76.6036427037548,7,78.9265682720759,0,6919.50073906564,0,6919.50073906566,1,0,6919.50074
NA,6941.57350394117,5,95.7843934441396,6,101.103353746511,6,101.103353746511,0,6941.35341314609,0,6941.35341314609,1,0,6941.35341
NA,6947.18467399339,6,95.388397155106,7,106.21987655186,7,106.21987655186,0,6943.9095144879,0,6943.9095144879,1,0,6943.90951
NA,6901.71228149713,6,42.8786115635869,7,47.7706179256456,7,47.7706179256456,0,6900.55432865139,0,6900.55432865137,1,0,6900.55433
NA,6935.52677673116,6,94.2181177818729,7,95.1491570372986,7,95.1491570372986,0,6933.74180180784,0,6933.74180180787,1,0,6933.7418
NA,6893.59698082927,6,42.6148518154943,6,47.0778684860534,6,47.0778684860534,0,6885.4026768428,0,6885.40267684281,1,0,6885.40268
NA,6843.71093667932,6,-7.27659078729249,5,-0.180525638422679,5,-0.180525638422679,0,6841.42831738713,0,6841.42831738712,1,0,6841.42832
NA,6964.93877351603,6,119.402791848918,7,127.111231797741,7,127.121238308838,0,6961.06723326567,0,6961.06723326567,1,0,6961.06723
NA,6871.20752598318,6,28.3433401253357,6,29.7461572861766,6,29.7461572861766,0,6867.77289661811,0,6867.77289661811,1,0,6867.7729
NA,6892.40144417217,6,40.9888177767169,6,42.3114181695768,6,43.43052289532,0,6891.25944286631,0,6891.25944286631,1,0,6891.25944
NA,6935.58978904419,5,88.8523922465258,7,96.5269950635592,7,96.5269950635592,0,6934.24002591637,0,6934.24002591637,1,0,6934.24003
NA,6951.17820230017,5,93.6080451430072,7,108.505440518442,7,108.549675543069,0,6950.71709766452,0,6950.71709766451,1,0,6950.7171
NA,6968.82711983495,6,116.827756784577,6,119.443301843174,6,119.443301843174,0,6968.01103885821,0,6968.0110388582,1,0,6968.01104
NA,6939.72091921197,6,88.6592262311395,7,97.2920690025441,8,103.072033339751,0,6935.87627327929,0,6935.8762732793,1,0,6935.87627
NA,6948.24297521549,6,101.412386546741,6,109.005651910964,6,109.005651910964,0,6948.19924961435,0,6948.19924961435,1,0,6948.19925
NA,6878.99158528553,6,37.2618571784422,7,37.3934858717487,7,39.4635079316202,0,6873.64332406134,0,6873.64332406134,1,0,6873.64332
NA,6983.1767680405,6,141.465293699415,7,149.589673523624,7,149.589673523624,0,6980.51554312331,0,6980.51554312331,1,0,6980.51554
NA,6842.22649950269,6,4.02518667552788,7,5.25029284015486,7,5.25029284015486,0,6841.54673656856,0,6841.54673656856,1,0,6841.54674
NA,6990.26605707619,6,140.751812290008,6,143.345304332494,6,143.345304332494,0,6989.23488454162,0,6989.23488454163,1,0,6989.23488
NA,6911.79674257902,7,64.3926375857159,7,73.2617490610799,7,73.2617490610799,0,6909.92228461088,0,6909.92228461087,1,0,6909.92228
NA,6886.01452695012,6,17.9298718098429,7,26.5140621485589,7,26.643268223612,0,6885.75078736403,0,6885.75078736402,1,0,6885.75079
NA,6965.27304804619,6,103.662811998765,6,103.662811998765,6,103.662811998765,0,6958.11186084892,0,6958.11186084893,1,0,6958.11186
NA,6890.91547263159,6,35.8097175656765,6,41.8266072384388,6,43.8814148828847,0,6890.31483139946,0,6890.31483139945,1,0,6890.31483
NA,6936.70635232542,6,93.5102987193653,7,94.1490966599443,7,94.1490966599443,0,6935.72031386891,0,6935.72031386892,1,0,6935.72031
NA,6970.22632669295,7,120.20439501595,7,120.20439501595,7,120.20439501595,0,6968.35973753093,0,6968.35973753094,1,0,6968.35974
NA,6985.03821520165,5,131.937282676083,5,132.476177453591,5,132.476177453591,0,6982.30034531084,0,6982.30034531085,1,0,6982.30035
NA,6983.01938090689,6,156.561422952912,6,157.965190984903,7,161.360280618017,0,6982.97376028895,0,6982.97376028895,1,0,6982.97376
NA,6884.7085088203,5,41.5515330188423,6,42.907108862776,6,42.9913125413912,0,6882.52219562326,0,6882.52219562326,1,0,6882.5222
NA,6976.01062237814,6,131.112001542064,7,137.064824754349,6,138.112258448471,0,6975.2631326732,0,6975.2631326732,1,0,6975.26313
NA,6942.7221738036,6,97.3062471970991,6,99.2762733313332,6,99.2762733313332,0,6941.82691779016,0,6941.82691779016,1,0,6941.82692
NA,6977.80184796544,6,128.824939395389,7,137.718407921646,6,138.79240925044,0,6977.27938998192,0,6977.27938998192,1,0,6977.27939
NA,6945.75609674485,6,96.8209055371367,7,109.876985358772,6,110.239069882856,0,6944.44929630492,0,6944.44929630491,1,0,6944.4493
NA,6864.22656435535,6,22.7287686159139,7,22.9523232318644,6,27.8523676687815,0,6856.89260976705,0,6856.89260976704,1,0,6856.89261
NA,6890.09223200777,6,40.6506374523816,7,41.6598959489229,7,41.6598959489229,0,6889.96916539864,0,6889.96916539862,1,0,6889.96917
NA,6918.21915670608,5,69.9637302910994,6,71.7370466970919,6,71.7370466970919,0,6917.99582931182,0,6917.99582931182,1,0,6917.99583
NA,6859.14025034315,6,17.865208747286,7,21.2268891309585,7,21.2268891309585,0,6856.27818381397,0,6856.27818381398,1,0,6856.27818
NA,6861.01898042477,5,24.9677603189472,6,27.0521967328789,6,27.0521967328789,0,6860.59044269802,0,6860.59044269801,1,0,6860.59044
NA,6882.91037612024,5,36.9218605813568,6,45.3855963227315,6,45.3855963227315,0,6882.62930045041,0,6882.62930045041,1,0,6882.6293
NA,7002.37485989881,5,162.275827265234,7,174.189644929213,7,174.189644929213,0,7000.97649471797,0,7000.97649471797,1,0,7000.97649
NA,6939.66302649917,7,100.382108006721,7,103.560114361321,6,105.05820439634,0,6939.11150273288,0,6939.1115027329,1,0,6939.1115
NA,6933.4398255131,5,89.0532324483225,6,94.9641616364728,5,95.4953921684071,0,6932.32011145589,0,6932.32011145589,1,0,6932.32011
NA,6912.4818833454,8,65.8982477089786,6,67.3073280920149,9,65.5773314916069,0,6910.94501304655,0,6910.94501304656,1,0,6910.94501
NA,6932.93385138717,6,103.606994931144,7,107.259221279277,6,114.82556190284,0,6932.46493088172,0,6932.46493088172,1,0,6932.46493
NA,6923.46973153454,6,75.9117385884783,6,78.2107519229889,6,78.6472990900147,0,6918.8634642348,0,6918.8634642348,1,0,6918.86346
NA,6904.03660692678,6,59.2002291748315,7,72.508588861279,7,72.508588861279,0,6903.6692988328,0,6903.66929883277,1,0,6903.6693
NA,7000.63411004595,5,165.864742953902,7,169.492745903366,6,169.3345303582,0,7000.00781960282,0,7000.00781960282,1,0,7000.00782
NA,6974.5228329406,5,120.735634960489,6,133.105795504802,5,132.75734947794,0,6973.80940305299,0,6973.80940305299,1,0,6973.8094
NA,6897.40596477716,6,66.2126883480913,6,69.6833424894565,6,69.6833424894565,0,6895.39878067027,0,6895.39878067028,1,0,6895.39878
NA,6942.65304280261,5,72.0670238966445,5,72.0670238966445,5,72.0670238966445,0,6942.49712394007,0,6942.49712394006,1,0,6942.49712
NA,6927.50815414248,6,81.3380514050667,7,81.4430751493468,7,81.4430751493468,0,6926.83151858625,0,6926.83151858623,1,0,6926.83152
NA,6939.77474513626,6,99.380703638218,7,102.50889022885,7,102.50889022885,0,6939.00431485409,0,6939.00431485409,1,0,6939.00431
NA,6986.83360882523,5,139.409836712511,7,150.025021507486,5,152.529978173047,0,6985.05509619001,0,6985.05509619001,1,0,6985.0551
NA,6849.50063306005,6,-3.78928395799784,6,-1.87468371332882,7,-2.36994381469746,0,6845.39779573381,0,6845.3977957338,1,0,6845.3978
NA,6816.35869857882,6,-27.4746485002824,7,-28.0217816648642,7,-28.0217816648642,0,6814.39645433993,0,6814.39645433989,1,0,6814.39645
NA,6965.66672057102,5,106.512550533741,5,111.124160704737,5,106.512550533741,0,6963.60469211396,0,6963.60469211395,1,0,6963.60469
NA,6863.63704705291,6,11.0724417819867,6,16.6548343532572,6,16.6548343532572,0,6863.25446121179,0,6863.25446121179,1,0,6863.25446
NA,6919.70369068183,6,58.873842380042,6,63.607100154615,6,63.607100154615,0,6917.03395525088,0,6917.03395525088,1,0,6917.03396
NA,6987.75605841652,5,151.046056768498,6,153.51850400444,6,154.052343563677,0,6985.52717094636,0,6985.52717094637,1,0,6985.52717
NA,6827.33337150609,6,-20.9232763475591,7,-14.2118516457699,7,-14.2118516457699,0,6827.13362922582,0,6827.13362922584,1,0,6827.13363
NA,6827.54114898807,6,-28.889815054946,7,-20.9898561646927,7,-20.9898561646927,0,6824.23387626476,0,6824.23387626477,1,0,6824.23388
NA,6877.83952836322,6,35.2586653928941,7,37.4538905323605,7,37.4538905323605,0,6872.68032518182,0,6872.68032518182,1,0,6872.68033
NA,6940.80086851871,6,96.8191334965993,6,98.2127749093457,6,98.2127749093457,0,6934.39104741066,0,6934.39104741066,1,0,6934.39105
NA,6951.59931957994,5,88.6410076141663,6,94.3070112596989,6,94.3070112596989,0,6947.24507123147,0,6947.24507123148,1,0,6947.24507
NA,6914.79332056883,6,64.6368775108698,6,65.2798071905402,6,65.2798071905402,0,6914.68494716229,0,6914.6849471623,1,0,6914.68495
NA,6914.24116002422,5,68.0270447823963,7,73.1881428213132,7,73.2052969578756,0,6913.01636887942,0,6913.01636887942,1,0,6913.01637
NA,6902.50705860075,6,49.0718233390283,7,56.8807412036685,7,57.0477547068248,0,6898.92149025526,0,6898.92149025526,1,0,6898.92149
NA,6944.97056641148,6,105.855735371285,7,106.261460147247,7,106.261460147247,0,6941.85483330386,0,6941.85483330386,1,0,6941.85483
NA,6938.57738822567,6,103.770304327275,7,113.052183813657,7,117.061254077517,0,6937.85525805834,0,6937.85525805835,1,0,6937.85526
NA,6858.25555475788,6,15.2605367156524,6,16.9281672769546,7,15.8147624839647,0,6856.82782284183,0,6856.82782284184,1,0,6856.82782
NA,6865.09456760648,7,11.6527563523725,7,17.2410376780376,7,17.2410376780376,0,6863.49730304018,0,6863.49730304018,1,0,6863.4973
NA,6887.42031062263,5,38.3593364500775,7,41.4282570804756,7,41.4282570804756,0,6885.56557532118,0,6885.56557532118,1,0,6885.56558
NA,6944.19583421128,6,93.3063230286238,6,93.3063230286238,6,93.3063230286238,0,6938.55786121087,0,6938.55786121086,1,0,6938.55786
NA,6931.73805926661,5,93.4393666544308,6,98.107793016582,6,98.9870265166366,0,6931.31666826543,0,6931.31666826541,1,0,6931.31667
NA,6822.29831152434,7,-22.3803821416779,7,-22.3803821416779,6,-18.6857563589757,0,6821.1083039929,0,6821.10830399289,1,0,6821.1083
NA,6863.20371285931,6,6.2552595364307,6,8.02043989984426,6,8.02043989984426,0,6861.32740041132,0,6861.32740041133,1,0,6861.3274
NA,6887.30195027084,5,45.9320482965715,6,53.2203431498744,6,54.3754545837188,0,6886.9526228284,0,6886.9526228284,1,0,6886.95262
NA,6971.77918251176,5,129.087912628059,6,135.755976639004,5,135.200431411709,0,6970.91168588075,0,6970.91168588076,1,0,6970.91169
NA,6894.159168726,6,65.9848344883842,7,66.2818227220581,7,66.2818227220581,0,6892.33739885584,0,6892.33739885584,1,0,6892.3374
NA,6917.33974750517,7,63.2628378254689,7,63.5827974232554,7,63.5827974232554,0,6916.91173366378,0,6916.91173366378,1,0,6916.91173
NA,6959.54145085275,7,103.970447204182,7,111.891022954671,7,112.220807667265,0,6957.83290430083,0,6957.83290430081,1,0,6957.8329
NA,6884.8772035455,4,23.4597633296547,4,29.2295782729853,4,29.2295782729853,0,6884.42617493789,0,6884.42617493788,1,0,6884.42617
NA,6844.79788867248,6,0.793870328389829,6,8.22892480676371,7,7.33419486776344,0,6844.13184000849,0,6844.13184000848,1,0,6844.13184
NA,6864.90916629645,6,24.4389909657594,6,24.4389909657594,6,24.4389909657594,0,6862.91669571585,0,6862.91669571586,1,0,6862.9167
NA,6944.34419088191,5,79.131168903847,6,88.534920408005,6,89.6161020111805,0,6940.38811007608,0,6940.38811007608,1,0,6940.38811
NA,6943.04372801364,5,96.9569164378059,6,106.640888238557,6,109.727082175628,0,6938.03272332732,0,6938.03272332732,1,0,6938.03272
NA,6965.11773198329,6,123.941101827925,7,133.097954995538,6,132.860178896467,0,6964.61077439153,0,6964.61077439154,1,0,6964.61077
NA,6862.79777895928,7,15.8321324128136,7,15.8321324128136,7,17.1712258612159,0,6861.53469442157,0,6861.53469442158,1,0,6861.53469
NA,6943.1973390855,6,107.124572329171,7,109.918802251103,7,110.241103832907,0,6941.44884636258,0,6941.44884636258,1,0,6941.44885
NA,6954.79992501023,5,101.160341360897,6,103.401006334608,6,103.401006334608,0,6953.76697923281,0,6953.76697923281,1,0,6953.76698
NA,6905.01787518534,5,63.1350477767307,6,65.5640785121236,6,65.5640785121236,0,6904.86882717523,0,6904.86882717523,1,0,6904.86883
NA,6995.54131435892,6,150.945851120889,6,151.735526686882,6,151.735526686882,0,6994.95295686296,0,6994.95295686295,1,0,6994.95296
NA,6889.85804290875,6,50.9597358211696,7,55.5652547429143,6,56.8513157526412,0,6884.90062834916,0,6884.90062834916,1,0,6884.90063
NA,6960.1720405753,7,123.968846004093,7,123.968846004093,6,124.687407283137,0,6960.11691601555,0,6960.11691601554,1,0,6960.11692
NA,6940.68267727481,6,108.239111725256,7,110.304504539469,7,110.304504539469,0,6939.47586565849,0,6939.47586565851,1,0,6939.47587
NA,6891.17535121097,6,53.1237187831487,6,54.1500156296963,6,54.1500156296963,0,6889.67932434187,0,6889.67932434189,1,0,6889.67932
NA,6903.77630765238,7,57.7885337668737,6,65.9428555520784,5,68.3731565921003,0,6902.06897612921,0,6902.06897612921,1,0,6902.06898
NA,6934.34157650217,5,97.3602351480422,7,104.291483036712,7,104.320642777921,0,6932.1427993632,0,6932.14279936319,1,0,6932.1428
NA,6889.39607344912,5,53.4034102596189,7,61.8958021863823,6,65.7693650435289,0,6888.24089664011,0,6888.24089664011,1,0,6888.2409
NA,6934.46779654716,5,73.9735565620201,7,88.3286599817933,7,88.3286599817933,0,6930.42772335437,0,6930.42772335437,1,0,6930.42772
NA,6932.04665466875,6,86.3197739165279,6,86.3197739165279,6,86.3197739165279,0,6932.04250935899,0,6932.04250935904,1,0,6932.04251
NA,6924.14304082486,5,59.8726714644867,6,65.4159824567419,6,65.4159824567419,0,6924.05859495045,0,6924.05859495046,1,0,6924.05859
NA,6971.84357813873,5,118.789529589567,5,123.778416247896,5,123.778416247896,0,6968.21383992761,0,6968.21383992761,1,0,6968.21384
NA,6856.7511530237,6,-3.70943341991332,6,4.09705832473706,5,9.78016653477094,0,6855.05864677639,0,6855.0586467764,1,0,6855.05865
NA,6872.94310043822,6,29.4102216703465,5,33.8378304249502,5,33.8378304249502,0,6872.26314144356,0,6872.26314144355,1,0,6872.26314
NA,6941.92060150101,5,94.6157707149977,5,100.128377704949,5,103.042553203151,0,6937.83949515663,0,6937.83949515663,1,0,6937.8395
NA,6929.46926612563,6,75.8648496037255,7,78.8097780123606,7,78.8097780123606,0,6929.08520550738,0,6929.0852055074,1,0,6929.08521
NA,6886.19126429539,6,43.6551160019893,7,48.2690132182349,7,48.2690132182349,0,6885.65147377096,0,6885.65147377097,1,0,6885.65147
NA,7018.30281047994,6,182.01792871962,7,187.879268152449,7,191.800044778693,0,7016.91591629521,0,7016.91591629521,1,0,7016.91592
NA,6992.16976562302,6,141.641828442635,6,142.137833477111,6,142.137833477111,0,6990.11781431919,0,6990.11781431919,1,0,6990.11781
NA,6909.75251700986,7,59.7744821969228,6,63.8168899019419,7,65.3548597103161,0,6902.8569473331,0,6902.8569473331,1,0,6902.85695
NA,6955.55327035934,6,101.678390276788,7,102.998760736941,7,103.802904117896,0,6951.50686374409,0,6951.5068637441,1,0,6951.50686
NA,6872.21329617618,5,26.1712840076219,6,43.2121344410049,5,46.1111241648776,0,6870.0038268069,0,6870.0038268069,1,0,6870.00383
NA,6903.46139730224,5,59.6578176965534,6,60.5637099610987,6,60.5637099610987,0,6899.70478048657,0,6899.70478048658,1,0,6899.70478
NA,6880.60718220985,7,49.7434542631084,6,52.9301117795134,6,52.9301117795134,0,6880.47603423861,0,6880.47603423861,1,0,6880.47603
NA,6911.4297970454,6,54.6296968657393,6,60.9988851867792,6,60.9988851867792,0,6910.5131415746,0,6910.51314157459,1,0,6910.51314
NA,6949.68804138763,6,98.9272211384755,6,100.524701337375,6,100.549283484163,0,6948.80047050827,0,6948.80047050828,1,0,6948.80047
NA,6887.18167090976,6,57.2893699481897,6,60.2070907002082,6,60.2070907002082,0,6886.96822834703,0,6886.96822834702,1,0,6886.96823
NA,6866.69012807657,5,21.6378087688636,5,23.1809895253891,5,23.3889195310655,0,6865.34747696654,0,6865.34747696654,1,0,6865.34748
NA,6949.74935997397,6,118.494645593654,6,118.56818807881,7,120.479490321919,0,6948.1312620552,0,6948.13126205521,1,0,6948.13126
NA,6970.86844547856,7,132.685426599572,7,132.685426599572,7,132.685426599572,0,6970.15307781431,0,6970.15307781431,1,0,6970.15308
NA,6834.89128790484,6,0.357421109605227,5,9.73658151849801,7,9.21151274761299,0,6834.53483258926,0,6834.53483258927,1,0,6834.53483
NA,6897.45307143202,5,53.9746699318359,6,64.654653561396,6,64.654653561396,0,6897.38524577934,0,6897.38524577934,1,0,6897.38525
NA,6920.91072820465,6,77.8181486237028,7,81.919208669929,7,82.0613496145145,0,6919.72795439675,0,6919.72795439674,1,0,6919.72795
NA,6866.20999339745,6,17.3982339282281,6,26.3096542869209,6,26.3096542869209,0,6864.83972246393,0,6864.83972246394,1,0,6864.83972
NA,6934.58797680423,7,96.899627922475,7,101.476486780068,7,101.476486780068,0,6932.06038160778,0,6932.06038160779,1,0,6932.06038
NA,6824.49125342317,6,-20.8286095103787,7,-9.94366606725933,7,-9.94366606725933,0,6821.34736255811,0,6821.34736255811,1,0,6821.34736
NA,6908.71217576825,6,65.4935512886336,7,69.0115586913136,7,69.0115586913136,0,6906.72156727004,0,6906.72156727003,1,0,6906.72157
NA,6830.3563852694,5,-24.1933125261995,6,-13.9077572982197,6,-13.9077572982197,0,6829.97331040782,0,6829.97331040779,1,0,6829.97331
NA,6939.7065960658,5,87.3043113099741,6,94.957968649462,5,96.5833975420482,0,6939.16958884739,0,6939.1695888474,1,0,6939.16959
NA,6873.6569461208,6,34.1446713190313,6,34.8843006045475,6,34.8843006045475,0,6866.31974773069,0,6866.31974773068,1,0,6866.31975
NA,6848.02784735227,6,8.42085480044943,7,10.8259908621202,7,12.1951978244518,0,6847.85682970073,0,6847.85682970073,1,0,6847.85683
NA,6974.90545388004,7,143.303414377072,7,143.303414377072,6,147.442591002689,0,6974.42644116655,0,6974.42644116655,1,0,6974.42644
NA,6931.21675388526,6,79.5105811842213,6,80.3804058021138,6,80.1900793069941,0,6930.25264270549,0,6930.2526427055,1,0,6930.25264
NA,6962.28921728882,5,108.72260646981,5,114.273104414978,5,114.273104414978,0,6961.51645458767,0,6961.51645458767,1,0,6961.51645
NA,6989.42065433859,7,152.276591294487,7,160.815365440863,6,160.607165853621,0,6988.62509926304,0,6988.62509926306,1,0,6988.6251
NA,6855.7538372499,6,8.52123313505483,7,15.7639955601589,7,15.7639955601589,0,6850.00286464578,0,6850.00286464578,1,0,6850.00286
NA,6845.68649872296,6,-11.2327017174771,6,-11.0933933462957,5,-9.2340480451968,0,6843.17014317619,0,6843.17014317619,1,0,6843.17014
NA,6915.42897595588,7,82.3672024914148,7,85.889806528164,7,86.7467058381759,0,6914.88905624301,0,6914.88905624301,1,0,6914.88906
NA,6883.69060764408,6,37.4340464911234,7,43.9936565149551,7,43.9936565149551,0,6882.52916754728,0,6882.52916754729,1,0,6882.52917
NA,6855.70773405565,5,8.40440285172323,6,21.336596956882,7,21.047093276293,0,6852.7800074081,0,6852.78000740809,1,0,6852.78001
NA,6947.17457163759,7,102.468800542102,7,107.388365350225,7,107.388365350225,0,6946.20227582601,0,6946.202275826,1,0,6946.20228
NA,6890.34771197362,6,40.283160784557,6,41.6402568099022,6,41.6402568099022,0,6887.2512680849,0,6887.25126808489,1,0,6887.25127
NA,6981.72710313097,7,144.880180428795,8,149.591222234836,7,155.21828673213,0,6979.69343835468,0,6979.69343835468,1,0,6979.69344
NA,6928.25107424657,7,74.4922604892788,6,90.1720276336751,6,90.1720276336751,0,6927.11343477541,0,6927.11343477542,1,0,6927.11343
NA,6883.20528126166,6,30.5332969178218,6,30.5332969178218,6,30.5332969178218,0,6882.89120401599,0,6882.89120401597,1,0,6882.8912
NA,6894.82602773485,6,70.0553536735445,7,74.7275220347592,7,74.7275220347592,0,6892.86825851468,0,6892.86825851467,1,0,6892.86826
NA,7015.37191677238,5,163.893798792711,5,165.420076077355,5,165.420076077355,0,7014.20834246722,0,7014.20834246723,1,0,7014.20834
NA,6868.25026748389,6,28.8592197958888,7,34.9507885858542,7,34.9507885858542,0,6862.89530948839,0,6862.89530948839,1,0,6862.89531
NA,6968.40873833027,6,112.262950552574,6,112.262950552574,6,112.262950552574,0,6965.91402155992,0,6965.91402155994,1,0,6965.91402
NA,6924.43053164094,6,81.4740773142247,7,86.706343226448,7,86.8654035895229,0,6924.2038224209,0,6924.2038224209,1,0,6924.20382
NA,6903.2941545003,6,59.3601827644187,7,62.8861954403528,7,62.8861954403528,0,6902.30751417668,0,6902.30751417668,1,0,6902.30751
NA,6892.33329832345,6,40.5106673568109,5,42.6875369454058,6,42.6830743605519,0,6892.32476631748,0,6892.32476631749,1,0,6892.32477
NA,6853.17103754187,5,-0.264168573976221,6,4.64728549504781,6,4.64728549504781,0,6853.14926074117,0,6853.14926074117,1,0,6853.14926
NA,6885.9871147144,5,38.0888393846242,6,42.7638432084341,6,43.4718400203955,0,6880.51992297999,0,6880.51992298,1,0,6880.51992
NA,6968.06304438456,6,120.659270535438,7,132.359323567645,6,134.285723046139,0,6964.08678133729,0,6964.08678133728,1,0,6964.08678
NA,6831.67168381462,5,-20.6243902717375,6,-17.9157019825842,6,-17.9157019825842,0,6831.18105545468,0,6831.18105545468,1,0,6831.18106
NA,6879.99603139182,6,47.7466067780916,6,47.7466067780916,6,47.7466067780916,0,6874.81440750731,0,6874.81440750731,1,0,6874.81441
NA,6875.48163848344,7,31.5862107262818,8,40.1736343500985,8,41.591601320787,0,6874.99790487322,0,6874.99790487322,1,0,6874.9979
NA,6911.4528063571,6,64.6919164040426,6,67.9007947585801,6,67.9007947585801,0,6906.61986182055,0,6906.61986182056,1,0,6906.61986
NA,6916.03641392492,6,92.7388876933825,7,97.2419238224142,7,97.2419238224142,0,6914.22617490149,0,6914.22617490149,1,0,6914.22617
NA,6896.26758068289,7,46.0529114244736,6,47.1608357392408,7,46.9248833324939,0,6894.38924277911,0,6894.3892427791,1,0,6894.38924
NA,6919.3135105916,5,53.6153890624199,5,53.6153890624199,5,53.6153890624199,0,6918.083245785,0,6918.08324578499,1,0,6918.08325
NA,6979.48758014759,5,137.941589370242,6,146.167406798612,6,146.167406798612,0,6976.87085462658,0,6976.87085462658,1,0,6976.87085
NA,6947.9695948396,6,101.972601430742,6,104.058795398792,6,104.058795398792,0,6945.13116670867,0,6945.13116670867,1,0,6945.13117
NA,6920.69267679833,5,72.3940246439203,5,75.3215033118573,5,76.7950548285846,0,6919.74145826681,0,6919.74145826681,1,0,6919.74146
NA,6922.10357351402,6,71.097449135269,7,74.7299571441326,7,74.7299571441326,0,6920.13961293074,0,6920.13961293075,1,0,6920.13961
NA,6924.03482118623,5,80.7856882621162,5,88.7553810771911,5,88.7553810771911,0,6917.86030982048,0,6917.86030982048,1,0,6917.86031
NA,6951.64179403535,7,102.342077133407,6,104.906304691668,6,104.906304691668,0,6949.90894713064,0,6949.90894713067,1,0,6949.90895
NA,6845.37809247528,6,14.6367584746985,7,16.6169901659302,7,17.2720297146625,0,6843.55993850525,0,6843.55993850524,1,0,6843.55994
NA,6928.91829819538,5,90.3398985946817,7,96.953680839184,7,96.953680839184,0,6928.20542751834,0,6928.20542751834,1,0,6928.20543
NA,6851.13592703156,6,6.89495521112696,6,7.84190266905219,6,7.84190266905219,0,6850.4018413601,0,6850.40184136011,1,0,6850.40184
NA,6960.60012267117,6,113.234980578498,7,113.377364594632,6,118.133301417631,0,6958.41833608147,0,6958.41833608147,1,0,6958.41834
NA,6848.3030619931,6,4.07515969285564,6,11.9263365208007,6,11.9263365208007,0,6845.6710714204,0,6845.6710714204,1,0,6845.67107
NA,6828.09980451905,6,-2.26292366493276,6,2.42670039990432,8,0.983199331881551,0,6822.50311484949,0,6822.50311484948,1,0,6822.50311
NA,6978.5058241528,5,124.628096862581,6,132.023925694331,5,134.342278816107,0,6978.35498415374,0,6978.35498415374,1,0,6978.35498
NA,6894.55489231036,5,48.439256013587,6,54.1739732253621,6,54.1739732253621,0,6892.97681462498,0,6892.97681462498,1,0,6892.97681
NA,6865.02538574815,6,30.7396064364547,6,35.1019613257879,6,35.1019613257879,0,6863.31382082606,0,6863.31382082606,1,0,6863.31382
NA,6911.39349688003,6,50.783105838251,7,58.8032582918584,7,58.8032582918584,0,6910.79939904089,0,6910.7993990409,1,0,6910.7994
NA,6932.10363510266,5,71.3710164949461,6,80.5856331272367,6,80.5856331272367,0,6930.6517422158,0,6930.6517422158,1,0,6930.65174
NA,6914.21482160786,6,76.4896362760592,6,80.6870379059671,6,80.6870379059671,0,6913.84573331904,0,6913.84573331904,1,0,6913.84573
NA,6949.04154456826,7,114.265934830318,6,115.250473989714,6,115.250473989714,0,6948.0079346318,0,6948.00793463181,1,0,6948.00793
NA,6923.64374306742,5,66.8308497412675,6,67.5290090450959,6,67.5290090450959,0,6919.7846840456,0,6919.7846840456,1,0,6919.78468
NA,6913.27765566771,6,67.2306269945377,6,73.3941772045797,6,74.343616695912,0,6909.97541303112,0,6909.97541303112,1,0,6909.97541
NA,6912.80890335818,6,67.8448793214004,7,67.3648627190865,7,67.3648627190865,0,6905.97438965409,0,6905.97438965409,1,0,6905.97439
NA,6903.50193270473,6,54.7217520242676,6,55.4475262569201,6,55.4475262569201,0,6903.46629205885,0,6903.46629205882,1,0,6903.46629
NA,6959.95225427592,6,124.744735399035,7,129.935822170307,6,130.74394032198,0,6958.39567136925,0,6958.39567136924,1,0,6958.39567
NA,6894.02118378699,6,45.5876369872358,6,60.5330933023577,6,60.5330933023577,0,6891.44168575708,0,6891.44168575708,1,0,6891.44169
NA,6928.96164325039,6,91.2751803170427,7,103.93030937475,7,103.93030937475,0,6925.8038881204,0,6925.8038881204,1,0,6925.80389
NA,6950.48564464975,6,112.589948753756,6,122.820377517956,6,122.820377517956,0,6948.403908771,0,6948.40390877101,1,0,6948.40391
NA,6985.32532534519,6,130.6591178134,6,131.410067097086,6,131.410067097086,0,6982.73701023836,0,6982.73701023833,1,0,6982.73701
NA,6908.28215432579,7,55.3071774771185,7,55.428527256781,7,55.428527256781,0,6906.59932136357,0,6906.59932136357,1,0,6906.59932
NA,6938.05440742456,6,97.0771741977953,7,101.969924483679,6,102.234915511974,0,6936.60798108582,0,6936.60798108581,1,0,6936.60798
NA,6892.87471722015,8,50.6519727711136,7,54.8489543022227,7,54.8489543022227,0,6891.36576182165,0,6891.36576182165,1,0,6891.36576
NA,6902.21330444342,5,45.0453113285728,5,45.5120679727908,5,45.5120679727908,0,6901.13896229968,0,6901.13896229968,1,0,6901.13896
NA,6947.09183924237,5,62.9022323881864,6,73.7817273613268,6,73.946843897136,0,6944.80592534752,0,6944.80592534753,1,0,6944.80593
NA,6886.8842393997,5,41.0741860563889,5,49.930638324514,4,50.4114777288022,0,6886.71368202179,0,6886.71368202179,1,0,6886.71368
NA,6892.40581858156,5,57.4487319062514,6,65.7261479972662,5,68.810945227974,0,6891.70126618849,0,6891.70126618849,1,0,6891.70127
NA,7032.36594570722,6,194.471445186898,6,195.602541842748,7,197.62292041778,0,7031.42336110619,0,7031.42336110618,1,0,7031.42336
NA,6883.45218327184,6,36.0609877073428,6,36.0609877073428,6,36.0609877073428,0,6883.26223628952,0,6883.2622362895,1,0,6883.26224
NA,6905.26082744362,7,69.3097319428815,7,69.3097319428815,7,69.4591591614598,0,6897.97759358072,0,6897.97759358073,1,0,6897.97759
NA,6956.78616730793,5,105.930319293578,6,119.170786608403,6,119.170786608403,0,6956.52990353242,0,6956.52990353242,1,0,6956.5299
NA,6903.42919734893,6,58.6442666565792,7,65.4396904203586,8,65.2524908056964,0,6897.47380249756,0,6897.47380249757,1,0,6897.4738
NA,6922.50832974802,6,82.2075323660218,7,85.23857715151,7,85.2661133735572,0,6921.23601461816,0,6921.23601461816,1,0,6921.23601
NA,6959.49199673699,7,113.830880077768,8,119.096297365286,7,119.412599196118,0,6955.8625163269,0,6955.86251632689,1,0,6955.86252
NA,6833.06167026409,5,-4.4605512907134,6,-5.40265587270501,6,-5.40265587270501,0,6832.78441078021,0,6832.7844107802,1,0,6832.78441
NA,6878.07854584999,6,37.7530042082173,6,39.0887026685212,6,39.0887026685212,0,6877.41636930972,0,6877.41636930973,1,0,6877.41637
NA,7014.18922324495,6,170.628107412337,6,173.95940446324,5,174.064769019092,0,7013.5397159717,0,7013.5397159717,1,0,7013.53972
NA,6972.94607740012,5,125.77774359586,6,135.072945819121,6,135.072945819121,0,6972.32547151852,0,6972.32547151854,1,0,6972.32547
NA,6929.32432368945,5,69.2660452589425,6,76.2980109592229,8,77.9595125977367,0,6925.2364309493,0,6925.23643094929,1,0,6925.23643
NA,6937.19277521119,6,77.6343580516518,6,77.8408337169709,6,77.8987043059478,0,6935.45795138986,0,6935.45795138986,1,0,6935.45795
NA,6860.01297144011,5,2.3954699698012,5,4.50401426504716,6,4.34203520126361,0,6857.69377861116,0,6857.69377861113,1,0,6857.69378
NA,6854.37916013327,6,8.79830756381079,6,9.59221917224733,6,9.59221917224733,0,6854.04290714105,0,6854.04290714105,1,0,6854.04291
NA,6880.45887903899,6,43.9622283963335,7,46.8412473102783,7,46.8412473102783,0,6879.79579279004,0,6879.79579279002,1,0,6879.79579
NA,6951.81819728694,6,113.244290086964,6,114.075311656475,6,114.075311656475,0,6951.02966874933,0,6951.02966874933,1,0,6951.02967
NA,6873.08481615537,5,10.4436376140571,5,10.7961311245689,5,10.7961311245689,0,6872.04565880313,0,6872.04565880313,1,0,6872.04566
NA,6992.54932104526,6,159.051164625444,7,162.22756318554,6,162.0446740185,0,6989.46545483442,0,6989.46545483442,1,0,6989.46545
NA,6931.20930478418,7,103.612757306137,7,104.033155946287,7,104.033155946287,0,6928.97746420267,0,6928.97746420268,1,0,6928.97746
NA,6924.3554670109,6,73.2882039141767,7,82.297065758651,7,82.297065758651,0,6916.42059063968,0,6916.42059063968,1,0,6916.42059
NA,6868.17483814143,6,32.6100730149567,7,35.7733769683674,7,35.7733769683674,0,6866.33859978757,0,6866.33859978758,1,0,6866.3386
NA,6800.58638586749,6,-39.4278952290042,5,-34.0645560510354,6,-34.6867412567709,0,6800.25252573357,0,6800.25252573357,1,0,6800.25253
NA,6837.87990814907,6,-6.47187030706488,6,-6.47187030706488,6,-6.47187030706488,0,6837.55601681991,0,6837.55601681993,1,0,6837.55602
NA,6884.03416011387,6,39.1565079509612,7,45.6100497685548,7,46.2712233553218,0,6879.68973958661,0,6879.68973958661,1,0,6879.68974
NA,6925.44028199365,6,70.4362310408357,6,70.7576661594988,6,70.7576661594988,0,6923.22247488788,0,6923.22247488788,1,0,6923.22247
NA,6883.74694953062,6,44.5078225736597,6,48.5712871481805,6,48.5712871481805,0,6879.75475163693,0,6879.75475163691,1,0,6879.75475
NA,6872.25637793525,7,29.4946014831696,7,31.2900843476481,7,35.1623547008557,0,6871.67255978776,0,6871.67255978776,1,0,6871.67256
NA,6911.31462605608,5,85.2449698604267,6,89.026552133657,6,89.026552133657,0,6910.57718100677,0,6910.57718100677,1,0,6910.57718
NA,6877.38919858375,7,43.73768545578,8,51.8354545868973,8,51.8354545868973,0,6877.06296224537,0,6877.06296224537,1,0,6877.06296
NA,6955.68822779939,4,100.969639786003,5,111.537784831495,5,111.537784831495,0,6954.00734754914,0,6954.00734754912,1,0,6954.00735
NA,6910.22033570038,6,60.1670316571749,6,63.95259645317,6,63.95259645317,0,6909.32366132844,0,6909.32366132845,1,0,6909.32366
NA,6944.19185845296,6,92.8497238833272,7,100.818087351948,7,100.818087351948,0,6943.35896705864,0,6943.35896705865,1,0,6943.35897
NA,6975.82451033629,6,126.221035612694,7,138.172487081415,6,139.716476482535,0,6968.43626618427,0,6968.43626618427,1,0,6968.43627
NA,6899.13263926302,6,65.8648769211038,6,74.9214431247578,7,74.5573372056984,0,6898.6528715184,0,6898.6528715184,1,0,6898.65287
NA,6969.64237852579,6,121.000850211782,6,125.811581767606,6,125.811581767606,0,6969.23183082225,0,6969.23183082225,1,0,6969.23183
NA,6815.38638155282,6,-26.1245194823049,7,-17.2209035760881,7,-17.2209035760881,0,6814.05930297065,0,6814.05930297065,1,0,6814.0593
NA,6967.96945509342,6,124.912496333768,7,135.236103898272,7,135.236103898272,0,6967.30309418783,0,6967.30309418781,1,0,6967.30309
NA,6868.20126515665,5,16.417654042764,5,21.0373979209733,5,21.0373979209733,0,6863.87143544566,0,6863.87143544568,1,0,6863.87144
NA,6930.04368479114,6,75.3997957281284,7,82.8123447883158,5,87.4848437586487,0,6923.71627054878,0,6923.71627054877,1,0,6923.71627
NA,6912.16833086215,6,63.1783461772922,6,64.0837922288181,6,64.0837922288181,0,6911.33670702427,0,6911.33670702427,1,0,6911.33671
NA,6928.86949534847,6,74.4531132576775,7,79.1630489590969,7,79.5810813803763,0,6928.80006959002,0,6928.80006959003,1,0,6928.80007
NA,6961.74791332098,6,114.312443708451,6,118.517381027718,6,118.517381027718,0,6961.31419141059,0,6961.31419141059,1,0,6961.31419
NA,6905.27453593186,5,54.3483696620591,6,60.329305877829,6,60.329305877829,0,6903.66923742129,0,6903.66923742129,1,0,6903.66924
NA,6941.96619576661,5,90.8678245737172,6,96.7321949772982,6,96.7321949772982,0,6940.33969900014,0,6940.33969900014,1,0,6940.3397
NA,6970.10373529609,6,114.102268027128,6,115.087267232799,6,115.596944014146,0,6966.81175496808,0,6966.81175496808,1,0,6966.81175
NA,6957.33376035653,5,119.631665779644,6,121.906626218101,6,121.926718289818,0,6955.54107194861,0,6955.54107194861,1,0,6955.54107
NA,6908.71013237967,6,69.9815507940178,6,82.1155839373221,7,82.4560203917461,0,6906.76279635425,0,6906.76279635424,1,0,6906.7628
NA,6882.05339455043,6,31.9336430703949,6,36.3214786264343,6,36.3214786264343,0,6879.11508657732,0,6879.11508657732,1,0,6879.11509
NA,6922.90631092055,6,83.9339538270537,7,87.9519844247852,7,87.9519844247852,0,6919.39193870149,0,6919.39193870148,1,0,6919.39194
NA,6830.0378420312,6,-0.996838226309862,7,-1.09225563061401,7,-1.06091827844921,0,6829.59575960821,0,6829.59575960821,1,0,6829.59576
NA,6920.24318819565,6,69.8729534133882,7,69.4472606663882,7,69.4472606663882,0,6919.38561814811,0,6919.38561814812,1,0,6919.38562
NA,6894.40713556286,5,46.2365559661614,6,53.556243844451,6,53.556243844451,0,6894.10974570975,0,6894.10974570975,1,0,6894.10975
NA,7004.53038902229,6,171.25221188801,6,175.32677486116,5,177.36982270331,0,7002.9306937091,0,7002.9306937091,1,0,7002.93069
NA,6926.02783947544,7,94.5086604685805,7,95.3013488351314,7,95.3013488351314,0,6925.58672904878,0,6925.58672904879,1,0,6925.58673
NA,6924.57821585249,6,83.7776314776476,7,90.7317968994872,7,91.0053056529736,0,6923.83827887658,0,6923.83827887658,1,0,6923.83828
NA,6914.9485301703,7,76.165173117707,8,85.4536202994059,7,87.1654009200973,0,6914.50916524094,0,6914.50916524094,1,0,6914.50917
NA,7052.05310874238,6,216.836793485914,7,226.217006190489,7,226.599866690382,0,7050.01784456279,0,7050.01784456279,1,0,7050.01784
NA,6947.45847745966,7,106.39184768935,6,109.73418558819,8,110.121684575758,0,6942.40262583604,0,6942.40262583605,1,0,6942.40263
NA,6926.98612560885,6,87.0926771179154,5,93.3796187857727,5,93.3796187857727,0,6926.53079258588,0,6926.5307925859,1,0,6926.53079
NA,6915.56063753207,6,67.8491117809541,6,77.4490408215076,6,77.4490408215076,0,6914.11051228073,0,6914.11051228071,1,0,6914.11051
NA,6940.33355147759,6,95.9552105035263,6,95.9552105035263,6,98.5835339807329,0,6937.28078461176,0,6937.28078461177,1,0,6937.28078
NA,6892.80061856386,6,38.7854149170719,7,48.3905589744633,8,49.9462438319193,0,6889.96470982045,0,6889.96470982045,1,0,6889.96471
NA,6969.11339035579,6,122.315623218799,6,122.315623218799,6,122.315623218799,0,6968.43871377751,0,6968.43871377751,1,0,6968.43871
NA,6872.89275536248,6,47.5363388728198,7,54.0524676562179,7,60.8507151897227,0,6872.7788229095,0,6872.7788229095,1,0,6872.77882
NA,6983.31203405585,5,116.763246830968,5,116.763246830968,5,116.763246830968,0,6980.16261686896,0,6980.16261686896,1,0,6980.16262
NA,6891.32841390633,6,57.5885895026999,5,60.0068420869216,5,60.0068420869216,0,6888.9134837937,0,6888.9134837937,1,0,6888.91348
NA,6869.252544656,6,34.2061834806703,7,35.283013227017,6,36.9447960491879,0,6863.43109566971,0,6863.43109566973,1,0,6863.4311
NA,6867.17386681156,6,30.6216021593228,6,35.2816734073442,6,35.2816734073442,0,6866.7328989928,0,6866.7328989928,1,0,6866.7329
NA,6988.76765235994,6,151.576942923254,7,156.696758889358,6,156.593028386699,0,6985.59078973512,0,6985.59078973512,1,0,6985.59079
NA,6936.82096964665,6,93.1155777708296,6,95.1339710211507,6,95.1339710211507,0,6936.67259262056,0,6936.67259262055,1,0,6936.67259
NA,6942.70576672712,6,90.5348290597657,6,93.9565523332007,6,93.9565523332007,0,6939.45709455656,0,6939.45709455655,1,0,6939.45709
NA,6986.11662233548,5,119.250543219569,6,122.663895604347,6,122.663895604347,0,6983.92797026262,0,6983.92797026261,1,0,6983.92797
NA,6940.50296764716,6,94.8987211120397,6,96.5884846104762,6,99.5969932783295,0,6940.04649646025,0,6940.04649646025,1,0,6940.0465
NA,6924.72421301269,5,81.5636606064854,5,81.5636606064854,5,81.5636606064854,0,6924.09013115793,0,6924.09013115792,1,0,6924.09013
NA,6897.25629801122,6,51.7295098567549,6,55.0441370982491,6,55.1355949541681,0,6896.12918326479,0,6896.12918326479,1,0,6896.12918
NA,6954.56858209886,6,122.946105522043,6,124.723331811599,6,124.723331811599,0,6951.4748692153,0,6951.47486921531,1,0,6951.47487
NA,6972.08706534584,6,113.136267951962,6,114.746615981793,5,116.964006239233,0,6967.80468886077,0,6967.80468886074,1,0,6967.80469
NA,6842.01927402773,5,-13.5960092887469,6,-10.9132941924063,6,-10.9132941924063,0,6839.76446081056,0,6839.76446081057,1,0,6839.76446
NA,6936.77156223825,6,86.5061482793544,6,91.3446307081373,6,91.3446307081373,0,6935.37999512727,0,6935.37999512728,1,0,6935.38
NA,6886.91251730032,5,35.2301730610178,5,35.2301730610178,5,35.2301730610178,0,6885.10180215252,0,6885.10180215253,1,0,6885.1018
NA,6985.04595091795,5,133.895719753215,6,140.478252972181,6,140.478252972181,0,6984.96351178602,0,6984.96351178603,1,0,6984.96351
NA,6921.55838409921,6,64.28877448966,6,68.9372174881508,6,68.9372174881508,0,6920.43950779616,0,6920.43950779616,1,0,6920.43951
NA,6972.71507687947,6,119.420868955994,7,120.383649898728,7,120.383649898728,0,6960.49636793493,0,6960.49636793493,1,0,6960.49637
NA,6948.95369061439,6,97.9605483902285,6,97.9962521223116,6,97.9962521223116,0,6945.84740340306,0,6945.84740340306,1,0,6945.8474
NA,6784.02596964334,5,-47.7291917559581,7,-45.2346101356025,7,-44.7722644128943,0,6781.9472977908,0,6781.9472977908,1,0,6781.9473
NA,6933.27595212374,6,87.8371031161608,6,94.1210502330254,6,94.1210502330254,0,6932.77628074019,0,6932.77628074018,1,0,6932.77628
NA,6941.46172745867,6,90.6603077370789,7,91.0523465240943,6,94.5822552189572,0,6939.15275924238,0,6939.15275924238,1,0,6939.15276
NA,6942.83910383267,6,87.1388412561627,6,87.1588551873106,6,87.1588551873106,0,6941.53223547591,0,6941.53223547591,1,0,6941.53224
NA,6897.13672647451,5,36.1829450683653,6,36.6971389122352,6,36.6971389122352,0,6894.07867787665,0,6894.07867787665,1,0,6894.07868
NA,6903.8274813848,6,68.9051880709087,7,74.0480365996955,7,74.0480365996955,0,6903.62695712872,0,6903.62695712872,1,0,6903.62696
NA,6888.67291584949,6,43.3252355011166,7,48.9849480890494,7,49.1028522741296,0,6884.98126962147,0,6884.98126962148,1,0,6884.98127
NA,6916.89076087013,6,70.5526689209839,6,78.8579147377722,6,78.8579147377722,0,6915.18053592856,0,6915.18053592856,1,0,6915.18054
NA,6930.9481400422,5,80.1613334774341,6,86.5715073616787,5,90.4232476007276,0,6924.00234520343,0,6924.00234520346,1,0,6924.00235
NA,6970.67911492838,5,124.521654247121,7,136.316730879287,7,136.316730879287,0,6969.73921746874,0,6969.73921746877,1,0,6969.73922
NA,6953.41931579556,7,120.362001594831,7,120.362001594831,8,124.87406990766,0,6952.40854225359,0,6952.40854225359,1,0,6952.40854
NA,6861.70749521225,6,7.73507050699364,6,10.1782264004795,5,14.1848965901498,0,6858.38969543763,0,6858.38969543763,1,0,6858.3897
NA,6910.99537659951,6,68.4641573953666,7,74.0292856428526,7,74.3787199823658,0,6910.31806726107,0,6910.31806726106,1,0,6910.31807
NA,6896.77384177958,5,63.3276049637645,7,70.6187098065101,7,70.6187098065101,0,6892.67189413771,0,6892.67189413772,1,0,6892.67189
NA,6990.52321742777,6,122.600395929898,6,130.799385403008,6,130.799385403008,0,6987.28332775993,0,6987.28332775992,1,0,6987.28333
NA,6862.27925458857,6,25.7902073413401,7,31.7325384281396,8,31.2563337350154,0,6862.13938659795,0,6862.13938659796,1,0,6862.13939
NA,6943.65114686798,6,83.8066637245604,6,84.897816255349,6,84.897816255349,0,6943.11717744695,0,6943.11717744695,1,0,6943.11718
NA,6875.17322986436,6,28.83687147885,7,41.6177607386775,7,41.6177607386775,0,6874.95846972071,0,6874.95846972073,1,0,6874.95847
NA,6840.80185025145,6,-5.09946425668153,5,-0.338587107038364,6,-0.714724588165652,0,6838.7615543225,0,6838.7615543225,1,0,6838.76155
NA,6907.40675690802,6,64.6511118673951,6,64.7295519961003,6,66.3905150742427,0,6901.03872384606,0,6901.03872384606,1,0,6901.03872
NA,6949.31964393636,6,105.1485282251,7,107.696828244234,7,107.696828244234,0,6945.777757952,0,6945.77775795199,1,0,6945.77776
NA,6910.55828144769,5,76.4588168644091,7,83.9579858073112,7,83.9579858073112,0,6909.28685160798,0,6909.28685160798,1,0,6909.28685
NA,6898.68299221206,6,65.7991430751139,7,71.1962498213903,6,74.0843917782867,0,6896.71464673811,0,6896.7146467381,1,0,6896.71465
NA,6914.9735033813,5,54.1257058194426,7,65.5395771786579,7,66.3712028481156,0,6911.84708887234,0,6911.84708887232,1,0,6911.84709
NA,6966.63000517956,7,114.164634724693,6,121.625929347109,5,124.516054042544,0,6965.3552731303,0,6965.35527313028,1,0,6965.35527
NA,6914.79667494773,5,81.1440083417659,6,82.7080063112255,6,85.104585332761,0,6914.4670990076,0,6914.46709900759,1,0,6914.4671
NA,6910.02033652949,6,66.6654572656761,7,68.8043511880683,7,70.6904820063874,0,6909.74353437758,0,6909.74353437756,1,0,6909.74353
NA,6976.48266046702,8,118.203404457747,7,120.392051528686,7,120.392051528686,0,6975.56296515586,0,6975.56296515585,1,0,6975.56297
NA,6954.51474503411,6,106.215028074057,7,110.970788279322,7,110.970788279322,0,6953.65340067829,0,6953.6534006783,1,0,6953.6534
NA,6809.10645856284,5,-17.0899712390214,6,-11.5445355604175,6,-11.5445355604175,0,6808.99701491718,0,6808.99701491718,1,0,6808.99701
NA,6952.63507778887,5,94.7848387703707,5,100.212410375719,5,100.212410375719,0,6949.03645353006,0,6949.03645353003,1,0,6949.03645
NA,7011.07614211803,5,152.56129677972,5,152.56129677972,5,152.56129677972,0,7008.73162795695,0,7008.73162795695,1,0,7008.73163
NA,6965.50377420125,6,117.692154729693,6,117.702622175436,6,117.702622175436,0,6964.95227988305,0,6964.95227988305,1,0,6964.95228
NA,6893.57175648245,6,46.0468878794428,7,55.0025452380688,7,55.0025452380688,0,6893.19207953686,0,6893.19207953686,1,0,6893.19208
NA,6966.45266102885,6,118.926332006735,7,119.621433173969,6,121.870698299414,0,6966.0082852096,0,6966.00828520959,1,0,6966.00829
NA,6943.16596189179,5,99.789212633127,6,105.146759723417,6,105.146759723417,0,6937.11446741217,0,6937.11446741217,1,0,6937.11447
NA,6973.08560163489,6,142.65500249159,7,154.917636727748,7,154.917636727748,0,6973.0393777753,0,6973.03937777528,1,0,6973.03938
NA,6928.30007256241,6,86.3127880804362,6,92.9521082127488,6,94.6997618817291,0,6927.57254994181,0,6927.57254994182,1,0,6927.57255
NA,6954.98120754323,7,113.942758770613,6,114.529291606283,5,114.999583298686,0,6951.36561382957,0,6951.36561382957,1,0,6951.36561
NA,6957.06654791095,5,96.5426398782443,6,101.09896964182,6,101.09896964182,0,6952.33458571211,0,6952.33458571212,1,0,6952.33459
NA,6914.11909648216,6,69.7402131557105,6,73.3518347190881,6,74.0161111146823,0,6910.75580629108,0,6910.75580629107,1,0,6910.75581
NA,6897.5886363541,5,60.9551403321689,7,66.7100462883821,7,68.5722838846414,0,6890.38815773706,0,6890.38815773706,1,0,6890.38816
NA,6909.10669475289,5,40.32843175222,7,57.617439381919,7,57.617439381919,0,6908.38364275126,0,6908.38364275125,1,0,6908.38364
NA,6895.10285842025,6,37.1839143908124,6,37.2735874196801,6,37.2735874196801,0,6895.01636533605,0,6895.01636533605,1,0,6895.01637
NA,6984.43406156696,5,143.597364025084,6,146.230314723228,6,146.878342888493,0,6983.01520125828,0,6983.01520125827,1,0,6983.0152
NA,6936.68099598201,5,82.7640082869518,7,91.5463211742363,7,91.5953133317833,0,6935.8757243336,0,6935.8757243336,1,0,6935.87572
NA,6929.96687309538,6,89.4073928163076,7,99.1240307162669,7,103.460475338919,0,6924.21939891226,0,6924.21939891226,1,0,6924.2194
NA,6934.73019252528,5,82.1242286614965,6,82.0227962368959,6,82.0227962368959,0,6932.37623736776,0,6932.37623736775,1,0,6932.37624
NA,6868.0883419127,5,23.9319624193927,5,31.2586004385847,4,32.4875683287818,0,6863.86764007754,0,6863.86764007755,1,0,6863.86764
NA,6850.48404064272,5,-0.598989930215836,6,5.91687990633588,6,13.8084879284993,0,6849.47071072706,0,6849.47071072707,1,0,6849.47071
NA,6998.01846866997,6,159.000564627617,7,165.218750653214,6,164.855057758818,0,6997.68173198426,0,6997.68173198427,1,0,6997.68173
NA,6908.12317595056,6,60.6475400267074,6,61.7569641838567,5,65.0869598942019,0,6905.94666121167,0,6905.94666121167,1,0,6905.94666
NA,6874.0947534717,5,29.0870928022688,7,32.0670604917227,7,32.0670604917227,0,6869.1688182811,0,6869.1688182811,1,0,6869.16882
NA,6877.95692247439,5,29.9693011395428,5,31.0955949636026,5,31.0955949636026,0,6877.20506339096,0,6877.20506339096,1,0,6877.20506
NA,6979.44416144606,7,132.53589537569,7,134.214988624435,6,134.461959577616,0,6979.14479939892,0,6979.14479939892,1,0,6979.1448
NA,6939.29406571916,7,92.0772707734244,6,102.384374039962,6,102.384374039962,0,6937.5158664012,0,6937.5158664012,1,0,6937.51587
NA,6933.15270848522,7,100.020572788915,7,100.020572788915,7,101.594339071856,0,6932.58258618569,0,6932.58258618569,1,0,6932.58259
NA,6947.42781272153,5,112.609051469187,6,118.052575152043,6,118.052575152043,0,6947.12326755628,0,6947.12326755629,1,0,6947.12327
NA,6865.18065069375,5,26.0939511514916,7,32.2762988185088,7,32.2762988185088,0,6864.92272892916,0,6864.92272892916,1,0,6864.92273
NA,6865.18960850409,6,17.9192525358181,7,26.9085445999712,7,26.9085445999712,0,6864.00101170046,0,6864.00101170046,1,0,6864.00101
NA,6846.59678878332,5,-7.47812959518164,6,-3.33452120516759,6,-3.32506935985151,0,6846.07447348567,0,6846.07447348567,1,0,6846.07447
NA,6928.75900360294,6,83.2281073358047,6,85.9122203585245,6,85.9122203585245,0,6923.94886169854,0,6923.94886169855,1,0,6923.94886
NA,6932.32307899605,5,68.6228370440657,5,71.911879704133,4,72.1759833625421,0,6927.70514915202,0,6927.70514915204,1,0,6927.70515
NA,6887.83541391704,5,26.6010900455557,5,28.0400097674015,6,27.5281269920214,0,6887.17888424917,0,6887.17888424917,1,0,6887.17888
NA,6867.9083761059,6,37.1170480057726,6,37.3691518705285,6,37.3691518705285,0,6866.66639792822,0,6866.66639792822,1,0,6866.6664
NA,6820.82501703138,6,-25.2022704770211,7,-16.7161136434902,7,-16.7161136434902,0,6819.38653762679,0,6819.38653762679,1,0,6819.38654
NA,6901.98196062887,5,37.7120589856017,6,48.5187395827031,6,48.5187395827031,0,6901.03713283858,0,6901.03713283857,1,0,6901.03713
NA,6932.22922732362,6,101.468774915879,6,109.962806033063,6,109.962806033063,0,6929.29635056072,0,6929.29635056072,1,0,6929.29635
NA,6943.90845302934,5,84.1273410002335,6,95.4437195159653,6,95.4437195159653,0,6943.05465727777,0,6943.05465727778,1,0,6943.05466
NA,6934.04853456111,5,62.5077497825823,5,70.0073902214533,5,70.0073902214533,0,6932.73269828076,0,6932.73269828075,1,0,6932.7327
NA,6893.89818267694,6,48.9572700155719,6,52.902687295409,6,52.902687295409,0,6893.20053577352,0,6893.20053577352,1,0,6893.20054
NA,6946.23831383823,6,126.140189894729,7,127.431840975374,7,127.431840975374,0,6945.78195733424,0,6945.78195733424,1,0,6945.78196
NA,7026.11805065848,6,176.711829823747,6,176.711829823747,6,176.711829823747,0,7025.87540245841,0,7025.87540245841,1,0,7025.8754
NA,6933.33135244906,6,87.8670997514038,6,87.8670997514038,6,87.8685298751051,0,6932.10094594066,0,6932.10094594067,1,0,6932.10095
NA,6911.57899977961,6,43.6574280457333,6,47.8538773258126,6,47.8538773258126,0,6910.65310640902,0,6910.65310640902,1,0,6910.65311
NA,6879.38602501384,5,35.7304678407411,6,40.6481543062627,6,40.6481543062627,0,6872.56938523794,0,6872.56938523794,1,0,6872.56939
NA,6893.58578746544,5,35.9520402503654,6,41.2217320543628,6,41.2217320543628,0,6891.81611601037,0,6891.81611601036,1,0,6891.81612
NA,6970.47165221523,6,135.078319721567,7,139.437077850435,7,139.485887067779,0,6968.4912072281,0,6968.49120722812,1,0,6968.49121
NA,6950.35540361074,6,110.888296641921,6,112.73528631588,6,112.789204424368,0,6949.68395933508,0,6949.68395933507,1,0,6949.68396
NA,6947.92659431353,5,91.1117838464266,5,92.7355210771328,5,92.7355210771328,0,6947.88633246827,0,6947.88633246827,1,0,6947.88633
NA,6894.24609696837,5,66.6134626646045,6,73.3782495840195,10,76.7623907134942,0,6893.46288592924,0,6893.46288592924,1,0,6893.46289
NA,6907.38011718444,6,44.0190161876131,8,57.5720733084738,8,57.8443663143353,0,6905.74089610032,0,6905.74089610033,1,0,6905.7409
NA,6924.83455265036,6,80.3573910814333,6,83.3075729126559,6,80.6135384035368,0,6922.62395013776,0,6922.62395013775,1,0,6922.62395
NA,6918.01666550388,5,47.4372399843752,5,48.3570044055564,4,50.3841612501925,0,6913.73268731108,0,6913.73268731107,1,0,6913.73269
NA,6837.46299777637,5,-9.38956152059697,6,-1.36203785980872,6,-1.36203785980872,0,6837.34155721338,0,6837.34155721338,1,0,6837.34156
NA,6792.30298809968,6,-48.9663560733785,7,-44.3725328473626,7,-44.1086735031375,0,6792.11427755792,0,6792.11427755791,1,0,6792.11428
NA,6873.36714472305,6,41.8040323659456,7,44.8534261943376,6,45.9012969307871,0,6872.80132910965,0,6872.80132910966,1,0,6872.80133
NA,6913.95457323537,5,70.9944233544169,6,76.2493632981628,6,76.784593508048,0,6911.36754920444,0,6911.36754920444,1,0,6911.36755
NA,6995.11691458085,6,138.990867220592,7,150.397855123998,5,151.308000717625,0,6994.65588178442,0,6994.65588178441,1,0,6994.65588
NA,6865.00463887962,6,17.1501559682731,7,25.4088942132763,7,31.9967698306698,0,6859.38163716018,0,6859.38163716019,1,0,6859.38164
NA,6953.07089010011,6,96.9726333421385,5,98.2257401833128,5,98.2257401833128,0,6952.08990946127,0,6952.08990946127,1,0,6952.08991
NA,6981.77960242396,6,132.335724388817,6,132.709338013898,6,132.709338013898,0,6980.80297450478,0,6980.8029745048,1,0,6980.80297
NA,6912.08982838561,6,52.6346040944791,6,52.6346040944791,6,52.9863787388272,0,6910.17749595247,0,6910.17749595247,1,0,6910.1775
NA,6993.421679557,6,148.859206039911,6,155.450675354212,6,155.450675354212,0,6991.13163023946,0,6991.13163023946,1,0,6991.13163
NA,6845.15040885922,6,10.2815316867683,7,19.7638964289594,7,19.7638964289594,0,6844.94180287173,0,6844.94180287172,1,0,6844.9418
NA,6974.72214152331,6,116.962015452424,7,133.65267319984,7,133.65267319984,0,6972.41372893297,0,6972.41372893296,1,0,6972.41373
NA,6919.94292714105,5,71.9131570281086,6,80.7776137878512,6,80.7776137878512,0,6917.80324929666,0,6917.80324929665,1,0,6917.80325
NA,6832.42644980601,6,-0.0511157020334707,6,0.296430596404051,6,0.296430596404051,0,6831.15879059078,0,6831.1587905908,1,0,6831.15879
NA,6886.31986887985,6,32.4589774535548,6,32.6430265431834,6,32.6430265431834,0,6883.56491922568,0,6883.56491922568,1,0,6883.56492
NA,6887.65470760326,6,52.6581636775557,7,60.9904344476988,6,64.1320453823049,0,6886.6945962938,0,6886.6945962938,1,0,6886.6946
NA,6939.36257153319,6,92.2672147004587,6,92.497054659758,6,92.497054659758,0,6931.69582886296,0,6931.69582886295,1,0,6931.69583
NA,6946.29014663545,5,102.109197924906,6,110.236302278913,5,111.457694187375,0,6946.00861822442,0,6946.00861822443,1,0,6946.00862
NA,6924.4151769156,6,80.4151492763572,6,80.8171620211491,6,81.8724991026512,0,6922.319305121,0,6922.319305121,1,0,6922.31931
NA,6920.63807109855,6,79.2665081826327,7,82.5009020586761,7,82.5009020586761,0,6918.65436477213,0,6918.65436477213,1,0,6918.65436
NA,6894.51239300675,6,56.3679745770979,6,58.9093918533307,6,58.9208946433632,0,6891.82033432008,0,6891.8203343201,1,0,6891.82033
NA,6896.92732756112,6,39.1245292496103,6,41.7227728727671,6,41.7227728727671,0,6895.98142777229,0,6895.98142777229,1,0,6895.98143
NA,6838.13702113773,6,-1.9104627238147,7,0.589293674105249,7,0.589293674105249,0,6836.9467310194,0,6836.94673101941,1,0,6836.94673
NA,6823.01178860846,6,-33.6413635703714,6,-25.7596606717914,6,-25.7596606717914,0,6822.06223934978,0,6822.06223934979,1,0,6822.06224
NA,6941.28350118175,6,95.1006399443118,7,95.8702995302332,7,100.445323379192,0,6941.21155489496,0,6941.21155489497,1,0,6941.21155
NA,6898.223571529,5,53.4406046730906,6,58.2942226739567,6,58.2942226739567,0,6895.40600099655,0,6895.40600099654,1,0,6895.406
NA,6818.87202359323,6,-15.2211169020159,6,-8.72391400882087,6,-7.76822519064159,0,6814.39769574078,0,6814.39769574079,1,0,6814.3977
NA,6925.40861909274,6,85.9728246994457,6,86.1208544771615,6,86.1208544771615,0,6920.97070838932,0,6920.97070838933,1,0,6920.97071
NA,6903.99439668979,6,66.4910515957322,6,68.8174492915886,6,68.8174492915886,0,6903.39079489039,0,6903.3907948904,1,0,6903.39079
NA,6947.916867475,6,87.4502975567106,6,87.9436602222551,6,88.0638913851061,0,6937.46527175905,0,6937.46527175905,1,0,6937.46527
NA,6851.10877755277,6,2.53308341102785,7,12.4728099883676,6,14.1441084250748,0,6849.99029407795,0,6849.99029407795,1,0,6849.99029
NA,6910.37085401644,6,73.3254702123891,7,82.6047948077545,7,82.6047948077545,0,6909.93226111905,0,6909.93226111906,1,0,6909.93226
NA,6926.83650772585,5,81.2370889258458,7,88.0440514296003,7,88.0440514296003,0,6924.74592411651,0,6924.74592411651,1,0,6924.74592
NA,6911.12934393223,5,61.9389837681287,5,61.9389837681287,5,61.9389837681287,0,6907.76815389164,0,6907.76815389164,1,0,6907.76815
NA,6931.15559331498,5,79.9878533693076,6,81.3494751256304,6,81.3494751256304,0,6930.95546833261,0,6930.95546833261,1,0,6930.95547
NA,6966.98207808323,6,105.55456772288,7,117.740260544993,8,119.604615014837,0,6966.84169571366,0,6966.84169571369,1,0,6966.8417
NA,6899.86788173716,5,48.834254139405,6,49.9632878726713,6,49.9632878726713,0,6898.99296003256,0,6898.99296003255,1,0,6898.99296
NA,6916.78609518746,5,70.1557164781467,7,80.2998776552039,7,80.2998776552039,0,6915.25865670431,0,6915.25865670433,1,0,6915.25866
NA,6946.83076753873,6,89.6038218077047,6,90.1905815588166,6,90.1905815588166,0,6939.67951273018,0,6939.67951273018,1,0,6939.67951
NA,6893.3511809583,5,45.1486503034024,6,49.7734923081,6,49.7734923081,0,6892.71321676883,0,6892.71321676883,1,0,6892.71322
NA,6946.05061139537,5,93.826674120681,6,95.8086615115214,6,95.4003926779084,0,6944.81094189413,0,6944.81094189413,1,0,6944.81094
NA,6896.96802352023,6,60.2766489877957,7,66.0669962833738,7,66.0669962833738,0,6895.79705222172,0,6895.79705222172,1,0,6895.79705
NA,6901.22686503725,6,59.5496411862285,6,59.5496411862285,6,59.5496411862285,0,6899.40663341727,0,6899.40663341727,1,0,6899.40663
NA,6962.27274111,6,111.734499801236,6,115.531975031442,6,115.531975031442,0,6960.88274314027,0,6960.88274314027,1,0,6960.88274
NA,6914.69802591757,6,77.3778130902696,7,84.1498026559046,7,84.1498026559046,0,6914.15731205408,0,6914.15731205409,1,0,6914.15731
NA,6867.74643519415,6,23.3203238874911,6,29.2393345453825,6,29.2393345453825,0,6863.88909761151,0,6863.88909761151,1,0,6863.8891
NA,6805.68511564014,6,-26.0921582824946,7,-16.7917896933088,7,-16.7917896933088,0,6804.93458314468,0,6804.93458314469,1,0,6804.93458
NA,6878.92054330168,6,38.5274608216585,5,42.5698807742913,5,42.5698807742913,0,6878.29821391345,0,6878.29821391346,1,0,6878.29821
NA,6923.64462809495,6,63.7357036003191,7,68.726669443356,7,68.726669443356,0,6922.64936742865,0,6922.64936742865,1,0,6922.64937
NA,6874.56259975616,6,23.6124938584564,5,25.7616657833237,5,25.7616657833237,0,6863.53931969806,0,6863.53931969807,1,0,6863.53932
NA,6931.06635685328,7,94.1902106890834,7,100.393237388224,6,103.444976319685,0,6930.71313700396,0,6930.71313700396,1,0,6930.71314
NA,6971.75807887535,5,110.06390273007,6,123.125233451981,4,128.478280775899,0,6971.02273952312,0,6971.02273952312,1,0,6971.02274
NA,6927.14279972494,6,92.6534848621984,6,96.9111239612049,6,97.6778628169308,0,6925.67199647637,0,6925.67199647638,1,0,6925.672
NA,6936.32637909571,6,86.6094100532099,6,94.1595920604824,5,98.0129028727409,0,6934.35155786754,0,6934.35155786754,1,0,6934.35156
NA,6925.2858648643,5,54.0127210059518,5,62.5847749445463,5,62.5847749445463,0,6924.57391609169,0,6924.57391609169,1,0,6924.57392
NA,6846.94822197662,7,-3.22629274133492,7,1.57226182965996,7,1.57226182965996,0,6845.81317828854,0,6845.81317828853,1,0,6845.81318
NA,6924.48365164572,5,92.1633198323349,6,93.9684928298034,7,96.2536877368831,0,6924.31951979099,0,6924.31951979099,1,0,6924.31952
NA,7008.25563160933,7,158.425120525878,6,159.436438577149,5,161.892988082246,0,7005.5505302186,0,7005.5505302186,1,0,7005.55053
NA,6999.67452407449,5,152.50848717379,7,165.446037368429,7,165.446037368429,0,6998.06564013415,0,6998.06564013412,1,0,6998.06564
NA,6999.41748870271,6,152.031508637376,6,152.031508637376,6,152.031508637376,0,6998.96336917992,0,6998.96336917992,1,0,6998.96337
NA,6973.88753650923,6,127.269265966307,6,129.998577671205,6,129.998577671205,0,6970.19385613376,0,6970.19385613376,1,0,6970.19386
NA,6885.31826582188,6,36.2974869078599,6,41.152621043059,6,41.152621043059,0,6883.77322855641,0,6883.77322855643,1,0,6883.77323
NA,6998.42902218687,6,159.729199956925,7,166.306821028698,7,166.517413253177,0,6997.57228446928,0,6997.57228446928,1,0,6997.57228
NA,6893.84065375726,6,55.4022377456239,6,57.7631219857209,6,57.7631219857209,0,6892.16774152755,0,6892.16774152754,1,0,6892.16774
NA,6903.65788722871,5,42.9602523553901,5,49.7610485293903,5,51.2156737268585,0,6890.5115508251,0,6890.5115508251,1,0,6890.51155
NA,6843.67463472646,6,-0.630040796598124,7,4.30849835656105,7,4.30849835656105,0,6842.47061329432,0,6842.47061329431,1,0,6842.47061
NA,6964.42905215696,5,128.630109548279,5,129.95754297198,5,129.95754297198,0,6961.75251391042,0,6961.75251391042,1,0,6961.75251
NA,6921.06801292473,5,84.3177694185763,5,90.1039232571682,5,90.1039232571682,0,6920.71565131215,0,6920.71565131214,1,0,6920.71565
NA,6878.4393664375,5,29.5555607885565,6,30.546156437164,6,30.546156437164,0,6873.43829004396,0,6873.43829004395,1,0,6873.43829
NA,6915.40286148547,8,69.4850941005394,7,70.8673022411477,6,72.6433350507332,0,6913.65098021775,0,6913.65098021775,1,0,6913.65098
NA,6826.7911272965,6,-12.723702634526,7,-6.36814673627828,7,-4.2487065385622,0,6825.2308240614,0,6825.23082406141,1,0,6825.23082
NA,6909.80106719977,6,53.5627889281697,6,60.9811623782569,6,60.9811623782569,0,6906.1789651042,0,6906.17896510419,1,0,6906.17897
NA,6878.59865979634,6,31.979401017958,6,36.3385010608849,8,38.8401267857966,0,6874.09354082223,0,6874.09354082223,1,0,6874.09354
NA,6915.28233354691,7,78.9187137045874,7,78.9187137045874,7,78.9187137045874,0,6914.57810716826,0,6914.57810716825,1,0,6914.57811
NA,6864.36627010285,7,-2.87564564966394,6,12.2539527574144,5,14.4702306406986,0,6863.66362841562,0,6863.6636284156,1,0,6863.66363
NA,6969.63602958395,6,116.851367108156,7,125.070662299906,7,125.070662299906,0,6968.3230444667,0,6968.32304446674,1,0,6968.32304
NA,6944.89580085535,6,96.2004710899688,6,96.4427735254585,6,96.6476887582214,0,6943.04488898199,0,6943.044888982,1,0,6943.04489
NA,6943.58446858249,6,93.8198876153227,6,95.4739925220021,6,95.5264586238653,0,6942.99600027799,0,6942.99600027801,1,0,6942.996
NA,6898.84385672018,5,24.9536209589366,6,38.1011910131416,6,38.529350770769,0,6898.57226467422,0,6898.57226467424,1,0,6898.57226
NA,6944.36380257851,7,115.22832832422,7,118.151467814155,6,119.982130008399,0,6944.10816168163,0,6944.10816168163,1,0,6944.10816
NA,6924.25033140991,5,67.4519888870561,6,84.1839292587406,6,84.1839292587406,0,6922.3267676198,0,6922.3267676198,1,0,6922.32677
NA,6961.74235801827,5,96.3189894982816,5,100.296239546242,5,100.296239546242,0,6961.71797436939,0,6961.71797436939,1,0,6961.71797
NA,6921.93480875826,6,63.6688319028989,6,66.788236802679,7,66.4390053597356,0,6918.62668605369,0,6918.62668605371,1,0,6918.62669
NA,6962.96663632698,7,105.557975989758,7,105.557975989758,7,106.018802780268,0,6961.21457860043,0,6961.21457860041,1,0,6961.21458
NA,6892.12024941718,6,49.2035839791953,6,56.8848501297107,7,56.2725219543174,0,6889.74442301098,0,6889.74442301097,1,0,6889.74442
NA,6925.85981986615,6,79.538306592899,6,83.4959673652321,6,83.8056092326821,0,6923.41695909594,0,6923.41695909594,1,0,6923.41696
NA,6930.29013899618,5,89.4376541048876,7,99.3851039067639,5,102.108149544405,0,6929.33622718227,0,6929.33622718226,1,0,6929.33623
NA,6885.97159416655,6,34.1712077560267,6,34.1712077560267,6,35.0647680549848,0,6885.71782009649,0,6885.71782009649,1,0,6885.71782
NA,6935.38007888186,5,77.6303099893196,6,87.307158477918,4,91.1098487837177,0,6930.76984597065,0,6930.76984597063,1,0,6930.76985
NA,6982.33217370495,5,110.598544459213,6,117.825824205914,5,118.282866276603,0,6981.78844263197,0,6981.78844263197,1,0,6981.78844
NA,6901.54352624056,7,67.1180919781078,7,72.8354585086612,7,72.8354585086612,0,6898.71484043143,0,6898.71484043141,1,0,6898.71484
NA,6992.61036341421,4,118.491566632669,6,127.24234672368,6,127.24234672368,0,6991.60641372503,0,6991.60641372503,1,0,6991.60641
NA,6898.62485250898,6,54.9407676100489,6,57.9303797091322,7,58.9709345222125,0,6896.48742286989,0,6896.48742286989,1,0,6896.48742
NA,6847.60553061212,6,0.801277372704618,7,8.95195646705453,7,9.22054020184302,0,6843.08425262649,0,6843.0842526265,1,0,6843.08425
NA,6939.59303820395,6,90.4558595383915,6,90.6701420624228,6,90.6701420624228,0,6939.50608287443,0,6939.50608287443,1,0,6939.50608
NA,6853.71737785005,6,8.45491991534627,7,13.1726068164376,7,13.1726068164376,0,6852.69912110876,0,6852.69912110876,1,0,6852.69912
NA,6878.1652428592,6,30.4387714639982,7,39.8320702392272,7,39.8320702392272,0,6873.50320398937,0,6873.50320398938,1,0,6873.5032
NA,6928.22605233113,7,94.2361910948688,6,102.53299135254,6,102.53299135254,0,6928.2213069744,0,6928.2213069744,1,0,6928.22131
NA,6878.65251756909,6,46.271212486407,7,53.5213568511509,5,64.4705379201671,0,6871.08010359715,0,6871.08010359717,1,0,6871.0801
NA,6825.63927494602,6,-22.6116263935725,6,-22.6116263935725,6,-22.6116263935725,0,6820.84285195752,0,6820.84285195752,1,0,6820.84285
NA,6958.78977833406,6,115.340109305898,6,115.372483045802,6,115.372483045802,0,6956.8773458269,0,6956.87734582689,1,0,6956.87735
NA,6904.33057179153,6,59.6170283907893,5,62.0974288404041,6,67.2289045295194,0,6903.81920910834,0,6903.81920910835,1,0,6903.81921
NA,6897.54462893756,6,63.1066867063736,6,68.2326860650467,6,68.768223086296,0,6896.84282721181,0,6896.84282721179,1,0,6896.84283
NA,6872.28888852604,7,29.4041824793302,6,34.8139825855412,6,34.8139825855412,0,6871.73682363409,0,6871.73682363407,1,0,6871.73682
NA,6895.61636642963,5,24.1109940485436,7,32.8412661351858,7,32.8412661351858,0,6887.69021571116,0,6887.69021571116,1,0,6887.69022
NA,6884.96975329687,5,29.3490691920781,6,36.6983207627752,6,36.6983207627752,0,6880.85680748716,0,6880.85680748717,1,0,6880.85681
NA,6923.05490759127,6,86.6098731867307,7,88.8791381542524,7,88.8791381542524,0,6921.35636485169,0,6921.35636485169,1,0,6921.35636
NA,6848.71525897573,6,-3.11275242722952,6,-1.64710872768143,6,-1.64710872768143,0,6843.17296620253,0,6843.17296620256,1,0,6843.17297
NA,6941.27097403716,6,89.4122539719822,5,95.4356378585121,6,95.9355129683725,0,6941.08388410271,0,6941.08388410271,1,0,6941.08388
NA,6910.44832978607,5,61.8229480600401,5,66.049864487349,5,66.049864487349,0,6907.94771857033,0,6907.94771857033,1,0,6907.94772
NA,6896.35918547051,5,50.87300056797,6,51.6041177945113,6,51.6041177945113,0,6891.97975048355,0,6891.97975048355,1,0,6891.97975
NA,6882.47609908724,6,48.7962942900986,6,54.6691765434458,8,54.1351064855883,0,6880.54543040932,0,6880.54543040932,1,0,6880.54543
NA,6956.20884624818,6,102.248187049545,5,108.653648345171,5,108.653648345171,0,6952.34173495488,0,6952.34173495487,1,0,6952.34173
NA,6993.096783341,5,142.418442900841,6,149.544124503121,6,154.331940601678,0,6992.59140262524,0,6992.59140262525,1,0,6992.5914
NA,6869.92042730359,6,32.2074175817044,6,35.0330327625543,6,35.0330327625543,0,6867.95097251642,0,6867.95097251641,1,0,6867.95097
NA,7011.66322675608,6,163.557013449193,6,172.479374102205,6,173.904480406503,0,7011.53364823661,0,7011.5336482366,1,0,7011.53365
NA,6952.0423686184,6,102.396091088689,6,103.000228002927,6,103.000228002927,0,6951.19978447832,0,6951.1997844783,1,0,6951.19978
NA,6924.84739687849,5,60.3408479459975,5,63.6059959652867,5,63.6059959652867,0,6924.22421756508,0,6924.22421756509,1,0,6924.22422
NA,6978.09228435409,6,134.156275235424,7,142.908309526579,7,142.908309526579,0,6974.8355497179,0,6974.83554971791,1,0,6974.83555
NA,6882.23377481028,6,36.2334950046268,5,42.0725538560064,5,42.0725538560064,0,6880.8814749433,0,6880.8814749433,1,0,6880.88147
NA,6930.04655531053,6,86.6375021397214,7,99.5929849115666,7,99.5929849115666,0,6928.73083136197,0,6928.73083136199,1,0,6928.73083
NA,6986.66971412041,5,126.299203901215,5,126.299203901215,5,126.299203901215,0,6986.49775252504,0,6986.49775252504,1,0,6986.49775
NA,6862.06182765581,5,22.8065478240959,7,27.6583523232135,7,27.7360731987763,0,6857.27342011376,0,6857.2734201138,1,0,6857.27342
NA,6929.86792909509,6,85.1411680514094,6,93.1328153982034,6,93.1328153982034,0,6928.77078381613,0,6928.77078381613,1,0,6928.77078
NA,6993.08098963596,6,146.20950377511,6,153.474018430325,6,153.474018430325,0,6992.31850999247,0,6992.31850999247,1,0,6992.31851
NA,6974.65580207597,6,132.768926514392,6,140.609922999223,6,140.609922999223,0,6973.89901419162,0,6973.89901419161,1,0,6973.89901
NA,6934.80553185782,5,91.7753169921123,6,99.5269208476314,6,99.5269208476314,0,6934.206711204,0,6934.20671120401,1,0,6934.20671
NA,6934.21985685563,5,100.17631641753,6,106.637393176857,7,109.618541093823,0,6930.87103070009,0,6930.8710307001,1,0,6930.87103
NA,6969.0414363711,6,129.660331313841,7,133.631237173885,7,135.315535120168,0,6963.38122106074,0,6963.38122106075,1,0,6963.38122
NA,6949.46746632259,6,112.840534304053,6,117.658567060571,5,119.895763014349,0,6948.17681914369,0,6948.1768191437,1,0,6948.17682
NA,6902.62452587077,6,43.3150998954394,7,44.500311375955,8,44.3808067698076,0,6900.04706845023,0,6900.04706845023,1,0,6900.04707
NA,6985.34454615974,5,118.682600342537,6,120.13061991821,6,120.13061991821,0,6984.64980329671,0,6984.64980329671,1,0,6984.6498
NA,6935.21069030726,7,60.0536169890488,6,70.6321482860838,7,70.2104139808881,0,6934.80872384029,0,6934.80872384027,1,0,6934.80872
NA,6932.54758760921,6,87.6868074200664,6,92.4486639475801,6,92.4486639475801,0,6931.72754204434,0,6931.72754204434,1,0,6931.72754
NA,6924.01154787807,7,63.9332913170449,7,67.1668015379217,7,67.2396441527547,0,6920.70535322269,0,6920.70535322268,1,0,6920.70535
NA,7030.44164056815,7,177.776925648276,7,177.986984635055,6,180.704272856497,0,7027.68845316588,0,7027.68845316588,1,0,7027.68845
NA,6927.70277916163,7,74.7074910983069,7,74.7074910983069,7,74.9436998784096,0,6921.24721804762,0,6921.24721804763,1,0,6921.24722
NA,6865.24318010786,5,13.6538466897171,6,19.0754590271204,6,19.6547066256736,0,6857.16611290598,0,6857.16611290598,1,0,6857.16611
NA,6911.67624637862,6,58.2507400282529,6,59.0388606916522,6,59.0388606916522,0,6911.27446301641,0,6911.27446301641,1,0,6911.27446
NA,6895.23090517354,6,51.3628981515047,6,67.7295023562842,5,69.8187639376342,0,6894.49029181806,0,6894.49029181805,1,0,6894.49029
NA,6889.24574488341,6,22.0233158292466,6,30.298381873445,6,30.298381873445,0,6887.01894022788,0,6887.01894022792,1,0,6887.01894
NA,6859.69875489631,6,-0.605938562269529,6,7.14397586498463,6,7.14397586498463,0,6857.83585069714,0,6857.83585069714,1,0,6857.83585
NA,6928.78479898217,5,89.7472950226236,6,95.461585275043,9,97.7262754212332,0,6926.21445191857,0,6926.21445191857,1,0,6926.21445
NA,7013.39865989359,5,171.692078804558,6,175.343346134035,6,175.343346134035,0,7013.32168897653,0,7013.3216889765,1,0,7013.32169
NA,6909.20297705346,6,70.9327690048255,7,75.1904808401654,7,75.2370762636241,0,6907.1988329789,0,6907.19883297886,1,0,6907.19883
NA,6873.23177505303,5,41.5826125054085,7,49.0967848527408,7,49.0967848527408,0,6872.31873999354,0,6872.31873999353,1,0,6872.31874
NA,7036.30921802577,6,186.954938787892,7,192.462324696666,6,193.031896859305,0,7035.69995518926,0,7035.69995518924,1,0,7035.69996
NA,6895.21774584421,6,40.6732209941712,7,41.0154222021247,7,41.0154222021247,0,6890.93062748977,0,6890.9306274898,1,0,6890.93063
NA,6867.54699115146,6,23.7812995711567,7,24.8575818918761,7,24.8575818918761,0,6862.13261847671,0,6862.13261847668,1,0,6862.13262
NA,6979.36704850849,6,149.160829439004,7,155.246599615461,7,155.9363944059,0,6978.28072702656,0,6978.28072702654,1,0,6978.28073
NA,6916.39336351571,6,58.3706785158457,6,58.5716536933133,6,58.5716536933133,0,6912.54863909075,0,6912.54863909074,1,0,6912.54864
NA,6916.45096445855,6,81.0828079781874,6,85.9373447083363,6,85.9373447083363,0,6914.81950018756,0,6914.81950018756,1,0,6914.8195
NA,6912.70670802512,6,76.8469117804736,7,78.6691949101962,7,83.2121868137643,0,6912.58085959514,0,6912.58085959515,1,0,6912.58086
NA,6870.91220154894,6,28.8841327468299,7,46.540806382904,7,47.7908902243852,0,6870.29507305658,0,6870.29507305657,1,0,6870.29507
NA,6891.33675923576,6,47.0810300934185,6,59.1137081754078,6,59.1137081754078,0,6891.04482917868,0,6891.04482917868,1,0,6891.04483
NA,6968.33631928426,5,110.132188517399,6,114.389990820834,6,114.389990820834,0,6963.51903678658,0,6963.51903678658,1,0,6963.51904
NA,6922.48874290232,7,80.3950290782252,7,80.3950290782252,7,80.3950290782252,0,6921.69747078291,0,6921.6974707829,1,0,6921.69747
NA,7009.57515962091,8,169.644384152249,7,174.404397659477,5,175.959880777694,0,7007.24191681052,0,7007.24191681051,1,0,7007.24192
NA,6979.51739206074,6,138.931675903725,7,143.824881603167,6,143.883959449446,0,6978.32275065118,0,6978.32275065118,1,0,6978.32275
NA,6920.61009799173,5,61.4445047214127,7,68.281767536283,7,72.34093218407,0,6920.40317602789,0,6920.40317602789,1,0,6920.40318
NA,6855.35485805991,6,18.3970187861546,6,21.1458304880285,6,21.1458304880285,0,6853.25157446261,0,6853.25157446261,1,0,6853.25157
NA,6874.093898958,6,24.2442026399228,5,28.5697878436685,5,28.5697878436685,0,6868.99829234942,0,6868.9982923494,1,0,6868.99829
NA,6897.18923753744,5,21.4841101746452,6,29.5238336747732,6,29.5238336747732,0,6895.41502408349,0,6895.4150240835,1,0,6895.41502
NA,6921.69793019022,6,68.2674607620882,6,70.4972665641775,6,70.4972665641775,0,6921.26599711522,0,6921.26599711523,1,0,6921.266
NA,6924.11372257912,7,80.5354106473771,7,87.3726798850807,7,87.3726798850807,0,6919.56580842344,0,6919.56580842344,1,0,6919.56581
NA,6900.45736869636,5,62.1829705188515,7,67.3979951427219,7,67.3979951427219,0,6900.41673636907,0,6900.41673636907,1,0,6900.41674
NA,6917.46410502709,6,75.0697904499409,6,75.0697904499409,6,75.0697904499409,0,6914.33656518294,0,6914.33656518294,1,0,6914.33657
NA,6929.46829698575,6,75.2605374239085,6,83.9431158702962,6,84.2174888213529,0,6929.17924007451,0,6929.17924007451,1,0,6929.17924
NA,6831.74654645321,5,-12.7000066282313,6,-11.9563121633199,6,-11.9563121633199,0,6828.10110861738,0,6828.10110861737,1,0,6828.10111
NA,6984.35795075091,6,143.570240625905,6,144.716539256585,6,144.716539256585,0,6981.29974722673,0,6981.29974722673,1,0,6981.29975
NA,6958.50545040514,6,108.729006034207,6,113.465346622161,6,113.465346622161,0,6957.89594158915,0,6957.89594158916,1,0,6957.89594
NA,6903.11775506855,6,59.2812875850554,6,67.5985320868023,6,67.5985320868023,0,6903.0254683614,0,6903.0254683614,1,0,6903.02547
NA,6915.2552978497,7,60.523886995758,7,61.3579704229647,7,61.3579704229647,0,6911.92702981523,0,6911.92702981524,1,0,6911.92703
NA,6969.38126375465,6,120.240644917903,6,121.059868530782,5,122.229619814755,0,6967.92582402371,0,6967.92582402372,1,0,6967.92582
NA,7044.65554022915,7,193.107816686001,7,194.907783312218,7,194.907783312218,0,7039.59408233644,0,7039.59408233646,1,0,7039.59408
NA,6926.68841597641,6,61.4279623677101,6,62.4907173697979,6,62.4907173697979,0,6922.16253460526,0,6922.16253460528,1,0,6922.16253
NA,6936.8199960362,6,91.8827910944412,7,94.7067668699664,7,94.7067668699664,0,6935.47840299928,0,6935.47840299929,1,0,6935.4784
NA,6882.30110450556,5,38.8313280969224,5,38.8313280969224,5,38.8313280969224,0,6881.38749129172,0,6881.38749129171,1,0,6881.38749
NA,6855.74886783141,6,4.06043078561157,6,7.08294211626337,5,9.33534944324478,0,6853.75909702776,0,6853.75909702773,1,0,6853.7591
NA,6893.04448570038,5,42.2045000294793,5,42.3180992779526,5,42.3180992779526,0,6890.8246917712,0,6890.82469177121,1,0,6890.82469
NA,6934.64537532116,5,93.4164665069682,6,94.2398723269148,6,94.2398723269148,0,6933.52440045664,0,6933.52440045665,1,0,6933.5244
NA,6867.11346764834,6,29.5441381544942,7,34.7815558507959,7,34.7815558507959,0,6863.79725787075,0,6863.79725787075,1,0,6863.79726
NA,6957.37781804487,5,114.316878595643,5,114.316878595643,5,114.316878595643,0,6956.11652603107,0,6956.11652603108,1,0,6956.11653
NA,6967.36075018061,6,115.524539958573,5,119.744207754819,5,119.744207754819,0,6966.40483899741,0,6966.40483899739,1,0,6966.40484
NA,6902.22803397742,6,57.5483951625752,7,64.4037887998095,7,64.4300271865495,0,6898.65936707551,0,6898.65936707552,1,0,6898.65937
NA,6900.11648760351,5,63.4401285830154,6,72.6947157308228,6,72.6947157308228,0,6899.16866079207,0,6899.16866079207,1,0,6899.16866
NA,6923.21345860147,6,92.6889887767148,7,100.90813511568,7,101.13998082669,0,6921.98847780144,0,6921.98847780144,1,0,6921.98848
NA,6931.86598853033,6,84.6335484056988,6,94.1856780627128,7,94.1487369418533,0,6926.09173618062,0,6926.09173618064,1,0,6926.09174
NA,6897.67824397109,6,57.0875011084779,7,64.5784163069483,7,64.5784163069483,0,6891.42515199138,0,6891.42515199138,1,0,6891.42515
NA,6951.24430659186,5,112.572809599917,5,113.102137876216,5,113.102137876216,0,6951.13508848953,0,6951.13508848953,1,0,6951.13509
NA,6910.42890068744,5,52.1219612376857,7,62.574334714049,7,62.574334714049,0,6899.44468212588,0,6899.44468212587,1,0,6899.44468
NA,6907.25640154476,7,68.9585005687554,7,71.4528164887846,7,72.0429858356338,0,6905.4476975672,0,6905.44769756722,1,0,6905.4477
NA,6952.42448798505,5,98.4287596048515,6,100.660615734242,6,100.660615734242,0,6946.4909415776,0,6946.49094157762,1,0,6946.49094
NA,6874.10563336497,6,39.0542174446565,7,46.4343533930681,7,46.4343533930681,0,6873.17539450045,0,6873.17539450045,1,0,6873.17539
NA,6980.71385725499,7,138.756728399118,8,144.72556933904,8,144.869039161931,0,6976.57090706755,0,6976.57090706756,1,0,6976.57091
NA,6897.00511745815,6,59.0691858662068,7,64.3193385981803,7,64.3193385981803,0,6894.59309996472,0,6894.59309996472,1,0,6894.5931
NA,6965.66212692471,6,115.31518714553,7,126.151606034556,7,126.151606034556,0,6965.23792198512,0,6965.23792198512,1,0,6965.23792
NA,6956.09736063308,6,118.734222125033,6,119.573867901541,5,121.939369171836,0,6954.51355211037,0,6954.51355211037,1,0,6954.51355
NA,6907.74125103327,6,52.8837443021977,6,61.5086304364911,7,61.0100025999828,0,6907.45197380089,0,6907.45197380089,1,0,6907.45197
NA,6961.02593955263,6,116.631910225903,6,119.780008637375,5,119.779511564058,0,6956.63574128168,0,6956.63574128169,1,0,6956.63574
NA,6822.77914938426,7,-10.7130047578535,6,-0.0247632457515721,7,-0.39269175324263,0,6820.56185070285,0,6820.56185070285,1,0,6820.56185
NA,6886.75660064052,7,37.1156842207599,7,42.2416939685737,7,42.2593623630598,0,6881.46798120764,0,6881.46798120764,1,0,6881.46798
NA,6959.89088823104,6,112.601809791622,7,113.075633732526,7,115.174321756424,0,6957.90542307442,0,6957.9054230744,1,0,6957.90542
NA,6925.54611743533,6,83.6959418726667,6,83.6959418726667,6,83.6959418726667,0,6924.55842855379,0,6924.55842855379,1,0,6924.55843
NA,7011.35743065766,7,154.749785404581,7,156.925874363172,7,156.925874363172,0,7010.44707972655,0,7010.44707972658,1,0,7010.44708
NA,6912.62556074492,5,65.2141467372933,7,74.0027371554018,7,75.4646620134907,0,6907.97462652485,0,6907.97462652485,1,0,6907.97463
NA,6863.30195277658,6,20.8708944958567,7,29.7527512894703,7,29.7527512894703,0,6857.18082946129,0,6857.1808294613,1,0,6857.18083
NA,6892.26204992095,5,41.3619895694368,5,42.5297891227869,5,42.5297891227869,0,6891.57857091633,0,6891.57857091631,1,0,6891.57857
NA,6830.54212095862,5,-23.6116921290795,6,-17.4502600721829,6,-17.4502600721829,0,6829.94927602762,0,6829.94927602762,1,0,6829.94928
NA,6938.39084154696,6,80.5501322898491,7,88.6371418617535,7,88.6371418617535,0,6938.15972171066,0,6938.15972171066,1,0,6938.15972
NA,6879.75811813041,6,37.881678196928,7,38.6394205532482,7,38.6394205532482,0,6878.20500527166,0,6878.20500527167,1,0,6878.20501
NA,6824.77490669227,6,-12.2889064852376,6,-10.4318586833554,6,-10.4318586833554,0,6822.08650833032,0,6822.08650833032,1,0,6822.08651
NA,6894.04136795393,6,57.2161589595409,6,66.871616770326,6,66.871616770326,0,6893.86232649846,0,6893.86232649848,1,0,6893.86233
NA,6912.84468089021,6,62.65826877514,7,70.337230214131,8,72.0656647080924,0,6912.81247431733,0,6912.81247431733,1,0,6912.81247
NA,6809.43230195381,5,-31.9971045397979,6,-29.8247428173938,6,-29.8247428173938,0,6809.32667958096,0,6809.32667958096,1,0,6809.32668
NA,6956.07402356101,7,104.966242452431,7,105.949422963409,7,105.949422963409,0,6946.96778491731,0,6946.96778491726,1,0,6946.96778
NA,6934.22718349801,6,85.1784245473145,6,86.9148917602921,6,86.9378557969661,0,6932.70029026646,0,6932.70029026646,1,0,6932.70029
NA,6959.42006726458,5,96.1149952607644,5,97.6458970610437,5,97.6458970610437,0,6956.67776988775,0,6956.67776988775,1,0,6956.67777
NA,7012.70346717265,6,174.462064453127,6,174.462064453127,6,174.462064453127,0,7012.43647128479,0,7012.4364712848,1,0,7012.43647
NA,6920.94038341206,6,76.1867686549412,6,76.1867686549412,6,76.1867686549412,0,6911.4644655406,0,6911.46446554059,1,0,6911.46447
NA,6981.59571424767,6,138.432497790668,6,142.004627515426,6,142.004627515426,0,6980.21316155883,0,6980.21316155885,1,0,6980.21316
NA,6979.50539331325,6,127.537415924443,6,133.428458361787,5,134.648488701551,0,6973.46089985798,0,6973.46089985797,1,0,6973.4609
NA,6863.2903266102,6,21.4933986918836,6,24.410705151273,6,24.410705151273,0,6861.47974453704,0,6861.47974453703,1,0,6861.47974
NA,6916.64212305876,6,67.8200557977399,6,76.194162775096,6,76.194162775096,0,6913.40857917732,0,6913.40857917732,1,0,6913.40858
NA,6917.16657265492,5,74.1715939271396,6,82.0037765750567,7,81.897711837499,0,6916.73908416982,0,6916.73908416982,1,0,6916.73908
NA,6937.33016732382,6,96.6281638340998,7,97.1973982247598,7,97.1973982247598,0,6936.51505024207,0,6936.51505024208,1,0,6936.51505
NA,6911.34371488624,6,57.708010318147,7,69.6018225436611,7,69.7501361910009,0,6911.32084526016,0,6911.32084526017,1,0,6911.32085
NA,6998.88222071667,6,152.073264321249,7,161.110264115199,7,161.110264115199,0,6997.95735993185,0,6997.95735993185,1,0,6997.95736
NA,6951.15802094875,6,90.7337813640012,6,92.8439511406514,4,92.9123594568844,0,6950.77546653723,0,6950.77546653724,1,0,6950.77547
NA,6976.5021901026,6,129.052154060849,6,129.1421467376,6,129.741864679803,0,6976.01651311757,0,6976.01651311758,1,0,6976.01651
NA,6992.87217133825,6,149.590701861027,6,156.268477925426,6,156.268477925426,0,6992.38247940934,0,6992.38247940934,1,0,6992.38248
NA,6905.53736167333,5,57.9713893529963,5,67.6952342431987,5,67.6952342431987,0,6904.945612481,0,6904.945612481,1,0,6904.94561
NA,6937.60636655647,5,89.5986973873895,6,97.4005530237657,6,97.4005530237657,0,6930.86405514261,0,6930.8640551426,1,0,6930.86406
NA,7011.05144646086,6,146.130830696492,6,146.337253384533,6,146.337253384533,0,7007.72573730057,0,7007.72573730057,1,0,7007.72574
NA,6894.37654514143,5,34.2442896221274,5,43.6328576395799,5,44.0862378581103,0,6889.92014303616,0,6889.92014303613,1,0,6889.92014
NA,6914.76972141134,6,59.0154660065623,6,59.0154660065623,6,59.2959658801525,0,6914.27863752699,0,6914.27863752698,1,0,6914.27864
NA,6982.83421945639,6,140.709517941224,7,149.055784219234,8,149.820222356712,0,6982.70642266012,0,6982.70642266012,1,0,6982.70642
NA,6856.3817990024,6,23.3979217344314,6,25.6690454384184,6,25.6690454384184,0,6856.29326515721,0,6856.29326515721,1,0,6856.29327
NA,6853.2962050977,6,9.0420215709194,6,18.5575379311721,6,18.5575379311721,0,6852.98627690743,0,6852.98627690741,1,0,6852.98628
NA,6867.49291788278,6,20.8268788975485,6,25.7006953341888,6,27.005220021115,0,6864.55629949037,0,6864.55629949036,1,0,6864.5563
NA,6885.24382060502,5,46.1719451822472,6,51.3021794484839,6,51.3021794484839,0,6881.33621959694,0,6881.33621959695,1,0,6881.33622
NA,6904.21022157943,6,53.1950419998816,7,63.2712784824464,7,63.5719014027382,0,6903.22618196196,0,6903.22618196196,1,0,6903.22618
NA,6961.57011811263,6,119.511724695423,6,127.186932053549,6,127.488316544335,0,6960.23116915746,0,6960.23116915745,1,0,6960.23117
NA,6945.92639189585,6,102.291107016059,8,112.870410906187,7,115.295510538238,0,6942.74341016087,0,6942.74341016087,1,0,6942.74341
NA,6917.93257445734,6,78.185565795606,6,86.0726826005244,8,87.981310132105,0,6912.93147221623,0,6912.93147221623,1,0,6912.93147
NA,6911.98329060817,6,59.1934430228388,7,73.8247215217743,7,73.8247215217743,0,6911.41013785398,0,6911.41013785399,1,0,6911.41014
NA,6889.11935948202,5,46.3113763341782,6,57.2796520466545,5,57.7420705309672,0,6885.97957831753,0,6885.97957831753,1,0,6885.97958
NA,6939.75073215255,6,98.7644420658813,7,99.1678614569617,7,99.1678614569617,0,6938.93790706952,0,6938.93790706954,1,0,6938.93791
NA,7005.15433152886,5,149.583917229101,7,161.481149131654,4,161.193762477859,0,7000.23166156841,0,7000.23166156841,1,0,7000.23166
NA,6937.65074728488,6,85.1301689144078,7,93.6689950664167,6,94.1361312794385,0,6934.07555843213,0,6934.07555843213,1,0,6934.07556
NA,6919.14916852524,5,76.6975839189308,6,81.6345504751595,9,82.7817248188942,0,6916.60856227145,0,6916.60856227144,1,0,6916.60856
NA,6970.15475171958,6,114.499944987169,6,121.208644127885,6,121.208644127885,0,6962.71535168279,0,6962.71535168277,1,0,6962.71535
NA,6892.12765296179,6,47.3795525098025,6,48.3848261748716,6,48.4712731666771,0,6889.76066270324,0,6889.76066270324,1,0,6889.76066
NA,6934.46361332809,5,78.8577871170941,5,83.7191809168888,5,83.7191809168888,0,6933.97727285702,0,6933.97727285702,1,0,6933.97727
NA,6955.51266647928,6,121.722585157966,7,123.724714160073,7,123.724714160073,0,6955.17770103149,0,6955.1777010315,1,0,6955.1777
NA,6899.27944581246,6,51.6082234799738,6,60.9976435454652,6,60.9976435454652,0,6898.1500237973,0,6898.15002379729,1,0,6898.15002
NA,6923.96978129416,6,83.6864214963375,7,95.1436578754615,7,95.1436578754615,0,6922.62325786155,0,6922.62325786155,1,0,6922.62326
NA,6904.11131223226,6,79.1793747281851,7,81.9698837088157,6,84.6736667858286,0,6901.86574452722,0,6901.86574452722,1,0,6901.86574
NA,6890.70877917334,6,54.2838751022276,6,58.8594105494785,6,58.8594105494785,0,6890.17687473884,0,6890.17687473884,1,0,6890.17687
NA,6952.80111832192,5,118.169782078124,6,118.694773186064,6,118.694773186064,0,6952.68065601641,0,6952.68065601641,1,0,6952.68066
NA,6880.86345179044,6,40.9865562203405,6,42.8230488697082,6,42.8230488697082,0,6878.85750297588,0,6878.85750297588,1,0,6878.8575
NA,6867.44726623606,5,30.4536232609171,7,29.3057453110374,7,29.3057453110374,0,6865.50005609265,0,6865.50005609264,1,0,6865.50006
NA,6930.14572864748,6,90.8922332273957,7,94.1901866183441,7,94.1901866183441,0,6928.46052709099,0,6928.460527091,1,0,6928.46053
NA,6874.47880072256,6,41.5329490322087,7,46.2715661789786,7,46.2715661789786,0,6870.41657540269,0,6870.41657540269,1,0,6870.41658
NA,6986.38458522177,5,146.691832403186,6,153.387141876865,6,153.387141876865,0,6986.17457580637,0,6986.17457580637,1,0,6986.17458
NA,6904.74796062122,6,60.5381559661388,6,62.0183017759755,6,62.0183017759755,0,6902.27483188051,0,6902.27483188052,1,0,6902.27483
NA,6986.25240501974,6,139.103549669783,7,139.80362552268,6,140.675662778488,0,6984.76154023701,0,6984.761540237,1,0,6984.76154
NA,6842.12344328887,7,0.648441773528134,7,0.648441773528134,7,3.63895655438321,0,6841.79219951742,0,6841.79219951742,1,0,6841.7922
NA,6877.8650035384,6,34.9631990083427,6,34.9631990083427,6,34.9631990083427,0,6877.33977866303,0,6877.33977866304,1,0,6877.33978
NA,6902.0817287475,6,69.0422229379077,6,73.2753261741378,6,73.2753261741378,0,6900.26356626076,0,6900.26356626076,1,0,6900.26357
NA,6888.82893124803,6,37.1732454300054,6,37.4938964254777,8,43.2158986335326,0,6886.98916885172,0,6886.9891688517,1,0,6886.98917
NA,6883.37375396572,6,48.3746417485042,6,53.0174157478503,6,53.0174157478503,0,6883.31633740042,0,6883.31633740042,1,0,6883.31634
NA,6938.76531466722,7,92.3761728448392,7,92.3761728448392,6,92.6051223931175,0,6937.20629559467,0,6937.20629559466,1,0,6937.2063
NA,6926.10261812283,6,82.3621585181719,7,88.5114397563449,7,88.5114397563449,0,6924.89767254246,0,6924.89767254247,1,0,6924.89767
NA,6893.32102673855,6,58.9870921509534,7,59.7538593659838,7,59.8228619273391,0,6883.77190587983,0,6883.77190587981,1,0,6883.77191
NA,6976.74112290365,5,124.052475141328,6,127.69123450384,6,128.063351079802,0,6975.6234345022,0,6975.6234345022,1,0,6975.62343
NA,6849.50353688076,6,-8.70251172133693,6,-8.70251172133693,6,-8.70251172133693,0,6847.74988138351,0,6847.7498813835,1,0,6847.74988
NA,6917.9970792371,6,61.5839274379233,6,61.5839274379233,6,61.5839274379233,0,6917.47679949022,0,6917.47679949021,1,0,6917.4768
NA,6934.24417481749,5,89.9393936987409,5,89.9802989806791,5,89.9802989806791,0,6933.20789554356,0,6933.20789554356,1,0,6933.2079
NA,6894.47148881039,6,51.0678116343063,6,51.0678116343063,6,51.0678116343063,0,6893.13866778799,0,6893.13866778799,1,0,6893.13867
NA,7008.6330445044,5,174.858923358542,6,184.145214682602,6,184.183587767262,0,7008.43471939909,0,7008.43471939908,1,0,7008.43472
NA,6957.35572406647,6,121.271467594089,7,125.973699362092,7,127.13600570627,0,6955.67746904956,0,6955.67746904957,1,0,6955.67747
NA,6889.14532169597,6,51.5165862758707,7,57.2445988212274,7,57.7322603847876,0,6887.0763864908,0,6887.07638649081,1,0,6887.07639
NA,6968.43362460032,6,109.579200171611,6,112.273536606435,6,112.273536606435,0,6967.87722822029,0,6967.87722822029,1,0,6967.87723
NA,6976.31030242999,8,141.999838777849,7,144.574221281647,8,141.999838777849,0,6976.10141150679,0,6976.1014115068,1,0,6976.10141
NA,6990.36540222752,5,138.458847929992,7,150.169577559689,7,150.169577559689,0,6984.83122329675,0,6984.83122329674,1,0,6984.83122
NA,6912.30828937715,6,76.358724956667,7,83.2622829861396,7,84.0695507086043,0,6905.26625248504,0,6905.26625248503,1,0,6905.26625
NA,7021.28602308595,6,172.690345719828,6,172.991419473964,6,172.991419473964,0,7019.60291128886,0,7019.60291128886,1,0,7019.60291
NA,6943.50739169473,6,97.695258921287,6,97.695258921287,6,97.695258921287,0,6940.4765086053,0,6940.47650860534,1,0,6940.47651
NA,6945.06170905753,5,80.1412879911325,6,87.6570975108194,6,87.6570975108194,0,6944.24947918695,0,6944.24947918696,1,0,6944.24948
NA,6856.3643523208,6,0.000121802839373686,7,2.01697060163404,7,2.01697060163404,0,6855.79852483042,0,6855.79852483042,1,0,6855.79852
NA,6914.94119480535,7,74.1954098388006,6,82.1051753318882,6,85.5112908685276,0,6913.63051972716,0,6913.63051972716,1,0,6913.63052
NA,6963.84709519323,6,133.595884564827,6,139.263391322026,6,139.263391322026,0,6961.96799450059,0,6961.96799450059,1,0,6961.96799
NA,6830.67307682891,6,-20.0953233409737,6,-19.8588674544196,6,-19.8588674544196,0,6828.51398937371,0,6828.51398937371,1,0,6828.51399
NA,6890.0989065627,6,56.9510201841443,6,60.6780422411041,6,60.6780422411041,0,6889.70179678291,0,6889.7017967829,1,0,6889.7018
NA,6953.51118434058,5,105.77730333764,5,116.72233058416,5,117.592617056998,0,6951.67281595264,0,6951.67281595262,1,0,6951.67282
NA,6862.99455303412,6,22.8994209118928,7,34.0380278089873,7,34.8086092746526,0,6862.96591812453,0,6862.96591812453,1,0,6862.96592
NA,6857.00572113292,5,25.923415756615,5,26.7051018291028,5,26.7051018291028,0,6852.90340716937,0,6852.90340716935,1,0,6852.90341
NA,6947.78414824846,4,67.2358508942604,5,76.920240682918,5,76.920240682918,0,6942.01013937286,0,6942.01013937287,1,0,6942.01014
NA,6912.80312046269,5,48.9690279490878,6,63.0123795209894,6,63.0123795209894,0,6908.79898258998,0,6908.79898258996,1,0,6908.79898
NA,6890.79014233884,6,53.5893719620632,7,60.5384802355866,8,66.1116429852101,0,6887.55091789711,0,6887.55091789708,1,0,6887.55092
NA,6900.95727155487,6,51.5035343025492,6,56.5068831275265,6,56.5068831275265,0,6900.51519829409,0,6900.51519829408,1,0,6900.5152
NA,6995.42675364052,5,149.504825675417,6,152.74790505566,6,152.74790505566,0,6995.05308097558,0,6995.05308097558,1,0,6995.05308
NA,6820.38384578967,5,-30.286848736453,7,-22.2268225960016,7,-22.1091206734978,0,6819.78115142967,0,6819.78115142968,1,0,6819.78115
NA,6870.45623898508,5,28.4064897274268,6,42.9144500325769,7,42.7989567777932,0,6868.85800330003,0,6868.85800330002,1,0,6868.858
NA,6971.41447869876,6,120.323195518689,6,121.185760973842,6,121.185760973842,0,6971.17764904167,0,6971.17764904168,1,0,6971.17765
NA,7025.19353232841,5,184.456280044554,7,192.921702775134,6,193.682867264825,0,7024.58806494915,0,7024.58806494915,1,0,7024.58806
NA,6939.762793562,5,79.0504626417864,6,83.2908902132968,6,85.4800189252953,0,6938.15636867066,0,6938.15636867065,1,0,6938.15637
NA,6946.32975454559,6,104.105200352496,7,111.607768843063,7,114.887967380737,0,6946.15683933604,0,6946.15683933605,1,0,6946.15684
NA,6915.26269869718,5,46.1831866948961,5,46.1831866948961,5,46.1831866948961,0,6914.28515844522,0,6914.28515844521,1,0,6914.28516
NA,6944.55385611987,5,104.954560589937,7,115.586163531803,5,116.824178165835,0,6942.4394458048,0,6942.4394458048,1,0,6942.43945
NA,7004.50456304738,5,147.652278591499,6,153.937121872228,5,153.093898387632,0,7003.49561335521,0,7003.4956133552,1,0,7003.49561
NA,6980.14966255563,5,128.536314398838,6,139.071452046891,5,138.555332544007,0,6978.74430747331,0,6978.74430747331,1,0,6978.74431
NA,6994.77104091051,7,160.203003948017,7,160.203003948017,6,159.802526571416,0,6994.62419937313,0,6994.62419937313,1,0,6994.6242
NA,6858.87749101281,7,0.759585935869353,7,0.759585935869353,7,0.759585935869353,0,6853.68722872357,0,6853.68722872358,1,0,6853.68723
NA,6912.04957799658,6,80.1439588649919,6,85.3728558536897,6,85.3728558536897,0,6911.8744467788,0,6911.87444677879,1,0,6911.87445
NA,6940.5645487051,6,91.1174875025014,6,96.2310260003642,6,96.2310260003642,0,6939.76383544663,0,6939.76383544664,1,0,6939.76384
NA,6882.37270194781,5,30.3800362294369,6,33.2638668404832,6,33.2638668404832,0,6882.17914625552,0,6882.17914625551,1,0,6882.17915
NA,6923.55573379492,6,84.485200597043,7,87.6370254348691,7,87.6370254348691,0,6923.16620313947,0,6923.16620313946,1,0,6923.1662
NA,6965.80500118925,6,124.604269478035,6,124.604269478035,6,124.604269478035,0,6960.94516322018,0,6960.94516322018,1,0,6960.94516
NA,6961.19519705921,6,110.477173446925,7,118.564274619142,7,118.564274619142,0,6957.66670546961,0,6957.6667054696,1,0,6957.66671
NA,6915.89601552932,7,79.3218293134069,7,79.4696869908425,7,79.4696869908425,0,6912.19223615458,0,6912.19223615458,1,0,6912.19224
NA,6968.18174000539,6,118.568200923654,7,125.162032569811,7,125.162032569811,0,6965.5745375148,0,6965.57453751483,1,0,6965.57454
NA,6890.31986049956,6,46.2082226759847,7,48.7655487323047,7,48.7655487323047,0,6888.39112798081,0,6888.39112798081,1,0,6888.39113
NA,6901.22889312871,7,64.1176746796132,7,64.241771868343,7,64.2921544812827,0,6901.22221360531,0,6901.22221360531,1,0,6901.22221
NA,6872.15761888169,6,19.5727310885619,6,20.1078382352282,6,20.1193663911371,0,6870.87949839025,0,6870.87949839025,1,0,6870.8795
NA,6929.6060992952,5,81.6067709600081,6,81.7703843794574,6,85.3705511739986,0,6928.08669586192,0,6928.08669586194,1,0,6928.0867
NA,6838.3454398752,6,-7.5674355720909,6,-2.14094529970707,6,-2.14094529970707,0,6837.93068550425,0,6837.93068550423,1,0,6837.93069
NA,6977.00192626759,6,126.917128873714,6,132.754778233021,6,132.754778233021,0,6975.490197791,0,6975.490197791,1,0,6975.4902
NA,6925.26000230819,6,82.2216529573969,6,88.1231361354432,6,88.1231361354432,0,6924.31840178034,0,6924.31840178034,1,0,6924.3184
NA,6969.25399646455,6,106.224800251961,6,106.347048712012,6,106.347048712012,0,6969.13475564542,0,6969.13475564542,1,0,6969.13476
NA,6917.91794178211,7,80.977692891502,7,89.6711468570123,8,91.6836423045691,0,6915.24147155767,0,6915.24147155768,1,0,6915.24147
NA,6929.34293995359,6,75.7140214859677,7,96.1757894543971,7,96.1757894543971,0,6923.13002997041,0,6923.13002997043,1,0,6923.13003
NA,6968.88935732258,7,124.737098523509,7,124.737098523509,7,124.737098523509,0,6964.32498877983,0,6964.32498877984,1,0,6964.32499
NA,6945.97771714846,7,100.769251920621,7,100.769251920621,7,100.769251920621,0,6944.51877929811,0,6944.51877929811,1,0,6944.51878
NA,6917.645309054,6,68.5340773956634,7,74.3577559195207,7,74.3577559195207,0,6914.65385047193,0,6914.65385047192,1,0,6914.65385
NA,6980.84951820622,6,128.348403848773,7,129.947164817091,7,129.947164817091,0,6980.60104832114,0,6980.60104832115,1,0,6980.60105
NA,6903.49955414393,6,76.4545863736288,7,79.164130956918,7,80.663618654845,0,6900.98887448564,0,6900.98887448564,1,0,6900.98887
NA,6914.79268636175,7,65.6614232255729,8,65.7752070329013,8,65.7752070329013,0,6913.63132254746,0,6913.63132254746,1,0,6913.63132
NA,6903.86094513065,6,54.1135758691372,6,57.8309102088525,6,57.8309102088525,0,6899.13547925521,0,6899.1354792552,1,0,6899.13548
NA,7011.96223092201,6,177.511657162281,6,180.878010587881,5,181.300555588812,0,7011.26787482049,0,7011.2678748205,1,0,7011.26787
NA,6928.28016533959,7,92.3698800562641,7,92.3698800562641,7,92.3698800562641,0,6925.65485202601,0,6925.65485202601,1,0,6925.65485
NA,6934.91957672937,5,82.8197970567765,7,89.8457166120227,7,89.8457166120227,0,6930.79072047303,0,6930.79072047302,1,0,6930.79072
NA,6962.89898932297,6,117.303114121556,6,120.560684420106,6,120.822940428503,0,6958.59427340821,0,6958.59427340823,1,0,6958.59427
NA,6878.98793805538,6,45.9480482198448,7,49.9733378146241,7,49.9733378146241,0,6877.44909325555,0,6877.44909325556,1,0,6877.44909
NA,6966.94688576496,5,121.247163844073,6,125.52122317615,6,125.521896081724,0,6962.28861842859,0,6962.28861842859,1,0,6962.28862
NA,7000.95974624287,5,147.636004859657,6,158.36988484152,6,158.36988484152,0,6991.83514539067,0,6991.83514539068,1,0,6991.83515
NA,6892.63034630541,5,45.4427966248278,6,52.5663726123608,6,52.9789037960871,0,6891.45239191935,0,6891.45239191935,1,0,6891.45239
NA,6966.4907541464,6,94.5408868158881,7,109.352444644603,8,108.14858769299,0,6965.95793196298,0,6965.95793196297,1,0,6965.95793
NA,6888.73711292705,6,52.3407953311396,7,56.5704120481189,7,56.5704120481189,0,6887.40105234156,0,6887.40105234157,1,0,6887.40105
NA,6941.28509171914,6,97.1810855341298,6,100.751140840282,6,100.751140840282,0,6939.14997951621,0,6939.14997951622,1,0,6939.14998
NA,6899.91177344151,5,50.2258763442709,6,61.1686251075993,6,61.1686251075993,0,6896.34614100608,0,6896.34614100608,1,0,6896.34614
NA,6948.36393469441,7,111.943185819149,6,114.586381059749,6,114.586381059749,0,6946.80968471419,0,6946.80968471418,1,0,6946.80968
NA,6914.42478195067,6,67.1179767756026,7,71.5715991179431,7,71.5715991179431,0,6913.90592307103,0,6913.90592307103,1,0,6913.90592
NA,6810.40147564775,7,-20.7995435446023,7,-20.7995435446023,9,-15.505138041273,0,6810.31106294193,0,6810.31106294194,1,0,6810.31106
NA,6901.82253257085,6,38.184252608903,6,43.8981325914853,5,44.9933874644558,0,6900.77722990765,0,6900.77722990765,1,0,6900.77723
NA,6919.65584965323,5,62.4860580801591,6,74.2984607496686,6,74.2984607496686,0,6918.73854819722,0,6918.73854819716,1,0,6918.73855
NA,6952.19948415241,5,102.420131733659,6,110.546084952019,6,110.5753040625,0,6951.56032216139,0,6951.56032216139,1,0,6951.56032
NA,6967.00280638306,6,122.449428997767,6,127.763662776095,5,127.43638932221,0,6966.95075821369,0,6966.95075821369,1,0,6966.95076
NA,6953.81792843408,7,106.255872383792,6,110.015133414943,7,107.291989617873,0,6952.76774378696,0,6952.76774378697,1,0,6952.76774
NA,6966.67716207052,6,122.552542348097,6,131.600098852474,5,133.943237062131,0,6966.53059897057,0,6966.53059897056,1,0,6966.5306
NA,6889.5672363737,6,28.7001681312114,6,33.2337322368868,6,33.936630707073,0,6889.19910149781,0,6889.19910149781,1,0,6889.1991
NA,6930.37892105609,8,81.8617358259642,6,85.5003213733495,6,85.5003213733495,0,6927.75757582813,0,6927.75757582813,1,0,6927.75758
NA,6921.72232202306,5,76.6845389483407,7,83.9987435697257,6,85.2543104069556,0,6915.35327174418,0,6915.35327174419,1,0,6915.35327
NA,6868.15109727078,5,19.1567771746508,5,19.6252842944512,5,19.6252842944512,0,6867.70794969959,0,6867.7079496996,1,0,6867.70795
NA,6966.21032067753,5,117.099688057869,6,124.369437550914,5,125.434923796505,0,6965.18139107157,0,6965.18139107156,1,0,6965.18139
NA,6887.98132077892,6,27.2625542060023,7,34.2624419232216,7,34.2624419232216,0,6887.27428788592,0,6887.27428788591,1,0,6887.27429
NA,6912.91584383956,6,64.6688802759857,7,64.2633223931622,7,64.2633223931622,0,6909.14580283267,0,6909.14580283266,1,0,6909.1458
NA,6848.27201090973,6,4.78072314602151,6,4.78072314602151,6,4.78072314602151,0,6845.94875907329,0,6845.94875907329,1,0,6845.94876
NA,6916.21276319575,5,71.4333095525649,6,82.4599711692619,6,82.4599711692619,0,6915.7314006561,0,6915.73140065611,1,0,6915.7314
NA,6997.38688746924,6,141.62426981273,7,150.883434298968,7,150.883434298968,0,6990.68978740416,0,6990.68978740417,1,0,6990.68979
NA,6904.8785161586,6,58.0913693000897,6,58.0913693000897,6,58.8007148942077,0,6900.27878258585,0,6900.27878258584,1,0,6900.27878
NA,6920.62985967515,6,88.4631223645782,8,96.9911320118832,8,96.9911320118832,0,6913.69255720603,0,6913.69255720603,1,0,6913.69256
NA,6897.82073327592,6,46.8206842664909,7,49.7686285360772,7,49.7686285360772,0,6893.43560534843,0,6893.43560534842,1,0,6893.43561
NA,7004.52610153633,6,162.489113602192,6,162.489113602192,5,164.996182456441,0,7002.75336309877,0,7002.75336309878,1,0,7002.75336
NA,6844.98965309395,6,3.62348629166499,7,7.27311100025065,7,7.27311100025065,0,6844.59174539898,0,6844.59174539897,1,0,6844.59175
NA,6964.65368682494,5,104.734162823454,5,106.144054621953,5,106.144054621953,0,6962.91687166045,0,6962.91687166046,1,0,6962.91687
NA,6861.04373414676,6,16.483260242869,7,26.6296531122685,7,27.9002880501863,0,6859.89239182168,0,6859.89239182167,1,0,6859.89239
NA,6949.36537713263,6,111.403765594033,7,113.831794045395,7,113.831794045395,0,6948.97961860791,0,6948.97961860791,1,0,6948.97962
NA,6904.22486268872,5,49.0584339956227,6,57.7885695011269,6,58.6924299049366,0,6900.73248455277,0,6900.73248455277,1,0,6900.73248
NA,6920.05335009275,6,81.5055607384653,7,84.5128583882647,7,85.318221457485,0,6918.91589228768,0,6918.91589228767,1,0,6918.91589
NA,6885.9535831288,7,50.1988355251437,7,50.1988355251437,7,50.1988355251437,0,6885.16135150873,0,6885.16135150872,1,0,6885.16135
NA,7028.43203483185,6,190.282503893064,7,192.744712991184,6,199.428349940912,0,7027.20408177092,0,7027.20408177092,1,0,7027.20408
NA,6936.14070742375,6,79.6274877842579,7,83.7797238147391,6,88.8392742044734,0,6934.56767904657,0,6934.56767904657,1,0,6934.56768
NA,7006.47657474796,5,152.663762264352,6,164.772342282828,6,169.959414482363,0,7005.26425226887,0,7005.26425226886,1,0,7005.26425
NA,6922.95121235876,5,71.6461115946496,5,73.5635682573312,5,73.5635682573312,0,6920.97924052785,0,6920.97924052785,1,0,6920.97924
NA,6947.14976613092,5,104.203833414951,7,113.015081877069,7,113.015081877069,0,6945.7040513643,0,6945.7040513643,1,0,6945.70405
NA,6972.12371902235,6,117.032995121851,7,119.728004886205,7,119.728004886205,0,6971.84368885718,0,6971.84368885718,1,0,6971.84369
NA,6899.55935454738,7,42.8746752035387,6,48.9501428061375,6,49.0504164099116,0,6897.55478590123,0,6897.55478590124,1,0,6897.55479
NA,6900.37620248293,6,51.0229852241184,7,51.8545557361658,7,52.1137972199015,0,6897.06497604434,0,6897.06497604435,1,0,6897.06498
NA,6969.39384083206,5,113.887924426013,5,113.887924426013,5,113.887924426013,0,6967.70056397147,0,6967.70056397147,1,0,6967.70056
NA,6924.10690636452,6,89.5736083514552,7,94.3828901430801,7,94.4045637833265,0,6922.78039453801,0,6922.78039453802,1,0,6922.78039
NA,6941.60341239566,6,96.5316241250186,6,97.3203330281308,6,97.3203330281308,0,6937.63644253249,0,6937.63644253249,1,0,6937.63644
NA,6898.34760655524,5,60.4596562110879,7,67.9363923746101,8,74.4499630545941,0,6896.5503101759,0,6896.55031017588,1,0,6896.55031
NA,6882.29041404461,6,34.7080819801436,6,43.7195680884905,7,43.006452998573,0,6880.97300960855,0,6880.97300960855,1,0,6880.97301
NA,6925.94660189021,4,67.9477002683243,5,70.6816772353856,4,74.2020984453584,0,6922.70331776261,0,6922.7033177626,1,0,6922.70332
NA,6863.04825465304,5,22.3335029451436,6,26.4403961415476,5,27.5578096055916,0,6862.92571401696,0,6862.92571401696,1,0,6862.92571
NA,6953.01667824251,7,103.369687782993,6,108.710812976645,6,108.710812976645,0,6945.31398252896,0,6945.31398252895,1,0,6945.31398
NA,6941.89733279487,5,105.632427715317,5,113.671423650288,5,113.671423650288,0,6941.0764808897,0,6941.07648088971,1,0,6941.07648
NA,6903.55854272393,5,71.2054448411345,7,76.5233999377226,7,77.2517408685089,0,6902.62177283117,0,6902.62177283116,1,0,6902.62177
NA,6942.11967637914,5,97.5305343897562,6,98.642739063176,6,98.642739063176,0,6937.9902799635,0,6937.99027996351,1,0,6937.99028
NA,6874.20214873247,6,20.5804100743313,7,25.3136181148672,7,25.3136181148672,0,6873.88308783692,0,6873.88308783691,1,0,6873.88309
NA,6950.14523738058,5,102.843253575042,6,108.652192325784,5,108.866266544114,0,6949.04006255955,0,6949.04006255952,1,0,6949.04006
NA,6915.32261426271,5,58.7566561892867,5,74.5107223243626,4,75.3839563532968,0,6914.7313258459,0,6914.7313258459,1,0,6914.73133
NA,6936.98629492801,6,80.9101703780591,6,89.1369182845418,6,89.4442771357588,0,6933.29558677949,0,6933.29558677948,1,0,6933.29559
NA,6921.81892748387,6,84.8148074798514,5,90.1866019055122,5,90.1866019055122,0,6921.52054756749,0,6921.52054756749,1,0,6921.52055
NA,6877.01441315788,6,30.2742877306891,6,34.1011182255188,6,34.1011182255188,0,6875.44143249007,0,6875.44143249008,1,0,6875.44143
NA,6946.65103955677,5,95.1203620414135,6,99.7384973100886,6,99.7384973100886,0,6943.12498669292,0,6943.12498669292,1,0,6943.12499
NA,6914.67028091573,6,76.8372094928375,7,84.8287786180842,7,87.2696492323128,0,6913.31350515532,0,6913.31350515531,1,0,6913.31351
NA,6863.53830917013,6,23.5760505432797,7,31.476522121914,7,31.476522121914,0,6861.55588126509,0,6861.55588126508,1,0,6861.55588
NA,6868.16195076722,6,-2.14984707289427,6,4.18986449002017,6,4.18986449002017,0,6864.56014917431,0,6864.56014917432,1,0,6864.56015
NA,6908.39957094518,6,56.3186980653718,6,61.3148420741671,6,61.3148420741671,0,6908.08003330479,0,6908.08003330479,1,0,6908.08003
NA,6905.34746346464,6,61.7712723466633,6,62.0770937284528,7,61.9194038246636,0,6903.70494679877,0,6903.70494679877,1,0,6903.70495
NA,6947.46960608898,7,98.258737090009,7,98.258737090009,7,98.258737090009,0,6946.65629358053,0,6946.65629358053,1,0,6946.65629
NA,6945.07728373805,5,98.5211844195765,6,101.179571735736,6,101.179571735736,0,6939.80056289469,0,6939.80056289469,1,0,6939.80056
NA,6906.70907125828,6,54.7401346584331,6,62.0734011905264,5,62.6676135698317,0,6906.46631746001,0,6906.46631746001,1,0,6906.46632
NA,6794.68553102619,5,-38.8139944110661,6,-33.7402079088697,6,-33.7402079088697,0,6793.93990197323,0,6793.93990197323,1,0,6793.9399
NA,6983.15264929897,6,148.220369509423,6,148.658847260706,6,148.658847260706,0,6982.80319643067,0,6982.80319643068,1,0,6982.8032
NA,6988.07861777874,5,117.540117197408,7,128.369677738748,8,129.315161518905,0,6982.57525675434,0,6982.57525675433,1,0,6982.57526
NA,6901.92240901054,6,51.846443800377,6,52.2560135859435,6,52.2560135859435,0,6901.31813714352,0,6901.31813714353,1,0,6901.31814
NA,6922.64142794796,6,93.4318201252889,6,99.5673565892722,6,99.5673565892722,0,6922.19390052449,0,6922.19390052449,1,0,6922.1939
NA,6911.44677907875,5,60.8503882672052,7,72.7837736350036,7,72.7837736350036,0,6909.71864604007,0,6909.71864604006,1,0,6909.71865
NA,6902.70010796448,6,53.0299163594305,6,58.7835658206067,6,57.8157316734099,0,6901.24833999861,0,6901.24833999861,1,0,6901.24834
NA,6886.4710133965,6,48.9774449641828,7,55.7357016562492,7,55.7357016562492,0,6884.43521116301,0,6884.43521116302,1,0,6884.43521
NA,6957.35724139113,6,111.395598806326,6,114.15349589779,6,114.15349589779,0,6956.24226299748,0,6956.24226299748,1,0,6956.24226
NA,6898.11884291589,6,45.8792468574516,6,57.513118876083,6,57.513118876083,0,6897.41230722475,0,6897.41230722475,1,0,6897.41231
NA,6936.45976647308,6,106.264499549761,7,106.875815177699,7,107.004588451303,0,6934.1762030201,0,6934.17620302011,1,0,6934.1762
NA,6897.94075607393,5,45.2625192155521,4,51.0564100897943,5,50.8678611750357,0,6893.61752910293,0,6893.61752910293,1,0,6893.61753
NA,6879.98814846497,5,45.4150213767328,7,54.4209218824347,7,54.4209218824347,0,6875.41141451141,0,6875.41141451143,1,0,6875.41141
NA,6917.71853611115,6,74.9004338726941,6,76.2182124109008,6,76.2266443385726,0,6917.21524193827,0,6917.21524193827,1,0,6917.21524
NA,6836.17373975108,6,0.765989917569485,7,10.3370493395991,7,10.3370493395991,0,6831.31630338454,0,6831.31630338454,1,0,6831.3163
NA,6938.66277112968,7,100.154829597077,7,100.154829597077,6,102.052281858357,0,6936.98800265484,0,6936.98800265483,1,0,6936.988
NA,6893.26205536114,6,67.7523956792359,7,78.2163519408076,7,78.2163519408076,0,6891.14366345318,0,6891.1436634532,1,0,6891.14366
NA,6897.95721893921,6,62.0181317810654,7,67.3615310371795,5,69.0767967129405,0,6897.88626468213,0,6897.88626468213,1,0,6897.88626
NA,7006.72963653587,5,159.053369669379,5,167.105258522978,5,167.105258522978,0,7005.39797630789,0,7005.39797630789,1,0,7005.39798
NA,6872.2010909112,5,9.15469285736258,6,17.5058905706196,6,17.5058905706196,0,6865.14699971658,0,6865.14699971659,1,0,6865.147
NA,6947.59618916804,8,104.833097260249,7,109.90033387682,7,109.90033387682,0,6944.58409764504,0,6944.58409764505,1,0,6944.5841
NA,6971.65396164428,5,124.197829791166,6,130.399596704268,6,130.399596704268,0,6971.40772254787,0,6971.40772254786,1,0,6971.40772
NA,6955.920321257,6,109.296824032984,6,110.930333410099,6,110.930333410099,0,6954.66172411157,0,6954.66172411158,1,0,6954.66172
NA,6903.8141132629,7,55.3619769269579,7,56.4420874324753,7,56.4420874324753,0,6903.09697940991,0,6903.09697940986,1,0,6903.09698
NA,6939.05298266482,6,89.6122794708635,7,94.3643913303672,7,95.5259080413338,0,6933.26927499682,0,6933.26927499683,1,0,6933.26927
NA,6973.99679517599,6,131.272105330678,7,137.802915536513,7,137.802915536513,0,6972.34811286147,0,6972.34811286147,1,0,6972.34811
NA,6871.15883706708,6,35.9515692418785,7,36.0091934766866,7,36.0091934766866,0,6866.70549702682,0,6866.7054970268,1,0,6866.7055
NA,6871.72833953992,6,29.8226641191412,6,31.735973096292,5,33.4125770724594,0,6870.79115352997,0,6870.79115352997,1,0,6870.79115
NA,6912.45103108568,6,69.0293199646832,6,69.9134056332789,6,69.9134056332789,0,6911.04236188879,0,6911.04236188878,1,0,6911.04236
NA,6937.04215488561,6,99.4662190068879,6,99.4662190068879,6,99.4662190068879,0,6936.61207113361,0,6936.61207113361,1,0,6936.61207
NA,6888.75426049086,5,30.5903218148466,6,38.6573154346676,6,40.0390321024465,0,6880.86266479003,0,6880.86266479003,1,0,6880.86266
NA,6907.50428309602,6,57.0401555773123,6,60.4416960201972,6,60.4416960201972,0,6905.97928674017,0,6905.97928674017,1,0,6905.97929
NA,6924.76336389571,4,77.8533669565333,6,86.7571818226139,6,88.6017367118717,0,6924.54593324312,0,6924.54593324312,1,0,6924.54593
NA,6985.91629386812,7,151.662224504699,7,153.671577590147,5,153.269883374512,0,6985.53895686025,0,6985.53895686025,1,0,6985.53896
NA,6891.64267100257,6,49.8418107321722,6,51.2420496790494,6,51.2420496790494,0,6890.93420779459,0,6890.9342077946,1,0,6890.93421
NA,6899.99822733991,5,52.0721832668519,6,63.0962196650086,6,63.0962196650086,0,6894.40393746321,0,6894.40393746322,1,0,6894.40394
NA,6906.99375349535,5,63.1004567494716,7,68.9712241606385,7,69.5943775608428,0,6905.74658881838,0,6905.7465888184,1,0,6905.74659
NA,6847.83353103719,6,0.502120296156676,6,13.865779101709,7,15.4527179835206,0,6847.76356334134,0,6847.76356334134,1,0,6847.76356
NA,6986.22773479294,7,145.436263939026,6,145.508221292541,6,145.508221292541,0,6984.27608500032,0,6984.27608500035,1,0,6984.27609
NA,6947.73848432086,6,108.651641671714,6,110.46049525887,6,110.46049525887,0,6947.53034586381,0,6947.53034586381,1,0,6947.53035
NA,6885.56885560435,6,17.4867167879563,7,22.6880979461684,7,23.1872367209242,0,6883.02735091436,0,6883.02735091436,1,0,6883.02735
NA,6921.45245686861,6,85.7404586940948,6,91.3374815748569,6,91.3374815748569,0,6921.27616299066,0,6921.27616299067,1,0,6921.27616
NA,6873.46687527291,5,30.3998822369184,7,43.496075403568,8,48.575418300543,0,6870.91988628565,0,6870.91988628566,1,0,6870.91989
NA,6920.34646453118,6,65.0436863582864,7,72.3635886871735,7,72.3635886871735,0,6919.18153959784,0,6919.18153959785,1,0,6919.18154
NA,6889.5676668947,6,38.1232975920861,7,45.3818540385635,7,45.3818540385635,0,6887.75927510584,0,6887.75927510585,1,0,6887.75928
NA,6916.89508009739,6,86.5478321204019,7,91.2569182826533,7,91.6366334346577,0,6916.8379027048,0,6916.8379027048,1,0,6916.8379
NA,6931.73542688307,6,78.2397789071536,6,82.6928047261226,6,82.6928047261226,0,6928.30542046475,0,6928.30542046476,1,0,6928.30542
NA,6974.37168697098,6,125.820054225558,7,131.87204433321,6,132.135490506898,0,6973.80934144529,0,6973.80934144529,1,0,6973.80934
NA,7022.09716735753,7,178.195961255831,7,178.602520051445,7,178.602520051445,0,7020.43691413212,0,7020.43691413211,1,0,7020.43691
NA,6955.50626329568,5,100.591530131786,6,104.291846511231,6,104.291846511231,0,6952.77894517312,0,6952.77894517312,1,0,6952.77895
NA,6858.82361240051,6,24.8089292985703,6,35.4751581775871,5,37.128628509101,0,6858.19374283705,0,6858.19374283705,1,0,6858.19374
NA,6895.69439707687,6,45.764100594052,6,60.696379419422,6,60.696379419422,0,6891.64322734711,0,6891.64322734711,1,0,6891.64323
NA,6924.28020800478,6,66.4508950769159,7,71.7192340758223,8,74.8608936439026,0,6923.9513077626,0,6923.95130776264,1,0,6923.95131
NA,6921.56258470629,7,66.7559468067429,6,77.8147455635866,8,77.3892984684249,0,6921.09407045743,0,6921.09407045744,1,0,6921.09407
NA,6921.76963807076,6,67.4507711532615,6,72.0289187899571,6,72.0289187899571,0,6921.63085123714,0,6921.63085123714,1,0,6921.63085
NA,6918.19249928913,6,79.6644811166296,7,89.0014631494668,7,89.0014631494668,0,6916.07981753952,0,6916.07981753952,1,0,6916.07982
NA,6865.17363474214,6,24.524566006938,5,25.5687599266146,5,25.5687599266146,0,6864.98579597849,0,6864.9857959785,1,0,6864.9858
NA,6946.62022950175,5,89.8424279526082,6,99.7686943681887,6,99.8206882007998,0,6942.45679217537,0,6942.45679217537,1,0,6942.45679
NA,6880.30698392874,7,45.1912886077251,7,47.8442053675809,6,50.7616942015856,0,6876.60287141074,0,6876.60287141074,1,0,6876.60287
NA,6895.75489344031,6,57.4210204703732,6,60.0539358889499,6,60.0539358889499,0,6895.31161056428,0,6895.31161056428,1,0,6895.31161
NA,6904.34261364694,7,59.6812291488222,7,59.6812291488222,7,59.6812291488222,0,6898.07706976065,0,6898.07706976064,1,0,6898.07707
NA,6983.22645754349,5,140.903789697022,5,146.661106339747,5,146.661106339747,0,6982.68836434293,0,6982.68836434293,1,0,6982.68836
NA,6928.82648333001,5,68.9439575319291,6,76.0056935342444,6,76.0056935342444,0,6921.21864358531,0,6921.21864358532,1,0,6921.21864
NA,6893.68797564426,6,69.8084752166083,7,71.8516382296791,7,71.8516382296791,0,6888.61615919039,0,6888.61615919039,1,0,6888.61616
NA,6867.00347079263,5,9.32952635997192,6,17.9864328424413,7,17.2575474593719,0,6864.1885040335,0,6864.18850403347,1,0,6864.1885
NA,6896.2399115928,6,53.3137137282107,6,56.8289419696929,6,56.8289419696929,0,6895.08213561573,0,6895.08213561573,1,0,6895.08214
NA,6911.46884807159,7,70.5327854956219,7,70.5327854956219,7,70.5327854956219,0,6911.43973674798,0,6911.43973674798,1,0,6911.43974
NA,7025.32676859107,5,169.990748610036,7,177.156959247636,7,177.156959247636,0,7024.48024804938,0,7024.48024804939,1,0,7024.48025
NA,6952.97893816945,5,107.709474104915,6,116.576346001259,5,119.965563034523,0,6952.29571879031,0,6952.2957187903,1,0,6952.29572
NA,7024.83042453403,6,174.440562685232,7,185.60649786555,6,185.977447998957,0,7022.04427418332,0,7022.04427418332,1,0,7022.04427
NA,6912.23243655945,7,66.7021548482346,7,67.3083637744387,7,67.3083637744387,0,6905.89493149696,0,6905.89493149698,1,0,6905.89493
NA,6953.51338240733,6,101.256880683979,6,112.93211906852,6,114.839642739944,0,6952.10183403856,0,6952.10183403856,1,0,6952.10183
NA,6935.44193205964,6,77.5946656194357,6,79.4379471878455,6,79.4379471878455,0,6935.41930656554,0,6935.41930656553,1,0,6935.41931
NA,6923.7730559302,5,81.7814926324373,7,96.6066394309896,6,97.6724088164741,0,6918.89819376177,0,6918.89819376176,1,0,6918.89819
NA,6916.99369875158,5,76.5688299823343,6,80.1614249738336,6,80.1614249738336,0,6916.65073526001,0,6916.65073526002,1,0,6916.65074
NA,6869.14392142612,6,28.3054193165126,7,28.4358464056367,7,28.4358464056367,0,6869.02541500969,0,6869.0254150097,1,0,6869.02542
NA,7003.08836828671,5,161.709835177875,6,169.750883622336,6,174.620163634547,0,7002.76091687995,0,7002.76091687995,1,0,7002.76092
NA,6893.85424896331,6,41.7926950112672,6,41.7926950112672,6,41.7926950112672,0,6892.30867981751,0,6892.30867981752,1,0,6892.30868
NA,6970.94838227861,6,132.944346133979,6,139.635584950222,6,139.848694541591,0,6968.4972332153,0,6968.4972332153,1,0,6968.49723
NA,6857.68952425519,6,31.1619688222303,7,35.1405445588596,7,35.1405445588596,0,6857.16763778322,0,6857.1676377832,1,0,6857.16764
NA,6877.56766526149,6,36.7047120599342,7,39.9121462281283,7,41.3974148342857,0,6877.34376622944,0,6877.34376622942,1,0,6877.34377
NA,6914.78169182624,5,63.0497050704415,6,71.8055458974521,6,73.4615372632313,0,6913.6445208079,0,6913.6445208079,1,0,6913.64452
NA,6934.05182205939,5,69.57815656407,5,82.4926131426457,5,82.4926131426457,0,6933.6627366218,0,6933.66273662177,1,0,6933.66274
NA,6916.69404897209,6,65.3730978343442,7,65.6051801646632,7,65.6051801646632,0,6916.51379394975,0,6916.51379394975,1,0,6916.51379
NA,6897.74423432114,6,54.5008153591801,7,54.0128942950947,7,54.5384038594555,0,6897.03475703235,0,6897.03475703235,1,0,6897.03476
NA,6901.6325614192,6,58.627967018169,6,58.998459444833,6,58.998459444833,0,6901.06391041406,0,6901.06391041406,1,0,6901.06391
NA,6874.18073369054,6,42.5639418020472,7,45.5011065898982,7,45.5011065898982,0,6873.85114010054,0,6873.85114010054,1,0,6873.85114
NA,6858.40339644761,6,16.2927896520443,6,18.5179737265903,6,18.5179737265903,0,6855.01940940603,0,6855.01940940605,1,0,6855.01941
NA,6984.65858981749,7,137.94707406316,7,148.931134597504,9,144.974497170053,0,6984.01502452824,0,6984.01502452826,1,0,6984.01502
NA,6905.01655425611,6,70.2937824076897,7,78.8726062016021,7,78.8726062016021,0,6903.54047822994,0,6903.54047822994,1,0,6903.54048
NA,6916.61951170836,6,77.6971188131778,6,79.8116645923501,6,79.8116645923501,0,6915.93248771905,0,6915.93248771905,1,0,6915.93249
NA,6932.07554629572,6,50.5266820424009,6,50.5266820424009,6,50.5266820424009,0,6930.46887865599,0,6930.46887865601,1,0,6930.46888
NA,6920.95752772497,7,73.2458793790853,7,73.2458793790853,7,73.560184606794,0,6919.81986139033,0,6919.81986139032,1,0,6919.81986
NA,6989.78215343987,7,146.73003970122,7,149.842694844649,8,150.713859376681,0,6988.7966209132,0,6988.79662091319,1,0,6988.79662
NA,6920.44119292412,5,77.4598418592239,6,83.3209340542927,6,83.3209340542927,0,6915.26795097784,0,6915.26795097781,1,0,6915.26795
NA,6978.78507401456,5,130.611566897112,6,131.76365041435,6,131.76365041435,0,6977.78813447225,0,6977.78813447226,1,0,6977.78813
NA,6901.8455853666,6,60.326366281538,7,68.4565638700535,7,68.4565638700535,0,6901.37459310551,0,6901.37459310552,1,0,6901.37459
NA,6950.17393853206,5,106.946509930471,6,109.115644244608,5,110.27501761605,0,6950.00867201355,0,6950.00867201354,1,0,6950.00867
NA,6911.1450401145,6,48.0768138851744,7,53.6809807737583,7,53.6809807737583,0,6910.82342579302,0,6910.82342579302,1,0,6910.82343
NA,6926.62999572863,6,89.3343389056818,7,89.9643138586686,7,89.9643138586686,0,6926.55928558361,0,6926.55928558361,1,0,6926.55929
NA,6932.93476723316,6,97.0614575989329,6,98.6443825223082,6,98.6443825223082,0,6932.52954734059,0,6932.52954734061,1,0,6932.52955
NA,6941.72540568696,6,98.9267723598161,6,101.870137306317,6,102.10568177019,0,6940.68517775469,0,6940.68517775469,1,0,6940.68518
NA,6903.36577347444,5,43.9985595873887,5,46.0889337919138,5,46.0889337919138,0,6902.44421199238,0,6902.44421199234,1,0,6902.44421
NA,6990.63281696618,5,133.278960173394,6,140.231832731458,6,141.032910368273,0,6989.50681344404,0,6989.50681344404,1,0,6989.50681
NA,6901.29769744546,6,56.8791968313095,7,64.3096302426504,7,65.3752138339976,0,6900.0201478078,0,6900.02014780781,1,0,6900.02015
NA,6918.36401880578,6,80.6926019505403,6,90.4813622406837,6,90.4813622406837,0,6917.21872491506,0,6917.21872491506,1,0,6917.21872
NA,6905.82939356357,7,60.4580516325459,7,60.4580516325459,7,60.4580516325459,0,6904.77506736437,0,6904.77506736437,1,0,6904.77507
NA,6946.43585603319,7,97.5197309180302,7,97.5197309180302,7,97.9327575882225,0,6943.41987350405,0,6943.41987350407,1,0,6943.41987
NA,6968.86885731015,6,125.536235618786,7,136.45910901938,7,136.45910901938,0,6965.79985026972,0,6965.79985026973,1,0,6965.79985
NA,6978.00612947473,6,139.143044944593,6,140.483758415856,5,140.43990737899,0,6973.57947535678,0,6973.57947535677,1,0,6973.57948
NA,6923.0001922758,6,91.8189745493202,7,91.7141396832343,7,91.7141396832343,0,6921.45923837805,0,6921.45923837805,1,0,6921.45924
NA,6908.40660501421,6,48.1791560828488,7,56.9904154550431,7,56.9904154550431,0,6906.18473000942,0,6906.18473000941,1,0,6906.18473
NA,6869.91890416117,6,40.2754317373066,6,47.4390597685975,6,47.4390597685975,0,6866.61736982773,0,6866.61736982772,1,0,6866.61737
NA,6928.888760861,6,88.1312124108718,7,96.8936661736794,7,96.8936661736794,0,6927.48222587797,0,6927.48222587795,1,0,6927.48223
NA,6859.26359829829,5,-8.75617519127417,5,-6.26243588176689,5,-6.26243588176689,0,6855.41065377627,0,6855.41065377627,1,0,6855.41065
NA,6942.40869444321,6,106.651349315747,6,110.114869364736,6,110.114869364736,0,6941.32217816791,0,6941.3221781679,1,0,6941.32218
NA,6844.29142034105,5,5.24106350649045,5,8.69131830531575,5,8.69131830531575,0,6841.05855950762,0,6841.05855950763,1,0,6841.05856
NA,6856.48147454451,5,-2.89440390570098,7,9.31622709356731,7,9.31622709356731,0,6850.97596542284,0,6850.97596542283,1,0,6850.97597
NA,6972.62944438109,7,130.847782077833,7,139.433989109406,8,139.683764364063,0,6970.86968129771,0,6970.86968129771,1,0,6970.86968
NA,6866.14735070149,6,14.6358171111053,6,21.8873038806844,6,21.8873038806844,0,6865.7459232849,0,6865.7459232849,1,0,6865.74592
NA,6995.59810325922,6,150.742551924109,6,152.097286288638,5,156.277281866239,0,6992.33500176628,0,6992.33500176628,1,0,6992.335
NA,6841.34161607977,5,13.689925530947,7,19.2613553375427,7,19.2613553375427,0,6841.15396088863,0,6841.15396088863,1,0,6841.15396
NA,6910.58442356047,7,72.6072298963073,7,83.2835525549219,8,84.6950686080007,0,6910.29037632405,0,6910.29037632405,1,0,6910.29038
NA,6851.45466557474,6,7.87614471995364,6,10.6007613089517,6,10.8275348774624,0,6850.70697587393,0,6850.70697587394,1,0,6850.70698
NA,6900.78432845945,6,48.7578898274288,7,50.1822906111566,7,50.1822906111566,0,6898.71529096296,0,6898.71529096296,1,0,6898.71529
NA,6938.55550199322,6,98.8198647974775,7,103.88267466528,7,103.88267466528,0,6936.16621638844,0,6936.16621638845,1,0,6936.16622
NA,6968.65773141963,5,106.673717130093,5,107.225229733767,4,110.611538240027,0,6964.90265155407,0,6964.90265155408,1,0,6964.90265
NA,6940.92854212228,7,110.144798673822,7,110.144798673822,7,110.144798673822,0,6940.49657357267,0,6940.49657357267,1,0,6940.49657
NA,6986.14862909611,5,137.166993317718,7,141.589082110592,6,141.138194802773,0,6983.79695645121,0,6983.7969564512,1,0,6983.79696
NA,6916.29903565731,6,67.9209731509783,6,77.9491493191666,6,78.3334177591895,0,6914.66211861326,0,6914.66211861326,1,0,6914.66212
NA,7015.48852563245,7,174.558269133014,7,174.996145208864,7,174.996145208864,0,7013.81208262494,0,7013.81208262494,1,0,7013.81208
NA,6941.76747935497,6,110.513425829207,7,113.680190588813,7,114.146189733818,0,6941.07228521487,0,6941.07228521488,1,0,6941.07229
NA,6911.46900730991,6,65.8205514056545,6,72.4486975089756,5,75.263890370587,0,6909.73649633584,0,6909.73649633584,1,0,6909.7365
NA,6896.83273270157,6,63.4281341429166,6,63.4658430106677,6,63.4658430106677,0,6895.36338278639,0,6895.36338278639,1,0,6895.36338
NA,6865.00661467427,7,10.1813179292822,7,10.2536250523604,6,16.436783263655,0,6861.09905895973,0,6861.09905895974,1,0,6861.09906
NA,6968.46121251356,6,123.022308762392,7,130.229269195989,6,133.257843027631,0,6965.52423735855,0,6965.52423735855,1,0,6965.52424
NA,6987.73040683639,6,142.339183042526,6,142.339183042526,5,143.546899650309,0,6984.70117930097,0,6984.70117930097,1,0,6984.70118
NA,7051.02445709095,5,193.409209027898,7,207.950266387357,5,211.05966633168,0,7047.59422799706,0,7047.59422799702,1,0,7047.59423
NA,6910.58998103324,5,31.9143176706624,5,34.1860747336198,5,34.1860747336198,0,6910.05454815752,0,6910.05454815752,1,0,6910.05455
NA,7001.1697257024,5,143.470184411114,7,162.281384579241,7,162.281384579241,0,6999.42584217251,0,6999.42584217251,1,0,6999.42584
NA,6978.79521381402,6,134.937960889314,6,136.589666638902,6,136.589666638902,0,6977.87063730597,0,6977.87063730596,1,0,6977.87064
NA,6890.0439535078,6,58.332173888093,6,59.2130779213218,7,59.1409058660259,0,6888.22184495916,0,6888.22184495915,1,0,6888.22184
NA,7001.29961745552,7,162.587551990647,7,166.661053204507,7,166.661053204507,0,7000.01780230555,0,7000.01780230554,1,0,7000.0178
NA,6971.17494713947,6,141.62471883619,7,143.645134169281,7,143.645134169281,0,6968.90488223229,0,6968.90488223229,1,0,6968.90488
NA,6935.40290821135,6,93.0634680894158,6,93.097283028759,6,93.097283028759,0,6935.09546939247,0,6935.09546939247,1,0,6935.09547
NA,6871.25821950847,5,23.8264080427311,6,30.5734233667556,6,30.5734233667556,0,6869.95591407171,0,6869.95591407172,1,0,6869.95591
NA,6964.17020276631,5,111.466458853419,6,119.660097868755,6,119.660097868755,0,6963.39296796217,0,6963.39296796217,1,0,6963.39297
NA,6969.21103931301,6,125.47781082935,7,134.406742519545,5,138.602616548011,0,6968.60395247654,0,6968.60395247653,1,0,6968.60395
NA,6904.8442466548,6,48.4605704154128,6,68.4541750064962,4,69.1164267670089,0,6904.61237529123,0,6904.61237529123,1,0,6904.61238
NA,7014.4739605703,5,145.623769918505,5,145.808258737466,5,145.808258737466,0,7010.49454021854,0,7010.49454021855,1,0,7010.49454
NA,6918.26181436717,5,67.025162265315,7,74.9674540925318,7,74.9674540925318,0,6915.35974291775,0,6915.35974291775,1,0,6915.35974
NA,6945.05968724981,6,107.825037059932,6,108.165647076926,6,108.165647076926,0,6942.33267109536,0,6942.33267109535,1,0,6942.33267
NA,6890.08805101604,7,58.0682968457844,7,58.1052147295957,7,58.1052147295957,0,6888.99520058146,0,6888.99520058146,1,0,6888.9952
NA,6929.51257218912,6,83.3879107055389,6,85.7742294417758,6,85.7742294417758,0,6928.10024714045,0,6928.10024714045,1,0,6928.10025
NA,6892.18838294497,6,49.6221125695219,6,59.2821587909668,6,59.2821587909668,0,6891.77625611494,0,6891.77625611495,1,0,6891.77626
NA,6941.06370028575,5,95.1556603656065,6,106.093140270899,6,106.093140270899,0,6940.75964015177,0,6940.75964015177,1,0,6940.75964
NA,6988.01847715523,6,158.044789102749,6,163.436643938604,6,163.436643938604,0,6987.99788096619,0,6987.99788096619,1,0,6987.99788
NA,6862.82549623311,5,27.5426647303345,7,33.2042767985966,6,37.5621672781473,0,6860.79686273446,0,6860.79686273446,1,0,6860.79686
NA,6934.75498792708,6,99.0462095608084,7,100.080901391855,7,100.080901391855,0,6934.64868993727,0,6934.64868993727,1,0,6934.64869
NA,6897.74774883125,6,36.5189792352648,6,37.7652042784401,6,37.7652042784401,0,6896.92373479954,0,6896.92373479953,1,0,6896.92373
NA,6875.23523878768,6,28.6242072370956,6,35.4586681644298,6,35.4586681644298,0,6871.56715130107,0,6871.56715130107,1,0,6871.56715
NA,6892.49539650605,6,59.0879938258045,7,61.833401969316,7,61.833401969316,0,6891.29275365232,0,6891.29275365232,1,0,6891.29275
NA,6854.375054178,6,-2.94708803748389,6,5.0738281457089,6,5.0738281457089,0,6853.59412090273,0,6853.59412090272,1,0,6853.59412
NA,6888.63499192264,5,38.9218026012287,5,39.1050713467595,5,39.1050713467595,0,6886.60861135187,0,6886.60861135186,1,0,6886.60861
NA,6953.9721688029,5,103.178063258724,5,103.178063258724,5,103.178063258724,0,6952.04563710612,0,6952.04563710612,1,0,6952.04564
NA,6998.0931695233,5,141.012569724798,5,143.342679941255,5,143.342679941255,0,6996.93950238669,0,6996.9395023867,1,0,6996.9395
NA,6945.55587177909,6,81.2416237228222,6,81.2416237228222,6,81.2416237228222,0,6943.48093743637,0,6943.48093743632,1,0,6943.48094
NA,6876.69917423992,6,32.893642289994,6,32.893642289994,6,32.893642289994,0,6874.49685907351,0,6874.49685907351,1,0,6874.49686
NA,6965.26735111439,6,110.641398834062,6,111.349976350892,6,111.349976350892,0,6963.6692871083,0,6963.6692871083,1,0,6963.66929
NA,6948.56781965929,6,100.798687733656,7,108.140407731524,7,108.881337745785,0,6945.94566403912,0,6945.94566403912,1,0,6945.94566
NA,6943.50314175828,6,107.77183324122,6,114.6447999999,6,116.079340745222,0,6943.23851337487,0,6943.23851337488,1,0,6943.23851
NA,6941.69925142859,6,103.365092010094,7,105.081095346994,7,105.081095346994,0,6941.36477383339,0,6941.36477383339,1,0,6941.36477
NA,6976.85972308778,5,125.797603196452,5,125.84191226476,5,125.84191226476,0,6975.7464255839,0,6975.7464255839,1,0,6975.74643
NA,6926.14387374208,6,80.1934598008459,8,95.0753147741772,5,98.2655249832206,0,6925.39661953415,0,6925.39661953415,1,0,6925.39662
NA,6905.3056273446,6,61.6661402641956,6,62.7637360569924,6,62.7637360569924,0,6903.58890629187,0,6903.58890629187,1,0,6903.58891
NA,6911.39490413799,6,59.8254056078182,6,63.1769733049324,6,64.5245622701153,0,6910.47026104587,0,6910.47026104588,1,0,6910.47026
NA,6878.03873451961,6,50.0186493027138,6,51.726680938899,6,51.726680938899,0,6874.60354890277,0,6874.60354890278,1,0,6874.60355
NA,6902.26291066475,5,57.8675090414783,6,58.4297619677487,6,58.4297619677487,0,6898.71948645583,0,6898.71948645582,1,0,6898.71949
NA,6839.40278463519,5,6.8892770514051,6,19.256223282147,6,19.256223282147,0,6837.25983653693,0,6837.25983653694,1,0,6837.25984
NA,6929.57732306797,6,88.0860572439723,7,89.4745168242698,7,89.4745168242698,0,6926.62564569952,0,6926.62564569951,1,0,6926.62565
NA,6922.83637439302,6,81.6068672759403,7,86.1366240635984,6,88.2863868608465,0,6922.46919838485,0,6922.46919838484,1,0,6922.4692
NA,6901.46748229063,5,53.1375067324482,6,59.171410090975,6,59.171410090975,0,6898.85528181274,0,6898.85528181275,1,0,6898.85528
NA,6825.42300839638,6,-8.37210258293338,6,-5.78185764777135,6,-5.78185764777135,0,6821.3030773193,0,6821.30307731931,1,0,6821.30308
NA,6889.95489935053,5,45.1476549542053,7,53.6618487155063,7,53.6618487155063,0,6889.32823681251,0,6889.32823681251,1,0,6889.32824
NA,6888.45341749829,5,33.6703797351796,6,36.6480419630125,6,36.6480419630125,0,6884.81302393007,0,6884.81302393005,1,0,6884.81302
NA,6920.6057958952,5,77.5216323505196,6,83.8121029459336,6,83.8121029459336,0,6917.96608855661,0,6917.96608855659,1,0,6917.96609
NA,6895.29883147551,5,21.6280182886383,6,30.9832516553782,6,30.9832516553782,0,6894.7814459893,0,6894.78144598929,1,0,6894.78145
NA,6990.71014090121,6,148.364343047746,7,149.172721266436,6,149.054477070133,0,6990.6995860191,0,6990.6995860191,1,0,6990.69959
NA,6921.31291540228,5,65.5244690161589,6,70.8949942847364,6,70.8949942847364,0,6918.15391700884,0,6918.15391700884,1,0,6918.15392
NA,6845.04018525152,5,3.89521364241111,7,15.0029501438681,8,20.4835069040795,0,6843.20760083838,0,6843.20760083837,1,0,6843.2076
NA,6883.93580681535,6,47.7702328894531,7,55.7903637617224,7,55.7903637617224,0,6882.20653428033,0,6882.20653428034,1,0,6882.20653
NA,6848.03553596974,5,-4.21668059776391,6,4.85907132290131,6,4.85907132290131,0,6844.62719842827,0,6844.62719842827,1,0,6844.6272
NA,6926.15336900081,5,81.7130579658308,6,82.9539258407846,6,82.9539258407846,0,6925.73173771275,0,6925.73173771275,1,0,6925.73174
NA,6992.70093047616,5,148.612876534098,5,149.649491037923,4,149.772174587829,0,6992.69919740724,0,6992.69919740725,1,0,6992.6992
NA,6847.96169244953,6,-0.496719974756147,6,9.38327117353315,6,9.38327117353315,0,6842.15848587422,0,6842.15848587422,1,0,6842.15849
NA,6965.00882593249,6,102.779303198058,6,102.779303198058,6,102.779303198058,0,6961.89140703571,0,6961.89140703571,1,0,6961.89141
NA,6923.13412083531,7,81.7491894713896,7,83.2987896435874,7,83.2987896435874,0,6922.89965622136,0,6922.89965622136,1,0,6922.89966
NA,6951.83523991711,6,100.295537585476,7,104.407665376243,7,105.726136544196,0,6949.40981249256,0,6949.40981249256,1,0,6949.40981
NA,6876.84142032144,6,28.4579363706254,7,37.2180210943358,7,37.2180210943358,0,6875.97102081258,0,6875.97102081257,1,0,6875.97102
NA,6929.82567957532,6,92.132980932288,6,93.4885810936236,6,94.1940865868531,0,6928.95995936785,0,6928.95995936785,1,0,6928.95996
NA,6900.37961377099,6,56.7774242147503,6,59.9361311652175,6,59.9361311652175,0,6899.31000476535,0,6899.31000476535,1,0,6899.31
NA,6955.34916618917,5,108.44657403419,6,115.645122826253,6,117.140247631359,0,6951.22655103133,0,6951.22655103134,1,0,6951.22655
NA,6925.88899907958,6,67.5637122803791,7,76.9310831340565,7,76.9310831340565,0,6925.51053951444,0,6925.51053951444,1,0,6925.51054
NA,6949.94174337827,6,85.2023293278083,6,87.2154463931025,6,87.2154463931025,0,6946.89021147006,0,6946.89021147004,1,0,6946.89021
NA,6868.92724730718,6,28.2126117004483,7,32.9114001915831,7,32.9114001915831,0,6863.49794248026,0,6863.49794248025,1,0,6863.49794
NA,6927.85570827145,6,85.9241976010899,7,95.6286613196984,7,95.6286613196984,0,6927.44731657302,0,6927.44731657303,1,0,6927.44732
NA,6906.83247164426,6,60.1463307408755,7,63.8601683611941,7,63.8601683611941,0,6904.59219152507,0,6904.59219152507,1,0,6904.59219
NA,6987.8947432467,7,154.258145866442,7,154.353878781988,7,154.353878781988,0,6985.8540237471,0,6985.8540237471,1,0,6985.85402
NA,6974.65289636042,6,130.671230578817,6,140.006388168755,6,140.006388168755,0,6974.08657728855,0,6974.08657728856,1,0,6974.08658
NA,6912.06000260101,6,51.6947781642694,6,58.7832096904111,6,60.2552047720776,0,6907.29401472538,0,6907.29401472539,1,0,6907.29401
NA,6866.75668563273,6,19.6421562116154,6,19.6421562116154,6,19.6421562116154,0,6865.84785224671,0,6865.84785224671,1,0,6865.84785
NA,6885.21568796631,6,53.8647135511188,7,60.9252669413265,7,60.9975698997917,0,6883.73836940362,0,6883.73836940363,1,0,6883.73837
NA,6898.46487814005,7,50.2454779960369,6,58.8013464252646,6,58.8013464252646,0,6895.36958056896,0,6895.36958056895,1,0,6895.36958
NA,6928.07629596033,7,90.2297805820627,7,90.2297805820627,7,93.1669016685306,0,6927.71868966584,0,6927.71868966584,1,0,6927.71869
NA,7037.63703340867,6,194.67218131565,6,198.121352887722,5,198.738037761246,0,7034.51591374379,0,7034.51591374379,1,0,7034.51591
NA,6942.41257323168,6,102.186975065337,7,106.448174473643,7,106.475656720737,0,6941.80989024765,0,6941.80989024764,1,0,6941.80989
NA,6932.25373851268,5,96.509800836384,6,102.489241603845,5,103.247318464647,0,6931.54039396293,0,6931.5403939629,1,0,6931.54039
NA,6898.16774482417,5,61.590064987938,7,63.8278049218444,7,66.2784162533939,0,6895.34250822329,0,6895.34250822328,1,0,6895.34251
NA,6977.2213086369,5,122.79024056585,5,126.407747157967,5,127.577685334359,0,6974.92203438478,0,6974.92203438477,1,0,6974.92203
NA,6912.77273776608,6,68.3198746358329,7,76.9515497508079,7,78.5033755963579,0,6910.4755892942,0,6910.47558929421,1,0,6910.47559
NA,6854.89910002173,6,11.9237818235529,7,20.7698235146025,7,22.606693912471,0,6854.52612685761,0,6854.52612685754,1,0,6854.52613
NA,6839.00009240925,6,-0.463262698269503,7,7.3138184408088,7,7.3138184408088,0,6832.44921293137,0,6832.44921293137,1,0,6832.44921
NA,6914.24481837021,6,79.6918557825345,7,84.6959854803009,7,84.6959854803009,0,6912.4691245514,0,6912.46912455141,1,0,6912.46912
NA,6900.99264426157,6,58.8934375545972,7,64.7476727598975,7,64.7476727598975,0,6900.28739605119,0,6900.28739605119,1,0,6900.2874
NA,6971.62037449103,5,134.646938018164,6,137.610687393176,6,137.610687393176,0,6971.2351845411,0,6971.23518454111,1,0,6971.23518
NA,6911.4782865255,5,44.1321126781696,5,44.1321126781696,5,44.1321126781696,0,6910.31384721258,0,6910.31384721257,1,0,6910.31385
NA,6972.4981039372,6,124.727330749965,7,130.395255094935,7,131.087305917563,0,6965.84332231295,0,6965.84332231295,1,0,6965.84332
NA,6917.39841909141,5,82.2001537101933,6,82.2336716911642,6,82.2336716911642,0,6911.00800122093,0,6911.00800122092,1,0,6911.008
NA,6921.44268408092,6,83.0168919118616,7,84.979403954062,7,85.0414820958556,0,6920.82344899815,0,6920.82344899813,1,0,6920.82345
NA,6956.18710475349,6,107.51064792289,6,108.929127488239,6,108.929127488239,0,6953.6003159382,0,6953.6003159382,1,0,6953.60032
NA,6934.37335501856,6,83.7874450435622,7,84.3618942688485,7,84.4924164043674,0,6934.27671561719,0,6934.27671561719,1,0,6934.27672
NA,6941.80242745181,6,90.6839708859953,6,92.2236440410245,6,92.2236440410245,0,6939.85042988689,0,6939.8504298869,1,0,6939.85043
NA,6916.66477885944,7,66.0924434972289,7,66.7324279995104,7,66.7695856716332,0,6915.45614016099,0,6915.45614016097,1,0,6915.45614
NA,6914.86445677948,6,64.8850070520822,6,67.1131561472191,6,67.1131561472191,0,6914.0738232702,0,6914.07382327021,1,0,6914.07382
NA,6902.38111212141,6,69.6940628156374,7,71.0760730347241,7,71.0760730347241,0,6900.81911398663,0,6900.81911398663,1,0,6900.81911
NA,6884.87499622487,6,31.2599870798716,6,35.0643220289165,6,35.0643220289165,0,6884.82081672157,0,6884.82081672156,1,0,6884.82082
NA,6884.65242438317,5,42.5406789048936,7,51.1302687172862,7,51.1302687172862,0,6879.14417562762,0,6879.14417562762,1,0,6879.14418
NA,6912.14943361774,5,64.096707039051,5,66.205669047072,5,66.205669047072,0,6911.50914495577,0,6911.50914495577,1,0,6911.50914
NA,6885.41571972868,6,51.6514881773361,6,52.5546383878805,6,53.0065280053721,0,6884.00641923063,0,6884.00641923063,1,0,6884.00642
NA,6912.23927045889,5,61.7632585353733,6,65.6325759076536,6,66.275705151331,0,6910.94173022051,0,6910.94173022051,1,0,6910.94173
NA,6917.91767562128,6,63.9026405987652,7,73.4128354972169,7,73.4128354972169,0,6910.623842598,0,6910.62384259799,1,0,6910.62384
NA,6926.59687653397,6,63.3926255220764,6,70.8608915620658,6,70.8608915620658,0,6924.83656547528,0,6924.83656547528,1,0,6924.83657
NA,6891.45359139632,6,44.5236979294368,6,51.6308914958545,6,51.6308914958545,0,6891.04040826196,0,6891.04040826196,1,0,6891.04041
NA,6892.10402411059,6,36.4446469525839,7,39.0305070346051,7,39.0305070346051,0,6889.72454446455,0,6889.72454446456,1,0,6889.72454
NA,7023.5909842875,7,179.630743368838,7,181.799138077718,6,181.376883339943,0,7021.73020065206,0,7021.73020065206,1,0,7021.7302
NA,6881.73026482212,6,28.571599241662,6,30.8532293693723,6,30.8532293693723,0,6880.96076993896,0,6880.96076993898,1,0,6880.96077
NA,6966.14652922209,5,129.817229426094,6,134.398543268286,5,134.176958516274,0,6965.49917315798,0,6965.49917315797,1,0,6965.49917
NA,6912.93590632845,6,71.7690324898084,6,71.7690324898084,6,71.7690324898084,0,6908.6803081211,0,6908.6803081211,1,0,6908.68031
NA,6971.2146791127,6,118.209717456134,7,128.108169303183,7,133.416682765661,0,6970.18066144431,0,6970.18066144432,1,0,6970.18066
NA,6914.47427162409,6,73.4542850308917,6,74.4150920496471,6,74.4150920496471,0,6913.37505109113,0,6913.37505109113,1,0,6913.37505
NA,6955.15442993042,6,103.340577042449,7,108.719783442538,7,108.940041437276,0,6953.81341283275,0,6953.81341283275,1,0,6953.81341
NA,6895.80930827706,6,59.4357099636754,6,61.0599993634056,6,61.0599993634056,0,6893.09254596396,0,6893.09254596396,1,0,6893.09255
NA,6921.35082657315,5,72.0149605131473,5,72.1565539015325,5,72.1565539015325,0,6915.37533371821,0,6915.37533371821,1,0,6915.37533
NA,6959.98695249887,6,113.060314569658,7,122.425349111803,7,123.012358545072,0,6956.23996469258,0,6956.2399646926,1,0,6956.23996
NA,6889.69402405985,5,43.166094004487,5,47.0614542686734,5,47.0614542686734,0,6889.29536147122,0,6889.29536147123,1,0,6889.29536
NA,6952.8967934569,6,103.073195084902,5,108.283677551013,5,108.283677551013,0,6949.43794941317,0,6949.43794941317,1,0,6949.43795
NA,6968.9305677879,6,92.2459114297643,6,93.508102588286,5,94.2468989346071,0,6966.59931878925,0,6966.59931878933,1,0,6966.59932
NA,6969.61356459813,6,127.256150969204,7,129.771690829747,5,139.554385967352,0,6968.91701662138,0,6968.91701662139,1,0,6968.91702
NA,6954.78724687402,6,97.0074234776157,6,98.4806738609839,6,98.4806738609839,0,6953.96374079065,0,6953.96374079067,1,0,6953.96374
NA,6909.68864860312,6,44.4821108369903,6,44.5475502729373,6,44.5475502729373,0,6902.17043221789,0,6902.1704322179,1,0,6902.17043
NA,6834.24139204537,6,-4.9066160033108,6,1.47198177204386,6,1.47198177204386,0,6833.70392017679,0,6833.70392017679,1,0,6833.70392
