"true_model","true_slope","true_nknots","bic_true_model","adaflasso","slope_OLS_adaflasso","nknots_adaflasso","bic_adaflasso","best_iter","changepoints","nknots_best_iter","slope_best_iter","min_bic_best_iter","distance_adaflasso","slope_adaflasso","distance_best_iter_flasso"
"162,417,560,864",-0.005,4,7031.24596556612,"164,417,552,561,562,613,865",-0.00564889530025285,7,7063.06474627154,3,"164,417,562,865",4,-0.00507436531340892,7025.65044,3.004,-0.00564889530025285,0.005
"115,232,362,479,603,720,856",-0.005,7,6997.25002736077,"113,231,362,479,603,717,719,856",-0.0046208844067647,8,6990.27912540901,3,"113,231,362,479,603,717,856",7,-0.00450011156474416,6976.29184,1.004,-0.0046208844067647,0.006
"104,243,365,482,613,741,860",-0.005,7,6993.03413606318,"104,243,365,480,483,608,619,740,741,860",-0.00541918687652317,10,7022.89218656222,3,"104,243,365,483,619,740,860",7,-0.00591727711825061,6988.24667,3.006,-0.00541918687652317,0.008
"181,322,487,754,896",-0.005,5,7024.39555323357,"187,323,487,754,897",-0.0047646647254682,5,7013.75659096354,2,"187,323,487,754,897",5,-0.0047646647254682,7010.87569,0.008,-0.0047646647254682,0.008
"652",-0.005,1,6947.7437922463,"652",-0.0050653967204199,1,6946.11522351478,2,"652",1,-0.0050653967204199,6946.07217,0,-0.0050653967204199,0
"126,265,388,513,644,767,879",-0.005,7,7061.69705104622,"126,269,388,513,644,767,879",-0.00559285078946936,7,7057.23347641103,2,"126,269,388,513,644,767,879",7,-0.00559285078946936,7052.95181,0.004,-0.00559285078946936,0.004
"232,539,789",-0.005,3,7001.25172484252,"233,539,789",-0.00545539745965622,3,6993.59640920708,2,"233,539,789",3,-0.00545539745965622,6992.17058,0.001,-0.00545539745965622,0.001
"103,226,370,517,659,781,890",-0.005,7,7015.89213913964,"104,226,370,517,661,779,890",-0.00469532010794699,7,6999.2435267002,2,"104,226,370,517,661,779,890",7,-0.00469532010794699,6991.26906,0.005,-0.00469532010794699,0.005
"132,279,416,531,638,778,897",-0.005,7,6985.21906307613,"131,279,416,531,637,774,779,897",-0.00565802024008522,8,6983.33931136264,3,"131,279,416,531,637,779,897",7,-0.00587683271302528,6972.98111,1.003,-0.00565802024008522,0.003
"153,277,509,674,812",-0.005,5,6987.68632764114,"153,278,506,663,676,698,812",-0.00548978214734828,7,6979.9545254369,4,"153,278,506,663,812",5,-0.00603103022220297,6965.28935,2.006,-0.00548978214734828,0.015
"565",-0.005,1,6973.79495599534,"567",-0.00483632252753104,1,6965.35534341455,2,"567",1,-0.00483632252753104,6964.67071,0.002,-0.00483632252753104,0.002
"145,290,513,678,836",-0.005,5,6970.06091089027,"142,287,513,678,836",-0.00489417744169126,5,6961.69149521948,2,"142,287,513,678,836",5,-0.00489417744169126,6953.68054,0.006,-0.00489417744169126,0.006
"570,693",-0.005,2,6893.07484417844,"568,688,693",-0.00474820998215544,3,6895.08901047437,5,"568,693",2,-0.0047649493910624,6884.87521,1.002,-0.00474820998215544,0.002
"309,775",-0.005,2,7052.39324521978,"309,775",-0.00507218576466526,2,7048.20299601616,2,"309,775",2,-0.00507218576466526,7043.56911,0,-0.00507218576466526,0
"224,333,724,849",-0.005,4,6986.15795173422,"224,333,335,725,849",-0.00469016857287553,5,6988.07994627289,3,"224,333,725,849",4,-0.00475565833324352,6975.71523,1.001,-0.00469016857287553,0.001
"208,396,616,814",-0.005,4,7010.37702415911,"208,396,616,814",-0.00537620194514142,4,7007.26624913431,2,"208,396,616,814",4,-0.00537620194514142,7006.35401,0,-0.00537620194514142,0
"104,223,342,491,632,765,890",-0.005,7,7028.76177039328,"104,223,227,342,350,491,637,651,764,890",-0.00392629033758988,10,7057.10606665682,3,"104,227,350,491,651,764,890",7,-0.00362172767712466,7022.97833,3.006,-0.00392629033758988,0.032
"110,229,349,462,595,727,860",-0.005,7,7053.28176754925,"111,228,239,346,460,462,595,727,730,853,860",-0.00470324175264114,11,7075.20829405559,4,"111,228,346,462,595,727,853",7,-0.00470799797051348,7031.95407,4.005,-0.00470324175264114,0.012
"116,253,366,485,603,740,880",-0.005,7,6956.77385466314,"85,118,137,253,366,488,603,740,748,880",-0.00406671958763788,10,6984.01156439538,6,"118,253,366,488,603,740,880",7,-0.00450129709182923,6946.31693,3.005,-0.00406671958763788,0.005
"779",-0.005,1,7011.91618439435,"778",-0.0050026318282767,1,7007.77104633508,1,"778",1,-0.0050026318282767,7007.77105,0.001,-0.0050026318282767,0.001
"442,610",-0.005,2,7005.91338328424,"443,610",-0.00490924095492016,2,6998.67148664293,2,"443,610",2,-0.00490924095492016,6998.36428,0.001,-0.00490924095492016,0.001
"104,221,333,443,581,734,873",-0.005,7,7053.15272044962,"103,221,331,442,581,734,873",-0.00520635732568708,7,7039.21037086741,2,"103,221,331,442,581,734,873",7,-0.00520635732568708,7037.18827,0.004,-0.00520635732568708,0.004
"108,443,544,776,879",-0.005,5,6954.82098962103,"108,443,544,776,880",-0.00499157609585594,5,6956.58565492662,2,"108,443,544,776,880",5,-0.00499157609585594,6947.02277,0.001,-0.00499157609585594,0.001
"370,657",-0.005,2,6964.91973581229,"370,657",-0.00532888413366267,2,6969.33471709647,2,"370,657",2,-0.00532888413366267,6958.39843,0,-0.00532888413366267,0
"142,289,417,577,738,850",-0.005,6,7036.26645365821,"142,290,419,577,738,850",-0.00457873161845286,6,7018.58163883927,2,"142,290,419,577,738,850",6,-0.00457873161845286,7016.70266,0.003,-0.00457873161845286,0.003
"205,341",-0.005,2,6929.61302538026,"202,343",-0.00521223540029216,2,6929.11202789331,2,"202,343",2,-0.00521223540029216,6923.8822,0.005,-0.00521223540029216,0.005
"142,268,414,594,741,855",-0.005,6,6978.08612092025,"142,268,414,415,597,741,855",-0.00499314728361927,7,6998.76770696971,3,"142,268,414,597,741,855",6,-0.00493981012825619,6971.26928,1.003,-0.00499314728361927,0.003
"220,455,696",-0.005,3,6949.58565321511,"221,455,697",-0.00415044038125612,3,6940.30888593197,2,"221,455,697",3,-0.00415044038125612,6940.17844,0.002,-0.00415044038125612,0.002
"138,470,724",-0.005,3,6999.08275387292,"138,465,478,724",-0.00424470615671288,4,6998.47626163755,4,"138,478,724",3,-0.00406146359134412,6986.84927,1.005,-0.00424470615671288,0.008
"628",-0.005,1,6961.78655006404,"627",-0.00489913679659794,1,6953.24734330598,2,"627",1,-0.00489913679659794,6953.24601,0.001,-0.00489913679659794,0.001
"313,586,788",-0.005,3,6936.22812229379,"312,586,590,787",-0.00467320855558099,4,6938.69835436994,3,"312,586,787",3,-0.00473505928495407,6925.74761,1.002,-0.00467320855558099,0.002
"165,316,461,630,744,852",-0.005,6,6991.01361031502,"164,318,461,632,740,766,852,875",-0.00443028158635544,8,6979.20755611864,6,"164,318,461,632,740,852",6,-0.00552185394701136,6970.85656,2.009,-0.00443028158635544,0.009
"583,764",-0.005,2,6922.32288734434,"583,763",-0.0049632576989859,2,6915.13763400259,2,"583,763",2,-0.0049632576989859,6915.04075,0.001,-0.0049632576989859,0.001
"191,430,751",-0.005,3,6999.25345977121,"191,428,751",-0.00497376925977052,3,7000.89005345934,2,"191,428,751",3,-0.00497376925977052,6993.79248,0.002,-0.00497376925977052,0.002
"367,577,889",-0.005,3,6984.08691246034,"367,577,887",-0.00568322639121885,3,6981.77345074583,2,"367,577,887",3,-0.00568322639121885,6978.70111,0.002,-0.00568322639121885,0.002
"531,657",-0.005,2,6969.25176669808,"531,648,655,657",-0.00509069254787636,4,6992.43638209753,8,"531,657",2,-0.00512025507096548,6968.79734,2,-0.00509069254787636,0
"167,277,406,561,724,852",-0.005,6,6942.53625574957,"167,277,406,557,561,724,851",-0.00586531341900822,7,6941.61768684699,4,"167,277,406,561,724,851",6,-0.00600503222335563,6929.31998,1.001,-0.00586531341900822,0.001
"122,257,397,516,637,753,864",-0.005,7,6985.03529299785,"122,257,396,505,516,525,620,635,755,865",-0.0047404097138563,10,7006.04862128537,3,"122,257,396,516,635,755,865",7,-0.00518632212319756,6964.72585,3.006,-0.0047404097138563,0.006
"146,254,418,560,662,830",-0.005,6,6979.84880174322,"146,254,418,560,662,830",-0.00469441446494641,6,6970.48014461585,2,"146,254,418,560,662,830",6,-0.00469441446494641,6966.83643,0,-0.00469441446494641,0
"232,458",-0.005,2,6972.18372812106,"232,276,458",-0.00501606477513791,3,6972.56784969755,3,"232,458",2,-0.004861234124394,6970.39538,1,-0.00501606477513791,0
"108,274,393,635,810",-0.005,5,6922.98498982879,"106,274,393,635,809,828",-0.00560128368279254,6,6926.33991767118,3,"106,274,393,635,809",5,-0.00589555440341201,6914.52889,1.003,-0.00560128368279254,0.003
"245,583,736",-0.005,3,6944.1980115342,"242,249,583,737",-0.00435784146962416,4,6943.67992660857,6,"242,583,737",3,-0.00458492203281569,6938.3653,1.004,-0.00435784146962416,0.004
"327,573",-0.005,2,6903.75795392323,"319,573",-0.00505696842729434,2,6891.52596128437,2,"319,573",2,-0.00505696842729434,6891.27547,0.008,-0.00505696842729434,0.008
"118,234,411,617,828",-0.005,5,7069.11324038617,"117,118,235,411,617,827",-0.00519564513778019,6,7067.53151855319,3,"118,235,411,617,827",5,-0.00516889157582572,7053.93708,1.002,-0.00519564513778019,0.002
"137,257,387,517,622,725,854",-0.005,7,6926.32061878886,"135,137,256,263,387,515,517,622,725,854",-0.00498994348749063,10,6958.81060674829,3,"137,256,387,517,622,725,854",7,-0.00533268987668251,6919.2648,3.001,-0.00498994348749063,0.001
"251,661",-0.005,2,6988.3364448815,"251,663",-0.00471018112237916,2,6986.09316472321,2,"251,663",2,-0.00471018112237916,6983.93133,0.002,-0.00471018112237916,0.002
"207,412",-0.005,2,7002.3464155474,"207,412",-0.00461395507174852,2,6998.77451007773,2,"207,412",2,-0.00461395507174852,6998.7608,0,-0.00461395507174852,0
"131,357,592,756",-0.005,4,7040.19006498866,"131,356,357,360,592,756",-0.00457496526246697,6,7067.20784148684,3,"131,356,592,756",4,-0.00467664007943648,7037.55974,2,-0.00457496526246697,0.001
"194,320,465,681,834",-0.005,5,7021.89704899853,"194,320,464,680,834",-0.00579095787265204,5,7016.25428453181,2,"194,320,464,680,834",5,-0.00579095787265204,7005.25085,0.002,-0.00579095787265204,0.002
"155",-0.005,1,6978.23765654202,"155",-0.00494371175068948,1,6974.4852094276,2,"155",1,-0.00494371175068948,6974.48466,0,-0.00494371175068948,0
"245,498,708",-0.005,3,7105.39637551324,"245,498,500,708",-0.00503183715469137,4,7112.65222427175,3,"245,500,708",3,-0.00507597543555289,7099.45348,1,-0.00503183715469137,0.002
"264,389,714",-0.005,3,6964.36349120023,"264,386,389,709",-0.00502228345544568,4,6969.96027310069,3,"264,389,709",3,-0.00499669960045588,6958.37157,1.005,-0.00502228345544568,0.005
"131,288,427,537,693,841",-0.005,6,6984.82548630541,"128,288,427,539,693,841",-0.00497266495938553,6,6986.76105012196,2,"128,288,427,539,693,841",6,-0.00497266495938553,6971.75286,0.005,-0.00497266495938553,0.005
"259,368,632,776",-0.005,4,7004.79919091588,"260,368,630,778",-0.00510818671154661,4,6990.9629798975,2,"260,368,630,778",4,-0.00510818671154661,6990.67131,0.005,-0.00510818671154661,0.005
"350,711",-0.005,2,6904.86895530946,"350,711",-0.0049098312912818,2,6900.48178213141,2,"350,711",2,-0.0049098312912818,6899.94631,0,-0.0049098312912818,0
"199,419,672,859",-0.005,4,6894.8001592079,"199,200,419,672,859",-0.00493494223651449,5,6914.49725984786,3,"200,419,672,859",4,-0.00490105323846163,6892.68518,1,-0.00493494223651449,0.001
"425",-0.005,1,6919.10675951979,"425",-0.00505667318009867,1,6919.07300204236,2,"425",1,-0.00505667318009867,6918.98242,0,-0.00505667318009867,0
"137,337,440,596,755,871",-0.005,6,6970.17338975614,"134,337,440,599,755,871",-0.00489865593453685,6,6957.18373994656,2,"134,337,440,599,755,871",6,-0.00489865593453685,6955.46281,0.006,-0.00489865593453685,0.006
"170,273,439,606,751,873",-0.005,6,7061.73084766951,"170,273,439,606,750,873",-0.00526032209167954,6,7057.91860273348,2,"170,273,439,606,750,873",6,-0.00526032209167954,7054.69074,0.001,-0.00526032209167954,0.001
"232,387,515,754",-0.005,4,6963.59048003417,"232,387,514,754",-0.0049901412517358,4,6960.04685507121,2,"232,387,514,754",4,-0.0049901412517358,6959.02131,0.001,-0.0049901412517358,0.001
"144,262,406,516,624,764,869",-0.005,7,7006.30063183295,"143,259,405,516,624,764,869",-0.00485556328925198,7,7000.18076231078,2,"143,259,405,516,624,764,869",7,-0.00485556328925198,6997.04702,0.005,-0.00485556328925198,0.005
"231,418,607,811",-0.005,4,6884.21861001579,"231,410,607,813",-0.00504996932377111,4,6861.69175919311,2,"231,410,607,813",4,-0.00504996932377111,6860.74428,0.01,-0.00504996932377111,0.01
"185,320,509,625,823",-0.005,5,6951.39891054358,"183,320,508,625,824",-0.0048290955266432,5,6939.98341202097,2,"183,320,508,625,824",5,-0.0048290955266432,6935.35225,0.004,-0.0048290955266432,0.004
"172,281,426,590,725,871",-0.005,6,6939.03772168942,"170,281,426,590,725,871",-0.00521745371190943,6,6943.15657709392,2,"170,281,426,590,725,871",6,-0.00521745371190943,6932.25978,0.002,-0.00521745371190943,0.002
"564",-0.005,1,6972.99754147289,"564",-0.00481569552799757,1,6968.83792761877,2,"564",1,-0.00481569552799757,6968.75675,0,-0.00481569552799757,0
"273,548,716",-0.005,3,6979.20013457665,"273,548,716",-0.0052477629069616,3,6977.02709110138,2,"273,548,716",3,-0.0052477629069616,6975.87938,0,-0.0052477629069616,0
"154,430,627,863",-0.005,4,7036.93544929866,"157,430,630,863",-0.00482619076037886,4,7033.2442654922,2,"157,430,630,863",4,-0.00482619076037886,7028.05556,0.006,-0.00482619076037886,0.006
"293,547,809",-0.005,3,6875.41901401605,"291,547,809",-0.00486013764756605,3,6869.23755546983,2,"291,547,809",3,-0.00486013764756605,6868.98533,0.002,-0.00486013764756605,0.002
"131,288,615",-0.005,3,7023.03657896186,"131,286,615",-0.00542910013852576,3,7029.43808692539,2,"131,286,615",3,-0.00542910013852576,7020.63075,0.002,-0.00542910013852576,0.002
"250,433,608,845",-0.005,4,6956.29727984725,"249,429,608,845",-0.00393000411261984,4,6951.04863127513,2,"249,429,608,845",4,-0.00393000411261984,6942.71495,0.005,-0.00393000411261984,0.005
"581",-0.005,1,6916.07348463463,"584",-0.00469023328737284,1,6905.00893813385,2,"584",1,-0.00469023328737284,6904.78238,0.003,-0.00469023328737284,0.003
"125,272,422,529,630,740,882",-0.005,7,6950.99719780349,"125,271,409,421,477,530,630,740,882",-0.00289077321789478,9,6970.59721027822,3,"125,271,421,530,630,740,882",7,-0.00395095608730068,6940.21936,2.003,-0.00289077321789478,0.003
"140,332,514,622,781,885",-0.005,6,7019.58660457045,"140,332,514,622,781,885",-0.00359491757455666,6,7016.69770538081,2,"140,332,514,622,781,885",6,-0.00359491757455666,7012.34517,0,-0.00359491757455666,0
"185,401,574,778",-0.005,4,6887.6143050528,"185,401,574,778",-0.00513552841373075,4,6886.46227349108,2,"185,401,574,778",4,-0.00513552841373075,6886.40577,0,-0.00513552841373075,0
"521",-0.005,1,7027.6712014238,"524",-0.00471687346060046,1,7024.10056235574,2,"524",1,-0.00471687346060046,7023.51862,0.003,-0.00471687346060046,0.003
"256,456,651,802",-0.005,4,6988.95280041976,"254,256,456,652,802",-0.00570584831752669,5,6993.72279609886,3,"254,456,652,802",4,-0.00563083268515109,6981.47402,1.001,-0.00570584831752669,0.003
"290,669,852",-0.005,3,6926.53494256785,"290,669,852",-0.00501059455781705,3,6922.49350359345,2,"290,669,852",3,-0.00501059455781705,6922.06141,0,-0.00501059455781705,0
"185,363,748",-0.005,3,6936.41873124186,"185,363,748",-0.0053516075223916,3,6936.22365922947,2,"185,363,748",3,-0.0053516075223916,6934.32427,0,-0.0053516075223916,0
"132,282,469,619,799,900",-0.005,6,7022.86421008434,"130,282,469,618,799,901",-0.0045725814328681,6,7022.28150159515,2,"130,282,469,618,799,901",6,-0.0045725814328681,7020.11997,0.004,-0.0045725814328681,0.004
"196,337,558,758,877",-0.005,5,6975.40628387535,"196,332,336,558,758,877",-0.00467422394260161,6,6975.31668546734,3,"196,332,558,758,877",5,-0.00451722419599227,6963.59513,1.001,-0.00467422394260161,0.005
"167,322,497,602,735,893",-0.005,6,6945.38774533715,"322,327,497,602,603,735,892",-0.0103129728235666,7,7025.36895640014,3,"322,497,603,735,892",5,-0.0102223942557459,6998.84632,1.161,-0.0103129728235666,1.002
"504",-0.005,1,6824.73266430814,"504",-0.00523056458129782,1,6820.40990092822,1,"504",1,-0.00523056458129782,6820.4099,0,-0.00523056458129782,0
"136,245,388,537,639,780,888",-0.005,7,6976.94342369764,"136,244,386,536,639,780,890",-0.00596864276823143,7,6971.32983426002,2,"136,244,386,536,639,780,890",7,-0.00596864276823143,6958.06726,0.006,-0.00596864276823143,0.006
"301,501,819",-0.005,3,6901.80811681007,"299,501,819",-0.00489793940600776,3,6896.92669239795,2,"299,501,819",3,-0.00489793940600776,6896.89622,0.002,-0.00489793940600776,0.002
"214,482,734",-0.005,3,7032.61190496355,"215,482,734",-0.0050470624167452,3,7023.9097598856,2,"215,482,734",3,-0.0050470624167452,7023.17856,0.001,-0.0050470624167452,0.001
"138,264,391,520,637,742,849",-0.005,7,6987.61015745463,"138,264,390,520,636,639,742,849",-0.00482530073191518,8,6993.3866434054,3,"138,264,390,520,636,742,849",7,-0.0049475528723675,6974.01961,1.002,-0.00482530073191518,0.002
"113,215,380,519,625,738,872",-0.005,7,7010.54711755552,"111,212,216,380,519,624,739,873",-0.00528616157524489,8,7001.32807997233,3,"111,216,380,519,624,739,873",7,-0.00511211079660919,6991.53336,1.006,-0.00528616157524489,0.006
"155,277,400,532,653,769,886",-0.005,7,6949.03434113024,"276,769",-0.0187374964158806,2,7084.45493172706,2,"276,769",2,-0.0187374964158806,7082.17356,5.001,-0.0187374964158806,5.001
"514",-0.005,1,6958.01111853068,"514",-0.00509741908962942,1,6957.61572961305,2,"514",1,-0.00509741908962942,6957.61459,0,-0.00509741908962942,0
"169,333,436,619,720,827",-0.005,6,6911.35403225298,"169,335,436,439,619,720,784,827",-0.00523407584802322,8,6931.79492374142,3,"169,335,436,619,720,827",6,-0.0049932210427185,6907.10426,2.002,-0.00523407584802322,0.002
"277,471,590,713",-0.005,4,6992.44519172916,"277,470,590,713",-0.00470262150993706,4,6986.36196310401,2,"277,470,590,713",4,-0.00470262150993706,6986.04198,0.001,-0.00470262150993706,0.001
"211,364,584,767",-0.005,4,6904.93132913279,"213,364,585,764",-0.00505124540759418,4,6888.72291482793,2,"213,364,585,764",4,-0.00505124540759418,6887.15731,0.006,-0.00505124540759418,0.006
"462,638",-0.005,2,6937.70769713507,"463,638",-0.00549878767865567,2,6932.84568867918,2,"463,638",2,-0.00549878767865567,6932.40602,0.001,-0.00549878767865567,0.001
"122,254,382,497,602,741,853",-0.005,7,6979.020386518,"123,254,602,631,640,741",0.0060217155111748,6,7086.61143350611,3,"123,254,602,640,741",5,0.00601007735948249,7056.85046,1.235,0.0060217155111748,2.319
"124,260,530,777",-0.005,4,6981.79075323666,"122,127,259,530,777",-0.00544915884949498,5,6982.54070378104,3,"122,259,530,777",4,-0.00535497897160521,6973.78493,1.003,-0.00544915884949498,0.003
"246,419,653",-0.005,3,6985.07025591772,"246,419,423,653",-0.00462657669163684,4,6991.49027519115,4,"246,419,653",3,-0.00469393340340172,6980.81168,1,-0.00462657669163684,0
"179,529,819",-0.005,3,6931.89490048131,"182,529,819",-0.00517850668548035,3,6918.76143984917,2,"182,529,819",3,-0.00517850668548035,6917.20985,0.003,-0.00517850668548035,0.003
"221,468,680,829",-0.005,4,6988.7290501906,"219,463,677,828",-0.00455451078010175,4,6983.27702752896,2,"219,463,677,828",4,-0.00455451078010175,6974.941,0.011,-0.00455451078010175,0.011
"600",-0.005,1,6814.37860892488,"600",-0.00523157009403521,1,6808.03870107655,2,"600",1,-0.00523157009403521,6808.03772,0,-0.00523157009403521,0
"152,301,442,604,707,883",-0.005,6,6907.90512132261,"152,300,442,604,707,885",-0.00436981071921247,6,6891.84846055259,2,"152,300,442,604,707,885",6,-0.00436981071921247,6885.88708,0.003,-0.00436981071921247,0.003
"132,260,397,513,622,749,888",-0.005,7,7013.928778308,"131,260,394,513,622,749,890",-0.00547552157163779,7,6999.42750866973,2,"131,260,394,513,622,749,890",7,-0.00547552157163779,6986.28071,0.006,-0.00547552157163779,0.006
"187,374,487,607,735,848",-0.005,6,6993.08306987326,"187,373,487,607,735,848",-0.00606140169385997,6,6984.35686375976,2,"187,373,487,607,735,848",6,-0.00606140169385997,6982.71469,0.001,-0.00606140169385997,0.001
"152,381,631,830",-0.005,4,7074.24653207247,"152,381,384,631,830",-0.00452037812986491,5,7080.45710541777,5,"152,381,631,830",4,-0.00464281731852169,7069.83061,1,-0.00452037812986491,0
"201,360,576,728,868",-0.005,5,7014.12129817676,"189,201,361,576,729,868",-0.00496654839147222,6,7003.92217218204,3,"201,361,576,729,868",5,-0.00520354241015887,6990.62316,1.002,-0.00496654839147222,0.002
"232,476,820",-0.005,3,6857.39517698831,"232,234,479,480,819",-0.00498221623470317,5,6867.5685432912,4,"232,479,819",3,-0.00495418483665479,6843.74102,2.004,-0.00498221623470317,0.004
"203,390,528,628,859",-0.005,5,7009.96900124584,"202,203,390,533,628,858",-0.00529109703883601,6,7031.7818486606,4,"203,390,533,628,858",5,-0.00526668169779808,7005.93828,1.006,-0.00529109703883601,0.006
"212,342,519,732,901",-0.005,5,6980.09709062751,"216,342,519,732,900",-0.00472214567198165,5,6959.63194741755,2,"216,342,519,732,900",5,-0.00472214567198165,6953.75636,0.005,-0.00472214567198165,0.005
"235,431,699,866",-0.005,4,6963.54348980208,"234,431,700,866",-0.00587170668449088,4,6955.16312201983,2,"234,431,700,866",4,-0.00587170668449088,6954.85969,0.002,-0.00587170668449088,0.002
"123,253,385,506,634,762,869",-0.005,7,6950.21611236783,"123,247,254,386,506,634,763,869",-0.00478053927954219,8,6945.09431853962,3,"123,254,386,506,634,763,869",7,-0.00448101345719927,6935.75083,1.003,-0.00478053927954219,0.003
"215,575",-0.005,2,6980.73775656027,"215,577",-0.00444328964993906,2,6973.50599244298,2,"215,577",2,-0.00444328964993906,6973.50579,0.002,-0.00444328964993906,0.002
"515",-0.005,1,6930.01476501691,"515",-0.00486792235915881,1,6929.60769890282,2,"515",1,-0.00486792235915881,6929.56339,0,-0.00486792235915881,0
"231,377,630,762",-0.005,4,7048.59480956597,"231,378,630,762",-0.00588266762914212,4,7051.9103845922,2,"231,378,630,762",4,-0.00588266762914212,7041.61113,0.001,-0.00588266762914212,0.001
"230,463,593,898",-0.005,4,7022.89792337895,"230,454,593,899",-0.00507895892453022,4,7025.22715771542,2,"230,454,593,899",4,-0.00507895892453022,7019.31277,0.01,-0.00507895892453022,0.01
"330",-0.005,1,6993.08642312778,"330",-0.0046261663899835,1,6986.45009550326,2,"330",1,-0.0046261663899835,6985.4713,0,-0.0046261663899835,0
"143,472",-0.005,2,6943.92248606831,"143,473",-0.0054172180940681,2,6933.33302549183,2,"143,473",2,-0.0054172180940681,6933.32256,0.001,-0.0054172180940681,0.001
"230,348,514,745,899",-0.005,5,7017.99269284332,"230,347,516,745,899",-0.00568496201875373,5,7009.6107312983,2,"230,347,516,745,899",5,-0.00568496201875373,7004.39697,0.003,-0.00568496201875373,0.003
"121,335,624,791",-0.005,4,6896.7252591205,"121,334,624,791",-0.00470873207455465,4,6895.17929237615,2,"121,334,624,791",4,-0.00470873207455465,6892.47143,0.001,-0.00470873207455465,0.001
"162,330,564,819",-0.005,4,6953.96792721922,"162,165,329,565,819",-0.00502543865825213,5,6957.15448889394,3,"165,329,565,819",4,-0.00495218666901153,6945.25633,1.002,-0.00502543865825213,0.005
"145,289,395,524,632,777,890",-0.005,7,7007.2651471071,"149,289,395,524,633,775,890",-0.00491435282670172,7,7000.47741141894,2,"149,289,395,524,633,775,890",7,-0.00491435282670172,6996.74731,0.007,-0.00491435282670172,0.007
"469",-0.005,1,7006.50850248799,"469",-0.00508651878125091,1,7003.34611816901,2,"469",1,-0.00508651878125091,7003.34509,0,-0.00508651878125091,0
"149,252,381,502,645,762,873",-0.005,7,6979.22144067205,"148,151,252,382,502,642,645,762,873",-0.0047783536624423,9,6993.87751078403,6,"151,252,382,502,645,762,873",7,-0.00511126809478857,6970.38116,2.002,-0.0047783536624423,0.003
"122,261,379,489,636,744,865",-0.005,7,7089.38462383881,"119,261,381,489,636,745,869",-0.00492332646630883,7,7062.64731193615,2,"119,261,381,489,636,745,869",7,-0.00492332646630883,7060.69524,0.01,-0.00492332646630883,0.01
"156,380,542,726,852",-0.005,5,7040.49782362768,"154,381,542,726,852",-0.00509626971796084,5,7038.52921856375,2,"154,381,542,726,852",5,-0.00509626971796084,7035.8109,0.003,-0.00509626971796084,0.003
"322,656,768",-0.005,3,6968.82274915913,"322,656,765,768",-0.00527673488838432,4,6975.65503639142,3,"322,656,765",3,-0.00523198606214187,6963.9984,1,-0.00527673488838432,0.003
"242,405,540",-0.005,3,6933.15774172905,"242,405,540",-0.00469148790603566,3,6928.58836624419,2,"242,405,540",3,-0.00469148790603566,6928.55163,0,-0.00469148790603566,0
"242,417,587,827",-0.005,4,6969.30962944905,"245,414,588,827",-0.00557662582040185,4,6962.7385809312,2,"245,414,588,827",4,-0.00557662582040185,6953.69328,0.007,-0.00557662582040185,0.007
"142,282,435,578,730,841",-0.005,6,7002.02490966989,"142,144,282,300,349,436,577,730,841",-0.00556769491950924,9,7013.7938318097,3,"144,282,436,577,730,841",6,-0.00473424401170229,6981.89193,3.002,-0.00556769491950924,0.004
"177,278,464,670,781",-0.005,5,6977.79094618224,"175,178,278,464,673,781",-0.00523091568527401,6,6974.55638074187,4,"178,278,464,673,781",5,-0.00516115487071204,6960.37309,1.004,-0.00523091568527401,0.004
"105,232,355,489,623,748,864",-0.005,7,6969.95095004837,"107,232,355,489,623,747,863",-0.00538009037341672,7,6967.59498692182,2,"107,232,355,489,623,747,863",7,-0.00538009037341672,6953.13451,0.004,-0.00538009037341672,0.004
"247",-0.005,1,6943.04692007708,"247",-0.00496357276161065,1,6942.31142810265,2,"247",1,-0.00496357276161065,6942.30327,0,-0.00496357276161065,0
"617",-0.005,1,6929.32035899696,"617",-0.00523677366904833,1,6926.16227747584,2,"617",1,-0.00523677366904833,6926.16139,0,-0.00523677366904833,0
"372",-0.005,1,6994.93321186438,"373",-0.00492768266858114,1,6989.62416342074,2,"373",1,-0.00492768266858114,6989.44248,0.001,-0.00492768266858114,0.001
"486",-0.005,1,6878.82302289435,"486",-0.00504800523680051,1,6877.7874802869,1,"486",1,-0.00504800523680051,6877.78748,0,-0.00504800523680051,0
"599",-0.005,1,6907.52857823625,"599",-0.00510779921592007,1,6905.97860527566,2,"599",1,-0.00510779921592007,6905.68763,0,-0.00510779921592007,0
"237,443,802",-0.005,3,6848.29212869448,"237,443,802",-0.00514192427913726,3,6844.42588225467,2,"237,443,802",3,-0.00514192427913726,6844.1563,0,-0.00514192427913726,0
"748",-0.005,1,6915.52293556231,"748",-0.00498469915567675,1,6913.27761788034,2,"748",1,-0.00498469915567675,6913.25736,0,-0.00498469915567675,0
"133,266,386,510,635,758,862",-0.005,7,7012.34337459386,"127,137,267,386,511,635,758,863",-0.00448027225697621,8,7001.66803876466,3,"137,267,386,511,635,758,863",7,-0.00417217930655924,6990.6325,1.007,-0.00448027225697621,0.007
"127,233,352,495,634,752,865",-0.005,7,7011.10584383064,"108,128,232,353,495,634,752,864,869",-0.00408648025371218,9,7023.77225918391,3,"108,232,353,495,634,752,864",7,-0.00345210604198478,7008.67017,2.004,-0.00408648025371218,0.022
"559,771",-0.005,2,7002.6459255479,"559,560,771",-0.00441902159840031,3,7008.5703487475,3,"560,771",2,-0.00443828089717544,6995.66277,1,-0.00441902159840031,0.001
"550",-0.005,1,6991.42803168759,"555",-0.0048267973658854,1,6978.422096808,2,"555",1,-0.0048267973658854,6978.42158,0.005,-0.0048267973658854,0.005
"201,338,457,620,761",-0.005,5,6943.36836581038,"207,338,457,621,761",-0.00449868153985564,5,6935.30665941452,2,"207,338,457,621,761",5,-0.00449868153985564,6931.44287,0.007,-0.00449868153985564,0.007
"193,353,645,810",-0.005,4,6979.92278510044,"190,353,644,810",-0.00553748856879095,4,6968.32741101175,2,"190,353,644,810",4,-0.00553748856879095,6966.69935,0.004,-0.00553748856879095,0.004
"177,357,498,713,860",-0.005,5,7022.92509212471,"177,357,360,498,712,859",-0.00548920802867389,6,7018.83688189026,3,"177,357,498,712,859",5,-0.00537383717659641,7008.80708,1.002,-0.00548920802867389,0.002
"639",-0.005,1,6938.79809139813,"639",-0.00482939922636808,1,6937.43947989226,1,"639",1,-0.00482939922636808,6937.43948,0,-0.00482939922636808,0
"125,289,434,607,733,863",-0.005,6,6962.86042365353,"125,289,434,607,733,863",-0.00451882844175007,6,6937.47204356751,2,"125,289,434,607,733,863",6,-0.00451882844175007,6936.44928,0,-0.00451882844175007,0
"191,300,446,645,855",-0.005,5,6951.64776300592,"190,301,446,645,854",-0.00481590503299893,5,6938.98538896055,2,"190,301,446,645,854",5,-0.00481590503299893,6938.15087,0.003,-0.00481590503299893,0.003
"140,285,424,552,676,785,892",-0.005,7,6959.35225707579,"140,286,424,552,676,785,889,898",-0.00500147917658625,8,6945.18583767828,3,"140,286,424,552,676,785,889",7,-0.00532128447561792,6937.44381,1.004,-0.00500147917658625,0.004
"150,377,651",-0.005,3,6982.18449787572,"149,376,651",-0.00598783588569417,3,6974.7982644662,2,"149,376,651",3,-0.00598783588569417,6971.22391,0.002,-0.00598783588569417,0.002
"127,529,670",-0.005,3,7010.28602207169,"127,530,669",-0.00464464028623824,3,7003.12819190144,2,"127,530,669",3,-0.00464464028623824,7002.94294,0.002,-0.00464464028623824,0.002
"246,381,552,801",-0.005,4,6979.55178973536,"246,379,381,552,553,801",-0.0056194232526458,6,7001.81894257871,3,"246,379,553,801",4,-0.00554067914289693,6977.75789,2,-0.0056194232526458,0.003
"308,657,830",-0.005,3,6982.28617758609,"308,656,830",-0.0049324158299902,3,6977.08390284817,2,"308,656,830",3,-0.0049324158299902,6976.74702,0.001,-0.0049324158299902,0.001
"333,645",-0.005,2,6962.10773543414,"333,645,651",-0.00502631403301339,3,6972.54563349852,3,"333,651",2,-0.00510765780637744,6961.19676,1,-0.00502631403301339,0.006
"259,442,748",-0.005,3,7019.72017074919,"229,261,442,748",-0.0045172118437806,4,7012.96604612781,3,"261,442,748",3,-0.00492664422025651,7009.23764,1.002,-0.0045172118437806,0.002
"181",-0.005,1,6925.69812012516,"181",-0.00474538611741176,1,6919.95119465406,2,"181",1,-0.00474538611741176,6919.94038,0,-0.00474538611741176,0
"451,691",-0.005,2,6997.15751646604,"451,693",-0.00502721820300675,2,6996.47078327874,2,"451,693",2,-0.00502721820300675,6993.29696,0.002,-0.00502721820300675,0.002
"793",-0.005,1,6841.22805477629,"793",-0.00469030824221,1,6834.372286135,2,"793",1,-0.00469030824221,6834.24925,0,-0.00469030824221,0
"691",-0.005,1,6982.95813473087,"691",-0.00513882511502034,1,6980.09048948559,2,"691",1,-0.00513882511502034,6980.09048,0,-0.00513882511502034,0
"287,709",-0.005,2,6897.66875462468,"287,708",-0.00490102362379908,2,6892.25951099016,2,"287,708",2,-0.00490102362379908,6890.58178,0.001,-0.00490102362379908,0.001
"154,550,815",-0.005,3,6864.92394356276,"154,550,815",-0.00512142768970923,3,6855.05961560263,2,"154,550,815",3,-0.00512142768970923,6854.90206,0,-0.00512142768970923,0
"364,687",-0.005,2,6894.4328507969,"364,687",-0.00482961897634548,2,6890.55873575777,2,"364,687",2,-0.00482961897634548,6890.49861,0,-0.00482961897634548,0
"378",-0.005,1,6926.06446952876,"377",-0.00509010355063536,1,6923.00040772054,2,"377",1,-0.00509010355063536,6922.94075,0.001,-0.00509010355063536,0.001
"185,374,589,796",-0.005,4,6934.88002457651,"185,374,589,796",-0.00538488264963596,4,6930.54534891078,2,"185,374,589,796",4,-0.00538488264963596,6930.18996,0,-0.00538488264963596,0
"132,308,563,763",-0.005,4,6994.34218797212,"133,308,563,763",-0.00393533560981658,4,6981.26432099389,2,"133,308,563,763",4,-0.00393533560981658,6977.19166,0.001,-0.00393533560981658,0.001
"210,464,709",-0.005,3,6974.92777573355,"210,455,464,709",-0.00445422267978341,4,6976.201917586,4,"210,455,709",3,-0.00462541291065088,6966.79445,1,-0.00445422267978341,0.009
"117,241,369,497,630,740,865",-0.005,7,7017.490366686,"117,241,369,497,631,739,863",-0.0052160133824898,7,7004.9531831002,2,"117,241,369,497,631,739,863",7,-0.0052160133824898,6995.28908,0.004,-0.0052160133824898,0.004
"217,429,662,833",-0.005,4,6943.98958480745,"215,427,430,662,832",-0.00449191031352643,5,6942.12130852068,3,"215,430,662,832",4,-0.00461360631641254,6930.86524,1.004,-0.00449191031352643,0.004
"226,338,540,661,812",-0.005,5,6993.25187735991,"227,338,540,661,812",-0.00365911996281259,5,6987.72467490104,2,"227,338,540,661,812",5,-0.00365911996281259,6979.54978,0.001,-0.00365911996281259,0.001
"210,362,511,666,779",-0.005,5,6947.15090536455,"210,362,511,665,779",-0.00500127061037905,5,6938.81486119953,2,"210,362,511,665,779",5,-0.00500127061037905,6937.19046,0.001,-0.00500127061037905,0.001
"116,454,587",-0.005,3,6956.87494559258,"116,454,587",-0.00555978018248398,3,6952.38205999383,2,"116,454,587",3,-0.00555978018248398,6952.33143,0,-0.00555978018248398,0
"269,406,527,711",-0.005,4,6988.65095670303,"269,406,527,711",-0.00460282108793851,4,6978.96950906453,2,"269,406,527,711",4,-0.00460282108793851,6978.93502,0,-0.00460282108793851,0
"134,249,377,506,616,728,870",-0.005,7,6949.08677891009,"134,249,372,506,616,728,870",-0.00417279123045223,7,6939.36451289951,2,"134,249,372,506,616,728,870",7,-0.00417279123045223,6936.05778,0.005,-0.00417279123045223,0.005
"141,260,403,509,611,752,874",-0.005,7,6992.47511123335,"141,260,407,510,536,611,752",-0.00865149285352442,7,7040.31679027434,7,"141,260,407,510,611,752",6,-0.00831182134839657,7033.72212,0.343,-0.00865149285352442,1.344
"104,259,440,607,715,880",-0.005,6,7020.63132321444,"104,259,440,607,712,715,880",-0.00540892786751722,7,7030.56743353031,3,"104,259,440,607,715,880",6,-0.0054879225824238,7015.17853,1,-0.00540892786751722,0
"259,749",-0.005,2,6880.93182802886,"259,749",-0.00500806824261373,2,6871.81910537302,2,"259,749",2,-0.00500806824261373,6871.2318,0,-0.00500806824261373,0
"105,220,348,478,607,754,877",-0.005,7,6965.03736792175,"104,219,349,478,607,751,876",-0.00620487125030645,7,6940.20801143371,2,"104,219,349,478,607,751,876",7,-0.00620487125030645,6936.35536,0.007,-0.00620487125030645,0.007
"484",-0.005,1,6951.68475258918,"484",-0.00504870146785225,1,6949.3353983164,2,"484",1,-0.00504870146785225,6949.32757,0,-0.00504870146785225,0
"102,255,363,482,609,760,864",-0.005,7,7041.42815014148,"85,101,254,363,379,482,609,761,864",-0.00423326029183412,9,7067.29753748101,4,"101,254,363,482,609,761,864",7,-0.00498367387517318,7031.21444,2.003,-0.00423326029183412,0.003
"114,253,384,519,628,760,862",-0.005,7,7044.87419813844,"114,253,384,519,630,760,862",-0.0048003280530721,7,7049.96441100491,2,"114,253,384,519,630,760,862",7,-0.0048003280530721,7042.87668,0.002,-0.0048003280530721,0.002
"489",-0.005,1,6882.18882121847,"488",-0.00509920181865351,1,6879.9341069844,2,"488",1,-0.00509920181865351,6878.33242,0.001,-0.00509920181865351,0.001
"137,259,380,486,626,761,886",-0.005,7,6929.08787892784,"137,259,380,486,626,761,886",-0.00372011027520617,7,6920.87681827584,2,"137,259,380,486,626,761,886",7,-0.00372011027520617,6915.77872,0,-0.00372011027520617,0
"165,316,515,668,776",-0.005,5,6960.99234409034,"158,164,316,515,668,776",-0.00468691852950186,6,6961.72246495709,3,"158,316,515,668,776",5,-0.00487248777926955,6954.60004,1.001,-0.00468691852950186,0.007
"143,300,473,575,706,850",-0.005,6,6966.6321708711,"142,296,300,475,571,586,706,850",-0.0041471321809549,8,6958.78132581797,7,"142,300,475,571,706,850",6,-0.00383157346585088,6945.59092,2.007,-0.0041471321809549,0.007
"211,554,799",-0.005,3,7004.38449586649,"210,554,801",-0.00503922620076261,3,6996.44392333551,2,"210,554,801",3,-0.00503922620076261,6996.42457,0.003,-0.00503922620076261,0.003
"164,336,488,607,730,832",-0.005,6,6977.2757641491,"164,336,488,607,612,730,832",-0.00544867157521514,7,6992.37839988396,3,"164,336,488,612,730,832",6,-0.00559168634736503,6971.65024,1,-0.00544867157521514,0.005
"114,253,370,583,684",-0.005,5,6964.74383421256,"114,256,370,584,684",-0.00563171103475269,5,6954.45312628114,2,"114,256,370,584,684",5,-0.00563171103475269,6953.08004,0.004,-0.00563171103475269,0.004
"111,268,439,576,696,863",-0.005,6,6994.60253078851,"111,268,442,444,508,576,696,863",-0.00455460594275386,8,7013.53398891821,3,"111,268,442,576,696,863",6,-0.00410831778003441,6985.37892,2.003,-0.00455460594275386,0.003
"149,270,451,555,733,896",-0.005,6,7041.01695736139,"150,271,452,555,733,895",-0.00353983906443207,6,7023.99078722867,2,"150,271,452,555,733,895",6,-0.00353983906443207,7019.61417,0.004,-0.00353983906443207,0.004
"242,466,593,831",-0.005,4,6944.02090260647,"242,466,594,831",-0.00495693019908338,4,6933.97732741801,2,"242,466,594,831",4,-0.00495693019908338,6933.86299,0.001,-0.00495693019908338,0.001
"201,608,808",-0.005,3,6964.18196776824,"203,608,809",-0.00553922133430864,3,6942.57513223516,2,"203,608,809",3,-0.00553922133430864,6942.53215,0.003,-0.00553922133430864,0.003
"114,391,495,775",-0.005,4,6904.51841029087,"114,392,495,775",-0.00494086559386769,4,6898.25231640377,2,"114,392,495,775",4,-0.00494086559386769,6897.75834,0.001,-0.00494086559386769,0.001
"266,562,725,843",-0.005,4,6988.139254073,"266,562,724,843",-0.00446214053438737,4,6983.30844005776,2,"266,562,724,843",4,-0.00446214053438737,6978.85237,0.001,-0.00446214053438737,0.001
"147,290,465,590,728,881",-0.005,6,6974.38523042707,"135,147,290,464,590,728,881",-0.00381371821358331,7,6971.22820778035,3,"147,290,464,590,728,881",6,-0.00422342639490448,6965.57796,1.001,-0.00381371821358331,0.001
"263,538",-0.005,2,6926.60529573804,"261,275,537",-0.00550818451927752,3,6927.66480406388,3,"261,537",2,-0.00539874424289046,6920.17909,1.003,-0.00550818451927752,0.003
"282",-0.005,1,6963.28511962317,"283",-0.00490099669345138,1,6959.46637562655,2,"283",1,-0.00490099669345138,6959.41678,0.001,-0.00490099669345138,0.001
"143,283,389,539,642,754,893",-0.005,7,7047.60451135924,"143,285,385,532,536,641,754,893",-0.00489586788343792,8,7043.04936920704,4,"143,285,385,536,641,754,893",7,-0.00506861482277902,7028.18259,1.01,-0.00489586788343792,0.01
"103,237,357,473,581,703,854",-0.005,7,7012.60535504403,"104,237,357,473,581,703,705,855",-0.00375734551359056,8,7016.24273541368,3,"104,237,357,473,581,703,855",7,-0.00367872780218508,6997.56875,1.002,-0.00375734551359056,0.002
"774",-0.005,1,6945.36372232814,"774",-0.00491232418267928,1,6944.08684409124,1,"774",1,-0.00491232418267928,6944.08684,0,-0.00491232418267928,0
"129,322,444,647,786",-0.005,5,6963.28328462103,"130,322,444,648,783,795",-0.00481447401539773,6,6960.42721670429,3,"130,322,444,648,783",5,-0.00445623918484547,6950.96301,1.005,-0.00481447401539773,0.005
"117,275,424,548,674,861",-0.005,6,6998.19418165921,"115,275,409,425,548,674,861",-0.00559141289572592,7,6993.22156426484,3,"115,275,425,548,674,861",6,-0.00514838037582316,6986.90031,1.003,-0.00559141289572592,0.003
"171,296,513,784",-0.005,4,6931.43895417526,"170,297,514,784",-0.00422003555404692,4,6914.69261401764,2,"170,297,514,784",4,-0.00422003555404692,6913.87482,0.003,-0.00422003555404692,0.003
"124,258,424,557,691,844",-0.005,6,6960.9807128696,"124,258,424,557,691,844",-0.00386763521710413,6,6954.46109757954,2,"124,258,424,557,691,844",6,-0.00386763521710413,6953.60823,0,-0.00386763521710413,0
"386,764",-0.005,2,6996.63722477474,"377,386,764",-0.00553896386054871,3,7001.78174475422,3,"386,764",2,-0.00564136986105818,6990.84698,1,-0.00553896386054871,0
"510",-0.005,1,7033.59675300219,"510",-0.00481206617900095,1,7032.3104210655,2,"510",1,-0.00481206617900095,7032.30985,0,-0.00481206617900095,0
"448,558",-0.005,2,6945.65159597097,"448,557",-0.00459303977371552,2,6943.47170555917,2,"448,557",2,-0.00459303977371552,6941.33044,0.001,-0.00459303977371552,0.001
"139,393,661,817",-0.005,4,6998.73574255807,"139,392,663,817",-0.00467056890784474,4,6980.24077981862,2,"139,392,663,817",4,-0.00467056890784474,6979.66256,0.003,-0.00467056890784474,0.003
"123,273,391,508,615,749,862",-0.005,7,7055.96325723981,"126,274,389,392,508,615,749,862",-0.00535751040366949,8,7055.29692210321,3,"126,274,389,508,615,749,862",7,-0.00548627585584967,7041.88624,1.005,-0.00535751040366949,0.006
"312,553,843",-0.005,3,6936.99990187839,"313,553,843",-0.00525885997117049,3,6930.98432890019,2,"313,553,843",3,-0.00525885997117049,6929.01024,0.001,-0.00525885997117049,0.001
"140,269,387,519,650,776,882",-0.005,7,7019.92086682142,"140,269,387,519,650,776,881",-0.00419353595699814,7,7010.13958441032,2,"140,269,387,519,650,776,881",7,-0.00419353595699814,7008.34068,0.001,-0.00419353595699814,0.001
"118,232,350,455,593,725,860",-0.005,7,6935.47212962468,"117,119,228,232,350,455,593,725,741,860",-0.00541899317128828,10,6949.51873496832,7,"117,228,350,455,593,725,860",7,-0.0059991038719637,6925.13244,3.001,-0.00541899317128828,0.005
"181,302,456,623,739,879",-0.005,6,6946.48111646007,"59,181,302,457,623,736,879",-0.00599772737651604,7,6963.63166786069,3,"181,302,457,623,736,879",6,-0.00506737906760406,6934.89634,1.004,-0.00599772737651604,0.004
"206,313,435,566,796,900",-0.005,6,6995.98178765744,"206,313,434,567,800,899",-0.00445280297756834,6,6985.58370701243,2,"206,313,434,567,800,899",6,-0.00445280297756834,6982.10283,0.007,-0.00445280297756834,0.007
"440",-0.005,1,6919.67025381658,"440",-0.00507849337887609,1,6919.21015630195,2,"440",1,-0.00507849337887609,6919.20274,0,-0.00507849337887609,0
"108,249,388,566,747,888",-0.005,6,6962.01947941845,"106,249,388,566,746,888",-0.00484698614975052,6,6951.19386496054,2,"106,249,388,566,746,888",6,-0.00484698614975052,6951.01106,0.003,-0.00484698614975052,0.003
"296",-0.005,1,6965.38121228696,"296",-0.00481996239703196,1,6963.68626945243,2,"296",1,-0.00481996239703196,6963.64745,0,-0.00481996239703196,0
"383,601",-0.005,2,7000.62776642329,"384,601",-0.00490598047952531,2,7001.45124636334,2,"384,601",2,-0.00490598047952531,6998.02747,0.001,-0.00490598047952531,0.001
"158,571",-0.005,2,6872.02270159051,"157,571",-0.00462798685179783,2,6868.59879154311,2,"157,571",2,-0.00462798685179783,6867.2326,0.001,-0.00462798685179783,0.001
"798",-0.005,1,6941.94359054014,"799",-0.00517529141346313,1,6935.84049828924,2,"799",1,-0.00517529141346313,6935.83638,0.001,-0.00517529141346313,0.001
"409,684",-0.005,2,6963.62129764611,"409,683",-0.0051079888636087,2,6961.91221129199,2,"409,683",2,-0.0051079888636087,6961.41473,0.001,-0.0051079888636087,0.001
"825",-0.005,1,6961.18801319056,"825",-0.00494963884934447,1,6959.82616574689,1,"825",1,-0.00494963884934447,6959.82617,0,-0.00494963884934447,0
"361",-0.005,1,6918.79091407832,"360",-0.00508494897959814,1,6913.71763376191,2,"360",1,-0.00508494897959814,6913.57852,0.001,-0.00508494897959814,0.001
"320,692,831",-0.005,3,6971.23245322384,"320,696,832",-0.00527443044339819,3,6966.82057738811,2,"320,696,832",3,-0.00527443044339819,6964.77616,0.005,-0.00527443044339819,0.005
"122,313,441,542,712,843",-0.005,6,7018.03901820247,"122,313,441,541,542,714",-0.000529628971784628,6,7062.75248489603,3,"122,313,441,542,714",5,-0.000550498140895095,7049.59769,0.3,-0.000529628971784628,1.002
"136,267,385,499,622,741,856",-0.005,7,6976.43012213738,"135,267,385,499,622,625,741,856",-0.00452235812822781,8,6980.55441128736,3,"135,267,385,499,622,741,856",7,-0.00439855407675284,6967.77704,1.001,-0.00452235812822781,0.001
"190,322,626",-0.005,3,6924.03020350309,"187,322,626",-0.00520557428867243,3,6926.93444402146,2,"187,322,626",3,-0.00520557428867243,6924.83391,0.003,-0.00520557428867243,0.003
"112,257,378,512,652,754,887",-0.005,7,7013.60975797632,"753,754",0.00776025149612507,2,7092.87160511389,3,"753",1,0.00775539466850083,7079.46272,5.001,0.00776025149612507,6.001
"358,587",-0.005,2,6995.03199921357,"358,587",-0.00519739685595393,2,6988.76448246663,2,"358,587",2,-0.00519739685595393,6987.74424,0,-0.00519739685595393,0
"410,545",-0.005,2,6937.56416995762,"410,532,545",-0.0052404392363177,3,6939.76360223491,4,"410,545",2,-0.0051886374921589,6935.21733,1,-0.0052404392363177,0
"106,212,318,470,573,708,868",-0.005,7,7022.70639382533,"105,212,315,318,467,470,573,708,868",-0.00586877837402095,9,7038.78789514826,4,"105,212,315,467,573,708,868",7,-0.00582143068480765,7011.81002,2.001,-0.00586877837402095,0.007
"115,273,540,642,764",-0.005,5,6938.16237427402,"115,273,540,642,764",-0.00489231685035291,5,6931.33920908256,2,"115,273,540,642,764",5,-0.00489231685035291,6930.81631,0,-0.00489231685035291,0
"200,318,503,650,779",-0.005,5,7056.63962177917,"200,319,503,652,779",-0.00502511358820058,5,7043.04185369028,2,"200,319,503,652,779",5,-0.00502511358820058,7038.69674,0.003,-0.00502511358820058,0.003
"203,339,488,622,806",-0.005,5,7012.14599926355,"202,336,346,489,622,805",-0.00587467026887813,6,7015.99123179694,3,"202,336,489,622,805",5,-0.00556535409617283,7008.16263,1.006,-0.00587467026887813,0.006
"216,337,517,660,862",-0.005,5,6990.27558048764,"216,337,517,657,862",-0.00510593544651043,5,6980.38912644414,2,"216,337,517,657,862",5,-0.00510593544651043,6978.90933,0.003,-0.00510593544651043,0.003
"427",-0.005,1,6909.18410956762,"427",-0.0048466577679992,1,6906.34214546185,2,"427",1,-0.0048466577679992,6906.30246,0,-0.0048466577679992,0
"383,532,752",-0.005,3,6970.38341476623,"381,532,751",-0.00485555075112649,3,6964.50158624965,2,"381,532,751",3,-0.00485555075112649,6962.93268,0.003,-0.00485555075112649,0.003
"460,744",-0.005,2,6899.03904763695,"464,744",-0.00489026269810238,2,6891.84196317391,2,"464,744",2,-0.00489026269810238,6891.31811,0.004,-0.00489026269810238,0.004
"311,421,559,847",-0.005,4,6931.89216729415,"311,420,557,847",-0.00395336501432155,4,6911.71605052491,2,"311,420,557,847",4,-0.00395336501432155,6911.14569,0.003,-0.00395336501432155,0.003
"190,370,560,762",-0.005,4,6972.52028488787,"190,368,561,762",-0.00475456350867555,4,6962.84268319011,2,"190,368,561,762",4,-0.00475456350867555,6961.16347,0.003,-0.00475456350867555,0.003
"214,635,901",-0.005,3,6987.78942193714,"217,634,906",-0.00518335653505221,3,6991.76679427167,2,"217,634,906",3,-0.00518335653505221,6971.95003,0.009,-0.00518335653505221,0.009
"641",-0.005,1,6980.77592917783,"641",-0.00520762863389973,1,6978.49067599353,2,"641",1,-0.00520762863389973,6978.2091,0,-0.00520762863389973,0
"151,265,454,663,846",-0.005,5,6956.68585708382,"150,264,454,663,845",-0.00380263717356815,5,6943.40786826637,2,"150,264,454,663,845",5,-0.00380263717356815,6940.49171,0.003,-0.00380263717356815,0.003
"211,355,458,576,774",-0.005,5,6999.02312782617,"211,213,355,458,576,773",-0.00524265092414605,6,7003.04042644423,3,"211,355,458,576,773",5,-0.00529272351380913,6991.19857,1.001,-0.00524265092414605,0.001
"164,278,410,512,682,861",-0.005,6,6990.20010166815,"162,181,281,410,424,512,682,864",-0.00542287101022921,8,6994.49408997098,3,"162,281,410,512,682,864",6,-0.00546516076394328,6972.03848,2.008,-0.00542287101022921,0.008
"282,531,854",-0.005,3,7060.35580810301,"280,533,854",-0.00450980248224148,3,7062.08174669195,2,"280,533,854",3,-0.00450980248224148,7052.65043,0.004,-0.00450980248224148,0.004
"215,520,799",-0.005,3,6913.61329494356,"214,520,800",-0.00621591486527389,3,6893.80053533721,2,"214,520,800",3,-0.00621591486527389,6893.69407,0.002,-0.00621591486527389,0.002
"114,265,416,544,651,752,883",-0.005,7,6931.51802713814,"113,265,417,544,648,753,883",-0.00449331693862262,7,6936.4261611368,2,"113,265,417,544,648,753,883",7,-0.00449331693862262,6919.72411,0.006,-0.00449331693862262,0.006
"131,263,407,557,710,857",-0.005,6,7007.05036285977,"131,261,407,557,712,857",-0.00324313124154189,6,7008.92596914514,2,"131,261,407,557,712,857",6,-0.00324313124154189,6987.35238,0.004,-0.00324313124154189,0.004
"204,326,672",-0.005,3,6920.76639064716,"203,323,672",-0.00488511064202251,3,6908.03130284646,2,"203,323,672",3,-0.00488511064202251,6906.80953,0.004,-0.00488511064202251,0.004
"118,244,359,472,612,738,851",-0.005,7,7016.40022861172,"116,120,244,359,472,612,737,848,851",-0.00537060191755233,9,7012.40013164283,3,"120,244,359,472,612,737,851",7,-0.00504069333937119,6991.00146,2.003,-0.00537060191755233,0.003
"291,404,514,750",-0.005,4,6962.25911082648,"291,404,516,750",-0.00545577678830345,4,6952.80874328865,2,"291,404,516,750",4,-0.00545577678830345,6952.11669,0.002,-0.00545577678830345,0.002
"289,686,819",-0.005,3,7011.34702544023,"289,686,818",-0.00534783822486348,3,7016.5053036623,2,"289,686,818",3,-0.00534783822486348,7009.68293,0.001,-0.00534783822486348,0.001
"158,391,698",-0.005,3,6989.49458236512,"158,389,393,698",-0.00474918184838747,4,6995.81968696341,4,"158,389,698",3,-0.00486241122801655,6986.44249,1.002,-0.00474918184838747,0.002
"677",-0.005,1,6964.68367226854,"677",-0.00522110173723222,1,6956.39830108783,2,"677",1,-0.00522110173723222,6956.2362,0,-0.00522110173723222,0
"114,230,359,492,596,737,882",-0.005,7,7033.71285033621,"114,230,359,492,596,699,737,888",-0.00638558345451927,8,7055.88980357932,3,"114,230,359,492,596,737,888",7,-0.00584634068481941,7021.19908,1.006,-0.00638558345451927,0.006
"153,280,435,569,742,882",-0.005,6,7022.23838203357,"85,153,281,435,569,740,881",-0.00619856862529079,7,7021.22066527382,4,"153,281,435,569,740,881",6,-0.0052082423657318,7013.72078,1.004,-0.00619856862529079,0.004
"285,534,726",-0.005,3,6888.50483235544,"284,285,533,726",-0.00481887853566078,4,6898.18731459944,4,"284,533,726",3,-0.00483720619586793,6883.40754,1.001,-0.00481887853566078,0.002
"275,559,684",-0.005,3,6934.06967487741,"275,559,677,685",-0.00592155723702912,4,6930.27540775907,4,"275,559,685",3,-0.00597956115076864,6921.10397,1.001,-0.00592155723702912,0.001
"116,273,414,559,710,851",-0.005,6,7033.39817299526,"117,273,414,559,710,849",-0.0052257658401955,6,7027.38363799835,2,"117,273,414,559,710,849",6,-0.0052257658401955,7025.67035,0.003,-0.0052257658401955,0.003
"433",-0.005,1,6953.21090824344,"433",-0.00526964016418482,1,6951.12636573237,2,"433",1,-0.00526964016418482,6950.59722,0,-0.00526964016418482,0
"167,384,495,609,793",-0.005,5,6970.77230249375,"167,384,498,609,793",-0.00447797727291493,5,6957.74498417816,2,"167,384,498,609,793",5,-0.00447797727291493,6956.65574,0.003,-0.00447797727291493,0.003
"498",-0.005,1,7007.43843445708,"498",-0.00527298543316426,1,7005.00369514936,2,"498",1,-0.00527298543316426,7005.00231,0,-0.00527298543316426,0
"120,278,475,677,875",-0.005,5,7066.33153675115,"116,277,278,411,475,678,875",-0.00594891296569762,7,7076.22609214515,3,"116,278,475,678,875",5,-0.00539197150823495,7052.15074,2.005,-0.00594891296569762,0.005
"146,283,394,519,625,725,846",-0.005,7,7043.91013521358,"146,283,394,519,627,725,846,852",-0.00321365667698172,8,7046.5558728607,3,"146,283,394,519,627,725,846",7,-0.00347274185429868,7029.20231,1.002,-0.00321365667698172,0.002
"480,718",-0.005,2,6981.30397553078,"480,718",-0.00527178365796108,2,6976.8516929421,2,"480,718",2,-0.00527178365796108,6976.21349,0,-0.00527178365796108,0
"122,235,374,520,644,790,894",-0.005,7,7008.12494221051,"122,235,374,520,644,790,892,896",-0.0046895273684418,8,7009.05343338003,3,"122,235,374,520,644,790,892",7,-0.00449502845948143,6995.66054,1.002,-0.0046895273684418,0.002
"149,252,427,561,850",-0.005,5,7022.62631419173,"149,252,427,562,850",-0.00490554789215211,5,7015.2571472358,2,"149,252,427,562,850",5,-0.00490554789215211,7015.1306,0.001,-0.00490554789215211,0.001
"155,274,397,498,617,729,864",-0.005,7,7074.4002536592,"158,273,498,729,862",-0.0135804544358886,5,7196.44500581033,10,"158,160,273,274,397,490,498,619,718,727,729,862,864",13,-0.00583146050637346,7144.71887,2.006,-0.0135804544358886,6.005
"110,249,377,536,690,860",-0.005,6,7019.45031117837,"110,249,377,536,688,859",-0.00600209537282915,6,7016.85026558482,2,"110,249,377,536,688,859",6,-0.00600209537282915,7009.88329,0.003,-0.00600209537282915,0.003
"752",-0.005,1,6951.88262326007,"753",-0.00515815443138889,1,6948.500847163,2,"753",1,-0.00515815443138889,6948.309,0.001,-0.00515815443138889,0.001
"118,294,403,590,710,881",-0.005,6,6987.05182929073,"118,294,401,407,590,710,722,881",-0.00520337552821573,8,7000.20250850302,3,"118,294,407,590,710,881",6,-0.00462677642890796,6978.37737,2.002,-0.00520337552821573,0.004
"353,506",-0.005,2,6982.00237166428,"350,353,505",-0.00527725180538804,3,6989.53765195514,3,"353,505",2,-0.00524627457175964,6975.41349,1.001,-0.00527725180538804,0.001
"566",-0.005,1,6899.62721039001,"566",-0.00492136255447432,1,6899.17910864617,2,"566",1,-0.00492136255447432,6899.1747,0,-0.00492136255447432,0
"649",-0.005,1,6913.99186698172,"649",-0.00473748743459057,1,6910.32154062067,2,"649",1,-0.00473748743459057,6910.31626,0,-0.00473748743459057,0
"203,400,571,740,872",-0.005,5,6984.5735976525,"205,400,561,575,739,872",-0.00511481222157383,6,6989.49621541502,3,"205,400,561,739,872",5,-0.00544377953295842,6972.3573,1.007,-0.00511481222157383,0.013
"164,327,448,622,812",-0.005,5,6983.06676138828,"165,325,368,449,622,811",-0.00542987731229683,6,6978.69837126162,3,"165,325,449,622,811",5,-0.00499105649376924,6971.62403,1.005,-0.00542987731229683,0.005
"213,378,610,812",-0.005,4,6964.39840430472,"213,378,609,812,815",-0.00567382369864904,5,6964.70538388708,3,"213,378,609,815",4,-0.00557029480553753,6953.4419,1.001,-0.00567382369864904,0.004
"158,316,475,611,767,873",-0.005,6,7042.60165412148,"157,316,473,611,767,873",-0.0047521909046673,6,7031.06670321248,2,"157,316,473,611,767,873",6,-0.0047521909046673,7028.37598,0.003,-0.0047521909046673,0.003
"133,244,345,455,591,727,864",-0.005,7,6980.56518956865,"132,244,345,455,591,727,862",-0.00411026240285761,7,6971.99247294945,2,"132,244,345,455,591,727,862",7,-0.00411026240285761,6971.25874,0.003,-0.00411026240285761,0.003
"235,435,666,795",-0.005,4,6909.08035154768,"235,435,666,795",-0.00529387394711346,4,6902.93228848089,2,"235,435,666,795",4,-0.00529387394711346,6902.45986,0,-0.00529387394711346,0
"325,682",-0.005,2,6869.30747438115,"325,680",-0.00509808544759087,2,6867.45831442817,2,"325,680",2,-0.00509808544759087,6866.35564,0.002,-0.00509808544759087,0.002
"107,232,343,454,608,738,845",-0.005,7,6995.96258003114,"107,233,343,443,455,608,738,845",-0.00599293217499913,8,6995.77946680881,4,"107,233,343,455,608,738,845",7,-0.00559917324946736,6980.64852,1.002,-0.00599293217499913,0.002
"185,329,489,664,770,888",-0.005,6,7115.78021537158,"185,326,493,665,770,885",-0.00536633999461669,6,7110.69104770682,2,"185,326,493,665,770,885",6,-0.00536633999461669,7099.48453,0.011,-0.00536633999461669,0.011
"288,453,655,888",-0.005,4,7000.01510911688,"288,453,655,890",-0.00517608136416383,4,6995.91090654847,2,"288,453,655,890",4,-0.00517608136416383,6995.46563,0.002,-0.00517608136416383,0.002
"112,224,357,495,617,764,876",-0.005,7,7075.51748743,"108,112,225,228,256,356,357,498,618,764,876",-0.0060785424974606,11,7103.46292019589,4,"112,225,357,498,618,764,876",7,-0.00583112887518438,7057.08659,4.005,-0.0060785424974606,0.005
"120,223,338,476,607,727,887",-0.005,7,6961.53012972457,"118,121,223,338,476,607,614,727,883,887",-0.00630023077202695,10,6985.36052885401,3,"121,223,338,476,614,727,887",7,-0.00585357135915268,6953.79889,3.001,-0.00630023077202695,0.008
"237,433,658,789",-0.005,4,7037.26504265125,"232,433,656,789",-0.00427748410402984,4,7020.77220480296,2,"232,433,656,789",4,-0.00427748410402984,7020.33134,0.007,-0.00427748410402984,0.007
"147,316,481,697,852",-0.005,5,6900.79561258275,"146,315,481,694,852",-0.00523605125313027,5,6914.86286099543,2,"146,315,481,694,852",5,-0.00523605125313027,6892.44904,0.005,-0.00523605125313027,0.005
"115,263,365,484,677,864",-0.005,6,6953.57309051668,"115,263,365,484,677,863",-0.004918991856792,6,6950.93705984222,2,"115,263,365,484,677,863",6,-0.004918991856792,6947.43205,0.001,-0.004918991856792,0.001
"176,290,628",-0.005,3,7016.40577927349,"177,290,628",-0.0048865715819695,3,7020.1648492419,2,"177,290,628",3,-0.0048865715819695,7016.18369,0.001,-0.0048865715819695,0.001
"187,417,604,731",-0.005,4,7009.2738966669,"187,417,604,731",-0.00515453748871786,4,7008.59535318186,2,"187,417,604,731",4,-0.00515453748871786,7008.4993,0,-0.00515453748871786,0
"141,577",-0.005,2,6858.99988173743,"142,577",-0.00474413880847158,2,6853.97298761324,2,"142,577",2,-0.00474413880847158,6852.25453,0.001,-0.00474413880847158,0.001
"407",-0.005,1,6914.65843074729,"407",-0.00487812642987255,1,6914.23481125491,2,"407",1,-0.00487812642987255,6914.23462,0,-0.00487812642987255,0
"103,480,580",-0.005,3,6942.09559173416,"103,480,580",-0.00523923770614073,3,6940.40314642282,2,"103,480,580",3,-0.00523923770614073,6939.72378,0,-0.00523923770614073,0
"146,247,396,513,721,825",-0.005,6,6987.43799492497,"143,246,395,515,719,824,832",-0.0050579031734105,7,6984.67433682948,3,"143,246,395,515,719,824",6,-0.00521427709958918,6969.61083,1.01,-0.0050579031734105,0.01
"170,333,493,640,744,845",-0.005,6,6973.76468968969,"170,333,493,640,743,845",-0.00517960800325749,6,6968.22519018902,2,"170,333,493,640,743,845",6,-0.00517960800325749,6966.97404,0.001,-0.00517960800325749,0.001
"394,756",-0.005,2,6944.45023962037,"394,756",-0.00542364204659501,2,6943.5831370555,2,"394,756",2,-0.00542364204659501,6942.21298,0,-0.00542364204659501,0
"250,490,690",-0.005,3,7024.10918085773,"250,489,690",-0.00497256374971961,3,7023.12636967572,2,"250,489,690",3,-0.00497256374971961,7021.98255,0.001,-0.00497256374971961,0.001
"230,491,762",-0.005,3,6999.71613287427,"232,491,764",-0.00491388879065657,3,6996.2252046686,2,"232,491,764",3,-0.00491388879065657,6995.18763,0.004,-0.00491388879065657,0.004
"226,351,488,690,841",-0.005,5,6964.12515363424,"226,352,488,492,689,841",-0.00409341313436592,6,6959.26906053192,4,"226,352,488,689,841",5,-0.00425162481064825,6949.22907,1.002,-0.00409341313436592,0.002
"198,334,464,596,706,848",-0.005,6,7019.42173710226,"199,334,357,464,596,706,847",-0.006436965107138,7,7010.13774062769,8,"199,334,464,596,706,847",6,-0.0069443757048548,7004.16565,1.002,-0.006436965107138,0.002
"104,290,425,551,711,854",-0.005,6,6942.86776110188,"104,290,424,552,711,853",-0.00500214325388417,6,6926.97399440998,2,"104,290,424,552,711,853",6,-0.00500214325388417,6920.75857,0.003,-0.00500214325388417,0.003
"161,505,854",-0.005,3,6968.68789581258,"161,505,854",-0.00446892598494147,3,6970.03672718227,2,"161,505,854",3,-0.00446892598494147,6965.62642,0,-0.00446892598494147,0
"540",-0.005,1,6879.23235563801,"540",-0.00504402657449401,1,6876.45388274262,2,"540",1,-0.00504402657449401,6875.29287,0,-0.00504402657449401,0
"148,335,556,752,894",-0.005,5,7018.27909300959,"148,335,557,752,887,893",-0.00575712815768026,6,7022.46128472518,3,"148,335,557,752,887",5,-0.00562716297790445,7011.52898,1.002,-0.00575712815768026,0.008
"230,604",-0.005,2,6980.63708083308,"230,603",-0.00489202489171335,2,6977.71511117137,2,"230,603",2,-0.00489202489171335,6976.61854,0.001,-0.00489202489171335,0.001
"193,322,438,644,852",-0.005,5,7010.40808471961,"193,322,438,645,850",-0.00448743155939154,5,7001.10652179022,2,"193,322,438,645,850",5,-0.00448743155939154,6999.63282,0.003,-0.00448743155939154,0.003
"147,328,432,606,803",-0.005,5,6970.91821440394,"147,328,430,606,807",-0.00549836872674392,5,6986.28500798601,2,"147,328,430,606,807",5,-0.00549836872674392,6967.38596,0.006,-0.00549836872674392,0.006
"413,652,884",-0.005,3,6964.09431265634,"413,652,884",-0.0051151226905766,3,6964.23673713497,2,"413,652,884",3,-0.0051151226905766,6963.08396,0,-0.0051151226905766,0
"137,261,373,498,618,730,867",-0.005,7,7060.95725256095,"137,262,373,498,617,731,867",-0.00494772003087962,7,7073.82648575783,2,"137,262,373,498,617,731,867",7,-0.00494772003087962,7050.75542,0.003,-0.00494772003087962,0.003
"297,515,810",-0.005,3,7021.58241439015,"298,517,810",-0.0052391582949976,3,7015.87057397781,2,"298,517,810",3,-0.0052391582949976,7014.37008,0.003,-0.0052391582949976,0.003
"637",-0.005,1,6869.12064141653,"637",-0.00526180338255636,1,6863.60202742392,2,"637",1,-0.00526180338255636,6861.3619,0,-0.00526180338255636,0
"356,572",-0.005,2,6977.50607742145,"356,572",-0.00522384280336989,2,6975.70237979784,2,"356,572",2,-0.00522384280336989,6975.6488,0,-0.00522384280336989,0
"104,297,432,629,827",-0.005,5,7059.50696479961,"104,108,299,433,628,827",-0.00446624344222952,6,7066.25714540618,2,"104,108,299,433,628,827",6,-0.00446624344222952,7059.38045,1.004,-0.00446624344222952,1.004
"220,366,467,720,869",-0.005,5,6938.40114125298,"221,366,470,724,869",-0.0056938610072482,5,6928.93989103429,2,"221,366,470,724,869",5,-0.0056938610072482,6920.97125,0.008,-0.0056938610072482,0.008
"256,356,511,827",-0.005,4,7010.39465664344,"256,356,511,827",-0.00490238488986586,4,7008.56118708305,2,"256,356,511,827",4,-0.00490238488986586,7007.22544,0,-0.00490238488986586,0
"183,342,445,596,734,885",-0.005,6,7036.82424357994,"186,342,349,445,596,736,884",-0.00591397358196098,7,7038.61097996528,3,"186,342,445,596,736,884",6,-0.00574982254736264,7027.34404,1.006,-0.00591397358196098,0.006
"132,234,374,509,640,744,882",-0.005,7,7018.65539971058,"132,233,369,374,508,640,738,882",-0.0053323260200872,8,7039.02856835531,3,"132,233,374,508,640,738,882",7,-0.00510858216678545,7009.73724,1.008,-0.0053323260200872,0.008
"371,567",-0.005,2,7001.62588834252,"371,567",-0.00485233521717255,2,6990.91362291322,2,"371,567",2,-0.00485233521717255,6990.85887,0,-0.00485233521717255,0
"145,254,394,516,646,767,878",-0.005,7,7035.11497413491,"139,146,254,256,394,516,646,767,878",-0.00544423017653574,9,7060.72775158712,3,"146,254,394,516,646,767,878",7,-0.00561870515673351,7030.40264,2.001,-0.00544423017653574,0.001
"464,829",-0.005,2,6939.45285540071,"464,822",-0.00508827512893563,2,6928.99011224286,2,"464,822",2,-0.00508827512893563,6928.59441,0.007,-0.00508827512893563,0.007
"206,507,698",-0.005,3,6953.20968050217,"205,506,698",-0.00533237072101197,3,6949.96707071297,2,"205,506,698",3,-0.00533237072101197,6948.88756,0.002,-0.00533237072101197,0.002
"121,273,381,517,653,768,882",-0.005,7,7002.69158693518,"121,273,383,393,528,653,767,772,882",-0.00671919545697221,9,6987.74191444981,9,"121,273,383,528,653,767,882",7,-0.00692879955443864,6969.80416,2.014,-0.00671919545697221,0.014
"440,769",-0.005,2,6952.39266464266,"440,769",-0.0046465031044784,2,6948.18828602762,2,"440,769",2,-0.0046465031044784,6948.168,0,-0.0046465031044784,0
"581",-0.005,1,6899.79963851646,"581",-0.00519612474407779,1,6897.04391737894,2,"581",1,-0.00519612474407779,6897.03043,0,-0.00519612474407779,0
"131,257,359,488,588,719,870",-0.005,7,6928.55839439848,"131,257,361,488,587,719,869,878,889",-0.00396239776377114,9,6943.54017148386,4,"131,257,361,488,587,719,869",7,-0.00447488982152791,6915.42677,2.004,-0.00396239776377114,0.004
"534",-0.005,1,6828.11915639158,"534",-0.00496826610631411,1,6827.67970589998,2,"534",1,-0.00496826610631411,6827.66379,0,-0.00496826610631411,0
"146,378,631,774",-0.005,4,6994.36953142346,"146,378,631,773",-0.00510187405091909,4,6983.24418179092,2,"146,378,631,773",4,-0.00510187405091909,6982.27972,0.001,-0.00510187405091909,0.001
"257,864",-0.005,2,6971.12506676647,"255,864,873",-0.00542233859780099,3,6971.54808269938,5,"255,873",2,-0.00532215778820726,6962.7251,1.002,-0.00542233859780099,0.011
"621",-0.005,1,7007.53082185676,"621",-0.0049391698565264,1,7007.28643493123,2,"621",1,-0.0049391698565264,7007.27145,0,-0.0049391698565264,0
"125,258,400,530,631,748,871",-0.005,7,7020.28962127178,"125,258,400,531,632,747,754,871",-0.00592744933738054,8,7017.87341985627,3,"125,258,400,531,632,747,871",7,-0.00565320576530177,7008.87597,1.003,-0.00592744933738054,0.003
"536",-0.005,1,6859.90516664131,"538",-0.00507832060240074,1,6859.05950637568,2,"538",1,-0.00507832060240074,6857.51782,0.002,-0.00507832060240074,0.002
"171,470",-0.005,2,7002.4163440796,"171,470,760",-0.00379095767219699,3,7001.1234330661,3,"171,470",2,-0.00482277076612123,6996.53312,1,-0.00379095767219699,0
"139,269,396,497,690,822",-0.005,6,6956.94890258516,"137,269,396,497,688,690,821",-0.00414696656257222,7,6957.52316639196,3,"137,269,396,497,688,821",6,-0.00421079996611578,6942.37266,1.003,-0.00414696656257222,0.005
"113,246,377,511,648,759,878",-0.005,7,7092.00322864392,"112,247,376,507,511,532,649,757,878",-0.00468555116567782,9,7093.30284070785,3,"112,247,376,507,649,757,878",7,-0.00539181467411206,7072.33217,2.006,-0.00468555116567782,0.01
"193,325,488,594,781",-0.005,5,7044.38207038438,"194,329,487,778",-0.00877699409282984,4,7118.71644674789,2,"194,329,487,778",4,-0.00877699409282984,7117.45991,1.115,-0.00877699409282984,1.115
"175,371,478,644,822",-0.005,5,6923.26317880961,"175,371,478,639,822",-0.00528102857789012,5,6920.07380007496,2,"175,371,478,639,822",5,-0.00528102857789012,6917.39867,0.005,-0.00528102857789012,0.005
"331,705",-0.005,2,6910.05401851071,"331,704",-0.00542985613816206,2,6908.22624644444,2,"331,704",2,-0.00542985613816206,6907.41574,0.001,-0.00542985613816206,0.001
"169,318,462,646,809",-0.005,5,7030.77764786453,"169,318,462,645,809",-0.00553139095382069,5,7021.79940059646,2,"169,318,462,645,809",5,-0.00553139095382069,7021.39315,0.001,-0.00553139095382069,0.001
"154,286,397,542,699,850",-0.005,6,6984.85147938507,"154,286,397,543,699,850",-0.0032589047277387,6,6985.64384250664,2,"154,286,397,543,699,850",6,-0.0032589047277387,6970.17999,0.001,-0.0032589047277387,0.001
"123,235,343,465,628,754,872",-0.005,7,6964.36163058432,"123,235,343,465,627,754,872",-0.00375192942643496,7,6952.23422558192,2,"123,235,343,465,627,754,872",7,-0.00375192942643496,6946.65105,0.001,-0.00375192942643496,0.001
"187,329,584,705,838",-0.005,5,6995.5922592345,"188,330,584,704,838",-0.00487711706542908,5,6998.25009819597,2,"188,330,584,704,838",5,-0.00487711706542908,6985.24744,0.003,-0.00487711706542908,0.003
"143,870",-0.005,2,6988.69107516518,"143,870",-0.00524408039121198,2,6988.29551638308,2,"143,870",2,-0.00524408039121198,6986.10839,0,-0.00524408039121198,0
"127,250,361,480,610,780,882",-0.005,7,7122.13925431508,"127,250,360,480,610,616,780,882,886",-0.00512670615815761,9,7132.89853613888,3,"127,250,360,480,616,780,882",7,-0.00493758741937313,7114.79883,2.001,-0.00512670615815761,0.007
"636",-0.005,1,6989.00999386979,"634",-0.00525834915745071,1,6979.37786480164,1,"634",1,-0.00525834915745071,6979.37786,0.002,-0.00525834915745071,0.002
"182,321,464,577,679,858",-0.005,6,7039.19660637995,"181,319,328,465,576,679,858,868",-0.00605520516220739,8,7051.33443430536,8,"181,328,465,576,679,858",6,-0.00536123572728859,7030.83652,2.005,-0.00605520516220739,0.01
"272,665",-0.005,2,6891.38606908457,"272,666",-0.00479692753726702,2,6883.04690487506,2,"272,666",2,-0.00479692753726702,6881.34873,0.001,-0.00479692753726702,0.001
"148,264,366,539,685,855",-0.005,6,7054.23370047507,"143,146,264,365,539,688,855",-0.00507689012591594,7,7053.64149400814,3,"146,264,365,539,688,855",6,-0.00497191977171237,7036.22166,1.006,-0.00507689012591594,0.006
"370,503,874",-0.005,3,6912.15940333099,"367,503,874",-0.00438588539789726,3,6892.91538980552,2,"367,503,874",3,-0.00438588539789726,6892.49555,0.003,-0.00438588539789726,0.003
"170",-0.005,1,6919.03201066897,"170",-0.00498436434961699,1,6918.10156620232,2,"170",1,-0.00498436434961699,6918.09861,0,-0.00498436434961699,0
"146,490,773,898",-0.005,4,7000.83766781552,"146,490,773,897",-0.00507079733492491,4,6992.04481438531,2,"146,490,773,897",4,-0.00507079733492491,6991.07647,0.001,-0.00507079733492491,0.001
"385,613",-0.005,2,6835.01610535553,"385,613",-0.00435143270693535,2,6828.17431290633,2,"385,613",2,-0.00435143270693535,6828.12435,0,-0.00435143270693535,0
"114,340,465,580,847",-0.005,5,6909.16659287781,"114,115,340,348,465,468,584,847",-0.00493680243355645,8,6941.90574010658,4,"114,340,468,584,847",5,-0.00504980815162953,6903.18715,3.004,-0.00493680243355645,0.007
"222,336,642,743",-0.005,4,7037.68420315158,"222,336,641,743",-0.00480507982514559,4,7032.64921590588,2,"222,336,641,743",4,-0.00480507982514559,7031.82583,0.001,-0.00480507982514559,0.001
"237,566,711,861",-0.005,4,6948.03674194601,"239,566,711,859",-0.00493130532116877,4,6940.05847738755,2,"239,566,711,859",4,-0.00493130532116877,6939.50439,0.004,-0.00493130532116877,0.004
"335,617",-0.005,2,6993.38305478946,"335,617",-0.00475928730767698,2,6990.8221365852,2,"335,617",2,-0.00475928730767698,6990.78248,0,-0.00475928730767698,0
"261,553,759",-0.005,3,7007.91670634177,"259,262,553,759",-0.00490148295497905,4,7015.29506507289,4,"259,553,759",3,-0.00480474778922824,7005.55319,1.001,-0.00490148295497905,0.002
"171,289,738",-0.005,3,6960.05159846552,"172,289,735",-0.00467309768588935,3,6951.80051552362,2,"172,289,735",3,-0.00467309768588935,6949.4639,0.004,-0.00467309768588935,0.004
"158,261,375,529,650,780,892",-0.005,7,7040.58960102865,"158,261,344,375,524,529,650,780,892",-0.0048583078220703,9,7079.57690913823,3,"158,261,375,529,650,780,892",7,-0.00476350227136786,7032.54807,2,-0.0048583078220703,0
"824",-0.005,1,6845.31114924235,"825",-0.00471624861629078,1,6839.93537893221,2,"825",1,-0.00471624861629078,6839.9158,0.001,-0.00471624861629078,0.001
"245,444,703",-0.005,3,7067.41214508503,"245,251,439,699,705",-0.00546893694963481,5,7085.55988982338,3,"251,439,705",3,-0.00546883673495961,7065.68853,2.007,-0.00546893694963481,0.013
"353,680",-0.005,2,6916.64476840153,"353,681",-0.00568217579182702,2,6909.93893797656,2,"353,681",2,-0.00568217579182702,6909.18785,0.001,-0.00568217579182702,0.001
"170,345,466,680,796",-0.005,5,7096.98891311155,"170,345,466,679,796",-0.0052581652672374,5,7087.87652708483,2,"170,345,466,679,796",5,-0.0052581652672374,7084.09268,0.001,-0.0052581652672374,0.001
"113,233,351,480,620,756,880",-0.005,7,7088.71625102583,"113,232,350,481,620,756,880",-0.00370773047562441,7,7066.14869131884,2,"113,232,350,481,620,756,880",7,-0.00370773047562441,7063.5904,0.003,-0.00370773047562441,0.003
"132,254,372,527,641,751,874",-0.005,7,7013.61078506153,"132,255,373,528,638,641,751,871",-0.00334043594114512,8,7004.31469738165,3,"132,255,373,528,638,751,871",7,-0.00349774869907934,6992.87329,1.006,-0.00334043594114512,0.009
"104,229,384,622,775",-0.005,5,7014.74069645442,"102,199,227,235,385,622,775",-0.00488017826022389,7,7038.57395427588,3,"102,235,385,622,775",5,-0.00525061281865289,7007.73246,2.005,-0.00488017826022389,0.009
"229,439,617,776",-0.005,4,6981.50409427408,"229,439,617,774,779",-0.00518180625873641,5,6993.00482439773,5,"229,439,617,774",4,-0.00532152246169317,6977.92223,1.002,-0.00518180625873641,0.002
"115,258,387,508,700,848",-0.005,6,6959.39530234841,"116,257,387,506,700,845",-0.00567647667679391,6,6957.02593294122,2,"116,257,387,506,700,845",6,-0.00567647667679391,6954.22216,0.007,-0.00567647667679391,0.007
"300,753",-0.005,2,6974.12933565357,"301,753",-0.00461039089222099,2,6967.50519157756,2,"301,753",2,-0.00461039089222099,6967.50278,0.001,-0.00461039089222099,0.001
"218,378,547,658,796",-0.005,5,7002.40936325413,"86,102,218,369,377,380,547,548,649,655,796",-0.00413839410320563,11,7098.06602201451,4,"86,102,218,380,547,548,649,655,796",9,-0.00386497421110465,7039.45367,6.004,-0.00413839410320563,4.005
"489",-0.005,1,6969.68693199713,"489",-0.00500515516650244,1,6962.48071262691,2,"489",1,-0.00500515516650244,6962.47894,0,-0.00500515516650244,0
"175,328,506,621,849",-0.005,5,6963.74224844217,"175,328,504,624,849",-0.00484551082202751,5,6956.48853064546,2,"175,328,504,624,849",5,-0.00484551082202751,6947.3085,0.005,-0.00484551082202751,0.005
"112,256,387,536,683,795,900",-0.005,7,7014.55369215163,"111,256,387,540,683,756,795,899",-0.00821646129988196,8,7008.06780697197,3,"111,256,387,540,683,795,899",7,-0.00756276357182247,6991.99931,1.006,-0.00821646129988196,0.006
"352,629,853",-0.005,3,7020.92999101979,"353,629,850",-0.00505058035571239,3,7015.91021422097,2,"353,629,850",3,-0.00505058035571239,7015.62755,0.004,-0.00505058035571239,0.004
"721",-0.005,1,6921.97464397511,"720",-0.00494009823566334,1,6918.01851383858,2,"720",1,-0.00494009823566334,6917.53067,0.001,-0.00494009823566334,0.001
"258,507,698,872",-0.005,4,6992.63193329558,"259,507,698,872",-0.00588178378661688,4,6978.37298379269,2,"259,507,698,872",4,-0.00588178378661688,6977.46727,0.001,-0.00588178378661688,0.001
"115,390,671",-0.005,3,6936.52428297079,"115,390,671",-0.00555427851219801,3,6933.64550828493,2,"115,390,671",3,-0.00555427851219801,6933.54156,0,-0.00555427851219801,0
"178,334,497,690,833",-0.005,5,7089.12571737668,"178,334,495,498,690,834",-0.00539014139598543,6,7090.21690871348,7,"178,334,495,690,834",5,-0.00524708660058755,7072.00557,1.002,-0.00539014139598543,0.003
"156,262,387,529,675,842",-0.005,6,7026.78345491265,"156,263,388,529,675,841",-0.00503938209676962,6,7012.22258770473,2,"156,263,388,529,675,841",6,-0.00503938209676962,7010.66279,0.003,-0.00503938209676962,0.003
"668",-0.005,1,6907.60496178349,"668",-0.00488618194167194,1,6907.16059333184,2,"668",1,-0.00488618194167194,6907.12177,0,-0.00488618194167194,0
"151,333,476,591,727,881",-0.005,6,7059.44715776813,"151,333,476,591,727,881",-0.00354430731543914,6,7055.27340648044,2,"151,333,476,591,727,881",6,-0.00354430731543914,7046.64834,0,-0.00354430731543914,0
"123,226,460,698,834",-0.005,5,6966.34673241481,"125,225,227,461,698,834",-0.00533900222650459,6,6967.94969274501,3,"125,225,461,698,834",5,-0.00541842271608355,6952.70714,1.004,-0.00533900222650459,0.004
"110,241,388,488,647,751,891",-0.005,7,7031.65585575813,"110,242,388,488,646,746,751,761,892",-0.006805177265472,9,7040.17428091381,3,"110,242,388,488,646,746,892",7,-0.00625196664694417,7015.42775,2.003,-0.006805177265472,0.008
"115,270,420,558,677,853",-0.005,6,6973.92330047999,"115,268,270,420,558,678,853",-0.00503200834819638,7,6979.58638694369,3,"115,270,420,558,678,853",6,-0.00512730297358334,6966.98617,1.001,-0.00503200834819638,0.001
"579",-0.005,1,6954.94409012424,"578",-0.00469572134257139,1,6962.29244211376,2,"578",1,-0.00469572134257139,6951.10389,0.001,-0.00469572134257139,0.001
"213,408,618,789,890",-0.005,5,6946.36987810748,"216,408,411,617,618,789,891",-0.00538512804490621,7,6956.75516515674,4,"216,411,618,789,891",5,-0.00545364252008798,6931.92975,2.004,-0.00538512804490621,0.007
"457",-0.005,1,6940.90441378303,"457",-0.00484915735822001,1,6938.93618984253,1,"457",1,-0.00484915735822001,6938.93619,0,-0.00484915735822001,0
"204,469,587,706",-0.005,4,6992.04782168176,"204,469,587,706",-0.0049593207497683,4,6987.66057517598,2,"204,469,587,706",4,-0.0049593207497683,6985.13364,0,-0.0049593207497683,0
"130,272,552,850",-0.005,4,6984.28068419722,"127,130,271,272,552,850",-0.00418245300669381,6,7000.34187470193,3,"130,271,552,850",4,-0.00418491100016264,6975.5485,2,-0.00418245300669381,0.001
"234,519,794",-0.005,3,6958.54103255864,"233,237,519,794",-0.00497379736705247,4,6968.63509453409,3,"233,519,794",3,-0.00505618893476277,6955.95143,1.001,-0.00497379736705247,0.001
"176,357,503,669,836",-0.005,5,6978.26294347122,"176,358,503,669,683,836",-0.00606852048294967,6,6982.15511244866,3,"176,358,503,669,836",5,-0.00572396242764773,6973.11864,1.001,-0.00606852048294967,0.001
"200,356,542,664,857",-0.005,5,6951.780851256,"200,357,542,664,854",-0.00486121746223722,5,6942.45970410416,2,"200,357,542,664,854",5,-0.00486121746223722,6939.17587,0.004,-0.00486121746223722,0.004
"166,404,540,658,779",-0.005,5,6987.24480105795,"167,404,540,658,783",-0.00501577913633081,5,6977.73901411571,2,"167,404,540,658,783",5,-0.00501577913633081,6975.69886,0.005,-0.00501577913633081,0.005
"143,309,414,560,726,852",-0.005,6,6979.32468802204,"143,310,414,560,725,852",-0.00383864748301797,6,6962.34414134428,2,"143,310,414,560,725,852",6,-0.00383864748301797,6961.55283,0.002,-0.00383864748301797,0.002
"246,470,624,731,889",-0.005,5,7000.94254934971,"245,468,624,731,889",-0.00579453831582991,5,6993.77709720088,2,"245,468,624,731,889",5,-0.00579453831582991,6986.20478,0.003,-0.00579453831582991,0.003
"212",-0.005,1,6904.84471333828,"211",-0.00472292335418788,1,6909.00773021051,2,"211",1,-0.00472292335418788,6900.38962,0.001,-0.00472292335418788,0.001
"200,414,636,827",-0.005,4,6953.00087173302,"201,413,636,826",-0.00483314549233471,4,6941.53499803808,2,"201,413,636,826",4,-0.00483314549233471,6941.30114,0.003,-0.00483314549233471,0.003
"120,282,418,612,800",-0.005,5,6960.32436567781,"120,282,417,612,800",-0.00545214882594596,5,6956.05382182727,2,"120,282,417,612,800",5,-0.00545214882594596,6952.5327,0.001,-0.00545214882594596,0.001
"255",-0.005,1,7000.15384220186,"259",-0.00488118501540641,1,6990.95971534678,2,"259",1,-0.00488118501540641,6990.90502,0.004,-0.00488118501540641,0.004
"255,359,576",-0.005,3,6896.13840144642,"255,359,576",-0.00484389540347189,3,6894.66925500186,2,"255,359,576",3,-0.00484389540347189,6894.07575,0,-0.00484389540347189,0
"265,646",-0.005,2,6935.55355146975,"265,647",-0.0053128917472287,2,6927.20575446272,2,"265,647",2,-0.0053128917472287,6927.17784,0.001,-0.0053128917472287,0.001
"159,329,514,690,839",-0.005,5,6968.2898128328,"159,331,514,690,843",-0.00461828947580503,5,6955.21379541119,2,"159,331,514,690,843",5,-0.00461828947580503,6954.48296,0.006,-0.00461828947580503,0.006
"251,486,700",-0.005,3,6999.03934204938,"251,487,700",-0.0053897004386308,3,7000.85009412907,2,"251,487,700",3,-0.0053897004386308,6997.42215,0.001,-0.0053897004386308,0.001
"494,814",-0.005,2,7020.99250340084,"494,813",-0.00482552222350228,2,7014.24727698075,2,"494,813",2,-0.00482552222350228,7013.63408,0.001,-0.00482552222350228,0.001
"709",-0.005,1,6946.12891152682,"710",-0.00517587860292469,1,6942.91666459839,2,"710",1,-0.00517587860292469,6942.91296,0.001,-0.00517587860292469,0.001
"297,694,844",-0.005,3,6921.69105212681,"295,696,845,858",-0.00449367791818796,4,6911.514415124,3,"295,696,845",3,-0.00457604497943765,6902.43632,1.005,-0.00449367791818796,0.005
"126,301,678",-0.005,3,6970.19706924295,"126,301,678",-0.00512177162183498,3,6963.92857048546,2,"126,301,678",3,-0.00512177162183498,6963.91927,0,-0.00512177162183498,0
"111,304,471,671,826",-0.005,5,6906.23675076593,"23,112,305,472,670,826",-0.00454070668485627,6,6886.87632475377,2,"23,112,305,472,670,826",6,-0.00454070668485627,6884.29614,1.004,-0.00454070668485627,1.004
"394,757",-0.005,2,6928.79605710489,"398,757",-0.00582075310355961,2,6918.19989829937,2,"398,757",2,-0.00582075310355961,6917.70145,0.004,-0.00582075310355961,0.004
"127,252,370,520,622,759,869",-0.005,7,7011.16564323982,"125,252,370,520,622,759,869",-0.00495311742273276,7,7009.45537713262,2,"125,252,370,520,622,759,869",7,-0.00495311742273276,6998.26121,0.002,-0.00495311742273276,0.002
"147,253,412,626,820",-0.005,5,7007.94452845189,"147,253,413,626,821",-0.00515253061968004,5,7001.26982635254,2,"147,253,413,626,821",5,-0.00515253061968004,6994.9569,0.002,-0.00515253061968004,0.002
"103,354,507,732",-0.005,4,7012.3067754404,"103,354,507,731",-0.00398568986306097,4,6999.88290425187,2,"103,354,507,731",4,-0.00398568986306097,6999.44151,0.001,-0.00398568986306097,0.001
"169,334,561,723",-0.005,4,6972.0735992733,"170,334,561,723",-0.00485583164763748,4,6964.46710419385,2,"170,334,561,723",4,-0.00485583164763748,6964.35703,0.001,-0.00485583164763748,0.001
"637,843",-0.005,2,6928.86027184552,"637,843",-0.00499029219844409,2,6921.32046927983,2,"637,843",2,-0.00499029219844409,6921.30261,0,-0.00499029219844409,0
"124,248,387,509,614,749,889",-0.005,7,6949.27439234439,"124,248,388,506,510,614,749,888",-0.00484311872571196,8,6952.42150039453,3,"124,248,388,510,614,749,888",7,-0.00474203967204224,6935.38786,1.003,-0.00484311872571196,0.003
"134,267,367,492,619,746,878",-0.005,7,6959.71676236779,"134,367,490,620,746,878",-0.000291485622113334,6,7000.84348753603,2,"134,367,490,620,746,878",6,-0.000291485622113334,6980.99827,1.224,-0.000291485622113334,1.224
"188,345,527,691",-0.005,4,7003.05458591656,"188,345,527,687,912",-0.00521154129781837,5,7002.54081528603,3,"188,345,527,687",4,-0.00468919170536012,6986.80552,1.004,-0.00521154129781837,0.004
"181,334,454,594,709,842",-0.005,6,7076.43491275691,"181,334,455,596,710,843",-0.0041138507920256,6,7048.25745434241,2,"181,334,455,596,710,843",6,-0.0041138507920256,7039.81323,0.005,-0.0041138507920256,0.005
"175,311,511,689,878",-0.005,5,7026.52975311533,"175,311,511,688,878",-0.00540669864163163,5,7018.52019062114,2,"175,311,511,688,878",5,-0.00540669864163163,7018.51272,0.001,-0.00540669864163163,0.001
"115,249,415,578,720,841",-0.005,6,7012.39291744122,"115,249,415,579,720,842",-0.00461435485975072,6,6999.6016110187,2,"115,249,415,579,720,842",6,-0.00461435485975072,6994.87085,0.002,-0.00461435485975072,0.002
"220,438,703,888",-0.005,4,6885.89840871724,"217,437,449,703,884,888",-0.00550850208501567,6,6894.10249713463,3,"217,437,703,884",4,-0.00521341474530555,6873.56632,2.004,-0.00550850208501567,0.008
"122,258,399,504,642,745,880",-0.005,7,7056.49842719468,"122,258,399,504,641,745,880",-0.00397872533595084,7,7056.51465430726,2,"122,258,399,504,641,745,880",7,-0.00397872533595084,7047.30375,0.001,-0.00397872533595084,0.001
"157,301,423,550,719,836",-0.005,6,6875.77235951532,"157,289,301,423,551,719,835,836",-0.00467680266440972,8,6893.82200234962,3,"157,301,423,551,719,835",6,-0.00448292324425841,6869.17401,2.001,-0.00467680266440972,0.002
"115,244,364,492,620,748,876",-0.005,7,7042.33480469924,"115,244,364,491,620,748,876",-0.00489466624091163,7,7033.17137555859,2,"115,244,364,491,620,748,876",7,-0.00489466624091163,7031.53328,0.001,-0.00489466624091163,0.001
"209,445,721,878",-0.005,4,7061.03314305708,"206,210,445,722,880",-0.00511753996811561,5,7054.18642005534,3,"210,445,722,880",4,-0.0052275120823142,7044.19912,1.004,-0.00511753996811561,0.004
"585",-0.005,1,6969.9936640983,"587",-0.00518700477869083,1,6961.75824607947,2,"587",1,-0.00518700477869083,6961.758,0.002,-0.00518700477869083,0.002
"373,531",-0.005,2,6909.41622962244,"372,532",-0.00505218045762133,2,6905.53389227489,2,"372,532",2,-0.00505218045762133,6905.52223,0.002,-0.00505218045762133,0.002
"533",-0.005,1,6925.07872152387,"533",-0.00510688471504318,1,6924.3787890366,2,"533",1,-0.00510688471504318,6924.32985,0,-0.00510688471504318,0
"157,324,462,570,729,876",-0.005,6,7010.01424894052,"157,324,462,570,729,886",-0.00483614365412915,6,7011.51662445329,2,"157,324,462,570,729,886",6,-0.00483614365412915,7003.24458,0.01,-0.00483614365412915,0.01
"139,525,812",-0.005,3,7005.72295516854,"139,525,812",-0.00472124368209539,3,7007.78934699889,2,"139,525,812",3,-0.00472124368209539,7003.30821,0,-0.00472124368209539,0
"127,334,580,863",-0.005,4,6938.88961090831,"127,334,579,863",-0.00473633076128157,4,6933.87845677268,2,"127,334,579,863",4,-0.00473633076128157,6933.5188,0.001,-0.00473633076128157,0.001
"439,685",-0.005,2,6927.95488589384,"439,686",-0.00477066866169422,2,6927.7169003458,2,"439,686",2,-0.00477066866169422,6927.21401,0.001,-0.00477066866169422,0.001
"127,250,368,511,610,736,860",-0.005,7,7020.2752460821,"127,250,368,515,610,733,859,861",-0.00478818186700141,8,7023.04102356574,3,"127,250,368,515,610,733,861",7,-0.00486736048367511,7004.52646,1.008,-0.00478818186700141,0.008
"167,270,387,519,718,861",-0.005,6,7040.57661637718,"167,270,387,519,718,861",-0.00506775570181349,6,7037.58684764684,2,"167,270,387,519,718,861",6,-0.00506775570181349,7036.34397,0,-0.00506775570181349,0
"122,245,400,546,689,838",-0.005,6,6950.20035665259,"122,245,400,546,687,838",-0.00475991884240365,6,6942.19153077374,2,"122,245,400,546,687,838",6,-0.00475991884240365,6942.10191,0.002,-0.00475991884240365,0.002
"101,256,393,525,687,843",-0.005,6,7039.79348730258,"101,256,393,525,687,843",-0.00522158441203805,6,7038.06921294739,2,"101,256,393,525,687,843",6,-0.00522158441203805,7030.88275,0,-0.00522158441203805,0
"763",-0.005,1,6903.69388033324,"760",-0.00475841631172001,1,6893.34397369679,2,"760",1,-0.00475841631172001,6893.28803,0.003,-0.00475841631172001,0.003
"188,403,593,799",-0.005,4,6999.76088146118,"186,399,403,593,799",-0.00594129325403224,5,6998.37819035438,2,"186,399,403,593,799",5,-0.00594129325403224,6997.36806,1.002,-0.00594129325403224,1.002
"250,525",-0.005,2,6939.9898734235,"249,526",-0.00527618301875237,2,6933.49084378132,2,"249,526",2,-0.00527618301875237,6933.23465,0.002,-0.00527618301875237,0.002
"140,252,383,506,647,768,879",-0.005,7,7049.47925163309,"140,252,383,506,647,768,879",-0.00548789232135381,7,7047.01066890533,2,"140,252,383,506,647,768,879",7,-0.00548789232135381,7045.30707,0,-0.00548789232135381,0
"107,271,391,552,692,848",-0.005,6,7008.14859241227,"107,272,391,552,688,695,849,926",-0.00468407521958851,8,7000.63525375193,4,"107,272,391,552,688,849",6,-0.0051120437165342,6986.05429,2.005,-0.00468407521958851,0.006
"119,258,391,519,638,741,877",-0.005,7,7049.30792453503,"119,258,392,518,638,741,877",-0.00531753999766349,7,7060.32188539673,2,"119,258,392,518,638,741,877",7,-0.00531753999766349,7041.34397,0.002,-0.00531753999766349,0.002
"282,549",-0.005,2,6904.84096509154,"282,549",-0.0048242171676274,2,6902.37467106059,2,"282,549",2,-0.0048242171676274,6902.02372,0,-0.0048242171676274,0
"165,325,460,609,735,866",-0.005,6,7002.01806301833,"169,325,332,460,609,735,866,943",-0.00436680782187654,8,7030.86615919301,3,"169,325,460,609,735,866",6,-0.00482024994560595,6997.47461,2.004,-0.00436680782187654,0.004
"179,328,501,626,808",-0.005,5,7039.11802537958,"179,328,490,501,627,811",-0.0047872279180622,6,7048.65599183804,3,"179,328,490,627,811",5,-0.00456067874223271,7028.46008,1.004,-0.0047872279180622,0.015
"133,269,454,560,735,883",-0.005,6,7025.07368863939,"133,270,454,560,643,735,883",-0.00314129880298847,7,7022.7143409754,3,"133,270,454,560,735,883",6,-0.00387039466371658,7005.60348,1.001,-0.00314129880298847,0.001
"109,280,516,737",-0.005,4,7074.21431259333,"107,280,516,737",-0.00540325363600063,4,7062.94392260726,2,"107,280,516,737",4,-0.00540325363600063,7059.83227,0.002,-0.00540325363600063,0.002
"236,407,529,767",-0.005,4,6941.87722739927,"235,408,529,770",-0.00448492608009824,4,6936.69592260134,2,"235,408,529,770",4,-0.00448492608009824,6928.68045,0.005,-0.00448492608009824,0.005
"121,254,381,507,613,720,857",-0.005,7,7053.70705757509,"121,254,381,507,534,613,720,854",-0.00539080560106431,8,7065.3505276626,3,"121,254,381,507,613,720,854",7,-0.00505916946010433,7044.98777,1.003,-0.00539080560106431,0.003
"108,268,412,555,679,792,897",-0.005,7,7043.79805781518,"106,266,412,424,555,677,792,897",-0.00403399439099863,8,7037.90733162672,3,"106,266,412,555,677,792,897",7,-0.00453362822189597,7022.25293,1.006,-0.00403399439099863,0.006
"125,254,399,551,699,847",-0.005,6,6980.57239868635,"125,254,400,549,551,699,847",-0.0048063471318198,7,6981.49544597901,5,"125,254,400,551,699,847",6,-0.00470889088468479,6969.63273,1.001,-0.0048063471318198,0.001
"169,314,424,609,800",-0.005,5,6968.64510069673,"168,314,424,608,794,798",-0.00466169191803662,6,6983.36033837204,3,"168,314,424,608,798",5,-0.00476362232164184,6956.80685,1.004,-0.00466169191803662,0.004
"327,727",-0.005,2,7040.25748510888,"307,326,728",-0.00445206096307174,3,7032.82876414833,2,"307,326,728",3,-0.00445206096307174,7032.81343,1.002,-0.00445206096307174,1.002
"300,520",-0.005,2,6932.84012933358,"300,520",-0.00440745934418006,2,6924.96993053431,2,"300,520",2,-0.00440745934418006,6924.64687,0,-0.00440745934418006,0
"180,391,594,809",-0.005,4,7100.54696995241,"180,392,589,595,808",-0.00399983966788223,5,7096.05546143923,3,"180,392,589,808",4,-0.00381368222578484,7084.32896,1.003,-0.00399983966788223,0.007
"201,341,518,754",-0.005,4,6892.88743409911,"202,341,517,754",-0.00488195940603957,4,6887.96913982315,2,"202,341,517,754",4,-0.00488195940603957,6887.35915,0.002,-0.00488195940603957,0.002
"293,663",-0.005,2,6974.63819813803,"293,663",-0.00493805749710764,2,6973.64855266225,2,"293,663",2,-0.00493805749710764,6970.79817,0,-0.00493805749710764,0
"128,352,636,842",-0.005,4,6956.17625715303,"128,353,636,842",-0.00448964312415989,4,6948.18680521323,2,"128,353,636,842",4,-0.00448964312415989,6947.31826,0.001,-0.00448964312415989,0.001
"107,244,382,528,652,765,869",-0.005,7,6985.42254479765,"103,110,245,264,382,387,527,652,763,771,869",-0.00512182528237544,11,7009.94594365317,4,"103,245,382,527,652,763,869",7,-0.0049350798852407,6970.54712,4.007,-0.00512182528237544,0.008
"171,505,820",-0.005,3,7014.77040967479,"171,505,820",-0.00474670167989867,3,7009.04667117354,2,"171,505,820",3,-0.00474670167989867,7007.8508,0,-0.00474670167989867,0
"180,352,511,657,788",-0.005,5,7061.01507543639,"179,351,511,657,787",-0.00471945631824052,5,7050.93814960019,2,"179,351,511,657,787",5,-0.00471945631824052,7045.46671,0.003,-0.00471945631824052,0.003
"239,343,713",-0.005,3,6957.94093342114,"239,344,711",-0.00486713042460538,3,6954.91411599103,2,"239,344,711",3,-0.00486713042460538,6950.20174,0.003,-0.00486713042460538,0.003
"135,274,383,490,592,729,878",-0.005,7,7033.2030281803,"134,271,275,293,384,490,592,729,877",-0.00547412761147512,9,7037.49375803193,3,"134,271,384,490,592,729,877",7,-0.00497794915328033,7018.5464,2.004,-0.00547412761147512,0.006
"116,234,374,575,721",-0.005,5,7083.25760387101,"115,226,374,575,721,917",-0.00668844326694163,6,7081.57930969903,4,"115,226,374,575,721",5,-0.00583945782587466,7069.30674,1.009,-0.00668844326694163,0.009
"155,330,577,728,852",-0.005,5,6998.89900167467,"155,330,578,728,733,853",-0.00475216178609659,6,7003.75847049943,3,"155,330,578,728,853",5,-0.00465838875365567,6989.56761,1.002,-0.00475216178609659,0.002
"176,324,484,589,742,849",-0.005,6,6974.89444233189,"175,324,484,589,742,839",-0.00374460794739815,6,6964.26355078089,2,"175,324,484,589,742,839",6,-0.00374460794739815,6959.46854,0.011,-0.00374460794739815,0.011
"406,545,770",-0.005,3,6886.60104941175,"406,545,766",-0.00552930708283047,3,6880.18572907233,2,"406,545,766",3,-0.00552930708283047,6880.08458,0.004,-0.00552930708283047,0.004
"414",-0.005,1,6955.55535353282,"388,414",-0.00503832976695926,2,6956.32509020626,3,"414",1,-0.00488899151943622,6952.815,1,-0.00503832976695926,0
"106,240,344,474,611,732,866",-0.005,7,6983.27562571365,"106,240,247,344,474,612,732,866",-0.00514253207767067,8,6987.96562343408,3,"106,240,344,474,612,732,866",7,-0.00494239997954063,6969.84407,1.001,-0.00514253207767067,0.001
"189,369,552,743,899",-0.005,5,6906.63520019675,"190,369,552,743,752,901",-0.00362848916643477,6,6894.39132268464,3,"190,369,552,743,901",5,-0.00386117259740918,6881.15486,1.003,-0.00362848916643477,0.003
"116,264,422,550,696,852",-0.005,6,7027.33982729399,"117,265,424,431,552,689,695,845,857",-0.00634538363581906,9,7049.16017829173,3,"117,265,424,552,689,857",6,-0.0058572688807457,7013.87288,3.012,-0.00634538363581906,0.018
"119,265,408,510,635,744,888",-0.005,7,6925.31905710663,"119,265,408,510,636,744,889",-0.00413181571332916,7,6915.45445893939,2,"119,265,408,510,636,744,889",7,-0.00413181571332916,6909.01185,0.002,-0.00413181571332916,0.002
"464,633",-0.005,2,7037.68987619111,"463,633,639",-0.00528370804827025,3,7042.03380463508,3,"463,633",2,-0.00536865141631011,7033.41421,1.001,-0.00528370804827025,0.001
"121,262,381,505,631,750,881",-0.005,7,7007.94937614506,"121,262,381,505,631,750,881",-0.00479430596551684,7,6995.98530561389,2,"121,262,381,505,631,750,881",7,-0.00479430596551684,6993.02455,0,-0.00479430596551684,0
"141,261,388,523,649,752,854",-0.005,7,7061.31606424659,"261,649",0.00873740206952135,2,7165.34804087267,2,"261,649",2,0.00873740206952135,7164.66789,5.103,0.00873740206952135,5.103
"120,437,642,823",-0.005,4,6966.75484933157,"120,437,529,642,823",-0.00408093442918745,5,6953.97468960103,3,"120,437,642,823",4,-0.00462334746254395,6948.08995,1,-0.00408093442918745,0
"104,403,533,753",-0.005,4,6983.68018714888,"105,404,533,753",-0.0060965168478324,4,6974.44272563019,2,"105,404,533,753",4,-0.0060965168478324,6971.35102,0.002,-0.0060965168478324,0.002
"140,272,390,557,682,862",-0.005,6,7098.49097680357,"141,271,557",-0.0130457922460518,3,7166.26931451142,2,"141,271,557",3,-0.0130457922460518,7161.61941,3.168,-0.0130457922460518,3.168
"163,289,448,625,728,880",-0.005,6,7054.7053951547,"141,145,165,289,449,621,625,728,880,884",-0.00499032095044542,10,7076.31736711834,7,"165,289,449,625,728,884",6,-0.00455764582968868,7042.67555,4.003,-0.00499032095044542,0.007
"124,265,391,496,629,744,873",-0.005,7,7037.98239717701,"116,123,158,264,388,496,629,744,873",-0.00480797715969542,9,7054.76880429076,3,"123,264,388,496,629,744,873",7,-0.00407155569507225,7024.29888,2.005,-0.00480797715969542,0.005
"166,275,460,642,869",-0.005,5,6977.94546896166,"166,277,459,642,869",-0.00613219971468907,5,6967.64354691241,2,"166,277,459,642,869",5,-0.00613219971468907,6964.8448,0.003,-0.00613219971468907,0.003
"827",-0.005,1,6892.22100074138,"827",-0.00496322179645435,1,6891.76925973803,2,"827",1,-0.00496322179645435,6891.76565,0,-0.00496322179645435,0
"111,423,550,732,891",-0.005,5,7009.68878661712,"112,423,551,733,889",-0.00470009833880627,5,6993.99818567541,2,"112,423,551,733,889",5,-0.00470009833880627,6989.79066,0.005,-0.00470009833880627,0.005
"166,294,456,601,748,856",-0.005,6,7056.0184088843,"166,298,456,601,751,857",-0.00528197614407535,6,7038.53825592069,2,"166,298,456,601,751,857",6,-0.00528197614407535,7035.67675,0.008,-0.00528197614407535,0.008
"340,590,863",-0.005,3,7042.13802023158,"340,590,863",-0.00470342496768819,3,7037.3172597067,2,"340,590,863",3,-0.00470342496768819,7036.33585,0,-0.00470342496768819,0
"155,329,462,609,762,900",-0.005,6,7107.66744835717,"155,327,336,462,470,609,754,900",-0.0038056798839397,8,7105.1873302791,8,"155,327,470,609,754,900",6,-0.00322902663653748,7083.53779,2.01,-0.0038056798839397,0.018
"133,298,492,690,827",-0.005,5,7009.419956278,"133,298,492,689,827",-0.00413599979202658,5,6994.39872778485,2,"133,298,492,689,827",5,-0.00413599979202658,6993.56757,0.001,-0.00413599979202658,0.001
"166,356,548,699,847",-0.005,5,6896.84906231224,"166,356,549,699,846",-0.00612547900596744,5,6871.85964841669,2,"166,356,549,699,846",5,-0.00612547900596744,6863.35984,0.002,-0.00612547900596744,0.002
"167,293,444,632,754,885",-0.005,6,6972.10755133914,"169,293,444,634,754,885",-0.00470366341929373,6,6965.54362230796,2,"169,293,444,634,754,885",6,-0.00470366341929373,6958.4665,0.004,-0.00470366341929373,0.004
"408",-0.005,1,7001.93605734806,"408",-0.00480425533731282,1,6999.20101708227,1,"408",1,-0.00480425533731282,6999.20102,0,-0.00480425533731282,0
"200,481",-0.005,2,6885.69974808653,"200,481",-0.00474731744819454,2,6883.86450851993,2,"200,481",2,-0.00474731744819454,6883.35352,0,-0.00474731744819454,0
"104,234,448,685,859",-0.005,5,7085.67702277074,"104,234,449,572,685,859",-0.00532993220060056,6,7090.53067343859,3,"104,234,449,685,859",5,-0.00469689460826613,7078.40184,1.001,-0.00532993220060056,0.001
"164,306,407,535,639,739,886",-0.005,7,7000.8364750249,"165,306,314,407,535,639,739,886",-0.00393855589527342,8,7000.69053959759,3,"165,306,407,535,639,739,886",7,-0.00414448784016415,6987.50366,1.001,-0.00393855589527342,0.001
"136,297,410,564,722,900",-0.005,6,6981.66195233054,"135,301,411,564,723,900",-0.00384168931249808,6,6959.58049050955,2,"135,301,411,564,723,900",6,-0.00384168931249808,6958.35487,0.007,-0.00384168931249808,0.007
"426,587",-0.005,2,6984.09668136915,"421,587",-0.00522920794229093,2,6984.06875598881,2,"421,587",2,-0.00522920794229093,6977.38674,0.005,-0.00522920794229093,0.005
"192,437,628,849",-0.005,4,6981.66218603045,"191,437,622,630,649,849",-0.0057162865803731,6,6996.78507362102,7,"191,437,622,849",4,-0.00516998093170442,6979.29124,2.003,-0.0057162865803731,0.007
"158,426,627,852",-0.005,4,6972.81483663601,"158,427,627,852",-0.00479434454012354,4,6975.37298019094,2,"158,427,627,852",4,-0.00479434454012354,6959.11329,0.001,-0.00479434454012354,0.001
"349,670",-0.005,2,6896.03811471733,"348,670",-0.00495386550721549,2,6896.98755791879,2,"348,670",2,-0.00495386550721549,6891.93029,0.001,-0.00495386550721549,0.001
"193,426,746",-0.005,3,6991.70357238464,"193,425,746",-0.0048814421551195,3,6981.56942150305,2,"193,425,746",3,-0.0048814421551195,6981.56702,0.001,-0.0048814421551195,0.001
"273,643,889",-0.005,3,6994.27346213501,"267,275,643,889",-0.00520439355037723,4,7006.9386330513,3,"267,643,889",3,-0.0053748955916556,6989.51233,1.002,-0.00520439355037723,0.006
"122,296,474,645,822",-0.005,5,7017.93683522097,"125,296,476,645,822",-0.00569117949778639,5,7016.4439245426,2,"125,296,476,645,822",5,-0.00569117949778639,7010.92467,0.005,-0.00569117949778639,0.005
"716",-0.005,1,6848.14121834906,"716",-0.00495858010302638,1,6845.24674127733,2,"716",1,-0.00495858010302638,6845.23149,0,-0.00495858010302638,0
"118,229,329,498,621,745,864",-0.005,7,7034.90392816133,"118,228,328,498,621,741,864",-0.00507922686668712,7,7019.82924243954,2,"118,228,328,498,621,741,864",7,-0.00507922686668712,7012.32373,0.006,-0.00507922686668712,0.006
"117,459,589,834",-0.005,4,6996.25197014771,"117,459,590,832",-0.00496393768153093,4,6992.04438712355,2,"117,459,590,832",4,-0.00496393768153093,6991.42453,0.003,-0.00496393768153093,0.003
"140,307,518,735,873",-0.005,5,7024.27550052085,"146,307,518,735,873",-0.00550227990455287,5,7021.73720037956,2,"146,307,518,735,873",5,-0.00550227990455287,7014.7207,0.006,-0.00550227990455287,0.006
"240,396,566,763",-0.005,4,6985.00589871555,"240,397,567,762,777",-0.00564745970534104,5,6991.77118345429,7,"240,397,567,762",4,-0.00526528816898546,6981.15922,1.003,-0.00564745970534104,0.003
"150,312,462,575,679,841",-0.005,6,7080.67361967995,"149,305,463,575,679,841",-0.00396372299269337,6,7067.5161709162,2,"149,305,463,575,679,841",6,-0.00396372299269337,7060.12738,0.009,-0.00396372299269337,0.009
"178,394,640,826",-0.005,4,6957.80012574823,"178,394,640,826",-0.00479655294384796,4,6946.92989204578,2,"178,394,640,826",4,-0.00479655294384796,6946.87708,0,-0.00479655294384796,0
"117,228,328,470,608,739,894",-0.005,7,7060.05167747498,"117,227,327,470,607,739,894",-0.00473877704269513,7,7049.6061584832,2,"117,227,327,470,607,739,894",7,-0.00473877704269513,7041.51855,0.003,-0.00473877704269513,0.003
"662",-0.005,1,6932.63022280412,"662",-0.00516142719599872,1,6931.15579783812,2,"662",1,-0.00516142719599872,6930.95534,0,-0.00516142719599872,0
"114,247,350,503,647,818",-0.005,6,7031.99795569633,"114,247,326,350,478,503,543,647,818",-0.00565831986744309,9,7061.38214982092,8,"114,247,350,503,647,818",6,-0.00495157881249784,7029.83001,3,-0.00565831986744309,0
"118,236,366,503,621,756,895",-0.005,7,7022.30931103845,"116,118,220,236,366,503,624,755,762,892",-0.00663691491973331,10,7042.47491369881,3,"118,236,366,503,624,755,892",7,-0.00644702594174401,7003.115,3.007,-0.00663691491973331,0.007
"267,447,686,801",-0.005,4,6955.23851064062,"267,447,686,801",-0.00474360016404468,4,6958.39573870022,2,"267,447,686,801",4,-0.00474360016404468,6947.23857,0,-0.00474360016404468,0
"157,316,475,575,683,853",-0.005,6,7036.80288663832,"153,316,475,575,683,853",-0.00509422779548406,6,7050.55091850455,2,"153,316,475,575,683,853",6,-0.00509422779548406,7030.67899,0.004,-0.00509422779548406,0.004
"431,775",-0.005,2,6875.48731328927,"431,775",-0.00495449995616307,2,6872.44907739934,2,"431,775",2,-0.00495449995616307,6872.35219,0,-0.00495449995616307,0
"125,280,444,670,811",-0.005,5,6965.18800602676,"125,280,284,444,470,668,811",-0.00525522283559456,7,6991.82971413444,3,"125,280,444,668,811",5,-0.00572308044102143,6959.3041,2.002,-0.00525522283559456,0.002
"575,779",-0.005,2,6895.97533286286,"575,779",-0.00532585552439598,2,6893.60903006282,2,"575,779",2,-0.00532585552439598,6893.46441,0,-0.00532585552439598,0
"185,444,604,798",-0.005,4,7045.26770515744,"185,444,603,797",-0.00514635356263572,4,7033.50274404954,2,"185,444,603,797",4,-0.00514635356263572,7032.16008,0.002,-0.00514635356263572,0.002
"310,614,877",-0.005,3,6968.36826035889,"310,610,877",-0.00509797462175136,3,6960.14842618626,2,"310,610,877",3,-0.00509797462175136,6959.61532,0.004,-0.00509797462175136,0.004
"151,273,429,729",-0.005,4,6969.6065362924,"149,152,273,429,729",-0.00519085449758394,5,6973.25679901365,4,"152,273,429,729",4,-0.00515179323950839,6961.13016,1.001,-0.00519085449758394,0.001
"241,370,610,807",-0.005,4,7031.82907006839,"237,242,370,610,809",-0.0058405777883693,5,7028.37748397182,4,"242,370,610,809",4,-0.00571948889949053,7017.13971,1.003,-0.0058405777883693,0.003
"303",-0.005,1,6904.63158699005,"303",-0.00514597491160204,1,6902.09752612795,2,"303",1,-0.00514597491160204,6901.774,0,-0.00514597491160204,0
"115,255,370,490,603,768,887",-0.005,7,7026.57574704132,"109,116,255,370,375,490,597,603,768,887",-0.00427191722062529,10,7045.89574060925,4,"116,255,375,490,603,768,887",7,-0.00403276350146199,7017.85206,3.001,-0.00427191722062529,0.006
"185,496,607",-0.005,3,7002.9343834161,"185,494,607",-0.00554277777471121,3,6997.01437831037,2,"185,494,607",3,-0.00554277777471121,6995.09361,0.002,-0.00554277777471121,0.002
"316,561",-0.005,2,6961.95449076234,"310,561",-0.00530582777494551,2,6959.9993643593,2,"310,561",2,-0.00530582777494551,6955.9487,0.006,-0.00530582777494551,0.006
"208,353,469,589,745,896",-0.005,6,7014.46528537912,"213,353,471,589,745,896",-0.00541543952474692,6,7016.45153689978,2,"213,353,471,589,745,896",6,-0.00541543952474692,7004.74123,0.007,-0.00541543952474692,0.007
"107,213,347,467,606,730,866",-0.005,7,6963.5612637354,"107,213,346,467,606,730,864",-0.00516955925503783,7,6951.06553210708,2,"107,213,346,467,606,730,864",7,-0.00516955925503783,6950.30625,0.003,-0.00516955925503783,0.003
"299,590,694",-0.005,3,6917.70720824939,"299,589,694",-0.00465306865019118,3,6918.44471387585,2,"299,589,694",3,-0.00465306865019118,6914.75388,0.001,-0.00465306865019118,0.001
"496",-0.005,1,7018.42362257176,"494",-0.00488849117382187,1,7014.97036531716,2,"494",1,-0.00488849117382187,7014.93566,0.002,-0.00488849117382187,0.002
"591",-0.005,1,6939.70434838215,"592",-0.00483975742504304,1,6933.0176328736,2,"592",1,-0.00483975742504304,6933.01161,0.001,-0.00483975742504304,0.001
"203,344,501,737",-0.005,4,6935.1173330281,"172,204,344,501,737",-0.00546581916837042,5,6932.59744204015,3,"204,344,501,737",4,-0.0050482773805705,6927.58772,1.001,-0.00546581916837042,0.001
"165,280,536,834",-0.005,4,6953.54688132035,"165,280,536,834",-0.0050387161641859,4,6951.73517171986,2,"165,280,536,834",4,-0.0050387161641859,6951.34349,0,-0.0050387161641859,0
"152,281,381,528,632,766,872",-0.005,7,6902.18757161443,"151,281,379,527,632,766,871",-0.00559740710666117,7,6877.77830248232,2,"151,281,379,527,632,766,871",7,-0.00559740710666117,6873.62536,0.005,-0.00559740710666117,0.005
"251,448,565,712",-0.005,4,6980.5694128853,"251,448,516,566,712",-0.00421722436653412,5,6988.89513228746,3,"251,448,566,712",4,-0.00439411241035359,6973.73847,1.001,-0.00421722436653412,0.001
"237,475,669,868",-0.005,4,6996.25632093819,"237,475,669,865,868",-0.00390070153784959,5,7008.44312940679,3,"237,475,669,868",4,-0.00382853601537994,6989.78788,1,-0.00390070153784959,0
"268,723",-0.005,2,6903.48827247246,"268,722",-0.0049596671245551,2,6899.86079722393,2,"268,722",2,-0.0049596671245551,6899.64128,0.001,-0.0049596671245551,0.001
"335,675",-0.005,2,6888.24402341774,"337,674",-0.00464361265357844,2,6877.03623541301,2,"337,674",2,-0.00464361265357844,6876.65219,0.003,-0.00464361265357844,0.003
"375,525,672,892",-0.005,4,6945.02543371558,"375,525,672,892",-0.00501720178950818,4,6943.32110972859,2,"375,525,672,892",4,-0.00501720178950818,6942.21741,0,-0.00501720178950818,0
"740",-0.005,1,6895.9039705453,"733,746",-0.00479009557464573,2,6906.26895207346,2,"733,746",2,-0.00479009557464573,6901.70266,1.006,-0.00479009557464573,1.006
"137,248,376,497,607,755,888",-0.005,7,7004.8607691011,"137,247,376,497,607,715,750,888",-0.00555284946407187,8,6996.42209620241,3,"137,247,376,497,607,750,888",7,-0.00513966437819374,6981.37131,1.006,-0.00555284946407187,0.006
"133,350,566,769",-0.005,4,6985.43051255174,"132,345,350,566,769",-0.00556688433500327,5,6988.05072340702,3,"132,350,566,769",4,-0.00566425243536409,6976.25826,1.001,-0.00556688433500327,0.001
"207,432,698,837",-0.005,4,7018.52336101408,"198,209,432,436,696,837",-0.00507455800554909,6,7030.83977052414,4,"209,436,696,837",4,-0.00522089119013106,7012.51172,2.004,-0.00507455800554909,0.008
"325,570,806",-0.005,3,6896.36808334985,"325,570,806",-0.0054838747296068,3,6898.05298597981,2,"325,570,806",3,-0.0054838747296068,6890.57636,0,-0.0054838747296068,0
"204,368,570,754,876",-0.005,5,6938.78746531679,"204,368,570,754,756,876",-0.00497543984208189,6,6944.10655479603,3,"204,368,570,756,876",5,-0.00505930031754611,6933.17946,1,-0.00497543984208189,0.002
"192,330,481,689,901",-0.005,5,6921.60145783581,"192,330,481,688,901",-0.00495165860340747,5,6914.4855850189,2,"192,330,481,688,901",5,-0.00495165860340747,6908.96164,0.001,-0.00495165860340747,0.001
"195,311,541,749",-0.005,4,6832.68886756596,"195,311,541,603,748,749",-0.00425616871155624,6,6838.90033234218,3,"195,311,541,749",4,-0.00483074213607887,6823.07159,2,-0.00425616871155624,0
"141,335,535,692,843",-0.005,5,7047.71939283509,"141,336,517,534,690,694,843",-0.00401926041235168,7,7062.7239434654,3,"141,336,534,694,843",5,-0.0038720960090809,7041.89681,2.004,-0.00401926041235168,0.004
"331,588,767",-0.005,3,6898.64666226767,"331,588,766",-0.00551803200138939,3,6893.1600869061,2,"331,588,766",3,-0.00551803200138939,6892.56731,0.001,-0.00551803200138939,0.001
"113,220,361,511,626,757,863",-0.005,7,6990.14995007682,"113,220,361,506,513,627,756,862",-0.00462227308262316,8,6988.27299891695,2,"113,220,361,506,513,627,756,862",8,-0.00462227308262316,6984.64127,1.005,-0.00462227308262316,1.005
"211,340,504,728,888",-0.005,5,6938.88494059299,"101,211,334,342,504,661,728,734,889",-0.00625300583529361,9,6968.24047366708,3,"211,342,504,728,889",5,-0.00450546465310715,6930.57057,4.003,-0.00625300583529361,0.003
"133,257,399,508,635,780,892",-0.005,7,7078.82093164818,"507,780,892,914",-0.0164268892148688,4,7207.20928563531,2,"507,780,892,914",4,-0.0164268892148688,7192.00616,3.242,-0.0164268892148688,3.242
"360,684",-0.005,2,6949.39659702536,"365,684",-0.0046470147036126,2,6950.84733176937,2,"365,684",2,-0.0046470147036126,6944.04307,0.005,-0.0046470147036126,0.005
"179,288,520,734,867",-0.005,5,6953.55868771161,"179,288,520,734,867",-0.00532691286978187,5,6954.3455021147,2,"179,288,520,734,867",5,-0.00532691286978187,6948.17743,0,-0.00532691286978187,0
"259,670",-0.005,2,6873.96760792916,"259,670",-0.00515927744638112,2,6868.4410436281,2,"259,670",2,-0.00515927744638112,6867.28865,0,-0.00515927744638112,0
"624",-0.005,1,6951.55176745641,"624",-0.0051884817096213,1,6949.8878731779,2,"624",1,-0.0051884817096213,6949.62807,0,-0.0051884817096213,0
"114,241,370,498,639,762,894",-0.005,7,7061.48434461218,"112,238,370,498,639,762,894",-0.00610062612483235,7,7050.30104598812,2,"112,238,370,498,639,762,894",7,-0.00610062612483235,7049.17885,0.005,-0.00610062612483235,0.005
"140,260,377,604,803",-0.005,5,7050.66176873003,"140,260,377,603,801",-0.00571134696871007,5,7036.66998876414,2,"140,260,377,603,801",5,-0.00571134696871007,7036.43901,0.003,-0.00571134696871007,0.003
"139,240,353,497,611,759,861",-0.005,7,6987.73452884122,"139,240,353,497,611,757,759,813,862",-0.00698976041436574,9,6992.93857543319,3,"139,240,353,497,611,757,813,862",8,-0.00696320954605626,6976.73261,2.001,-0.00698976041436574,1.003
"546",-0.005,1,6925.51429467831,"546",-0.00501008092347648,1,6924.98483746133,2,"546",1,-0.00501008092347648,6924.98427,0,-0.00501008092347648,0
"123,488,766",-0.005,3,6939.9869718581,"123,488,766",-0.00484945264517459,3,6939.93040454678,2,"123,488,766",3,-0.00484945264517459,6939.41416,0,-0.00484945264517459,0
"132,262,544,780",-0.005,4,6956.46606071238,"131,262,543,771,781",-0.00485100623164757,5,6954.57722413465,3,"131,262,543,781",4,-0.00507628464273518,6942.98258,1.003,-0.00485100623164757,0.003
"199,318,473,586,829",-0.005,5,6916.22287068807,"199,318,473,586,825,832",-0.00643798180378921,6,6917.40961526536,3,"199,318,473,586,832",5,-0.00611896193498941,6903.59986,1.003,-0.00643798180378921,0.003
"115,310,643",-0.005,3,7020.56490600813,"115,310,642",-0.00485706357474805,3,7010.81761332819,2,"115,310,642",3,-0.00485706357474805,7010.16711,0.001,-0.00485706357474805,0.001
"132,269,393,501,632,758,880",-0.005,7,6970.05688334898,"133,270,285,393,502,632,643,757,882",-0.00434357023280238,9,6977.18465182632,5,"133,270,393,502,632,757,882",7,-0.00416720636039555,6958.8367,2.006,-0.00434357023280238,0.006
"146,268,370,536,665,779,900",-0.005,7,6936.08539774587,"146,268,371,536,665,779,902",-0.00331580770390434,7,6906.61317125363,2,"146,268,371,536,665,779,902",7,-0.00331580770390434,6903.94842,0.003,-0.00331580770390434,0.003
"107,230,366,478,588,714,842",-0.005,7,7088.93023257289,"108,230,365,480,585,714,721,842,868",-0.00390631323950206,9,7083.79019668571,3,"108,230,365,480,585,714,842",7,-0.00530373244641095,7064.92312,2.007,-0.00390631323950206,0.007
"406,587",-0.005,2,6916.31888628348,"405,587",-0.0049455022219686,2,6916.78880735415,2,"405,587",2,-0.0049455022219686,6915.38293,0.001,-0.0049455022219686,0.001
"352,697",-0.005,2,6897.70733105322,"352,699",-0.0049445587085245,2,6894.29363604905,2,"352,699",2,-0.0049445587085245,6894.14884,0.002,-0.0049445587085245,0.002
"106,268,429,596,734,836",-0.005,6,7024.92071879632,"106,112,267,433,596,598,734,836",-0.00484821693143339,8,7045.84122037699,3,"106,267,433,598,734,836",6,-0.0047210477051758,7015.82321,2.005,-0.00484821693143339,0.007
"493,850",-0.005,2,6948.91931817801,"493,850",-0.00542382716061086,2,6947.39371191311,2,"493,850",2,-0.00542382716061086,6942.80425,0,-0.00542382716061086,0
"166,576",-0.005,2,6900.69470795985,"166,575,576",-0.00496090785534645,3,6913.33159530985,3,"166,575",2,-0.00497500751213943,6899.82753,1,-0.00496090785534645,0.001
"118,497,768",-0.005,3,6949.56714828142,"118,497,768",-0.00531675120594334,3,6942.7476521677,2,"118,497,768",3,-0.00531675120594334,6942.66089,0,-0.00531675120594334,0
"112,332,549,695,796",-0.005,5,7066.95044477525,"112,333,550,695,796",-0.0049478043245278,5,7081.72739150034,2,"112,333,550,695,796",5,-0.0049478043245278,7061.07324,0.002,-0.0049478043245278,0.002
"256,494,650,790",-0.005,4,6937.23275515859,"230,250,258,494,650,790",-0.00574805298396415,6,6951.9444634476,3,"258,494,650,790",4,-0.00521118821882692,6934.73464,2.002,-0.00574805298396415,0.002
"209,404,618",-0.005,3,6975.78850844818,"210,405,618",-0.00464917971948438,3,6973.51625035201,2,"210,405,618",3,-0.00464917971948438,6971.85927,0.002,-0.00464917971948438,0.002
"129,555,739",-0.005,3,6902.71633846143,"129,555,581,739",-0.00494118146277506,4,6908.40975342418,3,"129,555,739",3,-0.0047665954036001,6899.78368,1,-0.00494118146277506,0
"142,261,456,597,704,807",-0.005,6,7043.75247068431,"142,261,456,457,596,704,806",-0.00564732495416031,7,7060.70504478302,3,"142,261,457,596,704,806",6,-0.00559572191097716,7037.12717,1.002,-0.00564732495416031,0.003
"224,369,592,710,855",-0.005,5,6972.38172959207,"222,372,592,705,855",-0.00447146530283312,5,6950.80145180805,2,"222,372,592,705,855",5,-0.00447146530283312,6948.95249,0.01,-0.00447146530283312,0.01
"115,265,399,534,656,757,889",-0.005,7,7022.72849822049,"115,265,290,399,534,656,757,889",-0.00550914352037664,8,7029.96009877199,3,"115,265,399,534,656,757,889",7,-0.00480386615336474,7012.95034,1,-0.00550914352037664,0
"648",-0.005,1,6869.79631385886,"648",-0.00500940728162274,1,6867.01103215774,2,"648",1,-0.00500940728162274,6866.9941,0,-0.00500940728162274,0
"384,680",-0.005,2,6943.24498268865,"384,681",-0.005356116222233,2,6939.08656076882,2,"384,681",2,-0.005356116222233,6939.04345,0.001,-0.005356116222233,0.001
"248,519,733",-0.005,3,6946.19266474397,"242,246,248,519,733",-0.00465904054291293,5,6969.68258291842,3,"248,519,733",3,-0.00452449767749513,6943.1992,2,-0.00465904054291293,0
"389",-0.005,1,6995.68802719786,"389",-0.00490408047594029,1,6994.48841068218,2,"389",1,-0.00490408047594029,6994.4884,0,-0.00490408047594029,0
"436,687",-0.005,2,6910.75351505362,"435,686,711",-0.00467996374475721,3,6913.30971114246,3,"435,686",2,-0.00453232334912947,6901.77196,1.002,-0.00467996374475721,0.002
"133,327,569,769,884",-0.005,5,7054.10051458969,"128,135,327,569,769,884",-0.00435583436960204,6,7061.64799866683,3,"135,327,569,769,884",5,-0.00446291815983807,7045.8849,1.002,-0.00435583436960204,0.002
"474",-0.005,1,6887.19799092923,"474",-0.00490977106332927,1,6884.30243711701,2,"474",1,-0.00490977106332927,6884.29731,0,-0.00490977106332927,0
"235,385,546,691,819",-0.005,5,7075.27508741221,"235,385,543,546,691,820",-0.00520107030105998,6,7081.42966621025,3,"235,385,546,691,820",5,-0.00509473476783795,7069.92747,1.001,-0.00520107030105998,0.001
"262,471,595,759",-0.005,4,6985.91887097904,"261,471,595,759",-0.00543489298990186,4,6983.27522703964,2,"261,471,595,759",4,-0.00543489298990186,6983.19862,0.001,-0.00543489298990186,0.001
"622",-0.005,1,6937.6546097123,"621",-0.00496477202876743,1,6935.2678700769,2,"621",1,-0.00496477202876743,6935.20833,0.001,-0.00496477202876743,0.001
"140,258,380,530,669,788,899",-0.005,7,6990.39769279813,"139,258,380,528,669,780,788,899",-0.00529504091110763,8,6985.13877366441,3,"139,258,380,528,669,780,899",7,-0.00499291927433574,6968.15178,1.003,-0.00529504091110763,0.011
"117,304,528,744",-0.005,4,7031.24509253721,"117,304,528,746",-0.00488968920640821,4,7019.18756688237,2,"117,304,528,746",4,-0.00488968920640821,7017.74961,0.002,-0.00488968920640821,0.002
"191,412,590,817",-0.005,4,6955.29405694822,"193,413,589,606,817",-0.00419617937113093,5,6956.04452353352,3,"193,413,589,817",4,-0.00452796511924712,6946.88353,1.004,-0.00419617937113093,0.004
"150,278,437,645,762,894",-0.005,6,6962.8276313023,"150,278,434,644,763,895",-0.00481899202226799,6,6955.47133947901,2,"150,278,434,644,763,895",6,-0.00481899202226799,6943.28637,0.006,-0.00481899202226799,0.006
"542",-0.005,1,6993.60823208372,"542",-0.00498902526530932,1,6991.53467417022,2,"542",1,-0.00498902526530932,6991.51947,0,-0.00498902526530932,0
"275,575,739",-0.005,3,7013.59376521861,"275,570,740",-0.00509267477510183,3,7010.53070059155,2,"275,570,740",3,-0.00509267477510183,7006.01559,0.006,-0.00509267477510183,0.006
"148,289,449,573,674,836",-0.005,6,7060.63094438299,"147,287,450,573,674,800,836",-0.00417578508004644,7,7068.71862342423,3,"147,287,450,573,674,836",6,-0.00488499593112999,7056.48145,1.004,-0.00417578508004644,0.004
"190,366,477,612,719,832",-0.005,6,6898.19632818346,"190,363,477,478,612,719,832",-0.00336900863868414,7,6899.99398740182,3,"190,363,478,612,719,832",6,-0.00340894920861883,6886.36885,1.003,-0.00336900863868414,0.004
"135,285,433,564,715,860",-0.005,6,6938.32760589952,"137,286,432,564,716,859,860",-0.00547350043454022,7,6948.26250267393,3,"137,286,432,564,716,859",6,-0.00541617925181321,6919.46791,1.005,-0.00547350043454022,0.006
"114,362,890",-0.005,3,6940.25674695661,"114,365,890",-0.00526867694709251,3,6938.70612271764,2,"114,365,890",3,-0.00526867694709251,6930.89587,0.003,-0.00526867694709251,0.003
"104,237,366,478,618,751,887",-0.005,7,7038.95404008555,"104,236,366,479,618,751,887",-0.0055739673205961,7,7033.48267762843,2,"104,236,366,479,618,751,887",7,-0.0055739673205961,7030.55681,0.002,-0.0055739673205961,0.002
"215,436,556,779",-0.005,4,7022.9233525232,"208,436,556,779",-0.0056648131335921,4,7012.33705592026,2,"208,436,556,779",4,-0.0056648131335921,7010.85899,0.007,-0.0056648131335921,0.007
"344,615",-0.005,2,6966.3122553676,"344,613,615",-0.00515118093266027,3,6974.7436213553,3,"344,615",2,-0.0051807252900817,6962.78987,1,-0.00515118093266027,0
"153,332,485,617,721,854",-0.005,6,6950.28669442152,"152,332,485,617,721,854",-0.00577105396334348,6,6949.48378950861,2,"152,332,485,617,721,854",6,-0.00577105396334348,6944.38589,0.001,-0.00577105396334348,0.001
"272",-0.005,1,6898.26811293627,"272",-0.00487449560001906,1,6894.09782783725,2,"272",1,-0.00487449560001906,6894.09656,0,-0.00487449560001906,0
"136,262,386,522,624,737,864",-0.005,7,7107.6023162118,"141,262,386,522,624,735,756,861",-0.00368650924872798,8,7089.20707714855,4,"141,262,386,522,624,735,861",7,-0.00427412985566275,7077.91596,1.01,-0.00368650924872798,0.01
"390",-0.005,1,7008.44454438627,"390",-0.0048960020053633,1,7014.24422155475,2,"390",1,-0.0048960020053633,7007.01404,0,-0.0048960020053633,0
"191,401,687,828",-0.005,4,6994.68195339689,"191,401,687,828",-0.00424276466528057,4,6987.08885291842,2,"191,401,687,828",4,-0.00424276466528057,6985.30324,0,-0.00424276466528057,0
"360",-0.005,1,6887.28203288099,"362",-0.00508182681981873,1,6879.28593908578,2,"362",1,-0.00508182681981873,6879.28586,0.002,-0.00508182681981873,0.002
"180,290,400,567,717,867",-0.005,6,7010.37251049919,"180,290,404,567,717,867",-0.00380593925778893,6,7007.89554200784,2,"180,290,404,567,717,867",6,-0.00380593925778893,7005.87822,0.004,-0.00380593925778893,0.004
"103,260,450,620,807",-0.005,5,7054.70098739659,"103,104,260,450,622,807",-0.00403755245516558,6,7069.07284184016,3,"103,260,450,622,807",5,-0.00406267851039867,7046.99283,1.002,-0.00403755245516558,0.002
"333",-0.005,1,6915.70387502092,"333",-0.00522408388917341,1,6913.30313825212,2,"333",1,-0.00522408388917341,6913.27595,0,-0.00522408388917341,0
"362,843",-0.005,2,6965.89797649031,"362,843",-0.00494029575349148,2,6956.56142052748,2,"362,843",2,-0.00494029575349148,6956.00052,0,-0.00494029575349148,0
"163,287,438,573,692,835",-0.005,6,6950.44874625309,"163,286,438,574,692,822,835",-0.005047708992247,7,6940.011238553,3,"163,286,438,574,692,835",6,-0.00468639341377563,6931.50987,1.002,-0.005047708992247,0.002
"370,570",-0.005,2,6940.08650383296,"371,570",-0.00543989825002855,2,6937.3304087431,2,"371,570",2,-0.00543989825002855,6936.77012,0.001,-0.00543989825002855,0.001
"110,226,347,497,616,760,899",-0.005,7,6956.00065714739,"110,226,346,500,616,756,760,899",-0.00401426746861754,8,6958.46047840103,3,"110,226,346,500,616,760,899",7,-0.00421884630297742,6936.60507,1.004,-0.00401426746861754,0.004
"299,664",-0.005,2,6967.79313335877,"299,667",-0.00526994933427036,2,6957.81592132316,2,"299,667",2,-0.00526994933427036,6957.06121,0.003,-0.00526994933427036,0.003
"173,291,435,567,713,896",-0.005,6,7009.72477280052,"173,290,436,567,677,714,896",-0.00530550068102035,7,7005.93004673151,3,"173,290,436,567,714,896",6,-0.00469382059127797,6997.02858,1.003,-0.00530550068102035,0.003
"162,329,498,648,798",-0.005,5,7036.15772454088,"162,163,328,498,522,648,798",-0.00471483242294089,7,7054.45372023065,3,"163,328,498,648,798",5,-0.00496707664646706,7028.41501,2.001,-0.00471483242294089,0.002
"124,291,433,615,796",-0.005,5,6969.78871813643,"123,127,291,432,615,796",-0.00438206604130627,6,6981.62562703122,3,"123,291,432,615,796",5,-0.00448700505839852,6965.20207,1.002,-0.00438206604130627,0.002
"244,452,641,796",-0.005,4,6864.08855210205,"244,453,641,796",-0.00488372462976607,4,6854.8500623237,2,"244,453,641,796",4,-0.00488372462976607,6854.20013,0.001,-0.00488372462976607,0.001
"273",-0.005,1,6900.471398487,"273",-0.00511465635793925,1,6899.32647769715,2,"273",1,-0.00511465635793925,6899.30863,0,-0.00511465635793925,0
"126,253,390,523,661,761,895",-0.005,7,7059.68612019935,"126,253,390,523,660,762,894",-0.00492681175738741,7,7055.30904777164,2,"126,253,390,523,660,762,894",7,-0.00492681175738741,7048.76562,0.003,-0.00492681175738741,0.003
"248,581",-0.005,2,6873.92814021466,"248,587",-0.00495851738562846,2,6867.06867058901,2,"248,587",2,-0.00495851738562846,6866.47751,0.006,-0.00495851738562846,0.006
"113,242,382,501,622,735,869",-0.005,7,6988.71572426942,"113,241,382,501,625,736,869",-0.00549155757320924,7,6978.19740056024,2,"113,241,382,501,625,736,869",7,-0.00549155757320924,6975.86759,0.005,-0.00549155757320924,0.005
"179,360,495,702,851",-0.005,5,6981.04410274992,"179,358,495,701,851",-0.00470379884600766,5,6973.65227647858,2,"179,358,495,701,851",5,-0.00470379884600766,6971.74807,0.003,-0.00470379884600766,0.003
"115,315,496,694,815",-0.005,5,6945.44523203702,"116,315,496,693,815",-0.0054686267811279,5,6938.68488203846,2,"116,315,496,693,815",5,-0.0054686267811279,6937.14192,0.002,-0.0054686267811279,0.002
"488",-0.005,1,6982.35970942115,"488",-0.00489611996546112,1,6981.76356921509,2,"488",1,-0.00489611996546112,6981.68233,0,-0.00489611996546112,0
"105,240,363,471,596,731,862",-0.005,7,6944.80216668132,"106,240,363,471,595,731,862",-0.00568497439467752,7,6937.10169786103,2,"106,240,363,471,595,731,862",7,-0.00568497439467752,6928.80102,0.002,-0.00568497439467752,0.002
"141,289,443,589,725,860",-0.005,6,7015.51470956304,"141,289,443,589,726,860",-0.00460443628524468,6,7033.77492365068,2,"141,289,443,589,726,860",6,-0.00460443628524468,7010.79363,0.001,-0.00460443628524468,0.001
"256,375,649,804",-0.005,4,7028.57921110878,"256,375,649,803",-0.00494963135813383,4,7024.33705954652,2,"256,375,649,803",4,-0.00494963135813383,7024.2677,0.001,-0.00494963135813383,0.001
"365,547",-0.005,2,6922.28547434444,"365,548",-0.00486446285427396,2,6917.76949305248,2,"365,548",2,-0.00486446285427396,6917.72816,0.001,-0.00486446285427396,0.001
"164,313,465,568,668,827",-0.005,6,7032.65117032138,"164,313,465,568,670,827",-0.00425036363505874,6,7019.00356188488,2,"164,313,465,568,670,827",6,-0.00425036363505874,7016.06559,0.002,-0.00425036363505874,0.002
"323,552,674,813",-0.005,4,6993.71985208465,"72,187,324,552,672,677,680,813",-0.0059997972381419,8,7034.1095151405,10,"324,552,680,813",4,-0.00522074174824316,6989.08479,4.003,-0.0059997972381419,0.007
"328,540",-0.005,2,6958.73242447252,"328,539",-0.00492091603330822,2,6954.74648594508,2,"328,539",2,-0.00492091603330822,6954.17952,0.001,-0.00492091603330822,0.001
"116,271,394,529,685,831",-0.005,6,7012.35249920156,"116,271,393,531,686,831",-0.00479574565172354,6,6999.32709006839,2,"116,271,393,531,686,831",6,-0.00479574565172354,6997.6433,0.004,-0.00479574565172354,0.004
"139,269,400,529,640,763,896",-0.005,7,7002.35783353203,"59,93,139,179,269,400,528,640,763",-0.0118871255430447,9,7078.87581902884,3,"59,139,269,400,528,640,763",7,-0.0113779622930575,7054.63006,2.718,-0.0118871255430447,0.838
"113,279,446,590,728,832",-0.005,6,7027.14332330239,"99,116,446,591,728,821",0.0016732348375031,6,7070.39767610826,2,"99,116,446,591,728,821",6,0.0016732348375031,7067.02498,0.189,0.0016732348375031,0.189
"102,219,351,473,605,750,893",-0.005,7,7015.8910810957,"101,219,351,473,605,751,894",-0.00546814899546761,7,7002.8264448872,2,"101,219,351,473,605,751,894",7,-0.00546814899546761,6998.38471,0.003,-0.00546814899546761,0.003
"176,355,493,610,795",-0.005,5,6934.20314815906,"176,355,493,610,796",-0.00424185423770483,5,6930.50157938623,2,"176,355,493,610,796",5,-0.00424185423770483,6926.54104,0.001,-0.00424185423770483,0.001
"162,314,424,542,702,858",-0.005,6,7033.18720910449,"162,315,424,540,703,858,865",-0.00503499856965349,7,7041.11893477413,3,"162,315,424,540,703,858",6,-0.00525266812798909,7022.14301,1.004,-0.00503499856965349,0.004
"173,329,534,654,860",-0.005,5,7007.32569509787,"173,330,534,541,653,860",-0.00523719754652888,6,7009.20306338015,8,"173,330,534,653,860",5,-0.00540324976169079,7000.09971,1.002,-0.00523719754652888,0.002
"103,245,350,479,619,755,900",-0.005,7,7042.11955082979,"105,245,350,479,619,755,900",-0.00435915838202402,7,7032.84197658584,2,"105,245,350,479,619,755,900",7,-0.00435915838202402,7027.86074,0.002,-0.00435915838202402,0.002
"388,619",-0.005,2,6946.34193405,"389,620",-0.00528097412482155,2,6939.35569135619,2,"389,620",2,-0.00528097412482155,6939.05634,0.002,-0.00528097412482155,0.002
"275",-0.005,1,6977.8942616985,"272",-0.00473473522568548,1,6972.19641238448,2,"272",1,-0.00473473522568548,6971.93361,0.003,-0.00473473522568548,0.003
"141,435,575,724",-0.005,4,7009.60449199401,"141,436,575,723",-0.00515531582786001,4,7007.59418279893,2,"141,436,575,723",4,-0.00515531582786001,7005.20802,0.002,-0.00515531582786001,0.002
"274,445,653,799",-0.005,4,6930.22259553748,"274,446,653,800",-0.00471634968598386,4,6915.86112502541,2,"274,446,653,800",4,-0.00471634968598386,6915.82307,0.002,-0.00471634968598386,0.002
"178,355,567,700,876",-0.005,5,7041.78021651292,"177,178,354,567,700,876",-0.00527088027858395,6,7040.46234639345,3,"177,354,567,700,876",5,-0.00521708144494626,7027.97718,1.001,-0.00527088027858395,0.002
"379,483,636,780",-0.005,4,6981.32990115666,"379,483,636,783",-0.00529317405265247,4,6969.03723290209,2,"379,483,636,783",4,-0.00529317405265247,6966.01239,0.003,-0.00529317405265247,0.003
"169,347,536,713,867",-0.005,5,6994.98953291098,"169,347,535,709,719,852,867",-0.00497694897024735,7,7003.3180592451,8,"169,347,535,709,719,867",6,-0.00465658857281597,6993.41056,2.005,-0.00497694897024735,1.005
"137,278,427,531,679,781,894",-0.005,7,7059.5295522077,"137,277,427,531,679,788,894",-0.0057682781172015,7,7052.6221333784,2,"137,277,427,531,679,788,894",7,-0.0057682781172015,7050.34639,0.008,-0.0057682781172015,0.008
"275,434,556,727",-0.005,4,7011.29417134814,"273,434,556,727",-0.0054416358458114,4,7013.93837037414,2,"273,434,556,727",4,-0.0054416358458114,7007.48515,0.002,-0.0054416358458114,0.002
"115,224,358,494,614,744,881",-0.005,7,6977.74443558746,"116,223,356,493,501,614,744,881",-0.00433681852765202,8,6972.58581357685,2,"116,223,356,493,501,614,744,881",8,-0.00433681852765202,6970.43458,1.005,-0.00433681852765202,1.005
"137,302,485,622,783,896",-0.005,6,7033.15717913281,"137,302,486,622,783,896",-0.0041547409111686,6,7030.40624309514,2,"137,302,486,622,783,896",6,-0.0041547409111686,7024.07719,0.001,-0.0041547409111686,0.001
"115,254,435,585,728,871",-0.005,6,6970.53278261086,"116,254,359,435,588,728,871",-0.00525737686733066,7,6965.44085943364,3,"116,254,435,588,728,871",6,-0.00433143016180327,6955.9178,1.004,-0.00525737686733066,0.004
"284,429,684",-0.005,3,6924.83790244426,"288,429,684",-0.00540618511307057,3,6916.41898671647,2,"288,429,684",3,-0.00540618511307057,6916.19026,0.004,-0.00540618511307057,0.004
"497",-0.005,1,6938.52977768158,"496",-0.00496338153154379,1,6932.31763357539,2,"496",1,-0.00496338153154379,6932.31014,0.001,-0.00496338153154379,0.001
"172,319,436,566,715,897",-0.005,6,6960.16535485826,"170,319,434,438,564,708,897",-0.00511123883301065,7,6968.96367262837,5,"170,319,438,564,708,897",6,-0.00522782178452486,6949.12925,1.013,-0.00511123883301065,0.013
"254,373,651",-0.005,3,6964.71323401893,"252,372,651",-0.004884496766288,3,6962.49792422528,2,"252,372,651",3,-0.004884496766288,6959.72597,0.003,-0.004884496766288,0.003
"184,392,536,694,870",-0.005,5,7052.63110607479,"183,392,532,538,694,870",-0.00375798573609197,6,7050.54451436994,3,"183,392,532,694,870",5,-0.0036455374911154,7037.51669,1.003,-0.00375798573609197,0.005
"382,607,777,882",-0.005,4,7013.09667242923,"382,607,813,874,885",-0.00519383106449091,5,7020.64415350205,3,"382,607,813,885",4,-0.00523499721508798,6997.59302,1.039,-0.00519383106449091,0.039
"254",-0.005,1,6924.37746386957,"255",-0.00462929532726189,1,6911.00348755816,2,"255",1,-0.00462929532726189,6911.00315,0.001,-0.00462929532726189,0.001
"140,294,482,598,766,893",-0.005,6,6967.84490958618,"139,276,294,477,482,598,766,893",-0.00529249402097912,8,6979.56981652932,4,"139,294,477,598,766,893",6,-0.00566997288771628,6957.98901,2.001,-0.00529249402097912,0.006
"276,467,702,894",-0.005,4,7023.10210407104,"274,467,701,888",-0.00488908008316952,4,7027.39000776561,2,"274,467,701,888",4,-0.00488908008316952,7022.71342,0.009,-0.00488908008316952,0.009
"591",-0.005,1,6935.44652892119,"591",-0.00518146039818646,1,6934.43931304435,2,"591",1,-0.00518146039818646,6934.41776,0,-0.00518146039818646,0
"142,278,386,489,603,740,867",-0.005,7,6971.29531858954,"135,142,277,386,489,603,606,742,854,867,906",-0.00558519603296412,11,6980.93345045608,5,"142,277,386,489,603,742,867",7,-0.00448707125869384,6951.36562,4.003,-0.00558519603296412,0.003
"287,441,548,759",-0.005,4,6921.32285435655,"286,441,547,553,750,759",-0.0045372660871776,6,6927.57661447616,5,"286,441,547,759",4,-0.00459089102659444,6915.50915,2.002,-0.0045372660871776,0.002
"202,306,478,640,746,887",-0.005,6,7044.54274273588,"202,306,478,640,748,887",-0.00591673848147802,6,7040.67017031468,2,"202,306,478,640,748,887",6,-0.00591673848147802,7036.73637,0.002,-0.00591673848147802,0.002
"316,456",-0.005,2,6951.8665680961,"306,316,457,460",-0.00480401337905633,4,6973.43322247318,3,"316,457",2,-0.00484222683672548,6950.75816,2.001,-0.00480401337905633,0.001
"211,346,609,776",-0.005,4,6989.94795821864,"211,346,609,776",-0.00458726902342183,4,6985.71540591841,2,"211,346,609,776",4,-0.00458726902342183,6985.4174,0,-0.00458726902342183,0
"125,267,397,540,646,785,897",-0.005,7,6972.54533182666,"28,127,267,396,542,646,785,894,897",-0.00559931729257859,9,6957.26988280004,3,"127,267,396,542,646,785,894",7,-0.00495427534310955,6939.69818,2.005,-0.00559931729257859,0.008
"479",-0.005,1,6938.43685786721,"479",-0.00526639597276771,1,6935.81641870293,2,"479",1,-0.00526639597276771,6935.79948,0,-0.00526639597276771,0
"165,272,433,583,709,853",-0.005,6,7034.32634107987,"165,272,432,583,590,709,853",-0.00518386726298456,7,7034.88024451601,9,"165,272,432,590,709,853",6,-0.0054590087330539,7025.62746,1.001,-0.00518386726298456,0.008
"164,436,703",-0.005,3,7017.72862040145,"164,434,704",-0.00461628057177224,3,7003.08480808683,2,"164,434,704",3,-0.00461628057177224,7002.97666,0.003,-0.00461628057177224,0.003
"225,483,624,796",-0.005,4,6941.65614816584,"225,483,624,794",-0.00508318465665051,4,6933.59784883767,2,"225,483,624,794",4,-0.00508318465665051,6931.89686,0.002,-0.00508318465665051,0.002
"137,273,391,553,700,870",-0.005,6,6979.26297793346,"138,273,391,552,553,700,871",-0.00489974005795291,7,6976.31214860043,3,"138,273,391,552,700,871",6,-0.00485763630290654,6961.76904,1.002,-0.00489974005795291,0.003
"153,265,503,638,808",-0.005,5,6972.37018605863,"154,265,266,503,638,808",-0.00362565130278864,6,6976.07774981265,3,"154,266,503,638,808",5,-0.00364654816637475,6962.66001,1.001,-0.00362565130278864,0.002
"229,461,743",-0.005,3,7036.69587509748,"228,461,743",-0.00459706553110908,3,7039.7734645132,2,"228,461,743",3,-0.00459706553110908,7029.65519,0.001,-0.00459706553110908,0.001
"588,788",-0.005,2,6930.5034234421,"583,588,788",-0.00481203127998154,3,6942.02753711058,3,"583,788",2,-0.00483764093087762,6931.58085,1,-0.00481203127998154,0.005
"279,621,789,891",-0.005,4,6921.74893123697,"280,622,789,891,898",-0.00475731325535502,5,6925.29437345564,3,"280,622,789,891",4,-0.00470426826102639,6916.05363,1.002,-0.00475731325535502,0.002
"500",-0.005,1,6993.51064226959,"499",-0.0049545720048246,1,6988.06430470435,1,"499",1,-0.0049545720048246,6988.0643,0.001,-0.0049545720048246,0.001
"236,428,539,697",-0.005,4,6892.96628529457,"236,427,541,697",-0.0056292388783416,4,6885.35095927293,2,"236,427,541,697",4,-0.0056292388783416,6883.80555,0.003,-0.0056292388783416,0.003
"733",-0.005,1,6979.72010832881,"733",-0.00510255894543103,1,6979.1822717301,1,"733",1,-0.00510255894543103,6979.18227,0,-0.00510255894543103,0
"123,275,404,578,742,887",-0.005,6,7079.85447253008,"123,275,404,579,742,887",-0.0047015764285197,6,7078.85650056291,2,"123,275,404,579,742,887",6,-0.0047015764285197,7074.85785,0.001,-0.0047015764285197,0.001
"178,401,562,792",-0.005,4,6937.5718846061,"177,188,402,562,791",-0.00514134880084737,5,6932.38491392239,3,"177,402,562,791",4,-0.00541552375079993,6924.48223,1.003,-0.00514134880084737,0.003
"140,565",-0.005,2,6913.05296179344,"140,565",-0.00497101686413717,2,6911.77670743636,2,"140,565",2,-0.00497101686413717,6911.77315,0,-0.00497101686413717,0
"178,317,464,577,727,864",-0.005,6,7043.87600354908,"178,317,464,580,727,745,864",-0.00531976829734717,7,7049.19165717968,3,"178,317,464,580,727,864",6,-0.00493531426775107,7035.22514,1.003,-0.00531976829734717,0.003
"158,265,392,565,717,849",-0.005,6,6895.66454021783,"158,259,266,281,392,565,717,849,850",-0.00376663006886178,9,6911.39790109409,3,"158,259,392,565,717,850",6,-0.00417279427570274,6879.41256,3.001,-0.00376663006886178,0.007
"471,740",-0.005,2,6997.67819846784,"470,740",-0.00482702638112354,2,6990.23470032592,2,"470,740",2,-0.00482702638112354,6990.23224,0.001,-0.00482702638112354,0.001
"137,337,503,698,881",-0.005,5,7030.19531928947,"139,337,502,698,879",-0.00424004030807269,5,7023.98245025144,2,"139,337,502,698,879",5,-0.00424004030807269,7020.17379,0.005,-0.00424004030807269,0.005
"188,311,415,615,784",-0.005,5,6926.50032246203,"188,310,415,610,616,784",-0.0052229204018842,6,6932.26944230063,3,"188,310,415,616,784",5,-0.00543179931480603,6920.1664,1.002,-0.0052229204018842,0.002
"554",-0.005,1,6879.78079419153,"561",-0.0049839219680577,1,6879.4653929691,2,"561",1,-0.0049839219680577,6878.83869,0.007,-0.0049839219680577,0.007
"133,321,502,683,870",-0.005,5,6991.68936644607,"133,322,501,683,870",-0.00653375529319836,5,6986.12027428796,2,"133,322,501,683,870",5,-0.00653375529319836,6977.56578,0.002,-0.00653375529319836,0.002
"156,269,468,635,833",-0.005,5,7025.76136310929,"156,269,467,636,833",-0.00469548577448013,5,7023.16349145712,2,"156,269,467,636,833",5,-0.00469548577448013,7021.10709,0.002,-0.00469548577448013,0.002
"558",-0.005,1,6949.70870855262,"558",-0.00508545749183973,1,6948.3673555772,1,"558",1,-0.00508545749183973,6948.36736,0,-0.00508545749183973,0
"200,329,496,688,872",-0.005,5,7048.15195608886,"200,329,496,688,872",-0.00602976291583222,5,7033.53816505051,2,"200,329,496,688,872",5,-0.00602976291583222,7032.6603,0,-0.00602976291583222,0
"847",-0.005,1,6934.50326745473,"846",-0.00518894309403723,1,6930.01896396886,2,"846",1,-0.00518894309403723,6929.83499,0.001,-0.00518894309403723,0.001
"429,867",-0.005,2,6885.62845504433,"429,432,864",-0.00520129814860742,3,6885.17849034509,7,"429,864",2,-0.00514029925807053,6872.75566,1.003,-0.00520129814860742,0.003
"310,876",-0.005,2,6967.35033160398,"310,875",-0.00533933370599909,2,6959.29512923031,2,"310,875",2,-0.00533933370599909,6957.91772,0.001,-0.00533933370599909,0.001
"181,317,454,682,842",-0.005,5,6997.90331812336,"181,317,456,682,842",-0.00555970213568168,5,6997.28127238595,2,"181,317,456,682,842",5,-0.00555970213568168,6990.62382,0.002,-0.00555970213568168,0.002
"130,278,440,601,740,877",-0.005,6,7000.76367013602,"130,277,438,601,739,877",-0.00470953295994926,6,7021.46879806879,2,"130,277,438,601,739,877",6,-0.00470953295994926,6987.64731,0.004,-0.00470953295994926,0.004
"110,514,821",-0.005,3,6966.57909453556,"110,514,819,823",-0.00495525278773293,4,6977.04644206126,3,"110,514,823",3,-0.00502596238888951,6966.69187,1.002,-0.00495525278773293,0.002
"140,303,426,568,680,872",-0.005,6,6925.4487725849,"138,303,426,568,680,872",-0.00645785806258265,6,6940.04455298983,2,"138,303,426,568,680,872",6,-0.00645785806258265,6918.13181,0.002,-0.00645785806258265,0.002
"154,401,594,787",-0.005,4,7038.89848150661,"154,401,594,787",-0.00424940303613443,4,7035.55602103963,2,"154,401,594,787",4,-0.00424940303613443,7031.29748,0,-0.00424940303613443,0
"227,428,607,807",-0.005,4,6953.88926076205,"222,428,606,805,807",-0.00493439566970159,5,6970.63701803277,3,"222,428,606,807",4,-0.00487700462828321,6953.42982,1.006,-0.00493439566970159,0.006
"170,335,437,579,747,870",-0.005,6,7006.2825492076,"170,335,437,579,741,871",-0.00572736992094313,6,6999.61650694792,2,"170,335,437,579,741,871",6,-0.00572736992094313,6995.04741,0.007,-0.00572736992094313,0.007
"173,365,576,756",-0.005,4,6953.97635439729,"173,365,577,756",-0.00545281098943454,4,6942.82748779331,2,"173,365,577,756",4,-0.00545281098943454,6942.82431,0.001,-0.00545281098943454,0.001
"127,238,381,512,636,810",-0.005,6,6918.54651496583,"127,236,382,515,636,808",-0.00383641552710044,6,6901.13077307444,2,"127,236,382,515,636,808",6,-0.00383641552710044,6899.18252,0.008,-0.00383641552710044,0.008
"475",-0.005,1,6834.01434486053,"475",-0.00498213233538185,1,6830.38523356464,2,"475",1,-0.00498213233538185,6829.91803,0,-0.00498213233538185,0
"180,414,589,710,815",-0.005,5,6922.96329040071,"179,417,589,714,815",-0.00510331759719573,5,6924.19241144458,2,"179,417,589,714,815",5,-0.00510331759719573,6918.81775,0.008,-0.00510331759719573,0.008
"151,431,549,825",-0.005,4,6990.07243598302,"151,431,546,825",-0.00449870870974721,4,6985.90420698713,2,"151,431,546,825",4,-0.00449870870974721,6983.80703,0.003,-0.00449870870974721,0.003
"134,295,447,659,875",-0.005,5,7025.33722545566,"134,294,447,660,830,874",-0.00658094269914115,6,7026.14806572888,4,"134,294,447,660,874",5,-0.00578092691975884,7011.5451,1.003,-0.00658094269914115,0.003
"187,516,860",-0.005,3,6986.80072815447,"184,516,856",-0.00529615237721604,3,6966.56053421794,2,"184,516,856",3,-0.00529615237721604,6963.95626,0.007,-0.00529615237721604,0.007
"253,687",-0.005,2,6929.0583921955,"253,683,687",-0.00472201853966604,3,6931.96613978281,9,"253,683",2,-0.00465453862075491,6923.30187,1,-0.00472201853966604,0.004
"116,251,408,561,670,812",-0.005,6,6981.65756931912,"117,251,407,562,667,812",-0.00514149144564524,6,6989.64799169654,2,"117,251,407,562,667,812",6,-0.00514149144564524,6975.88798,0.006,-0.00514149144564524,0.006
"212,483,699,856",-0.005,4,7066.56239321333,"212,484,699,856",-0.00517131435049713,4,7065.67133100712,2,"212,484,699,856",4,-0.00517131435049713,7062.87976,0.001,-0.00517131435049713,0.001
"219",-0.005,1,6884.08298837132,"219",-0.00508037386012303,1,6882.36019476412,2,"219",1,-0.00508037386012303,6882.35981,0,-0.00508037386012303,0
"107,309,550,757",-0.005,4,7009.25631998776,"108,309,550,757",-0.0054808770903772,4,7000.57851755673,2,"108,309,550,757",4,-0.0054808770903772,6999.88606,0.001,-0.0054808770903772,0.001
"107,434,860",-0.005,3,6975.04437526093,"107,434,860",-0.00492336060024796,3,6971.33201205184,2,"107,434,860",3,-0.00492336060024796,6971.18987,0,-0.00492336060024796,0
"143,259,364,525,719,857",-0.005,6,7041.19290270434,"143,259,367,526,722,857",-0.00519176633158796,6,7033.67467364404,2,"143,259,367,526,722,857",6,-0.00519176633158796,7021.37615,0.007,-0.00519176633158796,0.007
"145,251,382,484,623,747,892",-0.005,7,7041.58112980151,"146,252,382,484,623,746,892",-0.00477217410205642,7,7028.78150052634,2,"146,252,382,484,623,746,892",7,-0.00477217410205642,7028.29056,0.003,-0.00477217410205642,0.003
"254,478,656,837",-0.005,4,6931.2865166336,"254,479,658,837",-0.00430683607687971,4,6925.28348447423,2,"254,479,658,837",4,-0.00430683607687971,6919.92079,0.003,-0.00430683607687971,0.003
"377,768",-0.005,2,6969.57267742241,"377,766",-0.00448872087059025,2,6960.31299810734,2,"377,766",2,-0.00448872087059025,6958.73233,0.002,-0.00448872087059025,0.002
"191,310,555,729",-0.005,4,6933.74450545859,"191,310,555,729",-0.00394589048374456,4,6932.1484647895,2,"191,310,555,729",4,-0.00394589048374456,6925.56532,0,-0.00394589048374456,0
"135,293,406,570,745,862",-0.005,6,7075.93414130734,"136,293,405,570,745,862",-0.00465532303096248,6,7073.23197646588,2,"136,293,405,570,745,862",6,-0.00465532303096248,7068.91809,0.002,-0.00465532303096248,0.002
"123,246,393,531,669,857",-0.005,6,6990.43394115724,"123,247,393,531,655,858",-0.00467002893618535,6,6992.93321719527,2,"123,247,393,531,655,858",6,-0.00467002893618535,6979.62066,0.016,-0.00467002893618535,0.016
"209,453,572,735,847",-0.005,5,7017.57403896631,"209,454,573,735,849",-0.00591381531146968,5,7015.49302671244,2,"209,454,573,735,849",5,-0.00591381531146968,7009.90241,0.004,-0.00591381531146968,0.004
"246,375,580,763",-0.005,4,6967.82799586582,"244,375,580,767",-0.00501287275373011,4,6954.35531737117,2,"244,375,580,767",4,-0.00501287275373011,6953.45976,0.006,-0.00501287275373011,0.006
"257,395,624,831",-0.005,4,7000.99342777424,"256,395,624,830,831",-0.00534464983779555,5,7006.592138533,3,"256,395,624,831",4,-0.0053806142489462,6991.40351,1.001,-0.00534464983779555,0.001
"148,291,395,574,701,825",-0.005,6,6942.15712433949,"146,148,290,291,395,574,704,825",-0.00560505493933921,8,6953.93073478225,3,"146,290,395,574,704,825",6,-0.00565862756255189,6924.8478,2.003,-0.00560505493933921,0.006
"670",-0.005,1,6890.28392996206,"668",-0.00488404835941618,1,6876.78332929914,2,"668",1,-0.00488404835941618,6876.71336,0.002,-0.00488404835941618,0.002
"189",-0.005,1,6952.57446846482,"181,191",-0.00507591230491365,2,6954.27748552716,9,"181",1,-0.00516033386265504,6949.30054,1.002,-0.00507591230491365,0.008
"120,278,505,615,826",-0.005,5,7022.07921495025,"120,278,505,615,827",-0.0056174142967631,5,7014.3055605484,2,"120,278,505,615,827",5,-0.0056174142967631,7013.06683,0.001,-0.0056174142967631,0.001
"101,245,376,524,666,841",-0.005,6,7031.71616849187,"99,245,373,523,525,667,841",-0.00403015561859263,7,7035.88332919979,4,"99,245,373,523,667,841",6,-0.00411374077061583,7017.81993,1.007,-0.00403015561859263,0.007
"102,312,420,534,634,810",-0.005,6,6955.43162503473,"102,313,420,534,634,638,811",-0.00594308969764606,7,6950.85658359996,3,"102,313,420,534,638,811",6,-0.00586068550611556,6937.16124,1.002,-0.00594308969764606,0.006
"475",-0.005,1,6924.74008621459,"475",-0.00506317648729379,1,6925.0640546125,2,"475",1,-0.00506317648729379,6924.51217,0,-0.00506317648729379,0
"425,715",-0.005,2,6910.47119225443,"425,715",-0.0054572999722986,2,6905.10076149688,2,"425,715",2,-0.0054572999722986,6905.06753,0,-0.0054572999722986,0
"128,317,510,615,771",-0.005,5,7008.07817926143,"125,317,512,615,769",-0.00478542804630414,5,6998.90032374091,2,"125,317,512,615,769",5,-0.00478542804630414,6996.97703,0.007,-0.00478542804630414,0.007
"216,349,515,702,871",-0.005,5,6989.23769616794,"216,347,516,702,868",-0.00517994832303789,5,6983.943289305,2,"216,347,516,702,868",5,-0.00517994832303789,6978.88079,0.006,-0.00517994832303789,0.006
"207,437,685",-0.005,3,6918.39580102532,"207,436,686",-0.00437514003847633,3,6901.59322349642,2,"207,436,686",3,-0.00437514003847633,6900.97552,0.002,-0.00437514003847633,0.002
"123,350,580,811",-0.005,4,6981.54148021434,"118,351,575,805,811",-0.00405436123705748,5,6994.40114272555,8,"118,351,575,811",4,-0.00426859342915483,6970.51641,1.011,-0.00405436123705748,0.011
"152,285,400,501,630,761,888",-0.005,7,7058.32546091483,"152,285,318,400,501,630,759,886,888",-0.00550542484739405,9,7060.13028771072,3,"152,285,400,501,630,759,886",7,-0.00596854168640319,7037.41496,2.002,-0.00550542484739405,0.004
"148,294,402,524,648,852",-0.005,6,7030.56998220394,"148,294,403,524,648,853",-0.00409246490467447,6,7022.15008697402,2,"148,294,403,524,648,853",6,-0.00409246490467447,7021.94101,0.002,-0.00409246490467447,0.002
"177,283,439,642,798",-0.005,5,7036.9124331631,"177,281,439,643,798",-0.00493280522959665,5,7029.39116394404,2,"177,281,439,643,798",5,-0.00493280522959665,7025.44141,0.003,-0.00493280522959665,0.003
"192,345,499,724,900",-0.005,5,6894.98394805994,"192,345,499,724,900",-0.00551803464072098,5,6890.55201152586,2,"192,345,499,724,900",5,-0.00551803464072098,6888.53178,0,-0.00551803464072098,0
"132,286,449,636,813",-0.005,5,6922.36326926703,"132,286,449,636,812",-0.00429380340501324,5,6917.9372928678,2,"132,286,449,636,812",5,-0.00429380340501324,6917.40066,0.001,-0.00429380340501324,0.001
"114,377,811",-0.005,3,6986.7294798349,"108,377,811",-0.00507851104408768,3,6988.16125027343,2,"108,377,811",3,-0.00507851104408768,6981.17391,0.006,-0.00507851104408768,0.006
"248,462,650,888",-0.005,4,6928.8677711072,"248,462,650,888",-0.00450254786391782,4,6928.94753146745,2,"248,462,650,888",4,-0.00450254786391782,6925.22391,0,-0.00450254786391782,0
"155,279,406,557,671,782,888",-0.005,7,7054.31295029038,"155,162,279,406,557,671,782,882,888",-0.00524440047504003,9,7073.00560776031,7,"155,279,406,557,671,782,882",7,-0.00539665133080586,7045.02085,2,-0.00524440047504003,0.006
"121,255,532,838",-0.005,4,7006.74010458201,"121,255,260,531,838,840",-0.00540051258420332,6,7018.33465145518,3,"121,260,531,840",4,-0.00555408717527799,6998.42625,2.001,-0.00540051258420332,0.008
"116,224,402,547,712,868",-0.005,6,7015.62293203608,"116,222,402,545,710,868",-0.00572630416532503,6,6994.33772127396,2,"116,222,402,545,710,868",6,-0.00572630416532503,6989.2919,0.006,-0.00572630416532503,0.006
"106,292,464,658,792",-0.005,5,6884.22270661049,"106,292,464,657,792,892",-0.00461777581198305,6,6892.55400091306,3,"106,292,464,657,792",5,-0.00497312365549266,6878.84396,1.001,-0.00461777581198305,0.001
"139,569",-0.005,2,7003.34752183845,"139,569",-0.00497588161525616,2,7003.26051259395,2,"139,569",2,-0.00497588161525616,7003.1778,0,-0.00497588161525616,0
"821",-0.005,1,7061.44972326275,"821",-0.00487549062739742,1,7060.78179381471,2,"821",1,-0.00487549062739742,7060.76924,0,-0.00487549062739742,0
"269,635,763",-0.005,3,6949.01972962875,"270,627,636,763",-0.00546253306460461,4,6957.3447012084,3,"270,636,763",3,-0.0055795885390682,6939.64499,1.002,-0.00546253306460461,0.002
"150,328,458,589,728,861",-0.005,6,7031.92188258575,"151,328,458,589,727,860",-0.00572413026667847,6,7026.79603858602,2,"151,328,458,589,727,860",6,-0.00572413026667847,7025.20146,0.003,-0.00572413026667847,0.003
"169,281,417,571,683,837",-0.005,6,6982.92322470073,"169,178,281,417,571,685,837",-0.00438561202469683,7,6977.70591178225,2,"169,178,281,417,571,685,837",7,-0.00438561202469683,6976.29821,1.002,-0.00438561202469683,1.002
"313,498,678",-0.005,3,6903.07422055593,"314,498,679",-0.00495318891939502,3,6901.67061370862,2,"314,498,679",3,-0.00495318891939502,6893.72059,0.002,-0.00495318891939502,0.002
"231,387,539,733,886",-0.005,5,6962.57310953485,"228,233,387,545,734,881",-0.0046853658949195,6,6940.01997579819,4,"233,387,545,734,881",5,-0.00487707602491818,6927.72745,1.014,-0.0046853658949195,0.014
"113,325,511,638,789,891",-0.005,6,7013.84692189345,"113,325,512,637,790,890",-0.00558062269502052,6,6994.9039589139,2,"113,325,512,637,790,890",6,-0.00558062269502052,6994.60574,0.004,-0.00558062269502052,0.004
"624",-0.005,1,6994.17002247631,"627",-0.00490016972856218,1,7001.37300948947,2,"627",1,-0.00490016972856218,6995.20038,0.003,-0.00490016972856218,0.003
"254,490,687,883",-0.005,4,6996.09598570728,"254,492,686,687,879",-0.00562264068519647,5,6999.49480516149,3,"254,492,687,879",4,-0.00559301175419667,6984.2856,1.006,-0.00562264068519647,0.006
"171,518",-0.005,2,6918.30208400306,"167,179,518",-0.00445408105769696,3,6923.12226356212,4,"167,518",2,-0.0045779714428057,6916.94768,1.004,-0.00445408105769696,0.004
"761",-0.005,1,6900.18783322434,"760",-0.00501297405319312,1,6893.21054277256,2,"760",1,-0.00501297405319312,6893.15123,0.001,-0.00501297405319312,0.001
"362",-0.005,1,6860.44073108486,"363",-0.00490352893398392,1,6861.90592668626,2,"363",1,-0.00490352893398392,6855.59303,0.001,-0.00490352893398392,0.001
"178,353,503,631,795",-0.005,5,6976.01689677215,"176,354,493,506,631,795",-0.00597782200633684,6,6974.92894075731,3,"176,354,506,631,795",5,-0.0057134163253753,6964.75123,1.006,-0.00597782200633684,0.006
"117,251,370,487,622,759,875",-0.005,7,7113.37701876005,"115,120,251,370,488,622,759,866,878",-0.00486110945434695,9,7118.49576475623,3,"115,251,370,488,622,759,878",7,-0.00506890306943733,7103.04734,2.006,-0.00486110945434695,0.006
"366,578",-0.005,2,6895.1482006239,"366,575",-0.00526816408706047,2,6886.7548615451,2,"366,575",2,-0.00526816408706047,6886.60342,0.003,-0.00526816408706047,0.003
"113,243,383,520,626,733,874",-0.005,7,6895.58418761162,"114,242,384,521,626,734,875,882",-0.0043932273522288,8,6886.88828354529,3,"114,242,384,521,626,734,875",7,-0.00417530886987801,6869.65704,1.006,-0.0043932273522288,0.006
"111,221,364,568,770,894",-0.005,6,6968.13895121488,"111,222,364,568,770,894",-0.00523755140539273,6,6972.09158160594,2,"111,222,364,568,770,894",6,-0.00523755140539273,6962.8227,0.001,-0.00523755140539273,0.001
"197,442",-0.005,2,6964.20387456083,"197,442",-0.00480480625019863,2,6965.3430573961,2,"197,442",2,-0.00480480625019863,6959.11999,0,-0.00480480625019863,0
"116,371,616,892",-0.005,4,6952.01884102596,"105,116,124,369,619,892",-0.00579661641789012,6,6963.29002938471,3,"105,124,369,619,892",5,-0.00579074864691442,6945.60763,2.005,-0.00579661641789012,1.013
"137,304,678",-0.005,3,6941.52400612612,"136,304,678",-0.00479966011145891,3,6938.06171436646,2,"136,304,678",3,-0.00479966011145891,6934.89577,0.001,-0.00479966011145891,0.001
"132,256,358,505,647,791,894",-0.005,7,7007.0404513575,"132,255,358,505,647,790,895,896",-0.00569287561889389,8,7011.6921233154,3,"132,255,358,505,647,790,896",7,-0.00564481551385614,6997.43321,1.003,-0.00569287561889389,0.004
"137,268,388,495,617,745,878",-0.005,7,6961.21551950012,"137,269,388,495,618,744,747,878",-0.00424219617947048,8,6964.79598166134,3,"137,269,388,495,618,744,878",7,-0.0044020524796402,6950.9315,1.003,-0.00424219617947048,0.003
"276,515,782,889",-0.005,4,6980.45837870636,"276,515,783,888",-0.00499135433696761,4,6972.11676881348,2,"276,515,783,888",4,-0.00499135433696761,6971.50357,0.002,-0.00499135433696761,0.002
"102,218,346,478,621,760,889",-0.005,7,7034.46398759201,"103,105,218,330,334,337,346,480,621,760,889,890",-0.00678391756831509,12,7082.79626216453,7,"103,105,218,346,480,621,760,889,890",9,-0.00615662392824239,7047.87541,5.003,-0.00678391756831509,2.003
"128,253,374,510,631,768,888",-0.005,7,7077.63295126201,"128,253,374,394,511,618,630,636,768,887",-0.00330983268813077,10,7074.18630363358,3,"128,253,374,394,511,618,636,768,887",9,-0.00333760795985594,7061.84723,3.003,-0.00330983268813077,2.007
"119,484,752,877",-0.005,4,6971.36080018506,"119,485,752,879,883",-0.00447949599740664,5,6967.48687526298,4,"119,485,752,883",4,-0.00444247988562833,6956.6412,1.003,-0.00447949599740664,0.007
"200,344,460,595,718,823",-0.005,6,6995.18413503085,"189,200,208,345,461,593,720,823",-0.00454143881423626,8,6995.94240076969,4,"200,345,461,593,720,823",6,-0.0041845264931481,6971.6319,2.006,-0.00454143881423626,0.006
"170,273,423,646,872",-0.005,5,6903.53836266945,"171,275,423,646,872",-0.00460950782507169,5,6889.5779862107,2,"171,275,423,646,872",5,-0.00460950782507169,6888.39716,0.003,-0.00460950782507169,0.003
"249,793",-0.005,2,6991.26300973022,"249,793",-0.00525231745022752,2,6988.61286570556,2,"249,793",2,-0.00525231745022752,6988.36442,0,-0.00525231745022752,0
"316,676",-0.005,2,6892.50525973892,"316,676",-0.00426530324227011,2,6884.22385819613,2,"316,676",2,-0.00426530324227011,6883.57063,0,-0.00426530324227011,0
"199,303,435,607,717,840",-0.005,6,7004.59843338938,"198,303,434,607,717,840,848",-0.00530299577220948,7,7014.74158954607,3,"198,303,434,607,717,840",6,-0.00506008701319713,6998.34492,1.002,-0.00530299577220948,0.002
"116,227,410,541,700,882",-0.005,6,6992.95847483404,"117,227,410,542,700,882",-0.00466845321053364,6,7001.50684192785,2,"117,227,410,542,700,882",6,-0.00466845321053364,6987.83071,0.002,-0.00466845321053364,0.002
"171,356,479,704,808",-0.005,5,6962.4244825543,"171,354,356,479,612,705,808",-0.0055879669644482,7,6979.91676801693,4,"171,354,479,705,808",5,-0.00478282966153921,6957.17136,2.001,-0.0055879669644482,0.003
"171,434,640",-0.005,3,7010.53365943049,"171,434,640",-0.00540939049112476,3,7002.73260667226,2,"171,434,640",3,-0.00540939049112476,7002.67415,0,-0.00540939049112476,0
"103,215,345,459,604,737,856",-0.005,7,6985.46579184039,"105,216,345,459,604,737,856",-0.00443660905777108,7,6975.01735633996,2,"105,216,345,459,604,737,856",7,-0.00443660905777108,6970.16797,0.003,-0.00443660905777108,0.003
"524,758",-0.005,2,6959.24942422466,"524,758",-0.00516909917921485,2,6966.33090015815,2,"524,758",2,-0.00516909917921485,6957.46972,0,-0.00516909917921485,0
"131,282,487,679,888",-0.005,5,6978.02631369566,"131,281,487,679,888",-0.0040225273205743,5,6968.87302405018,2,"131,281,487,679,888",5,-0.0040225273205743,6968.35477,0.001,-0.0040225273205743,0.001
"121",-0.005,1,6887.77354925654,"121",-0.00506580447219443,1,6884.02389235419,2,"121",1,-0.00506580447219443,6883.88517,0,-0.00506580447219443,0
"143,341,551,724",-0.005,4,7016.20381113143,"143,341,551,726",-0.00450272591680767,4,7002.31041715197,2,"143,341,551,726",4,-0.00450272591680767,7001.02892,0.002,-0.00450272591680767,0.002
"364,675",-0.005,2,6980.68815503566,"364,675",-0.00519045969033909,2,6980.23847038849,2,"364,675",2,-0.00519045969033909,6980.20039,0,-0.00519045969033909,0
"400",-0.005,1,6887.21808961012,"400",-0.0052409136121748,1,6884.76355390143,2,"400",1,-0.0052409136121748,6884.74673,0,-0.0052409136121748,0
"131,240,440,616,776",-0.005,5,6971.65480391381,"131,242,440,616,776",-0.00540855968042044,5,6955.96560987243,2,"131,242,440,616,776",5,-0.00540855968042044,6955.67082,0.002,-0.00540855968042044,0.002
"210,744",-0.005,2,6931.07711381581,"210,744",-0.00489897634441991,2,6925.48109707026,2,"210,744",2,-0.00489897634441991,6925.41993,0,-0.00489897634441991,0
"130,712",-0.005,2,6932.05433943161,"129,131,712",-0.00494409552918253,3,6941.75583688699,3,"131,712",2,-0.00495166214221249,6930.11358,1.001,-0.00494409552918253,0.001
"113,240,368,492,621,754,856",-0.005,7,6989.12811339458,"116,240,368,489,621,754,848,856",-0.00563013581530601,8,7004.95536619012,3,"116,240,368,489,621,754,848",7,-0.00605547690504481,6978.73762,1.006,-0.00563013581530601,0.014
"163,310,440,591,722,835",-0.005,6,7011.29825536865,"163,308,310,441,591,722,834,838",-0.0053693066320092,8,7027.03696885829,4,"163,310,441,591,722,834",6,-0.0055855354212559,7002.90689,2.002,-0.0053693066320092,0.002
"273,400,782,896",-0.005,4,6943.63281025819,"271,400,782,897",-0.00487365566306191,4,6935.55027699062,2,"271,400,782,897",4,-0.00487365566306191,6935.12375,0.003,-0.00487365566306191,0.003
"399",-0.005,1,6995.73798485872,"399",-0.00525187891315402,1,6991.79475213749,2,"399",1,-0.00525187891315402,6991.79253,0,-0.00525187891315402,0
"252,719",-0.005,2,7022.54227065448,"252,715,726",-0.00495276619259682,3,7025.20668433686,6,"252,726",2,-0.00476145135153659,7018.26104,1.004,-0.00495276619259682,0.007
"116,385,608,879",-0.005,4,7011.4952123945,"115,116,295,385,456,608,879",-0.00605119495865316,7,7028.27863688188,3,"115,385,608,879",4,-0.00464620516142557,7001.57581,3,-0.00605119495865316,0.001
"367,781",-0.005,2,6983.91729101464,"366,781",-0.00515355947556401,2,6977.2849086198,2,"366,781",2,-0.00515355947556401,6977.25323,0.001,-0.00515355947556401,0.001
"137,385,636,755,871",-0.005,5,7067.17888070729,"137,385,636,755,871",-0.0048014251548527,5,7063.37470645017,2,"137,385,636,755,871",5,-0.0048014251548527,7062.22518,0,-0.0048014251548527,0
"352,536",-0.005,2,6957.89527014471,"352,536",-0.00532836927815894,2,6954.69807077449,2,"352,536",2,-0.00532836927815894,6954.58116,0,-0.00532836927815894,0
"315,444,566,868",-0.005,4,6968.36252350086,"314,437,453,566,866",-0.00503905790248064,5,6954.92816737658,2,"314,437,453,566,866",5,-0.00503905790248064,6950.3616,1.01,-0.00503905790248064,1.01
"385,742",-0.005,2,6948.17846280456,"385,742",-0.00459627120042711,2,6944.81947224384,2,"385,742",2,-0.00459627120042711,6944.07358,0,-0.00459627120042711,0
"103,278,436,601,751,877",-0.005,6,7044.61153998779,"103,278,436,601,750,875",-0.00513859308908124,6,7035.33394978356,2,"103,278,436,601,750,875",6,-0.00513859308908124,7029.75443,0.003,-0.00513859308908124,0.003
"112,247,370,498,615,749,873",-0.005,7,6896.54481679582,"115,247,369,498,614,748,873",-0.00336206501262507,7,6890.03935228779,2,"115,247,369,498,614,748,873",7,-0.00336206501262507,6879.20325,0.006,-0.00336206501262507,0.006
"181,416,624,842",-0.005,4,7001.28198886336,"181,414,624,842",-0.00455506128604469,4,7000.05184156437,2,"181,414,624,842",4,-0.00455506128604469,6993.25198,0.002,-0.00455506128604469,0.002
"190,335,538,830",-0.005,4,6981.16449847794,"190,333,538,831",-0.0046146618180154,4,6971.87808792472,2,"190,333,538,831",4,-0.0046146618180154,6970.62318,0.003,-0.0046146618180154,0.003
"207,398,565,673,886",-0.005,5,6985.6428256248,"207,398,565,673,887",-0.00606761315434502,5,6978.54487252255,2,"207,398,565,673,887",5,-0.00606761315434502,6975.84985,0.001,-0.00606761315434502,0.001
"102,212,321,427,528,695,851",-0.005,7,6961.82426092013,"102,194,207,216,321,427,528,694,851",-0.00216193230935819,9,6952.34808762286,5,"102,216,321,427,528,694,851",7,-0.00161275824952836,6932.78598,2.005,-0.00216193230935819,0.005
"466,705",-0.005,2,6984.98500004432,"466,705",-0.00467499853836965,2,6975.24286733542,2,"466,705",2,-0.00467499853836965,6975.15607,0,-0.00467499853836965,0
"314",-0.005,1,6962.08595367742,"314",-0.00503276863575191,1,6961.59716807663,2,"314",1,-0.00503276863575191,6961.58521,0,-0.00503276863575191,0
"366",-0.005,1,6985.41822502362,"365",-0.00499219385929867,1,6982.11087361511,2,"365",1,-0.00499219385929867,6982.10377,0.001,-0.00499219385929867,0.001
"141,245,355,490,618,770,894",-0.005,7,7021.63621569767,"141,241,248,355,491,618,770,887,895",-0.00476988659630849,9,7033.70079433726,3,"141,248,355,491,618,770,895",7,-0.00475272848490755,7005.40526,2.005,-0.00476988659630849,0.005
"135,328,576,731",-0.005,4,6898.63279201586,"137,328,577,729",-0.00496227960102139,4,6899.55992042132,2,"137,328,577,729",4,-0.00496227960102139,6895.90272,0.005,-0.00496227960102139,0.005
"165,857",-0.005,2,6885.33959129253,"163,165,857",-0.00488649147900291,3,6895.24865994229,4,"165,857",2,-0.00488073233945176,6882.98549,1,-0.00488649147900291,0
"523,863",-0.005,2,6992.03474053873,"526,863",-0.00493899545415863,2,6984.34702870576,2,"526,863",2,-0.00493899545415863,6983.62154,0.003,-0.00493899545415863,0.003
"118,223,437,651,824",-0.005,5,6972.96443301864,"119,223,437,652,824",-0.00563752042901727,5,6959.74591281138,2,"119,223,437,652,824",5,-0.00563752042901727,6959.09593,0.002,-0.00563752042901727,0.002
"230",-0.005,1,6891.0022875206,"229",-0.00492329994444113,1,6891.97532509937,2,"229",1,-0.00492329994444113,6886.0111,0.001,-0.00492329994444113,0.001
"290,440,645",-0.005,3,6988.11618844532,"254,293,440,639,651",-0.00503260771124928,5,7005.59634240689,3,"293,440,639",3,-0.00507203877930925,6987.7769,2.009,-0.00503260771124928,0.009
"405",-0.005,1,6932.04031406599,"405",-0.00540760735046429,1,6923.72976070618,2,"405",1,-0.00540760735046429,6923.65472,0,-0.00540760735046429,0
"103,219,464,586,796",-0.005,5,6980.89521144724,"103,219,464,586,796",-0.0055163311936292,5,6974.73052073851,2,"103,219,464,586,796",5,-0.0055163311936292,6973.0756,0,-0.0055163311936292,0
"125,327,570,780",-0.005,4,6954.59867906241,"125,327,570,780",-0.00518126101450358,4,6952.40606694698,2,"125,327,570,780",4,-0.00518126101450358,6951.89828,0,-0.00518126101450358,0
"440",-0.005,1,6911.29903177951,"440",-0.00522900625269256,1,6908.32280452827,1,"440",1,-0.00522900625269256,6908.3228,0,-0.00522900625269256,0
"126,267,407,519,645,775,892",-0.005,7,7095.63714033837,"127,267,412,519,641,657,775,893",-0.00571473512628727,8,7079.13074890426,9,"127,267,412,519,641,775,893",7,-0.0064024241109416,7069.12403,1.011,-0.00571473512628727,0.011
"199,308,450,631,748,888",-0.005,6,6993.38982041859,"199,306,449,628,751,888",-0.00496793409978523,6,6985.07066896098,2,"199,306,449,628,751,888",6,-0.00496793409978523,6977.81219,0.009,-0.00496793409978523,0.009
"527",-0.005,1,6966.53389177027,"528",-0.00486673428189672,1,6961.33865211665,2,"528",1,-0.00486673428189672,6961.33861,0.001,-0.00486673428189672,0.001
"173,377,544,705,877",-0.005,5,6962.37175201603,"173,377,543,705,877",-0.00528800933640737,5,6958.62095532815,2,"173,377,543,705,877",5,-0.00528800933640737,6949.34595,0.001,-0.00528800933640737,0.001
"115,236,348,460,615,751,866",-0.005,7,7045.01937427013,"115,236,348,458,615,652,750,866",-0.00419001143417668,8,7056.83085516578,3,"115,236,348,458,615,750,866",7,-0.00486159924815758,7030.7886,1.003,-0.00419001143417668,0.003
"131,263,372,520,629,767,884",-0.005,7,7015.82429740013,"135,263,372,520,627,771,873,883",-0.00720570919002933,8,7019.42856839131,3,"135,263,372,520,627,771,883",7,-0.00693695786856604,6989.14008,1.011,-0.00720570919002933,0.011
"167,332,468,606,725,880",-0.005,6,6967.31409624956,"167,333,468,606,725,880",-0.00579339461400917,6,6956.96213745289,2,"167,333,468,606,725,880",6,-0.00579339461400917,6955.37078,0.001,-0.00579339461400917,0.001
"168,338,449,605,728,875",-0.005,6,7004.50480138475,"169,337,449,605,728,875,877",-0.00621717434047565,7,7006.3718956467,3,"169,337,449,605,728,877",6,-0.00610886089380069,6991.21744,1.002,-0.00621717434047565,0.004
"239,360,558,713",-0.005,4,6939.38707280674,"239,360,364,557,713",-0.00430573566482374,5,6938.23971012072,2,"239,360,364,557,713",5,-0.00430573566482374,6937.97492,1.001,-0.00430573566482374,1.001
"609",-0.005,1,6900.45540852233,"609",-0.0047331447065101,1,6899.37296215154,2,"609",1,-0.0047331447065101,6898.3323,0,-0.0047331447065101,0
"136,334,547,664,853",-0.005,5,6977.96754840317,"136,334,548,635,688,853",-0.0051991259450918,6,6989.18380721216,5,"136,334,548,688,853",5,-0.00462027004127511,6964.25362,1.025,-0.0051991259450918,0.025
"265,519,719",-0.005,3,7036.87293053186,"265,519,722",-0.00443402526230169,3,7028.22488553101,2,"265,519,722",3,-0.00443402526230169,7028.20085,0.003,-0.00443402526230169,0.003
"595",-0.005,1,6921.08648037324,"595",-0.00504857188979149,1,6918.1416255496,2,"595",1,-0.00504857188979149,6918.12651,0,-0.00504857188979149,0
"118,242,361,551,720,894",-0.005,6,7012.75931332136,"118,242,361,550,728,891,899",-0.00411572085141959,7,7020.61765742575,3,"118,242,361,550,728,899",6,-0.00441826669183098,7008.2096,1.012,-0.00411572085141959,0.014
"419",-0.005,1,7046.02171935764,"419",-0.00507203962800419,1,7043.16829185805,1,"419",1,-0.00507203962800419,7043.16829,0,-0.00507203962800419,0
"119,222,346,478,610,754,891",-0.005,7,7058.87464139831,"119,228,349,477,609,754,890",-0.00466200480216165,7,7060.81860145222,2,"119,228,349,477,609,754,890",7,-0.00466200480216165,7039.43255,0.012,-0.00466200480216165,0.012
"253,522,780",-0.005,3,7017.54409679865,"252,522,779,782",-0.00524547802523159,4,7024.88914290344,3,"252,522,779",3,-0.00531310462631359,7013.62255,1.002,-0.00524547802523159,0.002
"138,274,438,587,738,855",-0.005,6,6929.76553003156,"138,275,436,438,587,596,738,855",-0.00646311615641245,8,6946.27200734115,3,"138,275,436,587,738,855",6,-0.00604425973157849,6921.3899,2.001,-0.00646311615641245,0.003
"246",-0.005,1,6979.76043535157,"246",-0.00493494041951273,1,6978.84751224326,2,"246",1,-0.00493494041951273,6978.8152,0,-0.00493494041951273,0
"498",-0.005,1,6880.20874399098,"498",-0.00478405305355344,1,6878.29594696876,2,"498",1,-0.00478405305355344,6878.28709,0,-0.00478405305355344,0
"111,281,414,566,700,839",-0.005,6,7021.07421187735,"418",0.00659392154400413,1,7113.27195988671,2,"418",1,0.00659392154400413,7113.25209,5.004,0.00659392154400413,5.004
"197,812",-0.005,2,6897.10879411609,"199,811",-0.00516387100620853,2,6887.36822722959,2,"199,811",2,-0.00516387100620853,6887.23188,0.003,-0.00516387100620853,0.003
"471",-0.005,1,6959.40169308642,"470",-0.00476698945183299,1,6952.08285157639,2,"470",1,-0.00476698945183299,6951.88297,0.001,-0.00476698945183299,0.001
"377",-0.005,1,6933.42785890232,"379",-0.00465358608115061,1,6923.87966936241,2,"379",1,-0.00465358608115061,6923.87822,0.002,-0.00465358608115061,0.002
"110,218,355,495,629,764,875",-0.005,7,7036.85191014458,"109,219,355,495,629,763,875",-0.00635791673069576,7,7024.47585246411,2,"109,219,355,495,629,763,875",7,-0.00635791673069576,7017.29395,0.003,-0.00635791673069576,0.003
"213",-0.005,1,6969.69968212819,"214",-0.00495448756079363,1,6970.06951799111,2,"214",1,-0.00495448756079363,6967.90886,0.001,-0.00495448756079363,0.001
"607",-0.005,1,6862.45171681228,"607",-0.00482883518922042,1,6854.18843664418,1,"607",1,-0.00482883518922042,6854.18844,0,-0.00482883518922042,0
"143,396,592,800",-0.005,4,6962.96887239049,"143,397,592,801",-0.00466100661634067,4,6949.38014856546,2,"143,397,592,801",4,-0.00466100661634067,6949.05303,0.002,-0.00466100661634067,0.002
"110,256,409,509,694,840",-0.005,6,6976.10302148769,"110,255,410,509,692,840",-0.0050941515675507,6,6977.36005102962,2,"110,255,410,509,692,840",6,-0.0050941515675507,6966.165,0.004,-0.0050941515675507,0.004
"256,427,573,809",-0.005,4,7003.00413604392,"251,256,427,573,809",-0.00459205058518553,5,7009.58993408859,3,"256,427,573,809",4,-0.00445806255101351,6997.0737,1,-0.00459205058518553,0
"149,284,487,641,804",-0.005,5,6997.27923164444,"149,284,487,641,804",-0.00535202794972793,5,6998.90045351683,2,"149,284,487,641,804",5,-0.00535202794972793,6992.90364,0,-0.00535202794972793,0
"181,556",-0.005,2,6903.97190233256,"182,556",-0.00494291735187146,2,6899.61303269583,2,"182,556",2,-0.00494291735187146,6899.33704,0.001,-0.00494291735187146,0.001
"185,327,553,815",-0.005,4,7043.26046430648,"185,327,554,815",-0.00490205593162399,4,7035.41399201729,2,"185,327,554,815",4,-0.00490205593162399,7031.49283,0.001,-0.00490205593162399,0.001
"458,844",-0.005,2,6963.12888668624,"458,844",-0.005311046446436,2,6957.10429967448,2,"458,844",2,-0.005311046446436,6957.0344,0,-0.005311046446436,0
"175,479,615",-0.005,3,7016.51359852145,"175,479,615",-0.00464998895694144,3,7005.15783683706,2,"175,479,615",3,-0.00464998895694144,7004.92187,0,-0.00464998895694144,0
"152,307,486,620,755,857",-0.005,6,7045.86019236975,"151,307,486,487,507,621,758,857",-0.00623816791906648,8,7046.46691373605,4,"151,307,487,621,758,857",6,-0.00565053151313061,7030.91231,2.005,-0.00623816791906648,0.006
"265,690",-0.005,2,6921.15326274471,"264,690",-0.00506741191269543,2,6920.91452295732,2,"264,690",2,-0.00506741191269543,6918.03231,0.001,-0.00506741191269543,0.001
"342,735,887",-0.005,3,6934.69176036272,"342,346,735,887",-0.00508841029095219,4,6939.68545483711,3,"342,735,887",3,-0.004995942946525,6930.05209,1,-0.00508841029095219,0
"170,293,413,550,673,841",-0.005,6,7013.8781312051,"169,293,413,550,582,673,842",-0.00510970444293676,7,7001.36382441827,3,"169,293,413,550,673,842",6,-0.00466327659021678,6993.10672,1.002,-0.00510970444293676,0.002
"280,748",-0.005,2,6870.07339550704,"280,748",-0.00512488653014125,2,6868.11092911508,2,"280,748",2,-0.00512488653014125,6867.93925,0,-0.00512488653014125,0
"104,244,358,484,615,744,876",-0.005,7,6979.98786060054,"101,244,358,484,614,744,876",-0.00694335236156739,7,6965.93435196918,2,"101,244,358,484,614,744,876",7,-0.00694335236156739,6963.89826,0.004,-0.00694335236156739,0.004
"336,461,816",-0.005,3,6929.99663108087,"336,460,810,816",-0.00561669792266629,4,6930.68697779229,3,"336,460,810",3,-0.00556905115609515,6919.30579,1.001,-0.00561669792266629,0.007
"143,277,379,488,603,743,862",-0.005,7,6964.76768155961,"140,275,277,379,488,604,743,860",-0.00384443207019695,8,6971.55419948429,3,"140,277,379,488,604,743,860",7,-0.00395456237658747,6955.03854,1.006,-0.00384443207019695,0.006
"251,476,607,837",-0.005,4,6958.45376857062,"252,476,608,837",-0.0055547550604084,4,6950.84656838924,2,"252,476,608,837",4,-0.0055547550604084,6950.43666,0.002,-0.0055547550604084,0.002
"136,243,363,501,614,732,861",-0.005,7,7015.68710945475,"136,138,243,363,364,501,614,731,861",-0.00446423376860968,9,7054.32081478235,3,"136,243,363,501,614,731,861",7,-0.00443906050407162,6997.38669,2.001,-0.00446423376860968,0.001
"128,278,403,535,684,851",-0.005,6,7102.70700791676,"128,280,403,535,684,851",-0.00412453267908463,6,7099.56829990588,2,"128,280,403,535,684,851",6,-0.00412453267908463,7093.15892,0.002,-0.00412453267908463,0.002
"131,259,394,502,637,761,866",-0.005,7,7028.95475271372,"131,259,394,404,502,637,761,866",-0.00508785998136401,8,7036.22509596298,3,"131,259,394,502,637,761,866",7,-0.0053050708801768,7016.53366,1,-0.00508785998136401,0
"300,584",-0.005,2,6949.55765998797,"300,581",-0.00516597115444178,2,6957.90796477245,2,"300,581",2,-0.00516597115444178,6949.27078,0.003,-0.00516597115444178,0.003
"107,312,481,702,889",-0.005,5,6997.78476980799,"107,312,481,701,891",-0.00479933196334481,5,6987.67643128747,2,"107,312,481,701,891",5,-0.00479933196334481,6981.25008,0.003,-0.00479933196334481,0.003
"121,574,736",-0.005,3,6954.32732995222,"121,574,739",-0.0047538547525898,3,6957.84869983466,2,"121,574,739",3,-0.0047538547525898,6950.82333,0.003,-0.0047538547525898,0.003
"263,427,696,859",-0.005,4,6985.60054435166,"260,294,427,696,859",-0.00556157822999416,5,6985.58372000452,2,"260,294,427,696,859",5,-0.00556157822999416,6985.0419,1.003,-0.00556157822999416,1.003
"441,786",-0.005,2,6898.69391592776,"441,785",-0.00545870485784767,2,6893.08666745642,2,"441,785",2,-0.00545870485784767,6893.02347,0.001,-0.00545870485784767,0.001
"130,439,613",-0.005,3,6957.59644185664,"130,439,616",-0.00468550173352082,3,6950.01200722898,2,"130,439,616",3,-0.00468550173352082,6949.96792,0.003,-0.00468550173352082,0.003
"468",-0.005,1,6961.84367141364,"468",-0.00508127704590058,1,6960.03441365939,2,"468",1,-0.00508127704590058,6958.86462,0,-0.00508127704590058,0
"111,230,398,583,711,901",-0.005,6,6961.29430061422,"111,230,398,583,711,901",-0.00483018435838005,6,6956.37127939274,2,"111,230,398,583,711,901",6,-0.00483018435838005,6956.33633,0,-0.00483018435838005,0
"142,389,515,706",-0.005,4,7019.24617574548,"142,389,515,708,728",-0.00446004069163895,5,7015.16204648365,3,"142,389,515,708",4,-0.00485804442730922,7006.75074,1.002,-0.00446004069163895,0.002
"178,281,455,634,764,868",-0.005,6,6998.62936671515,"178,280,455,634,764,868",-0.00537983941484216,6,6999.16307016475,2,"178,280,455,634,764,868",6,-0.00537983941484216,6995.11356,0.001,-0.00537983941484216,0.001
"237,350,486,706,839",-0.005,5,6915.32889602672,"237,350,481,706,839",-0.00564107119885756,5,6918.67531729248,2,"237,350,481,706,839",5,-0.00564107119885756,6908.86193,0.005,-0.00564107119885756,0.005
"129,233,360,492,625,756,868",-0.005,7,7102.28253513099,"129,232,360,492,625,756,868",-0.00540216272760229,7,7100.41221938481,2,"129,232,360,492,625,756,868",7,-0.00540216272760229,7088.45172,0.001,-0.00540216272760229,0.001
"110,257,402,504,647,755,869",-0.005,7,6975.41860311896,"112,257,401,504,647,755,869",-0.00480328198018379,7,6961.87578976209,2,"112,257,401,504,647,755,869",7,-0.00480328198018379,6960.906,0.003,-0.00480328198018379,0.003
"115,246,370,499,616,737,855",-0.005,7,7026.44067325269,"115,246,371,500,616,736,855",-0.00601499815799249,7,7013.05343222928,2,"115,246,371,500,616,736,855",7,-0.00601499815799249,7010.73705,0.003,-0.00601499815799249,0.003
"118,242,376,486,637,743,876",-0.005,7,7012.72193924453,"117,242,376,486,637,743,744,876",-0.00577079605091414,8,7012.85346043352,3,"117,242,376,486,637,744,876",7,-0.00572323393761155,6998.67901,1.001,-0.00577079605091414,0.002
"308,486,770",-0.005,3,6935.54631003107,"157,308,486,767",-0.00563337281128897,4,6934.78976343867,3,"308,486,767",3,-0.0049578766265642,6926.50433,1.003,-0.00563337281128897,0.003
"226,432,621,810",-0.005,4,6936.86184905419,"226,432,621,810",-0.00452977096582426,4,6930.28090253671,2,"226,432,621,810",4,-0.00452977096582426,6926.17509,0,-0.00452977096582426,0
"358,723,830",-0.005,3,6987.56159010088,"358,718,830",-0.00445105087552595,3,6980.74426577843,2,"358,718,830",3,-0.00445105087552595,6978.47656,0.005,-0.00445105087552595,0.005
"152,294,425,576,698,882",-0.005,6,6955.68505031467,"152,174,294,424,577,581,698,882",-0.00411571060966491,8,6965.42088232386,3,"152,294,424,577,698,882",6,-0.00448933737568513,6946.44758,2.002,-0.00411571060966491,0.002
"140,312,436,547,708,866",-0.005,6,7000.21356867488,"140,312,436,549,709,860",-0.00367346352164094,6,6979.86219870848,2,"140,312,436,549,709,860",6,-0.00367346352164094,6972.40234,0.009,-0.00367346352164094,0.009
"141,293,465,634,845",-0.005,5,6916.05161032504,"141,293,469,633,844",-0.00588253228403103,5,6886.23066218017,2,"141,293,469,633,844",5,-0.00588253228403103,6886.06737,0.006,-0.00588253228403103,0.006
"126,268,375,478,621,727,871",-0.005,7,6949.84994847679,"124,268,375,478,621,727,873",-0.00411576972817842,7,6945.89351544586,2,"124,268,375,478,621,727,873",7,-0.00411576972817842,6935.2453,0.004,-0.00411576972817842,0.004
"578,855",-0.005,2,6979.10156508349,"578,857",-0.00492444589015113,2,6975.29396109268,2,"578,857",2,-0.00492444589015113,6975.19633,0.002,-0.00492444589015113,0.002
"181,352,506,659,823",-0.005,5,6987.81433187448,"179,350,504,509,656,660,822",-0.0046665542422819,7,7014.15275874697,5,"179,350,509,660,822",5,-0.00463713739080087,6972.72019,2.008,-0.0046665542422819,0.009
"446,552",-0.005,2,6998.73805734703,"445,555",-0.0048026265374082,2,6996.86254919882,2,"445,555",2,-0.0048026265374082,6993.15365,0.004,-0.0048026265374082,0.004
"164,360,547,741,889",-0.005,5,7066.91669172484,"74,163,165,364,547,740,888",-0.00481577987568221,7,7080.41458980176,3,"165,364,547,740,888",5,-0.00520578013127187,7055.72633,2.007,-0.00481577987568221,0.007
"103,251,351,466,580,724,866",-0.005,7,7016.74968130853,"103,251,351,467,579,724,863,872",-0.00566549519878654,8,7020.95279358577,6,"103,251,351,467,579,724,863",7,-0.00534329492905998,7006.74506,1.005,-0.00566549519878654,0.005
"392,549",-0.005,2,6905.34483468108,"392,549",-0.00475586365456524,2,6901.89847972234,2,"392,549",2,-0.00475586365456524,6901.41546,0,-0.00475586365456524,0
"219,340,494,690,839",-0.005,5,6947.41165157692,"214,340,494,690,839",-0.00394837410295589,5,6946.68872853036,2,"214,340,494,690,839",5,-0.00394837410295589,6938.26102,0.005,-0.00394837410295589,0.005
"132,247,382,511,626,740,878",-0.005,7,6957.3362352835,"131,247,382,511,626,740,878",-0.00528055439813655,7,6946.9915571148,2,"131,247,382,511,626,740,878",7,-0.00528055439813655,6946.45927,0.001,-0.00528055439813655,0.001
"184,356,495,696,825",-0.005,5,7035.14187396899,"185,356,492,697,824",-0.00480066776980231,5,7038.69226013186,2,"185,356,492,697,824",5,-0.00480066776980231,7021.08082,0.006,-0.00480066776980231,0.006
"306,668",-0.005,2,7008.05557455824,"302,307,668",-0.00539799609341345,3,7014.82314966398,3,"307,668",2,-0.00548904615450429,7003.00405,1.001,-0.00539799609341345,0.001
"120,230,364,498,678,871",-0.005,6,6960.82243701327,"120,230,369,495,502,678,870",-0.0058896959870639,7,6966.24264906808,2,"120,230,369,495,502,678,870",7,-0.0058896959870639,6958.04207,1.009,-0.0058896959870639,1.009
"109,232,400,547,694,863",-0.005,6,6967.70031662487,"107,232,400,547,695,863",-0.005627637259902,6,6963.57699845572,2,"107,232,400,547,695,863",6,-0.005627637259902,6959.34946,0.003,-0.005627637259902,0.003
"271,715",-0.005,2,6889.39566535338,"268,287,715",-0.00556587805325956,3,6889.2237762575,3,"268,715",2,-0.005300838350888,6884.3451,1.003,-0.00556587805325956,0.003
"271,378,575,736",-0.005,4,6943.37608861197,"271,378,575,740",-0.0050493324280417,4,6935.35492527484,2,"271,378,575,740",4,-0.0050493324280417,6929.54592,0.004,-0.0050493324280417,0.004
"131,259,499,744",-0.005,4,7049.86580530277,"125,131,259,499,741",-0.00448449527396283,5,7051.44510257074,3,"131,259,499,741",4,-0.00439454179124571,7041.05529,1.003,-0.00448449527396283,0.003
"579",-0.005,1,6940.20219975841,"579",-0.00479941379792674,1,6938.65220926427,2,"579",1,-0.00479941379792674,6938.64893,0,-0.00479941379792674,0
"126,271,410,513,632,767,879",-0.005,7,7019.81673094754,"382,410,879",-0.0180989147174109,3,7152.921986773,2,"382,410,879",3,-0.0180989147174109,7152.30625,4.111,-0.0180989147174109,4.111
"310,416",-0.005,2,6882.0277125466,"310,416",-0.00512508290981051,2,6875.05861292612,2,"310,416",2,-0.00512508290981051,6874.85924,0,-0.00512508290981051,0
"397",-0.005,1,6937.1755683517,"387",-0.00511995646965548,1,6935.41494621422,2,"387",1,-0.00511995646965548,6933.6335,0.01,-0.00511995646965548,0.01
"195,455,632,746",-0.005,4,6948.60763004986,"196,456,630,746",-0.00480112084516621,4,6939.68514462389,2,"196,456,630,746",4,-0.00480112084516621,6939.18541,0.004,-0.00480112084516621,0.004
"171,323,458,559,692,828",-0.005,6,7037.82791056596,"171,323,458,560,691,827",-0.00434136433557712,6,7038.35449524935,2,"171,323,458,560,691,827",6,-0.00434136433557712,7030.70939,0.003,-0.00434136433557712,0.003
"168,428,718,898",-0.005,4,6939.30678076737,"168,428,718,898",-0.00521251256487853,4,6934.86886586488,2,"168,428,718,898",4,-0.00521251256487853,6933.5314,0,-0.00521251256487853,0
"105,407,530,649,827",-0.005,5,6881.2925929954,"105,407,531,649,827",-0.00518012645717404,5,6876.69225510982,2,"105,407,531,649,827",5,-0.00518012645717404,6873.40883,0.001,-0.00518012645717404,0.001
"195,368,511,711,879",-0.005,5,6968.18027690341,"195,368,515,711,879",-0.00534835354548137,5,6975.1236817563,2,"195,368,515,711,879",5,-0.00534835354548137,6963.36,0.004,-0.00534835354548137,0.004
"171,353,588,785",-0.005,4,6962.61470559209,"169,353,588,786",-0.0049075732293259,4,6957.4391170042,2,"169,353,588,786",4,-0.0049075732293259,6954.21877,0.003,-0.0049075732293259,0.003
"172,335,466,618,746,898",-0.005,6,7092.72052042075,"171,334,366,466,618,746,897,898",-0.00380427595157683,8,7099.91782952839,3,"171,334,466,618,746,898",6,-0.0034146955049948,7075.22572,2.002,-0.00380427595157683,0.002
"160,394,657,810",-0.005,4,6979.34590872881,"160,393,657,810",-0.00478508900978858,4,6974.61283455273,2,"160,393,657,810",4,-0.00478508900978858,6972.78446,0.001,-0.00478508900978858,0.001
"577",-0.005,1,6936.3739553052,"576",-0.00507061306517861,1,6933.55715369583,2,"576",1,-0.00507061306517861,6933.5571,0.001,-0.00507061306517861,0.001
"110,260,412,526,637,751,885",-0.005,7,6998.78311547718,"110,259,264,413,526,637,738,752,887",-0.00438438264104682,9,7012.2178650189,3,"110,259,413,526,637,752,887",7,-0.00439942721120915,6981.46312,2.005,-0.00438438264104682,0.005
"255,364,484,619,766",-0.005,5,6937.62814204182,"255,364,483,488,619,620,766",-0.00478936816990877,7,6953.82570211025,4,"255,364,488,619,766",5,-0.00472535631546234,6929.78211,2.001,-0.00478936816990877,0.004
"105,218,415,618,821",-0.005,5,7086.5116375241,"105,218,415,618,626,825",-0.00625680033690833,6,7080.74580858148,3,"105,218,415,618,825",5,-0.00597267938406285,7072.52782,1.004,-0.00625680033690833,0.004
"244,559,677,873",-0.005,4,7061.80101932284,"241,559,676,873",-0.00517213547764409,4,7055.41400707087,2,"241,559,676,873",4,-0.00517213547764409,7055.36415,0.004,-0.00517213547764409,0.004
"162,289,420,554,707,850",-0.005,6,7072.72049383915,"162,288,419,554,707,849",-0.00508889280772883,6,7061.24869295229,2,"162,288,419,554,707,849",6,-0.00508889280772883,7060.75363,0.003,-0.00508889280772883,0.003
"135,779",-0.005,2,6928.15360734629,"134,778",-0.00507421904433896,2,6920.83623150326,2,"134,778",2,-0.00507421904433896,6920.66584,0.002,-0.00507421904433896,0.002
"155,471,762",-0.005,3,6967.54081226151,"156,471,763",-0.00520244749162289,3,6968.6137956358,2,"156,471,763",3,-0.00520244749162289,6965.27249,0.002,-0.00520244749162289,0.002
"529,635,888",-0.005,3,6969.35163974873,"529,637,888",-0.00498434765070333,3,6967.02330145632,2,"529,637,888",3,-0.00498434765070333,6964.83713,0.002,-0.00498434765070333,0.002
"119,248,383,508,630,751,868",-0.005,7,6978.95645399043,"117,249,383,512,630,743,755,868",-0.00508951395248513,8,6977.63584920321,4,"117,249,383,512,630,743,868",7,-0.00471406176269395,6964.23233,1.011,-0.00508951395248513,0.015
"178,444,587,822",-0.005,4,6991.63165291812,"177,444,587,821",-0.00535518376606439,4,6980.41369123996,2,"177,444,587,821",4,-0.00535518376606439,6979.8641,0.002,-0.00535518376606439,0.002
"134,320,424,544,719,856",-0.005,6,6986.84229625108,"137,320,423,544,719,856",-0.00475989073742643,6,6986.89200018168,2,"137,320,423,544,719,856",6,-0.00475989073742643,6979.53501,0.004,-0.00475989073742643,0.004
"367,673",-0.005,2,6919.06910197442,"366,674",-0.00536393309574854,2,6908.17186828408,2,"366,674",2,-0.00536393309574854,6908.05583,0.002,-0.00536393309574854,0.002
"543,895",-0.005,2,6987.41332633613,"543,895",-0.00513350112308366,2,6987.11974802586,2,"543,895",2,-0.00513350112308366,6987.00604,0,-0.00513350112308366,0
"166,417,634,799",-0.005,4,6938.11732683963,"167,417,635,799",-0.0054000513538677,4,6929.81268338188,2,"167,417,635,799",4,-0.0054000513538677,6929.43832,0.002,-0.0054000513538677,0.002
"379,639",-0.005,2,6990.0653396007,"378,641,660",-0.00531911240803866,3,6985.53999683866,3,"378,641",2,-0.00509178328480565,6978.94527,1.003,-0.00531911240803866,0.003
"809",-0.005,1,6921.6074186216,"809",-0.00498238611616166,1,6918.42912111537,2,"809",1,-0.00498238611616166,6918.42852,0,-0.00498238611616166,0
"184,343,527,672,858",-0.005,5,6950.55920686573,"184,343,525,528,672,856",-0.0037822812585813,6,6955.3109361922,3,"184,343,525,672,856",5,-0.0038785542688627,6939.22533,1.003,-0.0037822812585813,0.004
"170,292,530,784",-0.005,4,6960.78609396929,"171,292,530,784",-0.00565338635885096,4,6954.83974782842,2,"171,292,530,784",4,-0.00565338635885096,6953.55909,0.001,-0.00565338635885096,0.001
"106,206,349,483,592,742,889",-0.005,7,7058.5660808026,"102,206,211,349,483,592,742,888",-0.00558444254769176,8,7065.52798354634,4,"102,206,349,483,592,742,888",7,-0.00533947880736817,7048.77137,1.005,-0.00558444254769176,0.005
"612",-0.005,1,6912.49989495988,"612",-0.00509529536630415,1,6912.21447490563,2,"612",1,-0.00509529536630415,6912.21424,0,-0.00509529536630415,0
"128,258,364,473,605,741,876",-0.005,7,6992.50387597631,"128,262,364,405,472,514,605,742,876",-0.00505307448597529,9,6997.43754312115,3,"128,262,364,472,605,742,876",7,-0.00617867736156534,6976.02633,2.006,-0.00505307448597529,0.006
"109,227,356,493,601,728,855",-0.005,7,7034.74621580749,"109,160,227,356,493,598,601,728,855",-0.00461482945559728,9,7063.21380672053,3,"109,227,356,493,601,728,855",7,-0.00413890784315986,7029.17688,2,-0.00461482945559728,0
"111,280,401,647,749",-0.005,5,6997.96701536922,"109,280,401,647,750",-0.00509762701546865,5,6987.7483508673,2,"109,280,401,647,750",5,-0.00509762701546865,6985.98873,0.003,-0.00509762701546865,0.003
"464",-0.005,1,6938.41134380856,"464",-0.00522147024457089,1,6935.50031396806,2,"464",1,-0.00522147024457089,6935.49062,0,-0.00522147024457089,0
"113,231,361,500,608,751,867",-0.005,7,7021.85606369156,"112,117,231,360,500,517,608,751,867",-0.00511245281111723,9,7027.5096360302,3,"117,231,360,500,608,751,867",7,-0.00535942202964336,7010.02672,2.002,-0.00511245281111723,0.005
"178,395,593,769,893",-0.005,5,7036.79153405183,"177,390,391,593,598,769,893,937",-0.00539996594702335,8,7046.25109318925,4,"177,391,593,769,893",5,-0.00555044838544398,7014.90536,3.005,-0.00539996594702335,0.005
"149,293,403,560,702,859",-0.005,6,6961.39592258066,"149,287,293,402,561,701,859",-0.00503698526576867,7,6964.69580456054,3,"149,293,402,561,701,859",6,-0.00479929681043056,6952.27951,1.003,-0.00503698526576867,0.003
"813",-0.005,1,6933.55322881467,"814",-0.00503384103608035,1,6930.44493630357,2,"814",1,-0.00503384103608035,6930.41512,0.001,-0.00503384103608035,0.001
"482",-0.005,1,6955.81216143683,"482",-0.00484384377747504,1,6953.62144210798,2,"482",1,-0.00484384377747504,6952.76686,0,-0.00484384377747504,0
"298,584,866",-0.005,3,6922.90373046103,"298,581,853,866",-0.00478797235291586,4,6921.18807210449,3,"298,581,866",3,-0.00501465396116312,6914.87924,1.003,-0.00478797235291586,0.003
"117,242,349,469,580,724,879",-0.005,7,7009.77409296383,"118,242,349,468,580,724,849,879",-0.00329557926791517,8,6996.92409385726,3,"118,242,349,468,580,724,879",7,-0.00431560993673698,6993.75203,1.002,-0.00329557926791517,0.002
"488",-0.005,1,6896.71423529112,"489",-0.00514129120380416,1,6891.84428261784,2,"489",1,-0.00514129120380416,6891.83881,0.001,-0.00514129120380416,0.001
"583,726",-0.005,2,6908.66296813221,"583,726",-0.00469300680737612,2,6905.65932004526,2,"583,726",2,-0.00469300680737612,6902.96652,0,-0.00469300680737612,0
"109,340,445,646,759",-0.005,5,7078.55491557866,"108,341,445,646,759",-0.00505821076904659,5,7071.07948783128,2,"108,341,445,646,759",5,-0.00505821076904659,7070.49959,0.002,-0.00505821076904659,0.002
"165,711",-0.005,2,6911.55881919428,"165,711",-0.0048814998738619,2,6907.91302450667,2,"165,711",2,-0.0048814998738619,6907.23764,0,-0.0048814998738619,0
"289,756,898",-0.005,3,6938.49023337336,"289,757,901",-0.00476497986977264,3,6921.71590100229,2,"289,757,901",3,-0.00476497986977264,6919.38184,0.004,-0.00476497986977264,0.004
"181,341,494,628,738,877",-0.005,6,7053.63809051226,"182,341,495,498,627,632,736,876",-0.00474347459290473,8,7056.50113664587,3,"182,341,495,632,736,876",6,-0.00506060118562377,7035.89756,2.006,-0.00474347459290473,0.009
"402",-0.005,1,6914.5934397396,"402",-0.00506004346851332,1,6914.42904196814,2,"402",1,-0.00506004346851332,6914.40111,0,-0.00506004346851332,0
"236,337,538,759",-0.005,4,7024.0883289621,"235,337,538,759",-0.00474031413304237,4,7019.3939377636,2,"235,337,538,759",4,-0.00474031413304237,7019.34013,0.001,-0.00474031413304237,0.001
"117,260,391,511,632,767,882",-0.005,7,7034.88808225221,"117,260,391,481,511,633,764,769,881",-0.00404543404469829,9,7032.5282517766,4,"117,260,391,511,633,769,881",7,-0.00376379230709494,7014.19359,2.004,-0.00404543404469829,0.004
"197,484,676,791",-0.005,4,6982.31898417388,"197,484,673,792",-0.00471590836308508,4,6971.23281291595,2,"197,484,673,792",4,-0.00471590836308508,6970.64845,0.004,-0.00471590836308508,0.004
"160,280,481,647,814",-0.005,5,6914.87153902031,"157,277,481,647,814",-0.00417603111399724,5,6917.45322052821,2,"157,277,481,647,814",5,-0.00417603111399724,6902.50364,0.006,-0.00417603111399724,0.006
"194,326,523,658,849",-0.005,5,6942.4371975111,"194,326,523,658,849",-0.00465905944288819,5,6930.7127327636,2,"194,326,523,658,849",5,-0.00465905944288819,6930.5697,0,-0.00465905944288819,0
"217,400,523,770",-0.005,4,7030.1641060019,"213,401,524,767",-0.00410992186772222,4,7012.27693681221,2,"213,401,524,767",4,-0.00410992186772222,7011.68296,0.009,-0.00410992186772222,0.009
"125,381,482,743",-0.005,4,7039.71862598938,"124,127,388,479,743",-0.00536750429216447,5,7046.86100279555,3,"124,388,479,743",4,-0.00526383090528768,7033.66294,1.011,-0.00536750429216447,0.011
"251,420,583,832",-0.005,4,6977.30243982259,"251,420,583,828",-0.00544473102044319,4,6976.43255930789,2,"251,420,583,828",4,-0.00544473102044319,6970.8978,0.004,-0.00544473102044319,0.004
"109,256,393,529,643,753,871",-0.005,7,7040.35078103348,"109,258,395,529,642,643,753,760,871",-0.00532348535510054,9,7054.61912519483,4,"109,258,395,529,642,753,871",7,-0.00557446634364517,7029.70946,2.004,-0.00532348535510054,0.005
"221,462,614",-0.005,3,6946.87387479948,"222,462,614",-0.00487950911702303,3,6929.37095778878,2,"222,462,614",3,-0.00487950911702303,6928.20537,0.001,-0.00487950911702303,0.001
"245,465,697,850",-0.005,4,6961.11465251598,"244,465,699,850",-0.0053192812968043,4,6956.23803209411,2,"244,465,699,850",4,-0.0053192812968043,6951.34138,0.003,-0.0053192812968043,0.003
"148,705",-0.005,2,6976.5544878118,"148,704",-0.00478173806179038,2,6977.30994608319,2,"148,704",2,-0.00478173806179038,6974.77991,0.001,-0.00478173806179038,0.001
"124,318,493,709,866",-0.005,5,6917.59670182149,"124,319,492,708,865",-0.00517526421112871,5,6899.40359230817,2,"124,319,492,708,865",5,-0.00517526421112871,6895.02745,0.004,-0.00517526421112871,0.004
"215,333,479,673,862",-0.005,5,6961.93974509871,"215,333,473,479,673,862",-0.00539755666709996,6,6974.36343686846,3,"215,333,473,673,862",5,-0.00518852405804099,6955.60762,1,-0.00539755666709996,0.006
"320,612",-0.005,2,6949.08220249884,"317,324,612",-0.00509936807413934,3,6958.35619934544,3,"324,612",2,-0.00499291673151625,6950.37142,1.003,-0.00509936807413934,0.004
"131,270,405,513,625,751,881",-0.005,7,6952.23062720478,"131,270,405,501,514,527,625,751,881",-0.00316285540331158,9,6948.9532029187,3,"131,270,405,501,527,625,751,881",8,-0.00321065924282021,6931.40104,2.001,-0.00316285540331158,1.012
"159,301,464,573,702,847",-0.005,6,6961.30866003679,"159,301,464,573,703,847",-0.00571316675126758,6,6980.75236046052,2,"159,301,464,573,703,847",6,-0.00571316675126758,6955.84192,0.001,-0.00571316675126758,0.001
"107,260,536,658,827",-0.005,5,6958.90288002572,"107,260,536,657,827",-0.00537690286689822,5,6956.31494988418,2,"107,260,536,657,827",5,-0.00537690286689822,6954.36996,0.001,-0.00537690286689822,0.001
"246,455,645,850",-0.005,4,6974.16414233446,"246,455,645,850",-0.00523739483160295,4,6969.62930027451,2,"246,455,645,850",4,-0.00523739483160295,6969.04006,0,-0.00523739483160295,0
"237,596",-0.005,2,6979.48795578961,"237,596",-0.00463710770629301,2,6976.19296852428,2,"237,596",2,-0.00463710770629301,6976.19143,0,-0.00463710770629301,0
"127,253,382,483,611,739,875",-0.005,7,7066.32160673481,"127,252,382,483,612,743,875",-0.0059065570108721,7,7057.3490556827,2,"127,252,382,483,612,743,875",7,-0.0059065570108721,7046.04841,0.006,-0.0059065570108721,0.006
"108,308,588,781",-0.005,4,6959.94819400877,"107,308,586,781",-0.00485472026567119,4,6957.99922922995,2,"107,308,586,781",4,-0.00485472026567119,6952.15178,0.003,-0.00485472026567119,0.003
"203,390,600,800",-0.005,4,6940.68938542636,"204,390,396,600,801",-0.00429404351493345,5,6927.33420693889,3,"204,396,600,801",4,-0.00448739323055219,6920.63104,1.002,-0.00429404351493345,0.008
"183,365,469,617,742,900",-0.005,6,6982.62690444039,"185,365,469,619,741,900",-0.00504323853163566,6,6975.98235033885,2,"185,365,469,619,741,900",6,-0.00504323853163566,6966.50335,0.005,-0.00504323853163566,0.005
"175,375,507,684,815",-0.005,5,7018.48340787327,"175,375,507,684,815",-0.00402137224174634,5,7023.21490377211,2,"175,375,507,684,815",5,-0.00402137224174634,7011.56836,0,-0.00402137224174634,0
"443,694,835",-0.005,3,6946.9766941912,"443,694,834",-0.00465494799670986,3,6941.46194551156,2,"443,694,834",3,-0.00465494799670986,6940.35038,0.001,-0.00465494799670986,0.001
"109,235,368,469,603,736,874",-0.005,7,7007.25170682246,"109,235,367,469,603,736,874",-0.0044149086231214,7,7003.18453737313,2,"109,235,367,469,603,736,874",7,-0.0044149086231214,6998.17548,0.001,-0.0044149086231214,0.001
"470,576",-0.005,2,7002.45054474705,"468,575,599",-0.00566206664626552,3,6989.29346297776,3,"468,575",2,-0.00541883172476545,6986.72395,1.003,-0.00566206664626552,0.003
"109,249,374,486,625,744,878",-0.005,7,6980.13584433501,"109,249,374,486,625,742,875,878",-0.00452458969636081,8,6983.58971277134,3,"109,249,374,486,625,742,875",7,-0.00442379544704574,6969.75224,1.002,-0.00452458969636081,0.005
"158,406,704,893",-0.005,4,7042.70882930686,"157,406,704,893",-0.00517195259319936,4,7033.79371045603,2,"157,406,704,893",4,-0.00517195259319936,7033.07968,0.001,-0.00517195259319936,0.001
"275,461,667,879",-0.005,4,6984.60140755165,"274,461,667,879",-0.00507573795402404,4,6976.71411568458,2,"274,461,667,879",4,-0.00507573795402404,6974.10602,0.001,-0.00507573795402404,0.001
"175,401,506,640,867",-0.005,5,6988.53599070187,"175,401,506,640,643,867",-0.00427762676204387,6,6999.47234017508,6,"175,401,506,640,867",5,-0.00441243421368238,6985.86187,1,-0.00427762676204387,0
"137,398,876",-0.005,3,6975.53062416879,"137,398,870,876",-0.00551789940485136,4,6978.75707115594,3,"137,398,876",3,-0.00542012012656627,6967.36689,1,-0.00551789940485136,0
"194,319,494,684,867",-0.005,5,6944.67176896264,"194,319,494,684,865",-0.00505210916066486,5,6936.82140713418,2,"194,319,494,684,865",5,-0.00505210916066486,6936.23781,0.002,-0.00505210916066486,0.002
"453",-0.005,1,6947.43025921948,"453",-0.00484178900661074,1,6944.82402312172,2,"453",1,-0.00484178900661074,6944.55202,0,-0.00484178900661074,0
"222,432,549,759",-0.005,4,6936.69319228627,"222,432,549,757",-0.00582816361226634,4,6927.88754507516,2,"222,432,549,757",4,-0.00582816361226634,6926.97329,0.002,-0.00582816361226634,0.002
"412,571,681",-0.005,3,6882.13831102279,"412,572,681",-0.00507828552644824,3,6867.67910195557,2,"412,572,681",3,-0.00507828552644824,6867.45097,0.001,-0.00507828552644824,0.001
"158,348,463,581,777,886",-0.005,6,7002.20992810486,"159,348,463,583,777,885,886",-0.00442537369750674,7,7024.39385467514,3,"159,348,463,583,777,886",6,-0.0043934724806209,6986.40997,1.003,-0.00442537369750674,0.003
"472",-0.005,1,7057.74819088698,"472",-0.00493629977958239,1,7054.59766204716,2,"472",1,-0.00493629977958239,7054.14765,0,-0.00493629977958239,0
"143,281,391,505,607,739,855",-0.005,7,7019.24444233485,"141,144,281,391,507,608,738,855",-0.00424729655071689,8,7020.13973016538,3,"141,281,391,507,608,738,855",7,-0.00417281100206053,7005.23602,1.005,-0.00424729655071689,0.006
