"true_model","true_slope","true_nknots","bic_true_model","adaflasso","slope_OLS_adaflasso","nknots_adaflasso","bic_adaflasso","best_iter","changepoints","nknots_best_iter","slope_best_iter","min_bic_best_iter","distance_adaflasso","slope_adaflasso","distance_best_iter_flasso"
"146,313,489,592,698,881",-0.01,6,6937.10362046294,"146,313,489,492,592,698,881",-0.0103049647987942,7,6950.08409865142,3,"146,313,489,592,698,881",6,-0.010233253726292,6932.02229,1,-0.0103049647987942,0
"625",-0.01,1,6881.85313609053,"624",-0.00994196466884358,1,6877.30953039288,2,"624",1,-0.00994196466884358,6877.30934,0.001,-0.00994196466884358,0.001
"198,300,514,766",-0.01,4,6939.88309121226,"198,300,512,516,763",-0.00967127015910928,5,6944.86265162103,3,"198,300,512,763",4,-0.00956537579832391,6933.27042,1.005,-0.00967127015910928,0.005
"214,396,586,781",-0.01,4,6977.31849349705,"214,398,586,781",-0.0100703289357992,4,6970.13599247011,2,"214,398,586,781",4,-0.0100703289357992,6967.03084,0.002,-0.0100703289357992,0.002
"277",-0.01,1,6904.10951708105,"277",-0.00993319632654407,1,6904.37640995129,2,"277",1,-0.00993319632654407,6903.85789,0,-0.00993319632654407,0
"114,260,363,503,621,755,857",-0.01,7,7016.67797823469,"114,260,363,494,506,621,754,853,868",-0.00968207078902558,9,7009.2865183526,3,"114,260,363,506,621,754,853,868",8,-0.00922396925943383,6999.40362,2.008,-0.00968207078902558,1.008
"165,332,468,572,693,828",-0.01,6,7046.30722567694,"155,165,167,198,331,467,572,693,827",-0.0110764031050166,9,7061.25194711121,4,"167,331,467,572,693,827",6,-0.00999421627024542,7030.80557,3.003,-0.0110764031050166,0.005
"258,481,610,879",-0.01,4,6955.64533561409,"258,481,611,878",-0.00993995337184233,4,6949.0597822914,2,"258,481,611,878",4,-0.00993995337184233,6948.64904,0.002,-0.00993995337184233,0.002
"205,331,614,782",-0.01,4,6962.16968176358,"205,331,616,782",-0.00938989454233075,4,6958.7845538541,2,"205,331,616,782",4,-0.00938989454233075,6957.7034,0.002,-0.00938989454233075,0.002
"271,399,641",-0.01,3,6902.61782018178,"271,398,399,641",-0.00980423346294523,4,6913.5453888638,3,"271,399,641",3,-0.00981447443060065,6900.61186,1,-0.00980423346294523,0
"238,363,564,868",-0.01,4,6996.17220072029,"235,370,563,868",-0.0101591486892281,4,7001.0152322948,2,"235,370,563,868",4,-0.0101591486892281,6985.64139,0.011,-0.0101591486892281,0.011
"324",-0.01,1,6874.57647782121,"324",-0.00976687665909927,1,6871.15917808886,2,"324",1,-0.00976687665909927,6871.13255,0,-0.00976687665909927,0
"201,385,506,694,841",-0.01,5,6968.97661615559,"201,385,506,510,693,841",-0.010693427751016,6,6975.79291756384,3,"201,385,506,693,841",5,-0.0105927483785696,6958.44427,1.001,-0.010693427751016,0.001
"572",-0.01,1,6940.78081178042,"571",-0.00989346268168449,1,6937.82224023574,2,"571",1,-0.00989346268168449,6937.57377,0.001,-0.00989346268168449,0.001
"275,456,763",-0.01,3,6967.78211812854,"273,456,763",-0.0101796206632642,3,6963.30602080934,2,"273,456,763",3,-0.0101796206632642,6962.93656,0.002,-0.0101796206632642,0.002
"139,285,405,549,676,776,896",-0.01,7,7052.21998505405,"142,284,403,549,676,776,896",-0.00998947034754605,7,7024.74212255694,2,"142,284,403,549,676,776,896",7,-0.00998947034754605,7024.23511,0.006,-0.00998947034754605,0.006
"154,329,480,666,841",-0.01,5,7012.70142442065,"144,328,480,666,669,841",-0.0108994903053393,6,7017.90224782122,8,"144,328,480,669,841",5,-0.0107647276791094,7005.6107,1.011,-0.0108994903053393,0.014
"111,257,438,600,764,882",-0.01,6,7020.15090016735,"111,116,257,263,438,600,764,866,882",-0.0102428682365618,9,7049.73850775573,3,"111,257,438,600,764,882",6,-0.0104847902705666,7015.05739,3,-0.0102428682365618,0
"413,600",-0.01,2,6954.35626861768,"413,600",-0.0102918712044028,2,6953.15689777589,2,"413,600",2,-0.0102918712044028,6949.19527,0,-0.0102918712044028,0
"402",-0.01,1,6913.79052713086,"402",-0.0101957633210356,1,6911.1046314801,2,"402",1,-0.0101957633210356,6911.10395,0,-0.0101957633210356,0
"210,340,619,740",-0.01,4,6907.35247060786,"210,332,619,740",-0.0101089787951931,4,6905.72824841707,2,"210,332,619,740",4,-0.0101089787951931,6903.52795,0.008,-0.0101089787951931,0.008
"170,342,473,576,757,899",-0.01,6,6967.81011758399,"168,342,466,473,576,757,899",-0.0101976723865066,7,6973.72796948524,3,"168,342,466,576,757,899",6,-0.0100319927862828,6958.60823,1.002,-0.0101976723865066,0.009
"127,264,392,496,611,755,892",-0.01,7,7074.9147623342,"126,264,392,496,611,751,892",-0.0096232363594988,7,7068.80009280519,2,"126,264,392,496,611,751,892",7,-0.0096232363594988,7063.76845,0.005,-0.0096232363594988,0.005
"125,265,382,539,681,783,895",-0.01,7,7023.71363970811,"127,267,382,539,676,684,783,895,930",-0.00984814345789357,9,7028.8042650642,9,"127,267,382,539,684,783,895",7,-0.00894370085695313,7008.43509,2.007,-0.00984814345789357,0.007
"488",-0.01,1,6979.06731516165,"487",-0.0104054877313712,1,6969.11077625555,2,"487",1,-0.0104054877313712,6969.04543,0.001,-0.0104054877313712,0.001
"118,289,394,511,694,889",-0.01,6,6956.98964812323,"118,289,393,395,511,694,889",-0.00989913209394084,7,6965.58521912944,3,"118,289,393,511,694,889",6,-0.00985346841089453,6948.20742,1.001,-0.00989913209394084,0.001
"106,412,630",-0.01,3,6960.09498668061,"106,412,630",-0.0101890810839223,3,6957.35523828492,2,"106,412,630",3,-0.0101890810839223,6955.39747,0,-0.0101890810839223,0
"449,854",-0.01,2,6898.02787284302,"449,856",-0.00986950927551455,2,6886.91895898571,1,"449,856",2,-0.00986950927551455,6886.91896,0.002,-0.00986950927551455,0.002
"327,491,697",-0.01,3,6897.36438460714,"327,491,697",-0.00936856298304576,3,6892.14149400175,2,"327,491,697",3,-0.00936856298304576,6890.04331,0,-0.00936856298304576,0
"222",-0.01,1,6873.11793815684,"218",-0.009830692427388,1,6868.25973434105,2,"218",1,-0.009830692427388,6867.96931,0.004,-0.009830692427388,0.004
"754",-0.01,1,6967.35927354729,"753",-0.010241254454214,1,6959.83034851484,2,"753",1,-0.010241254454214,6959.59954,0.001,-0.010241254454214,0.001
"269,535",-0.01,2,6897.95674167203,"268,535",-0.0102913406255291,2,6898.54370326842,2,"268,535",2,-0.0102913406255291,6894.67069,0.001,-0.0102913406255291,0.001
"181,818",-0.01,2,6943.65747284067,"181,818",-0.0099478210286512,2,6940.87145061504,2,"181,818",2,-0.0099478210286512,6940.61358,0,-0.0099478210286512,0
"423",-0.01,1,6893.97771157797,"423",-0.0102396917083453,1,6891.91411116783,2,"423",1,-0.0102396917083453,6891.8943,0,-0.0102396917083453,0
"105,238,383,490,647,765,868",-0.01,7,6997.26266262783,"103,239,383,490,647,765,868",-0.0105682011984151,7,6985.07052100338,2,"103,239,383,490,647,765,868",7,-0.0105682011984151,6980.44989,0.003,-0.0105682011984151,0.003
"625",-0.01,1,6993.33451088221,"626",-0.00977069764478179,1,6990.55755161466,2,"626",1,-0.00977069764478179,6990.55315,0.001,-0.00977069764478179,0.001
"156,310,422,584,712,867",-0.01,6,6967.2246261933,"69,155,156,189,311,422,584,712,863",-0.0101840617171819,9,6989.99654773887,4,"155,311,422,584,712,863",6,-0.0108647362493396,6951.90406,3.005,-0.0101840617171819,0.006
"154,264,433,640,796",-0.01,5,6921.67407023367,"154,264,436,625,639,796",-0.0100229709122037,6,6943.022551921,3,"154,264,436,639,796",5,-0.00985884435391822,6914.54819,1.004,-0.0100229709122037,0.004
"507,718",-0.01,2,6994.5004840246,"507,719",-0.0102586975041943,2,6986.96174922487,2,"507,719",2,-0.0102586975041943,6986.81103,0.001,-0.0102586975041943,0.001
"457,779",-0.01,2,6895.43407121123,"457,770,781",-0.0100222765653045,3,6896.43182225706,2,"457,770,781",3,-0.0100222765653045,6896.26152,1.002,-0.0100222765653045,1.002
"160,462,775",-0.01,3,6904.03457655432,"160,462,468,775",-0.00985586157440931,4,6905.66370794126,3,"160,468,775",3,-0.00998994027356272,6896.90832,1,-0.00985586157440931,0.006
"140,262,365,500,627,760,884",-0.01,7,6938.43920346541,"141,260,365,500,627,760,884",-0.00888502899297053,7,6934.39787997485,2,"141,260,365,500,627,760,884",7,-0.00888502899297053,6928.89189,0.003,-0.00888502899297053,0.003
"121,283,440,586,744,883",-0.01,6,6982.50729444053,"121,282,434,441,584,744,883",-0.00970975125958832,7,6973.8102090823,3,"121,282,434,584,744,883",6,-0.0099484442397941,6964.32249,1.004,-0.00970975125958832,0.009
"563",-0.01,1,6951.77850085799,"562",-0.0105427148584871,1,6940.8821734255,1,"562",1,-0.0105427148584871,6940.88217,0.001,-0.0105427148584871,0.001
"162,297,486,652,765",-0.01,5,7055.35866189064,"162,295,488,651,765",-0.0111151470412294,5,7050.93233294999,2,"162,295,488,651,765",5,-0.0111151470412294,7040.55935,0.005,-0.0111151470412294,0.005
"248,412,554,805",-0.01,4,6937.37814045153,"248,334,411,415,554,805",-0.00971017664582972,6,6943.87168830861,3,"248,415,554,805",4,-0.0102273611270206,6927.0474,2.001,-0.00971017664582972,0.003
"264,487,599,872",-0.01,4,7026.72049662603,"264,487,596,872",-0.00939630421239939,4,7020.38711311014,2,"264,487,596,872",4,-0.00939630421239939,7020.0264,0.003,-0.00939630421239939,0.003
"111,269,430,587,692,854",-0.01,6,6993.50463820095,"110,269,431,594,691,854",-0.0108873580580199,6,6991.00745769178,2,"110,269,431,594,691,854",6,-0.0108873580580199,6980.50081,0.01,-0.0108873580580199,0.01
"153,509,753,863",-0.01,4,6967.72008372173,"153,507,741,856,863",-0.00960172809685485,5,6968.65309567127,4,"153,507,741,863",4,-0.00967246763534254,6955.87807,1.014,-0.00960172809685485,0.014
"316,652",-0.01,2,6991.55086615456,"318,652",-0.0101586555024984,2,6989.4434097409,2,"318,652",2,-0.0101586555024984,6988.314,0.002,-0.0101586555024984,0.002
"169,311,547,757",-0.01,4,6997.56449504892,"169,312,547,757",-0.0104646991174603,4,7007.88349398471,2,"169,312,547,757",4,-0.0104646991174603,6993.68425,0.001,-0.0104646991174603,0.001
"102,241,389,506,659,781,898",-0.01,7,6958.75430516785,"103,241,388,505,509,659,740,781,782,896,904",-0.0110289614458597,11,6970.19956183587,9,"103,241,388,505,659,781,896",7,-0.0114068293097548,6946.27736,4.005,-0.0110289614458597,0.005
"401,513,784",-0.01,3,6870.62323934316,"387,401,513,784",-0.0102188344335008,4,6880.10105791099,3,"401,513,784",3,-0.0100246666867647,6868.90993,1,-0.0102188344335008,0
"645,847",-0.01,2,6994.40500597022,"645,848",-0.00994414828425666,2,6993.22999120357,2,"645,848",2,-0.00994414828425666,6992.99367,0.001,-0.00994414828425666,0.001
"171,340,530,658,842",-0.01,5,6930.38619577954,"172,200,340,532,658,842",-0.00909004106587852,6,6922.72020674537,3,"172,340,532,658,842",5,-0.00959568775316447,6914.42112,1.003,-0.00909004106587852,0.003
"424,642",-0.01,2,7051.10506897571,"424,642",-0.00965082779645113,2,7044.21335034792,2,"424,642",2,-0.00965082779645113,7044.17767,0,-0.00965082779645113,0
"330,684,837",-0.01,3,6968.7018420373,"330,684,826,837",-0.00948111817560403,4,6955.3876197445,3,"330,684,826",3,-0.00960765083923877,6952.53076,1,-0.00948111817560403,0.011
"130,263,390,518,636,743,870",-0.01,7,7010.24406892782,"130,263,389,518,636,743,872",-0.0104341836820188,7,6997.75372074415,2,"130,263,389,518,636,743,872",7,-0.0104341836820188,6995.44446,0.003,-0.0104341836820188,0.003
"182,305,406,531,691,893",-0.01,6,7003.78324335889,"178,305,407,531,691,693,893",-0.00830703840720443,7,7005.06095804304,3,"178,305,407,531,693,893",6,-0.008221088501623,6988.80671,1.005,-0.00830703840720443,0.007
"623",-0.01,1,6944.93496830759,"623",-0.0102269931413014,1,6944.05530370436,2,"623",1,-0.0102269931413014,6943.65119,0,-0.0102269931413014,0
"114,244,387,519,653,770,874",-0.01,7,6954.60336996676,"112,245,519,653,871,874,880,936",-0.00250783205770237,8,7077.87477428038,3,"112,245,519,653,871,880",6,-0.0027092600838489,7040.27815,1.597,-0.00250783205770237,1.214
"111,274,485,624,726,850",-0.01,6,7012.81862540142,"110,486,623,726,850",-0.0150847165951872,5,7061.9720737611,2,"110,486,623,726,850",5,-0.0150847165951872,7057.00984,1.105,-0.0150847165951872,1.105
"218,442,613,773",-0.01,4,6963.59374749834,"218,441,613,773",-0.0103812596200272,4,6972.45990492081,2,"218,441,613,773",4,-0.0103812596200272,6958.078,0.001,-0.0103812596200272,0.001
"130,308,435,558,746,878",-0.01,6,7080.17240068717,"130,309,558,746,879",-0.00620068041948245,5,7132.42462997958,2,"130,309,558,746,879",5,-0.00620068041948245,7116.11686,1.305,-0.00620068041948245,1.305
"414",-0.01,1,6979.96622164255,"415",-0.00992747284685748,1,6975.3903507545,2,"415",1,-0.00992747284685748,6975.15997,0.001,-0.00992747284685748,0.001
"162,355",-0.01,2,6900.43244097372,"161,355",-0.0103323254816214,2,6897.32640361196,2,"161,355",2,-0.0103323254816214,6896.56372,0.001,-0.0103323254816214,0.001
"266,639",-0.01,2,6902.16104621445,"266,641",-0.0098592088675667,2,6898.84830812768,2,"266,641",2,-0.0098592088675667,6898.52632,0.002,-0.0098592088675667,0.002
"473,732",-0.01,2,6902.13247946514,"473,733",-0.0103092570108857,2,6899.63644473343,2,"473,733",2,-0.0103092570108857,6889.77564,0.001,-0.0103092570108857,0.001
"171,284,498,645,831",-0.01,5,7027.96757617174,"174,284,498,643,831",-0.00976586221288204,5,7020.74043352894,2,"174,284,498,643,831",5,-0.00976586221288204,7015.20802,0.005,-0.00976586221288204,0.005
"256,589,790",-0.01,3,6876.09038853919,"256,589,788",-0.010158840343096,3,6872.65481628923,2,"256,589,788",3,-0.010158840343096,6872.55972,0.002,-0.010158840343096,0.002
"370,827",-0.01,2,6944.03566151345,"370,827",-0.0102894053641024,2,6940.4954070289,2,"370,827",2,-0.0102894053641024,6940.49149,0,-0.0102894053641024,0
"156",-0.01,1,6997.00113017443,"157",-0.0102597090077983,1,6991.19623307933,2,"157",1,-0.0102597090077983,6991.17561,0.001,-0.0102597090077983,0.001
"153,287,394,532,646,751,863",-0.01,7,7048.31200464712,"153,286,394,532,645,762,863",-0.00989581407538498,7,7041.64347877478,2,"153,286,394,532,645,762,863",7,-0.00989581407538498,7036.65655,0.013,-0.00989581407538498,0.013
"174,318,431,531,711,882",-0.01,6,7053.16846442451,"174,318,431,529,711,882",-0.00990384642469961,6,7037.08973809355,2,"174,318,431,529,711,882",6,-0.00990384642469961,7036.57402,0.002,-0.00990384642469961,0.002
"247,421,617,805",-0.01,4,7008.87902918072,"246,421,617,803",-0.00947900089265625,4,6994.29845746822,2,"246,421,617,803",4,-0.00947900089265625,6994.17644,0.003,-0.00947900089265625,0.003
"438",-0.01,1,6939.3706628158,"439",-0.0102981408089558,1,6935.18743112867,2,"439",1,-0.0102981408089558,6935.16285,0.001,-0.0102981408089558,0.001
"730",-0.01,1,6930.98987002666,"729",-0.00999178432284344,1,6924.24470185246,2,"729",1,-0.00999178432284344,6924.239,0.001,-0.00999178432284344,0.001
"148,541",-0.01,2,6982.40549597358,"148,541",-0.00979271975558865,2,6981.09672711977,2,"148,541",2,-0.00979271975558865,6981.00786,0,-0.00979271975558865,0
"167,322,460,584,734,847",-0.01,6,7067.20627867321,"167,318,323,459,584,737,846",-0.00988168539977655,7,7063.13003111568,3,"167,323,459,584,737,846",6,-0.0100528415536235,7050.57855,1.006,-0.00988168539977655,0.006
"317",-0.01,1,6882.05946175467,"318",-0.0099554088577299,1,6879.79333344418,2,"318",1,-0.0099554088577299,6879.7908,0.001,-0.0099554088577299,0.001
"639",-0.01,1,6893.18703188846,"640",-0.01007875377345,1,6891.08324148116,2,"640",1,-0.01007875377345,6891.07566,0.001,-0.01007875377345,0.001
"275,524",-0.01,2,6910.78687325528,"275,518,524",-0.0098693394483631,3,6916.91312322807,3,"275,524",2,-0.00991732581258102,6906.8443,1,-0.0098693394483631,0
"147",-0.01,1,6906.00906412331,"146",-0.00988363962729593,1,6898.99056978544,2,"146",1,-0.00988363962729593,6898.99042,0.001,-0.00988363962729593,0.001
"111,261,422,541,664,777,886",-0.01,7,7135.07248810777,"113,261,422,540,550,664,886",-0.0146478796285727,7,7195.76153600194,2,"113,261,422,540,550,664,886",7,-0.0146478796285727,7188.29737,0.23,-0.0146478796285727,0.23
"184,492,621",-0.01,3,6902.98308496469,"184,492,621",-0.00986030151283912,3,6901.78356101474,2,"184,492,621",3,-0.00986030151283912,6901.66137,0,-0.00986030151283912,0
"394,558,772",-0.01,3,6920.80683729847,"394,555,558,772",-0.0101966281201416,4,6930.98699616235,3,"394,555,772",3,-0.010235691928271,6918.74557,1,-0.0101966281201416,0.003
"534,881",-0.01,2,6954.72215187288,"532,854,881",-0.010251859866173,3,6950.54102476093,3,"532,881",2,-0.0100689713415386,6947.48499,1.002,-0.010251859866173,0.002
"250,393,636,874",-0.01,4,6978.35768106855,"251,393,640,874",-0.0110362309446853,4,6964.18613882167,2,"251,393,640,874",4,-0.0110362309446853,6962.93772,0.005,-0.0110362309446853,0.005
"157,275,380,537,699,843",-0.01,6,7034.64664779576,"160,275,380,537,699,843",-0.010627525227168,6,7036.63980646444,2,"160,275,380,537,699,843",6,-0.010627525227168,7035.6657,0.003,-0.010627525227168,0.003
"528,685",-0.01,2,6992.23322386118,"528,688",-0.00992692704770119,2,6983.73051233649,2,"528,688",2,-0.00992692704770119,6981.57061,0.003,-0.00992692704770119,0.003
"199,370,567,738,866",-0.01,5,6921.50504139542,"193,199,353,370,563,569,575,738,866",-0.0101655036316372,9,6952.00175143111,5,"193,370,569,738,866",5,-0.0104833692294973,6914.1116,4.002,-0.0101655036316372,0.008
"172,296,488,657,768",-0.01,5,7107.87342550688,"169,176,296,488,658,768",-0.00962934984454542,6,7118.40229313635,3,"176,296,488,658,768",5,-0.00948941166750832,7102.28088,1.004,-0.00962934984454542,0.005
"115,389,569,789,891",-0.01,5,6914.09797540532,"115,389,569,791,892",-0.0104064206665122,5,6906.80579286763,2,"115,389,569,791,892",5,-0.0104064206665122,6903.43647,0.003,-0.0104064206665122,0.003
"157,584",-0.01,2,6944.2939971036,"157,584",-0.00978991018663924,2,6942.48388511386,2,"157,584",2,-0.00978991018663924,6942.47708,0,-0.00978991018663924,0
"123,406,723",-0.01,3,6956.04682084745,"123,405,722",-0.00949096196046293,3,6949.9214166607,2,"123,405,722",3,-0.00949096196046293,6949.7749,0.002,-0.00949096196046293,0.002
"158,325,457,594,763,873",-0.01,6,7043.15536117083,"158,325,457,595,763,874",-0.00946390938911301,6,7040.18329639916,2,"158,325,457,595,763,874",6,-0.00946390938911301,7033.52615,0.002,-0.00946390938911301,0.002
"347,452",-0.01,2,6995.70356030973,"347,453",-0.00995628406132473,2,6995.52667771075,2,"347,453",2,-0.00995628406132473,6994.09194,0.001,-0.00995628406132473,0.001
"310,475,682,855",-0.01,4,6960.79957414768,"310,475,682,855",-0.0105820691141733,4,6959.74653063466,2,"310,475,682,855",4,-0.0105820691141733,6959.09473,0,-0.0105820691141733,0
"490",-0.01,1,6917.98136014521,"489",-0.0100510537191191,1,6911.35976350268,2,"489",1,-0.0100510537191191,6911.34059,0.001,-0.0100510537191191,0.001
"287,479,660,892",-0.01,4,7008.61780595022,"287,479,660,864,893",-0.00952324535650875,5,7008.60495100528,3,"287,479,660,893",4,-0.00995687613701725,7002.79964,1.001,-0.00952324535650875,0.001
"306,711",-0.01,2,6984.76407801999,"306,712",-0.0101838550740682,2,6978.50104109387,2,"306,712",2,-0.0101838550740682,6978.04281,0.001,-0.0101838550740682,0.001
"137,263,364,508,636,768,892",-0.01,7,7020.95351780426,"138,263,364,508,635,769,892",-0.00993563701829434,7,7009.70871647011,2,"138,263,364,508,635,769,892",7,-0.00993563701829434,7008.83965,0.003,-0.00993563701829434,0.003
"151,790",-0.01,2,7015.08848896033,"151,789,802",-0.00995666112409537,3,7018.46993659088,3,"151,789",2,-0.0100105970418763,7012.85406,1.001,-0.00995666112409537,0.001
"312,441,612,796",-0.01,4,6974.30558515807,"310,341,442,612,628,795",-0.0106121020295212,6,6983.321350936,3,"310,442,612,795",4,-0.0106125258722199,6961.85242,2.004,-0.0106121020295212,0.004
"198,437,601,788",-0.01,4,7002.43148341896,"198,437,449,603,788",-0.0103538665811255,5,7015.11672126463,4,"198,437,603,788",4,-0.0101599459708244,7000.37491,1.002,-0.0103538665811255,0.002
"109,406,680",-0.01,3,7011.84115778875,"109,406,679,680",-0.009721804341806,4,7024.48598834982,3,"109,406,680",3,-0.00974438136994138,7011.25381,1,-0.009721804341806,0
"236,337,568,791",-0.01,4,6888.44256599267,"236,337,568,791",-0.0103079669697673,4,6883.95263665522,2,"236,337,568,791",4,-0.0103079669697673,6883.9154,0,-0.0103079669697673,0
"256,434,695,856",-0.01,4,6986.20519249673,"256,434,695,856",-0.00996858183018029,4,6979.91594292445,2,"256,434,695,856",4,-0.00996858183018029,6977.18056,0,-0.00996858183018029,0
"166,328,517,738,875",-0.01,5,7007.40504945211,"166,328,517,736,874",-0.0106869580516526,5,7003.33736542042,2,"166,328,517,736,874",5,-0.0106869580516526,6998.28937,0.003,-0.0106869580516526,0.003
"198,434,642,766",-0.01,4,6926.98766223608,"196,434,639,764",-0.00912969901373985,4,6905.5427069181,2,"196,434,639,764",4,-0.00912969901373985,6904.31731,0.007,-0.00912969901373985,0.007
"297,555,709,889",-0.01,4,6932.41771399166,"297,554,709,888",-0.0098897255577585,4,6929.76655309642,2,"297,554,709,888",4,-0.0098897255577585,6924.35572,0.002,-0.0098897255577585,0.002
"192,384,577,770",-0.01,4,6981.76018936067,"190,197,384,577,770",-0.00979454023349226,5,6983.8487528292,3,"197,384,577,770",4,-0.00958037644485145,6977.01541,1.002,-0.00979454023349226,0.005
"151,324,452,677,813",-0.01,5,7030.9317342417,"151,324,451,677,813",-0.0107923472626028,5,7025.0829972587,2,"151,324,451,677,813",5,-0.0107923472626028,7023.53236,0.001,-0.0107923472626028,0.001
"221,453,706,860",-0.01,4,6915.65631628107,"221,457,706,860",-0.00928031393981428,4,6914.16185895268,2,"221,457,706,860",4,-0.00928031393981428,6906.971,0.004,-0.00928031393981428,0.004
"218,447,643,893",-0.01,4,7047.53465327261,"218,447,646,893",-0.010115629189859,4,7040.563150233,2,"218,447,646,893",4,-0.010115629189859,7034.23071,0.003,-0.010115629189859,0.003
"176,411,608,723",-0.01,4,6979.65483375,"176,410,608,723",-0.0100357703745606,4,6976.96940315737,2,"176,410,608,723",4,-0.0100357703745606,6976.39023,0.001,-0.0100357703745606,0.001
"351,735",-0.01,2,6950.04060640319,"351,736",-0.0101240354482994,2,6947.8494364876,2,"351,736",2,-0.0101240354482994,6944.43615,0.001,-0.0101240354482994,0.001
"136,265,389,509,638,763,865",-0.01,7,7038.06423508115,"136,265,389,509,639,765,865",-0.0101341075417788,7,7033.09168852656,2,"136,265,389,509,639,765,865",7,-0.0101341075417788,7028.6402,0.003,-0.0101341075417788,0.003
"152,331,502,682,791",-0.01,5,7008.49131648808,"152,332,504,685,792",-0.0105492600587236,5,7001.65203920615,2,"152,332,504,685,792",5,-0.0105492600587236,6992.83315,0.007,-0.0105492600587236,0.007
"228,334,492,805",-0.01,4,6960.60279126229,"229,333,492,806",-0.00993864336847458,4,6947.49447438856,2,"229,333,492,806",4,-0.00993864336847458,6946.83148,0.003,-0.00993864336847458,0.003
"150,269,369,528,681,836",-0.01,6,7013.6645434112,"150,270,369,386,528,684,834",-0.0112536899125464,7,6996.11818604153,5,"150,270,369,528,684,834",6,-0.0107741726967228,6984.83128,1.006,-0.0112536899125464,0.006
"129,236,380,514,641,822",-0.01,6,6976.02463420651,"130,236,380,514,641,824",-0.0108668496384977,6,6967.55000651199,2,"130,236,380,514,641,824",6,-0.0108668496384977,6961.91777,0.003,-0.0108668496384977,0.003
"277,561,850",-0.01,3,6932.88295910851,"277,561,850",-0.00937387229975442,3,6929.91909331322,2,"277,561,850",3,-0.00937387229975442,6927.80926,0,-0.00937387229975442,0
"111,425,552,813",-0.01,4,6897.72444521721,"111,113,425,550,813",-0.00904418400824837,5,6891.73940790543,3,"113,425,550,813",4,-0.00906622674563559,6879.07069,1.002,-0.00904418400824837,0.004
"247,442,549,777",-0.01,4,6976.60902122264,"247,434,441,549,777",-0.0111048452546926,5,6974.94670749379,8,"247,441,549,777",4,-0.0109291749434357,6967.95856,1.001,-0.0111048452546926,0.001
"129,271,388,502,606,740,860",-0.01,7,7012.47581751766,"127,271,388,500,605,740,860",-0.0113668794845437,7,6974.9870735025,2,"127,271,388,500,605,740,860",7,-0.0113668794845437,6972.44232,0.005,-0.0113668794845437,0.005
"110,237,383,505,605,729,869",-0.01,7,7082.92924872827,"111,235,382,501,505,602,722,869",-0.0102572078435667,8,7083.05105652409,3,"111,235,382,501,602,722,869",7,-0.0101040416649091,7066.46104,1.014,-0.0102572078435667,0.018
"232,521,837",-0.01,3,7045.2155142231,"232,521,837",-0.00966060187238426,3,7045.38041156317,2,"232,521,837",3,-0.00966060187238426,7042.67975,0,-0.00966060187238426,0
"133,240,357,508,610,733,888",-0.01,7,7010.76883717372,"130,135,240,356,508,610,733,888",-0.0109693829160838,8,6993.10437832098,3,"130,240,356,508,610,733,888",7,-0.0107439282165164,6980.59452,1.003,-0.0109693829160838,0.004
"103,241,366,511,616,754,858",-0.01,7,6982.40074685614,"102,241,365,511,616,756,856",-0.00950875577238926,7,6991.96371160726,2,"102,241,365,511,616,756,856",7,-0.00950875577238926,6972.99779,0.006,-0.00950875577238926,0.006
"198,306,453,608,740,862",-0.01,6,6985.8570215353,"198,306,453,607,740,862,911",-0.00924237647017534,7,6995.73282546421,3,"198,306,453,607,740,862",6,-0.00983491768404138,6977.67379,1.001,-0.00924237647017534,0.001
"228,388,512,721",-0.01,4,7018.3930895359,"228,388,513,719,721",-0.010216488014644,5,7034.04229843149,3,"228,388,513,719",4,-0.010298375013837,7015.99544,1.001,-0.010216488014644,0.003
"247,366,548,757",-0.01,4,7040.97956459745,"249,364,548,758",-0.0101289518319037,4,7033.48537146676,2,"249,364,548,758",4,-0.0101289518319037,7026.63133,0.005,-0.0101289518319037,0.005
"102,324,596,730",-0.01,4,7025.96682055106,"102,319,596,730",-0.0101912764388869,4,7022.57733819875,2,"102,319,596,730",4,-0.0101912764388869,7019.98681,0.005,-0.0101912764388869,0.005
"165,325,448,563,716,855",-0.01,6,7020.76042240152,"168,325,446,448,563,716,856",-0.0105571955480182,7,7014.24653984538,3,"168,325,446,563,716,856",6,-0.0104847887304532,6997.30777,1.004,-0.0105571955480182,0.006
"164,275,422,560,725,830",-0.01,6,6985.30831836833,"164,274,422,561,726,830",-0.00942847594613662,6,6966.94661861545,2,"164,274,422,561,726,830",6,-0.00942847594613662,6966.78898,0.003,-0.00942847594613662,0.003
"581",-0.01,1,6863.41722984325,"581",-0.0101491086054455,1,6858.20982613444,1,"581",1,-0.0101491086054455,6858.20983,0,-0.0101491086054455,0
"365",-0.01,1,6974.88593636836,"365",-0.0101668561185561,1,6972.6049599043,2,"365",1,-0.0101668561185561,6972.42743,0,-0.0101668561185561,0
"110,259,408,532,647,819",-0.01,6,7014.37831029232,"110,259,408,532,648,819",-0.00965247332721152,6,7008.29847743096,2,"110,259,408,532,648,819",6,-0.00965247332721152,7006.49404,0.001,-0.00965247332721152,0.001
"341,576,681",-0.01,3,6904.01822865706,"341,576,680",-0.0102604927314888,3,6900.29579984419,2,"341,576,680",3,-0.0102604927314888,6899.52327,0.001,-0.0102604927314888,0.001
"180,281,494,754,886",-0.01,5,7015.53215687159,"180,281,493,754,886",-0.0108750378822827,5,7017.66003706558,2,"180,281,493,754,886",5,-0.0108750378822827,7006.17129,0.001,-0.0108750378822827,0.001
"400,623",-0.01,2,7044.90736104807,"400,623",-0.00979223067002514,2,7042.0379183273,2,"400,623",2,-0.00979223067002514,7041.95015,0,-0.00979223067002514,0
"340,663",-0.01,2,7030.70589254934,"340,663",-0.00998482969075618,2,7028.52802960329,1,"340,663",2,-0.00998482969075618,7028.52803,0,-0.00998482969075618,0
"317,684,899",-0.01,3,7030.47984345354,"317,684,899",-0.0102696327499983,3,7042.9417830209,2,"317,684,899",3,-0.0102696327499983,7029.04529,0,-0.0102696327499983,0
"263,446,683,899",-0.01,4,6951.61896998369,"263,446,683,900",-0.00964582993075842,4,6957.01606120511,2,"263,446,683,900",4,-0.00964582993075842,6943.99331,0.001,-0.00964582993075842,0.001
"128,244,374,491,614,739,870",-0.01,7,7043.543753952,"128,245,374,493,613,739,870",-0.0112595444521772,7,7031.85526552122,2,"128,245,374,493,613,739,870",7,-0.0112595444521772,7029.77674,0.004,-0.0112595444521772,0.004
"242",-0.01,1,6905.84636418892,"242",-0.0100313537532847,1,6905.45581742561,2,"242",1,-0.0100313537532847,6905.44066,0,-0.0100313537532847,0
"186,335,438,547,715,896",-0.01,6,7045.16373554579,"186,335,438,547,715,896",-0.00982356577735148,6,7038.48300429061,2,"186,335,438,547,715,896",6,-0.00982356577735148,7037.57182,0,-0.00982356577735148,0
"141,257,414,598,794",-0.01,5,7106.70041595144,"140,259,414,597,794",-0.0105723233294964,5,7095.68590893916,2,"140,259,414,597,794",5,-0.0105723233294964,7094.19193,0.004,-0.0105723233294964,0.004
"195,348,456,712,900",-0.01,5,6969.82239587772,"146,196,350,453,715,900",-0.0109978408424903,6,6967.72466585266,3,"196,350,453,715,900",5,-0.0105188733866319,6959.36585,1.009,-0.0109978408424903,0.009
"183,315,440,626,785",-0.01,5,7059.98570819083,"182,315,437,626,781,785,819",-0.0109252471703066,7,7075.78002982005,3,"182,315,437,626,785",5,-0.0103816405439062,7052.93627,2.004,-0.0109252471703066,0.004
"140,349,481,689,890",-0.01,5,7021.69578224934,"140,143,349,409,480,689,889",-0.010073593398923,7,7045.19675030273,4,"143,349,480,689,889",5,-0.00979754399265174,7011.69375,2.002,-0.010073593398923,0.005
"113,246,377,496,612,748,880",-0.01,7,6925.44555438146,"113,243,377,497,612,648,748,883",-0.0101388246422427,8,6907.02050897279,3,"113,243,377,497,612,748,883",7,-0.0093498170769179,6892.1738,1.007,-0.0101388246422427,0.007
"110,226,368,509,643,776,877",-0.01,7,7096.46242279612,"110,226,369,511,642,643,776,877",-0.0103505917179785,8,7099.90882396102,3,"110,226,369,511,642,776,877",7,-0.0103085049355301,7084.5412,1.003,-0.0103505917179785,0.004
"312,626,795",-0.01,3,6940.82009941526,"312,626,795",-0.01029720322508,3,6938.40499623377,2,"312,626,795",3,-0.01029720322508,6938.30398,0,-0.01029720322508,0
"179,369,609,829",-0.01,4,6957.36856228079,"179,182,369,608,829",-0.0089839337891204,5,6954.82820403033,3,"182,369,608,829",4,-0.00905523367102554,6943.32578,1.001,-0.0089839337891204,0.004
"388,539",-0.01,2,6929.9667906354,"389,539",-0.0100066296609257,2,6924.85995024035,2,"389,539",2,-0.0100066296609257,6924.84275,0.001,-0.0100066296609257,0.001
"423,650",-0.01,2,7007.99380890341,"423,650",-0.00986083505321755,2,7001.4324274049,2,"423,650",2,-0.00986083505321755,7001.3542,0,-0.00986083505321755,0
"133,381,559,742",-0.01,4,6866.75241302522,"133,382,559,741",-0.00991485649810918,4,6873.70207706839,2,"133,382,559,741",4,-0.00991485649810918,6860.17671,0.002,-0.00991485649810918,0.002
"189,301,713",-0.01,3,6939.65235951212,"189,296,322,713",-0.00976186827015522,4,6937.83503674006,3,"189,296,713",3,-0.0100864515450259,6930.00369,1.005,-0.00976186827015522,0.005
"150,653",-0.01,2,6863.70494551743,"151,654",-0.010560868364198,2,6857.01602017528,2,"151,654",2,-0.010560868364198,6851.78669,0.002,-0.010560868364198,0.002
"162,361,553,680,816",-0.01,5,6954.1762093178,"163,361,377,548,680,816",-0.00923711487124433,6,6947.99905457235,3,"163,361,548,680,816",5,-0.00883443924103322,6933.67844,1.006,-0.00923711487124433,0.006
"482,669",-0.01,2,6922.52859632694,"480,669",-0.00976870672848734,2,6923.36354418312,2,"480,669",2,-0.00976870672848734,6917.9725,0.002,-0.00976870672848734,0.002
"126,269,407,516,629,751,857",-0.01,7,7038.27562889602,"128,269,407,517,629,750,857",-0.01013096784068,7,7036.12238336728,2,"128,269,407,517,629,750,857",7,-0.01013096784068,7024.06669,0.004,-0.01013096784068,0.004
"278,477",-0.01,2,6980.71416845338,"278,477",-0.010160228404222,2,6980.03176843523,2,"278,477",2,-0.010160228404222,6980.02881,0,-0.010160228404222,0
"392,627",-0.01,2,6966.04007154569,"392,627",-0.0105345604040261,2,6962.74549015279,2,"392,627",2,-0.0105345604040261,6962.15343,0,-0.0105345604040261,0
"131,438,680",-0.01,3,6969.69421770216,"132,438,680",-0.00918093981946052,3,6961.84984082356,2,"132,438,680",3,-0.00918093981946052,6961.51408,0.001,-0.00918093981946052,0.001
"133,412,601,746",-0.01,4,6951.17306407114,"133,407,422,601,746",-0.0095446099360151,5,6952.00333861195,2,"133,407,422,601,746",5,-0.0095446099360151,6951.51942,1.005,-0.0095446099360151,1.005
"102,215,394,500,601,746,895",-0.01,7,7046.79833573058,"102,215,333,394,498,601,746,896",-0.00791035088916258,8,7039.22411946576,3,"102,215,394,498,601,746,896",7,-0.00894318940107141,7027.97787,1.003,-0.00791035088916258,0.003
"128,756",-0.01,2,7038.70378886123,"128,758",-0.0101135034553039,2,7036.65274855899,2,"128,758",2,-0.0101135034553039,7036.52686,0.002,-0.0101135034553039,0.002
"124,249,371,494,624,730,863",-0.01,7,7053.76805679311,"124,249,372,493,624,634,729,864",-0.0104086700336524,8,7044.75938217854,3,"124,249,372,493,624,729,864",7,-0.0100775941342957,7029.28388,1.004,-0.0104086700336524,0.004
"620",-0.01,1,6926.89642770335,"619",-0.00999013159292468,1,6922.78899481679,2,"619",1,-0.00999013159292468,6922.77954,0.001,-0.00999013159292468,0.001
"120,301,487,620,730,845",-0.01,6,6966.27654106351,"120,301,488,620,730,845",-0.0105198262822723,6,6961.80818175178,2,"120,301,488,620,730,845",6,-0.0105198262822723,6955.99085,0.001,-0.0105198262822723,0.001
"145,253,388,527,652,778,885",-0.01,7,6938.45640399454,"145,254,386,388,527,652,778,885",-0.0105817436886513,8,6949.49888423646,3,"145,254,388,527,652,778,885",7,-0.0104736008834794,6928.82723,1.001,-0.0105817436886513,0.001
"168,875",-0.01,2,6961.32597933783,"166,875",-0.00995425958903326,2,6975.0327364319,2,"166,875",2,-0.00995425958903326,6959.28977,0.002,-0.00995425958903326,0.002
"130,256,423,629,836",-0.01,5,7028.06795940436,"130,256,423,426,630,836",-0.0105206625633056,6,7029.12625821208,3,"130,256,426,630,836",5,-0.0104310341189056,7014.81368,1.001,-0.0105206625633056,0.004
"587,783",-0.01,2,6964.86652188475,"587,783",-0.010070422194909,2,6959.04898161792,2,"587,783",2,-0.010070422194909,6958.90326,0,-0.010070422194909,0
"641",-0.01,1,6980.89451013699,"647",-0.0101737341777234,1,6972.34028653914,2,"647",1,-0.0101737341777234,6972.05868,0.006,-0.0101737341777234,0.006
"285,440,557,737",-0.01,4,6943.71912263308,"284,440,556,737",-0.0101049559576311,4,6941.71481766052,2,"284,440,556,737",4,-0.0101049559576311,6928.78851,0.002,-0.0101049559576311,0.002
"141,249,371,479,604,735,858",-0.01,7,7040.90036402438,"139,248,371,479,604,734,735,858",-0.0102171090498461,8,7046.58956215021,3,"139,248,371,479,604,735,858",7,-0.0101633959796955,7031.10584,1.003,-0.0102171090498461,0.003
"209,412,572,684,892",-0.01,5,6971.02497937997,"209,412,572,684,892,896",-0.0105665556451899,6,6977.64273369938,3,"209,412,572,684,892",5,-0.010632095647849,6965.25474,1,-0.0105665556451899,0
"106,249,373,486,629,741,863",-0.01,7,6999.74068743352,"106,242,250,373,448,486,628,741,864",-0.0101054225833765,9,7005.2548558162,2,"106,242,250,373,448,486,628,741,864",9,-0.0101054225833765,6989.92915,2.003,-0.0101054225833765,2.003
"107,235,371,476,606,763,872",-0.01,7,6939.43116404904,"106,108,155,235,257,371,477,606,762,871",-0.00706676718213281,10,6957.39807835126,3,"106,235,371,477,606,762,871",7,-0.00809674442473634,6918.36721,3.004,-0.00706676718213281,0.004
"137,276,392,505,661,835",-0.01,6,6974.08073303674,"135,143,276,392,420,505,661,835",-0.0102108347646972,8,6980.82597127034,8,"135,276,392,505,661,835",6,-0.0102201265089657,6965.94071,2.002,-0.0102108347646972,0.002
"106,238,467,622,865",-0.01,5,7057.07993096444,"106,238,468,621,865",-0.0104165235996409,5,7051.11919573582,2,"106,238,468,621,865",5,-0.0104165235996409,7049.34295,0.002,-0.0104165235996409,0.002
"231,369,613,726,873",-0.01,5,6927.27066413113,"231,369,613,727,729,873",-0.0101563341582056,6,6927.88679737868,3,"231,369,613,727,873",5,-0.0101954644294209,6915.30641,1.001,-0.0101563341582056,0.001
"434,719,884",-0.01,3,6933.69251272136,"434,713,725,884",-0.00928209264875699,4,6920.56219825393,8,"434,713,884",3,-0.00938882923708697,6918.7219,1.006,-0.00928209264875699,0.006
"235,431,652,764",-0.01,4,7108.34234391912,"239,433,652,764",-0.0115757350583463,4,7079.86134820192,2,"239,433,652,764",4,-0.0115757350583463,7078.78039,0.006,-0.0115757350583463,0.006
"125,338,565",-0.01,3,6990.74422320003,"125,338,565",-0.0102106503643038,3,6986.83845656924,2,"125,338,565",3,-0.0102106503643038,6986.19234,0,-0.0102106503643038,0
"778",-0.01,1,6926.70716307781,"777",-0.00984523489395134,1,6920.90934470036,2,"777",1,-0.00984523489395134,6920.35671,0.001,-0.00984523489395134,0.001
"294,453,740",-0.01,3,7043.15588177936,"294,453,740",-0.0101137306838837,3,7042.35231038476,2,"294,453,740",3,-0.0101137306838837,7041.96113,0,-0.0101137306838837,0
"153,278,433,602,731,864",-0.01,6,6960.5934082153,"153,278,281,433,434,601,731,864",-0.00954820104096988,8,6964.97481492744,3,"153,278,434,601,731,864",6,-0.00974708797805656,6938.09452,2.001,-0.00954820104096988,0.002
"184,390,497,664,774",-0.01,5,7019.59104686708,"184,390,497,664,771",-0.0110990983581672,5,7019.63720271251,2,"184,390,497,664,771",5,-0.0110990983581672,7015.12035,0.003,-0.0110990983581672,0.003
"381,671",-0.01,2,6946.20970625127,"383,671",-0.0103098636553116,2,6944.74761722606,2,"383,671",2,-0.0103098636553116,6941.13741,0.002,-0.0103098636553116,0.002
"157,299,429,547,737,873",-0.01,6,7040.91956188891,"159,299,429,547,737,875",-0.0102550394295614,6,7032.95827959676,2,"159,299,429,547,737,875",6,-0.0102550394295614,7028.0536,0.004,-0.0102550394295614,0.004
"499,773",-0.01,2,6968.34235607271,"499,773",-0.0103454171552168,2,6963.40201502474,1,"499,773",2,-0.0103454171552168,6963.40202,0,-0.0103454171552168,0
"407,649,840",-0.01,3,6938.04189456337,"167,408,642,681,841",-0.00895359235249481,5,6926.70615561425,2,"167,408,642,681,841",5,-0.00895359235249481,6926.09402,2.009,-0.00895359235249481,2.009
"162,453",-0.01,2,6996.56480893229,"162,454",-0.0101295913018962,2,6988.13012450959,2,"162,454",2,-0.0101295913018962,6987.80557,0.001,-0.0101295913018962,0.001
"118,325,530,746",-0.01,4,6968.95002211779,"120,325,530,746",-0.0101547059822028,4,6964.78202478292,2,"120,325,530,746",4,-0.0101547059822028,6964.23754,0.002,-0.0101547059822028,0.002
"243,368,596,835",-0.01,4,6950.09847845108,"243,371,407,596,835",-0.0104316381212695,5,6955.01713708406,4,"243,371,596,835",4,-0.0100132843301024,6937.03991,1.003,-0.0104316381212695,0.003
"342,644,792",-0.01,3,7012.33493662779,"342,644,792",-0.010094645442528,3,7008.94104651602,2,"342,644,792",3,-0.010094645442528,7008.9216,0,-0.010094645442528,0
"253,450,606,848",-0.01,4,6955.29363824706,"253,454,606,848",-0.00992539182199547,4,6940.75288489876,2,"253,454,606,848",4,-0.00992539182199547,6940.10696,0.004,-0.00992539182199547,0.004
"113,466",-0.01,2,6996.65145126869,"113,466",-0.00999479366043704,2,6998.1725022922,2,"113,466",2,-0.00999479366043704,6996.00855,0,-0.00999479366043704,0
"200,527,702,828",-0.01,4,6966.05608845591,"201,518,528,702,828",-0.00961877970753761,5,6979.46515475212,3,"201,528,702,828",4,-0.00930914811350307,6961.07203,1.002,-0.00961877970753761,0.002
"468",-0.01,1,6936.87663096245,"470",-0.00933561180181064,1,6923.1407178734,2,"470",1,-0.00933561180181064,6923.08324,0.002,-0.00933561180181064,0.002
"192,368,649,750",-0.01,4,7028.75733945362,"192,368,649,749",-0.00981785839627935,4,7035.17299060498,2,"192,368,649,749",4,-0.00981785839627935,7026.45353,0.001,-0.00981785839627935,0.001
"150,391,513,729",-0.01,4,6976.24981920139,"150,390,513,730",-0.00970886991661261,4,6974.50253722667,2,"150,390,513,730",4,-0.00970886991661261,6968.53597,0.002,-0.00970886991661261,0.002
"120,280,440,573,708,831",-0.01,6,6929.58182293412,"120,280,282,438,443,573,708,832",-0.00996853402228563,8,6930.70692370881,3,"120,282,438,573,708,832",6,-0.00983112250827666,6910.51444,2.003,-0.00996853402228563,0.005
"146,338,504,694,865",-0.01,5,7003.49268769724,"147,338,345,503,512,694,865",-0.00864558993989866,7,7013.16546129731,4,"147,345,503,694,865",5,-0.00865620651360635,6992.64859,2.002,-0.00864558993989866,0.009
"166,333,454,572,720,848",-0.01,6,7049.9312670111,"165,334,454,572,720,849",-0.00970250535300754,6,7044.61652214283,2,"165,334,454,572,720,849",6,-0.00970250535300754,7040.71905,0.003,-0.00970250535300754,0.003
"282,490",-0.01,2,6937.14549715143,"283,490",-0.00998343837329202,2,6933.44195368183,2,"283,490",2,-0.00998343837329202,6931.5971,0.001,-0.00998343837329202,0.001
"290,473,735",-0.01,3,6980.14860495161,"290,473,735",-0.00988995150134352,3,6979.14727179938,2,"290,473,735",3,-0.00988995150134352,6978.47441,0,-0.00988995150134352,0
"146,271,379,518,624,761,887",-0.01,7,6959.43812014039,"146,269,382,518,623,761,887",-0.0101339649551697,7,6958.53458623149,2,"146,269,382,518,623,761,887",7,-0.0101339649551697,6944.14872,0.006,-0.0101339649551697,0.006
"485,845",-0.01,2,7003.2738788227,"485,844",-0.00942464449041809,2,6997.7735609392,2,"485,844",2,-0.00942464449041809,6992.52301,0.001,-0.00942464449041809,0.001
"235,513,625,810",-0.01,4,6940.68656534229,"235,513,625,809",-0.0102555991869452,4,6932.86515286462,2,"235,513,625,809",4,-0.0102555991869452,6931.93651,0.001,-0.0102555991869452,0.001
"143,271,395,535,661,766,871",-0.01,7,7024.44153379655,"271,395,535,746,763,802",-0.0196248370363949,6,7114.1998821796,3,"271,395,535,763",4,-0.0189432412376806,7093.94847,1.182,-0.0196248370363949,3.356
"218,897",-0.01,2,6970.50582016711,"218,897",-0.0102127236998136,2,6968.56152751423,2,"218,897",2,-0.0102127236998136,6967.80605,0,-0.0102127236998136,0
"132,238,375,571,731,878",-0.01,6,7088.78607312751,"132,238,375,379,450,571,731,877",-0.010422391855391,8,7095.52653684322,3,"132,238,375,571,731,877",6,-0.0112935535499757,7070.37334,2.001,-0.010422391855391,0.001
"132,307,438,624,766,875",-0.01,6,7054.91775445677,"132,307,438,625,766,875",-0.00984086552238917,6,7049.76611443087,2,"132,307,438,625,766,875",6,-0.00984086552238917,7044.53334,0.001,-0.00984086552238917,0.001
"314,742",-0.01,2,6904.77346081606,"314,740,743",-0.00990670946546645,3,6912.35414496761,3,"314,743",2,-0.0098516939218316,6900.775,1.001,-0.00990670946546645,0.001
"308,606,876",-0.01,3,6958.35368604127,"308,606,876",-0.00950466577038312,3,6957.09475676789,2,"308,606,876",3,-0.00950466577038312,6956.60886,0,-0.00950466577038312,0
"123,263,386,519,638,771,877",-0.01,7,6968.42773876105,"123,263,385,519,637,640,771,877",-0.0106672979097269,8,6981.18348668696,3,"123,263,385,519,637,771,877",7,-0.010506617706391,6960.76012,1.002,-0.0106672979097269,0.002
"173,390,622,829",-0.01,4,7041.674520829,"173,390,622,833",-0.00991360474549212,4,7043.57611028567,2,"173,390,622,833",4,-0.00991360474549212,7038.47447,0.004,-0.00991360474549212,0.004
"102,213,371,480,702,824",-0.01,6,6908.1160224784,"102,213,370,480,702,824",-0.0100818802770883,6,6903.44613627979,2,"102,213,370,480,702,824",6,-0.0100818802770883,6902.93077,0.001,-0.0100818802770883,0.001
"480",-0.01,1,6967.96247381515,"483,489",-0.0100518064078902,2,6969.69613702191,3,"489",1,-0.0101030847861776,6959.00196,1.003,-0.0100518064078902,0.009
"173,304,431,574,708,890",-0.01,6,6973.48725948786,"173,303,431,574,711,890",-0.00968460090520911,6,6972.14373050647,2,"173,303,431,574,711,890",6,-0.00968460090520911,6957.57444,0.004,-0.00968460090520911,0.004
"705",-0.01,1,6963.72523490987,"705",-0.0100997473470238,1,6957.07183688791,2,"705",1,-0.0100997473470238,6956.75672,0,-0.0100997473470238,0
"195,387,532,655,851",-0.01,5,6970.1116919435,"194,387,532,657,851",-0.00959135791289232,5,6959.95469619511,2,"194,387,532,657,851",5,-0.00959135791289232,6957.98616,0.003,-0.00959135791289232,0.003
"178,358,680",-0.01,3,6922.06484346133,"177,359,680",-0.0101046256085372,3,6916.18411504387,2,"177,359,680",3,-0.0101046256085372,6915.64938,0.002,-0.0101046256085372,0.002
"116,241,364,476,608,746,857",-0.01,7,6943.51961777821,"116,241,363,480,608,743,746,857",-0.0085662661773442,8,6935.31664157836,3,"116,241,363,480,608,743,857",7,-0.00868854653290389,6921.17577,1.005,-0.0085662661773442,0.008
"138,441,755",-0.01,3,6931.26719620768,"139,441,754",-0.0105128493911004,3,6919.66252520747,2,"139,441,754",3,-0.0105128493911004,6918.83979,0.002,-0.0105128493911004,0.002
"133,416,796",-0.01,3,6956.56317289278,"133,416,798",-0.00985386011223004,3,6946.45444822239,2,"133,416,798",3,-0.00985386011223004,6946.10431,0.002,-0.00985386011223004,0.002
"764",-0.01,1,6954.45508984049,"764",-0.00981139185061275,1,6950.56412199035,1,"764",1,-0.00981139185061275,6950.56412,0,-0.00981139185061275,0
"140,286,537,783",-0.01,4,6957.05433367921,"141,285,287,289,537,783",-0.0108519087788023,6,6971.83112044677,3,"141,285,537,783",4,-0.0109598285255051,6947.26644,2.002,-0.0108519087788023,0.002
"541",-0.01,1,6917.30920486345,"541",-0.0098826810724152,1,6910.02888634037,2,"541",1,-0.0098826810724152,6909.95096,0,-0.0098826810724152,0
"292,619,842",-0.01,3,6910.15883725999,"293,619,842",-0.0102956899811551,3,6898.43684612032,2,"293,619,842",3,-0.0102956899811551,6898.41265,0.001,-0.0102956899811551,0.001
"242,670",-0.01,2,6942.70548863779,"243,670",-0.0102325518930649,2,6933.59776325957,1,"243,670",2,-0.0102325518930649,6933.59776,0.001,-0.0102325518930649,0.001
"146,313,420,574,780",-0.01,5,6975.80970127961,"141,146,150,313,420,574,780",-0.00838024935475933,7,6991.18818949622,3,"150,313,420,574,780",5,-0.00862577367855014,6970.8206,2,-0.00838024935475933,0.004
"341,844",-0.01,2,6976.06069338462,"342,845",-0.00976149207709799,2,6964.63361786141,2,"342,845",2,-0.00976149207709799,6964.34474,0.002,-0.00976149207709799,0.002
"493",-0.01,1,7002.54969882375,"493",-0.00990527055075997,1,7001.73891548123,2,"493",1,-0.00990527055075997,7001.7382,0,-0.00990527055075997,0
"199,403,565,673,781",-0.01,5,6992.92378816293,"201,403,565,665,781",-0.0111164068847146,5,6981.87593264207,2,"201,403,565,665,781",5,-0.0111164068847146,6979.40928,0.01,-0.0111164068847146,0.01
"201,402,570,691,794",-0.01,5,6999.22963356089,"200,402,572,691,791",-0.0117329269890009,5,6978.69414552355,2,"200,402,572,691,791",5,-0.0117329269890009,6976.96934,0.006,-0.0117329269890009,0.006
"209,463,588,804",-0.01,4,6914.6009058378,"209,463,588,804",-0.0100617110593127,4,6915.32355498977,2,"209,463,588,804",4,-0.0100617110593127,6914.21079,0,-0.0100617110593127,0
"829",-0.01,1,6999.64889839686,"829",-0.00985405735056403,1,6996.98142075336,2,"829",1,-0.00985405735056403,6996.97886,0,-0.00985405735056403,0
"363,763",-0.01,2,6956.16576174682,"363,763",-0.00982835424448031,2,6954.86201909524,2,"363,763",2,-0.00982835424448031,6954.48886,0,-0.00982835424448031,0
"446",-0.01,1,6939.03347906282,"446",-0.0100976889999767,1,6936.48194484113,2,"446",1,-0.0100976889999767,6936.48167,0,-0.0100976889999767,0
"191,470,581",-0.01,3,7015.25131198824,"192,470,580",-0.00950082427139534,3,7005.33093315431,2,"192,470,580",3,-0.00950082427139534,7005.2644,0.002,-0.00950082427139534,0.002
"659",-0.01,1,6910.88574133444,"657",-0.0101511941359043,1,6899.35070616231,2,"657",1,-0.0101511941359043,6899.27184,0.002,-0.0101511941359043,0.002
"127,275,410,571,732,863",-0.01,6,7024.6554822087,"127,275,410,571,736,863",-0.0086828360374132,6,7020.39450528827,2,"127,275,410,571,736,863",6,-0.0086828360374132,7018.10108,0.004,-0.0086828360374132,0.004
"449",-0.01,1,6933.2277237367,"449",-0.00998549504992012,1,6933.10319651574,2,"449",1,-0.00998549504992012,6930.89766,0,-0.00998549504992012,0
"171,354,545,817",-0.01,4,7034.82517972571,"171,354,545,546,817",-0.00922873492274391,5,7045.09630005398,3,"171,354,545,817",4,-0.00926777307320797,7032.32905,1,-0.00922873492274391,0
"228,779",-0.01,2,7013.63742289549,"228,780",-0.0103538065459771,2,7004.67607988894,2,"228,780",2,-0.0103538065459771,7004.61946,0.001,-0.0103538065459771,0.001
"106,267,404,541,714,851",-0.01,6,7011.57167790135,"100,107,267,405,541,713,716,720,851",-0.00950729010735435,9,7037.74619566555,3,"100,267,405,541,716,851",6,-0.0100094535083047,6998.19784,3.003,-0.00950729010735435,0.009
"126,249,381,508,616,771,891",-0.01,7,6965.20487800466,"126,248,249,343,380,381,508,615,773,891",-0.00871342516099788,10,6999.2600918552,3,"126,249,380,508,615,773,891",7,-0.00912859144376795,6954.2123,3.003,-0.00871342516099788,0.004
"182,696",-0.01,2,6952.83319312687,"182,695",-0.0103964061508371,2,6945.07392200588,2,"182,695",2,-0.0103964061508371,6944.93797,0.001,-0.0103964061508371,0.001
"130,279,383,517,621,742,879",-0.01,7,7074.77472540108,"129,279,386,518,618,742,879",-0.0104107543659745,7,7061.13782500274,2,"129,279,386,518,618,742,879",7,-0.0104107543659745,7058.45064,0.008,-0.0104107543659745,0.008
"101,202,403,584,722,858",-0.01,6,7043.46320144776,"101,201,202,403,584,721,858",-0.00985383586134051,7,7050.54598170732,3,"101,202,403,584,721,858",6,-0.00983112607489026,7036.84902,1.001,-0.00985383586134051,0.001
"135,253,360,497,704,847",-0.01,6,7025.33779785482,"134,253,354,491,495,704,844",-0.0103589630523448,7,7020.63533274606,3,"134,253,354,491,704,844",6,-0.0100770005735332,7008.50811,1.012,-0.0103589630523448,0.016
"129,357,538,736",-0.01,4,6997.85339130775,"128,357,538,735",-0.00977971799628629,4,6984.64233734946,2,"128,357,538,735",4,-0.00977971799628629,6984.57829,0.002,-0.00977971799628629,0.002
"463",-0.01,1,6900.94961213708,"463",-0.00973154839036915,1,6895.00954151475,2,"463",1,-0.00973154839036915,6895.00927,0,-0.00973154839036915,0
"146,310,432,639,818",-0.01,5,7011.74402746383,"146,310,433,525,638,818",-0.00886645818982956,6,7033.90572271115,2,"146,310,433,525,638,818",6,-0.00886645818982956,7011.71633,1.002,-0.00886645818982956,1.002
"566",-0.01,1,7000.88010146269,"565",-0.010092743068231,1,6996.04873908454,2,"565",1,-0.010092743068231,6995.41241,0.001,-0.010092743068231,0.001
"212,410,516,762",-0.01,4,7003.51977724047,"212,410,523,762",-0.0100877457349231,4,7001.95089728011,2,"212,410,523,762",4,-0.0100877457349231,7001.47303,0.007,-0.0100877457349231,0.007
"137,277,423,524,642,768,874",-0.01,7,7095.75792142328,"138,147,276,433,525,643,768,874",-0.0105035045135083,8,7089.80405244347,3,"138,276,433,525,643,768,874",7,-0.010163318259899,7079.45062,1.014,-0.0105035045135083,0.014
"190,296,576,879",-0.01,4,6928.33795038072,"190,295,575,879",-0.0101952996931676,4,6922.96262222467,2,"190,295,575,879",4,-0.0101952996931676,6919.94234,0.002,-0.0101952996931676,0.002
"316,612,769",-0.01,3,6987.08309859777,"316,613,769",-0.00979683378832287,3,6983.50180612833,2,"316,613,769",3,-0.00979683378832287,6982.20926,0.001,-0.00979683378832287,0.001
"162,388,557,677,898",-0.01,5,7058.53740746268,"161,388,556,675,898",-0.00966508802565187,5,7040.35025536624,2,"161,388,556,675,898",5,-0.00966508802565187,7039.34292,0.004,-0.00966508802565187,0.004
"200,395,503,675,871",-0.01,5,7010.01111858806,"200,393,503,675,871",-0.0103383085517534,5,6998.71515269189,2,"200,393,503,675,871",5,-0.0103383085517534,6998.26508,0.002,-0.0103383085517534,0.002
"107,475,761,885",-0.01,4,7031.25768490314,"106,475,757,883",-0.0100751271087757,4,7018.41520449192,2,"106,475,757,883",4,-0.0100751271087757,7017.71379,0.007,-0.0100751271087757,0.007
"165,386,520,717,823",-0.01,5,6968.27371651488,"165,386,519,711,823",-0.0102710781647851,5,6961.51137880471,2,"165,386,519,711,823",5,-0.0102710781647851,6956.25675,0.007,-0.0102710781647851,0.007
"104,230,352,488,620,754,886",-0.01,7,7068.0436253173,"104,230,352,488,619,754,886",-0.0112910798055465,7,7056.90275144762,2,"104,230,352,488,619,754,886",7,-0.0112910798055465,7055.66664,0.001,-0.0112910798055465,0.001
"114,243,435,539,646,820",-0.01,6,7019.89358748887,"114,243,436,539,646,821",-0.00957357095232682,6,7013.61319124365,2,"114,243,436,539,646,821",6,-0.00957357095232682,7005.99217,0.002,-0.00957357095232682,0.002
"674",-0.01,1,6944.59144516526,"674",-0.0100311512994276,1,6951.82841679021,2,"674",1,-0.0100311512994276,6944.12396,0,-0.0100311512994276,0
"358,519,871",-0.01,3,7000.60698221995,"357,519,871",-0.0100933997629581,3,6993.75215964709,2,"357,519,871",3,-0.0100933997629581,6992.0659,0.001,-0.0100933997629581,0.001
"223,806",-0.01,2,6923.24652200136,"223,806",-0.00990088163836699,2,6920.37533156666,2,"223,806",2,-0.00990088163836699,6919.88972,0,-0.00990088163836699,0
"370,487",-0.01,2,6905.71951122465,"369,487",-0.00989880114791199,2,6904.06650602881,2,"369,487",2,-0.00989880114791199,6903.82781,0.001,-0.00989880114791199,0.001
"581,697,851",-0.01,3,7074.33235118531,"581,697,851",-0.010158326350036,3,7073.00615942022,2,"581,697,851",3,-0.010158326350036,7072.508,0,-0.010158326350036,0
"155,262,396,547,693,841",-0.01,6,6973.01999293234,"154,262,396,547,694,839,841",-0.0100997952847799,7,6976.66177373739,3,"154,262,396,547,694,841",6,-0.0101824420335541,6962.08415,1.002,-0.0100997952847799,0.002
"123,252,390,518,656,767,874",-0.01,7,7017.27297014714,"123,253,390,514,657,767,874",-0.00996282806475559,7,6996.78186168856,2,"123,253,390,514,657,767,874",7,-0.00996282806475559,6988.35889,0.006,-0.00996282806475559,0.006
"107,293,489,600,731,874",-0.01,6,6995.77495453513,"103,107,292,490,600,731,874",-0.010577363127469,7,6999.19020368407,5,"107,292,490,600,731,874",6,-0.0104930090666995,6986.39701,1.002,-0.010577363127469,0.002
"102,231,360,472,602,741,877",-0.01,7,7035.17697820583,"101,230,358,472,602,741,876",-0.0117826325441585,7,7030.75444351917,2,"101,230,358,472,602,741,876",7,-0.0117826325441585,7020.25816,0.005,-0.0117826325441585,0.005
"247,483,699,860",-0.01,4,6920.1934480425,"246,483,699,860",-0.00960673440442214,4,6917.36436630727,2,"246,483,699,860",4,-0.00960673440442214,6915.10715,0.001,-0.00960673440442214,0.001
"325,491,754",-0.01,3,7017.34316172791,"325,491,754",-0.0109366153590738,3,7012.00465089473,2,"325,491,754",3,-0.0109366153590738,7009.38476,0,-0.0109366153590738,0
"741",-0.01,1,6917.24467163647,"741",-0.0100266393749687,1,6916.5136618295,2,"741",1,-0.0100266393749687,6916.50943,0,-0.0100266393749687,0
"191,495,632",-0.01,3,7004.83050259766,"191,492,631",-0.00984203748307997,3,7006.06117574599,2,"191,492,631",3,-0.00984203748307997,7002.30308,0.004,-0.00984203748307997,0.004
"156,301,422,695",-0.01,4,6917.52564788074,"154,300,422,691",-0.00988017189265201,4,6913.0961811679,2,"154,300,422,691",4,-0.00988017189265201,6905.85682,0.007,-0.00988017189265201,0.007
"253,451,643,855",-0.01,4,6935.88694201918,"253,455,643,855",-0.00987613055093872,4,6926.04370875986,2,"253,455,643,855",4,-0.00987613055093872,6924.22275,0.004,-0.00987613055093872,0.004
"243,391,741,867",-0.01,4,6988.20360489096,"243,390,741,867",-0.00914365295439751,4,6981.22949496284,2,"243,390,741,867",4,-0.00914365295439751,6980.68983,0.001,-0.00914365295439751,0.001
"118,319,810",-0.01,3,6966.41909173569,"118,320,810",-0.00974480446951421,3,6959.8311504988,2,"118,320,810",3,-0.00974480446951421,6959.133,0.001,-0.00974480446951421,0.001
"162,282,537,690,876",-0.01,5,7015.28451617488,"162,282,537,690,865,876",-0.00940415333427865,6,7014.23381373015,4,"162,282,537,690,876",5,-0.00970074968006793,7007.44472,1,-0.00940415333427865,0
"152,396,575,839",-0.01,4,7054.7426197514,"153,396,575,840",-0.00950678638543466,4,7041.53483663314,2,"153,396,575,840",4,-0.00950678638543466,7038.33976,0.002,-0.00950678638543466,0.002
"461,689",-0.01,2,7016.50136451106,"462,689",-0.0101118928407153,2,7018.30838297597,2,"462,689",2,-0.0101118928407153,7014.58603,0.001,-0.0101118928407153,0.001
"155,307,452,589,745,859",-0.01,6,7122.32943976889,"155,307,451,574,588,589,745,859",-0.00953575724288856,8,7137.49822768786,3,"155,307,451,589,745,859",6,-0.00993345587035256,7114.41276,2.001,-0.00953575724288856,0.001
"108,246,377,524,632,753,899",-0.01,7,6926.20065479462,"108,247,377,524,632,753,899",-0.00835473862737262,7,6915.91851480894,2,"108,247,377,524,632,753,899",7,-0.00835473862737262,6914.10108,0.001,-0.00835473862737262,0.001
"502,688",-0.01,2,6945.50920295855,"502,688",-0.0101861590739474,2,6943.61409276815,2,"502,688",2,-0.0101861590739474,6943.25148,0,-0.0101861590739474,0
"242,653,765",-0.01,3,7091.02915331828,"243,654,765",-0.00918817141279477,3,7076.82313843304,2,"243,654,765",3,-0.00918817141279477,7076.16048,0.002,-0.00918817141279477,0.002
"172,296,431,546,684,841",-0.01,6,6969.30066715729,"172,296,430,547,684,845",-0.0106044376219191,6,6962.33073989886,2,"172,296,430,547,684,845",6,-0.0106044376219191,6956.85189,0.006,-0.0106044376219191,0.006
"140,303,410,569,701,845",-0.01,6,7003.18971312115,"139,299,410,569,701,845",-0.0100759970014826,6,7012.73192513003,2,"139,299,410,569,701,845",6,-0.0100759970014826,6997.68436,0.005,-0.0100759970014826,0.005
"143,269,371,520,647,752,900",-0.01,7,6933.28493728404,"143,256,269,371,520,647,752,900",-0.0094176140823273,8,6939.84373395028,3,"143,256,371,520,647,752,900",7,-0.00986328884986953,6928.42049,1,-0.0094176140823273,0.013
"176,352,578,705,897",-0.01,5,6990.37796611571,"176,352,578,707,896,909",-0.00975360643174539,6,6986.79056499777,4,"176,352,578,707,896",5,-0.00994661790338131,6977.75418,1.003,-0.00975360643174539,0.003
"185,364,514,661,809",-0.01,5,7022.2319710913,"185,364,511,661,808",-0.00997835304309649,5,7014.71182586022,2,"185,364,511,661,808",5,-0.00997835304309649,7011.72255,0.004,-0.00997835304309649,0.004
"175,396,552,705,901",-0.01,5,6941.81146135522,"175,396,551,556,705,900",-0.00996535757014126,6,6959.57931336918,4,"175,396,551,705,900",5,-0.00984342463846387,6937.79119,1.002,-0.00996535757014126,0.002
"222,357,626,842",-0.01,4,6882.41689658381,"226,360,626,842,844",-0.00905317744297428,5,6893.33588933116,3,"226,360,626,842",4,-0.00910876984157143,6877.4192,1.007,-0.00905317744297428,0.007
"107,242,362,506,618,758,862",-0.01,7,7090.26183052252,"106,242,362,506,617,757,862",-0.0119520319933674,7,7070.16875200714,2,"106,242,362,506,617,757,862",7,-0.0119520319933674,7068.0057,0.003,-0.0119520319933674,0.003
"251,536",-0.01,2,6851.01768706137,"251,538",-0.00967435673267605,2,6846.25734294109,2,"251,538",2,-0.00967435673267605,6846.20218,0.002,-0.00967435673267605,0.002
"361,724",-0.01,2,6898.70442613411,"362,724,728",-0.00986149994404382,3,6902.83283248362,3,"362,724",2,-0.00992608421509099,6894.39081,1.001,-0.00986149994404382,0.001
"874",-0.01,1,6864.94545741325,"873",-0.0098559884264361,1,6861.78263486869,2,"873",1,-0.0098559884264361,6860.95797,0.001,-0.0098559884264361,0.001
"136,282,593,711",-0.01,4,6995.95855516672,"136,282,591,711",-0.0101002023376872,4,6994.60800820265,2,"136,282,591,711",4,-0.0101002023376872,6993.33275,0.002,-0.0101002023376872,0.002
"541",-0.01,1,6880.26803350975,"541",-0.0100312920599721,1,6878.61026260563,2,"541",1,-0.0100312920599721,6878.60805,0,-0.0100312920599721,0
"221,411",-0.01,2,6961.17701435302,"221,411",-0.0102086956121256,2,6959.73101394005,2,"221,411",2,-0.0102086956121256,6959.66367,0,-0.0102086956121256,0
"833",-0.01,1,6920.12287535037,"833",-0.00995358486741933,1,6919.46611854238,2,"833",1,-0.00995358486741933,6919.45996,0,-0.00995358486741933,0
"135,278,440,566,715,852",-0.01,6,7076.40713251483,"136,278,440,562,581,714,853,861,940",-0.0105733024812793,9,7089.57581975859,6,"136,278,440,562,714,861",6,-0.0107464115862237,7061.11771,3.007,-0.0105733024812793,0.015
"340",-0.01,1,6919.99250388041,"339",-0.0099615083471857,1,6915.54445457198,2,"339",1,-0.0099615083471857,6915.5426,0.001,-0.0099615083471857,0.001
"122,263,382,501,633,769,883",-0.01,7,7095.45561422116,"122,263,383,501,633,769,883",-0.00936181091783525,7,7092.13395685376,2,"122,263,383,501,633,769,883",7,-0.00936181091783525,7089.72569,0.001,-0.00936181091783525,0.001
"236,402,527,785",-0.01,4,7042.58175660276,"236,399,528,785",-0.0103488863821134,4,7022.85697880478,2,"236,399,528,785",4,-0.0103488863821134,7020.50175,0.004,-0.0103488863821134,0.004
"308,503,653",-0.01,3,6951.47351398225,"305,503,653",-0.00983357175167965,3,6945.80271248887,2,"305,503,653",3,-0.00983357175167965,6944.64963,0.003,-0.00983357175167965,0.003
"562,704",-0.01,2,6852.96469792932,"562,704,711",-0.0101186387376578,3,6864.40199880264,3,"562,704",2,-0.010089013264371,6849.30614,1,-0.0101186387376578,0
"110,273,374,517,634,738,897",-0.01,7,7022.55352409575,"104,273,373,515,635,738,897",-0.0110716940554812,7,7001.08834952421,2,"104,273,373,515,635,738,897",7,-0.0110716940554812,7000.81006,0.01,-0.0110716940554812,0.01
"158,267,387,536,636,815",-0.01,6,7030.55089958025,"158,267,387,535,633,815",-0.0109865042153487,6,7028.64246558011,2,"158,267,387,535,633,815",6,-0.0109865042153487,7017.60096,0.004,-0.0109865042153487,0.004
"157,344,550,692,901",-0.01,5,6938.69908441371,"157,345,550,692,900",-0.0104769834648471,5,6929.355034543,2,"157,345,550,692,900",5,-0.0104769834648471,6927.41856,0.002,-0.0104769834648471,0.002
"180,313,423,555,701,818",-0.01,6,7042.05236033259,"180,324,422,555,701,818",-0.00957000049884611,6,7028.21575952032,2,"180,324,422,555,701,818",6,-0.00957000049884611,7024.60243,0.012,-0.00957000049884611,0.012
"149,281,406,507,643,748,863",-0.01,7,7001.65419232345,"149,281,406,507,640,748,863",-0.0092131641843953,7,7015.07654158189,2,"149,281,406,507,640,748,863",7,-0.0092131641843953,6994.90901,0.003,-0.0092131641843953,0.003
"823",-0.01,1,6966.01129961647,"823",-0.0099001484826911,1,6962.28981893798,2,"823",1,-0.0099001484826911,6961.9572,0,-0.0099001484826911,0
"382,800",-0.01,2,6925.36716509987,"383,800",-0.010110555078315,2,6916.86253538739,2,"383,800",2,-0.010110555078315,6916.30112,0.001,-0.010110555078315,0.001
"124,346,545,753,890",-0.01,5,7019.50884874259,"124,345,547,753,890",-0.0104358597804862,5,7012.20239180555,2,"124,345,547,753,890",5,-0.0104358597804862,7011.11018,0.003,-0.0104358597804862,0.003
"168,296,445,635,822",-0.01,5,6902.55079005502,"168,297,445,634,822",-0.0103781165658899,5,6900.44863920547,2,"168,297,445,634,822",5,-0.0103781165658899,6895.7221,0.002,-0.0103781165658899,0.002
"119,223,330,500,677,835",-0.01,6,7050.66415650019,"119,223,328,500,676,835",-0.00985045548535361,6,7052.03693484337,2,"119,223,328,500,676,835",6,-0.00985045548535361,7044.38032,0.003,-0.00985045548535361,0.003
"134,251,387,505,636,764,896",-0.01,7,7019.04187016509,"130,246,251,388,408,505,638,763,895",-0.0110338703011282,9,7026.44866440563,7,"130,251,388,505,638,763,895",7,-0.0105737675004716,7003.99862,2.009,-0.0110338703011282,0.009
"250,651",-0.01,2,6910.26035285264,"250,651",-0.0101595721232188,2,6909.08647427674,2,"250,651",2,-0.0101595721232188,6908.80473,0,-0.0101595721232188,0
"260,625",-0.01,2,6843.76738997088,"259,625",-0.0100790744083357,2,6842.33262373789,2,"259,625",2,-0.0100790744083357,6842.14398,0.001,-0.0100790744083357,0.001
"276,586",-0.01,2,6921.35522179257,"276,585",-0.0101692877344273,2,6915.07802327993,2,"276,585",2,-0.0101692877344273,6914.43224,0.001,-0.0101692877344273,0.001
"217,527,678",-0.01,3,6968.65296983636,"217,527,678",-0.00951111974175838,3,6964.31360630071,2,"217,527,678",3,-0.00951111974175838,6964.06359,0,-0.00951111974175838,0
"209,437,583,784",-0.01,4,7002.01147500114,"209,437,583,776,784",-0.00926719767388425,5,7012.47573274354,6,"209,437,583,784",4,-0.00945072098112714,6998.35105,1,-0.00926719767388425,0
"128,259,412,561,713,855",-0.01,6,7088.87578606621,"128,258,409,416,555,707,713,854",-0.0106086383730056,8,7092.81527547805,3,"128,258,416,555,707,854",6,-0.0104693500407065,7063.21488,2.011,-0.0106086383730056,0.018
"105,328,588,738",-0.01,4,7050.24737817008,"99,105,329,588,737",-0.0105958805633622,5,7048.25745510376,3,"105,329,588,737",4,-0.0105353432427503,7038.34835,1.002,-0.0105958805633622,0.002
"588",-0.01,1,6959.02198985907,"588",-0.00970613877858123,1,6956.11324516172,2,"588",1,-0.00970613877858123,6956.00858,0,-0.00970613877858123,0
"121,224,403,593,701,900",-0.01,6,7059.11358303089,"118,224,403,597,701,900",-0.0111480836523218,6,7049.62586460257,2,"118,224,403,597,701,900",6,-0.0111480836523218,7040.08859,0.007,-0.0111480836523218,0.007
"195,656",-0.01,2,6941.2793444884,"195,655,662",-0.00994900912252345,3,6945.78855910882,6,"195,655",2,-0.0100470649257256,6938.14484,1.001,-0.00994900912252345,0.001
"123,244,370,495,624,759,881",-0.01,7,7069.1479559186,"123,244,370,495,623,759,881",-0.0104843785875849,7,7062.75180696311,2,"123,244,370,495,623,759,881",7,-0.0104843785875849,7051.72983,0.001,-0.0104843785875849,0.001
"494",-0.01,1,6982.62052001108,"494",-0.00967038428472828,1,6979.70919812141,2,"494",1,-0.00967038428472828,6979.70065,0,-0.00967038428472828,0
"219,363,467,631,789",-0.01,5,7031.59405229893,"217,363,467,625,789",-0.00976625664362185,5,7022.73266605631,2,"217,363,467,625,789",5,-0.00976625664362185,7017.59653,0.008,-0.00976625664362185,0.008
"772,886",-0.01,2,6955.68883194588,"772,886",-0.010155176730588,2,6952.62989394011,2,"772,886",2,-0.010155176730588,6952.48983,0,-0.010155176730588,0
"109,218,341,475,592,733,862",-0.01,7,7059.83467803501,"109,217,341,475,592,734,862",-0.0111174336119536,7,7052.85230836129,2,"109,217,341,475,592,734,862",7,-0.0111174336119536,7047.49132,0.002,-0.0111174336119536,0.002
"313,440,620,724",-0.01,4,6826.80193672821,"313,438,620,724",-0.0100317555039268,4,6823.10584744767,2,"313,438,620,724",4,-0.0100317555039268,6822.7923,0.002,-0.0100317555039268,0.002
"143,300,471,611,730,868",-0.01,6,7037.80732053297,"148,299,428,471,611,730,869",-0.00886841584945434,7,7040.58644276772,3,"148,299,471,611,730,869",6,-0.00952087344559676,7024.31505,1.007,-0.00886841584945434,0.007
"136,276,412,524,640,762,898",-0.01,7,6982.03609211602,"136,141,276,412,527,640,764,898,900",-0.0108315961014284,9,6999.80061265141,4,"136,276,412,527,640,764,900",7,-0.0107137502472346,6965.97077,2.005,-0.0108315961014284,0.007
"154,339,487,657,842",-0.01,5,7023.05879549549,"154,337,341,487,657,840,846",-0.0111918204595381,7,7037.55377164483,4,"154,337,487,657,840",5,-0.0108769012488749,7017.88061,2.004,-0.0111918204595381,0.004
"179,372,579,730,868",-0.01,5,6984.08018820685,"179,372,579,705,731,869",-0.0112641522531148,6,6971.26453772719,3,"179,372,579,731,869",5,-0.010812917344786,6966.631,1.002,-0.0112641522531148,0.002
"188,680",-0.01,2,6934.98500143127,"187,679",-0.00989282000405339,2,6928.81004116512,2,"187,679",2,-0.00989282000405339,6928.74983,0.002,-0.00989282000405339,0.002
"541,721",-0.01,2,6920.13532985634,"542,722",-0.010013763423252,2,6913.44198723868,2,"542,722",2,-0.010013763423252,6912.99253,0.002,-0.010013763423252,0.002
"112,459,723",-0.01,3,6899.08825676389,"112,459,723",-0.0104720320443018,3,6894.07281529365,2,"112,459,723",3,-0.0104720320443018,6893.02794,0,-0.0104720320443018,0
"189,322,422,595,810",-0.01,5,6849.17969640428,"189,322,420,424,478,595,810",-0.00793309866988987,7,6845.82711517293,3,"189,322,420,595,810",5,-0.00886601715761586,6842.08554,2.002,-0.00793309866988987,0.002
"165,386,518,644,875",-0.01,5,7041.34308574465,"163,386,520,644,875",-0.00984059312942913,5,7040.69510611671,2,"163,386,520,644,875",5,-0.00984059312942913,7033.78662,0.004,-0.00984059312942913,0.004
"115,219,349,461,576,716,859",-0.01,7,7083.31250387333,"52,89,115,219,348,460,546,577,715,856",-0.0122416668077091,10,7089.716806963,4,"115,219,348,460,577,715,856",7,-0.0107287612992965,7056.42763,3.007,-0.0122416668077091,0.007
"307,491,732",-0.01,3,6990.17463846034,"307,492,733",-0.0100883526094337,3,6979.98935161956,2,"307,492,733",3,-0.0100883526094337,6979.90945,0.002,-0.0100883526094337,0.002
"179",-0.01,1,6913.44568302798,"179",-0.0102555565368196,1,6910.08502049635,2,"179",1,-0.0102555565368196,6910.08382,0,-0.0102555565368196,0
"296,658",-0.01,2,6795.76262183431,"296,658",-0.00932591075910527,2,6787.28891203924,2,"296,658",2,-0.00932591075910527,6787.18762,0,-0.00932591075910527,0
"133,274,451,674,829",-0.01,5,6992.71528515972,"133,134,220,274,451,674,828,831",-0.0114116346212735,8,7016.70305674434,3,"134,220,274,451,674,828",6,-0.0114800875365927,6986.13246,3.001,-0.0114116346212735,1.002
"255,429,595,835",-0.01,4,6944.63409559988,"255,428,595,835",-0.00918758212151173,4,6935.29140948624,2,"255,428,595,835",4,-0.00918758212151173,6934.76004,0.001,-0.00918758212151173,0.001
"185,435,703,808",-0.01,4,7002.0257938189,"185,435,701,808",-0.00973049371044907,4,7007.82895966796,2,"185,435,701,808",4,-0.00973049371044907,6996.52455,0.002,-0.00973049371044907,0.002
"294",-0.01,1,7035.63237628177,"292",-0.0101986526172354,1,7026.66528194458,2,"292",1,-0.0101986526172354,7025.88482,0.002,-0.0101986526172354,0.002
"139,272,387,502,645,749,900",-0.01,7,7027.61365442055,"261,272,387,502,644,749,885,890,900",-0.00380267019289655,9,7103.08248548438,5,"272,387,502,644,749,885,900",7,-0.00401875087526273,7077.30448,2.123,-0.00380267019289655,0.745
"212,336,548,664,863",-0.01,5,6975.77014531798,"213,335,548,561,664,863",-0.00905251334591252,6,6973.71584725865,3,"213,335,548,664,863",5,-0.00922103854185696,6962.27159,1.002,-0.00905251334591252,0.002
"130,263,364,481,616,720,860",-0.01,7,6999.76630361395,"130,262,298,364,481,616,720,860",-0.0110707257481957,8,7004.97477029439,3,"130,262,364,481,616,720,860",7,-0.0106320219005457,6990.13158,1.001,-0.0110707257481957,0.001
"141,259,486,628,734,881",-0.01,6,7080.49798791293,"141,259,486,628,730,734,880,906",-0.00908700598708231,8,7087.96696208999,3,"141,259,486,628,734,880",6,-0.00873137877493847,7073.02175,2.001,-0.00908700598708231,0.001
"368",-0.01,1,6844.30407553044,"368",-0.00997394515568527,1,6843.95182301669,1,"368",1,-0.00997394515568527,6843.95182,0,-0.00997394515568527,0
"165,314,449,769",-0.01,4,6874.1447063426,"166,314,449,768",-0.0104785202332997,4,6866.04673365072,2,"166,314,449,768",4,-0.0104785202332997,6864.94062,0.002,-0.0104785202332997,0.002
"124,284,443,624,771",-0.01,5,7020.34128040696,"124,286,443,623,771",-0.00948505087504325,5,7012.11158815006,2,"124,286,443,623,771",5,-0.00948505087504325,7011.82776,0.003,-0.00948505087504325,0.003
"172,427,668,783",-0.01,4,6963.38089016637,"172,428,668,788",-0.00980915816036095,4,6953.30690838106,2,"172,428,668,788",4,-0.00980915816036095,6949.03671,0.006,-0.00980915816036095,0.006
"184,298,518,696,801",-0.01,5,6978.95260544966,"184,298,518,522,696,802",-0.00843830039310515,6,6974.60478896225,3,"184,298,522,696,802",5,-0.00860260354031716,6962.46546,1.001,-0.00843830039310515,0.005
"225,406,597,820",-0.01,4,6956.13601865196,"222,406,598,819",-0.00960081696221492,4,6948.78235506708,2,"222,406,598,819",4,-0.00960081696221492,6947.99278,0.005,-0.00960081696221492,0.005
"589,892",-0.01,2,7013.99909361414,"589,892",-0.0100823895861761,2,7012.76013548853,2,"589,892",2,-0.0100823895861761,7011.69956,0,-0.0100823895861761,0
"702",-0.01,1,6971.94292852577,"702",-0.0100058454796199,1,6967.68621721078,2,"702",1,-0.0100058454796199,6967.67197,0,-0.0100058454796199,0
"117,237,409,512,714,835",-0.01,6,7009.10472774769,"117,238,409,513,714,835",-0.0104398487402003,6,7003.72119558698,2,"117,238,409,513,714,835",6,-0.0104398487402003,7002.99188,0.002,-0.0104398487402003,0.002
"123,289,434,582,721,868",-0.01,6,6920.92566522466,"121,288,434,582,585,721,868",-0.00885367391626777,7,6923.35749044838,6,"121,288,434,585,721,868",6,-0.00903342534081349,6911.27696,1.003,-0.00885367391626777,0.006
"138,249,360,476,617,751,882",-0.01,7,7090.99214151849,"251,360,477,617,751,882,905,924",-0.0146976037749568,8,7175.20343842516,7,"251,360,477,617,751,882",6,-0.0141233957485106,7158.4127,1.77,-0.0146976037749568,1.341
"391,727",-0.01,2,6977.91084291577,"391,727",-0.00994411604639645,2,6979.20553930718,2,"391,727",2,-0.00994411604639645,6976.93779,0,-0.00994411604639645,0
"351,566,825",-0.01,3,6865.10926305884,"351,566,827",-0.0103597196991708,3,6848.12341688532,2,"351,566,827",3,-0.0103597196991708,6847.71468,0.002,-0.0103597196991708,0.002
"188,330,498,857",-0.01,4,6933.61544270485,"188,328,498,858",-0.00968223523345889,4,6931.06350772023,2,"188,328,498,858",4,-0.00968223523345889,6927.1247,0.003,-0.00968223523345889,0.003
"271,601",-0.01,2,6989.73037733544,"271,601",-0.00978043378929222,2,6987.47651685947,2,"271,601",2,-0.00978043378929222,6987.44126,0,-0.00978043378929222,0
"190,386,555,786,887",-0.01,5,7008.11894802945,"190,387,390,555,784,890",-0.0103060600683028,6,7014.83074286453,3,"190,387,555,784,890",5,-0.0102438110274307,7001.02996,1.006,-0.0103060600683028,0.006
"167,372,573,710,837",-0.01,5,7052.72774995992,"161,372,573,696,723,837",-0.00873559887766312,6,7047.57313802374,2,"161,372,573,696,723,837",6,-0.00873559887766312,7038.90888,1.019,-0.00873559887766312,1.019
"138,281,453,599,745,901",-0.01,6,6978.34544770186,"138,281,452,595,599,743,746,900",-0.010001815346757,8,7001.74790345824,7,"138,281,452,599,746,900",6,-0.0100476102570958,6978.28678,2.003,-0.010001815346757,0.003
"127,241,385,486,634,766,898",-0.01,7,7031.90755512021,"104,113,128,133,241,385,487,634,766,898",-0.0109493506734676,10,7046.62289621632,3,"133,241,385,487,634,766,898",7,-0.00990884894903454,7016.35772,3.002,-0.0109493506734676,0.007
"425",-0.01,1,6920.33944876585,"428",-0.0103667341787594,1,6904.49316065364,1,"428",1,-0.0103667341787594,6904.49316,0.003,-0.0103667341787594,0.003
"337,748",-0.01,2,7033.45291750415,"337,747",-0.00998070490347583,2,7024.47637220392,2,"337,747",2,-0.00998070490347583,7024.45949,0.001,-0.00998070490347583,0.001
"266,634",-0.01,2,6980.3745475992,"266,631",-0.00983236454501495,2,6968.58354567919,2,"266,631",2,-0.00983236454501495,6963.62994,0.003,-0.00983236454501495,0.003
"240,431,633,752",-0.01,4,7012.13251440575,"240,431,438,633,753",-0.00853626130805282,5,7010.87757500969,3,"240,431,633,753",4,-0.00872197321451595,6998.17354,1.001,-0.00853626130805282,0.001
"198,428,582,753",-0.01,4,6926.43629330645,"198,428,582,750",-0.00975387300211082,4,6914.13042402824,2,"198,428,582,750",4,-0.00975387300211082,6913.66511,0.003,-0.00975387300211082,0.003
"103,260,395,558,706,832",-0.01,6,6984.0745868961,"102,260,394,558,704,706,832,907,947",-0.00813403946808778,9,7015.60931182017,10,"102,260,394,558,704,706,832,947",8,-0.00819750356133597,6994.22754,3.002,-0.00813403946808778,2.002
"312",-0.01,1,6962.67331734596,"311",-0.009853347078613,1,6958.64451086383,2,"311",1,-0.009853347078613,6958.13754,0.001,-0.009853347078613,0.001
"105,307,501,816",-0.01,4,6997.1799480057,"105,310,501,817",-0.0111830920546672,4,6984.86659595177,2,"105,310,501,817",4,-0.0111830920546672,6984.57826,0.004,-0.0111830920546672,0.004
"129,313,468,704,872",-0.01,5,6975.57737781373,"127,313,468,704,855,872",-0.00969677914478487,6,6988.46071152412,3,"127,313,468,704,872",5,-0.00994609730216952,6971.75894,1.002,-0.00969677914478487,0.002
"125",-0.01,1,6906.0864655017,"127",-0.00970335841516446,1,6903.10496411944,2,"127",1,-0.00970335841516446,6900.81628,0.002,-0.00970335841516446,0.002
"140,271,406,529,639,765,896",-0.01,7,6984.35497319403,"140,271,405,527,529,636,637,764,896,906",-0.0109768789882934,10,7005.38805734283,5,"140,271,405,529,636,764,896",7,-0.0106093373175203,6959.36589,3.004,-0.0109768789882934,0.005
"159,407,618,790",-0.01,4,6900.03021306321,"163,406,617,796",-0.00998668353411724,4,6892.72007737187,2,"163,406,617,796",4,-0.00998668353411724,6887.23403,0.012,-0.00998668353411724,0.012
"135,266,385,497,612,717,853",-0.01,7,7006.42512512502,"135,266,385,496,612,716,853",-0.0106845166939797,7,6995.18652885323,2,"135,266,385,496,612,716,853",7,-0.0106845166939797,6994.41898,0.002,-0.0106845166939797,0.002
"209,384,490,895",-0.01,4,6958.19549567888,"209,385,490,894",-0.0096498634043479,4,6952.97577335442,2,"209,385,490,894",4,-0.0096498634043479,6952.72081,0.002,-0.0096498634043479,0.002
"261,596,741,847",-0.01,4,6964.51227616464,"261,596,741,847",-0.0103281731688971,4,6961.20088729687,2,"261,596,741,847",4,-0.0103281731688971,6958.65905,0,-0.0103281731688971,0
"106,285,387,539,678,851",-0.01,6,6972.31141866123,"106,285,389,541,678,851",-0.0113616250005835,6,6960.06999979793,2,"106,285,389,541,678,851",6,-0.0113616250005835,6955.48244,0.004,-0.0113616250005835,0.004
"107,236,388,517,621,758,891",-0.01,7,6996.28571952899,"107,236,384,389,514,539,621,758,891",-0.0106158631976261,9,7008.38624549555,3,"107,236,384,514,621,758,891",7,-0.0107332890820872,6991.69386,2.004,-0.0106158631976261,0.007
"204",-0.01,1,6917.31362549216,"207,214",-0.0098054772883975,2,6910.61866271142,3,"207",1,-0.00975759539715947,6900.59864,1.003,-0.0098054772883975,0.003
"169,452,780",-0.01,3,6995.40788359213,"171,452,780",-0.0102855444501808,3,6986.57898190819,2,"171,452,780",3,-0.0102855444501808,6983.57087,0.002,-0.0102855444501808,0.002
"153,264,406,597,804",-0.01,5,6996.78263743942,"153,264,406,597,803",-0.0100005435349931,5,7001.08544912292,2,"153,264,406,597,803",5,-0.0100005435349931,6993.13958,0.001,-0.0100005435349931,0.001
"107,220,331,479,616,720,860",-0.01,7,7068.99836172828,"105,220,330,479,617,721,860",-0.0100098566121631,7,7058.11845797467,2,"105,220,330,479,617,721,860",7,-0.0100098566121631,7052.56267,0.005,-0.0100098566121631,0.005
"145,296,468,583,689,820",-0.01,6,7115.03716526607,"145,298,470,579,584,688,821",-0.0104580362793856,7,7110.36228250565,3,"145,298,470,579,688,821",6,-0.0105768381155202,7096.26679,1.007,-0.0104580362793856,0.01
"126,287,446,584,740,849",-0.01,6,6989.85388065431,"126,287,445,585,740,849,853",-0.011073240065908,7,7006.16531496094,3,"126,287,445,585,740,853",6,-0.0112299640749777,6982.09573,1.002,-0.011073240065908,0.006
"387,498",-0.01,2,6988.63771890909,"387,498",-0.0100548303583996,2,6987.08255762515,2,"387,498",2,-0.0100548303583996,6986.49946,0,-0.0100548303583996,0
"227,479,696,848",-0.01,4,7003.53205288975,"227,479,697,848",-0.00958934347080833,4,6994.01383102604,2,"227,479,697,848",4,-0.00958934347080833,6992.13277,0.001,-0.00958934347080833,0.001
"444,577",-0.01,2,6934.01358759148,"247,444,463,576",-0.0110958223307559,4,6929.97673997257,4,"444,576",2,-0.010243938186302,6926.24813,2.001,-0.0110958223307559,0.001
"104,513,850",-0.01,3,6975.7716702053,"104,513,850",-0.0104152231063479,3,6967.2971806267,2,"104,513,850",3,-0.0104152231063479,6967.29662,0,-0.0104152231063479,0
"470",-0.01,1,6941.80449250394,"470",-0.0101150936770017,1,6941.25887097646,1,"470",1,-0.0101150936770017,6941.25887,0,-0.0101150936770017,0
"211,331,449,597,721,892",-0.01,6,7026.83726602114,"211,331,450,596,721,892",-0.0103838106650909,6,7026.13950470886,2,"211,331,450,596,721,892",6,-0.0103838106650909,7017.61595,0.002,-0.0103838106650909,0.002
"264,529,663,821",-0.01,4,7047.42942301519,"264,529,663,821",-0.0106213346622409,4,7042.41237192596,2,"264,529,663,821",4,-0.0106213346622409,7042.04015,0,-0.0106213346622409,0
"204,481,695",-0.01,3,7010.11331493303,"204,481,688",-0.0105693144093297,3,6994.86248717439,2,"204,481,688",3,-0.0105693144093297,6994.68456,0.007,-0.0105693144093297,0.007
"107,265,385,486,667,821",-0.01,6,7004.07207374016,"107,265,388,453,487,667,821",-0.0103653540305153,7,7008.90799077041,4,"107,265,388,487,667,821",6,-0.00994088927988767,6999.38801,1.004,-0.0103653540305153,0.004
"418,759,893",-0.01,3,6967.57118101075,"418,759,893",-0.0097687581685375,3,6965.35339418564,2,"418,759,893",3,-0.0097687581685375,6965.04662,0,-0.0097687581685375,0
"257,399,677,809",-0.01,4,6918.00490786808,"256,399,660,677,809",-0.0106867470343315,5,6907.28146859692,5,"256,399,677,809",4,-0.0101983943496254,6904.37107,1.001,-0.0106867470343315,0.001
"187,460,742",-0.01,3,6965.06828649646,"187,460,742",-0.00987267885756027,3,6962.48705267843,2,"187,460,742",3,-0.00987267885756027,6962.12445,0,-0.00987267885756027,0
"735",-0.01,1,6952.73574328294,"735",-0.0100605461638362,1,6952.50014265441,2,"735",1,-0.0100605461638362,6952.4866,0,-0.0100605461638362,0
"174,353,503,639,809",-0.01,5,7035.49792522197,"174,352,503,639,809",-0.0100110401038119,5,7030.24482863441,2,"174,352,503,639,809",5,-0.0100110401038119,7029.46776,0.001,-0.0100110401038119,0.001
"109,323,539,712",-0.01,4,6927.18095305755,"108,323,539,712",-0.0102683469852514,4,6928.54415433307,2,"108,323,539,712",4,-0.0102683469852514,6924.96653,0.001,-0.0102683469852514,0.001
"199,303,625,900",-0.01,4,7029.82901296829,"198,303,625,901",-0.0097147908247662,4,7034.79884619066,2,"198,303,625,901",4,-0.0097147908247662,7027.09807,0.002,-0.0097147908247662,0.002
"216,353,514,680,821",-0.01,5,6996.94274416331,"217,354,514,673,676,821",-0.0104869551030975,6,6995.76927401958,3,"217,354,514,676,821",5,-0.0105469086776195,6981.34464,1.006,-0.0104869551030975,0.006
"488",-0.01,1,6982.86892652195,"487",-0.0094579246416399,1,6978.17617905536,2,"487",1,-0.0094579246416399,6976.17568,0.001,-0.0094579246416399,0.001
"602",-0.01,1,6890.88804461883,"599",-0.0102978059320581,1,6881.48006117745,2,"599",1,-0.0102978059320581,6881.47998,0.003,-0.0102978059320581,0.003
"140,349,561,764,888",-0.01,5,7069.8867757759,"140,185,194,763",-0.0185175014920248,4,7159.2859143933,3,"140,194,763",3,-0.0185122945089128,7146.1826,1.201,-0.0185175014920248,2.055
"109,255,451,651,836",-0.01,5,7044.10818626293,"110,255,837,898",-0.00211974403824866,4,7138.58541306785,2,"110,255,837,898",4,-0.00211974403824866,7129.37955,1.21,-0.00211974403824866,1.21
"152,608,892",-0.01,3,6998.70745607405,"153,608,892",-0.0102097849754332,3,6990.42700930254,2,"153,608,892",3,-0.0102097849754332,6990.30358,0.001,-0.0102097849754332,0.001
"220,788",-0.01,2,6959.95554224077,"220,788",-0.00982334374639527,2,6958.75010161636,2,"220,788",2,-0.00982334374639527,6958.73371,0,-0.00982334374639527,0
"197,461,636,814",-0.01,4,6972.0767551452,"197,200,461,636,814",-0.0102928298696119,5,6985.63025973891,3,"197,461,636,814",4,-0.0101789000748709,6966.66742,1,-0.0102928298696119,0
"121,339,528,775",-0.01,4,6963.10566287375,"121,338,528,775",-0.0102425842355384,4,6950.87475270847,2,"121,338,528,775",4,-0.0102425842355384,6950.19973,0.001,-0.0102425842355384,0.001
"143,253,392,502,686,804",-0.01,6,7028.9700947794,"141,253,393,500,553,686,804",-0.00932934534536698,7,7012.47608624174,3,"141,253,393,500,686,804",6,-0.0085291151371318,7004.04791,1.005,-0.00932934534536698,0.005
"137,270,383,512,634,762,866",-0.01,7,6980.21446153386,"138,270,383,512,634,762,866,869",-0.0114179543034837,8,6980.01122265609,3,"138,270,383,512,634,762,866",7,-0.0115343961047234,6965.44515,1.001,-0.0114179543034837,0.001
"161,595",-0.01,2,6980.05018300936,"160,595",-0.0104034661360978,2,6976.49317178623,2,"160,595",2,-0.0104034661360978,6974.34117,0.001,-0.0104034661360978,0.001
"270,463,614,887",-0.01,4,6998.83914568357,"270,464,612,887",-0.0104434552500838,4,6991.18679180027,2,"270,464,612,887",4,-0.0104434552500838,6990.37187,0.003,-0.0104434552500838,0.003
"114,295,423,566,691,821",-0.01,6,7017.70608648708,"114,295,416,424,566,691,821",-0.0108599726579265,7,7009.31218881785,3,"114,295,416,566,691,821",6,-0.0111163271358537,6993.7692,1.001,-0.0108599726579265,0.007
"406,818",-0.01,2,6915.68638013588,"406,818",-0.00982232816411234,2,6915.26915381715,2,"406,818",2,-0.00982232816411234,6914.8416,0,-0.00982232816411234,0
"173,403,676,780,887",-0.01,5,6948.31431352565,"173,403,676,781,884,887",-0.00996422252454196,6,6949.88681529796,3,"173,403,676,781,884",5,-0.00992566603099886,6936.6172,1.001,-0.00996422252454196,0.004
"114,233,390,514,706,852",-0.01,6,7033.09487842876,"115,233,390,514,708,851,869",-0.00941512502925718,7,7034.89758906718,4,"115,233,390,514,708,851",6,-0.00903976344744318,7023.18926,1.004,-0.00941512502925718,0.004
"279,708",-0.01,2,7043.31716383269,"279,712",-0.0104838284190024,2,7040.73551641392,2,"279,712",2,-0.0104838284190024,7039.89189,0.004,-0.0104838284190024,0.004
"229,413",-0.01,2,6995.83624269783,"229,413",-0.0102668886863252,2,6991.48472019761,2,"229,413",2,-0.0102668886863252,6990.97308,0,-0.0102668886863252,0
"186,480,738",-0.01,3,6905.27328686059,"186,479,739",-0.0099871852344296,3,6906.54564959141,2,"186,479,739",3,-0.0099871852344296,6898.02578,0.002,-0.0099871852344296,0.002
"460",-0.01,1,6934.48272673903,"461",-0.00984321881668611,1,6931.23787630741,2,"461",1,-0.00984321881668611,6931.22995,0.001,-0.00984321881668611,0.001
"414",-0.01,1,6946.76316474198,"414",-0.0100467879465725,1,6945.25891486987,2,"414",1,-0.0100467879465725,6944.4041,0,-0.0100467879465725,0
"121,299,414,617,804",-0.01,5,7001.65102673419,"122,139,299,415,616,804",-0.0120814840601161,6,6991.81939006918,3,"122,299,415,616,804",5,-0.0118511527640014,6979.37069,1.003,-0.0120814840601161,0.003
"211,364,477,604,786",-0.01,5,6985.83755454424,"209,364,477,604,786",-0.0103244083784452,5,6979.92282996543,2,"209,364,477,604,786",5,-0.0103244083784452,6978.66186,0.002,-0.0103244083784452,0.002
"130,393,540,759",-0.01,4,6885.72970700091,"130,393,546,759",-0.0108898843371135,4,6884.98692726136,2,"130,393,546,759",4,-0.0108898843371135,6881.36346,0.006,-0.0108898843371135,0.006
"596,755",-0.01,2,7002.0274544364,"596,755",-0.00989051535329047,2,6997.63037069613,2,"596,755",2,-0.00989051535329047,6997.29303,0,-0.00989051535329047,0
"168,319,439,573,766",-0.01,5,7066.56114082653,"168,319,439,573,766",-0.0100295900188704,5,7061.81874930927,2,"168,319,439,573,766",5,-0.0100295900188704,7059.58512,0,-0.0100295900188704,0
"429,645",-0.01,2,6923.93394342112,"431,641",-0.0101257298228033,2,6919.13854145707,2,"431,641",2,-0.0101257298228033,6918.6078,0.006,-0.0101257298228033,0.006
"202,605",-0.01,2,6915.2926393947,"203,607",-0.0101064801680272,2,6910.34533938816,2,"203,607",2,-0.0101064801680272,6910.30834,0.003,-0.0101064801680272,0.003
"191,387,579,689,887",-0.01,5,7018.50405356451,"192,387,579,689,887",-0.0102227594662074,5,7012.94903199788,2,"192,387,579,689,887",5,-0.0102227594662074,7012.65286,0.001,-0.0102227594662074,0.001
"380",-0.01,1,6876.26027971574,"380",-0.0099235977969142,1,6875.3819352382,2,"380",1,-0.0099235977969142,6875.36106,0,-0.0099235977969142,0
"273,719",-0.01,2,6893.44938607812,"273,719",-0.0102014506353795,2,6893.18277489553,2,"273,719",2,-0.0102014506353795,6892.67855,0,-0.0102014506353795,0
"192,359,519,700,900",-0.01,5,7030.16077315234,"192,352,519,700,900",-0.00975115984560431,5,7045.06176574564,2,"192,352,519,700,900",5,-0.00975115984560431,7024.89926,0.007,-0.00975115984560431,0.007
"172,333,490,671,788",-0.01,5,7067.8380475693,"172,333,490,669,789",-0.00823865273372689,5,7054.35236625571,2,"172,333,490,669,789",5,-0.00823865273372689,7052.41018,0.003,-0.00823865273372689,0.003
"220,398,575,725,875",-0.01,5,7000.70526647509,"220,396,572,724,727,876",-0.0093877401736576,6,6998.91593849813,3,"220,396,572,724,876",5,-0.00947276313309871,6985.87994,1.007,-0.0093877401736576,0.007
"130,296,475,596,732,896",-0.01,6,7001.38050882822,"47,130,296,475,597,730,896",-0.0100579879438918,7,7023.15137799087,3,"130,296,475,597,730,896",6,-0.0105462736204868,6992.6395,1.003,-0.0100579879438918,0.003
"157,309,421,544,693,836",-0.01,6,6949.79421837619,"160,308,421,544,693,836",-0.0102050852890263,6,6947.51286333998,2,"160,308,421,544,693,836",6,-0.0102050852890263,6937.49232,0.004,-0.0102050852890263,0.004
"106,258,365,493,620,737,891",-0.01,7,7026.26743305256,"108,165,257,259,261,365,417,420,453,493,495,587,619,620,737,888",-0.0130511701458374,16,7165.81340874294,4,"108,165,259,365,493,495,619,620,737,888",10,-0.0112174157672068,7049.30925,9.006,-0.0130511701458374,3.006
"213,327,580,801",-0.01,4,6948.5367142581,"211,329,579,793,805",-0.0100530370768473,5,6941.86785222286,3,"211,329,579,805",4,-0.00977759487525215,6934.48424,1.009,-0.0100530370768473,0.009
"191,328,465,574,738,871",-0.01,6,7004.46244499266,"191,328,466,574,739,871",-0.00983712976749295,6,7007.6092415333,2,"191,328,466,574,739,871",6,-0.00983712976749295,6994.39846,0.002,-0.00983712976749295,0.002
"258,362,583,757",-0.01,4,7052.48451734287,"258,362,363,545,588,758",-0.00929309955243652,6,7073.21448427567,3,"258,362,588,758",4,-0.00989692579703769,7047.511,2.006,-0.00929309955243652,0.006
"123,247,419,645,858",-0.01,5,6961.69141560977,"123,247,420,643,860",-0.00983772622573297,5,6950.41890900566,2,"123,247,420,643,860",5,-0.00983772622573297,6949.25785,0.005,-0.00983772622573297,0.005
"169,386,616,738",-0.01,4,7030.84957981906,"169,387,617,738",-0.0104078540369958,4,7025.49301648885,2,"169,387,617,738",4,-0.0104078540369958,7023.12636,0.002,-0.0104078540369958,0.002
"309,494,858",-0.01,3,6973.54710845298,"310,494,859",-0.00975194669469817,3,6968.66485177989,2,"310,494,859",3,-0.00975194669469817,6968.37056,0.002,-0.00975194669469817,0.002
"517",-0.01,1,6931.38353985142,"517",-0.0103915549267291,1,6927.15263010983,2,"517",1,-0.0103915549267291,6927.13688,0,-0.0103915549267291,0
"291,447,605,889",-0.01,4,7048.31842937866,"291,301,447,605,889",-0.00956707324570914,5,7050.76154185826,3,"291,447,605,889",4,-0.0094237758764678,7043.99171,1,-0.00956707324570914,0
"296,736",-0.01,2,6941.88959320548,"294,735",-0.0101343852217896,2,6932.77451473777,2,"294,735",2,-0.0101343852217896,6932.72809,0.003,-0.0101343852217896,0.003
"445,758",-0.01,2,6998.19355695681,"446,758",-0.0096541248360836,2,6997.36411071398,2,"446,758",2,-0.0096541248360836,6995.78996,0.001,-0.0096541248360836,0.001
"294,609,742",-0.01,3,6921.14094762955,"294,609,610,742",-0.0107437898739236,4,6929.55355439965,3,"294,610,742",3,-0.0107624689094027,6915.85351,1,-0.0107437898739236,0.001
"105,245,468,576,754,856",-0.01,6,7030.65794583869,"105,243,246,467,573,755,856",-0.00982509193836076,7,7032.35106493517,3,"105,246,467,573,755,856",6,-0.00992904901520328,7019.96607,1.006,-0.00982509193836076,0.006
"196,329,515,680",-0.01,4,6978.40308659013,"196,328,516,680",-0.00996940227706621,4,6974.72707985927,2,"196,328,516,680",4,-0.00996940227706621,6967.55378,0.002,-0.00996940227706621,0.002
"460",-0.01,1,6928.6083902345,"459",-0.010107029582714,1,6925.36977018012,1,"459",1,-0.010107029582714,6925.36977,0.001,-0.010107029582714,0.001
"154,326,562,748",-0.01,4,6994.91139631879,"154,326,562,748",-0.0101267558363919,4,6990.56366248587,2,"154,326,562,748",4,-0.0101267558363919,6989.24924,0,-0.0101267558363919,0
"146,302,406,552,698,818",-0.01,6,7069.0550208795,"146,147,301,305,405,552,698,818",-0.0100873699914749,8,7102.67850876502,4,"146,301,405,552,698,818",6,-0.0100310878888078,7062.76463,2.002,-0.0100873699914749,0.002
"150,365,590,774",-0.01,4,6983.26102495973,"148,365,590,776",-0.0101151298926348,4,6965.85132463428,2,"148,365,590,776",4,-0.0101151298926348,6960.25272,0.004,-0.0101151298926348,0.004
"112,451,791",-0.01,3,6945.2719623258,"112,451,791",-0.010166194210354,3,6937.43826104825,2,"112,451,791",3,-0.010166194210354,6937.38505,0,-0.010166194210354,0
"155,342,500,680,826",-0.01,5,7065.4903718279,"153,155,343,500,680,825",-0.00968819217831596,6,7065.75605921721,3,"155,343,500,680,825",5,-0.00962161264150128,7052.69245,1.002,-0.00968819217831596,0.002
"124,226,364,523,651,827",-0.01,6,7075.53400704884,"124,225,364,523,651,827",-0.0106372301304949,6,7066.44225596649,2,"124,225,364,523,651,827",6,-0.0106372301304949,7064.83775,0.001,-0.0106372301304949,0.001
"380,678",-0.01,2,6951.75411100964,"380,674",-0.0106428301222546,2,6941.33015218111,2,"380,674",2,-0.0106428301222546,6939.90796,0.004,-0.0106428301222546,0.004
"150,298,420,549,653,769,883",-0.01,7,7057.42465813227,"150,298,418,549,653,769,883",-0.0108985601315219,7,7061.05386215431,2,"150,298,418,549,653,769,883",7,-0.0108985601315219,7050.50958,0.002,-0.0108985601315219,0.002
"127,260,414,566,723,852",-0.01,6,6970.78199501502,"126,130,260,411,566,720,725,853",-0.00978535811525207,8,6982.40845123652,3,"126,260,411,566,720,853",6,-0.010135836211312,6949.38552,2.007,-0.00978535811525207,0.008
"141,299,437,541,724,863",-0.01,6,7031.97000570908,"141,299,437,541,725,856,863",-0.00908461593651413,7,7034.71884322608,3,"141,299,437,541,725,863",6,-0.00935505337012121,7028.2163,1.001,-0.00908461593651413,0.001
"116,600",-0.01,2,6963.05795054064,"116,600",-0.0104782138349904,2,6946.61748446971,2,"116,600",2,-0.0104782138349904,6946.41384,0,-0.0104782138349904,0
"385,537,847",-0.01,3,6952.05885991576,"385,537,847",-0.00999816213272973,3,6945.2534897652,2,"385,537,847",3,-0.00999816213272973,6944.76259,0,-0.00999816213272973,0
"200,422,556,775,885",-0.01,5,7040.78430103776,"199,422,556,775,885",-0.0100776913597156,5,7041.61059917145,2,"199,422,556,775,885",5,-0.0100776913597156,7036.72433,0.001,-0.0100776913597156,0.001
"142,699",-0.01,2,6945.06400443886,"142,698,701",-0.0100621209832687,3,6946.95469938971,3,"142,701",2,-0.0101122377013318,6936.02168,1.001,-0.0100621209832687,0.002
"208,372,578,759,896",-0.01,5,7019.51235225849,"208,372,578,759,896",-0.0102674356327302,5,7017.5017831656,2,"208,372,578,759,896",5,-0.0102674356327302,7016.91571,0,-0.0102674356327302,0
"169,275,413,560,732,855",-0.01,6,7055.0650589349,"165,186,275,413,560,732,855",-0.00995055087963119,7,7056.56054789513,6,"165,275,413,560,732,855",6,-0.00955049039005323,7051.98769,1.004,-0.00995055087963119,0.004
"140,250,383,533,688,858",-0.01,6,6994.16331245768,"140,250,383,532,533,690,855",-0.00914131122336289,7,6993.45600396049,3,"140,250,383,532,690,855",6,-0.00917801739379092,6978.31913,1.005,-0.00914131122336289,0.006
"109,228,348,501,625,743,850",-0.01,7,7046.0109407922,"109,226,351,500,621,625,635,743,850",-0.0109434132646178,9,7051.0769330926,7,"109,226,351,500,621,743,850",7,-0.0103735585405863,7025.3673,2.006,-0.0109434132646178,0.01
"135,277,385,535,658,791,898",-0.01,7,6978.94102064785,"135,277,385,388,534,658,791,899",-0.00899166643891424,8,6982.82587237959,4,"135,277,385,534,658,791,899",7,-0.00915644128317305,6969.42981,1.002,-0.00899166643891424,0.002
"114,220,337,480,598,713,848",-0.01,7,7005.22703902084,"111,114,220,338,468,480,598,713,846",-0.00985778967333062,9,7015.59423643453,3,"111,220,338,480,598,713,846",7,-0.00959041353701177,6995.40693,2.003,-0.00985778967333062,0.006
"149,303,447,586,741,868",-0.01,6,6980.1287550627,"149,304,447,586,742,868",-0.00902111701800107,6,6984.74727965877,2,"149,304,447,586,742,868",6,-0.00902111701800107,6966.09075,0.002,-0.00902111701800107,0.002
"205,439,778",-0.01,3,6974.81215346316,"205,436,441,778",-0.0096586266918017,4,6977.11260118652,8,"205,436,778",3,-0.00981930971209334,6968.96365,1.002,-0.0096586266918017,0.003
"151,260,378,533,652,761,886",-0.01,7,7056.91140992395,"129,151,160,259,377,532,652,761,889",-0.0100834180561557,9,7060.61003844864,9,"151,259,377,532,652,761,889",7,-0.0108919383541615,7037.2137,2.006,-0.0100834180561557,0.006
"122,234,353,485,596,749,870",-0.01,7,6992.24638823817,"120,234,353,487,595,747,870",-0.00931386546641092,7,6971.88627053269,2,"120,234,353,487,595,747,870",7,-0.00931386546641092,6967.67002,0.007,-0.00931386546641092,0.007
"593",-0.01,1,6851.27668824044,"595",-0.00997159438184829,1,6850.73536781051,2,"595",1,-0.00997159438184829,6850.54147,0.002,-0.00997159438184829,0.002
"133,235,356,539,645,779",-0.01,6,7050.74760490036,"133,236,357,539,644,779",-0.00972153320014412,6,7051.67018151723,2,"133,236,357,539,644,779",6,-0.00972153320014412,7035.75143,0.003,-0.00972153320014412,0.003
"186,302,436,606,711,848",-0.01,6,6991.75017934108,"186,302,432,436,606,710,847,949",-0.00986454651802393,8,7003.92628056097,3,"186,302,432,606,710,847",6,-0.0101740760620552,6978.03753,2.002,-0.00986454651802393,0.006
"127,240,363,470,602,728,865",-0.01,7,7043.19456620724,"126,240,252,363,470,603,729,865",-0.00987265267089319,8,7050.91482109195,4,"126,240,363,470,603,729,865",7,-0.00955989197811115,7034.39117,1.003,-0.00987265267089319,0.003
"153,271,447,607,732,855",-0.01,6,6954.6453582756,"153,271,447,602,606,732,854,859",-0.00986997465909373,8,6963.47150391576,4,"153,271,447,606,732,859",6,-0.0098108806780744,6933.69186,2.002,-0.00986997465909373,0.005
"105,218,328,447,601,732,870",-0.01,7,6968.18309432293,"105,218,328,447,601,732,870",-0.00892225063557639,7,6958.63171817887,2,"105,218,328,447,601,732,870",7,-0.00892225063557639,6957.09506,0,-0.00892225063557639,0
"710",-0.01,1,6946.51099666062,"710",-0.0100518533031615,1,6945.12360180769,1,"710",1,-0.0100518533031615,6945.1236,0,-0.0100518533031615,0
"114,237,377,530,636,740,866",-0.01,7,6960.7459623055,"114,237,377,530,635,740,865,868",-0.0110618667732114,8,6952.42517563829,3,"114,237,377,530,635,740,868",7,-0.0109097211702609,6935.7036,1.002,-0.0110618667732114,0.003
"144,754",-0.01,2,6900.76446895985,"142,146,755",-0.00992758054137186,3,6904.76880402792,3,"142,755",2,-0.00987994834257605,6892.82409,1.003,-0.00992758054137186,0.003
"561",-0.01,1,6899.87685672618,"561",-0.00998866087110713,1,6897.43783578317,2,"561",1,-0.00998866087110713,6897.27479,0,-0.00998866087110713,0
"163,289,453,571,717,826",-0.01,6,6954.72245027256,"163,289,453,454,563,570,718,826",-0.00961979110171367,8,6965.60933601147,3,"163,289,454,570,718,826",6,-0.00987025841332526,6943.00394,2.002,-0.00961979110171367,0.003
"122,270,379,507,620,723,861",-0.01,7,7061.11392953863,"122,271,379,390,502,620,722,861",-0.0100485929518887,8,7056.21072288947,3,"122,271,379,502,620,722,861",7,-0.0103323112456491,7038.76941,1.007,-0.0100485929518887,0.007
"130,267,403,527,640,744,879",-0.01,7,7041.6708933082,"129,268,401,526,528,640,740,744,880",-0.00858201914374796,9,7048.02131401634,3,"129,268,401,526,640,744,880",7,-0.00857621222519788,7022.87822,2.006,-0.00858201914374796,0.006
"144,485,780",-0.01,3,6976.66318451558,"144,475,485,780",-0.0103553554379197,4,6978.50975732747,5,"144,485,780",3,-0.010087730588933,6974.65024,1,-0.0103553554379197,0
"211,626",-0.01,2,6936.87351719899,"212,626",-0.0102221994338814,2,6935.09121250255,2,"212,626",2,-0.0102221994338814,6935.03336,0.001,-0.0102221994338814,0.001
"135,315,457,563,693,860",-0.01,6,7020.31484638015,"135,315,456,563,693,860",-0.00925998751647222,6,7008.32775011285,2,"135,315,456,563,693,860",6,-0.00925998751647222,7006.4452,0.001,-0.00925998751647222,0.001
"165,333,522,712,833",-0.01,5,6952.03030820749,"166,333,521,712,831",-0.00984347735123266,5,6924.73836180654,2,"166,333,521,712,831",5,-0.00984347735123266,6917.15948,0.004,-0.00984347735123266,0.004
"115",-0.01,1,6870.78189215143,"115",-0.00969282386808661,1,6864.23324818786,2,"115",1,-0.00969282386808661,6864.22089,0,-0.00969282386808661,0
"375,525,894",-0.01,3,6970.123239385,"375,526,888",-0.00989327839745514,3,6959.11575060299,2,"375,526,888",3,-0.00989327839745514,6958.42267,0.007,-0.00989327839745514,0.007
"186,352,547,649,888",-0.01,5,6983.77134461209,"186,353,550,648,888",-0.0103500236055703,5,6965.25022859326,2,"186,353,550,648,888",5,-0.0103500236055703,6959.92258,0.005,-0.0103500236055703,0.005
"159,320,435,582,716,855",-0.01,6,6983.54243434967,"159,319,435,582,716,855",-0.0108086244823047,6,6976.03825804147,2,"159,319,435,582,716,855",6,-0.0108086244823047,6971.92755,0.001,-0.0108086244823047,0.001
"153,324,453,568,716,826",-0.01,6,6975.89717128083,"157,324,453,568,716,826",-0.00990066641796105,6,6966.63572914693,2,"157,324,453,568,716,826",6,-0.00990066641796105,6964.069,0.004,-0.00990066641796105,0.004
"340",-0.01,1,6870.80364582182,"340",-0.00989664687228817,1,6868.18107256474,2,"340",1,-0.00989664687228817,6868.16774,0,-0.00989664687228817,0
"141,315,524,659,864",-0.01,5,6938.07854964857,"141,315,327,493,524,531,657,864",-0.01074296979466,8,6961.81905285563,4,"141,327,524,657,864",5,-0.0102004097782661,6936.1846,3.002,-0.01074296979466,0.014
"475",-0.01,1,6970.20139434053,"475",-0.00970267975269891,1,6966.55524838119,1,"475",1,-0.00970267975269891,6966.55525,0,-0.00970267975269891,0
"190,347,595,780,889",-0.01,5,6916.30636681976,"190,354,590,780,891",-0.0100390280726423,5,6902.88989087216,2,"190,354,590,780,891",5,-0.0100390280726423,6896.28433,0.014,-0.0100390280726423,0.014
"260,364,576,777",-0.01,4,7041.32848586832,"261,357,576,776",-0.010526318605276,4,7024.65341576722,2,"261,357,576,776",4,-0.010526318605276,7021.04682,0.009,-0.010526318605276,0.009
"146,291,538,663,887",-0.01,5,7083.42635502135,"146,291,538,663,887",-0.00875309199607328,5,7073.66089597344,2,"146,291,538,663,887",5,-0.00875309199607328,7071.41578,0,-0.00875309199607328,0
"235,530",-0.01,2,6955.02924076989,"235,530",-0.010432671567342,2,6949.98997717298,2,"235,530",2,-0.010432671567342,6949.81559,0,-0.010432671567342,0
"152,340,575,815",-0.01,4,7034.04944224451,"152,340,575,819",-0.00965367790310799,4,7015.80615327213,2,"152,340,575,819",4,-0.00965367790310799,7015.6192,0.004,-0.00965367790310799,0.004
"182,367,544,763",-0.01,4,6919.34541106736,"182,366,544,763",-0.00991807435605936,4,6912.08608659589,2,"182,366,544,763",4,-0.00991807435605936,6906.4572,0.001,-0.00991807435605936,0.001
"117,236,348,531,681,814",-0.01,6,7052.28935111135,"117,237,348,531,681,810,816",-0.00888539109285967,7,7052.67687499175,3,"117,237,348,531,681,816",6,-0.0091250569539085,7043.8269,1.003,-0.00888539109285967,0.003
"122,296,485,595,706,890",-0.01,6,6984.11461279681,"122,296,297,485,595,706,890",-0.00891255619927441,7,6996.65504414561,3,"122,297,485,595,706,890",6,-0.00897180333188943,6975.1427,1,-0.00891255619927441,0.001
"128,243,370,503,624,760,878",-0.01,7,6984.97858078809,"127,243,369,503,621,760,878",-0.0102668209261806,7,6983.57616939954,2,"127,243,369,503,621,760,878",7,-0.0102668209261806,6975.8931,0.005,-0.0102668209261806,0.005
"110,243,363,472,573,733,848",-0.01,7,7009.71028537847,"110,243,363,472,573,734,848",-0.00908101064066869,7,7002.03139906551,2,"110,243,363,472,573,734,848",7,-0.00908101064066869,6997.01119,0.001,-0.00908101064066869,0.001
"109,297,495,668,783,890",-0.01,6,6963.95377007395,"109,297,494,660,668,783,889",-0.010152272253342,7,6962.49893761614,3,"109,297,494,668,783,889",6,-0.0104181663140716,6953.83375,1.002,-0.010152272253342,0.002
"223,350,526,706",-0.01,4,6951.65608214905,"223,350,526,706",-0.00999760893031457,4,6946.04786282558,2,"223,350,526,706",4,-0.00999760893031457,6945.93599,0,-0.00999760893031457,0
"313,508,781",-0.01,3,6873.46392498111,"313,508,781",-0.00985331943396334,3,6868.38328997273,2,"313,508,781",3,-0.00985331943396334,6867.96376,0,-0.00985331943396334,0
"524",-0.01,1,6848.20333098497,"523",-0.0100689481254773,1,6844.10380002945,2,"523",1,-0.0100689481254773,6844.09951,0.001,-0.0100689481254773,0.001
"266,762",-0.01,2,6961.18319405367,"266,762",-0.0099012252359377,2,6957.22436380456,2,"266,762",2,-0.0099012252359377,6956.39437,0,-0.0099012252359377,0
"381,502",-0.01,2,6967.5312532325,"378,510",-0.0100038203173767,2,6973.6211848104,2,"378,510",2,-0.0100038203173767,6961.42222,0.011,-0.0100038203173767,0.011
"158,438,631",-0.01,3,7018.08240830111,"157,433,631",-0.0092465198681827,3,6998.95884396406,2,"157,433,631",3,-0.0092465198681827,6997.77642,0.006,-0.0092465198681827,0.006
"150,508,686,823",-0.01,4,6932.3116982467,"150,507,512,686,823",-0.0107770559108675,5,6935.32239704914,2,"150,507,512,686,823",5,-0.0107770559108675,6934.66135,1.001,-0.0107770559108675,1.001
"109,286,395,553,677,807",-0.01,6,6949.32106358742,"108,284,395,553,641,678,812",-0.00972395157647617,7,6960.62949222585,4,"108,284,395,553,678,812",6,-0.0102821467008368,6938.74061,1.009,-0.00972395157647617,0.009
"215,394,552,688,867",-0.01,5,6945.17897950447,"215,395,550,687,867",-0.0103578973404681,5,6930.94545247197,2,"215,395,550,687,867",5,-0.0103578973404681,6929.47446,0.004,-0.0103578973404681,0.004
"532,828",-0.01,2,6939.92337113001,"532,828",-0.00997405969028872,2,6937.41453090087,2,"532,828",2,-0.00997405969028872,6935.20667,0,-0.00997405969028872,0
"362,588",-0.01,2,6953.15327753652,"362,590",-0.0105944319079082,2,6934.75336312381,2,"362,590",2,-0.0105944319079082,6934.62302,0.002,-0.0105944319079082,0.002
"422,684",-0.01,2,6941.18414474774,"422,684",-0.00986836645943521,2,6940.15138182658,2,"422,684",2,-0.00986836645943521,6940.13151,0,-0.00986836645943521,0
"144,272,391,495,630,763,892",-0.01,7,7076.57257348648,"141,267,391,495,630,667,763,893",-0.0104050757044818,8,7070.28896609056,3,"141,267,391,495,630,763,893",7,-0.0098157406334449,7059.26329,1.009,-0.0104050757044818,0.009
"255,576",-0.01,2,6975.17713233874,"255,576",-0.0104078598869568,2,6970.49644690081,1,"255,576",2,-0.0104078598869568,6970.49645,0,-0.0104078598869568,0
"185,416,612,840",-0.01,4,6951.06945976677,"182,416,427,611,840",-0.0103242582785748,5,6949.18175359341,4,"182,416,611,840",4,-0.0100935797338019,6938.46358,1.004,-0.0103242582785748,0.004
"180,581",-0.01,2,6948.22160127193,"180,577",-0.0102026712444767,2,6942.24105841042,2,"180,577",2,-0.0102026712444767,6940.95354,0.004,-0.0102026712444767,0.004
"226,482,734,841",-0.01,4,6958.22588639634,"223,232,482,735,841,849",-0.0113249526071873,6,6965.98867140628,4,"223,482,735,841",4,-0.0109600214628246,6948.00725,2.004,-0.0113249526071873,0.004
"356,719",-0.01,2,6961.12702627789,"355,719",-0.00987942244395676,2,6955.13937084957,2,"355,719",2,-0.00987942244395676,6954.84043,0.001,-0.00987942244395676,0.001
"182,515,627",-0.01,3,7021.78404925812,"182,515,626",-0.0104095850957369,3,7010.61218663805,2,"182,515,626",3,-0.0104095850957369,7010.50239,0.001,-0.0104095850957369,0.001
"248,413,649,841",-0.01,4,6963.8141189477,"249,412,414,649,841",-0.00928502260489669,5,6968.94863927861,3,"249,412,649,841",4,-0.00923311904890354,6951.99834,1.002,-0.00928502260489669,0.002
"184,674",-0.01,2,6996.83474445547,"184,675",-0.0100956148144522,2,6994.34951950028,2,"184,675",2,-0.0100956148144522,6994.16724,0.001,-0.0100956148144522,0.001
"231,578,729",-0.01,3,6943.34214502111,"229,231,578,729",-0.0106807856229688,4,6954.44535432873,3,"229,578,729",3,-0.0106248931142585,6938.6362,1,-0.0106807856229688,0.002
"303,605,898",-0.01,3,6969.10995996301,"301,605,898,900",-0.00961508101253245,4,6978.35756509034,3,"301,605,900",3,-0.00964775723900027,6965.01031,1.002,-0.00961508101253245,0.004
"290,399,749",-0.01,3,7004.7748567688,"288,398,751",-0.0100974488812839,3,6994.80773588673,2,"288,398,751",3,-0.0100974488812839,6985.81129,0.005,-0.0100974488812839,0.005
"339,586",-0.01,2,7021.85919705155,"339,586",-0.00983430159958733,2,7018.9767984192,2,"339,586",2,-0.00983430159958733,7018.90162,0,-0.00983430159958733,0
"157,475,746",-0.01,3,6991.53365911423,"154,157,475,746",-0.0104507158944392,4,6999.45644005444,4,"157,475,746",3,-0.0104113413806639,6988.53052,1,-0.0104507158944392,0
"226,483,882",-0.01,3,6929.84928291598,"226,485,882",-0.0104297694261031,3,6923.73964491695,2,"226,485,882",3,-0.0104297694261031,6923.68461,0.002,-0.0104297694261031,0.002
"133,276,407,507,657,770,890",-0.01,7,6991.61090489397,"133,276,407,509,657,770,890",-0.010941846038518,7,6987.44636166914,2,"133,276,407,509,657,770,890",7,-0.010941846038518,6983.51532,0.002,-0.010941846038518,0.002
"144,274,439,707",-0.01,4,7003.30383328315,"144,274,438,707",-0.0105358199952045,4,6995.65496180931,2,"144,274,438,707",4,-0.0105358199952045,6995.4635,0.001,-0.0105358199952045,0.001
"111,436,746,855",-0.01,4,6990.99076826522,"113,436,746,855",-0.00991255176226028,4,6980.6582611927,2,"113,436,746,855",4,-0.00991255176226028,6980.58637,0.002,-0.00991255176226028,0.002
"222,475,639,808",-0.01,4,7050.23552236147,"221,475,639,808",-0.0101721637691974,4,7048.72479397763,2,"221,475,639,808",4,-0.0101721637691974,7047.54586,0.001,-0.0101721637691974,0.001
"126,231,381,528,636,762,897",-0.01,7,7028.80291253953,"125,231,252,378,384,528,534,628,762,897",-0.00828573143774365,10,7037.93575674828,4,"125,231,384,528,628,762,897",7,-0.00885685026692559,7003.60032,3.012,-0.00828573143774365,0.012
"146,499,878",-0.01,3,6985.49488812048,"147,499,880",-0.00996900215809186,3,6980.49025123416,2,"147,499,880",3,-0.00996900215809186,6979.91273,0.003,-0.00996900215809186,0.003
"163,325,537,753",-0.01,4,6975.95280880441,"163,324,537,751",-0.00975220702582943,4,6986.88368368684,2,"163,324,537,751",4,-0.00975220702582943,6973.48581,0.003,-0.00975220702582943,0.003
"390",-0.01,1,6934.92330062787,"391",-0.00975451699167753,1,6929.89258630609,2,"391",1,-0.00975451699167753,6929.2936,0.001,-0.00975451699167753,0.001
"164,279,454,597,745,860",-0.01,6,6964.69997009953,"164,165,279,454,597,748,860",-0.0104734628038858,7,6964.5141050791,4,"164,279,454,597,748,860",6,-0.0105057644996634,6950.08665,1.003,-0.0104734628038858,0.003
"196,320,492,734,889",-0.01,5,6958.53267259332,"194,320,492,730,739,890",-0.00972333485041458,6,6950.48236225433,4,"194,320,492,739,890",5,-0.00945777067193278,6937.23653,1.007,-0.00972333485041458,0.008
"510",-0.01,1,6925.39365502353,"510",-0.00985856071696347,1,6923.62956326248,2,"510",1,-0.00985856071696347,6923.629,0,-0.00985856071696347,0
"127,258,371,510,640,761,896",-0.01,7,7060.97505714799,"127,258,371,510,637,657,761,894",-0.0101975524422572,8,7069.39171901498,2,"127,258,371,510,637,657,761,894",8,-0.0101975524422572,7055.62448,1.005,-0.0101975524422572,1.005
"119,341,446,653,822",-0.01,5,7029.52638420991,"116,118,341,443,654,822",-0.00963312990606047,6,7034.39625789748,3,"118,341,443,654,822",5,-0.00959161531454634,7015.52164,1.005,-0.00963312990606047,0.005
"215,612",-0.01,2,6994.80371090036,"215,612",-0.0100313975197304,2,6992.63625946858,2,"215,612",2,-0.0100313975197304,6992.08355,0,-0.0100313975197304,0
"843",-0.01,1,6869.24190788983,"843",-0.010160658579939,1,6867.32630375,2,"843",1,-0.010160658579939,6867.28125,0,-0.010160658579939,0
"142,312,443,611,796",-0.01,5,6922.17400388747,"140,143,312,443,447,611,794",-0.0109256393849977,7,6930.49489508165,3,"140,312,447,611,794",5,-0.011135225097813,6905.02212,2.003,-0.0109256393849977,0.008
"475",-0.01,1,6931.28081877463,"476",-0.0100663446355921,1,6926.63134585188,2,"476",1,-0.0100663446355921,6926.61581,0.001,-0.0100663446355921,0.001
"177,495,862",-0.01,3,6908.85387966673,"169,495,863",-0.0101566719282888,3,6888.63999309449,2,"169,495,863",3,-0.0101566719282888,6887.28832,0.009,-0.0101566719282888,0.009
"168,349,534,675,816",-0.01,5,6994.90603130844,"168,350,534,675,816",-0.00910605252203819,5,6991.34289913655,2,"168,350,534,675,816",5,-0.00910605252203819,6988.64203,0.001,-0.00910605252203819,0.001
"128,247,383,505,625,753,878",-0.01,7,7041.2090038908,"128,247,383,505,509,625,754,879,892",-0.0106541327176161,9,7050.85799647513,4,"128,247,383,505,625,754,892",7,-0.0113421615230212,7029.33999,2.002,-0.0106541327176161,0.015
"160,333,502,696,810",-0.01,5,7029.24331813963,"133,160,331,336,501,505,691,696,808,810",-0.0111925747002393,10,7052.42793482794,4,"160,331,505,696,810",5,-0.0110331824226349,7008.54794,5.003,-0.0111925747002393,0.005
"149,280,428,575,720,870",-0.01,6,7008.48096206789,"149,280,428,572,720,870",-0.00917004689809172,6,7001.36256518921,2,"149,280,428,572,720,870",6,-0.00917004689809172,7001.14182,0.003,-0.00917004689809172,0.003
"107,287,460,664,771,884",-0.01,6,6981.09917955233,"108,286,459,468,664,776,885",-0.00906138510047779,7,6964.10610105312,3,"108,286,459,664,776,885",6,-0.00937194059828169,6952.63339,1.009,-0.00906138510047779,0.009
"186,416,605,809",-0.01,4,6929.39343772767,"186,188,416,604,809",-0.00813240768902353,5,6918.04065596487,3,"186,416,604,809",4,-0.00820342354466278,6906.12936,1.001,-0.00813240768902353,0.001
"144,285,389,492,608,736,886",-0.01,7,6990.36156026124,"140,144,219,243,244,284,285,301,389,492,611,736,886",-0.0121750841420008,13,7081.07435803878,4,"144,219,284,285,301,389,492,611,736,886",10,-0.0123141779542702,7012.08245,6.003,-0.0121750841420008,3.003
"536",-0.01,1,6909.71896309696,"536",-0.0101112601384152,1,6909.15648577219,2,"536",1,-0.0101112601384152,6909.15503,0,-0.0101112601384152,0
"281,489,806",-0.01,3,7058.72283038348,"281,489,806",-0.0100331818714523,3,7058.6101859492,2,"281,489,806",3,-0.0100331818714523,7058.08113,0,-0.0100331818714523,0
"260,546,717",-0.01,3,7008.03369613428,"260,546,716",-0.0100309934986664,3,7002.38488329211,2,"260,546,716",3,-0.0100309934986664,7001.05304,0.001,-0.0100309934986664,0.001
"569,838",-0.01,2,6974.7325147239,"569,838",-0.00999039599609152,2,6970.31922818592,2,"569,838",2,-0.00999039599609152,6970.09916,0,-0.00999039599609152,0
"243,448,713",-0.01,3,6960.91243386515,"244,448,713",-0.0102945028146888,3,6956.71513934217,2,"244,448,713",3,-0.0102945028146888,6954.00625,0.001,-0.0102945028146888,0.001
"111,322,448,653,788",-0.01,5,6974.77939690079,"111,324,448,654,792",-0.0103968294492964,5,6954.55653684273,2,"111,324,448,654,792",5,-0.0103968294492964,6950.83202,0.007,-0.0103968294492964,0.007
"143,284,420,582,749,872",-0.01,6,6969.41147634115,"143,285,420,582,749,872",-0.0103930501074495,6,6970.46622289021,2,"143,285,420,582,749,872",6,-0.0103930501074495,6955.85739,0.001,-0.0103930501074495,0.001
"427,747",-0.01,2,6971.89098845577,"426,747",-0.0107628441137765,2,6960.70064055262,2,"426,747",2,-0.0107628441137765,6960.6641,0.001,-0.0107628441137765,0.001
"107,544",-0.01,2,6901.60981564518,"107,539,552",-0.0100070005743992,3,6919.42978135649,2,"107,539,552",3,-0.0100070005743992,6906.75395,1.005,-0.0100070005743992,1.005
"367,683",-0.01,2,6959.08994223712,"367,683",-0.0102427798965218,2,6958.03742331508,2,"367,683",2,-0.0102427798965218,6957.33552,0,-0.0102427798965218,0
"327,747",-0.01,2,6945.94543944571,"326,747",-0.00957142175026628,2,6942.86015031757,2,"326,747",2,-0.00957142175026628,6941.53881,0.001,-0.00957142175026628,0.001
"177,287,394,620,799",-0.01,5,7064.5793294589,"176,287,298,393,626,800",-0.00976777437768608,6,7057.77678213636,3,"176,298,393,626,800",5,-0.00956432355854514,7043.38814,1.009,-0.00976777437768608,0.02
"568",-0.01,1,6923.72947990554,"567",-0.00985844999121501,1,6919.25400551568,2,"567",1,-0.00985844999121501,6919.25397,0.001,-0.00985844999121501,0.001
"251,714",-0.01,2,6967.41591800983,"251,715",-0.0097465941664298,2,6963.56284640081,2,"251,715",2,-0.0097465941664298,6963.55979,0.001,-0.0097465941664298,0.001
"180,421,714,857",-0.01,4,6999.97973316519,"179,417,715,856",-0.0096178565526551,4,6993.75887979469,2,"179,417,715,856",4,-0.0096178565526551,6987.99901,0.007,-0.0096178565526551,0.007
"285,655",-0.01,2,6939.30214332188,"283,655",-0.0103605222047563,2,6933.45485449857,2,"283,655",2,-0.0103605222047563,6933.42296,0.002,-0.0103605222047563,0.002
"324,552",-0.01,2,6906.72926547562,"324,552",-0.00979282306756541,2,6905.61012925875,2,"324,552",2,-0.00979282306756541,6905.59802,0,-0.00979282306756541,0
"259,637",-0.01,2,7024.88961467799,"245,259,637",-0.00961167187751011,3,7019.71740004978,2,"245,259,637",3,-0.00961167187751011,7019.46149,1,-0.00961167187751011,1
"143,285,409,510,623,729,858",-0.01,7,7016.95781265316,"144,285,410,510,622,731,858",-0.00960523327274775,7,7001.63009285965,2,"144,285,410,510,622,731,858",7,-0.00960523327274775,7000.68006,0.005,-0.00960523327274775,0.005
"184,462,571,837",-0.01,4,6934.91197244746,"162,182,462,573,837",-0.00982282708681504,5,6933.62826645404,3,"182,462,573,837",4,-0.0100204107679701,6922.85723,1.004,-0.00982282708681504,0.004
"132,245,370,513,640,774,892",-0.01,7,6976.01162815921,"132,245,372,513,548,640,774,892",-0.0090227978973244,8,6983.51623220741,3,"132,245,372,513,640,774,892",7,-0.00945044583865674,6964.94309,1.002,-0.0090227978973244,0.002
"157,296,480,660,818",-0.01,5,6992.40589830865,"157,294,480,660,818",-0.00919830002965741,5,6976.39894367854,2,"157,294,480,660,818",5,-0.00919830002965741,6972.82047,0.002,-0.00919830002965741,0.002
"185,297,438,584,704,807",-0.01,6,6960.94742350797,"185,294,438,584,704,807",-0.0107365743565862,6,6970.44001442236,2,"185,294,438,584,704,807",6,-0.0107365743565862,6950.23826,0.003,-0.0107365743565862,0.003
"330,576",-0.01,2,6935.59168315095,"330,576",-0.0099605723834265,2,6928.51007089927,2,"330,576",2,-0.0099605723834265,6928.49909,0,-0.0099605723834265,0
"505",-0.01,1,6866.04068190921,"505",-0.00991753592305677,1,6865.32107035485,2,"505",1,-0.00991753592305677,6865.31369,0,-0.00991753592305677,0
"183,353,505,826",-0.01,4,7022.40872830181,"182,353,505,828",-0.0100009466187595,4,7011.8941125043,2,"182,353,505,828",4,-0.0100009466187595,7011.7239,0.003,-0.0100009466187595,0.003
"133,301,473,588,691,895",-0.01,6,7035.98751976393,"133,301,474,589,690,893",-0.00985882711180521,6,7032.68651884825,2,"133,301,474,589,690,893",6,-0.00985882711180521,7026.99501,0.005,-0.00985882711180521,0.005
"220,432,633,831",-0.01,4,7039.0845677539,"222,432,634,831",-0.0112437108379139,4,7039.02848331364,2,"222,432,634,831",4,-0.0112437108379139,7030.23639,0.003,-0.0112437108379139,0.003
"131,352,561,720,896",-0.01,5,7015.78748958792,"131,352,562,720,896",-0.0101139549141383,5,7005.32842941417,2,"131,352,562,720,896",5,-0.0101139549141383,7001.87199,0.001,-0.0101139549141383,0.001
"217,352,477,706,828",-0.01,5,6956.73273275712,"217,352,477,701,716,829,830",-0.0109229705695267,7,6962.15709492364,3,"217,352,477,701,829",5,-0.0111400525012834,6943.34099,2.006,-0.0109229705695267,0.006
"120,250,393,569,700,828",-0.01,6,6958.25299691277,"120,252,262,393,569,701,827",-0.0112230661530522,7,6950.33375797811,3,"120,252,393,569,701,827",6,-0.0114807103016414,6940.29314,1.004,-0.0112230661530522,0.004
"182,416,749",-0.01,3,6952.50456275408,"180,417,748,753",-0.009789275514569,4,6942.59478723107,3,"180,417,748",3,-0.00969391899333594,6932.06239,1.004,-0.009789275514569,0.004
"153,534,887",-0.01,3,6968.98666800275,"153,534,883,887",-0.0100565135237688,4,6977.02739982768,3,"153,534,887",3,-0.00997411288516735,6967.20133,1,-0.0100565135237688,0
"156,259,387,531,636,768,877",-0.01,7,7020.9275717109,"154,259,387,534,634,768,876",-0.0100874473012975,7,7004.89390502769,2,"154,259,387,534,634,768,876",7,-0.0100874473012975,6996.6344,0.008,-0.0100874473012975,0.008
"218",-0.01,1,6910.6263703224,"218",-0.0100844330698568,1,6908.42907506523,2,"218",1,-0.0100844330698568,6908.42902,0,-0.0100844330698568,0
"157,376,515,690",-0.01,4,6931.79496881148,"159,380,515,690",-0.00961387263345786,4,6921.63512547858,2,"159,380,515,690",4,-0.00961387263345786,6919.5031,0.006,-0.00961387263345786,0.006
"127,296,451,656,835",-0.01,5,6978.79480436308,"127,297,451,656,835",-0.00985148437000653,5,6973.19303985012,2,"127,297,451,656,835",5,-0.00985148437000653,6971.78558,0.001,-0.00985148437000653,0.001
"192",-0.01,1,6938.37548719103,"192",-0.00994880216965191,1,6936.55657821094,2,"192",1,-0.00994880216965191,6936.55596,0,-0.00994880216965191,0
"112,235,355,495,612,743,876",-0.01,7,7030.21354780355,"112,235,350,357,427,494,744,876",-0.00408767197337919,8,7073.82010896573,3,"112,235,350,494,744,876",6,-0.00480397317209211,7059.28167,1.189,-0.00408767197337919,1.124
"150,334,435,578,825",-0.01,5,6990.15716298264,"149,334,434,436,578,825",-0.00979689355634507,6,6993.89744133143,3,"149,334,436,578,825",5,-0.00982809430074918,6979.31453,1.002,-0.00979689355634507,0.002
"510,646",-0.01,2,6984.93589023812,"510,646",-0.0100918996538922,2,6985.40860958368,2,"510,646",2,-0.0100918996538922,6984.58162,0,-0.0100918996538922,0
"416,744",-0.01,2,6916.08996634853,"416,744",-0.010364918033875,2,6908.1539779773,2,"416,744",2,-0.010364918033875,6903.82611,0,-0.010364918033875,0
"535",-0.01,1,6904.48338289382,"532",-0.0102158709329597,1,6895.64772293503,2,"532",1,-0.0102158709329597,6895.64279,0.003,-0.0102158709329597,0.003
"654",-0.01,1,6949.15010625219,"653",-0.00966715814672003,1,6942.61974790468,2,"653",1,-0.00966715814672003,6942.61953,0.001,-0.00966715814672003,0.001
"130,264,368,477,601,739,857",-0.01,7,7011.58882941956,"131,264,368,477,601,739,857",-0.0104828111971759,7,7015.26913781701,2,"131,264,368,477,601,739,857",7,-0.0104828111971759,6998.89987,0.001,-0.0104828111971759,0.001
"185,382,572,700,859",-0.01,5,6965.49921663807,"185,382,572,700,859",-0.0106063057744116,5,6955.21822007036,2,"185,382,572,700,859",5,-0.0106063057744116,6954.72676,0,-0.0106063057744116,0
"187,431,571,673,828",-0.01,5,7054.45390010031,"187,428,571,673,829",-0.00996145497041354,5,7047.71823781476,2,"187,428,571,673,829",5,-0.00996145497041354,7046.64877,0.004,-0.00996145497041354,0.004
"247,647",-0.01,2,6966.89448168198,"247,646",-0.00977642407649738,2,6966.42199579559,2,"247,646",2,-0.00977642407649738,6966.04406,0.001,-0.00977642407649738,0.001
"119,262,418,621,792",-0.01,5,6999.00368363483,"119,262,418,421,622,791",-0.0105479905453963,6,7006.27535917233,3,"119,262,418,622,791",5,-0.0106480724325482,6990.83683,1.002,-0.0105479905453963,0.002
"163,541,785",-0.01,3,6994.15284348562,"150,170,541,788",-0.009461498391303,4,7005.79297676967,2,"150,170,541,788",4,-0.009461498391303,6996.50139,1.01,-0.009461498391303,1.01
"122,247,355,506,646,794,900",-0.01,7,7013.72619193069,"122,247,354,506,646,794,899",-0.0087473401310939,7,7004.82728873314,2,"122,247,354,506,646,794,899",7,-0.0087473401310939,7003.96941,0.002,-0.0087473401310939,0.002
"116,265,400,520,622,739,870",-0.01,7,7066.38934801027,"116,265,400,405,520,522,622,733,741,870",-0.0122587744298426,10,7078.00585327142,3,"116,265,400,520,622,733,741,870",8,-0.0120316575291388,7054.05714,3.002,-0.0122587744298426,1.002
"118,315,457,694",-0.01,4,7020.33253599018,"118,315,457,690",-0.0104096561646353,4,7017.72109934288,2,"118,315,457,690",4,-0.0104096561646353,7012.41466,0.004,-0.0104096561646353,0.004
"269,374,552,751",-0.01,4,7022.96375147649,"101,269,374,553,742,751",-0.0106386838648259,6,7027.81044616341,3,"269,374,553,742,751",5,-0.0100767856607799,7015.35682,2.001,-0.0106386838648259,1.001
"104,204,321,480,600,737,884",-0.01,7,7018.28405904523,"104,204,205,320,480,600,736,884",-0.00982915320792072,8,7030.95019680275,3,"104,205,320,480,600,736,884",7,-0.00986072158315944,7008.33226,1.002,-0.00982915320792072,0.003
"143,392,581,751",-0.01,4,6944.8163202168,"141,149,393,581,752",-0.0106243948358893,5,6943.98471248598,2,"141,149,393,581,752",5,-0.0106243948358893,6943.54664,1.004,-0.0106243948358893,1.004
"240,367,671",-0.01,3,6934.67830139883,"240,367,672",-0.00905717938263272,3,6926.66836246298,2,"240,367,672",3,-0.00905717938263272,6921.69743,0.001,-0.00905717938263272,0.001
"106,215,353,496,638,784,900",-0.01,7,6998.9678387462,"105,215,353,503,638,784,900",-0.0112461787596838,7,6997.58655412201,2,"105,215,353,503,638,784,900",7,-0.0112461787596838,6988.3071,0.008,-0.0112461787596838,0.008
"737",-0.01,1,6967.79124371997,"737",-0.0100248589881806,1,6965.29103568732,2,"737",1,-0.0100248589881806,6965.21009,0,-0.0100248589881806,0
"218,485",-0.01,2,6930.83699818238,"218,485",-0.00973669225955275,2,6926.02844129797,2,"218,485",2,-0.00973669225955275,6925.94131,0,-0.00973669225955275,0
"133,272,400,528,631,749,869",-0.01,7,6997.30087999266,"133,271,400,528,529,635,749,866",-0.0101956384866468,8,7005.51663905906,3,"133,271,400,528,635,749,866",7,-0.0102423595958024,6985.12962,1.008,-0.0101956384866468,0.008
"138,251,363,474,639,763,896",-0.01,7,7080.9219563284,"138,251,360,364,474,639,763,893",-0.0105457851066512,8,7088.3721207416,5,"138,251,364,474,639,763,893",7,-0.0104224831515014,7066.47581,1.004,-0.0105457851066512,0.004
"318,493,687",-0.01,3,6915.51713531335,"318,494,687",-0.0099877552927675,3,6910.70779599602,2,"318,494,687",3,-0.0099877552927675,6910.66749,0.001,-0.0099877552927675,0.001
"455",-0.01,1,6963.04567713462,"455",-0.00960310807453502,1,6959.70305980406,1,"455",1,-0.00960310807453502,6959.70306,0,-0.00960310807453502,0
"120,249,392,566,697,842",-0.01,6,7035.138760789,"118,249,392,565,697,841",-0.00942724713607419,6,7023.11166969948,2,"118,249,392,565,697,841",6,-0.00942724713607419,7022.37395,0.004,-0.00942724713607419,0.004
"465",-0.01,1,6935.28575517951,"463",-0.00983790032690364,1,6925.76804416045,2,"463",1,-0.00983790032690364,6925.72202,0.002,-0.00983790032690364,0.002
"511",-0.01,1,6925.84795254718,"513",-0.0102868867811264,1,6925.68563174624,2,"513",1,-0.0102868867811264,6921.0388,0.002,-0.0102868867811264,0.002
"351,712",-0.01,2,6958.85611813366,"351,712",-0.0104733547468847,2,6956.02353370242,2,"351,712",2,-0.0104733547468847,6955.70757,0,-0.0104733547468847,0
"142,313,449,571,711,871",-0.01,6,7011.87555310431,"142,313,449,571,711,872",-0.00950144803922591,6,7011.50005688495,2,"142,313,449,571,711,872",6,-0.00950144803922591,7003.45842,0.001,-0.00950144803922591,0.001
"109,231,391,550,724,882",-0.01,6,6909.2313142557,"104,109,117,231,391,552,724,882",-0.0101007802668651,8,6935.67258992905,3,"117,231,391,552,724,882",6,-0.00970417345421758,6910.10897,2.002,-0.0101007802668651,0.01
"233,476,736,897",-0.01,4,6944.63826730925,"233,476,736,897",-0.0104226700282416,4,6937.00197885581,2,"233,476,736,897",4,-0.0104226700282416,6936.48487,0,-0.0104226700282416,0
"313,841",-0.01,2,6970.56238339017,"312,839",-0.010235161731306,2,6963.12608547791,2,"312,839",2,-0.010235161731306,6962.97523,0.003,-0.010235161731306,0.003
"243,347,459,651,849",-0.01,5,6964.45691193393,"242,347,458,651,845",-0.0101376844400715,5,6955.9553107922,2,"242,347,458,651,845",5,-0.0101376844400715,6954.92087,0.006,-0.0101376844400715,0.006
"139,258,399,509,635,777,877",-0.01,7,7058.28448083479,"139,258,399,509,635,777,877,879",-0.0106796800820744,8,7074.09557073709,3,"139,258,399,509,635,777,877",7,-0.010769992203355,7051.00867,1,-0.0106796800820744,0
"150,308,440,598,758,879",-0.01,6,7066.7072130479,"150,308,440,598,758,879",-0.00984572468170399,6,7058.87348188736,2,"150,308,440,598,758,879",6,-0.00984572468170399,7057.90614,0,-0.00984572468170399,0
"135,617",-0.01,2,6959.51878829357,"134,617",-0.00992181959919375,2,6952.47270921797,2,"134,617",2,-0.00992181959919375,6952.28832,0.001,-0.00992181959919375,0.001
"195,368,535,639,830",-0.01,5,6965.77813951646,"195,369,537,639,830",-0.0104510892949923,5,6950.58473310752,2,"195,369,537,639,830",5,-0.0104510892949923,6949.56274,0.003,-0.0104510892949923,0.003
"179,565",-0.01,2,7015.79552621008,"179,564",-0.0100925478845834,2,7011.43923075926,2,"179,564",2,-0.0100925478845834,7011.34024,0.001,-0.0100925478845834,0.001
"146,363,517,672,884",-0.01,5,7006.19731543403,"145,365,517,672,887",-0.010238250988901,5,6995.25402714122,2,"145,365,517,672,887",5,-0.010238250988901,6992.46538,0.006,-0.010238250988901,0.006
"124,275,392,560,661,831",-0.01,6,6986.92255925802,"123,275,397,560,661,831,842",-0.00940471170159338,7,6992.79221782063,6,"123,275,397,560,661,831",6,-0.00989761177811816,6978.13787,1.006,-0.00940471170159338,0.006
"111,219,512,774",-0.01,4,6977.07426163877,"112,219,507,772",-0.00997942122594662,4,6964.1304788705,2,"112,219,507,772",4,-0.00997942122594662,6958.1899,0.008,-0.00997942122594662,0.008
"161,311,449,596,715,852",-0.01,6,7037.60699059889,"161,311,344,345,446,596,715,852",-0.011604662186246,8,7048.5793650754,3,"161,311,345,446,596,715,852",7,-0.011601439103727,7025.70638,2.003,-0.011604662186246,1.003
"150,326,530,659,854",-0.01,5,6985.16763108881,"149,326,531,660,853",-0.00984175792827447,5,6980.97933220552,2,"149,326,531,660,853",5,-0.00984175792827447,6969.40733,0.004,-0.00984175792827447,0.004
"204,765",-0.01,2,6892.60971024392,"204,765",-0.0100164052636717,2,6892.51659454047,2,"204,765",2,-0.0100164052636717,6892.12494,0,-0.0100164052636717,0
"357,632",-0.01,2,6938.92055117806,"360,632",-0.0102109315014567,2,6934.9437032997,2,"360,632",2,-0.0102109315014567,6932.8306,0.003,-0.0102109315014567,0.003
"626,820",-0.01,2,6971.35136952887,"627,819",-0.0100050044190828,2,6965.39356636367,2,"627,819",2,-0.0100050044190828,6965.15237,0.002,-0.0100050044190828,0.002
"141,253,471,662,815",-0.01,5,6969.83083627785,"139,253,471,662,816",-0.00998732181608322,5,6957.40649836241,2,"139,253,471,662,816",5,-0.00998732181608322,6956.89617,0.003,-0.00998732181608322,0.003
"111,261,402,571,726,833",-0.01,6,7004.12706108938,"108,111,261,401,567,576,726,833",-0.0108295884705323,8,7008.62769338903,3,"111,261,401,567,726,833",6,-0.0106743040838984,6986.88266,2.005,-0.0108295884705323,0.005
"128,279,394,644",-0.01,4,6958.433228692,"128,279,394,644,645",-0.00947172930248898,5,6958.98512400008,3,"128,279,394,645",4,-0.00944807244108471,6946.28249,1,-0.00947172930248898,0.001
"244,742,878",-0.01,3,6979.36387693825,"244,743,878",-0.00965983406280495,3,6974.38689620038,2,"244,743,878",3,-0.00965983406280495,6973.83217,0.001,-0.00965983406280495,0.001
"104,219,407,580,792",-0.01,5,6920.31584994643,"104,218,221,407,580,793",-0.00995920947526679,6,6921.432401724,3,"104,218,407,580,793",5,-0.0100630826636106,6910.64406,1.002,-0.00995920947526679,0.002
"199,390,564,729,848",-0.01,5,6961.76151925506,"204,390,564,713,729,847",-0.00943670028722635,6,6956.56355555913,4,"204,390,564,729,847",5,-0.00974923759091574,6942.69623,1.006,-0.00943670028722635,0.006
"101,828",-0.01,2,6997.34548941775,"101,826",-0.0100311548835919,2,6993.67109050992,2,"101,826",2,-0.0100311548835919,6990.99144,0.002,-0.0100311548835919,0.002
"223",-0.01,1,6909.98326334346,"222",-0.0100609274637901,1,6909.080884256,2,"222",1,-0.0100609274637901,6905.1625,0.001,-0.0100609274637901,0.001
"182,342,501,699,892",-0.01,5,6974.99242729781,"182,342,505,699,900",-0.00876474729511399,5,6962.0071378467,2,"182,342,505,699,900",5,-0.00876474729511399,6960.92897,0.012,-0.00876474729511399,0.012
"320,622,776",-0.01,3,6963.2104527732,"320,622,777",-0.00991195626849118,3,6959.95413484851,2,"320,622,777",3,-0.00991195626849118,6959.87793,0.001,-0.00991195626849118,0.001
"120,256,390,515,631,768,895",-0.01,7,7062.13837507683,"120,516,631,769,895",-0.0012691896900009,5,7121.5254914923,2,"120,516,631,769,895",5,-0.0012691896900009,7114.74626,2.241,-0.0012691896900009,2.241
"492,696",-0.01,2,6906.21818826866,"498,696",-0.0100907290398521,2,6905.60393432825,2,"498,696",2,-0.0100907290398521,6898.02054,0.006,-0.0100907290398521,0.006
"325",-0.01,1,6865.66586744319,"324",-0.00997979832618764,1,6864.42343563755,2,"324",1,-0.00997979832618764,6864.36284,0.001,-0.00997979832618764,0.001
"130,263,412,558,730,839",-0.01,6,7028.60761238974,"129,261,412,558,730,838",-0.0106911284845722,6,7015.60550748167,2,"129,261,412,558,730,838",6,-0.0106911284845722,7009.02515,0.004,-0.0106911284845722,0.004
"178,376,601,720",-0.01,4,6919.26085788219,"178,375,380,602,720",-0.00995253544641332,5,6925.10622734876,10,"178,380,602,720",4,-0.010097256759826,6924.3828,1.002,-0.00995253544641332,0.005
"231,658",-0.01,2,7014.29791646705,"233,658",-0.0102224313279391,2,7010.04976906579,2,"233,658",2,-0.0102224313279391,7009.6134,0.002,-0.0102224313279391,0.002
"339,500",-0.01,2,6993.37140145234,"339,500",-0.009803201561783,2,6987.74447717062,2,"339,500",2,-0.009803201561783,6987.73391,0,-0.009803201561783,0
"239,340,505,684,832",-0.01,5,6913.65523942293,"238,339,505,683,832",-0.0105237259765608,5,6906.17614582333,2,"238,339,505,683,832",5,-0.0105237259765608,6901.15939,0.003,-0.0105237259765608,0.003
"256,469,613,816",-0.01,4,6966.18945547644,"256,468,469,614,816",-0.009448424434021,5,6982.24966666326,3,"256,468,614,816",4,-0.00942359674949287,6963.08061,1.001,-0.009448424434021,0.002
"309,825",-0.01,2,6955.92253363902,"307,825",-0.00988333729107315,2,6944.96645663453,2,"307,825",2,-0.00988333729107315,6944.40597,0.002,-0.00988333729107315,0.002
"310,573,701",-0.01,3,6972.63607780956,"310,576,701",-0.0102525170250029,3,6967.70015396012,2,"310,576,701",3,-0.0102525170250029,6966.50144,0.003,-0.0102525170250029,0.003
"113,312,491,617,829",-0.01,5,6982.77272319592,"113,312,489,621,829",-0.010674117676309,5,6973.43922520653,2,"113,312,489,621,829",5,-0.010674117676309,6966.84753,0.006,-0.010674117676309,0.006
"356,669",-0.01,2,7045.73106983985,"356,666",-0.0100568948606147,2,7037.2412277634,2,"356,666",2,-0.0100568948606147,7037.01535,0.003,-0.0100568948606147,0.003
"116,247,363,504,633,746,870",-0.01,7,7074.51799372359,"115,118,247,369,504,633,747,870",-0.00918424032400348,8,7093.7598457567,3,"115,247,369,504,633,747,870",7,-0.00904488339037007,7058.28393,1.008,-0.00918424032400348,0.008
"305,535,701",-0.01,3,6999.77460605126,"305,535,696",-0.00928307774777814,3,6984.12044849432,2,"305,535,696",3,-0.00928307774777814,6983.6997,0.005,-0.00928307774777814,0.005
"112,216,570,759",-0.01,4,7010.06503334531,"112,216,570,573,759",-0.00983265654608494,5,7029.29944347124,3,"112,216,573,759",4,-0.00991064255894683,7003.50211,1,-0.00983265654608494,0.003
"118,248,379,494,627,746,875",-0.01,7,6940.13224101162,"118,248,379,494,629,746,875",-0.00946470048570512,7,6935.70329483199,2,"118,248,379,494,629,746,875",7,-0.00946470048570512,6929.36654,0.002,-0.00946470048570512,0.002
"106,479,713,869",-0.01,4,6992.93850543745,"106,479,713,869",-0.0106674473542095,4,6981.28653228556,2,"106,479,713,869",4,-0.0106674473542095,6981.21374,0,-0.0106674473542095,0
"147,273,401,582,701,819",-0.01,6,7055.59993641949,"147,273,401,582,697,715,796,821,862,879",-0.0113422573626307,10,7097.52047890535,4,"147,273,401,582,697,821",6,-0.0099548191883625,7044.99111,4.006,-0.0113422573626307,0.006
"108,240,372,504,636,739,870",-0.01,7,7038.77117114306,"104,108,240,370,503,635,739,870",-0.00979052831116724,8,7031.69285102515,3,"104,240,370,503,635,739,870",7,-0.00995674965319948,7017.85002,1.004,-0.00979052831116724,0.008
"365,613",-0.01,2,6923.07861546978,"365,613",-0.0104189682913659,2,6919.54361795017,2,"365,613",2,-0.0104189682913659,6919.49572,0,-0.0104189682913659,0
"158,339,485,600,737,856",-0.01,6,6947.86429327123,"157,339,474,485,600,737,842,859",-0.00956751933123135,8,6952.32068645632,4,"157,339,485,600,737,859",6,-0.0088532741062452,6939.03533,2.004,-0.00956751933123135,0.004
"245,625,775",-0.01,3,7020.67225901474,"245,627,773,775",-0.0101351305334007,4,7018.78966857021,3,"245,627,773",3,-0.0101670531240112,7006.42513,1.002,-0.0101351305334007,0.004
"113,301,483,704,851",-0.01,5,7015.66332089211,"113,301,483,704,850",-0.00950317768685177,5,7011.34523361512,2,"113,301,483,704,850",5,-0.00950317768685177,7009.20928,0.001,-0.00950317768685177,0.001
"117,234,362,479,621,761,882",-0.01,7,6960.57348159985,"117,234,367,480,620,761,882",-0.0110072488805375,7,6965.63396063643,2,"117,234,367,480,620,761,882",7,-0.0110072488805375,6943.42545,0.007,-0.0110072488805375,0.007
"160,298,486,589,690,855",-0.01,6,7049.42851939687,"160,296,487,588,690,854,855",-0.00938859803757165,7,7053.3406838934,3,"160,296,487,588,690,854",6,-0.0094190739220243,7034.17582,1.004,-0.00938859803757165,0.005
"197,415,594,803",-0.01,4,6895.54997416134,"197,198,415,593,594,803",-0.0101216252655256,6,6911.84466709765,3,"198,415,593,803",4,-0.0101211108361718,6887.44438,2,-0.0101216252655256,0.002
"177,320,539,655,866",-0.01,5,6982.30362594529,"178,320,540,655,866",-0.0101716550043095,5,6970.85768420235,2,"178,320,540,655,866",5,-0.0101716550043095,6970.69916,0.002,-0.0101716550043095,0.002
"119,222,346,482,617,757,901",-0.01,7,6977.23400699786,"119,217,221,224,345,475,617,758,901",-0.0112225884198916,9,6993.83727440591,3,"119,221,345,475,617,758,901",7,-0.0110392490094802,6963.7854,2.01,-0.0112225884198916,0.01
"252",-0.01,1,6883.9229048821,"252",-0.0100109914748888,1,6883.58147263789,2,"252",1,-0.0100109914748888,6883.54256,0,-0.0100109914748888,0
"151,277,406,517,622,744,889",-0.01,7,7075.2612965914,"151,277,404,518,618,745,889",-0.00895142504301684,7,7071.58033519802,2,"151,277,404,518,618,745,889",7,-0.00895142504301684,7059.00759,0.008,-0.00895142504301684,0.008
"431,794",-0.01,2,6960.49298823549,"431,794",-0.00977796084921414,2,6959.54447028571,2,"431,794",2,-0.00977796084921414,6959.3729,0,-0.00977796084921414,0
"129,252,369,495,621,740,867",-0.01,7,7027.89850946298,"129,251,367,493,496,621,740,867",-0.0107390675697013,8,7038.88886886149,3,"129,251,367,496,621,740,867",7,-0.0108495530938766,7019.45142,1.004,-0.0107390675697013,0.004
"166,329,441,658,806",-0.01,5,6989.86974737796,"166,329,441,658,805",-0.00968575834698828,5,6984.51704627324,2,"166,329,441,658,805",5,-0.00968575834698828,6980.44943,0.001,-0.00968575834698828,0.001
"132,391,695",-0.01,3,6929.01638447179,"132,391,695",-0.0107337760213078,3,6930.34216301325,2,"132,391,695",3,-0.0107337760213078,6923.6656,0,-0.0107337760213078,0
"271,401,510,641",-0.01,4,7007.65639338099,"271,275,401,510,640",-0.009944354240138,5,7014.369201692,3,"271,401,510,640",4,-0.00987495405595754,6999.95503,1.001,-0.009944354240138,0.001
"376,613",-0.01,2,6969.786837397,"375,377,615",-0.0101237347111305,3,6976.68698670547,3,"375,615",2,-0.0100965830587855,6965.52493,1.003,-0.0101237347111305,0.003
"229,430,676,801",-0.01,4,6933.59844804789,"230,429,676,801",-0.0111811806945628,4,6915.16870062928,2,"230,429,676,801",4,-0.0111811806945628,6914.16517,0.002,-0.0111811806945628,0.002
"205,487,774",-0.01,3,6983.18479690074,"204,488,774",-0.0106678473468878,3,6983.17248221905,2,"204,488,774",3,-0.0106678473468878,6974.30932,0.002,-0.0106678473468878,0.002
"108,716",-0.01,2,6907.19917834321,"107,717",-0.0101183747054316,2,6898.77791557211,2,"107,717",2,-0.0101183747054316,6898.70339,0.002,-0.0101183747054316,0.002
"214,388,493,666,826",-0.01,5,6996.76742326159,"214,388,495,666,671,824",-0.0105515843492976,6,6988.24541012239,3,"214,388,495,666,824",5,-0.0106999578999046,6978.69491,1.004,-0.0105515843492976,0.004
"233",-0.01,1,6912.81837567777,"233",-0.0103130774552365,1,6908.70652789182,2,"233",1,-0.0103130774552365,6908.70094,0,-0.0103130774552365,0
"111,313,445,646,796",-0.01,5,6984.68284193719,"111,314,444,648,796",-0.0105399008176743,5,6971.90673456414,2,"111,314,444,648,796",5,-0.0105399008176743,6970.74288,0.004,-0.0105399008176743,0.004
"264,509,644,810",-0.01,4,7030.17917301939,"264,508,644,810",-0.0100152176506841,4,7025.29612177917,2,"264,508,644,810",4,-0.0100152176506841,7024.67877,0.001,-0.0100152176506841,0.001
"449,653",-0.01,2,7056.70568147179,"448,655",-0.010349701296672,2,7051.42388816412,2,"448,655",2,-0.010349701296672,7051.07612,0.003,-0.010349701296672,0.003
"125,457,581",-0.01,3,6929.26401683713,"125,460,581",-0.0100566640949266,3,6927.36144109431,2,"125,460,581",3,-0.0100566640949266,6926.22029,0.003,-0.0100566640949266,0.003
"396,805",-0.01,2,6878.98648633476,"396,802,808",-0.0101962095239461,3,6883.62436983263,3,"396,802",2,-0.0101460239186259,6871.58288,1.003,-0.0101962095239461,0.003
"699",-0.01,1,7030.8866974413,"689,699",-0.00987948591394536,2,7034.30897333187,3,"689",1,-0.00992862989546301,7028.19972,1,-0.00987948591394536,0.01
"218,483,806",-0.01,3,6970.26357970576,"217,483,806",-0.00946908692431528,3,6966.34075638382,2,"217,483,806",3,-0.00946908692431528,6966.27491,0.001,-0.00946908692431528,0.001
"319,504,742",-0.01,3,7012.68157393775,"319,504,742",-0.0103410068968787,3,7011.83643240606,2,"319,504,742",3,-0.0103410068968787,7010.50718,0,-0.0103410068968787,0
"177,483,729",-0.01,3,7026.2356838103,"177,482,727",-0.0100871660651309,3,7015.09441517671,2,"177,482,727",3,-0.0100871660651309,7014.99606,0.003,-0.0100871660651309,0.003
"148,270,415,543,653,754,876",-0.01,7,7012.58726617523,"149,268,416,543,653,754,827,875",-0.0108840920164307,8,7002.63287013921,3,"149,268,416,543,653,754,875",7,-0.0102024106011964,6992.24918,1.005,-0.0108840920164307,0.005
"118,433,657",-0.01,3,6895.52426046421,"118,432,655",-0.0103461385239217,3,6895.2582634015,2,"118,432,655",3,-0.0103461385239217,6891.43288,0.003,-0.0103461385239217,0.003
"123,224,401,571,714,843",-0.01,6,7055.67689166578,"120,224,401,571,714,843",-0.00993661739038638,6,7038.37015974332,2,"120,224,401,571,714,843",6,-0.00993661739038638,7036.27016,0.003,-0.00993661739038638,0.003
"288,487,740",-0.01,3,6929.99202457136,"289,486,739",-0.00990363843941588,3,6919.34835316953,2,"289,486,739",3,-0.00990363843941588,6919.12489,0.003,-0.00990363843941588,0.003
"148,281,403,507,631,743,872",-0.01,7,6992.56781382939,"150,270,278,288,403,508,629,635,742,872",-0.0111692682902955,10,7010.54677742895,5,"150,278,403,508,629,742,872",7,-0.0108775336601288,6975.11272,3.009,-0.0111692682902955,0.009
"132,262,377,493,606,755,879",-0.01,7,7072.11176024175,"133,262,377,493,606,754,878",-0.0109463897835756,7,7055.61213645782,2,"133,262,377,493,606,754,878",7,-0.0109463897835756,7045.20208,0.003,-0.0109463897835756,0.003
"102,241,370,485,630,756,900",-0.01,7,6915.93984583159,"102,241,370,485,630,756,765,899",-0.0103122946556343,8,6912.35408825211,3,"102,241,370,485,630,765,899",7,-0.00992367196278168,6903.04246,1.001,-0.0103122946556343,0.01
"374,705",-0.01,2,6971.65691825154,"373,706",-0.0100373781909813,2,6967.04112681897,2,"373,706",2,-0.0100373781909813,6966.06363,0.002,-0.0100373781909813,0.002
"256,502,818",-0.01,3,6947.48547389118,"256,502,818",-0.0104309592094919,3,6944.7003016457,2,"256,502,818",3,-0.0104309592094919,6942.62021,0,-0.0104309592094919,0
"199,410,597,726",-0.01,4,7040.15306685965,"199,410,598,725,726",-0.00976864159731709,5,7047.143567455,3,"199,410,598,726",4,-0.00975436546922449,7032.17634,1.001,-0.00976864159731709,0.001
"340,655",-0.01,2,6934.00464047467,"339,346,655",-0.00976932839690775,3,6942.18560152874,3,"339,655",2,-0.00969310417401187,6931.14623,1.001,-0.00976932839690775,0.001
"127,251,477,642",-0.01,4,7029.43906668551,"127,247,253,477,643",-0.00939696558846429,5,7039.71092196833,3,"127,253,477,643",4,-0.00945861668585572,7021.73388,1.003,-0.00939696558846429,0.003
"231",-0.01,1,6891.38058965346,"231",-0.00976161239167919,1,6888.55461743731,2,"231",1,-0.00976161239167919,6888.54961,0,-0.00976161239167919,0
"428",-0.01,1,6901.88176271505,"430",-0.00986265200042572,1,6900.69542114902,2,"430",1,-0.00986265200042572,6900.48786,0.002,-0.00986265200042572,0.002
"150,279,394,533,713,863",-0.01,6,7012.52391786518,"150,279,281,393,395,532,712,864",-0.0094852035355739,8,7027.33210866063,3,"150,281,393,532,712,864",6,-0.00947592985832428,7000.98367,2.004,-0.0094852035355739,0.006
"299,430",-0.01,2,6968.46204636091,"296,430",-0.0101061149134759,2,6966.30108967085,2,"296,430",2,-0.0101061149134759,6962.06461,0.003,-0.0101061149134759,0.003
"206,324,495,684,828",-0.01,5,6955.70930395356,"206,320,324,495,684,828",-0.00997835001183113,6,6965.50721022694,3,"206,324,495,684,828",5,-0.0100420732178428,6952.81125,1,-0.00997835001183113,0
"150,287,397,550,703,854",-0.01,6,7027.59932914826,"150,288,397,552,703,854",-0.0114435036520485,6,7022.74513256322,2,"150,288,397,552,703,854",6,-0.0114435036520485,7017.27025,0.003,-0.0114435036520485,0.003
"134,341,511,726,826",-0.01,5,6981.38913627516,"134,341,511,726,826",-0.010029501713939,5,6974.00825159538,2,"134,341,511,726,826",5,-0.010029501713939,6973.48729,0,-0.010029501713939,0
"215,468,852",-0.01,3,6959.67209497049,"215,467,852",-0.00973367685667256,3,6960.17722807519,2,"215,467,852",3,-0.00973367685667256,6955.68987,0.001,-0.00973367685667256,0.001
"228,435,635,777",-0.01,4,6982.48279410927,"228,436,635,777",-0.0102550838670842,4,6970.76273497351,2,"228,436,635,777",4,-0.0102550838670842,6970.57313,0.001,-0.0102550838670842,0.001
"186,356,505,692,811",-0.01,5,7026.23893161747,"186,356,509,692,811",-0.00968795336480683,5,7015.28766435475,2,"186,356,509,692,811",5,-0.00968795336480683,7015.02151,0.004,-0.00968795336480683,0.004
"264,368",-0.01,2,6940.5301958602,"264,368",-0.0100777958704318,2,6934.057414416,2,"264,368",2,-0.0100777958704318,6933.34622,0,-0.0100777958704318,0
"391",-0.01,1,6983.41218023885,"391",-0.00997145937483151,1,6982.81417008231,2,"391",1,-0.00997145937483151,6982.70352,0,-0.00997145937483151,0
"111,257,445,615,720,878",-0.01,6,7096.99987826843,"108,111,239,253,257,445,615,720,878",-0.0103498618128476,9,7125.56041273737,3,"111,257,445,615,720,878",6,-0.0106082525149155,7090.61945,3,-0.0103498618128476,0
"152,289,431,604,752,855",-0.01,6,7057.67515333114,"144,287,431,604,752,854",-0.0100487613163006,6,7065.05710886765,2,"144,287,431,604,752,854",6,-0.0100487613163006,7046.29459,0.011,-0.0100487613163006,0.011
"621",-0.01,1,6941.06030982494,"621",-0.0100560422372679,1,6940.80269199318,2,"621",1,-0.0100560422372679,6940.80042,0,-0.0100560422372679,0
"109,267,432,564,714,891",-0.01,6,6940.22665390104,"109,266,276,432,564,714,891",-0.0101381928200665,7,6944.71001298879,3,"109,266,432,564,714,891",6,-0.0103788423208501,6932.87161,1.001,-0.0101381928200665,0.001
"164,296,456,564,701,844",-0.01,6,6979.75402347167,"164,296,456,565,703,846",-0.00970643795197464,6,6970.59379068095,2,"164,296,456,565,703,846",6,-0.00970643795197464,6965.39781,0.005,-0.00970643795197464,0.005
"136,248,398,557,715,892",-0.01,6,7068.74905627958,"136,249,398,556,715,892",-0.00953599329611695,6,7062.34980947588,2,"136,249,398,556,715,892",6,-0.00953599329611695,7061.84415,0.002,-0.00953599329611695,0.002
"142,313,535,740,867",-0.01,5,6965.18678793651,"142,313,535,740,864",-0.00886411680607488,5,6953.7765911154,2,"142,313,535,740,864",5,-0.00886411680607488,6952.35495,0.003,-0.00886411680607488,0.003
"225,373,586,790,893",-0.01,5,7007.21867467634,"222,231,371,586,791,890,891,894",-0.00995015732466632,8,7062.01107695883,3,"222,371,586,791,890,891,894",7,-0.00983574870992585,7018.69303,3.007,-0.00995015732466632,2.007
"119,230,338,466,599,729,863",-0.01,7,7046.22745769694,"117,119,131,228,231,335,338,339,461,463,466,468,477,601,730,858,863,975",-0.0102405533613939,18,7197.75935099794,10,"117,228,231,335,461,468,477,601,730,863",10,-0.0101919416496029,7072.59278,11.004,-0.0102405533613939,3.011
"126,303,477,610,730,887",-0.01,6,6959.44437328784,"123,303,475,610,730,887",-0.00927295605096926,6,6966.67460818904,2,"123,303,475,610,730,887",6,-0.00927295605096926,6950.69217,0.005,-0.00927295605096926,0.005
"784",-0.01,1,6917.62814939897,"784",-0.00975750039106412,1,6915.20138945901,2,"784",1,-0.00975750039106412,6915.11126,0,-0.00975750039106412,0
"407,571,766",-0.01,3,6977.76119072392,"406,407,571,766,816",-0.00998037332281002,5,6985.28737591378,3,"407,571,766",3,-0.0103610032692907,6966.42128,2,-0.00998037332281002,0
"412,541,857",-0.01,3,7009.03060459869,"411,541,859",-0.0100277052590108,3,6995.44538037857,2,"411,541,859",3,-0.0100277052590108,6995.0213,0.003,-0.0100277052590108,0.003
"152,294,451,618,736,855",-0.01,6,6868.28744584153,"151,152,293,451,617,619,737,857",-0.0105625312841314,8,6879.49272609939,4,"151,293,451,617,737,857",6,-0.0106582425685749,6849.90711,2.005,-0.0105625312841314,0.006
"149,251,446,605,742,848",-0.01,6,7042.47305619973,"149,250,444,605,740,743,848",-0.0113398336780114,7,7032.76695725489,9,"149,250,444,605,740,848",6,-0.0112358970776699,7021.39544,1.004,-0.0113398336780114,0.005
"271,483,752",-0.01,3,7026.54178103518,"271,483,750",-0.01045867053854,3,7018.04748050801,2,"271,483,750",3,-0.01045867053854,7016.28009,0.002,-0.01045867053854,0.002
"163,368,557,674",-0.01,4,6921.48423137168,"163,370,553,674",-0.0101660697184901,4,6921.09052598317,2,"163,370,553,674",4,-0.0101660697184901,6913.57768,0.006,-0.0101660697184901,0.006
"152,295,459,638,810",-0.01,5,6952.934350934,"152,295,459,639,810",-0.010369731059188,5,6943.95952981593,2,"152,295,459,639,810",5,-0.010369731059188,6941.79923,0.001,-0.010369731059188,0.001
"359,539,826",-0.01,3,6993.34113138053,"359,539,825",-0.0102986191768103,3,6982.11103554616,2,"359,539,825",3,-0.0102986191768103,6981.83135,0.001,-0.0102986191768103,0.001
"188,412,623,770",-0.01,4,6889.83360575611,"188,412,623,770",-0.0103701559591445,4,6891.12703692637,2,"188,412,623,770",4,-0.0103701559591445,6885.95855,0,-0.0103701559591445,0
"105,234,363,508,650,784,893",-0.01,7,6979.36377272568,"105,113,233,362,509,650,784,888",-0.0107354548931186,8,6972.96723021834,3,"105,233,362,509,650,784,888",7,-0.0103572066083809,6960.6697,1.008,-0.0107354548931186,0.008
"136,256,435,665,861",-0.01,5,6976.24862087303,"136,256,435,665,861",-0.0102797027901832,5,6969.35473855008,2,"136,256,435,665,861",5,-0.0102797027901832,6968.23687,0,-0.0102797027901832,0
"185,426,680,851",-0.01,4,6991.60569501321,"186,426,679,680,811,852",-0.0100472532548837,6,6999.11345488386,4,"186,426,679,852",4,-0.0096697767974079,6978.86241,2.002,-0.0100472532548837,0.003
"385,523",-0.01,2,6888.87761426546,"384,523",-0.0106525162709898,2,6870.94746952288,2,"384,523",2,-0.0106525162709898,6870.94612,0.001,-0.0106525162709898,0.001
"553",-0.01,1,6926.01701374295,"553",-0.010142520085036,1,6922.69094163062,2,"553",1,-0.010142520085036,6922.63104,0,-0.010142520085036,0
"145,267,389,519,642,756,858",-0.01,7,7057.11958041285,"145,269,394,519,638,755,858",-0.00987534605890457,7,7051.72882549069,2,"145,269,394,519,638,755,858",7,-0.00987534605890457,7038.67394,0.012,-0.00987534605890457,0.012
"447",-0.01,1,7005.17164089821,"447",-0.00996588256184824,1,7004.20217227492,2,"447",1,-0.00996588256184824,7004.20176,0,-0.00996588256184824,0
"119,240,359,533,688,844",-0.01,6,6963.55132439423,"119,241,359,533,687,843",-0.010091753570912,6,6955.22157712295,2,"119,241,359,533,687,843",6,-0.010091753570912,6947.27951,0.003,-0.010091753570912,0.003
"212,455,805",-0.01,3,6969.82156813229,"214,456,805",-0.00994565128397177,3,6952.89520081979,2,"214,456,805",3,-0.00994565128397177,6952.29097,0.003,-0.00994565128397177,0.003
"238,346,662",-0.01,3,6941.90194808459,"238,346,662",-0.0103676684824087,3,6936.14502654878,2,"238,346,662",3,-0.0103676684824087,6933.89394,0,-0.0103676684824087,0
"238,418,697",-0.01,3,6964.8180580747,"238,243,418,698",-0.0099531422643951,4,6966.24057403001,3,"238,418,698",3,-0.0098615903083836,6958.22062,1.001,-0.0099531422643951,0.001
"125,265,369,484,592,728,861",-0.01,7,7078.8376928682,"127,265,369,482,592,728,861",-0.00934418387976242,7,7069.4195180291,2,"127,265,369,482,592,728,861",7,-0.00934418387976242,7068.11626,0.004,-0.00934418387976242,0.004
"117,511",-0.01,2,6979.14049011089,"115,117,510",-0.00980757758220569,3,6983.51149417987,3,"115,510",2,-0.009833835311737,6971.24312,1.001,-0.00980757758220569,0.003
"161,392,542,720,843",-0.01,5,6982.52674201183,"161,392,542,721,843",-0.0108702935779024,5,6975.59230301849,2,"161,392,542,721,843",5,-0.0108702935779024,6973.44063,0.001,-0.0108702935779024,0.001
"224,485,693",-0.01,3,6939.75355642626,"227,483,694",-0.00887371782575337,3,6926.26001870842,2,"227,483,694",3,-0.00887371782575337,6916.69215,0.006,-0.00887371782575337,0.006
"132,240,378,545,686,843",-0.01,6,7086.86358823597,"127,240,380,545,686,847",-0.00985756887712076,6,7072.57700341323,2,"127,240,380,545,686,847",6,-0.00985756887712076,7063.43137,0.011,-0.00985756887712076,0.011
"125,270,426,570,696,846",-0.01,6,6937.23211634544,"125,270,425,570,696,846",-0.00995184035207963,6,6936.36204718574,2,"125,270,425,570,696,846",6,-0.00995184035207963,6926.35547,0.001,-0.00995184035207963,0.001
"153,277,410,556,711,839",-0.01,6,7032.04517383396,"153,277,410,556,711,713,839",-0.0103355498216528,7,7041.43264820664,3,"153,277,410,556,713,839",6,-0.0102485792448018,7024.18458,1,-0.0103355498216528,0.002
"173,352,502,604,754,861",-0.01,6,7017.72247574708,"173,352,501,604,754,862",-0.00981016412102954,6,7021.5494321842,2,"173,352,501,604,754,862",6,-0.00981016412102954,7011.8397,0.002,-0.00981016412102954,0.002
"235,368,486,662,793,899",-0.01,6,7100.64212261154,"235,368,486,662,793,900",-0.0101944162869804,6,7093.47772821964,2,"235,368,486,662,793,900",6,-0.0101944162869804,7089.32648,0.001,-0.0101944162869804,0.001
"160,331,529,634,806",-0.01,5,6950.83469686062,"160,330,529,634,805",-0.010302536068632,5,6942.33605768156,2,"160,330,529,634,805",5,-0.010302536068632,6942.23653,0.002,-0.010302536068632,0.002
"147,260,387,487,635,747,892",-0.01,7,7109.8173811351,"147,260,387,391,487,635,746,892",-0.0123823292411087,8,7104.73120556284,3,"147,260,387,487,635,746,892",7,-0.012254245433148,7084.71598,1.001,-0.0123823292411087,0.001
"138,383,633,804",-0.01,4,6985.32023416461,"138,383,634,805",-0.00976106031971643,4,6971.61901878998,2,"138,383,634,805",4,-0.00976106031971643,6970.88157,0.002,-0.00976106031971643,0.002
"117,221,367,500,633,752,881",-0.01,7,7002.02533600703,"117,134,220,366,500,633,752,881",-0.00950782879421285,8,6994.78521082524,5,"117,220,366,500,633,752,881",7,-0.00994853673775986,6988.40425,1.002,-0.00950782879421285,0.002
"142,285,401,522,656,767,880",-0.01,7,7026.78038227248,"143,287,396,400,522,654,766,881",-0.0102239532511981,8,7029.85809317101,4,"143,287,400,522,654,766,881",7,-0.010102349683036,7011.43211,1.008,-0.0102239532511981,0.008
"311,616,852",-0.01,3,6958.26249157619,"310,315,616,853",-0.00953737323732514,4,6956.89149491748,3,"310,616,853",3,-0.00941634362687824,6946.41209,1.002,-0.00953737323732514,0.002
"522",-0.01,1,6922.40575829806,"520,534",-0.0099471372813505,2,6927.72573779652,3,"520",1,-0.00985070053481534,6918.83267,1.002,-0.0099471372813505,0.002
"134,284,395,542,662,768,895",-0.01,7,7056.61937876077,"134,284,393,395,542,653,664,768,895",-0.00942723956370638,9,7062.31610510667,4,"134,284,393,542,664,768,895",7,-0.0091989454519548,7038.76026,2.002,-0.00942723956370638,0.004
"438",-0.01,1,6963.71876245926,"438",-0.00992234530058768,1,6959.97743038072,2,"438",1,-0.00992234530058768,6959.96936,0,-0.00992234530058768,0
"106,250,353,472,602,746,878",-0.01,7,6932.72168504518,"103,112,250,353,472,603,746,749,878",-0.0100741072776082,9,6969.34631715024,7,"103,250,353,472,603,746,878",7,-0.0103766085778244,6926.24743,2.004,-0.0100741072776082,0.004
"306",-0.01,1,6934.10625372276,"306",-0.00984313028770997,1,6932.97824289855,2,"306",1,-0.00984313028770997,6932.67329,0,-0.00984313028770997,0
"211,353,523,673,864",-0.01,5,7016.99547901852,"211,353,523,668,863",-0.00874741667367544,5,6994.76446478488,2,"211,353,523,668,863",5,-0.00874741667367544,6994.06489,0.006,-0.00874741667367544,0.006
"220,410,596,737,873",-0.01,5,6957.56750704937,"218,221,410,597,737,873",-0.00869923747499016,6,6970.76947831699,3,"221,410,597,737,873",5,-0.00884899744038528,6944.75928,1.002,-0.00869923747499016,0.002
"131,338,489,613,812",-0.01,5,6985.86519897391,"131,338,489,612,812",-0.00944899270633489,5,6976.10113347264,2,"131,338,489,612,812",5,-0.00944899270633489,6973.85977,0.001,-0.00944899270633489,0.001
"178,282,464,626,733,857",-0.01,6,6986.7137349581,"176,282,466,625,733,857",-0.010480123466523,6,6979.87168107794,2,"176,282,466,625,733,857",6,-0.010480123466523,6968.80822,0.005,-0.010480123466523,0.005
"361,474",-0.01,2,6902.53073288906,"362,473",-0.0101761733499652,2,6898.92032056609,2,"362,473",2,-0.0101761733499652,6897.84511,0.002,-0.0101761733499652,0.002
"310,691",-0.01,2,6931.62330394102,"310,689",-0.0103563339552395,2,6926.05519487903,2,"310,689",2,-0.0103563339552395,6924.25156,0.002,-0.0103563339552395,0.002
"281,566,875",-0.01,3,6962.8125167673,"281,566,876",-0.0101927354245559,3,6957.62457539495,2,"281,566,876",3,-0.0101927354245559,6957.60427,0.001,-0.0101927354245559,0.001
"280",-0.01,1,6921.21172346921,"280",-0.0100194977776348,1,6919.27753269909,2,"280",1,-0.0100194977776348,6919.23977,0,-0.0100194977776348,0
"209,329,569,758",-0.01,4,7002.20074838325,"209,326,573,758",-0.0108654503969827,4,7027.14023999529,2,"209,326,573,758",4,-0.0108654503969827,6997.51194,0.007,-0.0108654503969827,0.007
"117,231,385,503,664,810",-0.01,6,7002.55220805912,"117,233,244,385,498,503,664,807",-0.0104050541483134,8,7014.97603288349,3,"117,233,385,498,664,807",6,-0.00998297932936733,6986.66865,2.005,-0.0104050541483134,0.01
"242,369,550,686,876",-0.01,5,6952.7463083153,"242,368,550,685,875",-0.00989804827210301,5,6947.77422756572,2,"242,368,550,685,875",5,-0.00989804827210301,6945.98455,0.003,-0.00989804827210301,0.003
"700,898",-0.01,2,6918.19361757223,"700,898",-0.0101478911955761,2,6914.4843659108,2,"700,898",2,-0.0101478911955761,6914.48317,0,-0.0101478911955761,0
"138,294,453,553,700,861",-0.01,6,6991.38493451727,"139,293,453,559,700,860",-0.0104909097722633,6,6989.3977769242,2,"139,293,453,559,700,860",6,-0.0104909097722633,6977.05508,0.009,-0.0104909097722633,0.009
"315,469,600,785",-0.01,4,6927.39001942709,"314,469,599,784,785",-0.0102589061342626,5,6930.98434335291,3,"314,469,599,784",4,-0.0102359682137341,6917.72227,1.002,-0.0102589061342626,0.003
"200,372,489,647",-0.01,4,6979.04681120679,"200,372,375,489,650",-0.0102851082001391,5,6988.71091686186,3,"200,372,489,650",4,-0.0103135340468697,6974.32432,1.003,-0.0102851082001391,0.003
"112,247,364,507,619,762,871",-0.01,7,6966.90340161832,"112,246,364,507,619,761,871",-0.00959467718310351,7,6952.74576716497,2,"112,246,364,507,619,761,871",7,-0.00959467718310351,6949.43387,0.002,-0.00959467718310351,0.002
"220,444,669,781",-0.01,4,6990.50741137623,"222,452,672,781",-0.00958880003563469,4,6963.13671878317,2,"222,452,672,781",4,-0.00958880003563469,6959.93005,0.013,-0.00958880003563469,0.013
"125,290,449,599,714,859",-0.01,6,7017.13036394306,"125,290,448,599,707,714,859",-0.0109587267036789,7,7027.00450479916,3,"125,290,448,599,714,859",6,-0.0107658933203633,7005.83339,1.001,-0.0109587267036789,0.001
"118,234,365,494,664,832",-0.01,6,7010.78764195081,"97,113,129,235,365,366,491,494,498,664,753,832",-0.00877758715221229,12,7104.88043675071,3,"97,129,235,366,498,664,832",7,-0.00852922436305514,6981.15432,6.006,-0.00877758715221229,1.017
"266,435,733",-0.01,3,6933.25345654837,"266,439,733",-0.0105704642690801,3,6926.55464962784,2,"266,439,733",3,-0.0105704642690801,6924.53171,0.004,-0.0105704642690801,0.004
"130,243,345,480,602,735,865",-0.01,7,6980.4451322288,"136,243,347,485,602,736,864",-0.0102829270163322,7,6970.43790366588,2,"136,243,347,485,602,736,864",7,-0.0102829270163322,6951.40351,0.015,-0.0102829270163322,0.015
"234",-0.01,1,6951.4690592603,"234",-0.00964970569487177,1,6946.78326124681,2,"234",1,-0.00964970569487177,6946.77241,0,-0.00964970569487177,0
"279,383,549,777",-0.01,4,6922.06225721363,"281,383,549,777",-0.00949753482363084,4,6916.78017536351,2,"281,383,549,777",4,-0.00949753482363084,6914.39593,0.002,-0.00949753482363084,0.002
"124,257,360,502,604,754,865",-0.01,7,7051.52352918564,"121,126,256,360,502,603,751,758,865",-0.00951668408763944,9,7072.62557956869,7,"121,256,360,502,603,751,865",7,-0.00941939063064224,7041.09726,2.007,-0.00951668408763944,0.008
"824",-0.01,1,6947.96938917079,"824",-0.0100137366760502,1,6946.43572910154,2,"824",1,-0.0100137366760502,6946.39724,0,-0.0100137366760502,0
"156,318,421,538,647,833",-0.01,6,6914.74577400776,"156,318,421,539,647,833",-0.00974524540121464,6,6903.40462258242,2,"156,318,421,539,647,833",6,-0.00974524540121464,6902.92254,0.001,-0.00974524540121464,0.001
"200,316,470,643,768,878",-0.01,6,6994.86101311766,"201,316,470,643,765,878",-0.0101111051765671,6,6989.25949166317,2,"201,316,470,643,765,878",6,-0.0101111051765671,6980.39752,0.004,-0.0101111051765671,0.004
"126,250,380,505,624,736,866",-0.01,7,7012.7664672254,"127,250,380,505,624,736,866",-0.00962100753947014,7,7009.74741602842,2,"127,250,380,505,624,736,866",7,-0.00962100753947014,7006.11762,0.001,-0.00962100753947014,0.001
"573",-0.01,1,6952.00229445474,"573",-0.00992959444938589,1,6951.81241852857,2,"573",1,-0.00992959444938589,6951.7825,0,-0.00992959444938589,0
"173,382,590,785",-0.01,4,6981.19395622685,"173,382,589,784",-0.00979175557974434,4,6963.45756510969,2,"173,382,589,784",4,-0.00979175557974434,6962.5953,0.002,-0.00979175557974434,0.002
"243,379,529,817",-0.01,4,7010.51422606709,"239,246,378,525,529,817",-0.0105833810615948,6,7024.44267749879,6,"239,378,529,817",4,-0.0104088823889304,7000.82142,2.004,-0.0105833810615948,0.005
"139,270,375,482,598,730,876",-0.01,7,7047.19890049158,"139,270,375,482,595,729,876",-0.0091217846942585,7,7044.62475542074,2,"139,270,375,482,595,729,876",7,-0.0091217846942585,7036.67992,0.004,-0.0091217846942585,0.004
"111,234,348,628,883",-0.01,5,7010.72534218612,"111,234,348,628,883",-0.0108100694894548,5,7002.20672093851,2,"111,234,348,628,883",5,-0.0108100694894548,7002.11324,0,-0.0108100694894548,0
"545",-0.01,1,6903.5651592726,"545",-0.00993011585527374,1,6903.22531174096,2,"545",1,-0.00993011585527374,6903.22527,0,-0.00993011585527374,0
"194,460,569,823",-0.01,4,6927.57863449821,"195,460,569,585,823",-0.00919520262994452,5,6926.03251103863,3,"195,460,569,823",4,-0.00949309559137147,6917.07663,1.001,-0.00919520262994452,0.001
"113,224,365,498,612,748,879",-0.01,7,6949.62754799687,"112,225,276,346,364,379,498,614,748,882",-0.00986090355472591,10,6961.75468232871,3,"112,225,364,498,614,748,882",7,-0.00891986009595167,6922.93967,3.008,-0.00986090355472591,0.008
"166,308,503,609,781",-0.01,5,6927.36633073653,"96,166,308,504,519,609,781",-0.00930337186032554,7,6938.30654993211,6,"166,308,504,609,781",5,-0.00909656393695924,6922.1696,2.001,-0.00930337186032554,0.001
"161,294,494,669,848",-0.01,5,6974.68017669799,"161,294,495,514,669,847",-0.0100717020789873,6,6967.83802297388,3,"161,294,495,669,847",5,-0.0104471348339432,6958.4662,1.002,-0.0100717020789873,0.002
"109,219,357,502,628,743,859",-0.01,7,7028.15208371203,"109,219,359,498,629,743,851,859,913",-0.00981803145561544,9,7026.73786834501,3,"109,219,359,498,629,743,851",7,-0.00925512159038674,7002.68303,2.007,-0.00981803145561544,0.015
"110,213,345,479,600,736,867",-0.01,7,6982.02751859828,"110,212,345,476,600,736,867",-0.0101060692868439,7,6971.94701137173,2,"110,212,345,476,600,736,867",7,-0.0101060692868439,6969.72382,0.004,-0.0101060692868439,0.004
"111,261,370,538,692,843",-0.01,6,6947.67550521222,"112,261,370,538,692,843",-0.0109469511901916,6,6940.79403845041,2,"112,261,370,538,692,843",6,-0.0109469511901916,6939.68952,0.001,-0.0109469511901916,0.001
"133,265,366,502,635,770,888",-0.01,7,7003.97845406414,"133,265,366,501,635,769,889",-0.00961861710129373,7,6991.22309768859,2,"133,265,366,501,635,769,889",7,-0.00961861710129373,6989.53422,0.003,-0.00961861710129373,0.003
"132,249,387,519,625,748,868",-0.01,7,7010.4607753185,"132,249,386,519,620,748,868,875",-0.00974862734949617,8,7020.88426339927,3,"132,249,386,519,620,748,868",7,-0.00942573723421781,7004.40745,1.006,-0.00974862734949617,0.006
"118,255,368,550,667,821",-0.01,6,6943.11220946329,"120,255,368,550,667,821",-0.00880845696322424,6,6952.61264572636,2,"120,255,368,550,667,821",6,-0.00880845696322424,6936.86255,0.002,-0.00880845696322424,0.002
"115,246,383,531,694,828",-0.01,6,7048.32561857237,"115,246,383,530,695,827,858",-0.00942287647701254,7,7057.00169305177,3,"115,246,383,530,695,827",6,-0.0101905494198711,7044.08358,1.003,-0.00942287647701254,0.003
"208,377,481,590,825",-0.01,5,7008.43069283757,"208,376,379,470,481,593,825",-0.0111781173796845,7,7013.21748856419,5,"208,376,481,593,825",5,-0.0109788910674699,6992.84027,2.004,-0.0111781173796845,0.004
"127,291,466,574,797",-0.01,5,7027.02987355368,"127,291,465,574,625,799",-0.00975113392462046,6,7018.4756917814,4,"127,291,465,574,799",5,-0.00886843752142197,7010.16192,1.003,-0.00975113392462046,0.003
"176,325,568,748",-0.01,4,6965.00158409884,"176,324,568,748",-0.00892076086470855,4,6949.57619634493,2,"176,324,568,748",4,-0.00892076086470855,6949.36341,0.001,-0.00892076086470855,0.001
"210,332,576,845",-0.01,4,7025.1623898748,"210,332,575,845",-0.00952913730495324,4,7015.85836311287,2,"210,332,575,845",4,-0.00952913730495324,7015.13142,0.001,-0.00952913730495324,0.001
"349,784",-0.01,2,6893.86826901943,"349,784",-0.0100928233085771,2,6892.0429330873,2,"349,784",2,-0.0100928233085771,6891.29225,0,-0.0100928233085771,0
"123,268,375,531,640,772,872",-0.01,7,7013.65008053604,"121,269,374,531,641,772,872",-0.00905830165148601,7,7004.91974886634,2,"121,269,374,531,641,772,872",7,-0.00905830165148601,7001.27937,0.005,-0.00905830165148601,0.005
"114,249,382,513,633,741,868",-0.01,7,7024.50891464334,"114,249,382,513,633,740,868",-0.00940205941128798,7,7018.3612942641,2,"114,249,382,513,633,740,868",7,-0.00940205941128798,7016.70268,0.001,-0.00940205941128798,0.001
"206,517,774",-0.01,3,6895.53784275876,"209,513,517,774",-0.0100410980772762,4,6900.36813793308,3,"209,513,774",3,-0.0101105364921925,6886.34414,1.003,-0.0100410980772762,0.007
"274,542,721",-0.01,3,6947.28079495375,"274,542,720",-0.00965759928396943,3,6944.51260234829,2,"274,542,720",3,-0.00965759928396943,6938.38717,0.001,-0.00965759928396943,0.001
"131,252,397,534,642,751,884",-0.01,7,6999.40654963952,"131,252,255,397,534,642,752,754,885",-0.00901626269474685,9,7016.36073222729,3,"131,252,397,534,642,752,885",7,-0.00911169023875976,6987.25534,2.002,-0.00901626269474685,0.002
"278,430,576",-0.01,3,7014.46055055403,"278,430,577",-0.0101433291374859,3,7009.23530588548,2,"278,430,577",3,-0.0101433291374859,7008.82643,0.001,-0.0101433291374859,0.001
"162,684",-0.01,2,6986.51310160657,"164,684",-0.00961485547476925,2,6985.46545560437,2,"164,684",2,-0.00961485547476925,6984.51401,0.002,-0.00961485547476925,0.002
"135,248,448,586,785",-0.01,5,6996.50390000397,"135,248,448,586,787",-0.0101715537142408,5,6997.43388204318,2,"135,248,448,586,787",5,-0.0101715537142408,6990.82952,0.002,-0.0101715537142408,0.002
"181,422,664,848",-0.01,4,6972.78797351576,"180,422,664,848",-0.0103946786547699,4,6969.98322272488,2,"180,422,664,848",4,-0.0103946786547699,6969.7345,0.001,-0.0103946786547699,0.001
"189,290,464,576,707,882",-0.01,6,6982.33873504881,"189,289,463,576,681,707,882",-0.00945200281938882,7,6967.58222686133,3,"189,289,463,576,707,882",6,-0.00894725848987417,6961.08271,1.002,-0.00945200281938882,0.002
"139,253,374,501,661,816",-0.01,6,6956.08800598352,"142,243,252,370,374,501,655,661,664,816",-0.00849879613738922,10,6991.20670185178,3,"142,252,374,501,661,816",6,-0.00881666595612657,6943.02698,4.004,-0.00849879613738922,0.004
"185,374,549,729,880",-0.01,5,6980.43889778883,"185,371,376,549,729,880,889",-0.00971932724737085,7,6992.11298751422,3,"185,376,549,729,880",5,-0.00933725427656865,6975.63331,2.002,-0.00971932724737085,0.002
"303,450,608,727,900",-0.01,5,7016.268863754,"303,450,608,727,901",-0.00943805129635394,5,7018.83804646055,2,"303,450,608,727,901",5,-0.00943805129635394,7009.85284,0.001,-0.00943805129635394,0.001
"432",-0.01,1,6861.39912022315,"432",-0.010060547058088,1,6858.65242730927,2,"432",1,-0.010060547058088,6858.63685,0,-0.010060547058088,0
"158,311,483,595,786",-0.01,5,6906.66690682273,"158,311,483,485,594,595,785",-0.0100782775814439,7,6929.29878004604,3,"158,311,483,595,785",5,-0.0101405654928773,6899.84389,2.001,-0.0100782775814439,0.001
"305,500,710",-0.01,3,6924.25392587167,"306,500,710",-0.0101175137343944,3,6916.48637664087,2,"306,500,710",3,-0.0101175137343944,6916.07657,0.001,-0.0101175137343944,0.001
"129,243,375,519,625,759,870",-0.01,7,6976.46453137045,"127,129,243,375,518,625,759,872",-0.00983050223603797,8,6967.30617922151,3,"127,243,375,518,625,759,872",7,-0.00992498865688012,6953.61096,1.003,-0.00983050223603797,0.005
"120,228,345,546,731,844",-0.01,6,7029.26998939363,"120,227,230,346,547,729,843",-0.00971164440946493,7,7027.66715253344,3,"120,230,346,547,729,843",6,-0.00963728918561387,7015.04489,1.006,-0.00971164440946493,0.007
"116,221,325,463,614,733,852",-0.01,7,7032.23820540626,"115,221,318,329,459,469,614,733,852",-0.00949856389846374,9,7030.47003007799,3,"115,221,329,459,614,733,852",7,-0.00850128054022452,7018.85674,2.009,-0.00949856389846374,0.009
"424,570",-0.01,2,6955.31081168372,"421,570",-0.00986903587272268,2,6949.65474519727,2,"421,570",2,-0.00986903587272268,6946.88613,0.003,-0.00986903587272268,0.003
"286,472,749",-0.01,3,6925.32346131439,"286,304,472,749,761",-0.0102879588968704,5,6929.35267117869,3,"286,472,749",3,-0.0102550489393434,6911.79991,2,-0.0102879588968704,0
"213,439,770",-0.01,3,6975.89044753099,"213,439,770,774",-0.00954183681729623,4,6977.84375984655,3,"213,439,774",3,-0.00944423397919947,6966.7374,1,-0.00954183681729623,0.004
"125,265,374,502,624,758,882",-0.01,7,6999.23517384106,"125,265,374,502,624,758,882",-0.0100165107511718,7,6984.46793704244,2,"125,265,374,502,624,758,882",7,-0.0100165107511718,6980.60922,0,-0.0100165107511718,0
"555,691",-0.01,2,7033.73273566755,"556,691",-0.00974755859239794,2,7021.19647744931,2,"556,691",2,-0.00974755859239794,7021.13895,0.001,-0.00974755859239794,0.001
"228,476,681",-0.01,3,6960.16007591946,"226,476,682",-0.00984257514592318,3,6958.25547806019,2,"226,476,682",3,-0.00984257514592318,6957.93546,0.003,-0.00984257514592318,0.003
"118,245,364,488,629,760,884",-0.01,7,7073.87384297874,"117,244,370,435,489,629,760,884",-0.0112647606842402,8,7052.01174570153,3,"117,244,370,489,629,760,884",7,-0.01057515637835,7044.37227,1.009,-0.0112647606842402,0.009
"441",-0.01,1,6946.80845908946,"441",-0.00996743517047809,1,6946.69292713054,2,"441",1,-0.00996743517047809,6946.69285,0,-0.00996743517047809,0
"335,753",-0.01,2,7056.65868970008,"335,751",-0.00976989469244459,2,7050.77259223882,2,"335,751",2,-0.00976989469244459,7050.54419,0.002,-0.00976989469244459,0.002
"127,338,490,688,806",-0.01,5,7023.02385930023,"125,267,338,489,688,806",-0.00963343491742744,6,7023.51492599674,3,"125,338,489,688,806",5,-0.0103708912897011,7014.49299,1.003,-0.00963343491742744,0.003
"109,299,433,652,872",-0.01,5,7053.39000836837,"108,297,427,437,652,874",-0.00978247587257947,6,7056.7331581731,3,"108,297,437,652,874",5,-0.00992998983906716,7037.77958,1.009,-0.00978247587257947,0.009
"149,305,441,596,759,875",-0.01,6,6994.42891141671,"160,305,441,596,759,876",-0.00995677713232472,6,6979.13425063797,2,"160,305,441,596,759,876",6,-0.00995677713232472,6976.07611,0.012,-0.00995677713232472,0.012
"295,752",-0.01,2,6961.21587527034,"295,752",-0.0103285391355871,2,6959.05356992864,2,"295,752",2,-0.0103285391355871,6958.88803,0,-0.0103285391355871,0
"209,382,554,747,876",-0.01,5,6936.6930531274,"209,382,554,747,876",-0.00938699581922679,5,6932.65384933651,2,"209,382,554,747,876",5,-0.00938699581922679,6931.94072,0,-0.00938699581922679,0
"108,350,593,738,858",-0.01,5,6892.75873831295,"108,348,593,738,857",-0.0100476016595778,5,6879.59214942021,2,"108,348,593,738,857",5,-0.0100476016595778,6871.29499,0.003,-0.0100476016595778,0.003
"316,708",-0.01,2,6971.26744984902,"316,708",-0.0102748755551512,2,6967.20079405856,2,"316,708",2,-0.0102748755551512,6965.27698,0,-0.0102748755551512,0
"508",-0.01,1,6945.31404273717,"508",-0.0100202912948468,1,6942.09644018727,2,"508",1,-0.0100202912948468,6941.84487,0,-0.0100202912948468,0
"146,413,610,880",-0.01,4,6935.7273036528,"147,414,610,880",-0.0103381845393225,4,6928.57252543982,2,"147,414,610,880",4,-0.0103381845393225,6928.03308,0.002,-0.0103381845393225,0.002
"549",-0.01,1,6907.67103306544,"548",-0.00963053148000547,1,6898.89777953523,2,"548",1,-0.00963053148000547,6898.18273,0.001,-0.00963053148000547,0.001
"213,316,666,836",-0.01,4,7028.20270941846,"213,317,665,833",-0.00949368344144274,4,7005.59414542515,2,"213,317,665,833",4,-0.00949368344144274,7005.39452,0.005,-0.00949368344144274,0.005
"139,275,541,688",-0.01,4,6980.48317832049,"141,275,541,686",-0.00937286629560274,4,6969.73815129247,2,"141,275,541,686",4,-0.00937286629560274,6969.33747,0.004,-0.00937286629560274,0.004
"121,227,381,497,626,781,892",-0.01,7,7039.75118194035,"118,227,381,497,606,630,678,780,895",-0.0107618868893513,9,7053.6435443577,4,"118,227,381,497,630,780,895",7,-0.00965598854124732,7024.1739,2.011,-0.0107618868893513,0.011
"120,324,490,611,806",-0.01,5,7062.43760884928,"324,489,611",-0.0159028020911817,3,7122.79502281326,2,"324,489,611",3,-0.0159028020911817,7116.96768,2.243,-0.0159028020911817,2.243
"304,654,899",-0.01,3,6889.13938402319,"304,654,890,900",-0.00940112696027483,4,6889.20257778199,3,"304,654,900",3,-0.00954076793388895,6882.47891,1.001,-0.00940112696027483,0.001
"122,237,366,496,630,736,867",-0.01,7,6981.88405019338,"121,237,366,488,630,735,867",-0.010817932403938,7,6979.65478040242,2,"121,237,366,488,630,735,867",7,-0.010817932403938,6969.49968,0.01,-0.010817932403938,0.01
"332,592,751",-0.01,3,6880.9006550087,"331,592,751",-0.0102067555300944,3,6888.94719598597,2,"331,592,751",3,-0.0102067555300944,6878.47423,0.001,-0.0102067555300944,0.001
"107,241,410,538,658,831",-0.01,6,7111.139646532,"109,234,411,538,658,831",-0.00976203863169755,6,7107.48699462992,2,"109,234,411,538,658,831",6,-0.00976203863169755,7091.45284,0.01,-0.00976203863169755,0.01
"635",-0.01,1,7044.04390274099,"636",-0.00981627987378671,1,7041.61885361126,2,"636",1,-0.00981627987378671,7041.16997,0.001,-0.00981627987378671,0.001
"228,435,590,808",-0.01,4,6922.21764932025,"228,435,590,808,810",-0.00942577286743493,5,6928.52789232029,3,"228,435,590,808",4,-0.00937858461946366,6914.55982,1,-0.00942577286743493,0
"283,555,712",-0.01,3,7022.93340802634,"280,555,712",-0.0094039137788313,3,7013.0499064449,2,"280,555,712",3,-0.0094039137788313,7012.90138,0.003,-0.0094039137788313,0.003
"367,480,814",-0.01,3,6974.78594119041,"367,479,480,814",-0.00979743977489159,4,6987.28991921077,3,"367,479,814",3,-0.00976949192474813,6974.35086,1,-0.00979743977489159,0.001
"224,475,635,750,877",-0.01,5,7006.56142310672,"223,473,476,635,749,878",-0.0098233732800724,6,7009.46001804206,3,"223,473,635,749,878",5,-0.00989689549547077,6992.57774,1.004,-0.0098233732800724,0.005
"170,325,511,625,774,884",-0.01,6,6998.08897663563,"170,329,509,511,625,775,884,909",-0.0103255607484955,8,6999.20045012097,5,"170,329,511,625,775,884",6,-0.0101273282225389,6976.74498,2.005,-0.0103255607484955,0.005
"347,658",-0.01,2,6962.31276868876,"347,657",-0.00981683931415686,2,6960.6962314521,2,"347,657",2,-0.00981683931415686,6959.63885,0.001,-0.00981683931415686,0.001
"132,237,460,577,760",-0.01,5,6941.04193159185,"132,236,460,577,761",-0.0103157944787867,5,6935.21543101723,2,"132,236,460,577,761",5,-0.0103157944787867,6934.52336,0.002,-0.0103157944787867,0.002
"171,460,724",-0.01,3,6962.99193625136,"170,172,460,723",-0.00917360153138684,4,6969.36144854069,3,"172,460,723",3,-0.00920084299052359,6955.76082,1.002,-0.00917360153138684,0.002
"159",-0.01,1,6911.56142173321,"160",-0.0102266066734939,1,6906.04231235893,2,"160",1,-0.0102266066734939,6906.04217,0.001,-0.0102266066734939,0.001
"321,448,697,875",-0.01,4,6948.19069489905,"320,448,697,875",-0.00869782614524368,4,6939.12293542626,2,"320,448,697,875",4,-0.00869782614524368,6936.87187,0.001,-0.00869782614524368,0.001
"190,360,583,715,859",-0.01,5,7003.1926851185,"190,360,583,714,856",-0.0101490317702702,5,6985.89363331899,2,"190,360,583,714,856",5,-0.0101490317702702,6982.49622,0.004,-0.0101490317702702,0.004
"215,373,481,593,805",-0.01,5,6920.57297799218,"215,373,482,595,806",-0.0100070845494113,5,6907.67051573397,2,"215,373,482,595,806",5,-0.0100070845494113,6905.63703,0.004,-0.0100070845494113,0.004
"433,723,867",-0.01,3,6920.69752216328,"430,723,868",-0.0100677500607244,3,6912.74011140716,2,"430,723,868",3,-0.0100677500607244,6912.27587,0.004,-0.0100677500607244,0.004
"128,242,379,512,658,773,879",-0.01,7,7011.07475885782,"127,242,379,411,500,658,773,879",-0.00891690165927334,8,7008.07244543137,3,"127,242,379,500,658,773,879",7,-0.00955865196671537,6997.3558,1.013,-0.00891690165927334,0.013
"208,605",-0.01,2,6900.8585709272,"207,605",-0.00998340837196651,2,6893.14990915046,2,"207,605",2,-0.00998340837196651,6892.80901,0.001,-0.00998340837196651,0.001
"260,503,679,850",-0.01,4,6923.8749365062,"259,503,678,856",-0.0106718226276272,4,6898.79426706903,2,"259,503,678,856",4,-0.0106718226276272,6898.63462,0.008,-0.0106718226276272,0.008
"213",-0.01,1,6994.15751625668,"213",-0.00966993489530097,1,6988.05605244603,2,"213",1,-0.00966993489530097,6988.03712,0,-0.00966993489530097,0
"218",-0.01,1,6980.93000874213,"218",-0.0100681315856869,1,6979.6829472761,2,"218",1,-0.0100681315856869,6979.6782,0,-0.0100681315856869,0
"419,523,745",-0.01,3,6999.75126704469,"419,523,745",-0.00969069835538396,3,6995.54844337309,2,"419,523,745",3,-0.00969069835538396,6995.28237,0,-0.00969069835538396,0
"111,250,361,540,702,874",-0.01,6,7043.88462019215,"111,187,250,361,540,550,702,704,872,874",-0.00890958553903493,10,7142.74362559413,4,"111,250,361,540,704,874",6,-0.0090906906889556,7039.21649,4,-0.00890958553903493,0.002
"638,891",-0.01,2,6932.78923256747,"638,891",-0.0101812354991944,2,6929.86309456953,2,"638,891",2,-0.0101812354991944,6929.74983,0,-0.0101812354991944,0
"254,384,633,801",-0.01,4,7075.91697448213,"255,383,633,801",-0.0107104290703478,4,7071.3262178671,2,"255,383,633,801",4,-0.0107104290703478,7070.18446,0.002,-0.0107104290703478,0.002
"717",-0.01,1,6907.58458476478,"717",-0.0102376733736131,1,6903.78671158093,2,"717",1,-0.0102376733736131,6903.76344,0,-0.0102376733736131,0
"125,260,386,491,610,742,872",-0.01,7,7041.54963655462,"115,127,259,385,491,610,742,871",-0.00963642444613392,8,7053.44305193808,3,"127,259,385,491,610,742,871",7,-0.00926062987842924,7032.50232,1.005,-0.00963642444613392,0.005
"111,326,488,693,865",-0.01,5,6987.72369943335,"111,326,488,693,845,865,873",-0.01074907620977,7,7006.09312743174,3,"111,326,488,693,865",5,-0.0103535499586525,6982.62809,2,-0.01074907620977,0
"116,227,363,567,784",-0.01,5,6961.5428171145,"119,227,363,567,784",-0.00927592257397476,5,6948.09087513579,2,"119,227,363,567,784",5,-0.00927592257397476,6947.99666,0.003,-0.00927592257397476,0.003
"197,363,521,732,870",-0.01,5,6974.0269390185,"197,363,375,521,732,871",-0.00960229800552667,6,6970.08159935899,3,"197,363,521,732,871",5,-0.00989498627973051,6962.79798,1.001,-0.00960229800552667,0.001
"149,281,444,611,810",-0.01,5,7013.81449161642,"150,281,444,611,812,916",-0.00991097879216372,6,7035.67329302222,3,"150,281,444,611,812",5,-0.0105081357401421,7002.90988,1.003,-0.00991097879216372,0.003
"183,370,514,703,841",-0.01,5,7037.10679348562,"183,370,514,703,705,840",-0.0106017138671979,6,7052.80997841326,3,"183,370,514,703,840",5,-0.0105415796738971,7031.03919,1.001,-0.0106017138671979,0.001
"660",-0.01,1,6965.48243073109,"660",-0.00997106660987587,1,6965.72381367676,2,"660",1,-0.00997106660987587,6964.61983,0,-0.00997106660987587,0
"442,682,878",-0.01,3,7024.02784044215,"442,682,878",-0.0101199082498133,3,7021.53654391877,2,"442,682,878",3,-0.0101199082498133,7012.91928,0,-0.0101199082498133,0
"515,786",-0.01,2,6919.03445927613,"516,786",-0.0104023664201301,2,6913.57517249334,2,"516,786",2,-0.0104023664201301,6913.49383,0.001,-0.0104023664201301,0.001
"142,290,405,517,654,760,868",-0.01,7,6973.09717886759,"142,290,405,517,654,760,871",-0.0101149176689591,7,6975.93444958413,2,"142,290,405,517,654,760,871",7,-0.0101149176689591,6964.41591,0.003,-0.0101149176689591,0.003
"152,304,406,509,626,782,883",-0.01,7,6989.01324858233,"152,237,307,406,510,626,782,883",-0.00999553925912409,8,6979.17625605709,3,"152,307,406,510,626,782,883",7,-0.0110245289388055,6966.16484,1.004,-0.00999553925912409,0.004
"212,541,799",-0.01,3,6921.15587994755,"212,542,798",-0.00943782223067935,3,6909.24721101657,2,"212,542,798",3,-0.00943782223067935,6909.12471,0.002,-0.00943782223067935,0.002
"355",-0.01,1,7019.63201585139,"355",-0.0101321753594198,1,7019.134312366,2,"355",1,-0.0101321753594198,7019.09668,0,-0.0101321753594198,0
"113,226,372,527,688,840",-0.01,6,7001.47689133577,"113,226,234,372,521,531,687,835,920",-0.00920455616155136,9,7006.49600338763,5,"113,226,372,531,687,835",6,-0.00850072164737693,6971.03073,3.01,-0.00920455616155136,0.01
"193,333,450,558,659,790",-0.01,6,7017.4288018852,"193,333,334,451,560,660,790",-0.0105075701497482,7,7017.25457696482,3,"193,333,451,560,660,790",6,-0.0105332627264271,7001.09089,1.004,-0.0105075701497482,0.004
"432",-0.01,1,6880.92898905561,"432",-0.00959951646555038,1,6874.62854593413,2,"432",1,-0.00959951646555038,6874.58441,0,-0.00959951646555038,0
"289,457,613,861",-0.01,4,7005.12124201743,"289,457,613,861",-0.00968365617688706,4,7002.94774861799,2,"289,457,613,861",4,-0.00968365617688706,7001.67508,0,-0.00968365617688706,0
"165,285,424,581,744,891",-0.01,6,6940.06934263601,"165,285,426,582,744,891,894",-0.0104237813000545,7,6942.07241063559,3,"165,285,426,582,744,891",6,-0.0105232223972753,6924.06466,1.003,-0.0104237813000545,0.003
"141,279,425,684,793",-0.01,5,6987.75983898446,"141,285,427,678,795",-0.00978900408618383,5,6961.0524878641,2,"141,285,427,678,795",5,-0.00978900408618383,6956.83754,0.016,-0.00978900408618383,0.016
"186,443,596,817",-0.01,4,6982.35376449656,"186,443,596,817",-0.0102220976080143,4,6977.10293382456,2,"186,443,596,817",4,-0.0102220976080143,6976.6413,0,-0.0102220976080143,0
"567,817",-0.01,2,7021.65695597755,"567,817",-0.00968218382930786,2,7019.10152194297,2,"567,817",2,-0.00968218382930786,7018.9957,0,-0.00968218382930786,0
"151,310,443,604,731,882",-0.01,6,7027.98537441772,"152,310,448,604,731,882",-0.00980148345270989,6,7021.21693756007,2,"152,310,448,604,731,882",6,-0.00980148345270989,7015.14927,0.006,-0.00980148345270989,0.006
"154,404,669",-0.01,3,6948.0577169496,"156,404,669",-0.0102268895596795,3,6948.12204103012,2,"156,404,669",3,-0.0102268895596795,6942.78411,0.002,-0.0102268895596795,0.002
"246,428,576,829",-0.01,4,6972.79304588621,"246,428,581,829",-0.00964207233798299,4,6957.0532438089,2,"246,428,581,829",4,-0.00964207233798299,6955.17187,0.005,-0.00964207233798299,0.005
"275,381,547,792",-0.01,4,6972.04593322943,"275,381,548,792",-0.0100498487940405,4,6970.02670228616,2,"275,381,548,792",4,-0.0100498487940405,6967.99657,0.001,-0.0100498487940405,0.001
"121,242,377,513,634,758,897",-0.01,7,6964.12970802202,"120,242,377,513,635,758,894",-0.010152519403955,7,6934.36831673052,2,"120,242,377,513,635,758,894",7,-0.010152519403955,6928.89989,0.005,-0.010152519403955,0.005
"331,573",-0.01,2,6970.21659862625,"331,573",-0.0101202825471274,2,6965.9252918861,2,"331,573",2,-0.0101202825471274,6965.49888,0,-0.0101202825471274,0
"123,540",-0.01,2,6911.09930743452,"123,541",-0.0100739060721728,2,6910.0124058867,2,"123,541",2,-0.0100739060721728,6909.89047,0.001,-0.0100739060721728,0.001
"138,272,410,555,712,864",-0.01,6,7001.12766861765,"138,277,410,555,712,729,761,861",-0.00803335864408991,8,6989.89342842761,3,"138,277,410,555,712,861",6,-0.00898994457852715,6975.98146,2.008,-0.00803335864408991,0.008
"182,454,643",-0.01,3,6891.56647189072,"182,451,643",-0.00958689380923661,3,6887.63754789512,2,"182,451,643",3,-0.00958689380923661,6884.23653,0.003,-0.00958689380923661,0.003
"333,593",-0.01,2,6977.91879222746,"334,592",-0.0108940437903549,2,6949.60804176137,2,"334,592",2,-0.0108940437903549,6949.2596,0.002,-0.0108940437903549,0.002
"227,375,485,615,785",-0.01,5,7102.43430444239,"228,375,484,485,615,785",-0.0101279346451368,6,7106.73544542471,3,"228,375,484,615,785",5,-0.0101020482421401,7091.92996,1.001,-0.0101279346451368,0.002
"124,253,411,534,707,887",-0.01,6,7057.2701515846,"124,253,412,534,549,707,887,890",-0.00908877052230481,8,7069.49777562347,3,"124,253,412,534,707,887",6,-0.00937014444353167,7047.81775,2.001,-0.00908877052230481,0.001
"219,385,535,726,839",-0.01,5,7040.39729032592,"131,220,385,535,632,727,836",-0.0121105330746066,7,7051.20452580976,3,"220,385,535,727,836",5,-0.010034516019759,7034.63886,2.005,-0.0121105330746066,0.005
"525",-0.01,1,6926.27426781643,"524",-0.0102484576901734,1,6919.09039168622,2,"524",1,-0.0102484576901734,6918.62134,0.001,-0.0102484576901734,0.001
"164,271,432,583,729,866",-0.01,6,7027.10458572296,"165,271,432,583,729,866",-0.0100050159285178,6,7029.30797384047,2,"165,271,432,583,729,866",6,-0.0100050159285178,7023.69349,0.001,-0.0100050159285178,0.001
"127,236,417,610,739,871",-0.01,6,7015.06637206542,"128,236,417,419,423,605,610,739,871",-0.0103423403079876,9,7053.27634206889,5,"128,236,423,610,739,871",6,-0.0102952539728806,7006.02637,3.001,-0.0103423403079876,0.007
"598",-0.01,1,6900.38673873807,"597",-0.00979497630838664,1,6896.290714659,2,"597",1,-0.00979497630838664,6896.1618,0.001,-0.00979497630838664,0.001
"137,299,430,573,711,846",-0.01,6,7000.89034978771,"137,299,430,571,711,843",-0.0114596243485734,6,6981.33440032347,2,"137,299,430,571,711,843",6,-0.0114596243485734,6980.05298,0.005,-0.0114596243485734,0.005
"136,243,542,677",-0.01,4,7049.64817452921,"136,242,244,542,677,680",-0.0100847988109482,6,7067.12897561468,3,"136,242,542,680",4,-0.0101652476418438,7042.45707,2.001,-0.0100847988109482,0.004
"662",-0.01,1,6965.41776563977,"662",-0.0100609630261552,1,6964.29699506266,1,"662",1,-0.0100609630261552,6964.297,0,-0.0100609630261552,0
"220,390,589,785",-0.01,4,6957.64236720686,"67,218,384,588,784,917",-0.00850246066816359,6,6967.20320621464,3,"218,384,588,784",4,-0.0102681378736618,6940.80777,2.01,-0.00850246066816359,0.01
"488",-0.01,1,6931.43994117259,"488",-0.00979774882504539,1,6928.98140282445,1,"488",1,-0.00979774882504539,6928.9814,0,-0.00979774882504539,0
"170,295,492,640,849",-0.01,5,7006.97808848213,"170,295,492,640,849",-0.00931283162163082,5,7003.30728722946,2,"170,295,492,640,849",5,-0.00931283162163082,7002.52118,0,-0.00931283162163082,0
"266,395",-0.01,2,6975.76930177549,"267,395",-0.0102989503243739,2,6967.47830997019,2,"267,395",2,-0.0102989503243739,6967.33476,0.001,-0.0102989503243739,0.001
"307,564,747",-0.01,3,7014.55510829906,"304,308,564,748",-0.00999065038265854,4,7023.5687536905,3,"304,564,748",3,-0.00990515912642551,7011.81755,1.002,-0.00999065038265854,0.004
"378",-0.01,1,6889.28954821402,"378",-0.0100623844616365,1,6888.22624439542,2,"378",1,-0.0100623844616365,6888.21216,0,-0.0100623844616365,0
"135,351,492,634,846",-0.01,5,6980.13913235029,"136,349,491,492,634,845,861",-0.00957091554759183,7,6980.8512653257,3,"136,349,491,634,845",5,-0.0092454743872969,6960.15293,2.004,-0.00957091554759183,0.005
"135,264,387,512,643,774,882",-0.01,7,6986.18099686975,"135,263,387,513,643,776,882",-0.0112927181490302,7,6964.38894816603,2,"135,263,387,513,643,776,882",7,-0.0112927181490302,6962.03669,0.004,-0.0112927181490302,0.004
"218,555",-0.01,2,6941.05942748533,"218,555",-0.0100565523973517,2,6942.79278622463,2,"218,555",2,-0.0100565523973517,6935.01436,0,-0.0100565523973517,0
"270,576,786",-0.01,3,7060.92205046166,"271,572,785",-0.0100401780365546,3,7051.10073387466,2,"271,572,785",3,-0.0100401780365546,7050.00124,0.006,-0.0100401780365546,0.006
"665",-0.01,1,6905.86558301788,"665",-0.0100660765232273,1,6903.29373571801,2,"665",1,-0.0100660765232273,6903.15897,0,-0.0100660765232273,0
"143,322,482,583,713,836",-0.01,6,6980.40220467061,"143,322,480,483,583,588,713,836",-0.0106713463905144,8,6988.30898473321,6,"143,322,480,583,713,836",6,-0.0105751571924618,6964.43567,2.001,-0.0106713463905144,0.002
"291,437,623,729",-0.01,4,7037.71664187634,"188,291,436,623,729",-0.011088047708952,5,7041.81927148678,3,"291,436,623,729",4,-0.0100524800131201,7035.42792,1.001,-0.011088047708952,0.001
"148,455,631,772",-0.01,4,6999.39350323541,"149,455,629,772",-0.00965387877840787,4,6990.49270515591,2,"149,455,629,772",4,-0.00965387877840787,6990.36376,0.003,-0.00965387877840787,0.003
"225,369,572,800",-0.01,4,6956.38533924541,"225,369,572,800",-0.00996623666554034,4,6950.87786443634,2,"225,369,572,800",4,-0.00996623666554034,6950.8177,0,-0.00996623666554034,0
"136,424,565,733",-0.01,4,6909.50175162702,"136,424,565,730",-0.00929416631544637,4,6910.80104955349,2,"136,424,565,730",4,-0.00929416631544637,6902.49042,0.003,-0.00929416631544637,0.003
"193,377,579,766,874",-0.01,5,6994.82590505627,"193,377,578,765,873",-0.00900539545327505,5,6981.01492437262,2,"193,377,578,765,873",5,-0.00900539545327505,6980.02905,0.003,-0.00900539545327505,0.003
"252,413,541,676",-0.01,4,6905.40187721744,"252,413,536,675",-0.0102405578223601,4,6903.42037901389,2,"252,413,536,675",4,-0.0102405578223601,6899.84972,0.006,-0.0102405578223601,0.006
"122,444",-0.01,2,6881.26685617468,"122,444",-0.00998977044191241,2,6879.6421907741,2,"122,444",2,-0.00998977044191241,6879.63982,0,-0.00998977044191241,0
"242,538",-0.01,2,7041.60805274373,"242,537",-0.00987640070479134,2,7028.33554242462,2,"242,537",2,-0.00987640070479134,7028.33474,0.001,-0.00987640070479134,0.001
"104,223,357,506,659,776,892",-0.01,7,6990.27172978631,"101,222,357,387,506,659,780,895",-0.0119728505242468,8,6956.50913527739,2,"101,222,357,387,506,659,780,895",8,-0.0119728505242468,6947.64014,1.011,-0.0119728505242468,1.011
"589",-0.01,1,6914.36274141233,"590",-0.00972574018111938,1,6909.90199227624,2,"590",1,-0.00972574018111938,6909.89754,0.001,-0.00972574018111938,0.001
"151,278,443,613,720,896",-0.01,6,7041.65494113322,"151,278,443,613,720,896",-0.0107367367392628,6,7036.92286132393,2,"151,278,443,613,720,896",6,-0.0107367367392628,7034.15002,0,-0.0107367367392628,0
"132,237,402,558,675,853",-0.01,6,6979.98711932854,"132,141,237,403,405,558,675,852",-0.00893644267939219,8,6996.78333170663,3,"132,237,403,558,675,852",6,-0.00907787547057882,6970.41559,2.002,-0.00893644267939219,0.002
"638",-0.01,1,6959.06259135716,"639",-0.00985440178740341,1,6957.56724656358,2,"639",1,-0.00985440178740341,6956.88754,0.001,-0.00985440178740341,0.001
"397,826",-0.01,2,6977.48606799092,"397,826",-0.010461662775274,2,6968.8156935582,2,"397,826",2,-0.010461662775274,6968.80992,0,-0.010461662775274,0
"284,588,694",-0.01,3,7056.84609564771,"284,585,587,694",-0.0105027221284791,4,7066.42513358656,3,"284,585,694",3,-0.0104811911991138,7052.75446,1.001,-0.0105027221284791,0.003
"120,299,418,519,713,836",-0.01,6,6941.57102852205,"120,300,418,519,713,837",-0.0106693989747911,6,6932.44629272246,2,"120,300,418,519,713,837",6,-0.0106693989747911,6931.65926,0.002,-0.0106693989747911,0.002
"303,445,705,869",-0.01,4,6983.94594064536,"303,444,445,709,869",-0.00953734258769857,5,6980.50735799821,3,"303,444,709,869",4,-0.00950210727105177,6965.70757,1.004,-0.00953734258769857,0.005
"118,236,350,465,612,777,892",-0.01,7,6979.15348888578,"118,236,354,465,612,770,780,892",-0.0118156107703362,8,6973.58494648987,7,"118,236,354,465,612,770,892",7,-0.0114669401871094,6963.53389,1.007,-0.0118156107703362,0.011
