"true_model","bic_true_model","PELT","bic_PELT","knots_BS","bic_BS","knots_WBS","bic_WBS","flasso","bic_flasso","adaflasso","bic_adaflasso","best_iter","changepoints","min_bic_flasso","distance_pelt","distance_wbs","distance_bs","distance_flasso","distance_adaflasso","distance_best_iter_flasso"
"251,501,751",6987.57574239598,"93,251,333,500,593,751,905",108.045886084716,"93,251,333,500,593,751,905",108.045886084716,"93,251,333,500,593,751,905",108.045886084716,"249,251,254,450,484,487,500,501,506,507,537,751",7122.66197667244,"251,500,751",6984.37941682406,2,"251,500,751",6983.70439,4.001,4.001,4.001,9,0.001,0.001
"251,501,751",6998.29262939034,"137,251,352,501,658,751,890",148.265321757358,"137,251,352,501,658,751,890",148.265321757358,"137,251,352,501,658,751,973",149.691527300549,"236,248,251,501,751",7068.0379619804,"251,501,751",6995.6996729756,2,"251,501,751",6995.67672,4,4,4,2,0,0
"251,501,751",7004.24172681944,"99,250,425,499,586,751,822",132.410918237714,"99,250,425,499,586,751,822",132.410918237714,"99,250,425,503,586,751,822",133.096835669954,"250,251,480,499,503,504,506,751",7074.26382574098,"250,499,751",6993.94025276229,2,"250,499,751",6993.13647,4.003,4.003,4.003,5.002,0.003,0.003
"251,501,751",6911.22171155832,"99,251,302,501,626,751,899",48.0107908704347,"99,252,302,501,626,751,899",48.989636797601,"99,252,302,501,626,751,899",48.989636797601,"251,252,490,491,499,501,528,533,552,751",7037.15368419247,"251,501,751",6910.0049047118,2,"251,501,751",6909.11188,4,4.001,4.001,7,0,0
"251,501,751",6953.92064261884,"220,252,387,501,636,753,959",79.2303006150484,"220,252,387,501,636,753,959",79.2303006150484,"220,252,387,501,636,753,959",79.2303006150484,"251,252,253,477,501,752,753",7015.26386235797,"252,501,753",6937.68566934186,2,"252,501,753",6937.58144,4.003,4.003,4.003,4.001,0.003,0.003
"251,501,751",6956.80549959935,"135,251,361,500,625,751,829,940",87.6074760470336,"135,251,361,500,625,751,829,940",87.6074760470336,"135,251,361,500,625,751,829,940",87.6074760470336,"251,468,470,499,500,501,507,508,510,535,746,751,752",7112.7142368927,"251,500,751",6952.67070691047,2,"251,500,751",6951.53703,5.001,5.001,5.001,10,0.001,0.001
"251,501,751",6891.36926318342,"157,252,383,501,643,751,934",42.7089165491951,"157,252,383,501,643,751,934",42.7089165491951,"157,252,383,501,643,751,934",42.7089165491951,"250,251,252,501,516,521,524,751",6966.19099557495,"252,501,751",6888.52932680204,2,"252,501,751",6888.4629,4.001,4.001,4.001,5,0.001,0.001
"251,501,751",6994.78470654975,"82,211,251,458,502,586,751,919",129.138901546957,"82,211,251,458,502,586,751,919",129.138901546957,"82,251,458,502,586,751,919",129.573464579853,"245,248,251,439,501,502,506,751",7094.13072270916,"251,501,751",6998.60051784691,2,"251,501,751",6991.2619,5.001,4.001,5.001,5,0,0
"251,501,751",6990.54169022665,"215,251,378,501,669,751,843",114.00551908892,"131,249,378,501,669,751,843",115.270061269244,"224,249,378,501,669,751,843",116.864392185371,"244,249,251,253,261,501,504,751",7093.11300383128,"251,501,751",6983.07786353453,2,"251,501,751",6980.95024,4,4.002,4.002,5,0,0
"251,501,751",6924.73301710525,"90,251,380,501,660,747,840",59.5709614266251,"90,251,380,501,660,747,840",59.5709614266251,"90,251,380,501,660,747,840",59.5709614266251,"249,251,253,254,493,497,501,542,745,746,747,750,751",7096.67168909814,"251,501,751",6931.78176084357,2,"251,501,751",6919.61668,4.004,4.004,4.004,10,0,0
"251,501,751",6997.77868947399,"91,251,368,499,623,751,930",129.376709033986,"91,251,368,499,623,751,930",129.376709033986,"91,251,368,499,623,751,930",129.376709033986,"249,250,251,258,498,499,501,510,751",7082.85932629473,"251,499,751",6991.49484785541,2,"251,499,751",6987.91874,4.002,4.002,4.002,6,0.002,0.002
"251,501,751",6880.9716653184,"111,251,357,506,660,751,785,910",17.2915645965611,"111,251,357,501,660,708,751,776,910",27.6771452904769,"111,251,357,506,662,751,776,910",18.2851855892287,"243,251,257,501,505,506,509,751,755,776,777",6980.76479043859,"251,501,506,751,776",6873.44823784712,2,"251,501,506,751,776",6873.28116,5.005,5.005,6,8,2,2
"251,501,751",6992.14264201407,"135,252,413,501,621,751,946",109.938987480228,"135,252,413,501,621,751,946",109.938987480228,"135,252,413,501,621,751,946",109.938987480228,"252,483,494,501,751,752",7051.75534772522,"252,501,751",6983.66785149216,2,"252,501,751",6983.62946,4.001,4.001,4.001,3.001,0.001,0.001
"251,501,751",6941.33587015078,"91,251,388,502,557,725,751,903",64.8307000150354,"91,251,388,502,557,725,751,903",64.8307000150354,"91,251,388,502,557,725,751,903",64.8307000150354,"249,251,252,253,270,499,500,502,725,751",7037.87788378251,"251,502,751",6938.57829812722,2,"251,502,751",6937.40679,5.001,5.001,5.001,7.001,0.001,0.001
"251,501,751",6905.1670836271,"21,251,353,499,620,751,856",41.7835297494153,"21,251,353,499,620,751,856",41.7835297494153,"21,166,251,353,499,620,751,856",40.8527776536763,"247,251,269,486,496,499,501,502,528,750,751,765",7031.95448839618,"251,499,751",6904.59748398411,2,"251,499,751",6902.30772,4.002,5.002,4.002,9,0.002,0.002
"251,501,751",6942.20042181001,"199,251,397,501,610,711,751,874",76.2420112361426,"199,251,397,501,623,711,751,874",77.3892051364103,"199,251,397,501,623,711,751,874",77.3892051364103,"251,468,481,501,751",7008.29948926139,"251,501,751",6935.30870485679,2,"251,501,751",6935.25316,5,5,5,2,0,0
"251,501,751",6922.86036514089,"122,252,374,502,588,751,791",51.2460414104003,"122,251,374,502,588,751,791",51.9988019686945,"107,251,374,502,588,751,791,925",52.0440078729317,"251,252,461,487,494,495,500,502,505,511,518,747,751,757",7095.15683438565,"252,502,751",6920.09332893696,2,"252,502,751",6916.27946,4.002,5.001,4.001,11.001,0.002,0.002
"251,501,751",6961.54298016301,"119,251,364,503,642,752,827",80.3731414796992,"119,251,364,503,642,748,827",83.0366532456765,"119,251,364,503,642,748,827",83.0366532456765,"251,431,440,444,501,503,512,747,748,751,752",7066.88731827874,"251,503,752",6949.99984745809,2,"251,503,752",6949.88926,4.003,4.005,4.005,8,0.003,0.003
"251,501,751",6877.05527357011,"96,250,314,501,591,750,890",14.1225887441259,"96,250,314,501,591,749,890",14.9297983216796,"96,250,314,501,591,749,890",14.9297983216796,"248,250,251,501,503,507,749,750,751",7015.69171093382,"251,501,751",6879.2541279979,2,"251,501,751",6875.51917,4.002,4.003,4.003,6,0,0
"251,501,751",6933.74874830243,"60,251,300,499,616,751,920",70.1843409931195,"60,251,300,499,616,751,920",70.1843409931195,"60,251,300,499,616,751,920",70.1843409931195,"249,251,261,462,482,498,499,501,526,556,748,751",7071.32603420917,"251,499,751",6925.34794743996,2,"251,499,751",6922.10662,4.002,4.002,4.002,9,0.002,0.002
"251,501,751",6962.55670518571,"218,251,376,500,628,751,810,922",99.5634118901296,"218,249,376,500,628,751,855",100.324386339235,"218,249,376,500,751,855",100.366031093953,"218,249,251,252,259,261,495,500,502,510,590,751,765",7102.49727491756,"249,500,751",6958.99122851533,2,"249,500,751",6956.12297,5.001,3.003,4.003,10.001,0.003,0.003
"251,501,751",6864.59994332464,"163,251,362,501,612,750,807",-19.9408383697897,"163,251,362,501,612,750,807",-19.9408383697897,"163,251,311,501,750,807",-10.4043210678193,"211,251,477,501,750,777",6911.46731796345,"251,501,750",6850.6792198732,2,"251,501,750",6850.40715,4.001,3.001,4.001,3.001,0.001,0.001
"251,501,751",6949.20003244731,"93,251,382,501,618,751,863",87.4732841436478,"93,252,382,501,618,751,863",88.4507672966095,"93,252,382,501,618,751,863",88.4507672966095,"244,246,251,252,472,489,501,502,505,751",7074.32065873448,"244,252,501,751",6952.95298059542,3,"252,501,751",6943.25881,4,4.001,4.001,7,1.001,0.001
"251,501,751",6922.11275074838,"165,251,384,501,660,752,826",64.2363323176071,"165,251,384,501,660,752,826",64.2363323176071,"165,251,384,501,660,752,826",64.2363323176071,"251,256,501,507,508,752",6989.55691176614,"251,501,752",6913.14619659524,2,"251,501,752",6912.88214,4.001,4.001,4.001,3.001,0.001,0.001
"251,501,751",7019.33770555372,"151,251,393,501,583,750,952",156.46434469388,"151,251,393,501,583,750,952",156.46434469388,"151,251,393,501,583,750,952",156.46434469388,"251,270,481,501,521,750,753",7088.52588036011,"251,501,750",7013.52959478669,2,"251,501,750",7013.48219,4.001,4.001,4.001,4.001,0.001,0.001
"251,501,751",7032.12056123263,"158,251,463,499,650,752,847",147.739805839329,"158,251,463,502,650,752,847",148.291739969483,"158,251,474,502,650,752,847",151.306017957094,"249,251,482,499,502,516,531,730,752,753",7139.71358856235,"251,502,752",7030.27587123325,2,"251,502,752",7026.33722,4.003,4.002,4.002,7.002,0.002,0.002
"251,501,751",6921.14339207869,"122,252,392,501,651,751,913",63.7712338970697,"122,252,392,501,651,751,913",63.7712338970697,"122,252,337,501,651,751,913",64.9776947405393,"247,248,252,501,502,536,559,751",7016.77633764561,"247,252,501,751",6927.68866853713,3,"252,501,751",6917.93531,4.001,4.001,4.001,5.001,1.001,0.001
"251,501,751",6968.55669080891,"144,251,436,501,647,751,848",91.4524348179648,"144,250,436,501,647,749,848",91.8778057830479,"144,250,436,501,647,749,848",91.8778057830479,"248,250,251,500,501,503,504,749,751",7107.77366949724,"248,250,501,751",6976.54232188462,3,"250,501,751",6962.65609,4,4.003,4.003,6,1.001,0.001
"251,501,751",6977.37244823407,"71,251,392,491,501,629,751,858",110.708262657125,"71,251,443,491,501,629,754,900",112.32407007088,"71,251,443,491,501,629,754,900",112.32407007088,"251,501,523,525,727,728,750,751,754",7058.58978986794,"251,501,754",6977.85749270961,2,"251,501,754",6976.96349,5,5.003,5.003,6,0.003,0.003
"251,501,751",6964.48802190257,"104,253,409,501,594,750,881",90.154270652645,"104,253,409,501,594,752,881",90.9118003558557,"104,253,409,501,594,752,881",90.9118003558557,"251,252,253,486,501,504,510,746,749,750,751,752",7079.82121886311,"253,501,752",6961.73117279944,2,"253,501,752",6955.93869,4.003,4.003,4.003,9,0.003,0.003
"251,501,751",6888.75257927937,"135,251,500,609,751,914",10.4887774223707,"135,250,500,609,751,914",11.0793672699226,"135,250,500,609,751,914",11.0793672699226,"250,251,480,500,502,751,752,754",7013.81893492337,"250,500,751",6884.15412980189,2,"250,500,751",6883.3155,3.001,3.002,3.002,5.001,0.002,0.002
"251,501,751",6974.17461894402,"166,251,317,450,501,617,751,835",93.3625700100451,"166,251,354,501,617,751,835",93.7560424940105,"166,251,354,501,617,751",95.8527832811706,"249,251,491,501,544,750,751,760",7065.22251087404,"251,501,751",6965.56032974686,2,"251,501,751",6964.44531,5,3,4,5,0,0
"251,501,751",7017.16185274577,"128,251,442,501,726,751,799,937",146.355925793822,"128,251,442,501,726,751,799,937",146.355925793822,"128,251,501,726,751,937",153.409443349117,"251,501,502,514,569,570,731,751,755",7135.31102629012,"251,501,751",7012.96698545714,2,"251,501,751",7012.90418,5,3,5,6,0,0
"251,501,751",6966.24386225672,"109,251,394,500,635,751,922",96.3371430202947,"109,251,394,500,635,751,922",96.3371430202947,"109,251,394,500,635,751,922",96.3371430202947,"251,254,455,491,500,501,574,751",7053.52043244627,"251,500,751",6962.072501214,2,"251,500,751",6962.05083,4.001,4.001,4.001,5,0.001,0.001
"251,501,751",6958.94332231755,"146,251,395,501,662,751,852",84.9411134337417,"146,251,395,501,662,751,852",84.9411134337417,"146,251,395,501,662,751,851",85.0392661473105,"251,257,492,498,501,502,504,506,730,751",7052.75406051442,"251,501,751",6957.02897480546,2,"251,501,751",6956.12504,4,4,4,7,0,0
"251,501,751",6934.08794719893,"185,251,398,501,530,663,751,932",46.2998985354034,"185,251,398,501,530,640,751,932",47.7989240557134,"185,251,350,501,530,640,751,932",48.7391269182823,"251,252,499,501,751,752",6990.42948610335,"251,501,751",6927.92829530551,2,"251,501,751",6927.91064,5,5,5,3,0,0
"251,501,751",6912.8133156262,"79,251,481,500,626,751,849",53.0591700383939,"79,251,481,501,626,751,849",54.8385231092915,"79,251,481,500,626,751,849",53.0591700383939,"251,500,501,751",6981.50410903353,"251,501,751",6912.19066235019,2,"251,501,751",6908.71863,4.001,4.001,4,1,0,0
"251,501,751",6944.92658049996,"60,252,454,501,619,750,880",58.1115922823713,"60,252,454,501,619,751,880",58.5741204764748,"60,252,454,501,575,751,880",60.0053369103284,"252,498,501,532,750,751",6993.47352071548,"252,501,750",6944.21632846651,2,"252,501,750",6936.08367,4.002,4.001,4.001,3.001,0.002,0.002
"251,501,751",6974.89523315614,"165,251,369,501,658,752,911",95.8383875652021,"165,251,369,501,658,752,911",95.8383875652021,"165,251,369,501,658,752,911",95.8383875652021,"248,251,501,526,751,752",7035.9446657276,"251,501,751",6976.08183012002,2,"251,501,751",6963.65676,4.001,4.001,4.001,3,0,0
"251,501,751",6907.23883949917,"119,251,335,501,576,745,764,910",21.0367843446837,"119,251,335,501,576,745,764,910",21.0367843446837,"119,251,335,501,576,748,760,910",26.9375046516734,"249,251,495,496,497,501,502,513,748,751,760,764",7020.14217528496,"251,501,748,764",6902.24375848816,3,"251,501,764",6895.06722,5.006,5.003,5.006,9,1.003,0.013
"251,501,751",6851.21316713798,"102,252,442,501,535,751,888",-5.21922309197191,"102,252,442,501,535,751,888",-5.21922309197191,"102,252,442,501,717,751,888",-3.53530901928566,"252,501,502,507,563,751,752",6951.14094646241,"252,501,752",6846.7896020251,2,"252,501,752",6845.74945,4.001,4.001,4.001,4.001,0.002,0.002
"251,501,751",6919.21382377199,"113,251,381,501,676,751,865",51.0079775950347,"113,251,381,501,676,751,865",51.0079775950347,"113,251,381,501,676,751,865",51.0079775950347,"240,250,251,255,453,489,493,501,503,525,544,572,750,751,757,764",7092.54190886766,"251,501,572,751",6921.91896192826,3,"251,501,751",6917.3401,4,4,4,13,1,0
"251,501,751",6883.56393891666,"58,251,384,501,645,751,918",22.6315820842382,"58,251,384,501,645,751,918",22.6315820842382,"58,251,384,501,645,751,918",22.6315820842382,"250,251,498,501,520,751,752,754",6999.05404994638,"251,501,751",6879.63786776654,2,"251,501,751",6879.62211,4,4,4,5,0,0
"251,501,751",6989.14161190579,"43,251,280,500,733,751,845",115.302040723444,"43,251,280,498,733,751,845",115.302134620115,"43,251,500,733,751,845",116.815834519045,"251,456,459,498,500,503,505,520,521,536,733,737,745,751,760,764,800",7178.5484600915,"251,498,751",6984.05498272896,2,"251,498,751",6982.22673,4.001,3.001,4.003,14.001,0.003,0.003
"251,501,751",6926.5500833669,"160,252,348,501,563,751,804,922",56.9755325692306,"160,245,348,501,563,751,920",60.876751597168,"160,245,348,501,563,751,920",60.876751597168,"245,252,494,501,525,602,751,765",7001.68067833472,"252,501,751",6925.40765611023,2,"252,501,751",6917.01782,5.001,4.006,4.006,5.001,0.001,0.001
"251,501,751",6904.57460170622,"145,251,344,500,600,751,815,967",43.091260763451,"145,251,344,500,600,751,933",44.3661970794359,"145,251,344,500,600,751,933",44.3661970794359,"241,242,251,256,496,500,501,504,519,565,751,763",7019.50018722877,"251,500,751",6897.46183192645,2,"251,500,751",6893.86216,5.001,4.001,4.001,9,0.001,0.001
"251,501,751",6978.18938146794,"142,247,381,502,640,751,945",104.669735969992,"142,247,381,502,640,751,945",104.669735969992,"142,247,381,502,640,751,945",104.669735969992,"247,250,251,499,501,502,507,751",7103.52312261734,"247,501,502,751",6980.1650215615,3,"247,502,751",6967.04612,4.005,4.005,4.005,5,1.004,0.005
"251,501,751",6922.13762445136,"145,251,415,500,667,751",55.0849909677228,"145,251,415,500,667,751",55.0849909677228,"145,251,415,500,667,751",55.0849909677228,"251,496,500,508,517,553,751",7006.50972146091,"251,500,751",6917.75901121726,2,"251,500,751",6915.01434,3.001,3.001,3.001,4.001,0.001,0.001
"251,501,751",6940.53450496575,"193,252,375,501,633,753,881",71.7268464257188,"193,252,375,501,633,753,881",71.7268464257188,"252,375,501,633,753,881",77.6491238573928,"250,252,457,460,501,502,512,522,740,752,753,757",7055.8467062776,"252,501,753",6930.32562500188,2,"252,501,753",6929.70361,4.003,3.003,4.003,9.002,0.003,0.003
"251,501,751",6870.49241180955,"94,251,339,502,585,751,833",8.41207725895136,"94,251,339,502,585,750,833",8.81880193348101,"94,251,339,502,585,750,833",8.81880193348101,"251,252,255,257,476,502,503,750,751,753,756,761",7001.22384102107,"251,502,751",6862.88706397229,2,"251,502,751",6861.9838,4.001,4.002,4.002,9.001,0.001,0.001
"251,501,751",6986.64858020661,"72,251,343,499,567,750,920",118.667008078505,"72,251,343,499,567,750,920",118.667008078505,"72,251,343,499,750,920",120.361907501566,"251,494,499,500,501,518,540,743,750,751",7094.21207237035,"251,499,751",6984.33283816328,2,"251,499,751",6982.83174,4.003,3.003,4.003,7,0.002,0.002
"251,501,751",6938.53435084846,"122,251,338,501,604,750,823",93.0668065010139,"122,251,338,501,604,750,823",93.0668065010139,"122,251,338,501,604,750,823",93.0668065010139,"239,242,251,252,473,485,501,505,750,751,770",7060.61279576421,"251,501,750",6935.50062470169,2,"251,501,750",6933.43523,4.001,4.001,4.001,8,0.001,0.001
"251,501,751",6999.48899734899,"167,251,344,501,670,751,853",121.936809125889,"167,251,344,501,670,751,853",121.936809125889,"167,251,344,501,670,751,853",121.936809125889,"251,438,460,462,466,497,499,501,507,751",7115.90895956803,"251,501,751",6992.62861802087,2,"251,501,751",6992.5541,4,4,4,7,0,0
"251,501,751",6973.2259174345,"171,251,366,500,657,751,851",85.9856082207823,"171,257,366,500,657,751,851",86.4686619925377,"171,257,366,500,657,751,851",86.4686619925377,"245,246,251,257,491,498,500,508,751",7088.21545742315,"246,257,500,751",6968.93482257959,2,"246,257,500,751",6968.89087,4.001,4.007,4.007,6.001,1.006,1.006
"251,501,751",6975.39549830705,"108,251,357,501,607,751,837,992",116.1320818082,"108,251,357,501,607,751,837,992",116.1320818082,"108,251,357,501,607,751,837",117.724639816958,"251,484,496,501,749,751",7061.91982099626,"251,501,751",6970.47298537812,2,"251,501,751",6970.46527,5,4,5,3,0,0
"251,501,751",6927.99810345249,"93,208,251,396,501,610,748,817",65.1056140619418,"93,208,251,396,501,610,750,817",68.3098854332094,"93,251,396,501,610,750,817",69.8856094320438,"248,250,251,456,501,526,528,533,748,750",7053.19527229473,"251,501,748",6922.46284740719,2,"251,501,748",6920.62602,5.003,4.001,5.001,7.001,0.003,0.003
"251,501,751",7035.07721907729,"170,253,345,346,501,653,751,814",148.207658480744,"170,254,331,501,653,751,814",149.393392390117,"170,254,345,501,653,751,814",149.562962913557,"251,253,254,488,501,507,538,750,751,766",7144.37957196803,"254,501,751",7023.5998255315,2,"254,501,751",7022.95981,5.002,4.003,4.003,7,0.003,0.003
"251,501,751",6955.13586608384,"210,251,376,501,633,751,873",84.2190691448741,"210,251,376,501,633,751,873",84.2190691448741,"210,251,376,501,633,751,787",89.122476351094,"251,501,506,744,751",7008.32012424088,"251,501,751",6948.63185629268,2,"251,501,751",6948.60741,4,4,4,2,0,0
"251,501,751",7025.59428079954,"122,251,381,500,685,750,870",135.998417662023,"122,251,381,500,685,750,870",135.998417662023,"251,381,500,685,750,870",136.510893379607,"251,499,500,503,528,750,751,764",7131.48855780978,"251,500,750",7009.47501702964,2,"251,500,750",7009.28474,4.002,3.002,4.002,5.001,0.002,0.002
"251,501,751",6954.20360883577,"87,251,391,501,663,751,921",89.449859166266,"87,251,391,501,663,751,921",89.449859166266,"87,251,391,501,663,751,921",89.449859166266,"251,254,490,500,501,510,751",7069.67264074352,"251,501,751",6953.02415949175,2,"251,501,751",6952.32859,4,4,4,4,0,0
"251,501,751",6988.69592559142,"145,251,281,456,501,582,751,943",125.947578872232,"145,251,281,399,501,582,749,943",129.938621168229,"145,251,399,501,582,749,943",131.078395138462,"249,251,253,266,499,501,749,750,751,754",7131.2601322205,"251,501,749,754",6999.88847570446,3,"251,501,754",6988.93661,5,4.002,5.002,7,1.002,0.003
"251,501,751",7017.75882069576,"83,252,385,501,581,751,963",153.735657914087,"83,252,385,501,581,751,963",153.735657914087,"83,252,385,501,581,751,963",153.735657914087,"251,252,496,499,501,504,751,752,754",7172.73290036944,"252,501,751",7017.1954135775,2,"252,501,751",7012.50675,4.001,4.001,4.001,6,0.001,0.001
"251,501,751",6938.79949315333,"58,242,317,499,592,751,868",60.7002601026541,"58,242,317,499,592,749,868",63.3384368881323,"58,242,317,499,592,749,868",63.3384368881323,"242,251,253,496,498,499,501,738,746,749,751,770",7066.51548936664,"242,253,499,751",6936.39694603046,3,"242,499,751",6931.25783,4.011,4.013,4.013,9,1.004,0.011
"251,501,751",6908.36557012031,"139,251,379,501,672,751,932",34.1594572211803,"139,251,379,501,672,749,932",38.0931815173438,"139,251,379,501,672,749,932",38.0931815173438,"235,248,250,251,269,499,501,504,514,531,749,750,751",7073.46180871322,"251,501,751",6901.83322096303,2,"251,501,751",6901.65146,4,4.002,4.002,10,0,0
"251,501,751",7009.72986822962,"94,251,318,502,556,751,837",130.339870276444,"94,251,318,502,556,751,837",130.339870276444,"94,251,318,502,545,751,837",130.716910463656,"251,259,488,489,499,500,502,503,510,748,751,758",7175.99617674073,"251,502,510,751",7017.75190431071,3,"251,502,751",7004.10995,4.001,4.001,4.001,9.001,1.001,0.001
"251,501,751",6966.34293120702,"129,251,332,501,636,754,880",84.0420793138376,"129,251,332,501,636,751,880",84.3866098004042,"129,251,332,501,636,751,880",84.3866098004042,"251,258,449,454,497,498,499,501,504,505,520,521,540,544,571,751,754",7190.79873381928,"251,499,505,754",6976.90853759964,3,"251,499,754",6962.99743,4.003,4,4,14,1.005,0.005
"251,501,751",6941.50289639366,"65,251,376,501,588,710,751,929",84.2470237429375,"65,252,376,501,588,709,751,929",85.7724047218225,"65,252,376,501,588,709,751,797,929",85.4174984410229,"251,252,254,477,487,501,512,515,730,740,742,751",7066.41242700102,"251,501,751",6937.00800147647,2,"251,501,751",6936.48249,5,6.001,5.001,9,0,0
"251,501,751",6971.62878764851,"156,251,361,501,596,750,793",106.659669992784,"156,251,361,501,596,750,793",106.659669992784,"156,251,361,501,596,750,791",107.324011889011,"250,251,500,501,503,525,744,750,764",7073.77770917905,"251,501,750",6962.61819788012,2,"251,501,750",6962.40782,4.001,4.001,4.001,6.001,0.001,0.001
"251,501,751",6928.52566139057,"91,250,373,501,611,750,831",68.6307600308509,"91,250,373,501,611,750,831",68.6307600308509,"91,250,373,501,611,750,831",68.6307600308509,"239,250,257,267,477,480,491,497,499,501,526,750,751",7070.63355961646,"250,501,750",6924.34123939475,2,"250,501,750",6920.30325,4.002,4.002,4.002,10.001,0.002,0.002
"251,501,751",6972.09089427848,"172,251,427,502,557,692,751,790",115.213408400502,"172,251,427,502,557,692,751,790",115.213408400502,"172,251,427,502,557,751,790",116.798911764167,"240,248,251,484,500,502,506,515,517,519,751,776",7088.09611185958,"251,502,751",6962.39177904744,2,"251,502,751",6961.82618,5.001,4.001,5.001,9.001,0.001,0.001
"251,501,751",7028.32975223887,"116,251,410,502,645,750,863",154.603956079298,"116,251,410,502,645,750,863",154.603956079298,"116,251,410,502,645,750,863",154.603956079298,"250,251,502,540,547,744,750,758",7089.9645670905,"250,502,750",7025.6915105006,2,"250,502,750",7016.64153,4.002,4.002,4.002,5.002,0.003,0.003
"251,501,751",7036.56345641874,"132,250,360,501,604,751,858",167.478464646478,"132,250,360,501,604,751,858",167.478464646478,"132,250,360,501,604,751,858",167.478464646478,"247,250,251,496,501,751,752,754,756",7123.67930540206,"250,496,501,751",7038.45777140938,3,"250,501,751",7029.16098,4.001,4.001,4.001,6,1.001,0.001
"251,501,751",7052.58257884587,"135,245,394,501,642,751,842",180.412848607135,"148,251,394,501,642,751,842",182.439680443385,"148,251,394,501,642,751,842",182.439680443385,"245,248,251,252,460,493,494,501,503,507,515,522,749,751",7237.02921668758,"245,501,751",7043.70138498303,2,"245,501,751",7043.36011,4.006,4,4,11,0.006,0.006
"251,501,751",6997.54766593985,"200,251,359,502,595,751,907",113.259989055715,"200,251,359,502,595,751,907",113.259989055715,"200,251,359,502,595,751,907",113.259989055715,"250,251,461,475,478,500,501,502,529,751,752",7111.69050956352,"251,502,751",6988.29228640931,2,"251,502,751",6987.98477,4.001,4.001,4.001,8,0.001,0.001
"251,501,751",7005.098123961,"213,251,386,501,617,751,881",147.173241836135,"213,251,386,503,617,751,881",147.187572388221,"213,251,386,501,617,751,881",147.173241836135,"251,501,503,506,751",7120.18030719926,"251,501,751",7008.25098144439,2,"251,501,751",7004.25684,4,4,4.002,2,0,0
"251,501,751",7024.21200691495,"89,251,346,501,643,751,814,992",176.76340561915,"89,251,346,501,643,751,814,992",176.76340561915,"89,251,346,501,643,751,814",176.463312381043,"251,468,493,500,501,502,750,751,752,792",7121.29843430644,"251,501,750",7023.45367177705,2,"251,501,750",7021.49356,5,4,5,7,0.001,0.001
"251,501,751",6908.14340627957,"109,251,411,499,558,716,751,903",29.285889978974,"109,251,411,499,622,751,903",34.4768414398918,"109,251,411,499,622,751,903",34.4768414398918,"250,251,473,498,499,501,744,751,754",7000.46828872221,"251,501,751",6908.88772879052,2,"251,501,751",6899.69898,5.002,4.002,4.002,6,0,0
"251,501,751",6996.83776417566,"39,254,356,501,659,751,866",112.036994887639,"39,254,356,501,659,751,866",112.036994887639,"39,254,356,501,659,751,866",112.036994887639,"254,486,499,501,504,748,751",7076.38338361296,"254,501,751",6983.06848080035,2,"254,501,751",6982.76559,4.003,4.003,4.003,4.003,0.003,0.003
"251,501,751",6966.16205758133,"124,251,334,499,628,755,870",85.9415468542866,"124,251,334,499,628,750,870",93.1270052968192,"124,251,334,499,628,750,870",93.1270052968192,"242,251,450,497,499,515,533,750,755",7064.36556965493,"251,499,755",6947.53724144075,2,"251,499,755",6947.34014,4.006,4.003,4.003,6.003,0.006,0.006
"251,501,751",7021.54574179012,"112,251,417,501,605,751,881",161.780583162543,"112,254,417,501,605,751,881",162.844183239966,"112,254,418,501,605,751,881",162.932249496709,"249,251,254,477,484,501,540,751,754",7144.09029305733,"251,501,751",7025.10867260144,2,"251,501,751",7018.44626,4,4.003,4.003,6,0,0
"251,501,751",6920.81698296912,"187,251,272,452,500,618,751,908",44.6088638163896,"187,251,272,424,500,618,751,908",46.1390753184089,"251,272,424,500,618,731,738,751,908",48.5783248518608,"250,251,254,272,500,501,731,751,756,763",7024.18853157555,"251,500,751",6912.93868622442,2,"251,500,751",6912.3855,5.001,6.001,5.001,7,0.001,0.001
"251,501,751",6935.21540870046,"137,251,430,500,636,753,872",69.6616449828309,"137,251,430,500,636,750,872",70.624131033359,"137,251,430,500,636,750,872",70.624131033359,"249,251,255,479,483,500,501,750,753,754",7049.47943782117,"251,500,750",6926.948565849,2,"251,500,750",6925.83811,4.003,4.002,4.002,7.001,0.002,0.002
"251,501,751",6951.44262655007,"151,251,366,501,618,751,913",94.1370362140514,"151,251,366,501,618,751,913",94.1370362140514,"151,251,366,501,618,751,913",94.1370362140514,"251,485,488,491,500,501,511,751",7079.01821501374,"251,501,751",6946.78849072534,2,"251,501,751",6946.29418,4,4,4,5,0,0
"251,501,751",6962.14933422888,"164,251,389,501,672,751,910",80.7848702043275,"164,251,389,501,672,751,910",80.7848702043275,"164,251,389,501,672,751,910",80.7848702043275,"251,474,496,497,501,751",7039.50500458676,"251,501,751",6960.62022649123,2,"251,501,751",6960.56579,4,4,4,3,0,0
"251,501,751",6942.19206088808,"106,250,430,501,606,749,796,892",71.7503553681696,"106,250,430,501,606,753,892",76.8393535296368,"106,250,430,501,606,753,892",76.8393535296368,"240,250,251,487,501,506,511,520,562,749,753,759,785,796",7087.03795795058,"250,501,749",6939.39909162137,2,"250,501,749",6934.04707,5.003,4.003,4.003,11.002,0.003,0.003
"251,501,751",6967.44630365952,"144,251,365,501,608,751,865",93.7793058452111,"144,251,365,501,608,751,865",93.7793058452111,"144,251,365,501,608,751,865",93.7793058452111,"241,251,501,514,743,751,756",7030.58472312754,"251,501,751",6962.2355242155,2,"251,501,751",6962.1973,4,4,4,4,0,0
"251,501,751",6975.87409084436,"129,253,405,501,590,754,931",89.5236112194869,"129,252,405,501,590,752,931",91.3541548267784,"129,252,405,501,590,752,931",91.3541548267784,"246,252,253,490,501,525,528,531,540,563,751,752,754",7117.20546141575,"253,501,754",6951.90682204821,2,"253,501,754",6951.51077,4.005,4.002,4.002,10.001,0.005,0.005
"251,501,751",7018.02795809639,"15,200,251,372,500,531,751,936",158.003810020531,"15,200,251,372,500,531,751,936",158.003810020531,"200,251,372,500,531,751,936",158.672974320374,"251,461,500,502,751",7110.84289116544,"251,500,751",7013.77399026075,2,"251,500,751",7013.7444,5.001,4.001,5.001,2.001,0.001,0.001
"251,501,751",6885.82284501858,"77,250,317,500,564,751,845",11.7705317676057,"77,250,317,500,564,751,845",11.7705317676057,"77,250,317,500,564,751,835",11.9887181717788,"250,251,258,487,490,500,516,748,751,757",6994.42394931069,"250,500,751",6878.72212840292,2,"250,500,751",6876.69474,4.002,4.002,4.002,7.001,0.002,0.002
"251,501,751",6936.43025023717,"112,253,444,501,583,751,890",83.0442050180695,"112,253,444,501,583,751,890",83.0442050180695,"112,253,444,501,583,751,890",83.0442050180695,"253,495,496,501,508,533,750,751",7026.08976344776,"253,501,751",6929.07227067188,2,"253,501,751",6928.90375,4.002,4.002,4.002,5.002,0.002,0.002
"251,501,751",7009.54386094743,"166,251,385,501,616,751,816",138.15926121843,"166,251,385,501,616,751,816",138.15926121843,"166,251,385,501,616,751,816",138.15926121843,"251,501,506,750,751",7052.75223657129,"251,501,751",7003.25041073238,2,"251,501,751",7003.20123,4,4,4,2,0,0
"251,501,751",6928.27257354259,"163,253,391,501,619,751,860",52.6711056358731,"163,253,391,501,619,751,860",52.6711056358731,"163,253,391,501,619,751,860",52.6711056358731,"250,251,253,491,492,493,501,511,751",7056.31359460955,"251,501,751",6926.10372584379,2,"251,501,751",6923.4306,4.002,4.002,4.002,6,0,0
"251,501,751",6936.13126269856,"75,252,369,501,569,751,889",75.4264687078042,"75,252,369,501,569,751,889",75.4264687078042,"75,252,369,501,569,751,889",75.4264687078042,"246,251,252,500,501,751",7017.84851042643,"252,501,751",6935.3297193931,2,"252,501,751",6934.6059,4.001,4.001,4.001,3,0.001,0.001
"251,501,751",6906.10093727686,"71,251,403,500,621,751,888,889",37.2157657706461,"71,251,403,500,621,751,888,889",37.2157657706461,"71,251,403,500,621,751,888,889",37.2157657706461,"242,251,500,503,518,523,735,745,750,751",6996.37910896057,"251,500,751",6898.00461562451,2,"251,500,751",6897.05089,5.001,5.001,5.001,7.001,0.001,0.001
"251,501,751",7021.69954860717,"129,249,394,503,635,749,830",157.435920773574,"129,250,394,503,635,749,830",158.341660212577,"129,250,394,503,635,749,830",158.341660212577,"249,250,253,501,503,517,740,749,751",7135.98802990076,"249,501,503,749",7018.39175794515,4,"249,503,749",7006.86448,4.006,4.005,4.005,6.001,1.004,0.006
"251,501,751",6915.79181987712,"96,251,330,501,638,751,778",35.1354587075969,"96,251,330,501,638,753,778",37.6761335775897,"96,251,330,501,638,753,778",37.6761335775897,"251,473,501,503,504,542,751,753,754,776,778",7023.04139227717,"251,501,751",6908.64032229845,2,"251,501,751",6908.12177,4,4.002,4.002,8,0,0
"251,501,751",6952.52085296376,"5,167,253,408,501,645,751,825",79.5395669764031,"5,91,195,253,408,501,645,751,825",80.7348924869642,"5,91,195,253,408,501,645,751,825",80.7348924869642,"195,250,252,253,451,501,502,507,508,555,751,766",7066.22635494441,"253,501,751",6945.5728800065,2,"253,501,751",6945.25115,5.002,6.002,6.002,9.001,0.002,0.002
"251,501,751",6967.52024460482,"87,251,368,500,677,751,830",95.5771074601498,"87,251,368,500,677,751,830",95.5771074601498,"87,251,368,500,677,751,830",95.5771074601498,"251,473,480,500,501,508,509,516,751,753",7076.33773856003,"251,500,751",6962.63190309331,2,"251,500,751",6961.76384,4.001,4.001,4.001,7,0.001,0.001
"251,501,751",7049.36582970816,"61,185,251,359,500,603,751,953",180.355863512953,"145,251,359,500,603,751,953",179.809007612886,"145,251,359,500,603,751",181.679207944382,"213,247,250,251,449,452,487,500,502,507,751",7170.69275865848,"251,500,751",7040.61323068183,2,"251,500,751",7040.29963,5.001,3.001,4.001,8.001,0.001,0.001
"251,501,751",6943.11964449084,"117,250,385,501,604,751",60.7181968822836,"117,251,385,501,604,751",60.8121808258566,"117,251,385,501,604,751",60.8121808258566,"249,250,251,459,501,514,527,751",7070.90682421642,"251,501,751",6939.22155079755,2,"251,501,751",6936.65355,3.001,3,3,5,0,0
"251,501,751",7025.70262017661,"95,251,310,501,608,694,751,926",172.202902591112,"95,251,310,501,608,690,751,926",172.660516208724,"95,251,310,501,690,751,926",172.969788048427,"251,253,433,437,497,501,516,519,741,751,752",7146.10075744692,"251,501,751",7023.26513782703,2,"251,501,751",7022.94268,5,4,5,8,0,0
"251,501,751",7019.52050061086,"92,252,370,501,561,749,944",117.810338680031,"92,252,370,501,561,749,944",117.810338680031,"92,252,370,501,561,749,944",117.810338680031,"252,255,457,498,501,516,749,752",7091.99199865054,"252,501,749",7000.12644562525,2,"252,501,749",6998.1361,4.003,4.003,4.003,5.002,0.003,0.003
"251,501,751",7018.19007113755,"94,252,405,502,638,751,834",130.148168862518,"94,253,405,502,638,751,834",130.19690313865,"94,253,405,502,638,751,834",130.19690313865,"252,253,487,501,502,510,751,752",7114.41837915127,"252,502,751",7007.55859122125,2,"252,502,751",7006.91384,4.002,4.003,4.003,5.001,0.002,0.002
"251,501,751",7003.36405521102,"93,251,317,501,622,753,843",129.947041117476,"93,251,317,501,622,753,843",129.947041117476,"93,251,360,501,622,753,843",131.045514531411,"251,431,464,484,490,497,501,751,753",7109.18232218632,"251,501,753",7000.82247938739,2,"251,501,753",6999.16777,4.002,4.002,4.002,6,0.002,0.002
"251,501,751",6858.93129418673,"129,255,329,502,604,751,866",-6.41199974823283,"129,255,329,502,604,751,866",-6.41199974823283,"129,255,329,502,604,751,866",-6.41199974823283,"251,255,457,471,502,503,749,751",6930.54344168644,"255,502,751",6842.38055498379,2,"255,502,751",6840.94622,4.005,4.005,4.005,5.001,0.005,0.005
"251,501,751",6916.46476983834,"108,251,304,477,501,610,751,872",43.6421735687683,"108,251,304,477,501,610,751,872",43.6421735687683,"108,251,304,501,610,751,872",45.4426513523937,"251,260,501,751,753",6971.46594346772,"251,501,751",6914.49445367583,2,"251,501,751",6914.48375,5,4,5,2,0,0
"251,501,751",6961.21605995646,"114,251,427,499,623,751,851",89.3775962342369,"114,251,427,499,623,752,851",89.9082269462668,"114,251,427,501,623,752,851",90.3838742633319,"251,474,499,501,507,747,751,752",7045.38897559827,"251,499,752",6958.35893579612,2,"251,499,752",6956.15013,4.002,4.001,4.003,5,0.003,0.003
"251,501,751",6974.11847502362,"86,251,325,501,627,751,839",104.735258076722,"86,251,325,501,627,751,839",104.735258076722,"86,251,325,501,627,751,839",104.735258076722,"251,254,477,478,479,500,501,508,750,751",7087.74401497752,"251,501,751",6967.04390191825,2,"251,501,751",6966.11385,4,4,4,7,0,0
"251,501,751",6909.52816129159,"54,209,251,412,502,613,750,956",30.2254428582133,"104,209,251,412,502,613,750,956",34.2980313737968,"104,214,251,412,502,613,750,956",34.6815342528026,"214,249,251,254,257,485,488,502,504,748,750,751",7034.06457537115,"249,502,750",6893.89107003118,2,"249,502,750",6893.63227,5.002,5.002,5.002,9.001,0.004,0.004
"251,501,751",6980.78502272203,"93,251,501,679,750,816,932",88.8443456108646,"93,251,501,679,750,834,932",92.8554144947496,"168,251,501,679,750,834,932",98.4437782036993,"251,421,458,460,466,500,501,551,750,752,815",7108.27763574368,"251,501,750",6977.25244797034,2,"251,501,750",6974.34708,4.001,4.001,4.001,8.001,0.001,0.001
"251,501,751",6914.90954857062,"129,252,375,501,601,751,896",52.0367769262332,"129,252,375,501,601,751,896",52.0367769262332,"129,252,375,501,601,751,896",52.0367769262332,"249,251,252,495,500,501,511,564,743,751",7019.32605099638,"252,501,751",6910.74742237034,2,"252,501,751",6909.76457,4.001,4.001,4.001,7,0.001,0.001
"251,501,751",6964.22529600261,"81,250,344,500,589,751",79.4098452214649,"81,250,344,500,589,751",79.4098452214649,"81,250,344,500,589,751",79.4098452214649,"250,251,484,500,501,751",7070.57208814837,"250,500,751",6954.82902944333,2,"250,500,751",6954.82735,3.002,3.002,3.002,3,0.002,0.002
"251,501,751",6900.45423662605,"38,250,375,501,630,751,885",15.7132278929041,"38,250,375,501,630,751,885",15.7132278929041,"38,250,375,501,630,751,885",15.7132278929041,"243,250,253,500,501,510,518,751",6979.38366433884,"250,501,751",6897.00120407284,2,"250,501,751",6896.31224,4.001,4.001,4.001,5.001,0.001,0.001
"251,501,751",6976.47584229598,"157,251,428,504,682,751,930",91.5294355030788,"157,251,428,504,682,751,930",91.5294355030788,"157,251,428,504,682,751,930",91.5294355030788,"246,251,497,498,500,504,751",7072.85079231665,"251,504,751",6962.30631323236,2,"251,504,751",6962.24731,4.003,4.003,4.003,4.001,0.003,0.003
"251,501,751",7007.93643346731,"70,249,368,501,617,752,873",122.76710073857,"70,249,368,501,617,752,873",122.76710073857,"70,249,368,501,617,752,873",122.76710073857,"248,249,253,463,487,501,505,518,752",7097.56910500072,"248,249,501,752",7010.27972650569,3,"249,501,752",6996.02696,4.003,4.003,4.003,6.003,1.003,0.003
"251,501,751",6950.07877499411,"151,251,377,501,642,751,838",78.6665172961946,"151,251,377,501,642,751,838",78.6665172961946,"151,251,377,501,642,751,838",78.6665172961946,"251,501,506,744,746,751,752",7038.77296817101,"251,501,751",6944.45396437352,2,"251,501,751",6944.41241,4,4,4,4,0,0
"251,501,751",6995.96430294888,"113,251,337,502,632,749,852",109.846248115164,"113,251,337,502,632,749,852",109.846248115164,"112,251,337,502,632,749,852",109.858798415015,"233,250,251,480,491,501,502,503,516,749,753,754,757,758",7143.24577835235,"251,503,749",6988.90302896826,2,"251,503,749",6987.88443,4.003,4.003,4.003,11.002,0.004,0.004
"251,501,751",6936.31492558113,"166,251,407,501,604,751,925",62.9810703790907,"166,251,407,501,604,751,925",62.9810703790907,"251,407,501,604,751,925",66.5210542052534,"249,251,252,254,255,449,461,498,501,746,751,759",7062.30918464338,"251,501,751",6936.60159759952,2,"251,501,751",6924.67791,4,3,4,9,0,0
"251,501,751",6920.3653849845,"124,251,376,500,614,751,831",51.2919782157849,"124,251,376,500,614,753,831",53.9442171987883,"124,251,376,500,614,753,831",53.9442171987883,"249,251,462,480,500,501,506,525,751,753,754",7070.90103847618,"251,500,751",6925.93164304442,2,"251,500,751",6919.42756,4.001,4.003,4.003,8,0.001,0.001
"251,501,751",6956.96303283266,"116,251,406,501,639,749,883",80.4247180942182,"116,251,406,501,639,749,883",80.4247180942182,"116,251,406,501,639,749,883",80.4247180942182,"240,251,252,489,490,501,502,503,505,749,750,757",7076.00201431846,"251,501,749",6943.98186994924,2,"251,501,749",6943.92251,4.002,4.002,4.002,9.001,0.002,0.002
"251,501,751",6906.51969676924,"121,251,385,501,595,752,893",36.1996173138644,"121,250,385,501,595,743,826",39.5913479736968,"121,250,385,501,595,743,826",39.5913479736968,"248,250,251,499,500,501,743,752",6974.37685471752,"251,501,743,752",6905.140630878,3,"251,501,752",6898.505,4.001,4.009,4.009,5.001,1.001,0.001
"251,501,751",6904.27773118132,"121,250,387,501,635,751,878",26.6570126418082,"121,250,387,501,635,751,878",26.6570126418082,"121,250,387,501,635,751,878",26.6570126418082,"250,477,501,525,751",6952.97083594397,"250,501,751",6896.53286233699,2,"250,501,751",6896.50547,4.001,4.001,4.001,2.001,0.001,0.001
"251,501,751",6947.18972882121,"107,251,352,501,555,749,854",67.6260278955629,"107,251,352,501,555,749,854",67.6260278955629,"107,251,352,501,555,749,854",67.6260278955629,"251,252,257,500,501,749,751",7020.27136199785,"251,501,751",6940.77726467598,2,"251,501,751",6940.33381,4.002,4.002,4.002,4,0,0
"251,501,751",6961.00154797684,"162,251,295,478,501,591,751,859",106.522643450957,"162,251,295,478,501,591,751,859",106.522643450957,"162,251,295,478,501,591,751,859",106.522643450957,"240,251,500,501,502,504,506,511,748,751,753,754",7130.74610025021,"251,501,751",6960.43029088862,2,"251,501,751",6959.91255,5,5,5,9,0,0
"251,501,751",7013.25034530619,"206,250,382,501,607,751,922",154.106993734761,"206,250,382,501,607,751,922",154.106993734761,"206,250,382,501,607,751,922",154.106993734761,"248,250,500,501,511,751",7114.35286525685,"250,501,511,751",7018.48182256378,3,"250,501,751",7009.94042,4.001,4.001,4.001,3.001,1.001,0.001
"251,501,751",6955.51214188549,"111,251,342,497,618,752,843,934",93.3431521428064,"111,251,342,497,618,752,843,934",93.3431521428064,"111,251,342,497,618,752,843,934",93.3431521428064,"251,252,258,447,489,497,502,517,518,555,586,752,758",7081.99702644811,"251,497,752",6950.74620623392,2,"251,497,752",6946.05221,5.005,5.005,5.005,10.002,0.005,0.005
"251,501,751",6959.13664979855,"61,252,386,501,544,749,898",80.7168141755439,"61,252,386,501,544,749,898",80.7168141755439,"61,252,386,501,544,749,898",80.7168141755439,"250,252,453,469,494,499,501,749,751,767,773",7106.66849859684,"252,501,749",6952.03838379456,2,"252,501,749",6951.37598,4.003,4.003,4.003,8.001,0.003,0.003
"251,501,751",6971.32862820797,"192,247,268,419,501,613,713,751,871",112.109175159946,"192,247,268,419,501,659,751,871",113.402304196769,"192,247,268,419,501,659,751,871",113.402304196769,"247,251,268,495,501,540,728,751,758",7050.88179231746,"247,501,751",6956.87158720118,2,"247,501,751",6956.55445,6.004,5.004,5.004,6,0.004,0.004
"251,501,751",6954.9498835162,"66,250,333,501,563,672,753,890",90.6811545217701,"66,250,333,501,563,672,753,890",90.6811545217701,"66,250,333,501,563,672,753,890",90.6811545217701,"250,251,501,503,505,743,744,753",7054.80485109048,"250,501,753",6942.51579471343,2,"250,501,753",6942.11576,5.003,5.003,5.003,5.002,0.003,0.003
"251,501,751",6952.95808083244,"68,252,382,502,643,751,901",85.8847386238511,"68,252,382,502,643,748,901",88.8350389746954,"68,252,382,502,643,748,901",88.8350389746954,"249,251,252,495,496,499,501,502,741,748,749,751",7100.23137934532,"252,502,751",6948.03718586704,2,"252,502,751",6947.74387,4.002,4.005,4.005,9,0.002,0.002
"251,501,751",7007.92736245146,"121,250,363,491,501,635,752,798",125.890739236918,"121,252,363,491,501,635,752,798",127.147303332058,"103,252,363,501,635,752,798",130.172928158528,"250,252,253,501,512,513,737,748,752,753",7113.22393574559,"250,501,752",6998.34955074957,2,"250,501,752",6996.4118,5.002,4.002,5.002,7.002,0.002,0.002
"251,501,751",6937.7574356983,"157,251,426,500,681,751,804",76.623417497721,"157,251,426,500,681,751,804",76.623417497721,"157,251,426,500,681,751,804",76.623417497721,"244,251,492,500,503,504,508,524,746,751,781",7047.63329762774,"251,500,751",6930.36723314443,2,"251,500,751",6929.92825,4.001,4.001,4.001,8.001,0.001,0.001
"251,501,751",7034.52139294048,"170,252,309,429,501,597,750,837",166.983262338173,"170,252,309,429,501,597,750,837",166.983262338173,"170,252,309,501,597,750,837",166.27762824741,"248,252,253,255,257,497,498,501,506,750,751,752,768",7191.8911386908,"252,498,501,751",7039.16473232683,3,"252,498,751",7026.84024,5.002,4.002,5.002,10.001,1.001,0.004
"251,501,751",6991.64292864392,"101,250,345,500,622,751,874",119.486879341514,"101,250,345,500,622,751,874",119.486879341514,"101,250,345,500,622,751,874",119.486879341514,"250,253,468,483,500,501,513,751,752",7117.2925759655,"250,500,751",6983.78418711226,2,"250,500,751",6983.02739,4.002,4.002,4.002,6.001,0.002,0.002
"251,501,751",7008.18557131952,"141,251,440,501,618,753,826",130.674571553623,"141,251,435,502,618,753,826",131.167435408789,"141,251,440,501,618,753,826",130.674571553623,"251,495,501,502,503,508,533,753",7086.95189197824,"251,501,753",6998.54968053703,2,"251,501,753",6998.43579,4.002,4.002,4.003,5.002,0.002,0.002
"251,501,751",7020.49275254042,"169,251,365,500,650,752,923",148.782553242144,"169,251,365,500,650,752,923",148.782553242144,"169,251,365,500,650,752,923",148.782553242144,"251,487,500,501,527,751,752,753",7086.52719334068,"251,500,751",7014.62831754535,2,"251,500,751",7013.44413,4.002,4.002,4.002,5,0.001,0.001
"251,501,751",6869.19070232697,"152,250,422,501,691,753,898",-1.46340517567026,"152,251,422,501,691,753,898",-1.3255557693374,"152,251,422,501,691,753,898",-1.3255557693374,"250,251,499,501,504,751,753,758",6984.36239795171,"250,501,751",6868.12332338105,2,"250,501,751",6863.74053,4.003,4.002,4.002,5,0.001,0.001
"251,501,751",7009.09517541483,"103,251,365,502,658,752,858",137.438044980656,"103,251,365,502,658,752,858",137.438044980656,"103,251,371,502,658,752,858",139.379650882382,"248,251,434,492,493,499,502,574,746,752,761",7133.15731330115,"251,502,752",7005.02097932911,2,"251,502,752",7004.39515,4.002,4.002,4.002,8.002,0.002,0.002
"251,501,751",6916.90791129179,"171,251,317,501,584,710,750,875",40.0162396681776,"171,254,376,500,694,750,875",44.5785551002957,"171,254,376,500,584,703,750,875",43.4453717884362,"251,254,255,256,444,462,494,495,498,500,501,502,505,507,734,737,746,750,754",7137.33345972792,"251,498,507,746,754",6925.713157631,5,"251,498,746",6906.90779,5.001,5.005,4.005,16.001,2.006,0.008
"251,501,751",6902.91375960756,"107,251,393,500,716,751,844",32.4263643155436,"107,251,393,500,716,751,844",32.4263643155436,"107,251,393,500,716,751,844",32.4263643155436,"251,473,476,488,500,501,504,507,551,731,749,750,751",7045.54602578965,"251,500,751",6903.7111267124,2,"251,500,751",6899.82571,4.001,4.001,4.001,10,0.001,0.001
"251,501,751",6994.15915002081,"79,251,340,501,612,751,832",122.792413138584,"79,251,340,501,612,752,832",124.234805594771,"79,251,340,501,612,752,832",124.234805594771,"251,252,501,574,751,752,753,764",7072.90576075251,"251,501,751",6990.70970736071,2,"251,501,751",6989.82211,4,4.001,4.001,5,0,0
"251,501,751",6896.42128582281,"111,251,339,501,618,754,861",24.6504025365173,"111,251,339,501,618,751,861",27.7336531322623,"111,251,339,501,618,751,861",27.7336531322623,"251,254,452,455,475,495,496,501,503,751,754,757",7014.2061173527,"251,503,754",6886.81685246289,2,"251,503,754",6884.79894,4.003,4,4,9,0.005,0.005
"251,501,751",6961.22348381119,"111,250,374,500,703,752,940",77.0516945984144,"176,252,374,500,703,752,940",78.8245330033287,"176,252,374,500,703,752",79.1321785403649,"250,252,499,500,501,505,513,752",7027.5249189562,"250,500,752",6949.04905068529,2,"250,500,752",6948.45993,4.003,3.003,4.003,5.002,0.003,0.003
"251,501,751",6980.66545872453,"182,251,411,500,570,690,751,864",111.734207720435,"182,251,411,500,620,751,864",111.858406204464,"182,251,411,500,620,751,914",111.924323838465,"251,494,499,500,503,526,749,751,754,757",7088.95524991059,"251,500,749",6971.58059901306,2,"251,500,749",6970.57403,5.001,4.001,4.001,7.001,0.003,0.003
"251,501,751",6961.37418308348,"132,251,334,502,664,751,864",82.8786298411233,"132,251,334,502,664,751,864",82.8786298411233,"132,251,377,502,664,751,864",83.2236212000958,"251,426,476,477,481,492,500,502,503,508,519,751",7079.35292908669,"251,502,751",6964.53805831603,2,"251,502,751",6957.05645,4.001,4.001,4.001,9.001,0.001,0.001
"251,501,751",6965.33510510007,"170,250,381,498,600,752,827",92.8809721745572,"170,250,381,498,600,752,827",92.8809721745572,"170,250,381,498,600,752,827",92.8809721745572,"238,246,250,490,498,499,501,508,517,751,752",7131.66591216111,"250,498,752",6959.78475138291,2,"250,498,752",6957.59344,4.005,4.005,4.005,8.001,0.005,0.005
"251,501,751",6947.58203271138,"110,252,356,500,573,749,759,911",48.3286182061981,"110,252,356,499,573,749,759,911",48.4838544096669,"110,252,356,499,573,749,759,911",48.4838544096669,"244,247,252,255,481,495,499,500,501,511,522,525,606,749,750,759",7124.43673462807,"252,499,750,759",6954.738853798,3,"252,499,759",6944.38912,5.004,5.005,5.005,13.002,1.004,0.011
"251,501,751",6951.12679659733,"167,251,403,502,652,750,844",66.6236135257387,"167,251,403,502,652,750,844",66.6236135257387,"167,251,403,502,652,750,844",66.6236135257387,"167,251,450,477,496,502,748,750,751",7029.89535275999,"251,502,750",6938.44427776263,2,"251,502,750",6937.99435,4.002,4.002,4.002,6.001,0.002,0.002
"251,501,751",6977.90220135086,"152,252,414,501,635,751",88.8976105478174,"152,252,414,501,635,751",88.8976105478174,"152,252,414,501,635,751",88.8976105478174,"152,203,239,252,254,277,501,506,513,514,515,529,747,751,755",7121.16428205186,"252,501,751",6966.01507008629,2,"252,501,751",6964.83645,3.001,3.001,3.001,12.001,0.001,0.001
"251,501,751",6898.46908252829,"95,251,452,501,582,751,840",43.8910187309323,"95,251,452,501,582,751,840",43.8910187309323,"95,251,452,501,582,751,840",43.8910187309323,"251,252,396,478,500,501,524,735,751,754",6992.40687084515,"251,501,751",6896.95048960526,2,"251,501,751",6896.42565,4,4,4,7,0,0
"251,501,751",6991.36569651065,"167,251,352,501,627,751,837",127.887744849818,"167,251,352,501,627,751,837",127.887744849818,"167,251,352,501,627,751,837",127.887744849818,"251,422,450,473,494,501,508,518,558,734,751,767",7115.07011029131,"251,501,751",6988.36233072443,2,"251,501,751",6987.41355,4,4,4,9,0,0
"251,501,751",6969.32022551291,"24,250,407,501,597,751,798,928",99.4487370822718,"94,251,407,501,597,751,798,928",100.10575781955,"24,251,407,501,597,751,770,928",101.220693948847,"250,251,252,481,501,751,770",7062.41603232423,"250,501,751",6961.89120207947,2,"250,501,751",6961.62312,5.001,5,5,4,0.001,0.001
"251,501,751",6996.9032635234,"156,251,308,501,602,751,874",132.509030958791,"165,256,308,501,602,754,874",137.754135662408,"165,256,308,501,602,754,874",137.754135662408,"248,251,255,256,265,501,507,547,747,751,754",7107.8685401522,"251,501,754",6992.20541780338,2,"251,501,754",6989.36306,4,4.008,4.008,8,0.003,0.003
"251,501,751",6986.385050305,"159,252,383,501,660,751,809",109.409482576663,"159,251,383,501,660,751,809",110.121106878113,"159,251,383,501,660,751,809",110.121106878113,"251,252,499,501,502,506,540,560,751",7141.58935730574,"251,252,501,751",6993.98435866237,3,"252,501,751",6981.08687,4.001,4,4,6,1,0.001
"251,501,751",6975.84479435198,"52,251,398,501,627,751,807,939",112.850165315449,"52,250,398,501,627,751,807,939",113.498556267881,"52,250,398,501,627,751,807,939",113.498556267881,"250,251,263,266,475,501,751,759",7058.42046757862,"251,475,501,751",6978.30599056809,3,"251,501,751",6971.38171,5,5.001,5.001,5,1,0
"251,501,751",6989.0011920197,"125,251,378,500,669,751,917",123.299121554396,"125,251,378,500,669,751,917",123.299121554396,"125,251,378,500,669,751,822",124.708064041529,"243,251,491,496,500,514,747,751",7059.32566488887,"251,500,751",6981.70366466883,2,"251,500,751",6981.03178,4.001,4.001,4.001,5.001,0.001,0.001
"251,501,751",6968.40008584465,"163,247,332,501,603,751,942",98.959092301683,"163,247,332,501,603,751,942",98.959092301683,"163,247,332,501,603,751,942",98.959092301683,"240,247,250,251,482,491,501,502,513,750,751,752,754",7108.10186160281,"247,501,751",6963.38770470174,2,"247,501,751",6961.85012,4.004,4.004,4.004,10,0.004,0.004
"251,501,751",6971.65892777635,"76,164,251,334,467,500,667,751,921",111.19480318738,"82,164,251,334,464,501,667,751,921",112.162650823032,"82,251,334,464,501,667,751,921",112.352731578991,"251,500,501,502,562,750,751",7097.08585838536,"251,501,751",6967.32714123922,2,"251,501,751",6966.76355,6.001,5,6,4,0,0
"251,501,751",7015.98847614102,"112,250,333,501,582,750,882",140.809699400585,"143,252,333,501,582,750,882",142.232596661743,"143,252,333,501,582,750,882",142.232596661743,"250,252,455,499,500,501,502,750,751,752",7119.71166371087,"250,501,502,750",7025.61752403511,3,"250,501,750",7010.30696,4.002,4.002,4.002,7.001,1.002,0.002
"251,501,751",6985.60083685105,"181,251,372,501,620,751,812",104.981546480173,"181,251,372,501,620,751,812",104.981546480173,"181,251,372,501,620,751,812",104.981546480173,"251,454,501,536,751,756",7084.12125311747,"251,501,751",6985.00507494506,2,"251,501,751",6983.96804,4,4,4,3,0,0
"251,501,751",6970.19026510829,"162,251,355,501,679,751,791",99.1977406174042,"162,251,355,501,679,752,791",99.4533829318906,"162,251,355,501,679,752,791",99.4533829318906,"242,251,445,453,459,486,501,502,529,747,751,752",7106.99003826729,"251,501,752",6964.41172164222,2,"251,501,752",6964.17481,4,4.001,4.001,9,0.001,0.001
"251,501,751",6990.78119434252,"232,251,335,508,571,751,864",105.504467760396,"249,335,508,571,750,864",106.177218194138,"249,335,508,571,750,864",106.177218194138,"77,232,246,249,251,493,500,508,750,751,754,836",7101.33186208814,"249,251,508,751",7000.75083853245,3,"249,508,751",6983.67836,4.007,3.01,3.01,9.001,1.007,0.009
"251,501,751",7033.27559367068,"95,251,374,501,599,750,846",180.756635419205,"95,251,374,501,599,750,846",180.756635419205,"95,251,374,501,599,750,846",180.756635419205,"251,490,493,495,501,526,747,750,751,767",7130.59909126214,"251,501,747,750",7037.96326580945,3,"251,501,750",7025.67539,4.001,4.001,4.001,7,1.001,0.001
"251,501,751",6999.27259273506,"119,252,447,500,751,807",113.698534985453,"119,252,447,500,751,807",113.698534985453,"119,252,447,500,751,807",113.698534985453,"249,251,252,499,500,535,751,753,807",7063.90549135768,"252,500,751",6997.61859964735,2,"252,500,751",6992.04882,3.002,3.002,3.002,6.001,0.002,0.002
"251,501,751",7013.34211253911,"106,252,429,501,554,748,823",145.990054619448,"106,252,429,501,554,748,823",145.990054619448,"106,252,501,554,748,823",151.707521679462,"252,462,473,480,501,516,740,748,751,758",7109.86424180688,"252,501,748,758",7008.78554714575,3,"252,501,748",7001.68945,4.004,3.004,4.004,7.001,1.004,0.004
"251,501,751",6916.81952499257,"113,251,377,503,650,753,893",54.3412546797962,"113,251,377,503,650,753,893",54.3412546797962,"113,251,377,404,409,503,650,753,893",53.955741563853,"240,251,449,453,498,503,505,536,751,753",7006.41507501864,"251,498,503,753",6912.22244790249,3,"251,503,753",6902.85373,4.004,6.004,4.004,7.002,1.004,0.004
"251,501,751",7035.12847880098,"114,251,394,501,680,752,914",174.768169012712,"114,251,394,501,680,752,914",174.768169012712,"114,251,394,501,680,752,914",174.768169012712,"249,250,251,495,501,502,506,751,752,753",7155.80007685646,"251,501,751",7032.5768832799,2,"251,501,751",7032.42781,4.001,4.001,4.001,7,0,0
"251,501,751",7003.33791443479,"102,252,376,501,579,751,890,996",112.361743456165,"102,252,376,501,579,751,890,996",112.361743456165,"102,252,376,501,576,751,890,996",112.735416865769,"252,455,472,497,500,501,539,542,751,755",7087.85892548984,"252,501,751",6988.84500221054,2,"252,501,751",6988.2266,5.001,5.001,5.001,7.001,0.001,0.001
"251,501,751",6964.60038193583,"86,217,250,303,454,501,670,751,903",107.301255474582,"86,245,325,502,670,748,888",116.370627961295,"86,245,325,501,670,748,888",116.325962388872,"245,250,472,501,502,519,548,550,747,748,749,751,757",7129.9260835411,"250,501,751",6960.67466437725,2,"250,501,751",6957.18853,6.001,4.009,4.01,10.001,0.001,0.001
"251,501,751",6908.85453402161,"72,251,326,501,624,751,799",37.3382332066945,"72,251,326,501,624,751,799",37.3382332066945,"72,251,326,501,624,751,799",37.3382332066945,"251,465,492,494,495,501,506,751,754",7031.24899158965,"251,501,506,751",6918.68657195578,3,"251,501,751",6903.55593,4,4,4,6,1,0
"251,501,751",6985.06713479123,"135,249,280,391,502,580,751,921",109.194303102174,"135,251,319,391,502,580,755,921",116.316557967808,"135,251,319,502,580,755,921",116.769754580824,"249,251,262,280,487,501,502,503,647,751,755,756",7093.73092684959,"249,502,751",6980.57469624647,2,"249,502,751",6978.43898,5.003,4.005,5.005,9,0.003,0.003
"251,501,751",6993.8695988832,"130,251,354,501,619,752,939",125.001145114962,"130,251,354,501,619,752,939",125.001145114962,"130,251,354,501,619,752,949",126.691183776106,"251,477,494,500,501,510,524,526,752,753,755",7103.42420642112,"251,501,752",6983.44759804414,2,"251,501,752",6983.05711,4.001,4.001,4.001,8.001,0.001,0.001
"251,501,751",7004.23375062365,"170,251,483,496,652,751,866",142.804779161396,"170,251,483,500,585,751,866",143.965837065281,"170,251,483,500,585,751,866",143.965837065281,"239,251,416,496,500,501,535,540,751,754,757",7112.07918269947,"251,500,751",6997.02768121166,2,"251,500,751",6996.39341,4.005,4.001,4.001,8,0.001,0.001
"251,501,751",6927.93061589889,"144,251,394,501,618,751,890",59.2971579404959,"144,251,394,501,618,751,890",59.2971579404959,"144,251,394,501,618,751,890",59.2971579404959,"250,251,257,501,504,505,507,748,751,754,757",7034.46542164167,"250,501,751",6931.76675255882,2,"250,501,751",6924.36554,4,4,4,8,0.001,0.001
"251,501,751",7037.75715752716,"108,249,295,432,499,607,751,881",168.928293538234,"108,249,295,432,500,607,751,881",169.340494996466,"108,249,295,432,499,607,751,881",168.928293538234,"249,251,464,499,500,502,505,751",7160.63796692618,"251,499,751",7027.2522358745,2,"251,499,751",7026.64214,5.004,5.004,5.003,5.001,0.002,0.002
"251,501,751",6960.76693899468,"139,251,341,501,592,751,861",95.6722630446272,"139,251,341,501,592,751,861",95.6722630446272,"139,251,341,501,592,751,861",95.6722630446272,"248,251,490,493,501,506,507,750,751",7053.92074747098,"251,501,751",6954.81309501354,2,"251,501,751",6954.69032,4,4,4,6,0,0
"251,501,751",6949.0569595048,"157,249,329,501,633,750,832",71.4256303763993,"157,246,329,501,633,750,832",71.9154992448155,"157,246,329,501,633,750,832",71.9154992448155,"246,249,250,455,468,496,499,501,736,748,750,751",7091.4260655115,"246,501,750",6942.66358496927,2,"246,501,750",6940.44414,4.003,4.006,4.006,9.001,0.006,0.006
"251,501,751",6985.5501883719,"119,251,395,500,661,751,788",104.342304703847,"119,251,395,500,661,751,788",104.342304703847,"119,251,395,500,661,751,788",104.342304703847,"251,498,500,503,523,751,764",7041.69325785086,"251,498,503,751",6985.254186345,3,"251,498,751",6974.86165,4.001,4.001,4.001,4.001,1.002,0.003
"251,501,751",6940.52912970646,"111,250,374,501,611,751,872",57.6307385348712,"111,251,374,501,611,751,872",59.1844668721706,"111,251,318,501,611,751,872",59.9355420398851,"249,250,251,425,447,492,495,501,504,525,751",7067.787786329,"250,501,751",6935.30218587756,2,"250,501,751",6934.89176,4.001,4,4,8,0.001,0.001
"251,501,751",6983.86311322507,"147,251,433,502,633,751,897",99.9815915691973,"147,251,433,502,633,751,897",99.9815915691973,"147,251,433,502,633,751,897",99.9815915691973,"251,485,500,502,508,515,751,756",7057.39091336451,"251,502,751",6975.50056209392,2,"251,502,751",6974.5637,4.001,4.001,4.001,5.001,0.001,0.001
"251,501,751",6984.4470470784,"130,251,357,501,661,751,849",113.685607377454,"130,251,357,501,661,751,849",113.685607377454,"130,251,357,501,661,751,916",113.784881068803,"231,251,253,474,478,501,502,568,751,755",7089.96071466889,"251,501,751",6980.40665782421,2,"251,501,751",6978.33632,4,4,4,7,0,0
"251,501,751",6989.01852203945,"129,251,340,502,629,752,874",114.990260473279,"129,251,340,502,629,752,874",114.990260473279,"129,251,340,502,629,752,874",114.990260473279,"245,246,248,251,252,501,502,752",7081.26012333025,"251,502,752",6993.0419541389,2,"251,502,752",6982.70501,4.002,4.002,4.002,5.001,0.002,0.002
"251,501,751",6943.89016226956,"157,251,501,606,751,899",72.6822790359121,"157,251,501,606,751,899",72.6822790359121,"157,251,501,606,751,899",72.6822790359121,"249,251,406,443,483,501,507,747,751,753,763",7060.16636588576,"251,501,751",6939.70883646987,2,"251,501,751",6938.84592,3,3,3,8,0,0
"251,501,751",6953.01231113383,"85,251,400,482,501,625,750,865",85.764409744107,"85,251,417,501,625,750,865",87.2767680465168,"85,251,417,501,625,750,865",87.2767680465168,"251,501,503,504,510,511,750,751",7062.29881134513,"251,501,750",6948.65399540989,2,"251,501,750",6948.5301,5.001,4.001,4.001,5,0.001,0.001
"251,501,751",6908.21408707601,"132,251,416,501,674,751,856",30.429847416681,"132,251,416,501,674,751,856",30.429847416681,"132,251,416,501,674,751,856",30.429847416681,"249,250,251,476,501,585,750,751,753,778",6991.390473392,"251,501,751",6897.77423125337,2,"251,501,751",6894.85344,4,4,4,7,0,0
"251,501,751",6978.7553157044,"166,251,380,501,637,751,867",123.030726269346,"166,251,380,501,637,751,867",123.030726269346,"166,251,380,501,637,751,867",123.030726269346,"251,496,500,501,750,751,756",7053.18030482288,"251,501,751",6973.83615030917,2,"251,501,751",6973.82558,4,4,4,4,0,0
"251,501,751",7000.58115557485,"134,251,430,501,551,668,751,925",125.072676222944,"134,251,430,501,561,751,925",124.931861362048,"134,251,430,501,668,751,925",125.824663925,"240,245,246,251,253,485,487,498,499,500,501,502,751",7152.1543909846,"251,501,751",6997.80421590837,2,"251,501,751",6997.7612,5,4,4,10,0,0
"251,501,751",6969.20596447942,"152,250,415,501,582,751,877",105.698863506282,"152,251,415,501,582,751,877",105.951135475836,"152,251,415,501,582,751,877",105.951135475836,"250,251,501,506,524,751,757",7063.92578793699,"250,501,751",6967.64313720184,2,"250,501,751",6967.29182,4.001,4,4,4,0.001,0.001
"251,501,751",6860.09036529667,"130,251,334,463,501,585,749,894",11.5379734143987,"130,251,383,501,587,751,894",13.684421589283,"130,251,383,501,587,751,894",13.684421589283,"251,488,500,501,747,749,751",6931.44222930585,"251,501,751",6851.84004325585,2,"251,501,751",6850.45428,5.002,4,4,4,0,0
"251,501,751",6970.54404260979,"150,249,332,469,501,624,752,900",83.4682350181079,"150,254,332,469,501,624,752,900",88.3683765544329,"150,254,332,469,501,624,752,900",88.3683765544329,"249,254,500,501,506,538,751,752",7081.79970064379,"249,501,752",6961.80078412107,2,"249,501,752",6959.18604,5.003,5.004,5.004,5.002,0.003,0.003
"251,501,751",6926.27486296247,"120,251,419,503,609,751,875",57.6662797311188,"120,251,419,503,609,751,875",57.6662797311188,"120,251,419,503,609,751,875",57.6662797311188,"251,499,501,503,505,518,526,564,751,758",7024.37950110602,"251,503,751",6917.16331243053,2,"251,503,751",6916.97172,4.002,4.002,4.002,7,0.002,0.002
"251,501,751",7025.66293093842,"186,251,302,501,670,751,866",160.928026214868,"186,251,302,501,670,751,866",160.928026214868,"186,251,302,501,670,751,866",160.928026214868,"251,488,498,501,504,537,750,751",7144.38125684833,"251,501,751",7026.75073948735,2,"251,501,751",7024.18936,4,4,4,5,0,0
"251,501,751",6939.38153994158,"141,251,405,501,643,751,911",63.3113909042533,"141,251,405,501,643,751,911",63.3113909042533,"141,251,405,501,643,751,911",63.3113909042533,"251,499,501,509,751",6975.01467469999,"251,501,751",6931.03547939431,2,"251,501,751",6931.03519,4,4,4,2,0,0
"251,501,751",6957.40834474016,"122,252,308,501,647,750,774",63.7470525513962,"122,252,308,501,647,751,774",65.3469401134588,"122,252,501,647,751,774",67.7088864376229,"252,462,501,502,749,750,751,753,755,771",7101.04274300043,"252,501,750",6948.42329728125,2,"252,501,750",6947.7951,4.002,3.001,4.001,7.001,0.002,0.002
"251,501,751",7029.17521506276,"74,175,251,377,501,695,752,810",167.217515277457,"74,175,251,377,501,695,751,810",167.355816206294,"74,175,251,359,501,698,751,810",168.455954069327,"241,251,436,449,496,499,501,503,525,548,751,752,755",7183.37939156386,"251,501,751",7030.93168469826,2,"251,501,751",7026.33596,5.001,5,5,10,0,0
"251,501,751",6993.85423044541,"214,248,293,501,599,751,925",112.097100367163,"214,250,293,501,599,751,925",113.097338294818,"214,250,293,501,599,751,925",113.097338294818,"225,248,250,256,456,500,501,514,537,749,751",7118.17840887424,"248,501,751",6981.76407764771,2,"248,501,751",6980.88857,4.003,4.001,4.001,8.001,0.003,0.003
"251,501,751",6981.10950041522,"187,251,429,499,585,749,937",102.78428133723,"187,251,429,499,585,749,937",102.78428133723,"187,251,429,499,585,749,937",102.78428133723,"245,246,251,498,499,501,502,503,749,752",7133.03193406634,"251,499,749",6970.56032014797,2,"251,499,749",6970.5433,4.004,4.004,4.004,7.001,0.004,0.004
"251,501,751",6909.88509790309,"123,251,276,445,501,546,708,752,920",49.1212798335609,"193,251,262,399,501,546,708,752,920",55.1856409746873,"193,251,262,399,501,546,752,920",56.8441182476291,"251,262,266,501,502,505,506,507,745,752",7013.75880958285,"251,501,752",6906.47096839554,2,"251,501,752",6905.44471,6.001,5.001,6.001,7.001,0.001,0.001
"251,501,751",6911.07679945905,"152,251,377,500,690,751,827",56.1235018437978,"152,251,377,500,690,751,827",56.1235018437978,"152,251,377,500,690,751,827",56.1235018437978,"251,255,494,497,500,519,533,535,750,751,755,770",7047.86457778138,"251,500,751,755",6917.51544605318,3,"251,500,751",6904.18049,4.001,4.001,4.001,9.001,1.001,0.001
"251,501,751",6888.89367106975,"122,252,452,501,634,750,807,952",28.6766313819662,"122,252,452,501,634,750,909",31.6050974541157,"122,252,452,501,634,750,909",31.6050974541157,"251,252,499,501,744,750,751",6963.65379351077,"252,501,751",6880.80708878625,2,"252,501,751",6880.59945,5.002,4.002,4.002,4,0.001,0.001
"251,501,751",6928.77670786697,"114,251,308,504,645,751,897",55.9275113401686,"114,251,308,504,645,751,897",55.9275113401686,"114,251,308,504,645,751,897",55.9275113401686,"242,251,478,488,501,504,513,746,751",7025.78918993961,"251,504,751",6919.20577725622,2,"251,504,751",6919.16293,4.003,4.003,4.003,6,0.003,0.003
"251,501,751",6937.98632920637,"111,249,321,501,605,751,857",75.1585276918387,"111,251,321,500,605,753,857",78.0959834990467,"111,251,321,500,605,753,857",78.0959834990467,"249,251,420,500,501,505,526,751,753",7066.62882381794,"249,500,751,753",6949.15841860821,3,"249,500,751",6933.62268,4.002,4.003,4.003,6,1.003,0.003
"251,501,751",6949.71556394948,"62,251,353,502,550,748,894",82.0898512897264,"62,252,353,502,550,719,751,894",86.8517511575116,"62,252,353,502,550,719,751,894",86.8517511575116,"251,252,257,277,471,473,498,501,502,512,748,751,759",7079.01641631678,"251,502,748",6937.11957397732,2,"251,502,748",6936.02295,4.004,5.002,5.002,10,0.004,0.004
"251,501,751",6935.34930678712,"150,251,401,501,602,751,800",67.3978646189132,"150,251,401,501,602,751,800",67.3978646189132,"150,251,401,501,602,751,800",67.3978646189132,"244,251,488,500,501,518,749,751",7030.87482045092,"251,501,751",6934.30807320487,2,"251,501,751",6934.18157,4,4,4,5,0,0
"251,501,751",6944.5676777638,"110,251,333,500,588,750,864",74.0782149870469,"110,251,333,500,588,750,864",74.0782149870469,"110,251,333,500,588,750,864",74.0782149870469,"251,484,492,500,511,749,750,752",7051.8656296053,"251,500,750",6934.85157798551,2,"251,500,750",6934.84307,4.002,4.002,4.002,5.002,0.002,0.002
"251,501,751",6938.7863883652,"142,251,457,501,623,751,921",64.9594885911608,"142,253,457,501,623,751,921",65.5799919907929,"142,253,457,501,623,751,921",65.5799919907929,"244,250,251,253,255,482,489,494,499,500,501,751",7069.75100733721,"251,255,501,751",6946.98917752116,3,"251,501,751",6935.59728,4,4.002,4.002,9,1,0
"251,501,751",6953.1890722423,"101,251,447,501,659,751,916",80.3785097837801,"101,251,447,501,659,751,916",80.3785097837801,"101,251,447,501,659,751,814",80.9547309029469,"251,496,501,502,515,739,743,751",7022.74288050862,"251,501,751",6947.86536520539,2,"251,501,751",6947.31118,4,4,4,5,0,0
"251,501,751",6890.15620876761,"90,251,362,503,632,749",28.667156988713,"128,257,362,503,632,749",34.0976840826845,"128,257,362,503,632,749",34.0976840826845,"251,257,491,494,500,503,506,513,538,749,751",7039.00029976984,"251,500,749",6888.45194556305,2,"251,500,749",6883.0237,3.004,3.01,3.01,8.001,0.003,0.003
"251,501,751",6949.50559662983,"173,250,361,500,611,750,798,959",65.6085577525446,"173,252,361,500,611,751,851,959",68.8627638512678,"173,252,361,500,606,751,851,959",69.0541594733687,"249,250,252,254,456,475,499,500,503,511,521,750,751,753",7127.97657003637,"250,500,750",6931.82409493325,2,"250,500,750",6931.19757,5.003,5.002,5.002,11.002,0.003,0.003
"251,501,751",6926.16126917705,"130,251,368,502,583,750,853",63.8840251617922,"130,251,368,502,583,750,853",63.8840251617922,"130,251,368,502,583,750,853",63.8840251617922,"251,495,500,502,508,750,754",7046.80409642116,"251,502,754",6918.30895609899,2,"251,502,754",6917.01071,4.002,4.002,4.002,4.002,0.004,0.004
"251,501,751",6925.41440888817,"149,249,306,501,638,751,882",64.1938582731801,"149,249,306,501,638,750,882",64.331878135523,"149,249,306,501,638,750,882",64.331878135523,"237,249,250,251,468,484,485,501,508,511,544,750,751",7054.21600633444,"250,501,751",6934.52193535987,2,"250,501,751",6919.76841,4.002,4.003,4.003,10,0.001,0.001
"251,501,751",6933.43780661288,"184,251,372,501,556,751,888",51.2076783588319,"184,251,372,501,556,751,888",51.2076783588319,"184,251,372,500,556,751,888",51.5953493384295,"245,246,251,256,257,500,501,519,751,755",7059.94925552134,"251,256,500,751",6940.84141205794,3,"251,500,751",6929.14886,4,4.001,4,7,1.001,0.001
"251,501,751",7002.50883404097,"62,249,427,500,679,751,863",117.329298999981,"62,249,427,500,679,751,863",117.329298999981,"62,249,427,500,679,751,863",117.329298999981,"249,251,486,489,492,500,503,507,747,751,756",7106.38462509904,"249,500,751",6990.24978171094,2,"249,500,751",6989.93495,4.003,4.003,4.003,8.001,0.003,0.003
"251,501,751",6929.78842333973,"56,251,349,501,613,751,866",62.5260110015912,"56,251,349,501,613,751,866",62.5260110015912,"56,251,349,501,613,751,866",62.5260110015912,"251,494,501,502,751,753",7009.42401208392,"251,501,751",6927.36512399613,2,"251,501,751",6926.78091,4,4,4,3,0,0
"251,501,751",6929.6349160582,"125,251,295,501,637,751,922",70.8684417493628,"125,251,295,501,637,751,922",70.8684417493628,"125,251,295,501,637,751,922",70.8684417493628,"251,467,482,501,504,516,751",7014.0826450166,"251,501,751",6926.83877678816,2,"251,501,751",6926.81051,4,4,4,4,0,0
"251,501,751",6958.03644889811,"78,203,258,382,501,617,751,837",111.561039690783,"86,251,269,382,501,617,751,837",114.06820615806,"86,251,382,501,617,751,837",115.043220265797,"251,258,261,497,501,747,751,758,760",7061.63872442199,"251,501,751",6954.5881177561,2,"251,501,751",6952.77297,5.007,4,5,6,0,0
"251,501,751",6976.32522181366,"179,251,306,486,502,629,751,801",120.251341524738,"179,250,371,506,629,751,801",121.944910852703,"179,250,371,506,629,751,801",121.944910852703,"226,248,250,251,252,501,502,506,534,751,754",7099.90246213862,"252,506,751",6978.90198600445,2,"252,506,751",6972.76253,5.001,4.006,4.006,8,0.006,0.006
"251,501,751",6918.36832388946,"117,251,384,501,640,750,879",49.6732124330614,"136,251,262,384,501,640,750,879",53.4245648871238,"136,251,262,384,501,640,750,879",53.4245648871238,"251,253,262,496,499,500,501,521,523,532,748,750,751",7093.65932886111,"251,501,748",6909.21696010088,2,"251,501,748",6908.32701,4.001,5.001,5.001,10,0.003,0.003
"251,501,751",6986.27061601196,"11,176,251,406,501,674,753,874",112.298675222931,"11,108,251,406,501,674,753,874",115.92057222407,"11,108,251,406,501,674,753,874",115.92057222407,"251,460,461,501,504,509,753",7062.87639868388,"251,501,753",6979.99099069768,2,"251,501,753",6979.65652,5.002,5.002,5.002,4.002,0.002,0.002
"251,501,751",6927.00700805998,"181,252,449,501,618,751,817",58.8979481798617,"181,251,449,501,618,751,817",59.099469771766,"181,251,449,501,510,618,751,817",62.7684181064645,"251,252,253,501,543,751,756",7001.15174214424,"251,501,751",6922.392806696,2,"251,501,751",6921.82022,4.001,5,4,4,0,0
"251,501,751",6995.54097605382,"138,251,380,500,570,683,751,924",122.089496168501,"138,251,380,500,570,683,751,924",122.089496168501,"138,251,380,500,570,683,751,924",122.089496168501,"244,251,494,500,501,751",7076.84734228524,"251,500,751",6989.26867760857,2,"251,500,751",6989.24649,5.001,5.001,5.001,3,0.001,0.001
"251,501,751",6985.79984547834,"159,251,393,501,528,751,911",105.878513124265,"159,251,393,501,528,751,911",105.878513124265,"159,251,393,501,528,751,911",105.878513124265,"251,500,501,565,586,751,755",7051.12324525293,"251,501,751",6984.40050555737,2,"251,501,751",6984.35711,4,4,4,4,0,0
"251,501,751",6914.86876452741,"185,256,379,501,631,751,926",52.2567689059286,"185,256,379,501,631,751,926",52.2567689059286,"185,256,379,501,631,751,926",52.2567689059286,"221,227,252,256,492,497,500,501,506,751,754,758",7044.39688960348,"256,501,751",6903.0982959787,2,"256,501,751",6902.45557,4.005,4.005,4.005,9.001,0.005,0.005
"251,501,751",6992.20941852561,"94,251,391,500,604,749,810,952",135.633269580819,"94,251,391,500,604,749,810,952",135.633269580819,"94,251,391,500,604,749,810,952",135.633269580819,"251,490,491,500,501,504,749,753,755",7107.81945164694,"251,491,504,749,755",7009.03219978248,3,"251,504,749",6990.74216,5.003,5.003,5.003,6.002,2.005,0.005
"251,501,751",6961.49957652886,"139,251,319,501,578,751,954",79.260109147857,"139,251,319,501,578,750,954",79.8233991321947,"139,251,319,501,578,750,954",79.8233991321947,"249,251,478,488,501,750,751,753",7068.43669604436,"251,501,750",6957.86369960154,2,"251,501,750",6957.00013,4,4.001,4.001,5,0.001,0.001
"251,501,751",6989.75781298415,"98,251,413,500,611,751,947",118.064293605905,"98,251,413,500,611,749,947",120.025469794322,"98,251,413,500,611,749,947",120.025469794322,"250,251,253,493,497,500,505,514,749,751",7112.02126744417,"251,500,751",6984.74882266166,2,"251,500,751",6984.2701,4.001,4.003,4.003,7.001,0.001,0.001
"251,501,751",6996.6881882505,"250,353,501,698,751,919",113.656770587548,"250,353,501,698,749,919",116.766917242691,"250,353,501,698,749,919",116.766917242691,"250,251,477,479,495,501,503,560,749,751,765",7113.50290601187,"250,501,503,751",7000.20458310493,3,"250,501,751",6986.8328,3.001,3.003,3.003,8,1.001,0.001
"251,501,751",6927.86194109127,"123,252,437,501,576,753,859",64.4014550418045,"123,251,437,501,576,752,859",65.0766236476989,"123,251,437,501,576,752,859",65.0766236476989,"236,251,252,253,255,498,499,501,750,752,753",7051.55218023265,"251,501,753",6923.13042285297,2,"251,501,753",6921.97846,4.003,4.001,4.001,8.001,0.002,0.002
"251,501,751",7001.15073310669,"43,251,385,501,624,751,965",123.091376354235,"43,251,385,501,624,751,965",123.091376354235,"43,251,385,501,624,751,965",123.091376354235,"250,251,478,479,487,491,501,539,575,751,752,756",7139.9567349426,"251,501,751",6995.14650397022,2,"251,501,751",6994.90061,4,4,4,9,0,0
"251,501,751",7019.25335085092,"114,251,316,502,602,751,834",151.746184076284,"114,251,316,502,602,751,834",151.746184076284,"114,251,316,502,602,751,834",151.746184076284,"246,251,253,254,494,498,502,750,751,753",7145.14885127815,"251,498,502,751",7025.0351359155,4,"251,502,751",7014.26499,4.001,4.001,4.001,7.001,1.001,0.001
"251,501,751",6985.59342253814,"69,250,341,501,634,752,852",109.232059451603,"69,252,341,501,634,752,852",111.178272344955,"69,252,341,501,634,752,852",111.178272344955,"250,252,403,501,504,506,751,752",7069.94544836771,"250,501,752",6979.16644676555,2,"250,501,752",6978.57874,4.002,4.002,4.002,5.001,0.002,0.002
"251,501,751",7028.55809935442,"153,251,365,501,672,750,943",156.289169531119,"153,251,365,501,672,748,943",157.164273106728,"153,251,365,501,672,748,943",157.164273106728,"251,257,260,478,495,501,502,748,750,753,758",7147.74527082252,"251,501,748",7016.3977830717,2,"251,501,748",7016.22697,4.001,4.003,4.003,8.001,0.003,0.003
"251,501,751",6968.31895129079,"17,150,250,427,502,593,750,814",99.554795818797,"93,250,427,502,593,750,814",101.583214334577,"93,250,427,502,593,750,814",101.583214334577,"248,250,501,502,548,750,757",7029.06164045418,"250,502,750",6950.15463428768,2,"250,502,750",6950.03827,5.003,4.003,4.003,4.002,0.003,0.003
"251,501,751",6996.86848557023,"180,251,388,501,616,749,883",132.475300880853,"180,247,388,501,616,749,883",135.658862448563,"180,247,388,501,616,749,883",135.658862448563,"246,247,248,251,485,501,502,749,751,752",7110.45051346596,"251,501,749",6990.27930890063,2,"251,501,749",6989.92608,4.002,4.006,4.006,7,0.002,0.002
"251,501,751",7019.70781584393,"145,251,383,499,668,751,897",139.635460409169,"145,254,383,501,668,751,897",141.729573695119,"145,254,383,499,670,751,946",142.297633241382,"251,254,256,259,499,501,512,746,751",7139.89756737659,"251,499,751",7015.22104996292,2,"251,499,751",7014.22849,4.002,4.005,4.003,6,0.002,0.002
"251,501,751",7053.51691666383,"171,251,413,500,611,751,767,901",189.58280642015,"171,251,413,500,611,751,767,901",189.58280642015,"171,251,413,500,611,751,901",189.556039708761,"251,254,492,500,501,751,767",7105.85818782511,"251,500,751",7049.71975626089,2,"251,500,751",7045.91654,5.001,4.001,5.001,4,0.001,0.001
"251,501,751",6940.88568399075,"93,251,416,501,524,751,898",70.5506805361288,"93,251,416,501,524,751,898",70.5506805361288,"93,251,416,501,524,751",73.5423160996813,"251,501,504,509,751",6980.33368922726,"251,501,751",6935.10726515941,2,"251,501,751",6935.05987,4,3,4,2,0,0
"251,501,751",6957.68252685512,"112,251,388,499,616,751,822",65.4063379220437,"112,251,388,499,616,751,822",65.4063379220437,"112,251,388,499,616,751,822",65.4063379220437,"251,253,489,493,499,501,751",7025.2800466629,"251,499,501,751",6957.26082064417,3,"251,499,751",6944.81784,4.002,4.002,4.002,4,1,0.002
"251,501,751",6890.03077418041,"155,252,307,502,558,751,810",29.6796219546485,"155,252,307,502,558,751,810",29.6796219546485,"155,252,307,502,558,751,810",29.6796219546485,"228,246,252,258,261,471,496,501,502,504,512,751,752,784",7032.43157302587,"252,501,502,751",6898.29324853199,3,"252,502,751",6882.53827,4.002,4.002,4.002,11.001,1.001,0.002
"251,501,751",6975.32501376098,"72,251,350,501,642,752,856",104.633261467354,"72,251,350,501,642,752,856",104.633261467354,"72,251,350,501,642,752,856",104.633261467354,"251,446,492,501,512,751,752",7035.73586980302,"251,501,752",6967.9237045703,2,"251,501,752",6967.69917,4.001,4.001,4.001,4,0.001,0.001
"251,501,751",6989.47986329352,"161,251,367,501,609,613,751,891",125.194179752059,"161,251,367,501,555,751,891",125.736578894053,"161,251,367,501,555,751,891",125.736578894053,"251,500,501,502,751",7046.43322176008,"251,501,751",6979.22012160068,2,"251,501,751",6979.21868,5,4,4,2,0,0
"251,501,751",7000.55270669662,"189,251,407,501,631,702,753,846",107.909277478832,"189,251,407,501,631,749,846",113.073634958823,"189,251,407,501,631,749,846",113.073634958823,"251,495,500,501,510,707,744,749,753",7087.22242953367,"251,501,753",6982.81978660077,2,"251,501,753",6982.184,5.002,4.002,4.002,6.002,0.002,0.002
"251,501,751",7051.57368106635,"159,251,364,502,554,751,880",180.933402384017,"159,251,364,502,554,751,880",180.933402384017,"159,251,364,502,554,751,799",183.262640373212,"251,482,501,502,510,512,751",7150.81873484473,"251,501,502,751",7059.485555704,3,"251,502,751",7046.29734,4.001,4.001,4.001,4,1,0.001
"251,501,751",6923.13872599536,"158,252,337,500,596,751,863",45.6944168039896,"158,252,337,500,596,751,863",45.6944168039896,"158,252,337,500,596,751,863",45.6944168039896,"251,252,398,419,457,494,500,501,523,749,751,752",7048.73295149789,"252,500,752",6922.65422160389,2,"252,500,752",6916.13804,4.002,4.002,4.002,9,0.003,0.003
"251,501,751",7000.25002938159,"134,251,386,500,641,751,804",127.974040843379,"134,251,386,500,641,747,795",131.277062942929,"134,251,500,641,747,795",132.572708630688,"251,453,485,500,501,747,751,752",7084.08593129783,"251,501,751",7008.10244139881,2,"251,501,751",6996.46988,4.001,3.005,4.005,5,0,0
"251,501,751",6940.00732608299,"89,252,438,501,568,750,876",69.4355773153321,"89,252,438,501,568,750,876",69.4355773153321,"89,252,438,501,568,750,876",69.4355773153321,"251,252,255,491,495,501,503,504,749,750,752,754",7077.88446965996,"252,501,750,754",6945.80784203379,4,"252,501,750",6935.08046,4.002,4.002,4.002,9.001,1.002,0.002
"251,501,751",6962.8847779917,"158,251,323,502,593,751,863",92.6136817412503,"158,251,323,502,593,751,863",92.6136817412503,"158,251,323,502,593,751,863",92.6136817412503,"251,494,501,502,512,751",7046.15205504909,"251,502,751",6959.64835869196,2,"251,502,751",6957.15763,4.001,4.001,4.001,3,0.001,0.001
"251,501,751",6987.30422807381,"137,251,336,501,617,751,875",121.573514059536,"137,251,336,501,617,751,875",121.573514059536,"137,251,336,501,617,751,875",121.573514059536,"212,249,251,267,477,491,499,501,503,504,538,750,751",7141.85480261008,"251,501,751",6980.61479605046,2,"251,501,751",6979.09202,4,4,4,10,0,0
"251,501,751",6940.98693858855,"89,251,370,501,612,752,919",64.9244544796155,"89,251,370,501,612,752,919",64.9244544796155,"89,251,370,501,612,752,919",64.9244544796155,"251,485,486,501,516,751,752",7017.52227042874,"251,501,752",6936.83224955965,2,"251,501,752",6936.75524,4.001,4.001,4.001,4,0.001,0.001
"251,501,751",6925.28078887638,"161,251,393,501,641,751,927",45.6103622193493,"161,251,393,501,641,751,927",45.6103622193493,"161,251,393,501,641,751,927",45.6103622193493,"251,257,481,501,516,540,553,751",7019.93388929309,"251,501,751",6923.83352427472,2,"251,501,751",6923.06108,4,4,4,5,0,0
"251,501,751",7025.15421513716,"163,251,393,501,646,751,891",154.5370552419,"163,251,393,501,646,751,891",154.5370552419,"163,251,393,501,646,751,891",154.5370552419,"226,235,251,255,259,457,501,503,522,751",7125.52959118472,"251,501,751",7018.69762721351,2,"251,501,751",7018.50083,4,4,4,7,0,0
"251,501,751",6969.66421394255,"64,251,394,500,658,747,922",103.189042280678,"64,251,394,500,658,746,922",103.938580123497,"64,251,394,500,658,746,922",103.938580123497,"251,490,493,494,500,501,502,504,746,747,752",7122.10619132354,"251,500,746",6975.8640345799,2,"251,500,746",6959.98818,4.005,4.006,4.006,8.001,0.006,0.006
"251,501,751",7012.93412022393,"251,289,501,636,751,906",113.830393395243,"251,289,501,636,749,906",113.843555921198,"251,289,501,636,749,906",113.843555921198,"251,254,481,501,511,518,522,748,749,751",7116.77383899949,"251,501,749,751",7029.07190455331,3,"251,501,751",7004.26273,3,3.002,3.002,7,1,0
"251,501,751",6983.94420538658,"160,251,374,501,635,751,880",98.7111324627463,"160,251,374,501,635,751,880",98.7111324627463,"160,251,374,501,635,751,880",98.7111324627463,"251,480,501,751,752",7038.4264115795,"251,501,751",6978.1276999455,2,"251,501,751",6977.88174,4,4,4,2,0,0
"251,501,751",6927.66204147679,"89,251,321,501,637,751,906",50.62093495376,"89,251,321,501,637,751,906",50.62093495376,"89,251,321,501,637,751,906",50.62093495376,"251,473,475,501,502,522,751,753",7010.09703227567,"251,501,751",6921.15362856745,2,"251,501,751",6920.90026,4,4,4,5,0,0
"251,501,751",6960.40461125073,"82,250,393,500,628,751,913",97.2231482958036,"157,254,393,500,628,751,913",101.394336593837,"82,205,254,393,500,628,751,913",100.163627605045,"247,250,254,484,488,492,500,514,556,751",7067.45398789085,"247,254,500,751",6960.23770060582,3,"247,500,751",6952.35144,4.002,5.004,4.004,7.002,1.004,0.005
"251,501,751",6989.29101792587,"108,251,429,501,549,750,893",107.571915423229,"108,251,429,501,549,750,893",107.571915423229,"108,251,429,501,549,750,893",107.571915423229,"251,252,469,489,496,499,501,502,503,506,750",7092.68098584452,"251,501,750",6976.89003505172,2,"251,501,750",6976.83171,4.001,4.001,4.001,8.001,0.001,0.001
"251,501,751",6926.74010635052,"120,251,399,501,638,751,781",51.5378869879614,"120,251,399,501,638,751,781",51.5378869879614,"120,251,399,501,638,751,781",51.5378869879614,"250,251,252,255,499,501,558,739,751,757,781",7031.59561595578,"251,501,751",6918.6820238217,2,"251,501,751",6918.33928,4,4,4,8,0,0
"251,501,751",6883.72370288645,"94,251,316,501,525,733,751,891",9.77793162492161,"94,251,316,501,568,733,751,891",11.5098318134448,"94,251,316,501,568,733,751,891",11.5098318134448,"251,463,471,500,501,508,510,751,756",7046.21286561652,"251,501,751",6881.55953729391,2,"251,501,751",6880.94559,5,5,5,6,0,0
"251,501,751",7026.9395329444,"175,251,359,501,636,751,849",165.548264452458,"175,250,359,501,636,748,849",169.012805198379,"175,250,359,501,636,748,849",169.012805198379,"236,250,251,501,507,525,747,748,751",7127.72259593735,"251,501,751",7024.92234459591,2,"251,501,751",7022.64612,4,4.004,4.004,6,0,0
"251,501,751",7046.10272730598,"153,251,416,499,602,750,913",175.829128120363,"153,251,416,499,602,750,913",175.829128120363,"153,251,416,499,602,750,913",175.829128120363,"240,251,262,488,496,499,501,506,510,512,746,750,751,753,754",7213.64780647635,"251,499,501,750",7056.54441102843,3,"251,499,750",7040.14928,4.003,4.003,4.003,12,1.001,0.003
"251,501,751",6973.97365716712,"60,251,348,502,641,751,897",98.7689126515842,"60,251,348,502,641,751,897",98.7689126515842,"60,251,348,502,641,751,897",98.7689126515842,"248,251,480,500,502,523,751",7074.02849692794,"251,502,751",6959.08554982441,2,"251,502,751",6959.02256,4.001,4.001,4.001,4.001,0.001,0.001
"251,501,751",6924.51077885737,"127,251,324,503,658,751,849",53.7351485662759,"127,251,324,503,658,751,849",53.7351485662759,"127,251,324,503,658,751,849",53.7351485662759,"251,255,493,501,502,503,751",6978.11243524423,"251,493,503,751",6920.44929058944,3,"251,503,751",6913.87994,4.002,4.002,4.002,4,1.002,0.002
"251,501,751",6944.69470167531,"67,252,396,503,637,753,856",65.3383600227403,"67,252,396,503,637,753,856",65.3383600227403,"252,396,503,637,753,890",66.6654157822299,"251,252,501,503,748,751,753,756",7034.9861435397,"252,503,751,756",6945.01764601642,3,"252,503,751",6934.85339,4.005,3.005,4.005,5,1.003,0.003
"251,501,751",6964.65462365165,"34,251,406,501,636,751,856",88.535520805773,"34,251,406,501,636,751,856",88.535520805773,"34,251,406,501,636,751,856",88.535520805773,"250,251,252,462,501,503,508,509,528,751",7093.83801819408,"251,501,751",6961.25599533049,2,"251,501,751",6961.21215,4,4,4,7,0,0
"251,501,751",6986.49692728111,"142,248,428,500,659,751,900",125.697168865077,"142,248,428,500,659,751,900",125.697168865077,"142,248,428,500,659,751,900",125.697168865077,"248,251,500,501,736,751,755",7076.79009047276,"248,500,751",6980.58497245036,2,"248,500,751",6980.27463,4.004,4.004,4.004,4,0.004,0.004
"251,501,751",7009.21850273599,"102,251,324,501,542,752,893",143.756755969161,"102,251,324,501,637,754,893",145.64199628861,"102,251,324,501,637,754,893",145.64199628861,"248,250,251,491,498,499,501,505,745,751,752,754",7139.85746489105,"251,501,754",7008.50595304316,2,"251,501,754",7007.72239,4.001,4.003,4.003,9,0.003,0.003
"251,501,751",6956.82493768912,"170,252,378,501,627,751,882",79.46484844019,"170,252,378,501,627,751,882",79.46484844019,"170,252,378,501,627,751,882",79.46484844019,"251,252,487,492,493,500,501,751,753",7080.57956876402,"252,501,751",6947.7256098498,2,"252,501,751",6947.60362,4.001,4.001,4.001,6,0.001,0.001
"251,501,751",7005.27627982655,"145,251,329,501,527,702,752,900",121.559990071743,"145,251,329,501,527,702,752,900",121.559990071743,"145,251,329,501,527,702,752,900",121.559990071743,"250,251,255,268,289,447,467,480,501,716,748,752,754",7133.06428407623,"250,251,501,752,754",7028.80036702426,3,"251,501,752",7000.16672,5.001,5.001,5.001,10.001,2.001,0.001
"251,501,751",6973.3618726772,"111,250,320,501,619,751,859",107.85419177675,"111,250,320,501,619,750,859",108.414433541676,"111,250,320,501,619,750,859",108.414433541676,"250,262,500,501,750,751,754",7058.18938566922,"250,501,751",6968.39197644363,2,"250,501,751",6967.06612,4.001,4.002,4.002,4.001,0.001,0.001
"251,501,751",6860.395536527,"159,251,364,501,703,753,788",-27.3424232176422,"159,251,364,501,703,753,788",-27.3424232176422,"159,251,364,501,703,753,788",-27.3424232176422,"251,482,499,501,751,753,754",7004.15313238339,"251,501,753",6848.92665930132,2,"251,501,753",6848.58271,4.002,4.002,4.002,4,0.002,0.002
"251,501,751",6986.25547368737,"70,251,356,500,588,750,871",85.0936084411306,"70,251,356,500,588,750,871",85.0936084411306,"70,251,356,500,588,750,871",85.0936084411306,"70,251,450,454,457,468,492,500,501,508,539,562,750",7115.43793425487,"70,251,500,750",6974.01374109072,2,"70,251,500,750",6971.0783,4.002,4.002,4.002,10.001,1.002,1.002
"251,501,751",6833.94609247655,"143,251,413,501,557,724,751,960",-37.4304390176549,"143,251,413,501,609,751,960",-33.758380196009,"143,251,413,501,609,751,960",-33.758380196009,"250,251,260,501,503,506,733,744,751",6928.58608733644,"251,501,751",6830.72867057197,2,"251,501,751",6830.58228,5,4,4,6,0,0
"251,501,751",6910.00725543593,"130,249,413,501,669,752,831",33.4010604048017,"130,249,413,501,669,755,831",36.737914194181,"130,249,413,501,669,755,831",36.737914194181,"247,249,250,501,502,559,751,752,754,755,756",7050.75073941349,"247,501,751,756",6917.74570462185,3,"247,501,756",6904.05711,4.003,4.006,4.006,8.001,1.004,0.009
"251,501,751",6894.69306374227,"159,250,333,501,624,755,869",31.3267179350346,"159,250,333,501,624,755,869",31.3267179350346,"159,250,333,501,624,755,869",31.3267179350346,"249,250,254,440,495,500,501,506,534,740,745,746,750,755,759,761",7078.22217179892,"249,501,755",6889.17266548395,2,"249,501,755",6887.92218,4.005,4.005,4.005,13.002,0.006,0.006
"251,501,751",6940.38291447508,"250,268,391,501,661,751,813",70.7212646909076,"250,315,501,661,751,813",74.7433473041598,"250,315,501,661,751,813",74.7433473041598,"250,268,499,501,517,751,752,761",7008.84967326073,"250,268,499,501,751",6945.8654449679,3,"250,501,751",6933.21755,4.001,3.001,3.001,5.001,2.001,0.001
"251,501,751",6950.78492914033,"57,140,251,380,501,666,752,910",86.3234042342615,"115,251,380,501,666,752,910",87.0681090761303,"115,251,380,501,666,752,910",87.0681090761303,"250,251,473,501,554,580,750,751,752,762",7049.39857050916,"251,501,750",6946.30064493724,2,"251,501,750",6943.99482,5.001,4.001,4.001,7,0.001,0.001
"251,501,751",7010.0353215049,"113,251,442,501,666,752,914",129.176432375947,"113,251,442,501,666,749,914",134.663091998483,"113,251,501,666,749,914",140.707996632153,"245,251,252,501,549,550,749,752",7107.76452097585,"251,501,752",6999.18742039189,2,"251,501,752",6998.99807,4.001,3.002,4.002,5.001,0.001,0.001
"251,501,751",6926.95630745447,"150,251,336,501,566,699,751,869",53.2172396765471,"150,251,336,501,566,699,751,869",53.2172396765471,"150,251,336,501,699,751,869",55.2043196457475,"251,406,487,495,496,501,504,736,742,748,751",7036.69274662307,"251,501,751",6924.90388883452,2,"251,501,751",6924.50597,5,4,5,8,0,0
"251,501,751",6865.60742389037,"158,251,354,501,629,751,859",11.3191398963274,"158,251,354,501,629,750,859",11.7613446525056,"158,251,354,501,629,750,859",11.7613446525056,"251,500,501,505,512,745,749,750,751",6974.85623779072,"251,501,751",6861.68268643119,2,"251,501,751",6860.93814,4,4.001,4.001,6,0,0
"251,501,751",6958.45433132496,"173,250,369,501,578,750,853",66.023303829224,"173,250,369,501,578,750,853",66.023303829224,"173,250,369,501,578,750,853",66.023303829224,"248,250,251,462,483,492,501,507,527,750",7077.49503092097,"250,501,750",6937.93492713153,2,"250,501,750",6936.97371,4.002,4.002,4.002,7.001,0.002,0.002
"251,501,751",6914.35250768886,"98,250,430,500,619,753,927",34.2849999457787,"98,250,430,500,619,753,927",34.2849999457787,"98,250,430,500,619,753,927",34.2849999457787,"245,250,490,500,501,505,752,753",7007.20171684121,"250,500,753",6904.63714263199,2,"250,500,753",6904.51145,4.004,4.004,4.004,5.002,0.004,0.004
"251,501,751",7035.76211193433,"162,251,310,508,582,744,772,909",162.35375008249,"162,251,352,503,590,733,754,909",166.314623648956,"162,251,310,508,590,754,909",163.969716952085,"251,502,503,508,510,744,751,754",7155.65282435222,"251,502,754",7029.74531832733,2,"251,502,754",7023.12848,5.014,4.01,5.005,5.001,0.004,0.004
"251,501,751",6965.70500992061,"100,252,359,505,543,751,898",82.2972230119132,"100,253,359,501,571,751,898",84.4071167649449,"100,253,359,501,571,751,898",84.4071167649449,"251,252,253,259,500,501,505,506,507,748,751",7101.52957685239,"251,501,751",6964.0935678177,2,"251,501,751",6955.17945,4.005,4.002,4.002,8,0,0
"251,501,751",6876.56983664507,"124,251,434,501,656,751,792,920",23.5896496575992,"124,251,434,501,656,751,792,869",25.0246010359316,"124,251,434,501,656,751,836,939",26.8791338111865,"247,251,500,501,514,524,561,751,752,779,782,792",7019.29708605657,"251,501,751",6873.10785917606,2,"251,501,751",6872.31355,5,5,5,9,0,0
"251,501,751",6994.40129899801,"85,251,362,501,559,675,750,876",136.088929102887,"85,251,362,501,559,675,750,876",136.088929102887,"85,251,362,501,675,750,876",136.675966429179,"251,255,429,478,501,517,750,751",7099.07293476195,"251,501,750",6989.94207586187,2,"251,501,750",6989.27562,5.001,4.001,5.001,5,0.001,0.001
"251,501,751",7083.86301873809,"169,250,353,500,573,751,919",207.06425748369,"169,250,353,500,573,753,919",207.66774584866,"169,250,353,500,573,753,919",207.66774584866,"250,252,500,505,751,753",7128.38929876117,"250,500,751",7081.58385395917,2,"250,500,751",7078.15249,4.002,4.004,4.004,3.002,0.002,0.002
"251,501,751",6921.93771285206,"136,251,381,501,697,752,811",35.835750820496,"136,251,381,501,697,752,811",35.835750820496,"136,251,381,501,697,752,811",35.835750820496,"251,461,497,499,501,505,509,514,515,751,752,782,800",7074.60326694746,"251,501,752",6909.80431969261,2,"251,501,752",6909.61899,4.001,4.001,4.001,10,0.001,0.001
"251,501,751",6957.03111753241,"144,252,405,500,592,751,910",88.3750655054326,"144,252,405,500,592,751,910",88.3750655054326,"144,252,405,500,592,751,910",88.3750655054326,"250,252,463,500,501,507,516,751,759",7065.94306810744,"252,500,751",6954.28145051312,2,"252,500,751",6952.99373,4.002,4.002,4.002,6.001,0.002,0.002
"251,501,751",6937.60468545786,"117,251,357,501,639,751,837",80.9459961776757,"117,251,357,501,639,751,837",80.9459961776757,"117,251,357,501,639,751,837",80.9459961776757,"251,253,465,490,495,496,497,501,502,507,740,747,751,758",7095.02056129353,"251,501,751",6934.43618594709,2,"251,501,751",6934.2602,4,4,4,11,0,0
"251,501,751",7044.55554266922,"52,152,259,370,506,577,754,921",175.329041250748,"52,152,259,370,506,577,754,921",175.329041250748,"152,259,370,506,577,754,921",174.888056383202,"250,259,271,477,479,497,501,506,536,751,754,757",7153.12212086908,"250,259,506,754",7038.77232097969,3,"259,506,754",7029.87005,5.016,4.016,5.016,9.001,1.009,0.016
"251,501,751",6952.54194161475,"126,251,385,501,627,751,812,933",96.04567067419,"126,251,385,501,627,751,907",96.4080418594125,"126,251,385,501,627,751,907",96.4080418594125,"240,251,458,495,501,751,752",7039.70312930788,"251,501,751",6948.12362593158,2,"251,501,751",6948.04525,5,4,4,4,0,0
"251,501,751",6928.3984978239,"31,218,253,358,501,621,751,826",57.4114557865017,"31,213,253,358,501,621,751,826",57.6447213082573,"31,213,253,358,501,621,751,826",57.6447213082573,"239,252,253,500,501,503,751,758",7010.76039830166,"253,501,751",6928.49089307024,2,"253,501,751",6918.24304,5.002,5.002,5.002,5.001,0.002,0.002
"251,501,751",6974.81904255222,"98,211,252,389,497,633,749,847",106.108687747315,"98,211,252,389,497,633,749,847",106.108687747315,"98,211,252,389,497,633,749,847",106.108687747315,"250,251,252,497,501,502,523,749,751",7104.52590930637,"250,497,749",6981.41660703738,2,"250,497,749",6971.32743,5.007,5.007,5.007,6,0.007,0.007
"251,501,751",6967.01593411612,"149,251,411,501,752",89.6425821409164,"149,251,411,501,751,906",90.4326566328678,"149,251,411,501,751,906",90.4326566328678,"248,251,498,500,501,520,553,751,752",7121.77985003939,"251,501,752",6958.74820161428,2,"251,501,752",6958.46285,2.001,3,3,6,0.001,0.001
"251,501,751",6902.356270743,"121,251,401,501,629,750,866",43.0295104852356,"121,249,401,501,629,749,860",45.3893978503782,"121,249,401,501,629,749,860",45.3893978503782,"249,251,492,500,501,747,749,750,752,756",7021.61060027768,"251,501,750",6896.52132959345,2,"251,501,750",6890.3851,4.001,4.004,4.004,7.001,0.001,0.001
"251,501,751",6946.10134051323,"102,251,404,501,687,754,889",72.7819676161208,"102,251,404,501,687,754,889",72.7819676161208,"102,251,404,501,687,754,889",72.7819676161208,"226,251,494,496,497,501,593,748,754",7027.60829970887,"251,501,754",6938.2690416176,2,"251,501,754",6937.66261,4.003,4.003,4.003,6.003,0.003,0.003
"251,501,751",7002.72335462819,"133,251,362,501,613,752,858",126.585223944063,"133,251,362,501,613,756,858",127.476204394021,"133,251,362,501,613,756,858",127.476204394021,"248,251,501,509,751,752,756",7092.52838276891,"251,501,756",7009.8451377418,2,"251,501,756",6999.56961,4.001,4.005,4.005,4,0.005,0.005
"251,501,751",7000.62501135711,"131,250,373,501,699,749,785,911",134.014001559455,"131,250,373,501,699,749,785,911",134.014001559455,"131,250,373,501,699,749,785,955",134.894166532089,"250,253,255,486,493,501,516,518,557,749,751,783,785",7151.54253095917,"250,501,749,783",7000.36140598637,3,"250,501,749",6994.66278,5.003,5.003,5.003,10.001,1.003,0.003
"251,501,751",6917.0300240339,"135,251,402,501,625,699,750,858",49.4440392886823,"135,251,402,501,625,699,750,858",49.4440392886823,"135,251,402,501,625,699,750,949,958",50.39859308195,"251,460,501,514,517,699,750",6998.76940493863,"251,501,750",6911.52725557202,2,"251,501,750",6911.23616,5.001,6.001,5.001,4.001,0.001,0.001
"251,501,751",7021.29541585819,"47,251,350,501,587,751,923",153.631428584421,"47,251,350,499,587,750,849",154.632645730242,"47,251,350,499,587,750,849",154.632645730242,"250,251,499,501,750,751,753,755,757",7138.30498496263,"251,499,501,750",7034.08791962169,3,"251,499,750",7018.24227,4,4.003,4.003,6,1.001,0.003
"251,501,751",6988.95649226242,"170,252,395,502,551,754,823,999",94.5001573848793,"170,252,395,502,551,754,823",96.8978659310106,"170,252,395,502,551,754,823,999",94.5001573848793,"251,252,498,499,502,749,751,754",7055.40971185656,"252,502,754",6968.24962647973,2,"252,502,754",6968.09045,5.005,5.005,4.005,5.001,0.005,0.005
"251,501,751",6940.79614518192,"120,250,398,503,655,750,886",77.0166910352189,"120,250,398,503,655,750,886",77.0166910352189,"120,250,398,503,655,750,886",77.0166910352189,"250,501,503,504,528,750,751",7027.94400061596,"250,503,750",6928.56746662273,2,"250,503,750",6927.92447,4.004,4.004,4.004,4.001,0.004,0.004
"251,501,751",7033.2272380805,"132,252,333,446,499,627,751,866",169.773637938985,"132,252,333,446,499,627,751,866",169.773637938985,"132,252,333,499,627,751,866",169.315549551628,"251,252,257,499,505,515,745,751",7098.8439135716,"252,499,751",7029.93659053586,2,"252,499,751",7025.85695,5.003,4.003,5.003,5.002,0.003,0.003
"251,501,751",7016.33191195138,"134,251,501,696,751,884",130.670806378105,"134,251,501,696,751,884",130.670806378105,"134,251,501,696,751,825",133.709129045473,"251,444,501,502,565,571,748,751,752",7126.72709917548,"251,501,752",7014.62025087218,2,"251,501,752",7010.84648,3,3,3,6,0.001,0.001
"251,501,751",7000.06109581355,"143,251,330,501,609,752,889",130.435728886348,"143,251,330,501,609,752,889",130.435728886348,"143,251,330,501,609,752,889",130.435728886348,"243,251,439,442,444,445,500,501,526,554,748,752,762",7115.07103469532,"251,501,752",6988.33438652856,2,"251,501,752",6987.27106,4.001,4.001,4.001,10.001,0.001,0.001
"251,501,751",6951.90805693721,"132,248,290,502,548,724,753,900",94.3656024445397,"132,251,379,500,646,753,900",97.355374913294,"132,251,379,500,646,753,900",97.355374913294,"237,246,248,249,251,494,499,500,502,503,751,753",7093.83581936062,"248,502,753",6950.46743382957,2,"248,502,753",6944.21882,5.006,4.003,4.003,9.001,0.006,0.006
"251,501,751",6955.73893548424,"87,251,419,500,608,751,862",89.7505065678142,"87,251,419,500,608,749,862",92.0803016505936,"87,251,419,500,608,749,862",92.0803016505936,"246,250,251,255,478,500,501,515,518,749,751",7103.83564741,"251,500,515,751",6960.16062732107,3,"251,500,751",6953.08097,4.001,4.003,4.003,8,1.001,0.001
"251,501,751",6995.58533562338,"155,252,423,501,659,751,892",123.666532529696,"155,252,423,501,659,751,892",123.666532529696,"155,252,423,501,659,751,892",123.666532529696,"247,252,501,748,751,754",7051.36467794319,"252,501,751",6994.9783697992,2,"252,501,751",6987.75647,4.001,4.001,4.001,3.001,0.001,0.001
"251,501,751",6884.37658155746,"33,178,251,416,501,581,751,849",21.2314961722165,"46,178,251,416,501,581,751,849",21.511031917394,"46,251,416,501,581,751,849",22.8667518527479,"250,251,494,499,501,508,509,513,530,751,754",6993.08632212221,"251,494,501,751",6885.06170024056,3,"251,494,751",6877.88782,5,4,5,8,1,0.007
"251,501,751",6944.11289942705,"111,251,320,501,600,751,893",80.4681090803337,"111,251,320,501,600,751,893",80.4681090803337,"111,251,320,501,600,751,893",80.4681090803337,"220,235,251,255,459,475,490,496,499,501,506,507,748,750,751",7130.0850137957,"251,501,751",6940.78865091087,2,"251,501,751",6940.11213,4,4,4,12,0,0
"251,501,751",7037.75933630181,"97,249,365,501,699,751,917",176.057005371773,"97,249,365,501,699,751,917",176.057005371773,"97,249,365,501,699,751,917",176.057005371773,"249,254,501,523,527,751",7112.45026536242,"249,501,751",7031.11565513794,2,"249,501,751",7030.9954,4.002,4.002,4.002,3.002,0.002,0.002
"251,501,751",7008.41895060856,"125,251,374,502,603,754,817",129.047249033259,"125,251,374,502,603,754,817",129.047249033259,"125,251,374,502,603,754,805",130.343373093655,"251,501,502,752,754",7049.69147340357,"251,502,754",6995.44589350828,2,"251,502,754",6995.25276,4.004,4.004,4.004,2.001,0.004,0.004
"251,501,751",6879.27355902278,"148,252,374,499,709,751,933",19.3247461518749,"148,252,374,499,709,751,933",19.3247461518749,"148,252,374,499,709,751,933",19.3247461518749,"251,252,253,490,499,501,503,723,749,751,758",7011.81701825298,"251,499,749",6870.06090474578,2,"251,499,749",6869.25742,4.003,4.003,4.003,8,0.004,0.004
"251,501,751",6980.35970491503,"99,251,395,501,708,751,927",110.07957186786,"99,251,395,501,708,751,927",110.07957186786,"99,251,296,300,501,708,751,927",114.592133931047,"240,251,437,501,502,503,519,751",7056.56063136991,"251,501,751",6977.15652249851,2,"251,501,751",6977.00395,4,5,4,5,0,0
"251,501,751",6951.70614232122,"96,251,406,498,600,755,846",69.2933873153269,"96,256,406,498,600,755,846",73.6293212294803,"96,256,415,498,600,755,846",74.2912408115983,"251,256,461,463,483,488,498,501,508,521,751,755,756,838",7103.42600123881,"251,498,501,755",6955.78751473616,3,"251,501,755",6944.04595,4.007,4.012,4.012,11,1.004,0.004
"251,501,751",7012.64680114884,"39,251,338,501,580,751,903",143.423102062101,"39,251,338,501,580,751,903",143.423102062101,"39,251,338,501,580,751,903",143.423102062101,"248,251,445,459,501,749,751,752,753",7107.59108559985,"251,501,751",7008.03936227402,2,"251,501,751",7007.67969,4,4,4,6,0,0
"251,501,751",6988.59357869723,"102,251,433,499,683,751,774,956",141.471792932457,"102,251,433,500,683,751,891",142.836559095978,"102,251,433,500,683,751,774",144.139924788678,"250,251,494,499,500,513,514,748,751,767,773",7114.3415385522,"251,499,500,751",6998.74774685428,3,"251,500,751",6984.43824,5.002,4.001,4.001,8.001,1.001,0.001
"251,501,751",6968.959346651,"164,251,360,501,626,753,810",81.3431396519617,"164,251,360,501,626,753,810",81.3431396519617,"164,251,360,501,626,753,810",81.3431396519617,"251,252,491,501,752,753,755,763,789",7039.15746318639,"251,501,753",6954.66547923088,2,"251,501,753",6953.86045,4.002,4.002,4.002,6.001,0.002,0.002
"251,501,751",6974.7272127743,"129,252,348,502,657,750,852",93.224681390494,"129,252,348,502,657,749,852",93.2513340235049,"129,252,348,502,657,749,852",93.2513340235049,"249,252,253,256,500,502,503,528,532,749,750",7090.54786328359,"249,500,749",6973.32467325244,2,"249,500,749",6962.68661,4.003,4.004,4.004,8.003,0.005,0.005
"251,501,751",7020.92892601115,"171,248,386,501,575,752,930",158.019125144301,"171,248,386,501,575,751,930",158.283255886969,"171,248,386,501,575,751,930",158.283255886969,"248,251,253,481,485,490,501,503,510,751,752,758",7146.60700832465,"248,501,752",7013.05498790865,2,"248,501,752",7011.60134,4.004,4.003,4.003,9,0.004,0.004
"251,501,751",6937.36246867563,"79,204,251,381,501,667,751,861",71.2425831652262,"79,204,251,381,501,667,751,861",71.2425831652262,"79,204,251,381,501,667,751,861",71.2425831652262,"217,251,446,496,501,511,751",7013.00673449284,"251,501,751",6927.58160200054,2,"251,501,751",6927.50863,5,5,5,4,0,0
"251,501,751",6944.34768561327,"208,251,332,501,641,749,794,930",89.776461847333,"208,251,332,501,641,749,863",90.2039295296563,"208,251,332,501,641,749,863",90.2039295296563,"239,240,251,449,501,502,503,749,751",7073.6442452096,"251,501,749",6938.0806251664,2,"251,501,749",6937.9681,5.002,4.002,4.002,6,0.002,0.002
"251,501,751",6950.60699414336,"137,251,441,501,748,890",85.7960816694872,"137,251,441,502,606,751,890",86.0632044512696,"137,251,441,501,751,890",86.8584268057205,"249,251,252,256,259,501,502,505,513,565,748,751,752,771",7090.97446043315,"251,501,748",6950.80250198971,2,"251,501,748",6948.14226,3.003,3,4.001,11,0.003,0.003
"251,501,751",6954.41479249557,"138,251,401,501,604,751,878",86.3736037512357,"138,251,401,501,604,751,878",86.3736037512357,"138,251,401,501,604,751,878",86.3736037512357,"251,253,475,493,499,501,751",7017.98925887948,"251,501,751",6949.24519197768,2,"251,501,751",6949.23766,4,4,4,4,0,0
"251,501,751",6982.24364436929,"160,251,318,459,501,629,751,905",111.704974160307,"160,251,318,459,501,629,750,905",113.210831786715,"160,251,459,501,629,750,905",114.706208103341,"250,251,496,500,501,503,747,750,751",7068.47867700985,"251,501,751",6975.4807412915,2,"251,501,751",6975.2268,5,4.001,5.001,6,0,0
"251,501,751",6935.21420507856,"124,248,370,501,609,750,901",48.2162538708144,"124,247,370,501,609,750,901",48.8728333190537,"124,247,370,501,609,750,901",48.8728333190537,"247,248,249,451,461,472,480,482,489,501,502,750,751",7057.42551894889,"247,501,750",6930.01772169798,2,"247,501,750",6918.46071,4.004,4.005,4.005,10.002,0.005,0.005
"251,501,751",6978.35422638687,"73,251,394,502,633,752,909",100.335326375008,"73,251,394,502,633,753,909",100.638328552349,"73,251,394,502,633,753,909",100.638328552349,"238,246,247,250,251,500,502,503,526,531,535,751,752,753,754",7143.52188696525,"251,502,751",6970.75868142437,2,"251,502,751",6969.39865,4.002,4.003,4.003,12.001,0.001,0.001
"251,501,751",7064.71031347994,"83,230,251,406,501,563,751,886",199.323740543075,"83,230,251,406,501,563,751,886",199.323740543075,"83,251,406,501,563,751,886",201.334471590451,"230,251,260,500,501,597,751,759",7146.68585943708,"251,501,751",7061.65906772735,2,"251,501,751",7060.79442,5,4,5,5,0,0
"251,501,751",6910.29471298108,"167,251,364,501,628,751",54.9559756956123,"170,254,364,501,628,751",57.7517129629368,"170,254,364,501,628,751,839",57.6204419409819,"237,240,251,254,490,501,751,752,753",6995.38672317432,"251,501,751",6906.76450554926,2,"251,501,751",6905.44651,3,4.003,3.003,6,0,0
"251,501,751",6941.78265895113,"111,251,374,500,612,751,908",75.2013831038711,"111,251,374,500,612,751,908",75.2013831038711,"111,251,374,500,612,751,852",75.2189049668296,"248,251,500,502,509,514,542,750,751,756",7038.27781688606,"251,500,751",6934.68052518504,2,"251,500,751",6931.88664,4.001,4.001,4.001,7.001,0.001,0.001
"251,501,751",6944.30710297525,"117,251,342,501,663,751,834",82.1312372355955,"117,251,342,501,663,751,834",82.1312372355955,"117,251,342,501,663,751,834",82.1312372355955,"251,476,499,501,502,517,751",7060.02604029912,"251,501,751",6941.68980380487,2,"251,501,751",6941.68776,4,4,4,4,0,0
"251,501,751",6988.72137886754,"72,226,253,442,501,650,750,906",127.097157385152,"98,250,442,502,650,750,906",127.568868692331,"98,250,442,502,650,750,906",127.568868692331,"243,244,250,251,253,482,487,498,501,502,510,517,524,525,750",7152.84032992387,"244,498,750",6998.49996018439,2,"244,498,750",6986.83125,5.003,4.003,4.003,12.001,0.011,0.011
"251,501,751",7000.59111104775,"176,251,300,501,612,751,865",134.555218534437,"176,251,300,501,612,751,865",134.555218534437,"176,251,300,501,612,751,865",134.555218534437,"240,249,251,426,495,501,506,530,751",7106.46079522364,"251,501,751",6998.10057575944,2,"251,501,751",6997.31719,4,4,4,6,0,0
"251,501,751",6889.78993615076,"176,252,304,439,501,714,751,840",29.2262489972412,"176,252,342,439,501,714,751,840",33.516041127566,"176,252,342,439,501,714,751,840",33.516041127566,"248,252,497,501,572,751",6956.09171929641,"252,501,751",6880.69481890042,2,"252,501,751",6880.43899,5.001,5.001,5.001,3.001,0.001,0.001
"251,501,751",6980.36117278102,"93,251,442,500,664,745,807",108.134725651794,"93,251,442,501,664,751,807",109.790870041841,"84,251,442,501,664,751,807",110.445217686062,"251,497,500,501,505,529,532,745,751,752",7089.93241479329,"251,500,745,751",6987.75067145022,2,"251,500,745,751",6986.63207,4.007,4,4,7,1.001,1.001
"251,501,751",6949.07876550801,"40,186,253,418,501,607,751,903",83.5273346666048,"84,253,418,501,607,751,903",89.695746374915,"84,253,418,501,607,751,903",89.695746374915,"251,252,253,397,501,502,504,506,751",7061.86599827925,"252,501,751",6939.34028131033,2,"252,501,751",6939.17075,5.002,4.002,4.002,6,0.001,0.001
"251,501,751",6995.12812657142,"135,250,402,504,751,830",98.8836757339243,"135,250,402,504,751,830",98.8836757339243,"135,250,402,504,751,830",98.8836757339243,"248,250,255,501,504,507,517,523,539,553,602,751",7112.42768068061,"250,504,751",6985.32042979912,2,"250,504,751",6983.41847,3.004,3.004,3.004,9.001,0.004,0.004
"251,501,751",7000.74852235475,"89,249,324,502,637,752,951",131.706181038398,"89,249,324,502,637,752,951",131.706181038398,"89,249,324,502,637,752,951",131.706181038398,"249,501,502,503,504,558,748,752",7092.23493157761,"249,501,752",6990.80456520148,2,"249,501,752",6990.30631,4.004,4.004,4.004,5.003,0.003,0.003
"251,501,751",6891.52914168535,"171,251,385,502,639,751,884",32.2297824819552,"171,251,385,502,639,751,884",32.2297824819552,"171,251,385,502,639,751,884",32.2297824819552,"250,251,252,493,501,502,509,735,751",6978.14047526757,"251,502,751",6890.39154023437,2,"251,502,751",6887.41559,4.001,4.001,4.001,6,0.001,0.001
"251,501,751",6995.83397238993,"97,251,332,502,558,751,853",119.206972296715,"97,251,332,502,558,751,853",119.206972296715,"97,251,332,502,558,751,853",119.206972296715,"251,491,493,494,501,502,503,523,746,751",7126.22148289538,"251,502,751",6989.04365814611,2,"251,502,751",6989.00094,4.001,4.001,4.001,7,0.001,0.001
"251,501,751",6953.87339935319,"160,251,344,445,500,578,705,751,931",97.3853354601411,"160,251,344,445,500,578,705,750,931",98.5936304856628,"160,251,445,500,578,705,750,931",99.1993349116884,"251,493,500,501,503,547,750,751,753",7059.22339468387,"251,500,750",6950.3490064293,2,"251,500,750",6950.23185,6.001,5.002,6.002,6,0.002,0.002
"251,501,751",6905.89364945931,"164,250,380,500,631,751,838",18.9821686517207,"164,250,380,500,631,752,838",19.2678329041732,"164,250,380,500,518,631,752,838",18.0084556582887,"242,250,252,415,474,493,500,501,751,752",7001.54255441315,"250,500,751",6893.7430923251,2,"250,500,751",6891.61817,4.002,5.003,4.003,7.001,0.002,0.002
"251,501,751",6934.42715045149,"153,251,387,499,666,751,942",71.7501790771107,"153,251,387,499,666,751,942",71.7501790771107,"153,251,387,499,666,751,942",71.7501790771107,"238,241,246,251,499,501,515,751",7019.63168247019,"251,499,751",6930.62337402141,2,"251,499,751",6929.42232,4.002,4.002,4.002,5,0.002,0.002
"251,501,751",7009.7979357003,"169,251,388,503,576,724,750,887",148.307259583818,"169,251,388,503,576,724,750,887",148.307259583818,"169,251,388,503,576,750,887",147.925257769244,"248,251,454,501,503,510,514,735,738,750",7108.01484648988,"251,501,514,750",7006.01717880079,3,"251,501,750",7001.01307,5.003,4.003,5.003,7.001,1.001,0.001
"251,501,751",6982.27587457347,"160,249,355,503,640,751,864",100.495096514705,"160,249,355,503,640,751,864",100.495096514705,"160,249,355,503,640,751,864",100.495096514705,"243,244,249,495,502,503,512,546,751",7075.30637134539,"249,503,512,751",6976.97941734646,3,"249,503,751",6966.23386,4.004,4.004,4.004,6.003,1.004,0.004
"251,501,751",6898.00955640414,"162,251,394,507,632,751,880",14.9099670206859,"162,251,394,507,632,751,880",14.9099670206859,"162,251,394,507,632,751,880",14.9099670206859,"248,250,251,468,469,500,501,502,507,520,751,760,762,763",7050.8048777201,"251,507,751",6893.9183333987,2,"251,507,751",6889.63075,4.006,4.006,4.006,11,0.006,0.006
"251,501,751",6981.18530776338,"128,251,363,501,536,751,780",109.858736398743,"128,251,363,501,536,751,780",109.858736398743,"128,251,363,501,536,751,780",109.858736398743,"247,251,252,260,496,501,508,748,751",7108.49215575314,"251,501,751",6977.29419798856,2,"251,501,751",6976.19758,4,4,4,6,0,0
"251,501,751",6949.36447769289,"92,202,251,429,501,585,751,852",80.7967338210765,"92,202,251,429,501,585,751,852",80.7967338210765,"202,251,429,501,585,751,852",85.8943916458986,"222,247,251,454,501,503,508,521,750,751",7092.44653675936,"251,501,751",6942.18096429456,2,"251,501,751",6942.07378,5,4,5,7,0,0
"251,501,751",6908.09393394294,"96,251,501,632,751,950",33.2024800115606,"96,251,501,632,753,950",34.3119456129889,"96,251,501,632,753,950",34.3119456129889,"235,248,251,397,457,463,499,501,502,505,567,751,753",7041.76578733757,"251,501,751",6900.45214127742,2,"251,501,751",6899.67207,3,3.002,3.002,10,0,0
"251,501,751",7000.65527357327,"121,251,382,501,552,693,751,847",147.5247076526,"121,251,382,501,552,693,751,847",147.5247076526,"121,251,382,501,552,693,751,847",147.5247076526,"233,247,251,500,501,502,503,512,751",7107.83716354978,"251,501,751",6994.67387309768,2,"251,501,751",6994.55722,5,5,5,6,0,0
"251,501,751",6932.80754336845,"131,252,288,466,501,625,751,860",70.9179385347943,"131,255,316,486,501,625,751,860",73.7004174394432,"131,255,316,486,501,725,751,860",76.0506519377333,"250,252,253,254,255,501,502,516,584,751",7057.31740919256,"252,501,751",6928.69514341511,2,"252,501,751",6927.34887,5.001,5.004,5.004,7.001,0.001,0.001
"251,501,751",7047.84486136857,"159,249,417,499,703,752,813",173.99106977137,"159,249,417,501,669,741,758,813",178.95455293017,"159,249,417,499,669,741,813",177.961828381203,"248,249,252,495,499,501,502,521,538,741,749,752,753,755,758",7211.69812406451,"249,502,741",7049.31486132845,2,"249,502,741",7043.77917,4.005,4.014,5.009,12.002,0.013,0.013
"251,501,751",6967.15782338409,"123,251,332,499,500,752,855",93.946723564037,"123,251,332,501,752,855",95.1746099173199,"123,251,332,501,752,855",95.1746099173199,"248,250,251,430,482,501,503,531,568,575,752",7090.53165086921,"251,501,752",6957.63434643443,2,"251,501,752",6957.37797,4.002,3.001,3.001,8.001,0.001,0.001
"251,501,751",6889.93529600815,"153,250,333,468,501,615,752,837",16.2802491197318,"153,250,333,468,501,615,752,837",16.2802491197318,"153,250,333,468,501,615,752,837",16.2802491197318,"250,251,260,501,506,509,750,751,752,753,758",6995.33166128395,"250,501,752",6881.7774613537,2,"250,501,752",6880.20291,5.002,5.002,5.002,8,0.002,0.002
"251,501,751",6925.96403642293,"115,251,348,498,668,752,923",29.2750936999761,"115,251,348,498,668,752,923",29.2750936999761,"115,251,348,498,668,752,959",30.1171845293666,"251,448,459,493,498,501,504,751,752",7020.12762208549,"251,498,504,752",6927.29336280908,3,"251,498,752",6917.16457,4.004,4.004,4.004,6,1.004,0.004
"251,501,751",6913.66270372252,"117,251,420,502,605,752,915",56.7205999823471,"117,251,420,502,605,752,915",56.7205999823471,"117,251,420,502,605,752,915",56.7205999823471,"251,494,501,502,507,750,752",6981.48406337594,"251,502,752",6910.97961203478,2,"251,502,752",6910.01111,4.002,4.002,4.002,4.001,0.002,0.002
"251,501,751",6980.69260898969,"109,251,308,420,501,650,751,857",116.888510909821,"109,251,308,420,501,650,751,857",116.888510909821,"76,251,308,420,501,650,751,857",117.263989169159,"251,501,504,506,519,751",7103.07274758941,"251,501,751",6975.72161907456,2,"251,501,751",6975.24656,5,5,5,3,0,0
"251,501,751",6977.30774940737,"122,251,335,501,626,751,852",112.714126014655,"122,251,335,501,626,751,852",112.714126014655,"122,251,335,501,626,751,852",112.714126014655,"251,496,497,501,747,748,751,752",7050.23806649506,"251,501,751",6976.78434574166,2,"251,501,751",6974.36012,4,4,4,5,0,0
"251,501,751",7062.01055770578,"98,251,288,501,584,752,870",184.161477866365,"98,251,288,501,584,751,870",184.514703648036,"98,251,288,501,584,751,870",184.514703648036,"251,257,258,481,500,501,543,751,752,753",7176.11945911144,"251,501,751",7059.87083513815,2,"251,501,751",7051.10399,4.001,4,4,7,0,0
"251,501,751",6869.25311226657,"115,251,397,501,584,752,950",-3.29156838721816,"115,251,397,501,584,752,950",-3.29156838721816,"115,251,397,501,584,752,950",-3.29156838721816,"245,251,462,493,501,505,514,751,752",6962.31977945766,"251,501,752",6865.81529836101,2,"251,501,752",6862.12861,4.001,4.001,4.001,6,0.001,0.001
"251,501,751",6857.99704145949,"148,251,364,501,648,749,937",-21.7528445816734,"148,251,364,501,648,749,937",-21.7528445816734,"148,251,364,501,648,749,937",-21.7528445816734,"249,251,479,488,497,501,502,506,551,745,747,749,750",6991.86651477519,"251,502,749",6850.72303942874,2,"251,502,749",6848.80114,4.002,4.002,4.002,10.001,0.003,0.003
"251,501,751",6956.59923519155,"73,251,334,452,501,590,729,751,843",89.8489252217362,"73,251,334,452,501,590,729,751,843",89.8489252217362,"73,251,334,452,501,590,729,751,843",89.8489252217362,"251,252,490,494,501,505,540,546,729,751,772",7066.7562607617,"251,501,751",6953.83889334322,2,"251,501,751",6953.34436,6,6,6,8,0,0
"251,501,751",7015.9279862153,"198,251,409,506,547,750,849",137.811069809876,"198,251,409,506,547,750,849",137.811069809876,"198,251,409,506,547,750,849",137.811069809876,"223,249,250,251,252,493,495,496,503,506,750,751",7142.67774207749,"251,506,750",7001.27207376145,2,"251,506,750",7001.07557,4.006,4.006,4.006,9.002,0.006,0.006
"251,501,751",7029.06468592471,"119,251,400,500,568,751,800",167.713206698366,"119,251,400,500,568,751,800",167.713206698366,"119,251,400,500,568,751,800",167.713206698366,"251,252,496,500,501,503,751,752",7163.53545089875,"251,500,751",7024.19955134217,2,"251,500,751",7024.09022,4.001,4.001,4.001,5,0.001,0.001
"251,501,751",6925.83850866953,"161,250,440,501,611,751,892,995",62.0060999847036,"161,251,440,501,611,751,892,995",62.2229945472555,"161,251,440,501,611,751,892,995",62.2229945472555,"245,250,251,498,501,502,751",7004.2183076269,"250,251,501,751",6935.85415290803,3,"250,501,751",6922.42148,5.001,5,5,4,1,0.001
"251,501,751",6966.68514881014,"119,251,372,501,626,751,868",99.5517643842806,"119,251,372,501,626,751,868",99.5517643842806,"119,251,372,501,626,751,868",99.5517643842806,"251,253,472,498,501,505,516,751,755",7100.63621491867,"251,501,505,751",6972.94819812939,3,"251,501,751",6962.00283,4,4,4,6,1,0
"251,501,751",7037.90167939831,"34,251,375,501,751,873",137.962114133857,"34,251,375,501,751,873",137.962114133857,"34,251,375,501,751,873",137.962114133857,"250,251,490,500,501,503,556,584,592,751",7137.52579133157,"251,503,751",7030.4799700163,2,"251,503,751",7030.00028,3,3,3,7,0.002,0.002
"251,501,751",6880.77507475014,"127,252,394,501,614,751,854",1.70626928477417,"127,252,394,501,614,751,854",1.70626928477417,"127,252,394,501,614,751,854",1.70626928477417,"251,252,256,494,501,502,505,515,525,751,755,764",7049.67567568623,"252,501,751",6875.54829762929,2,"252,501,751",6873.90319,4.001,4.001,4.001,9,0.001,0.001
"251,501,751",7004.47470806958,"121,251,446,501,651,748,823",145.184890432315,"121,251,446,501,651,748,823",145.184890432315,"121,251,446,501,651,748,823",145.184890432315,"240,251,257,500,501,530,748,751",7098.37915913297,"251,501,748",7010.06925756408,2,"251,501,748",7002.9136,4.003,4.003,4.003,5,0.003,0.003
"251,501,751",6842.14514651233,"156,254,418,503,592,749,862",-29.8589754219276,"156,251,418,503,592,749,862",-26.5110983425047,"156,251,261,262,418,503,592,749,862",-26.5902092699124,"236,246,251,254,255,263,478,500,503,505,749,753,754",6966.90423245536,"251,503,749",6837.97742646111,2,"251,503,749",6826.90281,4.007,6.004,4.004,10.003,0.004,0.004
"251,501,751",6924.16808620848,"107,253,331,501,602,751,830,973",50.9668200391037,"107,254,331,501,602,753,830,973",54.6246313095846,"107,254,331,501,602,753,830,973",54.6246313095846,"239,246,252,253,254,453,492,501,509,513,751,753",7066.35472436441,"254,501,751",6926.00252424916,2,"254,501,751",6914.49032,5.002,5.005,5.005,9.001,0.003,0.003
"251,501,751",6912.91752331536,"170,251,428,501,634,751,972",26.0520128299231,"170,251,428,501,634,750,972",27.0979678596414,"170,251,428,501,634,750,972",27.0979678596414,"244,251,494,495,501,505,750,751,753",7014.52140402369,"251,501,750",6910.01495218148,2,"251,501,750",6909.89734,4,4.001,4.001,6,0.001,0.001
"251,501,751",6951.14211640159,"179,252,319,502,645,751,887",48.808779975913,"179,252,319,501,645,751,887",48.8671640255773,"179,252,319,502,645,751,887",48.808779975913,"247,252,253,496,499,500,501,502,510,517,751",7056.07401148214,"252,496,502,751",6937.08650094491,3,"252,502,751",6926.707,4.002,4.002,4.001,8.001,1.002,0.002
"251,501,751",6987.11085181359,"169,251,452,501,604,751,836",102.99721244108,"169,251,452,501,604,751,836",102.99721244108,"251,453,502,604,751,836",104.89651340731,"249,251,472,476,499,501,502,505,512,751,760,761",7130.47259850406,"251,502,751",6984.07692735121,2,"251,502,751",6981.24439,4,3.001,4,9,0.001,0.001
"251,501,751",6947.62462559748,"137,249,312,499,620,751,926",79.2201150530371,"137,249,312,499,620,751,926",79.2201150530371,"137,249,312,499,620,751,926",79.2201150530371,"249,251,489,492,499,500,536,749,751,752,754",7085.93342732215,"249,499,751",6935.76163638485,2,"249,499,751",6935.56709,4.004,4.004,4.004,8.001,0.004,0.004
"251,501,751",7007.95917219801,"137,251,329,502,621,752,841",125.465200897449,"137,251,329,502,621,752,841",125.465200897449,"137,251,329,502,621,752,841",125.465200897449,"249,251,253,442,445,460,502,541,548,574,750,752",7148.65399948502,"251,502,752",6993.63220806123,2,"251,502,752",6993.40916,4.002,4.002,4.002,9.002,0.002,0.002
"251,501,751",6944.45474338904,"132,251,355,502,618,751,923",80.2316191626052,"132,251,355,501,618,751,923",80.302001444911,"132,251,355,501,618,751,923",80.302001444911,"251,253,497,501,502,509,510,722,751,753",7051.72820551757,"251,501,751",6943.29143057225,2,"251,501,751",6942.97646,4.001,4,4,7,0,0
"251,501,751",6986.97084445269,"110,251,373,501,640,750,880",117.358913805505,"110,250,258,373,501,640,750,880",125.306325248228,"110,251,258,373,501,640,750,880",125.665571067258,"249,250,251,258,501,503,517,519,749,750,752,753",7128.91007493168,"251,501,750",6985.44269949302,2,"251,501,750",6983.96096,4.001,5.001,5.002,9.001,0.001,0.001
"251,501,751",6961.4698144372,"157,251,433,501,672,751,821",103.648055274027,"157,251,433,501,672,751,821",103.648055274027,"157,251,433,501,672,751,821",103.648055274027,"251,474,486,489,496,498,501,502,506,569,570,751,758",7119.0204645082,"251,502,751",6961.60119807812,2,"251,502,751",6961.25158,4,4,4,10,0.001,0.001
"251,501,751",6958.09950422691,"150,251,428,500,557,749,831",79.2371972093352,"150,253,428,500,557,751,831",82.1296720443045,"150,253,428,500,557,751,831",82.1296720443045,"251,253,496,500,502,749,751",7034.55415548779,"251,500,749,751",6967.89126038907,3,"251,500,751",6955.04702,4.003,4.003,4.003,4.001,1.001,0.001
"251,501,751",6989.52932200981,"163,251,442,499,572,751,805",130.319425985573,"163,251,442,499,572,754,837",135.485999608392,"163,251,442,499,572,754,837",135.485999608392,"249,251,496,498,499,502,505,751,754",7098.97486237058,"251,496,499,505,751",7007.24785983187,3,"251,499,751",6980.65931,4.002,4.005,4.005,6.001,2.002,0.002
"251,501,751",6985.26398522981,"50,251,363,501,591,751,902",126.43939121996,"50,252,363,501,591,751,902",126.954867405553,"50,252,363,499,591,751,902",127.620768180382,"247,249,251,252,264,494,499,501,503,751",7121.98575620224,"252,501,751",6985.64547901829,2,"252,501,751",6983.62521,4,4.003,4.001,7,0.001,0.001
"251,501,751",6943.00209320161,"99,251,423,500,619,752,899",87.0573306524896,"99,251,423,500,619,751,899",87.4484603531076,"99,251,423,500,619,751,899",87.4484603531076,"251,500,501,517,751,752,754",7019.0742586993,"251,500,751",6939.14248913325,2,"251,500,751",6935.28599,4.002,4.001,4.001,4,0.001,0.001
"251,501,751",6998.94301912847,"145,251,445,501,628,751,860",118.938599237466,"145,251,445,501,628,751,860",118.938599237466,"145,251,445,501,628,751,860",118.938599237466,"250,251,495,496,498,499,500,501,503,527,528,543,748,751",7173.60081285114,"250,501,751",6998.01331074085,2,"250,501,751",6997.48549,4,4,4,11,0.001,0.001
"251,501,751",6962.59102324988,"125,251,352,501,671,752,839",78.4756412290151,"125,251,352,501,671,752,839",78.4756412290151,"125,251,352,501,671,752,839",78.4756412290151,"251,434,438,448,482,501,507,530,539,551,752",7075.58191008524,"251,501,752",6954.80692481781,2,"251,501,752",6954.69139,4.001,4.001,4.001,8.001,0.001,0.001
"251,501,751",6987.99819550233,"99,251,341,502,635,749,800",105.00522311982,"99,251,341,502,635,749,800",105.00522311982,"99,251,341,502,658,749,800",105.273768272244,"235,250,251,439,480,484,485,489,494,501,502,749,751",7126.06812639036,"251,502,749",6978.84006446747,2,"251,502,749",6978.70996,4.003,4.003,4.003,10,0.003,0.003
"251,501,751",6939.92481455995,"166,252,395,501,561,750,811",66.5070800393759,"166,251,395,501,561,750,811",67.1770608628945,"166,251,395,501,561,750,811",67.1770608628945,"251,252,253,478,483,488,501,745,750,765",7029.70927383358,"251,501,750",6931.71234088741,2,"251,501,750",6930.53143,4.002,4.001,4.001,7.001,0.001,0.001
"251,501,751",6961.3085674115,"142,251,393,501,583,752,777",82.4211978855744,"142,251,393,501,583,752,777",82.4211978855744,"142,251,393,501,583,752,777",82.4211978855744,"251,501,503,747,749,751,752,753,777",7039.60266770562,"251,501,753,777",6959.18027594662,3,"251,501,753",6953.52981,4.001,4.001,4.001,6,1.002,0.002
"251,501,751",6995.89662595465,"119,251,400,500,664,753,948",136.787698652067,"119,249,400,500,664,753,948",137.16617734949,"119,249,400,500,664,753,948",137.16617734949,"246,247,249,251,253,431,499,500,501,502,555,749,753,756,759",7151.90767095266,"251,499,753",6985.88932439569,2,"251,499,753",6979.90913,4.003,4.005,4.005,12.002,0.004,0.004
"251,501,751",6933.70649619253,"124,251,385,501,619,751,849",75.6381723368735,"124,251,385,501,619,751,849",75.6381723368735,"124,251,385,501,619,751,849",75.6381723368735,"251,495,501,508,551,751",7010.39938616929,"251,501,751",6930.88080607896,2,"251,501,751",6930.86555,4,4,4,3,0,0
"251,501,751",6918.43911150763,"55,251,359,498,570,674,751,893",44.9959434087679,"55,251,359,498,570,674,751,893",44.9959434087679,"55,251,359,498,570,674,751,853",45.2518247146988,"251,261,482,497,498,501,734,746,748,751",7031.47147549485,"251,498,751",6908.39111927115,2,"251,498,751",6908.34156,5.003,5.003,5.003,7,0.003,0.003
"251,501,751",6925.43838128781,"127,251,323,504,622,749,778,866",55.4495591711858,"127,251,323,500,622,751,866",57.6668343990255,"127,251,323,504,622,751,778,866",57.2253279110115,"251,461,481,500,504,506,507,532,749,751,752,765,778",7087.84663993047,"251,500,504,749",6933.1974813529,3,"251,500,749",6921.44346,5.005,5.003,4.001,10.001,1.003,0.003
"251,501,751",6956.72739848398,"187,250,394,500,641,751,845",77.6560380419759,"187,250,394,500,641,751,845",77.6560380419759,"187,250,394,500,641,751,845",77.6560380419759,"248,250,494,499,500,501,746,751",7030.42719932437,"250,501,751",6940.14172744025,2,"250,501,751",6939.68932,4.002,4.002,4.002,5.001,0.001,0.001
"251,501,751",6941.80152449474,"76,250,333,463,501,587,751,896",70.0843202600304,"76,250,333,463,501,587,751,896",70.0843202600304,"76,250,333,463,501,587,751,896",70.0843202600304,"250,251,497,501,503,518,535,536,751,753,754",7085.14995461854,"250,501,751",6939.09351974984,2,"250,501,751",6939.08477,5.001,5.001,5.001,8,0.001,0.001
"251,501,751",6958.83570734832,"103,251,405,501,616,750,885",98.2977735970796,"103,251,405,501,616,750,885",98.2977735970796,"103,251,405,501,616,750,885",98.2977735970796,"243,247,251,494,499,500,501,511,513,748,750,751,760",7090.61755713199,"251,501,750",6953.36126500926,2,"251,501,750",6951.64352,4.001,4.001,4.001,10,0.001,0.001
"251,501,751",6974.95577710477,"67,251,338,501,625,751,897",96.7212082670391,"67,251,338,501,625,751,897",96.7212082670391,"106,251,338,501,645,751,897",97.2679349751507,"251,488,489,498,501,508,751",7070.27609692672,"251,488,508,751",6973.51854816454,6,"251,508,751",6972.38613,4,4,4,4,1.007,0.007
"251,501,751",6992.32055028981,"88,255,501,604,751,846",112.781131352843,"88,255,501,604,712,755,846",116.871470918821,"88,255,501,604,755,846",116.76967581306,"247,255,256,448,453,501,504,751,755,756",7124.08066448604,"255,501,751",6980.67642681072,2,"255,501,751",6979.83936,3.004,3.008,4.008,7.004,0.004,0.004
"251,501,751",6909.87735705408,"107,251,324,501,649,751,860",41.8508186152435,"107,251,324,501,649,751,860",41.8508186152435,"107,251,324,501,649,751,860",41.8508186152435,"249,251,497,501,751",6963.57376352124,"251,501,751",6900.4300896057,2,"251,501,751",6900.39047,4,4,4,2,0,0
"251,501,751",6994.73284145896,"117,250,426,501,618,751,873",119.454628352501,"117,250,426,501,618,751,873",119.454628352501,"117,250,426,501,618,751,873",119.454628352501,"244,245,248,250,251,472,491,501,520,751",7099.77111369757,"250,501,751",6991.75759947608,2,"250,501,751",6991.6288,4.001,4.001,4.001,7,0.001,0.001
"251,501,751",6998.41423038114,"149,251,401,403,501,517,627,751,862",125.090959441685,"149,251,369,501,613,751,862",125.46773924302,"251,369,501,613,751",137.995768928474,"249,251,486,501,503,742,749,751",7081.39767233151,"251,501,751",6992.38089104933,2,"251,501,751",6992.37621,6,2,4,5,0,0
"251,501,751",6937.43573827787,"91,251,373,501,690,754,881",38.2094785734882,"91,251,373,501,690,743,760",47.3801475649031,"91,251,373,501,555,577,690,743,760",52.5537189003481,"251,473,484,495,501,506,541,549,743,751,754,755,757",7118.07850510921,"251,501,743,754",6934.56205444861,3,"251,501,754",6928.04796,4.003,6.008,4.008,10,1.003,0.003
"251,501,751",6904.92514775449,"68,208,251,282,415,501,623,754,937",38.6322265644596,"68,208,251,282,415,501,623,747,755,937",41.3778375941753,"68,208,251,282,467,501,623,747,755,937",44.7790280682059,"251,279,495,501,506,745,747,752,754,755",7022.91499160822,"251,501,754",6911.67058236265,2,"251,501,754",6899.35955,6.003,7.004,7.004,7.001,0.003,0.003
"251,501,751",6930.9973598966,"188,250,369,501,522,736,755,904",74.5403135291254,"188,251,369,501,522,614,736,755,904",78.4246316615114,"188,251,369,501,522,614,755,904",79.9388679037049,"250,251,483,501,736,751,752,755",6992.9147852289,"250,501,755",6926.06121207652,2,"250,501,755",6922.17587,5.005,5.004,6.004,5,0.005,0.005
"251,501,751",6990.07917637468,"97,251,408,500,608,747,894",109.638126121325,"97,251,408,500,608,746,894",110.549751462583,"97,251,408,500,608,746,894",110.549751462583,"173,251,478,489,500,501,505,743,744,746,747,748,749,752,764",7125.33556189394,"173,251,500,747",6977.5957782981,2,"173,251,500,747",6970.3567,4.005,4.006,4.006,12.001,1.005,1.005
"251,501,751",7063.49144898536,"217,251,375,499,627,751,889",177.578200098958,"217,251,375,499,627,751,889",177.578200098958,"217,251,375,499,627,751,889",177.578200098958,"251,498,499,500,531,539,751",7158.38031528945,"251,499,751",7055.2956608221,2,"251,499,751",7054.61187,4.002,4.002,4.002,4.001,0.002,0.002
"251,501,751",7000.12110943978,"63,217,253,372,501,552,737,755,903",134.347840747413,"115,217,253,372,501,650,755,903",137.995254509545,"115,253,404,501,650,755,903",140.356942516291,"217,251,253,473,490,493,498,501,503,510,593,737,749,755",7124.04462313555,"253,501,755",6996.15068908492,2,"253,501,755",6988.32102,6.006,4.006,5.006,11.002,0.006,0.006
"251,501,751",7012.86513264793,"215,251,372,467,500,659,751,881",150.110498559408,"215,251,377,467,500,659,751,881",150.390981194604,"215,251,377,467,500,659,751,881",150.390981194604,"239,251,500,504,513,515,751,755,783",7098.16177158744,"251,500,751",7007.85566548437,2,"251,500,751",7006.95538,5.001,5.001,5.001,6.001,0.001,0.001
"251,501,751",7021.64139558745,"134,253,352,501,529,751,823,958",132.102400068655,"134,253,352,501,529,751,823,958",132.102400068655,"134,253,352,501,751,823,958",134.284545426639,"253,447,467,501,503,507,589,751,761",7148.95827920448,"253,501,751,761",7016.26550424872,2,"253,501,751,761",7016.01854,5.002,4.002,5.002,6.002,1.002,1.002
"251,501,751",6995.96181006531,"138,251,366,501,594,751,936",131.959018751772,"138,255,366,501,594,751,936",132.207562471127,"138,255,366,501,594,751,936",132.207562471127,"246,251,255,492,501,511,751",7059.24402189795,"255,501,751",6989.73449267178,2,"255,501,751",6986.86667,4,4.004,4.004,4,0.004,0.004
"251,501,751",7000.52335901596,"149,247,315,501,553,697,751,909",126.19958756716,"149,247,315,501,553,697,751,909",126.19958756716,"149,247,315,501,553,697,751,909",126.19958756716,"246,247,251,252,467,499,501,751,753",7143.13526892653,"247,501,751",6990.96782645067,2,"247,501,751",6990.57731,5.004,5.004,5.004,6,0.004,0.004
"251,501,751",6917.42758066716,"129,251,437,501,569,752,844",52.987464211754,"129,251,437,501,569,752,844",52.987464211754,"129,251,437,501,569,752,844",52.987464211754,"246,251,494,501,504,507,752,768",6979.61058364688,"251,501,752",6910.35240498498,2,"251,501,752",6909.53249,4.001,4.001,4.001,5.001,0.001,0.001
"251,501,751",6961.42084101953,"76,251,289,457,498,629,749,780,970",87.4690694152072,"76,251,289,457,498,629,749,780,970",87.4690694152072,"76,251,457,498,629,749,780,970",89.7805977190882,"245,248,251,496,498,501,515,516,524,747,749,752,779,780",7121.70078142296,"251,498,752",6955.21175201784,2,"251,498,752",6952.60897,6.005,5.005,6.005,11.001,0.004,0.004
"251,501,751",6950.67410146982,"78,249,299,419,501,655,751,815",75.6903067661274,"78,251,300,419,501,655,751,815",76.5583705788541,"78,251,300,419,501,655,751,815",76.5583705788541,"249,251,253,501,519,750,751,764,769",7060.38622890115,"253,501,751",6941.38160556777,2,"253,501,751",6940.88393,5.002,5,5,6,0.002,0.002
"251,501,751",7011.99033617575,"123,251,357,503,639,751,888",142.757091097812,"123,251,357,503,639,751,888",142.757091097812,"123,251,357,503,639,751,888",142.757091097812,"243,244,251,501,502,503,506,511,521,751,752",7149.59584924246,"251,503,751",7003.65972845244,2,"251,503,751",7003.51931,4.002,4.002,4.002,8,0.002,0.002
"251,501,751",7033.15814439595,"89,251,358,501,596,751,933",160.573901297383,"89,251,358,501,596,750,838,933",161.979012463856,"89,251,358,501,596,750,933",161.780337050283,"251,254,438,443,501,750,751,773",7107.53762979473,"251,501,751",7031.44539411897,2,"251,501,751",7031.08994,4,4.001,5.001,5,0,0
"251,501,751",7016.94226057699,"80,251,325,501,630,750,865",133.65421308356,"80,251,325,501,630,750,865",133.65421308356,"80,251,325,501,639,750,865",135.836686229508,"249,251,252,430,485,501,516,554,750,755",7122.63511673235,"251,501,750",7012.91848865698,2,"251,501,750",7012.05628,4.001,4.001,4.001,7.001,0.001,0.001
"251,501,751",6949.08915785337,"150,251,433,501,558,751,910",80.1861812378408,"150,249,298,501,558,750,910",83.216610703832,"150,249,298,501,558,750,910",83.216610703832,"249,251,501,750,751",7018.97908179835,"249,501,751",6946.03422875677,2,"249,501,751",6942.45909,4,4.003,4.003,2,0.002,0.002
"251,501,751",7012.8439683987,"156,252,358,502,681,751,796,932",138.386564839629,"156,252,358,502,681,751,856",138.638236098595,"252,358,502,681,751,856",140.971378086582,"250,252,253,463,466,467,501,502,508,509,511,751,752,762",7179.37542751055,"252,502,751",7006.64030168982,2,"252,502,751",7004.6464,5.002,3.002,4.002,11.001,0.002,0.002
"251,501,751",7020.13652456665,"251,386,500,631,751,902",130.165902089492,"251,386,500,631,753,902",131.021537860675,"251,386,500,631,753,902",131.021537860675,"249,251,462,478,500,501,740,751,753,754",7138.75960281085,"251,500,751",7015.04150791734,2,"251,500,751",7013.60064,3.001,3.003,3.003,7,0.001,0.001
"251,501,751",6965.47733641892,"80,249,353,501,580,724,750,793",90.260806147731,"80,249,353,501,580,724,750,793",90.260806147731,"80,249,353,501,580,724,750,793",90.260806147731,"249,251,256,443,467,478,501,504,531,750",7079.49670684458,"249,501,750",6950.57987069792,2,"249,501,750",6948.96118,5.003,5.003,5.003,7.001,0.003,0.003
"251,501,751",6965.42655264138,"170,251,338,501,562,750,873",90.0070958609531,"170,251,338,501,562,750,873",90.0070958609531,"251,338,501,562,750,873",90.7066907115567,"108,251,493,501,507,747,750,765,806",7036.34721149478,"251,501,750",6951.72035867616,2,"251,501,750",6951.46066,4.001,3.001,4.001,6.001,0.001,0.001
"251,501,751",6955.06869908815,"137,251,383,503,643,751,792,892",88.8748460437173,"137,251,383,503,643,751,792,892",88.8748460437173,"137,251,383,503,643,751,792,892",88.8748460437173,"251,482,485,500,501,503,506,751,752,757",7100.88335071087,"251,500,503,506,751",6971.22037820843,3,"251,500,751",6950.53067,5.002,5.002,5.002,7,2.001,0.001
"251,501,751",6972.67786898329,"194,250,318,506,531,664,751,821",99.625857269842,"194,250,344,502,664,751,821",102.965385538471,"194,250,318,506,664,751,821",103.11276223256,"248,249,250,486,493,494,500,501,502,506,743,751,754,760",7153.19577825029,"250,506,751",6960.93780241981,2,"250,506,751",6958.08252,5.006,4.006,4.002,11.001,0.006,0.006
"251,501,751",6982.1181343125,"43,252,453,501,630,751,965",107.057984487307,"43,252,453,501,630,750,965",107.256378218546,"43,252,453,501,566,750,965",107.442938990486,"251,252,253,501,504,508,510,744,746,750,751,752,763",7116.4835278796,"252,501,750,751",6987.09998126277,4,"252,501,750",6974.21533,4.001,4.002,4.002,10,1.001,0.002
"251,501,751",6967.8417594239,"125,251,371,501,642,749,853",92.1624522727571,"125,251,371,501,642,750,853",92.2817112277679,"125,251,371,501,642,750,853",92.2817112277679,"243,251,451,484,497,499,501,562,749,750,751",7069.20715939534,"251,501,749",6960.94226660474,2,"251,501,749",6959.92075,4.002,4.001,4.001,8,0.002,0.002
"251,501,751",6946.96824026867,"109,251,421,500,698,751,839",79.273626391693,"109,251,421,501,698,751,839",79.7938402400191,"109,251,421,500,698,751,839",79.273626391693,"251,492,496,500,501,553,577,751,752",7044.12417950047,"251,501,751",6949.29632847079,2,"251,501,751",6946.32675,4.001,4.001,4,6,0,0
"251,501,751",7007.33383048703,"109,251,386,501,645,751,816",128.722884794277,"109,251,386,501,645,751,816",128.722884794277,"109,251,386,501,645,751,816",128.722884794277,"248,250,251,252,482,501,506,517,519,525,528,542,556,751,753",7188.23642410237,"251,501,751",6998.14085789226,2,"251,501,751",6997.97205,4,4,4,12,0,0
"251,501,751",6906.07227496573,"146,250,382,500,643,749,876",27.054849187004,"146,251,382,500,643,749,876",27.8203496477494,"146,251,382,500,643,749,876",27.8203496477494,"228,250,251,414,430,497,499,500,504,532,749",7010.02493452114,"250,500,749",6895.53574322906,2,"250,500,749",6891.05555,4.004,4.003,4.003,8.003,0.004,0.004
"251,501,751",7049.79398020943,"111,251,427,501,679,751,895",192.107031635574,"111,251,427,501,679,751,895",192.107031635574,"111,251,427,501,679,751,895",192.107031635574,"251,500,501,502,742,745,748,751,752",7183.73419392729,"251,501,751",7042.10382733275,2,"251,501,751",7042.05924,4,4,4,6,0,0
"251,501,751",6951.72610999874,"182,251,437,501,552,751,860",58.875526185116,"182,251,437,501,552,751,860",58.875526185116,"182,251,437,501,552,751,860",58.875526185116,"247,248,249,251,254,486,501,503,751",7040.02385874447,"251,501,751",6940.96713670129,2,"251,501,751",6940.82648,4,4,4,6,0,0
"251,501,751",6975.1958527659,"99,251,385,505,561,648,752,898",105.435560531848,"99,251,385,505,561,648,752,898",105.435560531848,"99,251,385,505,561,648,752,898",105.435560531848,"250,251,483,484,501,505,506,751,752,757",7074.63331169997,"251,501,506,752",6978.22992474897,4,"251,501,752",6969.3566,5.005,5.005,5.005,7,1.001,0.001
"251,501,751",6965.92537052207,"83,251,332,436,502,619,751,797,931",108.159371912336,"83,251,332,436,502,619,751,877",109.459237118069,"83,251,436,502,619,751,877",110.058144225178,"249,251,501,502,503,504,518,751,762",7058.27650982455,"251,502,751",6961.84509544466,2,"251,502,751",6960.61932,6.001,4.001,5.001,6,0.001,0.001
"251,501,751",6953.81918118827,"146,251,340,453,502,635,751,900",93.4531940456126,"146,251,340,453,502,635,751,900",93.4531940456126,"146,251,340,453,502,635,751,900",93.4531940456126,"248,250,251,501,502,751,752",7064.1727853956,"251,502,751",6950.5595752566,2,"251,502,751",6950.5181,5.001,5.001,5.001,4,0.001,0.001
"251,501,751",6988.5399162563,"42,171,250,431,498,584,749,831,949",111.43858145135,"50,250,431,498,584,749,832,949",111.758509521695,"50,250,431,498,584,749,832,949",111.758509521695,"250,486,491,498,501,505,745,749",7059.66116575438,"250,498,749",6967.75267020457,2,"250,498,749",6963.48301,6.006,5.006,5.006,5.003,0.006,0.006
"251,501,751",6950.13589468722,"162,250,395,501,592,751,794",96.9673305830398,"162,250,395,501,592,751,794",96.9673305830398,"162,250,395,501,592,751,794",96.9673305830398,"239,250,463,466,493,501,751",7016.46148276338,"250,501,751",6943.02442689342,2,"250,501,751",6942.90026,4.001,4.001,4.001,4.001,0.001,0.001
"251,501,751",6920.51305195731,"52,177,251,342,491,664,751,794",37.762684348169,"52,177,251,342,491,678,756,871",39.570656330037,"52,177,251,342,491,678,756,871",39.570656330037,"248,251,447,491,501,502,513,751,756",7059.80960087312,"251,491,513,751",6930.13816831721,4,"251,491,751",6919.9984,5.01,5.015,5.015,6,1.01,0.01
"251,501,751",6989.10433932716,"124,251,502,622,751,881",120.631252241219,"124,251,502,622,751,881",120.631252241219,"124,251,502,622,751,881",120.631252241219,"240,241,251,257,258,502,506,751,752",7095.93021222425,"251,502,751",6978.97236325593,2,"251,502,751",6977.87182,3.001,3.001,3.001,6.001,0.001,0.001
"251,501,751",6985.90298263759,"53,251,397,501,599,742,801",113.872521475469,"53,251,397,501,599,742,801",113.872521475469,"53,251,397,501,599,742,801",113.872521475469,"244,246,251,500,501,742,751,780,791",7080.21076410511,"251,501,742,751",6991.22318902779,3,"251,501,751",6980.99261,4.009,4.009,4.009,6,1,0
"251,501,751",6970.15580073059,"75,251,393,501,608,751,905",87.6955685944151,"75,251,393,501,608,751,905",87.6955685944151,"151,251,393,501,608,751",88.9140146464454,"251,501,751,759,763",7026.65879517973,"251,501,751",6963.86679192082,2,"251,501,751",6963.83355,4,3,4,2,0,0
"251,501,751",7040.03286545722,"173,251,458,497,702,751,849",164.11922683286,"173,251,351,499,702,751,849",164.148721073996,"173,251,501,702,751,825",164.699026273881,"248,251,494,496,497,499,501,505,751,752",7155.8033929444,"251,501,751",7031.48622515332,2,"251,501,751",7031.21025,4.004,3,4.002,7,0,0
"251,501,751",6983.221036501,"149,251,428,500,601,751,803",104.583248998963,"149,252,428,500,601,751,803",104.948074757127,"149,252,428,500,601,751,803",104.948074757127,"251,252,492,494,500,501,504,506,751,752",7099.05677712752,"251,500,751",6976.41494504699,2,"251,500,751",6976.27588,4.001,4.002,4.002,7,0.001,0.001
"251,501,751",6951.09255892834,"132,251,300,502,641,751,921",80.2263779658407,"132,251,300,502,641,751,921",80.2263779658407,"132,251,300,502,641,751,921",80.2263779658407,"251,252,459,488,500,502,508,751,752",7045.00449611369,"251,500,502,751",6952.49734615487,3,"251,500,751",6940.61513,4.001,4.001,4.001,6.001,1.001,0.001
"251,501,751",6974.53509817784,"32,86,251,316,501,564,679,749,940",117.757229279389,"32,86,251,316,500,639,749,940",119.610722761696,"86,251,316,500,639,749,940",120.392771310882,"251,254,459,475,491,500,501,514,516,747,749",7090.72918537056,"251,501,749",6963.3823315874,2,"251,501,749",6960.23798,6.002,4.003,5.003,8.002,0.002,0.002
"251,501,751",7009.65274897963,"93,252,380,501,640,750,831",127.868904227558,"93,252,380,501,640,750,831",127.868904227558,"93,252,380,501,640,750,831",127.868904227558,"251,252,497,501,516,750,759,764",7082.97969267149,"252,501,750",7003.38209541225,2,"252,501,750",7000.67383,4.002,4.002,4.002,5.001,0.002,0.002
"251,501,751",6984.69057821612,"143,252,343,504,659,750,796,933",116.06539652484,"143,252,343,504,659,751,818,933",119.637046922197,"143,252,343,504,659,751,818,933",119.637046922197,"235,247,249,252,429,485,504,750,751,752,761,796",7113.46649660497,"252,504,750",6971.67097252148,2,"252,504,750",6969.30746,5.005,5.004,5.004,9.004,0.005,0.005
"251,501,751",6996.15855749725,"166,251,353,500,624,751,877",121.720756490903,"166,251,353,500,624,750,877",122.791157670159,"166,251,353,500,624,750,877",122.791157670159,"245,251,254,472,475,500,501,502,508,509,529,750,751,755",7152.90612593427,"251,500,751",6985.88264457843,2,"251,500,751",6985.63976,4.001,4.002,4.002,11,0.001,0.001
"251,501,751",6931.34190969829,"179,250,350,506,599,751,927",70.6107670965728,"210,251,350,506,599,751,927",70.7352971384844,"210,251,350,506,599,751,927",70.7352971384844,"241,247,250,251,470,501,506,510,751,754",7042.58727682229,"250,501,506,751",6938.1986695374,3,"250,501,751",6926.3916,4.006,4.005,4.005,7,1.001,0.001
"251,501,751",6960.90625227085,"140,251,372,501,592,724,754,943",90.4539277112589,"140,253,372,501,592,724,754,943",93.2590342158341,"140,253,372,501,592,724,754,943",93.2590342158341,"251,253,257,448,454,458,475,501,512,523,724,749,752,754,775",7109.0400305307,"251,501,754",6966.08010848438,2,"251,501,754",6956.90449,5.003,5.005,5.005,12.001,0.003,0.003
"251,501,751",6966.01040310966,"114,251,336,502,697,751,914",79.8974793137312,"114,251,336,502,697,751,914",79.8974793137312,"114,251,336,502,697,751,914",79.8974793137312,"251,501,502,511,751",7053.75152054924,"251,502,751",6959.08495110523,2,"251,502,751",6959.06654,4.001,4.001,4.001,2,0.001,0.001
"251,501,751",6989.35016559227,"86,251,362,501,690,750,835,983",112.008166689603,"86,251,362,501,690,750,835,983",112.008166689603,"86,251,362,501,690,750,835,983",112.008166689603,"251,253,454,458,496,501,549,558,726,750,751",7100.45064922889,"251,501,750",6985.34543092326,2,"251,501,750",6981.20491,5.001,5.001,5.001,8,0.001,0.001
"251,501,751",7018.01874581679,"85,251,333,501,605,751,810",155.832850850441,"85,251,333,501,605,751,810",155.832850850441,"85,251,333,501,605,751,810",155.832850850441,"249,251,479,494,501,506,525,536,751,752",7153.72371364191,"251,501,751",7017.07156271105,2,"251,501,751",7017.01103,4,4,4,7,0,0
"251,501,751",6955.2431645147,"60,251,335,501,564,663,751,844",88.6172781639029,"60,251,335,501,564,663,751,844",88.6172781639029,"60,251,335,501,564,663,751,844",88.6172781639029,"247,251,252,432,488,501,507,751",7044.24961377146,"251,501,751",6951.7936919451,2,"251,501,751",6951.77204,5,5,5,5,0,0
"251,501,751",6967.19051941027,"115,251,395,501,582,752,878",92.5784464132829,"115,256,395,501,582,752,878",96.035043791458,"115,256,395,501,582,752,878",96.035043791458,"239,240,251,255,256,485,501,752",7027.62656980969,"251,501,752",6958.46089991617,2,"251,501,752",6957.37132,4.001,4.006,4.006,5.001,0.001,0.001
"251,501,751",7008.01438610281,"114,251,360,500,660,751,772",132.991485305039,"114,251,360,500,660,751,772",132.991485305039,"114,251,360,500,660,751,772,935",134.758664793627,"247,251,493,499,500,501,587,751,756,772",7110.87430782386,"251,501,751",6998.26315095137,2,"251,501,751",6996.86776,4.001,5.001,4.001,7,0,0
"251,501,751",6963.15477614284,"89,251,352,501,628,751,848",94.9259556839607,"89,251,352,501,628,751,848",94.9259556839607,"89,251,352,501,628,751,848",94.9259556839607,"251,253,257,481,500,501,509,522,547,751,753,754",7114.05903110642,"251,501,751",6963.82554595631,2,"251,501,751",6962.00681,4,4,4,9,0,0
"251,501,751",6975.93191500168,"147,251,375,501,597,746,837",85.6597687283106,"147,251,375,501,597,746,837",85.6597687283106,"147,251,375,501,597,746,837",85.6597687283106,"245,251,262,501,515,524,746,751",7052.39541954351,"251,501,746",6969.72544413632,2,"251,501,746",6965.9182,4.005,4.005,4.005,5,0.005,0.005
"251,501,751",6938.39201512618,"132,250,393,501,591,751,875",65.7139445254438,"132,250,393,501,591,751,875",65.7139445254438,"132,250,393,501,591,751,875",65.7139445254438,"247,250,251,500,501,518,751,756",7028.03193007169,"250,501,751",6932.34909851493,2,"250,501,751",6930.95673,4.001,4.001,4.001,5,0.001,0.001
"251,501,751",6985.11839314755,"124,251,333,484,495,601,751,880",106.560571366546,"124,251,333,484,501,590,751,880",107.3880605576,"124,251,333,484,501,590,751,880",107.3880605576,"251,262,495,501,531,751,754,760",7090.02753166823,"251,501,751",6977.17062001721,2,"251,501,751",6975.00235,5.006,5,5,5,0,0
"251,501,751",7028.26820689313,"135,251,350,499,629,751,856",162.664294714331,"135,251,350,499,629,751,856",162.664294714331,"135,251,350,499,751,856",167.063889589467,"249,250,251,254,256,483,488,498,499,501,508,521,751,756",7174.66024184896,"249,251,256,499,521,751",7056.85164221223,3,"251,499,751",7023.4965,4.002,3.002,4.002,11,3.002,0.002
"251,501,751",6916.08396299648,"85,251,385,501,614,750,791,961",57.7084844132618,"85,254,385,501,614,752,791,961",60.1419372223609,"85,254,385,501,614,752,791",61.264119981729,"250,251,254,472,488,493,501,750,752,754,755,756,768,791",7068.9585803591,"254,501,750",6914.27462130285,2,"254,501,750",6909.78202,5.001,4.004,5.004,11.001,0.004,0.004
"251,501,751",6899.52332258825,"82,209,251,450,501,565,712,752,889",26.4050111222404,"158,251,450,501,565,712,752,889",29.0897710160835,"158,251,450,501,565,712,752,889",29.0897710160835,"209,243,251,501,505,752",7011.5241122526,"209,251,501,752",6892.68686926449,3,"251,501,752",6892.25551,6.001,5.001,5.001,3.001,1.001,0.001
"251,501,751",6944.44505079326,"165,249,358,501,616,751,839",67.7679963106384,"165,249,358,501,616,751,839",67.7679963106384,"165,249,362,501,616,751,839",67.7911278289533,"242,249,251,271,274,456,490,491,501,751,753",7050.6321841586,"249,501,751",6935.42628277883,2,"249,501,751",6934.77248,4.002,4.002,4.002,8,0.002,0.002
"251,501,751",6915.05055991476,"140,251,376,501,668,752,873",41.9359078673096,"136,250,376,501,668,752,873",42.1876566011387,"136,250,376,501,668,752,873",42.1876566011387,"250,251,451,459,466,499,501,520,531,751,752,757",7040.03848150262,"251,501,752",6920.07607202815,2,"251,501,752",6910.90854,4.001,4.002,4.002,9,0.001,0.001
"251,501,751",6949.40610536509,"143,249,329,502,540,748,822",68.1189408316117,"143,249,329,502,540,748,822",68.1189408316117,"143,249,329,502,540,748,822",68.1189408316117,"241,249,253,493,495,499,501,502,748,752",7035.55455250756,"249,502,748,752",6948.64302403282,3,"249,502,748",6937.02079,4.006,4.006,4.006,7.003,1.004,0.006
"251,501,751",7026.03729179965,"251,423,501,657,751,858,981",157.99801823848,"251,423,501,657,751,858,981",157.99801823848,"251,423,501,657,751,858,981",157.99801823848,"251,253,260,474,501,502,521,534,751,758",7130.00477947307,"251,501,751",7021.81671112735,2,"251,501,751",7021.75457,4,4,4,7,0,0
"251,501,751",6931.91332743394,"125,250,350,501,675,751,894",66.1907166411215,"125,250,350,501,675,751,894",66.1907166411215,"125,250,350,501,675,751,894",66.1907166411215,"246,250,251,473,500,501,502,523,524,750,751,753",7057.50143269333,"250,502,751",6933.86890317846,2,"250,502,751",6931.44608,4.001,4.001,4.001,9,0.002,0.002
"251,501,751",7044.30575608526,"74,251,361,503,583,750,866",170.760287184773,"74,251,361,503,583,705,755,866",176.532138000657,"74,251,361,503,583,755,866",177.308757726903,"251,492,496,500,503,510,514,524,750,755",7185.26759889053,"251,503,510,750",7048.01213669334,3,"251,503,750",7037.15605,4.003,4.006,5.006,7.002,1.003,0.003
"251,501,751",6969.64349691976,"132,251,412,501,599,751,910",96.9942138467427,"132,250,412,501,599,751,910",97.1982762412242,"132,250,412,501,599,751,910",97.1982762412242,"250,251,499,501,506,510,751,752",7111.13311759371,"250,501,751,752",6974.84699614678,3,"250,501,752",6960.97172,4,4.001,4.001,5,1.001,0.002
"251,501,751",6954.07658057782,"58,251,340,501,613,751,792",89.541299292114,"149,256,353,501,613,751,792",94.2213193756546,"149,256,353,501,613,751,792",94.2213193756546,"251,252,256,262,477,492,501,751",7036.04034143535,"251,501,751",6954.89696979228,2,"251,501,751",6951.42257,4,4.005,4.005,5,0,0
"251,501,751",6979.87143500557,"141,252,378,500,644,751,882",105.932661041913,"141,252,378,500,644,751,882",105.932661041913,"141,252,378,500,644,751,882",105.932661041913,"252,483,487,493,499,500,504,520,527,751,759,778",7101.01069825083,"252,499,751",6970.36665807271,2,"252,499,751",6968.80747,4.002,4.002,4.002,9.002,0.003,0.003
"251,501,751",6932.56308710688,"69,209,251,387,501,550,685,753,806",68.3219382233602,"69,209,251,387,501,570,685,753,806",69.5667476857688,"69,219,251,387,501,570,685,753,806",71.06745635153,"251,488,501,502,753,756",7035.38554195648,"251,501,753",6924.8410463225,2,"251,501,753",6924.74061,6.002,6.002,6.002,3.002,0.002,0.002
"251,501,751",6996.21929129379,"149,253,365,501,557,751,869",121.618441434737,"149,253,365,501,557,751,869",121.618441434737,"149,253,365,501,557,751,961",123.379827635086,"251,253,474,499,501,740,751",7069.28598332377,"253,501,751",6989.81151669883,2,"253,501,751",6989.36945,4.002,4.002,4.002,4,0.002,0.002
"251,501,751",6948.69431436507,"118,250,384,501,653,739,740,767,879",64.6966815033918,"118,250,384,501,653,751,879",67.7400480921661,"118,250,384,501,739,740,751,879",68.8062687130735,"204,250,442,487,489,501,525,534,626,740,751,752,767",7062.8276444933,"250,501,740,751",6945.89134159053,3,"250,501,751",6937.16302,6.012,5.001,4.001,10.001,1.001,0.001
"251,501,751",6999.5673301418,"161,251,344,501,588,751,957",119.399978089388,"161,251,344,501,588,751,957",119.399978089388,"161,251,344,501,588,751,957",119.399978089388,"251,254,486,501,509,751",7061.04635505713,"251,501,751",6991.9954781462,2,"251,501,751",6991.98805,4,4,4,3,0,0
"251,501,751",7071.16592976961,"111,252,344,501,538,634,751,894",192.650818488672,"111,252,344,501,620,751,894",191.693894226637,"111,252,344,501,620,751,894",191.693894226637,"244,250,252,480,491,492,493,495,497,501,505,746,751,756",7215.3825377533,"252,501,751",7057.50522181417,2,"252,501,751",7056.18037,5.001,4.001,4.001,11.001,0.001,0.001
"251,501,751",6954.15029338013,"119,251,409,503,616,749,925",84.2379963988787,"119,251,409,503,616,749,925",84.2379963988787,"119,251,409,503,616,749,925",84.2379963988787,"245,251,252,498,500,501,503,508,749,751,760",7054.6952416441,"251,503,749",6943.96849032035,2,"251,503,749",6943.78844,4.004,4.004,4.004,8,0.004,0.004
"251,501,751",6999.00186408591,"169,251,413,501,582,751,875",129.900145477593,"169,251,413,501,582,750,875",130.570020574838,"169,251,501,582,750,875",131.100862251164,"251,478,501,750,751,752",7067.05920673112,"251,501,750,752",7006.53245655845,3,"251,501,750",6994.79042,4,3.001,4.001,3,1.001,0.001
"251,501,751",6977.96252485376,"174,251,373,494,658,751,877",81.6020078123042,"174,251,373,494,658,751,877",81.6020078123042,"174,251,373,494,751,877",84.8120257067905,"251,252,489,494,502,514,751,756",7053.44489038263,"251,494,751",6965.14396562484,2,"251,494,751",6963.21635,4.007,3.007,4.007,5.001,0.007,0.007
"251,501,751",7028.72886882643,"85,248,312,460,501,649,751,835",146.206099765296,"85,248,370,460,501,649,751,835",148.850371250813,"85,248,370,460,501,649,751,835",148.850371250813,"248,249,257,499,501,516,549,751",7114.26270804545,"248,501,751",7016.4731906074,2,"248,501,751",7015.29213,5.003,5.003,5.003,5.002,0.003,0.003
"251,501,751",6958.64537916213,"97,252,334,501,693,750,826",89.1675776485366,"97,252,334,501,693,749,826",89.318993804657,"97,252,334,501,693,749,826,905",93.3099885872572,"252,456,457,497,501,512,749,750,751,752",7083.98961024598,"252,501,749",6946.41504340607,2,"252,501,749",6945.61119,4.002,5.003,4.003,7.001,0.003,0.003
"251,501,751",7019.96175289117,"196,255,387,501,654,752,937",141.61949889269,"196,255,387,501,654,752,937",141.61949889269,"196,255,387,501,654,752,937",141.61949889269,"232,252,255,256,501,504,506,752",7085.95264893752,"252,501,752",7001.23274884451,2,"252,501,752",7000.9885,4.005,4.005,4.005,5.002,0.002,0.002
"251,501,751",6908.54480398234,"174,251,378,500,584,751,860",50.225660287386,"174,251,378,500,584,752,860",51.4308238605317,"174,251,378,500,584,752,860",51.4308238605317,"247,248,249,251,499,500,501,502,751,752",7029.73145416396,"251,499,502,751",6919.28024556627,7,"251,499,751",6908.11708,4.001,4.002,4.002,7,1.001,0.002
"251,501,751",6952.92728737642,"115,250,407,501,661,750,905",78.7447476745411,"115,250,407,501,661,750,905",78.7447476745411,"115,250,501,661,750,834",79.8608134778376,"250,475,492,501,503,504,517,749,750",7058.22200099587,"250,501,750",6942.54573455255,2,"250,501,750",6942.37359,4.002,3.002,4.002,6.002,0.002,0.002
"251,501,751",6941.10627780103,"122,251,406,501,645,751,854",74.3816378311323,"122,251,406,501,645,746,847",78.3706588069655,"122,251,406,501,645,746,847",78.3706588069655,"251,476,489,501,504,505,512,531,545,746,751,755,757",7087.67375469748,"251,501,746,757",6940.3752920799,7,"251,501,757",6935.76392,4,4.005,4.005,10,1.005,0.006
"251,501,751",6955.23354483895,"138,251,467,500,612,751,805",84.8203485851894,"138,251,467,500,612,751,805",84.8203485851894,"138,251,467,500,612,751,805",84.8203485851894,"233,251,500,501,503,504,744,751,805",7046.07961608273,"251,500,751",6949.95712061089,2,"251,500,751",6949.67991,4.001,4.001,4.001,6,0.001,0.001
"251,501,751",6887.14115663956,"115,251,320,501,702,751,880",27.2691689680824,"115,251,320,501,702,751,880",27.2691689680824,"115,251,320,501,702,751,880",27.2691689680824,"251,501,747,751",6981.22332913281,"251,501,751",6883.31762408183,2,"251,501,751",6883.29763,4,4,4,1,0,0
"251,501,751",6999.30693678809,"151,153,249,500,666,749,815",111.642022051904,"151,153,249,500,666,754,822",115.818098770406,"151,153,249,500,666,754,822",115.818098770406,"235,245,249,251,413,438,452,454,500,527,738,749,751,754,755",7153.96608976551,"249,500,749,755",6994.50073278226,3,"249,500,749",6983.78977,4.005,4.006,4.006,12.001,1.005,0.005
"251,501,751",6981.32798728403,"104,251,422,493,664,751,848",118.335516785908,"104,251,422,501,664,750,848",121.122195624811,"104,251,422,497,664,750,848",119.35766029169,"238,251,488,493,497,501,750,751",7076.34716122842,"251,493,501,751",6978.66331370144,3,"251,501,751",6971.83382,4.008,4.005,4.001,5,1,0
"251,501,751",6835.66504549393,"76,178,251,425,501,643,752,836",-33.9708096680318,"136,251,425,501,643,752,836",-28.8103145143382,"136,251,425,501,643,752,836",-28.8103145143382,"212,251,256,499,501,506,560,752,757",6943.78661195217,"251,499,506,752",6834.68435041582,5,"251,499,752",6827.25521,5.001,4.001,4.001,6.001,1.003,0.003
"251,501,751",6981.78616333815,"111,250,415,501,652,751,862",109.737748905617,"111,250,415,501,652,751,862",109.737748905617,"111,250,415,501,652,751,862",109.737748905617,"250,257,501,505,509,512,513,750,751,753,754,763",7097.43007588581,"250,501,750",6976.09864162257,2,"250,501,750",6971.71042,4.001,4.001,4.001,9.001,0.002,0.002
"251,501,751",6939.82506021123,"143,252,409,501,647,750,850",66.1850114333586,"143,252,409,501,647,750,850",66.1850114333586,"143,252,409,501,647,750,850",66.1850114333586,"240,248,252,489,501,522,750",6987.82915432613,"252,501,750",6927.35841444415,2,"252,501,750",6927.34007,4.002,4.002,4.002,4.002,0.002,0.002
"251,501,751",6993.38394845679,"95,251,320,506,514,673,750,888",116.32890212884,"95,251,320,501,607,750,888",116.757032881912,"95,251,320,501,607,750,888",116.757032881912,"251,426,459,491,501,506,749,750,751",7084.70083229024,"251,501,750",6990.56915146538,2,"251,501,750",6989.40304,5.006,4.001,4.001,6,0.001,0.001
"251,501,751",6965.05918935511,"164,249,404,501,595,748,845,951",72.9272934157369,"164,249,404,506,595,748,845,951",74.186889838549,"164,249,404,501,595,748,845,951",72.9272934157369,"246,248,249,251,252,499,501,506,514,526,748",7066.45764982692,"246,501,514,748",6949.2006023039,8,"246,501,748",6945.99247,5.005,5.005,5.01,8.003,1.008,0.008
"251,501,751",7033.74441243802,"131,251,356,501,556,752,854",170.661789100359,"131,251,356,501,556,752,854",170.661789100359,"131,251,356,501,556,752,854",170.661789100359,"245,251,500,501,502,752",7101.9199518818,"251,500,752",7036.95535729568,2,"251,500,752",7031.25568,4.001,4.001,4.001,3.001,0.002,0.002
"251,501,751",6982.45228005819,"107,251,325,501,660,750,838",118.513965677423,"107,251,325,501,660,751,838",118.536519004764,"107,251,325,501,660,751,838",118.536519004764,"224,251,469,476,495,497,501,502,524,743,750,751",7120.56353123003,"251,501,751",6985.37357129526,2,"251,501,751",6981.08167,4.001,4,4,9,0,0
"251,501,751",7047.96982759616,"127,252,446,501,684,752,879",180.465188320569,"127,251,446,501,684,752,879",181.480102562828,"127,251,446,501,684,752,879",181.480102562828,"242,251,252,495,501,507,752",7117.91218862175,"252,501,752",7040.38234636823,2,"252,501,752",7040.07964,4.002,4.001,4.001,4.001,0.002,0.002
"251,501,751",6989.20276173487,"99,252,360,501,633,751,908",124.666983493347,"99,250,360,501,633,751,908",125.196305629895,"99,250,360,501,633,751,908",125.196305629895,"250,252,478,500,501,523,751,760",7100.35064326371,"252,501,751",6978.61061652017,2,"252,501,751",6978.00165,4.001,4.001,4.001,5.001,0.001,0.001
"251,501,751",6974.57247227741,"114,251,300,501,641,751,917",106.263608237846,"114,252,300,501,641,751,917",106.386576485221,"114,252,300,501,641,751,917",106.386576485221,"251,252,477,495,498,501,502,503,508,509,517,541,751",7142.97297890159,"252,498,751",6970.95840121412,2,"252,498,751",6970.33589,4,4.001,4.001,10,0.004,0.004
"251,501,751",6972.98952481011,"169,256,365,501,668,750,916",111.544022370478,"135,251,365,501,668,750,916",111.923305861057,"169,256,365,501,668,750,916",111.544022370478,"251,256,264,486,497,501,566,750",7039.22801063686,"251,501,750",6962.27202061045,2,"251,501,750",6960.89684,4.006,4.006,4.001,5.001,0.001,0.001
"251,501,751",6955.69486022212,"193,252,372,500,667,753,900",71.7821053348533,"193,250,372,500,667,744,753,891",79.4797351134534,"193,250,372,500,667,744,753,891",79.4797351134534,"221,225,245,246,250,251,252,419,497,500,506,606,743,744,747,750,753",7126.67367506796,"252,500,753",6947.85460895196,2,"252,500,753",6946.39005,4.004,5.004,5.004,14.002,0.004,0.004
"251,501,751",6905.83624561713,"150,250,315,496,501,640,751,887",36.7220794817051,"150,250,325,496,501,640,748,887",39.9888199885776,"150,250,325,496,501,640,748,887",39.9888199885776,"250,251,501,505,509,510,522,524,748,751,752",7034.74985490347,"250,251,501,748,752",6921.58442774465,4,"251,501,752",6899.29655,5.001,5.004,5.004,8,2.001,0.001
"251,501,751",6897.71141039493,"120,250,271,501,563,750,882",24.9516748615883,"120,255,438,501,563,751,882",29.0990042573388,"120,255,271,501,563,751,882",31.3330348464278,"250,251,253,255,258,468,501,510,750,751",7022.58871055056,"250,501,751",6898.72465207701,2,"250,501,751",6894.61193,4.002,4.004,4.004,7,0.001,0.001
"251,501,751",6879.48056389779,"227,251,334,501,683,751,794,957",7.48921131944088,"227,251,334,501,683,751,902",9.06443211678055,"227,251,334,501,683,751,902",9.06443211678055,"229,236,251,454,481,501,502,565,751",6983.23024056363,"251,501,751",6868.13029286296,2,"251,501,751",6867.90584,5,4,4,6,0,0
"251,501,751",6981.59661015139,"143,251,365,500,626,738,757",85.8670313408117,"143,254,372,500,629,738,757",87.7111753710388,"143,254,365,500,629,738,757",87.854692811771,"236,251,254,484,500,501,504,738,745,751,755,757,889",7125.65345981218,"251,254,500,757",6988.31800841457,3,"251,500,757",6974.80749,4.007,4.01,4.01,10,1.007,0.007
"251,501,751",6907.95522681576,"135,251,305,510,569,750,850",35.5375518654625,"135,251,351,500,569,750,850",36.8414045951577,"135,251,351,500,569,750,850",36.8414045951577,"251,255,420,463,488,500,504,505,510,750,751",7005.03546736416,"251,510,750",6931.4051966477,4,"251,463,510,750",6902.04583,4.01,4.002,4.002,8.001,0.01,1.01
"251,501,751",6931.08256689206,"161,251,372,501,670,753,929",46.7527617608079,"161,251,372,501,670,753,929",46.7527617608079,"161,251,372,501,670,753,929",46.7527617608079,"249,251,455,498,500,501,503,507,513,545,752,753",7065.43347384544,"251,503,753",6916.37473600508,2,"251,503,753",6913.6969,4.002,4.002,4.002,9.001,0.004,0.004
"251,501,751",6969.68063428497,"72,180,251,454,503,619,751,851",99.5442431337361,"72,180,251,454,503,619,751,851",99.5442431337361,"72,180,251,454,503,619,751,851",99.5442431337361,"248,251,396,498,500,503,504,508,552,751,753",7089.42421340234,"251,503,751",6964.42184270401,2,"251,503,751",6962.83159,5.002,5.002,5.002,8.001,0.002,0.002
"251,501,751",7008.19879344327,"43,251,419,501,535,666,751,912",131.570300701098,"43,251,419,501,534,619,751,912",136.60976646523,"43,251,419,501,619,751",139.159648927019,"249,250,251,499,501,747,751",7078.01629134939,"251,501,751",6998.54338011464,2,"251,501,751",6997.20479,5,3,5,4,0,0
"251,501,751",6928.35291363627,"69,224,251,351,501,582,751,907",73.4393458046763,"69,224,251,351,501,582,751,907",73.4393458046763,"69,251,351,501,582,751,907",74.2950113109571,"251,497,501,503,512,514,751",7041.29396108051,"251,501,751",6922.73604169612,2,"251,501,751",6922.70582,5,4,5,4,0,0
"251,501,751",6943.90209396837,"73,237,254,388,501,629,750,789,924",75.6030602823566,"73,248,303,501,629,750,789,924",80.950979216081,"73,248,303,502,629,750,924",82.0268400250482,"237,248,254,473,488,500,501,502,750,752,767",7063.37679904381,"254,502,750",6932.14346436219,2,"254,502,750",6930.20949,6.004,4.005,5.004,8.004,0.005,0.005
"251,501,751",6984.97260088921,"153,246,402,501,630,751,836",117.293381747347,"153,246,402,501,630,751,836",117.293381747347,"153,246,402,501,630,751,836",117.293381747347,"236,238,246,250,252,494,495,496,501,502,751,759",7103.07166686386,"246,501,751",6985.16781990182,2,"246,501,751",6975.29869,4.005,4.005,4.005,9.001,0.005,0.005
"251,501,751",6912.52119771378,"148,251,377,501,538,661,751,891",45.0521101117919,"148,251,377,501,609,751,891",47.1529556212956,"92,251,377,501,538,609,751,891",47.0345258329729,"251,466,479,496,501,503,507,509,751",7006.42543023639,"251,501,751",6908.01194813979,2,"251,501,751",6907.88123,5,5,4,6,0,0
"251,501,751",6964.31903216495,"146,251,503,601,751,931",91.8475112071565,"146,251,501,601,751,931",92.0917017810571,"146,251,503,601,751,931",91.8475112071565,"251,404,476,501,503,750,751,752",7066.4586167892,"251,501,751",6960.52782678539,2,"251,501,751",6960.00013,3.002,3.002,3,5,0,0
"251,501,751",6925.82245916915,"113,249,288,501,517,605,751,916",55.6076913106459,"113,251,288,501,542,751,916",59.4265428499204,"113,251,288,501,542,605,751,916",59.8052539619739,"249,251,254,483,487,501,748,751",7035.60667989729,"249,251,501,751",6934.71580877196,3,"249,501,751",6921.06385,5.002,5,4,5,1,0.002
"251,501,751",6916.83295540352,"178,252,380,501,607,744,816",42.9643026162933,"178,252,380,501,607,751,816",45.5003909958379,"178,252,380,501,607,751,816",45.5003909958379,"237,252,470,501,533,744,749,751,755,782",6992.4680366709,"252,501,744",6904.95216527766,2,"252,501,744",6901.87389,4.008,4.001,4.001,7.001,0.008,0.008
"251,501,751",6932.90577715011,"183,251,463,498,588,751,866",56.9667381495997,"183,251,463,498,588,751,866",56.9667381495997,"183,251,463,498,588,751,866",56.9667381495997,"251,489,491,498,501,508,751,756",7031.86988323991,"251,498,751",6926.13461087961,2,"251,498,751",6925.85855,4.003,4.003,4.003,5,0.003,0.003
"251,501,751",6963.7626064147,"45,210,251,371,504,583,755,909",87.451683463381,"45,208,251,371,504,583,755,909",87.5686652118657,"45,208,251,371,504,583,755,909",87.5686652118657,"217,232,251,253,269,501,504,513,519,522,751,754,755",7095.92341728844,"251,501,755",6958.31101746994,2,"251,501,755",6957.03673,5.007,5.007,5.007,10,0.004,0.004
"251,501,751",6893.07073854544,"112,250,356,501,634,751,896",20.0967271148331,"112,250,356,501,634,751,896",20.0967271148331,"112,250,356,501,634,751,896",20.0967271148331,"250,501,505,536,537,567,742,751",6969.73410220314,"250,501,751",6887.82399551499,2,"250,501,751",6887.77804,4.001,4.001,4.001,5.001,0.001,0.001
"251,501,751",6950.83613141988,"113,251,372,501,635,750,922",73.4347281796709,"113,251,372,501,635,750,922",73.4347281796709,"113,251,372,501,635,750,922",73.4347281796709,"251,255,495,498,501,509,510,512,575,747,750,769",7068.20406836332,"251,501,750",6940.4611434739,2,"251,501,750",6938.60039,4.001,4.001,4.001,9.001,0.001,0.001
"251,501,751",6939.49641765375,"132,254,396,501,526,648,751,881",72.0088419098118,"132,254,396,501,526,648,751,881",72.0088419098118,"132,254,396,501,526,648,751,881",72.0088419098118,"250,251,254,448,501,741,751,753",7010.17352949767,"254,501,751",6935.62010613728,2,"254,501,751",6934.48552,5.003,5.003,5.003,5,0.003,0.003
"251,501,751",6989.34600100055,"134,251,394,501,605,750,798,932",123.950982510521,"134,251,394,501,605,750,798,932",123.950982510521,"134,251,394,501,605,750,781,932",124.336578924397,"251,487,501,512,525,529,750,751,754",7121.41912674881,"251,501,754",6990.01288217742,2,"251,501,754",6989.08624,5.001,5.001,5.001,6,0.003,0.003
"251,501,751",7010.37887490287,"117,251,390,501,667,752,823",127.081446824928,"117,251,390,501,667,752,823",127.081446824928,"117,251,390,501,667,752,821",127.082013448728,"240,251,499,501,510,512,750,752,756",7113.73324615847,"251,501,510,750",7015.74964829474,4,"251,501,750",7007.55933,4.001,4.001,4.001,6.001,1.001,0.001
"251,501,751",6874.40583569567,"188,251,347,501,621,753,873",2.89257699576945,"188,251,347,501,621,753,873",2.89257699576945,"188,251,347,501,621,753,873",2.89257699576945,"243,251,475,493,496,499,501,502,750,753",6989.16302865108,"251,493,502,753",6872.11265493536,3,"251,502,753",6864.44774,4.002,4.002,4.002,7.001,1.003,0.003
"251,501,751",6947.4852273228,"96,251,411,501,657,751,876",78.2965900939056,"96,251,411,501,657,751,876",78.2965900939056,"92,251,411,501,657,751,876",78.4416972560636,"243,251,252,487,496,501,525,751,752",7048.615654069,"251,501,751",6944.9499928304,2,"251,501,751",6944.80157,4,4,4,6,0,0
"251,501,751",6981.2352900424,"134,251,424,501,626,751,860",114.66729258748,"134,251,424,501,626,751,860",114.66729258748,"134,251,424,501,626,751,860",114.66729258748,"251,501,541,740,751,752",7019.83966639107,"251,501,751",6973.28873302367,2,"251,501,751",6972.93259,4,4,4,3,0,0
"251,501,751",6996.91232643699,"103,251,311,446,501,598,752,962",140.174015215637,"103,251,311,446,501,598,752,962",140.174015215637,"103,251,311,446,501,598,752,962",140.174015215637,"250,251,487,498,501,552,752",7068.4405428634,"251,501,752",6988.3525752208,2,"251,501,752",6988.33637,5.001,5.001,5.001,4.001,0.001,0.001
"251,501,751",6885.12036815911,"251,361,501,711,751,925",16.1553671744893,"251,361,501,711,751,925",16.1553671744893,"134,251,361,501,555,711,751,925",15.6357543011698,"251,494,495,498,501,513,751",6998.49421489863,"251,501,751",6882.40060761621,2,"251,501,751",6882.14931,3,5,3,4,0,0
"251,501,751",6958.66962327385,"127,251,370,503,602,751,939",96.511928659207,"127,251,370,503,602,751,939",96.511928659207,"127,251,370,503,602,751,939",96.511928659207,"243,251,501,503,751,752",7015.38216691928,"251,503,751",6950.31942832929,2,"251,503,751",6950.22439,4.002,4.002,4.002,3,0.002,0.002
"251,501,751",6963.128008225,"109,251,417,503,543,751,855",101.302267516977,"109,251,417,501,684,751,855",101.677390831524,"109,251,417,501,543,751,787",102.234696319147,"251,253,501,503,504,507,751,787",7039.60650110169,"251,501,751",6957.60941515602,2,"251,501,751",6957.34604,4.002,4,4,5,0,0
"251,501,751",6909.17783132418,"169,248,340,459,501,588,751,803",59.5429159252973,"169,248,340,459,501,588,746,803",60.6429789052898,"169,248,340,459,501,588,746,803",60.6429789052898,"246,248,251,261,501,502,513,744,746,751,760,767",7031.32014942953,"248,501,751",6909.36062170721,2,"248,501,751",6902.87876,5.003,5.008,5.008,9,0.003,0.003
"251,501,751",6921.59874836601,"175,251,399,501,558,750,776,945",55.2831652755851,"175,251,399,501,558,751,874",58.2979953231549,"175,251,399,501,558,751,874",58.2979953231549,"242,251,252,255,501,503,504,508,746,750,751,775,776",7066.41109365445,"251,501,750",6915.62943695015,2,"251,501,750",6915.38371,5.001,4,4,10,0.001,0.001
"251,501,751",6908.83072398579,"217,255,381,501,672,751,883",35.5265520071666,"217,255,381,501,672,751,883",35.5265520071666,"217,255,381,501,672,751,883",35.5265520071666,"236,255,260,501,751,757",6944.84216954188,"255,501,751",6893.38005036973,2,"255,501,751",6893.05853,4.004,4.004,4.004,3.004,0.004,0.004
"251,501,751",6980.38770515752,"123,251,300,490,498,660,751,903",132.120675614299,"123,251,379,501,660,751,903",133.667648149141,"123,251,287,501,660,751,903",138.93574002856,"251,475,498,501,508,511,727,751",7046.3519953451,"251,498,501,751",6984.75441572265,4,"251,501,751",6973.77059,5.003,4,4,5,1,0
"251,501,751",6997.98189217204,"54,184,252,279,503,595,751,880",130.337852009636,"54,184,254,279,501,595,751,880",131.802610285416,"54,184,254,279,501,595,751,880",131.802610285416,"252,254,489,496,501,503,505,748,751",7100.53582818534,"252,501,751",6997.85215615236,2,"252,501,751",6994.08179,5.003,5.003,5.003,6.001,0.001,0.001
"251,501,751",6987.12932629847,"37,251,400,501,630,751,909",124.931728983659,"37,251,400,501,630,751,909",124.931728983659,"37,251,400,501,630,751,909",124.931728983659,"251,253,257,472,475,490,499,500,501,519,522,540,751",7124.24288322031,"251,501,751",6985.18875983307,2,"251,501,751",6984.84788,4,4,4,10,0,0
"251,501,751",6940.54252178554,"130,251,412,504,562,751,872",68.4620889202149,"130,251,412,504,562,751,872",68.4620889202149,"130,251,412,501,561,751,872",69.0843873707699,"247,251,501,504,507,512,751,754",7041.06541834922,"251,501,512,751",6941.33230332244,3,"251,501,751",6933.66022,4.003,4,4.003,5,1,0
"251,501,751",6935.13142935388,"50,217,218,251,367,501,644,751,826,966",72.2107211030326,"153,251,367,501,644,751,829,966",76.5899015939045,"153,251,367,501,644,751,829,966",76.5899015939045,"251,252,433,480,501,503,520,578,751,754,760",7056.0758811809,"251,501,751",6930.78130720634,2,"251,501,751",6930.25205,7,5,5,8,0,0
"251,501,751",6986.64515043349,"133,250,408,500,560,750,826",114.413723082054,"133,250,408,500,560,751,826",114.90700877046,"133,250,408,500,560,751,826",114.90700877046,"250,251,489,500,519,750,751",7078.95032072266,"250,500,751",6982.46914244066,2,"250,500,751",6977.47477,4.003,4.002,4.002,4.001,0.002,0.002
"251,501,751",6972.49163924827,"106,252,287,501,589,751,851",102.964131855631,"106,255,287,500,589,751,851",108.807945442734,"106,255,287,501,589,751,851",108.212890579704,"250,252,255,452,481,500,501,751",7061.03216878127,"252,501,751",6973.78527711221,2,"252,501,751",6968.45434,4.001,4.004,4.005,5.001,0.001,0.001
"251,501,751",6996.58818313169,"122,251,375,501,602,751,871",121.224775551978,"122,251,375,501,602,751,871",121.224775551978,"122,251,375,501,602,751,871",121.224775551978,"251,253,501,502,507,557,751",7075.44967395101,"251,501,751",6990.06021268251,2,"251,501,751",6989.73796,4,4,4,4,0,0
"251,501,751",6968.39466919005,"100,251,403,499,501,680,751,864",77.9067449647762,"100,251,403,499,501,680,745,864",81.3368663048697,"100,251,403,501,680,745,864",81.7780396443562,"245,251,501,540,550,745,746,748,751",7117.077548318,"251,501,751",6971.61620452857,2,"251,501,751",6964.69517,5,4.006,5.006,6,0,0
"251,501,751",6938.13149910909,"89,250,367,502,527,618,751,908",72.3604012190534,"89,250,367,501,527,618,751,908",73.9738713522935,"89,250,367,502,527,618,751,934",73.1219851514431,"250,251,252,468,493,500,501,502,504,751",7060.23320901876,"250,502,751",6934.97676735936,2,"250,502,751",6934.639,5.002,5.002,5.001,7,0.002,0.002
"251,501,751",6972.15771390342,"81,251,370,499,597,751,857",96.9477743794446,"81,252,370,499,597,752,857",99.5434055270778,"81,252,370,499,597,752,857",99.5434055270778,"250,251,252,490,496,499,505,534,569,751,752",7116.59075380622,"250,499,751",6966.63660664478,2,"250,499,751",6960.64091,4.002,4.004,4.004,8.002,0.003,0.003
"251,501,751",7028.45632709807,"96,251,365,501,674,753,827",162.38174787773,"96,252,365,501,674,753,827",163.870896234235,"96,252,365,501,567,753,827",166.027208587261,"251,252,253,488,498,501,507,509,521,528,534,751,753,771",7184.41003858806,"251,501,753",7045.18901548488,2,"251,501,753",7023.78876,4.002,4.003,4.003,11,0.002,0.002
"251,501,751",6969.81935745065,"140,250,324,500,601,751,893",93.4110426180018,"140,250,324,500,601,753,893",93.4123012768403,"140,250,324,500,601,753,893",93.4123012768403,"250,251,478,479,495,500,502,504,507,529,539,751,753",7123.57975747088,"250,500,753",6959.63148610621,2,"250,500,753",6958.36423,4.002,4.004,4.004,10.001,0.004,0.004
"251,501,751",6931.23728333926,"182,251,299,497,639,751,897",58.2340908948783,"182,251,299,497,639,751,897",58.2340908948783,"182,251,299,497,639,751,897",58.2340908948783,"251,253,496,497,501,541,751",7032.3520199714,"251,497,501,751",6932.82342722466,3,"251,497,751",6922.15747,4.004,4.004,4.004,4,1,0.004
"251,501,751",6992.20884864431,"65,174,251,421,501,627,752,864",135.377664229685,"65,174,251,421,501,602,748,864",135.729540178155,"72,174,251,421,501,602,748,864",135.763458879785,"234,235,251,455,493,501,748,750,752",7081.42076117645,"251,501,752",6983.38195350969,2,"251,501,752",6981.8154,5.001,5.003,5.003,6.001,0.001,0.001
"251,501,751",6983.33246876688,"112,251,401,498,633,751,848",111.455989821587,"112,251,401,498,633,749,848",113.145519482188,"112,251,401,502,633,749,848",113.78154565202,"251,465,498,502,507,749,751",7044.4717720467,"251,498,502,751",6986.13962961493,7,"251,498,751",6975.97849,4.003,4.003,4.005,4.001,1.001,0.003
"251,501,751",7043.23294634236,"192,251,378,501,673,750,921",181.721579879248,"192,257,447,501,673,750,921",182.687993279386,"192,257,447,501,673,750,839",182.800088407254,"250,251,257,493,494,498,499,501,505,733,749,750,751",7175.92415021124,"251,501,750",7034.02857015155,2,"251,501,750",7032.13367,4.001,4.007,4.007,10,0.001,0.001
"251,501,751",7025.17641225135,"179,248,323,502,643,751,867",140.194616640802,"179,248,323,502,643,751,867",140.194616640802,"179,248,323,502,643,751,867",140.194616640802,"248,489,501,502,538,751",7103.34246102434,"248,502,751",7007.4878756388,2,"248,502,751",7007.47332,4.004,4.004,4.004,3.003,0.004,0.004
"251,501,751",6914.62672103275,"67,164,252,433,501,644,751,859",54.4437982911044,"134,251,433,501,644,751,859",59.0137427491063,"134,251,433,501,644,751,859",59.0137427491063,"239,251,252,402,404,501,503,751,752,754",7030.55364938535,"252,501,751",6908.73747624678,2,"252,501,751",6908.25131,5.001,4,4,7,0.001,0.001
"251,501,751",6998.55592736987,"147,251,361,501,638,752,820",131.844532247526,"147,251,361,501,638,752,820",131.844532247526,"147,251,361,501,659,752,818",132.158041799868,"251,485,495,501,507,751,752",7076.18227550799,"251,501,752",6986.82516146373,2,"251,501,752",6986.80609,4.001,4.001,4.001,4,0.001,0.001
"251,501,751",6923.05749070282,"69,250,400,502,656,751,842,991",52.2836342883289,"69,251,400,502,656,751,842,991",52.8724970157883,"69,251,400,502,656,751,842,991",52.8724970157883,"242,249,250,251,253,465,501,502,505,517,584,750,751,767",7071.68939765283,"250,502,751",6916.2889438353,2,"250,502,751",6915.38945,5.002,5.001,5.001,11,0.002,0.002
"251,501,751",7029.98740223559,"109,251,384,472,501,590,751,841",160.865037296769,"109,251,384,472,501,590,754,841",163.379213039367,"109,251,384,501,590,754,841",163.629973716245,"251,501,751,753,764",7076.58860143129,"251,501,751,764",7031.83696515548,3,"251,501,751",7025.39913,5,4.003,5.003,2,1,0
"251,501,751",6954.05890164242,"251,383,507,751,864",40.0006615652632,"251,377,513,751,864",42.6774533478859,"251,383,507,751,864",40.0006615652632,"251,502,503,507,513,516,541,751,752,753",7084.64537343492,"251,502,516,751",6937.21762021844,4,"251,516,751",6932.36155,2.006,2.006,2.012,7.001,1.001,0.015
"251,501,751",6992.38245869253,"117,251,368,501,662,751,856",130.89577231605,"117,251,368,501,662,751,856",130.89577231605,"117,251,368,501,662,751,856",130.89577231605,"251,501,503,508,751",7061.33906756679,"251,501,751",6988.92051434952,2,"251,501,751",6988.91871,4,4,4,2,0,0
"251,501,751",6951.35417019652,"122,251,415,501,611,751,814",92.3724353984108,"122,251,415,501,611,750,814",92.5230580886776,"122,251,415,501,611,750,814",92.5230580886776,"250,251,496,501,503,504,515,747,750,751,755",7115.22973450297,"251,501,751",6950.94626096284,2,"251,501,751",6949.93413,4,4.001,4.001,8,0,0
"251,501,751",6954.9131172254,"137,251,402,501,630,751,773,973",95.7005882845414,"137,251,402,501,630,751,772,835,973",101.035513033388,"137,251,402,501,630,751,767,835,973",101.456359514154,"251,494,500,501,751,767",7094.54872465662,"251,501,751,767",6957.14033715496,3,"251,501,751",6952.75785,5,6,6,3,1,0
"251,501,751",6985.70344143432,"211,251,501,597,751,897",109.335173825897,"211,251,501,597,751,897",109.335173825897,"211,251,501,597,751,897",109.335173825897,"211,216,250,251,252,414,472,473,475,501,749,751",7120.4564460704,"251,501,751",6982.2090441331,2,"251,501,751",6981.38255,3,3,3,9,0,0
"251,501,751",6964.28405739522,"91,92,251,390,501,597,752,842",101.581479722196,"91,251,390,498,597,752,842",102.509778469151,"91,251,390,498,597,752,842",102.509778469151,"237,251,498,501,750,752,754",7052.68939586497,"251,498,501,752",6979.21419595977,3,"251,498,752",6959.171,5.001,4.004,4.004,4.001,1.001,0.004
"251,501,751",6878.82666415788,"159,251,408,501,626,751,891",-2.39999415689554,"159,251,408,501,626,751,891",-2.39999415689554,"159,251,408,501,626,751,891",-2.39999415689554,"249,251,253,501,503,514,516,751",6963.0639803683,"249,501,751",6871.0049599921,2,"249,501,751",6870.24185,4,4,4,5,0.002,0.002
"251,501,751",6952.52631931215,"89,248,390,499,574,751,869",67.761722313531,"89,248,390,499,574,751,869",67.761722313531,"89,248,390,499,574,751,869",67.761722313531,"248,251,499,501,751",6992.44236578593,"248,499,751",6943.42149139827,2,"248,499,751",6943.35652,4.005,4.005,4.005,2,0.005,0.005
"251,501,751",6936.58237356049,"71,193,251,377,502,615,753,809",71.4046327833356,"71,193,251,377,502,615,753,809",71.4046327833356,"71,193,251,377,502,615,753,809",71.4046327833356,"251,501,502,508,514,515,528,529,753",7074.37747848126,"251,502,753",6920.98363973087,2,"251,502,753",6920.97064,5.003,5.003,5.003,6.002,0.003,0.003
"251,501,751",6874.86802581832,"169,251,376,501,646,751,909",11.539832978265,"169,256,376,501,646,751,909",15.970403595069,"169,256,376,501,646,751,909",15.970403595069,"251,256,458,501,502,508,751",6963.81625114137,"251,501,751",6873.19867894359,2,"251,501,751",6872.85438,4,4.005,4.005,4,0,0
"251,501,751",6949.6519700211,"102,251,415,501,597,752,845",90.0747100145733,"102,251,415,501,597,752,845",90.0747100145733,"102,251,415,501,597,752,845",90.0747100145733,"251,252,501,502,751,752,753,755",7026.07862781871,"251,501,751,755",6954.39672398966,4,"251,501,751",6944.06725,4.001,4.001,4.001,5,1,0
"251,501,751",6967.50323197707,"219,250,354,496,635,751,820",95.2898863077003,"219,250,354,496,635,751,820",95.2898863077003,"219,250,354,496,635,751,820",95.2898863077003,"240,250,251,437,492,496,501,505,751,754,755,779",7107.3829484695,"250,496,501,751,754",6979.45107409332,6,"250,496,754",6959.15871,4.006,4.006,4.006,9,2.001,0.009
"251,501,751",6993.67985732741,"167,249,346,501,587,751,853",115.17551795043,"167,249,346,501,587,751,853",115.17551795043,"167,249,346,501,586,751,853",115.285160196775,"239,246,249,265,268,462,497,500,501,503,544,751",7101.70051722566,"249,503,544,751",6990.58294736591,3,"249,503,751",6977.41078,4.002,4.002,4.002,9.002,1.004,0.004
"251,501,751",6961.56983535657,"102,250,321,501,628,752,846",71.4080816966176,"102,250,321,501,628,751,846",71.7112764329727,"102,250,321,501,628,751,846",71.7112764329727,"248,250,251,457,501,503,512,523,550,751,752",7081.23440116046,"250,501,752",6960.07470679568,2,"250,501,752",6956.14682,4.002,4.001,4.001,8,0.002,0.002
"251,501,751",6879.02875275255,"141,251,360,502,587,751,914",17.5605069811999,"141,251,360,502,587,751,914",17.5605069811999,"141,251,360,502,587,751,914",17.5605069811999,"251,500,501,502,504,741,751,753",6958.94825296894,"251,502,751",6877.39293881419,2,"251,502,751",6876.90679,4.001,4.001,4.001,5,0.001,0.001
"251,501,751",6987.5301027332,"71,251,340,501,601,749,920",106.235619768269,"71,251,340,501,601,749,920",106.235619768269,"71,251,340,501,601,749,920",106.235619768269,"250,251,432,483,501,509,521,533,542,743,749,751",7095.14862739453,"251,501,749",6974.56615000966,2,"251,501,749",6974.22659,4.002,4.002,4.002,9,0.002,0.002
"251,501,751",7014.67063599851,"83,251,334,466,500,619,752,867",151.599216852679,"83,251,361,466,501,619,749,867",154.543735458872,"83,251,361,501,619,749,867",154.63335962556,"251,500,501,511,562,749,752,759",7090.34872678335,"251,501,749,752",7017.51187501328,3,"251,501,752",7005.80999,5.002,4.002,5.002,5.001,1.001,0.001
"251,501,751",6934.94983638133,"195,254,420,500,751,873",60.6483903246369,"172,251,420,500,751,873",64.1544612538135,"172,251,420,500,620,751,873",64.1195018221136,"251,254,500,501,512,565,751,752",7053.69079972108,"251,254,500,751",6941.78103369826,3,"254,500,751",6927.20309,3.004,4.001,3.001,5,1.001,0.004
"251,501,751",6883.72430796435,"154,252,338,501,605,751,883",2.31551224998155,"154,252,338,501,605,751,883",2.31551224998155,"154,252,338,501,605,751,883",2.31551224998155,"251,252,428,492,501,751,752",6957.8282531901,"252,501,751",6879.82642622477,2,"252,501,751",6879.72753,4.001,4.001,4.001,4,0.001,0.001
"251,501,751",6914.60380742181,"137,251,386,501,631,751,884",46.0880541554135,"137,251,386,501,631,751,884",46.0880541554135,"137,251,386,501,631,751,871",46.2587971323403,"251,477,479,501,751",6954.20671506095,"251,501,751",6912.8060036515,2,"251,501,751",6912.6859,4,4,4,2,0,0
"251,501,751",6960.75013892933,"33,223,252,358,467,501,605,751,890",90.3006645481977,"33,249,358,467,501,605,751,890",92.3542159017784,"33,249,358,501,605,751",96.7627319577164,"249,252,253,500,501,504,508,750,751",7081.7212615546,"252,501,751",6953.77825519898,2,"252,501,751",6947.35621,6.001,3.002,5.002,6.001,0.001,0.001
"251,501,751",6968.94621161057,"166,248,375,501,638,747,778,969",90.5846885046621,"166,248,375,501,638,750,811",95.7138962735603,"166,248,375,501,638,750,811",95.7138962735603,"248,250,251,480,493,501,502,530,745,747,750,752,770,778",7107.57113071381,"248,493,502,747",6963.63013613468,4,"248,502,747",6955.77564,5.007,4.004,4.004,11.001,1.008,0.008
"251,501,751",7023.9431293137,"137,251,380,501,628,751,922",153.320294236166,"137,251,380,501,628,751,922",153.320294236166,"137,251,380,501,628,751,922",153.320294236166,"250,251,500,501,505,508,535,751",7110.37578356666,"251,501,751",7017.25000977918,2,"251,501,751",7016.72589,4,4,4,5,0,0
"251,501,751",6821.65172275392,"118,250,402,501,609,750,873",-46.306775533394,"118,250,402,501,609,750,873",-46.306775533394,"118,250,402,501,609,750,873",-46.306775533394,"247,250,251,475,477,499,501,514,746,750",6928.97135127095,"250,501,750",6815.88537727415,2,"250,501,750",6815.42402,4.002,4.002,4.002,7.001,0.002,0.002
"251,501,751",6995.55180866349,"91,190,251,501,634,751,875",120.669556423957,"91,190,251,501,634,751,875",120.669556423957,"91,251,501,683,751,875",121.51693662577,"250,251,468,480,501,508,519,751",7110.96342810796,"250,501,751",6991.9140408049,2,"250,501,751",6990.54723,4,3,4,5,0.001,0.001
"251,501,751",6940.00139781613,"96,250,423,501,617,705,751,809",61.1512291598593,"96,250,423,501,617,705,751,809",61.1512291598593,"96,250,423,501,617,705,751,809",61.1512291598593,"250,251,501,751",6988.23252667829,"250,501,751",6927.4806905585,2,"250,501,751",6927.48057,5.001,5.001,5.001,1,0.001,0.001
"251,501,751",6916.39019667444,"86,250,363,501,637,751,847",61.4380448674564,"86,209,253,363,501,637,751,847",62.0503925315881,"86,209,253,363,500,637,751,847",62.1111545689992,"246,250,253,254,479,487,490,495,497,500,501,523,540,751,757",7119.50787841629,"246,250,501,751",6925.41935186535,3,"246,501,751",6915.08231,4.001,5.003,5.002,12.001,1.001,0.005
"251,501,751",6897.13223756871,"98,251,346,501,691,751,859",36.0489151198399,"98,251,346,501,691,751,859",36.0489151198399,"98,251,346,501,691,751,859",36.0489151198399,"251,253,254,423,477,493,498,501,502,518,744,751,756",7032.29687190185,"251,498,502,751",6903.32661183225,3,"251,498,751",6893.31876,4,4,4,10,1.001,0.003
"251,501,751",6962.41187341328,"102,251,387,500,663,752,825",92.7039153326077,"102,251,387,500,650,739,752,815",94.8322428174603,"102,251,387,500,650,739,752,815",94.8322428174603,"248,251,500,514,542,607,739,752,754",7036.06048051041,"251,500,739,752",6957.6995311499,3,"251,500,752",6950.99492,4.002,5.002,5.002,6.002,1.002,0.002
"251,501,751",6875.48015265331,"104,251,423,501,579,751,883",4.18745961212194,"104,251,423,501,579,751,883",4.18745961212194,"104,251,423,501,579,751,883",4.18745961212194,"214,251,482,501,502,509,751,754",6963.14243917489,"251,501,751",6879.48846800195,2,"251,501,751",6873.52949,4,4,4,5,0,0
"251,501,751",6943.42575560416,"150,251,361,501,614,751,896",69.4116268768487,"150,251,361,501,614,751,896",69.4116268768487,"251,361,501,614,751,896",72.9201639307365,"251,501,528,573,741,751",6989.94570286261,"251,501,751",6937.003301781,2,"251,501,751",6936.98863,4,3,4,3,0,0
"251,501,751",7061.49961082209,"82,251,367,500,596,750,838",190.699702767969,"82,251,367,500,596,750,838",190.699702767969,"82,251,367,500,596,750,838",190.699702767969,"247,251,486,500,501,514,743,750,751",7193.8712149973,"251,500,750",7059.81151664561,2,"251,500,750",7058.8749,4.002,4.002,4.002,6,0.002,0.002
"251,501,751",6940.13054824267,"49,186,251,350,501,636,751,828",92.0263227288279,"141,251,350,501,636,751,828",95.5007704015219,"141,251,296,501,636,751,828",95.8100250294383,"251,446,455,489,491,492,501,509,511,751,752",7065.76319863026,"251,501,752",6935.77190289513,2,"251,501,752",6934.25676,5,4,4,8,0.001,0.001
"251,501,751",6993.53707466273,"160,252,431,501,625,751,844",121.153167358216,"160,251,431,501,625,751,844",121.297049488341,"160,239,243,251,431,501,625,751,844",126.140603351367,"239,249,251,252,501,507,749,750,751,756",7086.71468641434,"252,501,751",6993.32964443028,2,"252,501,751",6986.47631,4.001,6,4,7,0.001,0.001
"251,501,751",6946.21074375848,"111,250,334,501,632,751,861",81.1463165134148,"111,250,334,501,632,751,861",81.1463165134148,"111,250,334,501,632,751,861",81.1463165134148,"248,250,496,499,501,502,751,752",7059.20197149405,"250,501,751",6940.51637206306,2,"250,501,751",6940.49468,4.001,4.001,4.001,5.001,0.001,0.001
"251,501,751",6958.40633211549,"130,251,319,402,501,608,751,862",92.7450553449928,"130,251,258,401,501,608,751,862",102.423392731822,"130,251,258,401,501,608,751,862",102.423392731822,"251,258,265,492,497,501,502,512,522,544,751",7074.53787939946,"251,501,751",6958.2161005181,2,"251,501,751",6957.59959,5,5,5,8,0,0
"251,501,751",6921.03219992242,"118,251,350,500,627,752,899",60.5836473004854,"118,251,350,500,627,752,899",60.5836473004854,"118,251,350,500,627,752,899",60.5836473004854,"246,251,261,484,500,505,554,746,751,752,775",7022.48363115477,"251,500,505,752",6926.70748290163,3,"251,500,752",6915.45954,4.002,4.002,4.002,8.001,1.002,0.002
"251,501,751",7009.93911469374,"58,215,251,362,500,608,751,850",136.864704396733,"65,215,251,362,500,608,751,850",137.186167929419,"65,251,362,500,608,751,850",137.000969072165,"249,251,446,469,500,501,508,524,552,751,752",7138.36914321351,"251,500,751",7007.24697246275,2,"251,500,751",7006.36796,5.001,4.001,5.001,8,0.001,0.001
"251,501,751",6885.72245374942,"159,253,341,501,545,751,938",11.2289282960738,"159,252,341,501,545,750,863",11.5528572262662,"159,252,341,501,545,750,863",11.5528572262662,"252,253,254,496,498,501,503,508,750,751",7034.85167398906,"252,501,751",6882.70199712906,2,"252,501,751",6881.77464,4.002,4.002,4.002,7.001,0.001,0.001
"251,501,751",6926.66033546788,"95,251,317,501,604,751,911",70.2802741540281,"95,251,317,501,604,751,911",70.2802741540281,"95,251,317,501,604,751,911",70.2802741540281,"250,251,419,420,433,501,503,523,543,751",7037.19476801682,"251,501,751",6924.65640101087,2,"251,501,751",6924.41491,4,4,4,7,0,0
"251,501,751",6902.31287070034,"129,251,369,501,680,751,810",33.9721454040626,"129,251,369,501,680,751,810",33.9721454040626,"129,251,369,501,680,751,810",33.9721454040626,"251,501,503,504,505,519,534,536,751,755,760,763",7064.07116569903,"251,501,751",6899.56200306179,2,"251,501,751",6899.46617,4,4,4,9,0,0
"251,501,751",7029.27231382296,"83,251,361,501,657,752,849",151.763188688482,"83,251,361,501,657,750,849",152.371210432686,"83,251,361,501,657,750,849",152.371210432686,"251,254,468,501,508,750,752",7121.28770452932,"251,254,501,752",7035.25252252633,3,"251,501,752",7022.13927,4.001,4.001,4.001,4.001,1.001,0.001
"251,501,751",6925.34633354354,"251,419,501,617,751,910",53.9358317395101,"251,259,419,501,617,751,910",56.8936822896283,"251,259,419,501,617,751,910",56.8936822896283,"251,253,259,261,268,500,501,502,545,748,751",7045.15827874172,"251,501,751",6920.87164616636,2,"251,501,751",6920.03021,3,4,4,8,0,0
"251,501,751",6985.95512146789,"45,152,251,325,502,613,749,906",119.70432817036,"77,251,325,502,613,749,906",122.388109048365,"77,251,325,502,613,749,906",122.388109048365,"250,251,252,468,500,502,521,577,597,749,758,766",7097.70599583348,"251,502,749",6969.39043224124,2,"251,502,749",6969.30089,5.003,4.003,4.003,9.003,0.003,0.003
"251,501,751",6912.29085261725,"112,251,391,500,565,751,865",44.9838476380997,"112,251,391,500,565,751,865",44.9838476380997,"112,251,391,500,565,751,865",44.9838476380997,"240,241,245,251,252,481,492,500,510,544,751",7030.97340085017,"251,500,751",6900.00063606355,2,"251,500,751",6899.75809,4.001,4.001,4.001,8.001,0.001,0.001
"251,501,751",6963.95715828792,"146,251,342,501,673,751,815",94.4060449642007,"146,251,342,501,673,751,815",94.4060449642007,"146,251,342,501,673,751,815",94.4060449642007,"238,251,255,476,477,494,500,501,513,518,554,744,751,754",7134.86598697593,"251,501,751",6963.79297896897,2,"251,501,751",6962.55451,4,4,4,11,0,0
"251,501,751",6973.65020224237,"62,170,255,413,500,582,751,919",103.790113691165,"62,170,255,413,500,582,751,919",103.790113691165,"62,170,255,413,500,582,751,919",103.790113691165,"193,251,255,500,501,751,752",7042.05103067847,"251,500,751",6974.6392353881,2,"251,500,751",6970.61582,5.005,5.005,5.005,4,0.001,0.001
"251,501,751",6948.34189528657,"14,223,251,357,500,610,752,906",96.234006130514,"14,223,251,357,500,610,751,888",96.449634659351,"223,251,357,500,610,751,888",97.239867708666,"223,226,251,257,428,492,493,500,503,505,751,752",7066.79799771969,"251,500,752",6946.6508366952,2,"251,500,752",6941.15511,5.002,4.001,5.001,9.001,0.002,0.002
"251,501,751",6980.05786545997,"125,250,347,500,613,752,791",94.4430815895769,"125,250,347,500,613,752,791",94.4430815895769,"125,250,347,500,613,752,791",94.4430815895769,"250,449,482,500,501,521,522,526,752,791",7086.42242629955,"250,500,752",6963.52640338935,2,"250,500,752",6963.43335,4.003,4.003,4.003,7.002,0.003,0.003
"251,501,751",6924.06853292088,"92,251,302,500,596,751,898",54.08444008004,"92,251,302,498,596,755,898",57.0598339001382,"92,251,302,500,596,755,898",55.9352441371532,"251,440,466,492,498,500,502,751,755,759",7011.65750380972,"251,498,500,502,751",6943.68461929043,3,"251,498,751",6916.28041,4.001,4.005,4.007,7.001,2.001,0.003
"251,501,751",6940.71088534335,"132,251,350,502,684,751,894",54.4778657495945,"132,251,350,502,684,751,894",54.4778657495945,"132,251,350,502,684,751,894",54.4778657495945,"251,498,502,537,538,555,751",7006.55172008597,"251,498,502,751",6935.5613372896,4,"251,502,751",6924.82416,4.001,4.001,4.001,4.001,1.001,0.001
"251,501,751",7057.15534232359,"65,229,251,458,502,524,748,865",157.534010300495,"65,243,251,458,502,524,748,865",161.722452714147,"65,243,251,458,502,524,748,865",161.722452714147,"241,242,243,251,502,748,751",7150.93802101275,"251,502,748,751",7056.39961882143,6,"251,502,748",7042.13478,5.004,5.004,5.004,4.001,1.001,0.004
"251,501,751",6950.015612351,"118,251,367,501,608,751,866",85.0582700763218,"118,251,367,501,608,751,866",85.0582700763218,"118,251,367,501,608,751,866",85.0582700763218,"251,500,501,506,515,751,752,759",7068.70749498249,"251,500,501,751",6960.3357090362,3,"251,501,751",6947.02422,4,4,4,5,1,0
"251,501,751",6951.56761697268,"136,251,384,500,633,751,834",92.1128286296741,"136,251,384,500,633,751,834",92.1128286296741,"136,251,384,500,633,751,834",92.1128286296741,"250,251,500,501,587,751,760,774",7028.48389957795,"251,500,751",6946.9224231357,2,"251,500,751",6946.1971,4.001,4.001,4.001,5,0.001,0.001
"251,501,751",6973.47374232683,"70,158,250,418,500,553,751,819",107.825749790838,"94,250,418,500,553,751,819",108.042587761427,"94,250,418,500,553,751,819",108.042587761427,"244,250,252,483,489,500,504,514,751",7060.48089397211,"250,500,504,751",6977.02315275037,3,"250,500,751",6962.69441,5.002,4.002,4.002,6.002,1.002,0.002
"251,501,751",7023.2823818005,"87,250,433,501,749,793,972",133.047831120912,"87,251,433,501,751,825",133.798370829361,"251,433,501,751,825",135.370380004476,"238,249,250,251,258,501,519,577,591,593,748,749,751,763,764,793",7188.4364325222,"251,501,593,751",7011.32825554082,3,"251,501,751",7008.45115,4.003,2,3,13,1,0
"251,501,751",6958.92373110533,"59,248,386,502,646,751,881",68.5974200107887,"59,250,386,502,646,751,881",69.1502289850617,"59,250,386,502,646,751,881",69.1502289850617,"241,247,248,250,468,488,490,493,502,512,751,756",7077.76676010139,"250,502,751",6946.45576365906,2,"250,502,751",6944.5961,4.004,4.002,4.002,9.002,0.002,0.002
"251,501,751",6898.98959140916,"94,251,407,501,626,751,836,992",32.4165739698345,"94,251,407,501,626,751,857,992",33.1046349168129,"94,251,303,407,501,626,751,857,992",32.8203288987605,"251,258,501,503,508,561,750,751,753",6990.40928587406,"251,501,751",6895.71233604412,2,"251,501,751",6895.64909,5,6,5,6,0,0
"251,501,751",6988.71469171045,"98,251,401,502,591,751,894",131.255798065476,"98,251,401,502,591,752,894",131.432292673656,"98,251,401,502,591,752,894",131.432292673656,"247,251,498,502,510,511,749,751,752,754",7120.23693102779,"251,502,752",6986.20581959682,2,"251,502,752",6982.08245,4.001,4.002,4.002,7.001,0.002,0.002
"251,501,751",6981.3422321617,"156,245,347,501,558,751,864",114.750693986925,"156,245,347,501,558,751,864",114.750693986925,"156,245,347,501,558,751,864",114.750693986925,"245,250,253,255,491,501,751",7046.2966095771,"245,501,751",6975.8069429306,2,"245,501,751",6975.14547,4.006,4.006,4.006,4.001,0.006,0.006
"251,501,751",6940.64575625782,"70,250,374,501,552,746,853",54.8580019409774,"70,250,374,501,609,752,853",58.2512579776343,"70,250,374,501,609,752,853",58.2512579776343,"250,431,433,466,469,499,500,501,745,746,752",7049.78231944378,"250,501,752",6926.24560460933,2,"250,501,752",6922.22989,4.006,4.002,4.002,8.002,0.002,0.002
"251,501,751",6988.81582271467,"18,195,251,417,500,610,752,940",110.41380857676,"94,195,251,417,500,610,752,940",113.974484440241,"94,195,251,417,501,610,752,940",114.004112192143,"251,500,501,751,752",7065.74141555514,"251,500,752",6991.07803762708,2,"251,500,752",6979.2513,5.002,5.001,5.002,2,0.002,0.002
"251,501,751",6960.83183597566,"117,251,447,501,525,751,853",75.4286654814564,"117,251,447,501,525,751,853",75.4286654814564,"117,251,447,501,525,751,853",75.4286654814564,"246,251,489,501,751,752",7062.84189657816,"251,501,751",6957.75649060559,2,"251,501,751",6957.72069,4,4,4,3,0,0
"251,501,751",6968.63447691972,"138,253,374,501,612,750,881",83.0384978768933,"138,253,374,501,612,750,881",83.0384978768933,"138,253,374,501,612,750,881",83.0384978768933,"245,250,252,253,255,259,484,488,500,501,582,750,753,764",7110.60119830732,"253,501,750",6957.25482426134,2,"253,501,750",6955.79062,4.003,4.003,4.003,11.002,0.003,0.003
"251,501,751",6994.40670612544,"126,251,367,502,683,750,875",102.604758196394,"126,251,367,502,683,750,875",102.604758196394,"126,251,367,502,683,750,875",102.604758196394,"251,488,491,499,502,506,750",7086.54442442947,"251,502,750",6980.31063155521,2,"251,502,750",6980.17815,4.002,4.002,4.002,4.002,0.002,0.002
"251,501,751",6893.79584821098,"169,251,412,500,646,751,872",31.0643265147012,"169,251,412,500,646,751,872",31.0643265147012,"169,251,412,500,646,751,872",31.0643265147012,"251,490,492,500,504,506,515,522,587,751",7018.11104671158,"251,500,751",6885.28437270955,2,"251,500,751",6885.04229,4.001,4.001,4.001,7.001,0.001,0.001
"251,501,751",6937.96007411638,"114,251,391,501,627,751,881",61.5253188523939,"114,251,391,501,627,751,881",61.5253188523939,"114,251,391,501,627,751,881",61.5253188523939,"247,249,251,480,487,489,501,504,509,545,751,763",7074.41034006543,"251,501,751",6936.75889714828,2,"251,501,751",6936.23883,4,4,4,9,0,0
"251,501,751",7007.69485859646,"225,251,395,501,608,754,825,936",135.942529759052,"225,251,395,501,608,754,875",137.030515203611,"225,251,395,501,608,754,875",137.030515203611,"250,251,497,501,516,518,754,769,778",7147.30784560905,"250,501,754",6996.98437983159,2,"250,501,754",6996.44876,5.003,4.003,4.003,6.003,0.004,0.004
"251,501,751",6942.07643664168,"116,252,348,501,541,723,751,912",81.2319310902909,"116,252,348,501,529,652,751,912",86.1962381609147,"116,252,348,501,529,652,751,912",86.1962381609147,"251,252,484,497,498,500,501,751",7059.80822334847,"252,501,751",6938.02663268135,2,"252,501,751",6938.01721,5.001,5.001,5.001,5,0.001,0.001
"251,501,751",7043.72074297271,"134,250,366,501,658,750,854",165.41780918249,"134,249,366,501,658,750,854",166.137287757719,"134,249,366,501,658,750,854",166.137287757719,"249,250,251,252,434,449,464,501,503,509,511,750,753",7189.1077571987,"249,501,750",7042.50313285668,2,"249,501,750",7040.68725,4.002,4.003,4.003,10.001,0.003,0.003
"251,501,751",6984.49917242103,"102,251,381,500,625,749,907",110.294495230427,"102,251,381,500,625,749,907",110.294495230427,"102,251,381,500,625,749,907",110.294495230427,"251,252,478,483,497,500,501,503,505,506,749,752,756",7119.69376905804,"251,500,749",6974.5281101911,2,"251,500,749",6972.95524,4.003,4.003,4.003,10.001,0.003,0.003
"251,501,751",6982.37062033414,"101,249,391,501,660,749,852",96.8683034707199,"101,251,391,501,660,749,852",97.5747136873945,"101,251,391,501,660,749,852",97.5747136873945,"249,251,480,481,500,501,536,749,750",7071.17709999709,"249,501,749",6973.55581471968,2,"249,501,749",6971.39533,4.004,4.002,4.002,6.001,0.004,0.004
"251,501,751",6987.01618271574,"141,251,421,498,653,751,850",109.202797220154,"141,251,421,501,653,751,850",110.03521684137,"141,251,421,498,653,751,850",109.202797220154,"235,251,475,491,498,501,504,521,543,575,751",7091.53482783933,"251,491,504,751",6995.02233637111,4,"251,504,751",6986.73344,4.003,4.003,4,8,1.003,0.003
"251,501,751",6913.82415537128,"97,251,381,501,664,751,888",37.7400751762356,"97,251,381,501,664,751,888",37.7400751762356,"97,251,381,501,664,751,888",37.7400751762356,"251,459,499,501,503,750,751",6986.07820728649,"251,501,751",6911.04140618637,2,"251,501,751",6910.41464,4,4,4,4,0,0
"251,501,751",7025.9108893236,"166,251,393,501,655,751,885",152.575835054974,"166,251,393,501,655,751,885",152.575835054974,"166,251,393,501,655,751,885",152.575835054974,"251,477,487,497,501,523,524,750,751",7112.84135228941,"251,501,751",7019.96222102069,2,"251,501,751",7019.95113,4,4,4,6,0,0
"251,501,751",6980.84394149501,"144,251,387,502,669,751,907",95.2575101070909,"144,253,387,502,669,751,907",96.8071128559995,"144,253,387,502,669,751,907",96.8071128559995,"251,253,478,500,502,503,545,551,751",7067.48965875293,"251,502,545,751",6977.82764482651,3,"251,502,751",6974.56301,4.001,4.003,4.003,6.001,1.001,0.001
"251,501,751",6954.14153832024,"101,251,350,501,570,751,831,939",112.83770677121,"101,251,350,501,570,751,911",113.638270716108,"101,251,350,501,570,751,911",113.638270716108,"251,501,503,504,508,741,749,751",7026.25577274196,"251,501,751",6948.10764503877,2,"251,501,751",6947.58251,5,4,4,5,0,0
"251,501,751",7000.37005412468,"54,204,254,395,502,653,751,831",132.416850082062,"139,251,395,502,653,751,831",140.349032800122,"139,251,395,502,653,751,831",140.349032800122,"250,251,254,454,499,502,504,751",7085.92557914397,"254,502,751",6991.14728650179,2,"254,502,751",6990.63499,5.004,4.001,4.001,5.001,0.004,0.004
"251,501,751",6866.93725651704,"48,251,501,623,750,853",-12.0847227951732,"48,251,501,623,750,853",-12.0847227951732,"48,251,501,623,750,853",-12.0847227951732,"247,251,386,495,500,501,503,506,509,520,528,746,750,752,754",7015.62321280287,"251,501,750",6863.43507774712,2,"251,501,750",6854.80867,3.001,3.001,3.001,12.001,0.001,0.001
"251,501,751",6982.14678966938,"110,250,306,501,641,751,894",106.549193005747,"110,250,306,501,641,751,894",106.549193005747,"110,250,306,501,641,751,894",106.549193005747,"247,250,251,252,501,503,580,751",7062.37769848481,"250,501,751",6970.13463443415,2,"250,501,751",6969.98941,4.001,4.001,4.001,5,0.001,0.001
"251,501,751",6915.12667440096,"200,254,434,500,598,751,939",53.3739514850943,"200,251,434,500,598,751,939",57.4359851422573,"200,251,434,500,598,751,939",57.4359851422573,"222,250,251,252,254,255,495,500,501,531,751,753",7057.3097929247,"254,500,751",6918.96436243177,2,"254,500,751",6909.42854,4.004,4.001,4.001,9,0.004,0.004
"251,501,751",6907.24966948978,"133,259,319,501,580,751,884",22.6196011351217,"133,259,319,501,580,747,884",26.1154565839853,"133,259,319,501,580,747,884",26.1154565839853,"250,259,262,441,470,471,494,501,747,750,751",7015.69051495249,"250,262,501,751",6906.63394654517,5,"262,501,751",6900.11573,4.008,4.012,4.012,8.001,1.001,0.011
"251,501,751",6944.71641119464,"185,251,371,501,750,892",56.9302678764849,"185,251,371,501,750,892",56.9302678764849,"185,251,371,501,750,892",56.9302678764849,"251,496,501,508,531,550,750,751",7031.68184849878,"251,501,750",6936.78350844568,2,"251,501,750",6936.7598,3.001,3.001,3.001,5,0.001,0.001
"251,501,751",7018.48456433278,"130,251,373,500,661,754,907",143.568219874107,"91,248,362,500,661,754,907",143.678637648913,"91,248,362,500,661,754,907",143.678637648913,"248,251,497,500,501,504,537,581,751,754,757",7129.72027323217,"251,500,754",7011.02127293653,2,"251,500,754",7006.08167,4.004,4.007,4.007,8,0.004,0.004
"251,501,751",7044.89254706102,"51,251,376,501,591,751,941",169.773310949205,"51,251,376,501,591,751,941",169.773310949205,"51,251,376,501,591,751,941",169.773310949205,"251,252,494,501,524,746,749,751,752",7139.72566637359,"251,501,751",7040.54224068797,2,"251,501,751",7040.52551,4,4,4,6,0,0
"251,501,751",6908.15536205143,"151,252,385,500,619,749,910",27.2107799625038,"151,252,385,500,619,750,910",27.9585383532732,"151,252,385,458,500,677,750,910",27.9243643909187,"252,259,500,518,520,547,749,750,757",6994.50989199,"252,500,749",6890.29711550108,2,"252,500,749",6888.70737,4.004,5.003,4.003,6.003,0.004,0.004
"251,501,751",6940.02346986176,"82,251,409,501,519,752,866",69.7913939385563,"82,251,409,501,519,752,866",69.7913939385563,"82,251,409,501,752,866,953,956",76.1249124600029,"251,259,262,498,501,564,749,752,753",7015.64350177437,"251,501,753",6931.18886818712,2,"251,501,753",6929.99173,4.001,5.001,4.001,6.001,0.002,0.002
"251,501,751",6956.27383777868,"145,251,365,501,560,751,833,942",81.5153016814158,"145,251,365,501,560,751,833,942",81.5153016814158,"145,251,365,501,560,751,833",83.0004564769557,"251,501,619,751,752,758",7019.486107226,"251,501,751",6948.18432474571,2,"251,501,751",6948.11042,5,4,5,3,0,0
"251,501,751",7035.18744100883,"155,251,354,501,598,749,854,944",170.271047744282,"155,251,354,501,598,752,868",172.525717729545,"155,251,354,501,598,752,868",172.525717729545,"248,251,501,504,505,512,749,752,754,757,760",7152.71173622867,"251,501,749",7026.57032035447,2,"251,501,749",7026.33413,5.002,4.001,4.001,8.001,0.002,0.002
"251,501,751",6989.99217691733,"151,251,381,507,608,751,851",111.08598610748,"151,251,381,507,608,751,851",111.08598610748,"151,251,381,507,608,751,851",111.08598610748,"251,252,254,493,494,501,507,510,732,751,757",7086.51243126361,"251,507,751,757",6991.96978140259,3,"251,507,751",6980.0282,4.006,4.006,4.006,8,1.006,0.006
"251,501,751",6970.7104838527,"91,251,349,498,640,752,896",94.4078161557471,"91,251,349,498,640,752,896",94.4078161557471,"91,251,349,498,640,752,896",94.4078161557471,"251,472,496,498,499,501,536,748,751,752,762",7086.87009517464,"251,501,752",6963.8268701895,2,"251,501,752",6963.02943,4.004,4.004,4.004,8,0.001,0.001
"251,501,751",7002.2707700322,"129,250,421,502,593,751,837",126.772837971504,"129,250,421,502,593,751,837",126.772837971504,"129,250,421,502,593,751,837",126.772837971504,"242,250,492,501,502,504,514,751,756",7104.90660514662,"250,492,502,751",7004.30927291866,3,"250,502,751",6992.67337,4.002,4.002,4.002,6.001,1.002,0.002
"251,501,751",6962.90389378903,"249,274,423,501,662,752,849",86.6944752753722,"254,282,501,662,752,849",97.2290950944822,"254,282,501,662,752,906",97.4154617715355,"249,250,254,261,274,501,751,752",7056.85875475291,"249,501,752",6955.07246454917,2,"249,501,752",6952.81078,4.003,3.004,3.004,5.001,0.003,0.003
"251,501,751",6920.54564199166,"137,251,412,501,560,750,842",52.2025414841195,"137,251,412,501,560,751,842",53.4120349867149,"137,251,412,501,560,751,842",53.4120349867149,"250,251,498,501,503,504,750,751,752,801,804",7046.87840774675,"250,501,750",6925.74896904994,2,"250,501,750",6918.16244,4.001,4,4,8,0.002,0.002
"251,501,751",6938.71064806445,"141,251,421,501,714,751,860",76.8147782133848,"141,251,421,501,714,751,860",76.8147782133848,"141,251,421,501,714,751,860",76.8147782133848,"248,251,265,501,505,553,714,746,751,752",7033.02592101954,"251,501,751",6940.24861097473,2,"251,501,751",6936.34305,4,4,4,7,0,0
"251,501,751",6960.8502395491,"132,251,377,501,558,751,897",78.0458686420957,"132,251,377,501,558,751,897",78.0458686420957,"132,251,377,501,558,751,897",78.0458686420957,"251,488,501,508,511,519,751",7068.93176294825,"251,501,751",6955.35339418158,2,"251,501,751",6955.26047,4,4,4,4,0,0
"251,501,751",6999.60231825116,"100,251,419,501,568,751,836",106.818475190234,"100,251,419,501,568,751,836",106.818475190234,"100,251,419,501,751,836",108.609100063861,"251,491,501,530,531,743,751",7059.80020548684,"251,501,751",6980.29491857042,2,"251,501,751",6979.85432,4,3,4,4,0,0
"251,501,751",7002.5080461763,"59,226,251,392,501,612,750,928",122.534849483532,"59,226,251,392,501,612,750,928",122.534849483532,"109,226,251,392,501,612,750,928",123.478953588288,"228,251,487,488,500,501,502,503,750",7147.98018438723,"251,501,750",6993.61432497861,2,"251,501,750",6992.2283,5.001,5.001,5.001,6.001,0.001,0.001
"251,501,751",6990.46879336934,"20,251,389,502,619,751,865",117.331201098703,"20,251,389,502,619,751,865",117.331201098703,"20,251,389,502,619,751,865",117.331201098703,"250,251,500,501,502,515,747,751,756",7098.62817055,"251,502,751",6984.95436281334,2,"251,502,751",6984.42879,4.001,4.001,4.001,6,0.001,0.001
"251,501,751",6976.53191945407,"82,251,409,501,597,602,751,856",95.8880900428438,"82,251,409,501,597,602,751,856",95.8880900428438,"82,251,409,501,597,602,751,856",95.8880900428438,"251,254,256,475,477,484,488,490,501,511,517,533,751",7121.36979789377,"251,501,751",6973.36854644746,2,"251,501,751",6971.67472,5,5,5,10,0,0
"251,501,751",6984.76086882184,"152,251,421,501,616,751,852,957",114.546693134146,"152,251,421,501,616,751,852,954",114.71681816879,"152,251,421,501,616,751,954",114.88575110999,"251,393,477,488,490,491,500,501,516,545,548,751",7140.59289085558,"251,501,751",6980.6774776666,2,"251,501,751",6980.52739,5,4,5,9,0,0
"251,501,751",6986.2803683769,"31,143,251,336,502,625,751,893",115.115919026262,"31,143,251,336,502,625,751,893",115.115919026262,"30,143,251,336,502,625,751,802,823,893",118.499183255033,"251,398,479,493,502,515,527,539,749,751",7088.98624516521,"251,502,751",6976.65454569131,2,"251,502,751",6975.71495,5.001,7.001,5.001,7.001,0.001,0.001
"251,501,751",6956.36657945688,"160,251,359,503,576,751,902",84.7516199969677,"160,250,359,503,576,751,902",84.879105152281,"160,250,359,503,576,751,902",84.879105152281,"247,250,251,259,497,498,503,507,508,748,751,752,757",7130.86508754834,"247,251,497,507,751",6969.5186020484,4,"251,507,751",6952.33472,4.002,4.003,4.003,10.002,2.004,0.006
"251,501,751",6919.44374872388,"191,251,389,501,644,752,849",46.2068478061836,"191,251,389,501,644,752,849",46.2068478061836,"191,251,389,501,644,752,849",46.2068478061836,"245,249,251,254,500,501,502,504,752",7035.58005512573,"251,500,504,752",6916.75889185534,3,"251,500,752",6906.29248,4.001,4.001,4.001,6.001,1.002,0.002
"251,501,751",6974.47981643635,"136,252,389,501,642,754,911",109.391385514862,"136,252,389,501,642,751,911",111.664313000143,"252,389,501,642,751,911",116.185922940536,"251,252,500,501,751,752,754,756",7055.08085541305,"252,501,751,756",6977.27299974514,5,"252,501,751",6967.93318,4.004,3.001,4.001,5,1.001,0.001
"251,501,751",6989.96122960407,"191,250,353,504,595,751,874",125.242063906675,"191,250,353,501,595,751,874",125.583235695528,"197,250,353,501,595,751,874",125.767031543244,"250,490,501,504,508,510,751,771",7097.70824973656,"250,501,751",6981.57923832468,2,"250,501,751",6980.35732,4.004,4.001,4.001,5.001,0.001,0.001
"251,501,751",6972.33161993464,"93,251,341,502,592,750,894",84.4196537643436,"93,251,341,502,592,750,894",84.4196537643436,"88,226,238,251,341,502,592,750,894",88.4351786763947,"226,251,253,254,494,496,501,502,504,510,748,750,751",7110.25958628725,"254,502,750",6977.7178725217,2,"254,502,750",6962.7491,4.002,6.002,4.002,10,0.005,0.005
"251,501,751",7054.18493291065,"143,250,343,501,659,753,895",182.692721135113,"143,250,343,501,659,753,895",182.692721135113,"143,250,343,501,659,753,895",182.692721135113,"250,489,494,501,526,532,750,751,753,755",7154.15825981078,"250,501,753",7038.86716336344,2,"250,501,753",7038.66892,4.003,4.003,4.003,7.001,0.003,0.003
"251,501,751",6990.19095133733,"76,253,392,501,653,751,878",94.862872310867,"76,253,392,501,653,751,878",94.862872310867,"76,253,392,501,653,751,878",94.862872310867,"252,253,256,492,501,503,511,526,527,528,751",7133.28353649129,"253,501,751",6981.23968310524,2,"253,501,751",6981.15403,4.002,4.002,4.002,8.001,0.002,0.002
"251,501,751",6926.98350560974,"76,251,402,500,621,751,807",44.5390824917878,"76,251,402,500,621,751,807",44.5390824917878,"76,251,402,500,621,751,807",44.5390824917878,"251,487,500,507,512,745,751",7005.69919406451,"251,500,751",6908.78125194784,2,"251,500,751",6908.76541,4.001,4.001,4.001,4.001,0.001,0.001
"251,501,751",6950.790837783,"173,252,429,500,578,751,843",72.97075399536,"173,252,429,500,578,753,843",74.3324839073054,"173,252,429,500,578,753",76.8681341461577,"248,251,252,254,500,502,746,748,751,753",7045.36516909386,"251,500,753",6941.63644552626,2,"251,500,753",6941.09953,4.002,3.004,4.004,7.001,0.003,0.003
"251,501,751",6965.75219185878,"65,251,375,501,674,750,769,927",109.630759038306,"65,251,375,501,674,751,835",115.867875457236,"65,251,375,501,674,751,835",115.867875457236,"251,501,502,521,749,750,751,766,769",7069.52210243884,"251,501,750,769",6966.40873612105,3,"251,501,750",6963.45822,5.001,4,4,6,1.001,0.001
"251,501,751",6995.96320802549,"48,208,250,341,501,570,668,751,799,971",127.421526971914,"48,208,250,341,501,570,660,751,881",130.382586151164,"48,208,250,341,501,570,660,751,881,971",133.792977823912,"250,251,420,472,476,499,501,519,721,751,762",7101.88143236083,"250,501,751",6988.31516089924,2,"250,501,751",6987.96774,7.001,7.001,6.001,8,0.001,0.001
"251,501,751",6967.41370952514,"168,251,338,501,586,751,832",105.12970293972,"168,251,338,501,586,751,832",105.12970293972,"168,251,336,501,586,751,832",105.180351705952,"251,493,499,501,507,508,525,748,751,805",7065.39363395487,"251,501,751",6965.52850238848,2,"251,501,751",6965.24488,4,4,4,7,0,0
"251,501,751",6942.86221733147,"115,250,337,500,589,750,905",64.2248822828342,"115,250,337,500,589,750,905",64.2248822828342,"115,250,337,500,589,750,905",64.2248822828342,"250,251,252,464,499,500,503,520,750,751",7045.90589011437,"250,500,750",6929.75792426181,2,"250,500,750",6928.33689,4.003,4.003,4.003,7.001,0.003,0.003
"251,501,751",7054.61817807467,"89,252,356,501,535,723,751,917",170.152188308351,"89,252,356,501,535,723,750,841",172.577183137097,"89,252,356,501,535,725,750,841",172.934613991245,"246,250,252,256,490,501,520,750,751",7192.22372595928,"252,501,751",7051.46545454164,2,"252,501,751",7050.8819,5.001,5.002,5.002,6.001,0.001,0.001
"251,501,751",6863.45975731845,"87,252,350,500,574,677,752,860",-8.89448463722739,"87,252,350,499,574,677,752,860",-8.55607647261844,"87,252,350,499,574,677,752,860",-8.55607647261844,"247,249,252,253,438,485,490,499,500,501,749,751,752",7009.65330329527,"247,252,499,501,752",6881.06441747167,5,"252,499,752",6858.51562,5.003,5.004,5.004,10.001,2.002,0.004
"251,501,751",6964.49017160449,"58,251,380,499,616,752,878",79.0434878202237,"58,251,380,499,616,752,878",79.0434878202237,"58,251,380,499,616,752,878",79.0434878202237,"250,251,253,411,427,490,499,505,511,533,752",7063.07481002532,"250,499,752",6953.988007129,2,"250,499,752",6951.88179,4.003,4.003,4.003,8.003,0.004,0.004
"251,501,751",6960.64160634346,"85,251,355,506,553,664,756,926",91.8204153234129,"85,251,355,502,608,751,926",94.3509599287259,"85,251,355,502,608,751,926",94.3509599287259,"251,485,501,502,506,519,751,756,757",7062.16468270874,"251,485,502,751,756",6971.564284328,3,"251,502,751",6947.50892,5.01,4.001,4.001,6,2.001,0.001
"251,501,751",6975.99058072076,"71,251,368,501,664,751,877",100.340059747147,"71,251,368,501,664,751,877",100.340059747147,"71,251,368,501,664,751,877",100.340059747147,"251,252,434,490,501,503,506,512,741,749,751,755",7113.02190631279,"251,501,751",6971.23487448514,2,"251,501,751",6970.50689,4,4,4,9,0,0
"251,501,751",6962.27069915604,"174,252,438,501,665,752,919",95.0850048613421,"174,252,438,501,665,752,919",95.0850048613421,"174,252,438,501,665,752,820",96.3543486088557,"240,247,249,251,252,483,501,507,752",7103.03121028787,"251,501,752",6956.36648359986,2,"251,501,752",6956.04042,4.002,4.002,4.002,6.001,0.001,0.001
"251,501,751",6959.57637457883,"67,246,266,392,501,642,751,824",93.717972184517,"67,252,266,392,501,642,751,824",97.4628941780576,"67,252,266,392,501,646,751,824",97.4707709310485,"246,252,263,266,476,495,501,751",7057.74673324275,"252,501,751",6954.73351369285,2,"252,501,751",6952.91301,5.005,5.001,5.001,5.001,0.001,0.001
"251,501,751",6954.33920601886,"185,250,401,501,554,751,966",65.6776729803056,"185,250,401,501,554,751,966",65.6776729803056,"185,250,401,501,554,751,966",65.6776729803056,"246,248,250,494,501,751,752,753",7034.96397373806,"250,501,751",6940.61921645361,2,"250,501,751",6940.34546,4.001,4.001,4.001,5.001,0.001,0.001
"251,501,751",6951.82346971766,"83,249,367,500,643,751,864",87.6157792260052,"83,249,367,500,643,751,864",87.6157792260052,"158,249,367,500,643,751,864",87.9617668369475,"249,251,467,494,500,519,741,751,752",7034.46205729963,"249,500,751",6945.31797180268,2,"249,500,751",6944.90682,4.003,4.003,4.003,6.001,0.003,0.003
"251,501,751",6895.3599921984,"132,251,372,501,628,751,850",17.7572352060266,"132,251,372,501,628,751,850",17.7572352060266,"132,251,372,501,628,751,850",17.7572352060266,"251,469,501,502,751",6935.88830611441,"251,501,751",6882.63960393616,2,"251,501,751",6882.10176,4,4,4,2,0,0
"251,501,751",6926.94015365562,"123,249,313,465,501,579,751,873",62.8931308147884,"123,251,343,501,579,751,873",66.3828253127347,"123,251,343,501,579,751,873",66.3828253127347,"249,250,251,494,501,749,751,752,759",7037.80624265399,"249,501,751",6923.48560933708,2,"249,501,751",6922.40095,5.002,4,4,6,0.002,0.002
"251,501,751",7034.26035217529,"72,251,443,501,598,702,751,839",155.992265122837,"72,251,443,501,598,702,751,839",155.992265122837,"72,251,443,501,598,702,751,839",155.992265122837,"250,251,492,501,502,504,505,523,540,747,751,752,755",7199.65721397308,"251,501,751",7030.34391562504,2,"251,501,751",7030.19302,5,5,5,10,0,0
"251,501,751",7095.52672415826,"169,251,375,502,638,752,890",216.183410010942,"169,251,375,502,638,752,890",216.183410010942,"169,251,375,502,638,752,890",216.183410010942,"251,500,502,509,511,752",7189.91898822601,"251,502,752",7084.88100764563,2,"251,502,752",7084.87339,4.002,4.002,4.002,3.002,0.002,0.002
"251,501,751",7001.98170481293,"100,253,412,501,572,682,751,906",131.146633311252,"100,253,412,501,572,647,751,906",135.906773913978,"100,253,412,501,647,751,906",138.334634659844,"251,253,467,501,524,744,745,751",7062.40001123611,"253,501,751",6988.09580251619,2,"253,501,751",6987.94049,5.002,4.002,5.002,5,0.002,0.002
"251,501,751",6977.56372351775,"133,252,346,501,605,751,801,976",118.393936979225,"133,252,346,501,605,751,900",118.363259988804,"133,252,346,501,605,751,900",118.363259988804,"251,252,499,501,751",7039.59857679824,"252,499,501,751",6985.51187281422,3,"252,501,751",6973.68205,5.001,4.001,4.001,2,1.001,0.001
"251,501,751",7049.27032252447,"155,251,431,501,664,747,908",174.387554700601,"155,251,431,501,664,751,908",174.786868621271,"155,251,431,501,664,751,908",174.786868621271,"250,251,263,497,501,510,519,742,745,746,747,751,752",7185.53806905849,"251,501,746,751",7054.46098743415,4,"251,501,746",7044.58999,4.004,4,4,10,1,0.005
"251,501,751",6888.61606356958,"125,251,373,500,635,751,892",29.8559137403338,"125,251,373,500,635,751,892",29.8559137403338,"125,251,373,500,635,751,892",29.8559137403338,"251,461,474,499,500,501,504,506,511,520,524,751,752",7054.80803390542,"251,500,751",6885.46493583588,2,"251,500,751",6885.26044,4.001,4.001,4.001,10,0.001,0.001
"251,501,751",6968.14149615375,"119,251,360,500,537,717,751,857",76.7665907227406,"119,252,360,500,537,717,751,857",78.5413510912983,"119,252,360,500,537,717,751,857",78.5413510912983,"251,252,486,489,497,500,746,751,753,836",7074.58247580429,"251,500,751",6960.7161419809,2,"251,500,751",6960.51593,5.001,5.002,5.002,7.001,0.001,0.001
"251,501,751",6898.81896516425,"74,244,307,410,503,564,693,753,911",23.0492478401609,"74,251,307,410,503,573,693,753,911",24.54610834348,"74,251,307,410,503,573,693,753,911",24.54610834348,"244,248,251,466,501,503,508,518,751,752,753",7005.83213598775,"251,501,503,753",6895.53130370567,4,"251,503,753",6883.1459,6.011,6.004,6.004,8,1.002,0.004
"251,501,751",6934.84717588725,"115,251,445,501,600,751,874",70.7128244674081,"115,251,445,501,600,751,874",70.7128244674081,"115,251,445,501,600,751,874",70.7128244674081,"251,252,493,501,518,751,756",7002.18565621037,"251,501,751",6930.50527757201,2,"251,501,751",6930.37047,4,4,4,4,0,0
"251,501,751",6981.03509633102,"107,251,335,502,514,674,750,869",107.588189325982,"107,251,335,502,514,674,750,869",107.588189325982,"107,251,335,502,674,750,869",109.344181314526,"247,250,251,492,494,496,500,501,502,750",7147.20741076072,"251,502,750",6974.98271213151,2,"251,502,750",6974.68389,5.002,4.002,5.002,7.001,0.002,0.002
"251,501,751",6978.41831987719,"124,251,417,501,608,751,912",117.659058796308,"124,251,417,501,608,751,912",117.659058796308,"124,251,417,501,608,751,912",117.659058796308,"247,248,251,274,470,486,498,501,505,506,751,752",7107.04267952746,"251,501,751",6974.81139348999,2,"251,501,751",6974.75305,4,4,4,9,0,0
"251,501,751",6943.54505646733,"74,252,444,499,604,751,874",65.5745372494324,"74,252,444,499,604,751,874",65.5745372494324,"74,252,444,499,604,751,874",65.5745372494324,"250,252,499,503,738,745,751,755",7016.51816593366,"252,499,751",6927.76925514319,2,"252,499,751",6927.46234,4.003,4.003,4.003,5.003,0.003,0.003
"251,501,751",6955.22332460409,"63,251,453,503,679,751,883",88.6401016948793,"63,251,453,503,679,751,883",88.6401016948793,"63,251,453,503,582,751,883",89.5868686791247,"250,251,252,501,503,508,522,529,543,751,752",7078.69656853038,"251,503,751",6952.13771268416,2,"251,503,751",6950.92486,4.002,4.002,4.002,8,0.002,0.002
"251,501,751",6869.60348203067,"95,251,393,501,606,751,935",-6.8524988855782,"95,244,251,393,501,606,751,935",-4.1681799504459,"95,244,251,393,501,606,751,935",-4.1681799504459,"244,251,462,493,501,532,751",6916.10819935747,"244,251,501,751",6869.55104488254,3,"251,501,751",6862.0634,4,5,5,4,1,0
"251,501,751",6971.34864005333,"132,252,403,501,604,752,847",100.238537659925,"132,252,403,501,604,752,847",100.238537659925,"132,252,403,501,604,752,847",100.238537659925,"241,249,250,252,439,493,501,751,752",7063.9481764258,"252,501,752",6962.1492147495,2,"252,501,752",6960.3785,4.002,4.002,4.002,6.001,0.002,0.002
"251,501,751",6994.54584626797,"72,236,250,345,499,578,749,883",122.186951798097,"72,236,250,345,499,578,749,883",122.186951798097,"72,236,250,345,499,578,749,961",124.998595573042,"236,243,244,250,436,488,493,499,503,505,749,750",7152.71204767556,"250,499,749",6979.29008327175,2,"250,499,749",6977.10922,5.005,5.005,5.005,9.004,0.005,0.005
"251,501,751",7048.01043643527,"174,250,364,501,630,751,982",172.074908268971,"174,250,364,501,630,751,982",172.074908268971,"174,250,364,501,630,751,837",174.189120878587,"174,250,258,480,481,499,501,751",7112.11276894173,"250,501,751",7043.24275908805,2,"250,501,751",7042.81014,4.001,4.001,4.001,5.001,0.001,0.001
"251,501,751",6938.71257144408,"165,251,436,501,661,749,848",65.6033530662924,"165,249,436,501,661,749,848",66.5861005168269,"165,249,436,501,661,749,848",66.5861005168269,"249,251,461,494,499,501,503,749,754,758",7046.21063939966,"249,501,749",6932.2786973391,2,"249,501,749",6930.43469,4.002,4.004,4.004,7.002,0.004,0.004
"251,501,751",6878.31507802616,"147,250,351,502,612,751,892",15.5493714348076,"147,251,351,502,612,752,892",15.9930874616404,"147,251,351,502,612,752,892",15.9930874616404,"210,214,245,247,250,251,488,501,502,503,510,751,752",7041.10525102807,"251,502,752",6877.309707968,2,"251,502,752",6872.01331,4.002,4.002,4.002,10,0.002,0.002
"251,501,751",6973.74087576732,"104,251,345,501,579,754,890",102.115237768196,"104,251,345,501,579,754,890",102.115237768196,"104,251,345,501,579,754,890",102.115237768196,"248,250,251,260,467,497,501,505,750,754,759",7074.0638974925,"251,501,754",6959.57817113605,2,"251,501,754",6957.38145,4.003,4.003,4.003,8.001,0.003,0.003
"251,501,751",6974.34246868888,"89,237,257,460,501,629,751,834",97.4417131413316,"89,252,407,505,584,751,834",98.9326931819617,"89,252,460,501,584,751,834",98.2511257959325,"237,252,257,501,505,508,512,522,530,542,751",7069.69146783174,"252,501,751",6961.93301539816,2,"252,501,751",6959.43139,5.006,4.001,4.005,8.001,0.001,0.001
"251,501,751",6996.84318540026,"42,157,251,401,501,639,751,918",136.404548217545,"117,251,401,501,639,751,918",137.249255370756,"117,251,401,501,639,751,918",137.249255370756,"251,501,505,522,595,607,744,751",7080.62743460012,"251,501,751",7001.15067349814,2,"251,501,751",6995.76018,5,4,4,5,0,0
"251,501,751",6896.25829558522,"191,253,384,501,604,752,917",25.0371557364179,"191,250,319,501,604,752,917",27.8350644085292,"191,250,319,501,604,752,917",27.8350644085292,"235,250,253,489,501,528,535,737,751,752",6990.61840795343,"253,501,752",6887.90417902751,2,"253,501,752",6886.80957,4.003,4.002,4.002,7.001,0.003,0.003
"251,501,751",6910.74293244999,"117,251,396,501,656,751,863,966",55.0548392460452,"117,251,396,501,656,751,916",56.752982724268,"117,251,396,501,656,751,916",56.752982724268,"246,251,253,501,511,751",6984.80120568985,"251,501,751",6906.70123249519,2,"251,501,751",6906.67892,5,4,4,3,0,0
"251,501,751",7043.60848123945,"126,251,282,499,749,921",139.230078512916,"126,251,282,499,749,921",139.230078512916,"126,251,282,499,749,921",139.230078512916,"250,251,273,497,498,499,501,549,749,751,753,754,755,757",7210.113668072,"251,498,749",7031.43048968644,2,"251,498,749",7030.35133,3.004,3.004,3.004,11,0.005,0.005
"251,501,751",6938.79154989358,"121,251,376,501,751,835",68.7754883262801,"121,251,376,501,751,835",68.7754883262801,"121,251,376,501,751,835",68.7754883262801,"250,251,254,499,501,503,591,750,751",7015.53552716101,"251,501,751",6930.00094706708,2,"251,501,751",6929.7993,3,3,3,6,0,0
"251,501,751",6932.76996630697,"32,180,251,315,501,635,751,844",64.1562809485927,"126,251,315,501,635,751,844",67.6471572714213,"126,251,315,501,635,751,844",67.6471572714213,"251,415,418,424,472,501,502,503,535,751",7090.00294207312,"251,501,751",6925.70532645036,2,"251,501,751",6924.99898,5,4,4,7,0,0
"251,501,751",6937.19491518389,"91,251,333,501,629,751,927",70.4309052439923,"91,251,333,501,629,751,927",70.4309052439923,"91,251,333,501,629,751,927",70.4309052439923,"251,481,501,502,539,743,751,757",7015.3702600447,"251,501,751",6937.44731348835,2,"251,501,751",6934.17301,4,4,4,5,0,0
"251,501,751",6969.57738294948,"124,251,327,501,656,752,910",81.0963387162821,"124,251,327,501,656,752,910",81.0963387162821,"124,251,327,501,656,752,910",81.0963387162821,"251,448,469,501,503,509,544,546,751,752",7100.43621205657,"251,501,752",6958.78406019012,2,"251,501,752",6958.22704,4.001,4.001,4.001,7,0.001,0.001
"251,501,751",6988.56767614823,"153,255,426,500,584,751,832,995",131.550880380939,"153,255,426,500,584,751,832,995",131.550880380939,"153,255,426,500,584,751,832",131.962568287429,"247,255,256,261,494,497,500,501,519,521,751,755",7128.85065041057,"255,500,751",6987.72125523494,2,"255,500,751",6979.51915,5.005,4.005,5.005,9.004,0.005,0.005
"251,501,751",6972.66981045081,"56,251,355,501,627,755,925",106.035979767812,"56,251,355,501,627,752,925",108.597174492208,"55,251,355,501,627,752,925",108.628272344616,"250,251,252,253,453,494,501,512,751,752,755",7096.57152064198,"251,501,755",6966.4999907628,2,"251,501,755",6965.46171,4.004,4.001,4.001,8,0.004,0.004
"251,501,751",6975.02922001326,"112,252,384,501,632,751,859",108.519345285728,"112,252,384,501,632,751,859",108.519345285728,"112,252,384,501,632,751,859",108.519345285728,"249,252,466,497,501,515,524,746,751,753,755,758,759",7111.07133461128,"252,501,751",6975.18690893413,2,"252,501,751",6970.98207,4.001,4.001,4.001,10.001,0.001,0.001
"251,501,751",6973.41630502535,"131,251,340,502,561,751,920",103.547710042736,"131,251,340,501,561,751,920",104.477942862463,"131,251,340,502,561,751,920",103.547710042736,"250,251,461,475,493,494,498,501,502,751",7081.16442510202,"251,502,751",6972.89118675935,2,"251,502,751",6972.23566,4.001,4.001,4,7,0.001,0.001
"251,501,751",6952.46044404959,"34,108,251,423,501,618,718,751,923",83.9882916910662,"82,251,423,501,618,718,751,923",84.8563870890493,"82,251,423,501,618,718,751,923",84.8563870890493,"251,255,487,496,500,501,502,505,546,750,751",7096.28640861508,"251,487,502,751",6957.25979799106,3,"251,502,751",6948.60122,6,5,5,8,1.001,0.001
"251,501,751",6949.80581582207,"155,250,401,500,584,752,842",50.7100731443946,"155,250,401,500,584,752,842",50.7100731443946,"155,250,401,500,584,752,842",50.7100731443946,"247,250,456,499,500,501,751,752",7040.71743270948,"250,500,752",6936.6397561471,2,"250,500,752",6935.08614,4.003,4.003,4.003,5.001,0.003,0.003
"251,501,751",6963.58363054262,"136,251,422,501,625,751,845",84.9581314004231,"136,251,422,501,625,751,845",84.9581314004231,"136,251,422,501,625,751,845",84.9581314004231,"243,249,251,465,499,501,751",7034.73181232852,"251,501,751",6958.82388397869,2,"251,501,751",6958.78147,4,4,4,4,0,0
"251,501,751",6951.58288994509,"110,251,315,502,569,754,913",62.8121669808328,"110,251,315,502,569,757,913",62.9228597410015,"110,251,315,502,569,757,913",62.9228597410015,"251,453,461,495,496,501,502,515,751,754,757,759",7094.87654660952,"251,502,757",6940.63648768823,2,"251,502,757",6939.7191,4.004,4.007,4.007,9,0.007,0.007
"251,501,751",6950.77379916477,"186,250,350,500,633,751,812,944",97.5473506077438,"186,251,350,500,633,751,867",101.525746006247,"186,251,350,500,633,751,867",101.525746006247,"248,250,251,497,500,502,506,751,758",7111.72902479336,"250,500,506,751",6956.26847588367,3,"250,500,751",6944.9877,5.002,4.001,4.001,6.001,1.002,0.002
"251,501,751",7050.47202779671,"150,251,336,501,612,751,927",186.604126875053,"150,251,336,501,612,751,927",186.604126875053,"150,251,336,501,612,751,927",186.604126875053,"250,251,396,438,487,493,501,509,511,751",7170.69926089309,"251,501,751",7048.81843683229,2,"251,501,751",7048.74429,4,4,4,7,0,0
"251,501,751",6919.92146044273,"119,252,458,499,572,750,889",41.5395242379655,"119,252,458,500,572,750,889",41.6635571855242,"119,252,458,500,572,750,889",41.6635571855242,"252,254,482,499,500,501,504,509,513,521,522,745,750",7073.40952147867,"252,499,750",6909.05725281863,2,"252,499,750",6908.65671,4.004,4.003,4.003,10.002,0.004,0.004
"251,501,751",6965.46533244376,"126,250,363,499,572,747,901",105.696332834599,"126,250,363,499,572,747,901",105.696332834599,"126,250,363,499,572,747,901",105.696332834599,"248,250,251,490,497,499,500,501,747,751,752",7125.49372775667,"250,497,747",6962.73651919278,2,"250,497,747",6956.54606,4.007,4.007,4.007,8,0.009,0.009
"251,501,751",7040.81374340547,"110,251,387,498,696,753,899",160.334486743508,"110,251,387,498,696,753,899",160.334486743508,"110,251,387,498,696,753,899",160.334486743508,"248,249,251,461,498,504,513,753,761",7138.64455025779,"251,498,753",7019.4339094127,2,"251,498,753",7019.18674,4.005,4.005,4.005,6.005,0.005,0.005
"251,501,751",6884.55054795305,"133,251,304,446,502,646,749,867",5.23030222726619,"133,251,304,446,502,646,749,867",5.23030222726619,"133,251,304,446,503,646,749,867",5.71523127561686,"250,251,257,399,418,467,502,503,516,519,527,536,749,751",7023.10157083143,"251,502,749",6869.29522168176,2,"251,502,749",6868.50428,5.003,5.004,5.003,11.001,0.003,0.003
"251,501,751",6983.22785301492,"171,250,396,501,617,751,821",118.146732998305,"159,241,271,396,501,617,751,821",120.982089409102,"171,241,271,396,501,617,751,821",121.010094484837,"239,241,249,250,254,500,501,502,504,518,522,751",7115.35585165432,"250,501,751",6972.37109221471,2,"250,501,751",6971.51028,4.001,5.01,5.01,9.001,0.001,0.001
"251,501,751",6975.33359171247,"143,251,391,501,628,753,833",100.102153870663,"143,251,391,501,628,751,833",101.040894457436,"143,251,391,501,628,751,833",101.040894457436,"251,482,500,501,507,508,524,531,751,753,755,758,761",7111.90737364783,"251,500,751",6984.27249869769,2,"251,500,751",6974.56702,4.002,4,4,10,0.001,0.001
"251,501,751",6943.28388481663,"113,250,424,501,563,751,889",66.7144395072961,"113,250,424,501,563,751,889",66.7144395072961,"113,250,424,501,563,751,889",66.7144395072961,"250,500,501,508,751,754",7044.87820343233,"250,501,751",6938.66208417841,2,"250,501,751",6938.62915,4.001,4.001,4.001,3.001,0.001,0.001
"251,501,751",6915.48140264635,"132,251,397,501,607,751,951",43.2334179938924,"132,251,397,501,607,751,951",43.2334179938924,"132,251,397,501,607,751,951",43.2334179938924,"251,501,503,511,751,758,760",7007.60270315904,"251,501,751",6913.69261262639,2,"251,501,751",6913.53104,4,4,4,4,0,0
"251,501,751",6916.68905501317,"171,251,339,502,672,751,924",44.1731136727997,"171,251,339,502,669,747,924",53.2578215772355,"171,251,458,502,672,747,924",55.9159577842228,"251,483,502,513,582,747,751",6981.46702269366,"251,502,751",6910.60722688063,2,"251,502,751",6909.61486,4.001,4.005,4.005,4.001,0.001,0.001
"251,501,751",6889.54656051472,"154,251,352,501,634,751,888",15.8961596164289,"154,251,352,501,634,751,888",15.8961596164289,"154,251,352,501,634,751,888",15.8961596164289,"251,257,492,501,503,515,548,570,751",6977.7644206489,"251,501,751",6882.27570803202,2,"251,501,751",6882.15064,4,4,4,6,0,0
"251,501,751",6920.88433874309,"135,253,354,502,640,751,885",54.1758127589992,"135,253,354,502,640,751,885",54.1758127589992,"135,253,354,502,640,751,885",54.1758127589992,"247,250,251,253,474,498,502,512,520,527,751",7059.27327852717,"253,502,751",6916.89888911575,2,"253,502,751",6916.61841,4.003,4.003,4.003,8.001,0.003,0.003
"251,501,751",6912.77446657167,"108,251,402,503,624,751,785",48.1841032719419,"108,251,402,503,624,751,785",48.1841032719419,"108,251,402,503,624,751,785,967",48.0363198004302,"251,484,499,501,503,751,785",7004.26135657841,"251,503,751",6907.52408706389,2,"251,503,751",6907.39596,4.002,5.002,4.002,4,0.002,0.002
"251,501,751",6938.78650718119,"122,253,376,501,628,751,813",65.1296198068936,"122,253,376,501,628,751,813",65.1296198068936,"122,253,376,501,628,751,813",65.1296198068936,"253,499,501,516,517,751,765,767",7015.08465542108,"253,501,751",6924.30032766464,2,"253,501,751",6923.87262,4.002,4.002,4.002,5.002,0.002,0.002
"251,501,751",6963.01503436425,"78,252,394,501,535,751,887",83.4311898793253,"78,254,394,501,535,636,755,913",87.7263216281817,"78,254,394,501,535,636,755,913",87.7263216281817,"251,252,254,501,523,751,755,760",7073.92696013405,"251,501,751,755",6971.29885143122,3,"251,501,755",6960.01401,4.001,5.007,5.007,5,1,0.004
"251,501,751",6957.93277833222,"147,250,416,500,634,750,872",84.5631962451774,"147,250,416,501,634,751,872",85.2407569048978,"147,250,416,501,634,751,872",85.2407569048978,"243,249,250,251,483,486,497,500,501,502,741,743,747,750,751",7115.27919548832,"249,501,751",6956.68787003394,2,"249,501,751",6952.42672,4.003,4.001,4.001,12,0.002,0.002
"251,501,751",7015.47923295327,"173,250,458,500,624,749,942",132.2385596067,"173,250,458,500,624,749,942",132.2385596067,"173,250,458,500,624,749,942",132.2385596067,"250,251,494,500,529,749,754",7077.06276251762,"250,500,749",7001.09366889361,2,"250,500,749",7001.05453,4.004,4.004,4.004,4.003,0.004,0.004
"251,501,751",6908.58641505743,"83,247,344,501,559,749,887",36.770008378234,"83,247,344,501,559,749,887",36.770008378234,"83,247,344,501,559,749,887",36.770008378234,"247,253,415,478,493,499,501,504,748,749,750,752",7022.67784519152,"247,501,749",6909.97875422235,2,"247,501,749",6895.22647,4.006,4.006,4.006,9.003,0.006,0.006
"251,501,751",6961.21265918585,"119,252,365,501,635,751,799",86.3741656147927,"119,252,365,501,635,751,799",86.3741656147927,"141,252,365,501,635,751,799",86.3929998026018,"252,473,492,498,501,751,765",7041.66008559268,"252,501,751",6949.37446705998,2,"252,501,751",6948.88015,4.001,4.001,4.001,4.001,0.001,0.001
"251,501,751",6979.00786281008,"98,251,392,501,644,751,847",115.512495183806,"98,251,392,501,644,751,847",115.512495183806,"98,251,392,501,644,751,949",118.983929606229,"246,249,251,261,500,501,512,513,751",7077.07993128047,"251,501,751",6981.95935136641,2,"251,501,751",6976.23842,4,4,4,6,0,0
"251,501,751",6943.68157056183,"118,251,321,462,501,618,752,900",77.6141547917107,"118,251,321,462,501,618,752,900",77.6141547917107,"118,251,321,462,501,618,752,900",77.6141547917107,"245,251,255,486,496,501,546,751,752,758",7039.4344498977,"245,251,501,752",6953.64802770784,4,"251,501,752",6938.61404,5.001,5.001,5.001,7,1.001,0.001
"251,501,751",6948.42218024729,"137,251,411,501,595,751,859",74.8910956290649,"137,251,411,501,595,751,859",74.8910956290649,"137,251,411,501,595,751,859",74.8910956290649,"250,251,258,441,486,497,501,503,511,751",7074.30751117768,"251,501,751",6944.2380693864,2,"251,501,751",6943.8742,4,4,4,7,0,0
"251,501,751",7031.0895525722,"152,251,387,501,618,752",153.919879586585,"152,251,387,501,618,752",153.919879586585,"152,251,387,501,618,752",153.919879586585,"251,446,494,499,501,752,764",7100.42359307227,"251,501,752",7024.25051601894,2,"251,501,752",7024.22759,3.001,3.001,3.001,4.001,0.001,0.001
"251,501,751",6941.30037715378,"143,251,408,501,616,751,830",76.0399686302061,"143,251,408,502,616,751,830",76.1266514972653,"143,251,408,501,616,751,830",76.0399686302061,"251,501,502,746,748,751",7005.85437035621,"251,501,502,751",6950.37157587136,3,"251,502,751",6937.44274,4,4,4.001,3,1,0.001
"251,501,751",6952.27089711172,"181,251,389,501,619,752,814,938",95.2259373954968,"181,251,389,501,619,752,814,938",95.2259373954968,"181,251,389,501,619,752,814,938",95.2259373954968,"251,501,512,518,751,752",7017.36122544476,"251,501,752",6945.29785444922,2,"251,501,752",6944.47479,5.001,5.001,5.001,3,0.001,0.001
"251,501,751",6947.05464148063,"92,251,402,501,570,714,751,869,976",67.6235627373135,"92,251,402,501,638,751,930",73.1467904910801,"92,251,402,501,638,751,930",73.1467904910801,"247,248,251,471,490,497,501,515,517,519,731,751",7073.68899325618,"251,501,751",6969.15662071734,2,"251,501,751",6945.6987,6,4,4,9,0,0
"251,501,751",6896.09594576885,"95,250,424,501,615,751,876",29.5546493875338,"95,250,424,501,615,750,876",30.6655290682256,"95,250,424,501,615,750,876",30.6655290682256,"250,253,254,255,464,493,501,518,742,750,751,753,761",7041.68784067944,"250,501,751",6892.07296223195,2,"250,501,751",6891.6124,4.001,4.002,4.002,10.001,0.001,0.001
"251,501,751",6959.0462052203,"121,250,343,502,681,748,827",86.9974735860333,"121,250,343,502,681,748,827",86.9974735860333,"121,250,343,502,681,748,827",86.9974735860333,"250,251,496,497,501,502,540,747,748,751",7061.9705359104,"250,502,748",6948.81752708233,2,"250,502,748",6948.42393,4.005,4.005,4.005,7,0.005,0.005
"251,501,751",7008.21116890581,"157,251,417,501,644,750,857",139.06408823706,"157,251,417,501,644,750,857",139.06408823706,"157,251,417,501,644,750,857",139.06408823706,"228,251,452,478,484,491,493,501,750,751,754,755",7176.51231459988,"251,501,750",7007.75316599559,2,"251,501,750",7007.40912,4.001,4.001,4.001,9,0.001,0.001
"251,501,751",7009.23371828828,"141,251,383,501,563,752,940",128.984846201101,"141,251,383,501,563,752,940",128.984846201101,"141,251,383,501,563,752,940",128.984846201101,"251,457,460,484,499,501,752",7082.38886742331,"251,501,752",6997.93280555835,2,"251,501,752",6997.88822,4.001,4.001,4.001,4.001,0.001,0.001
"251,501,751",6945.72199522038,"103,251,396,501,621,751,880",93.0326365619382,"103,251,396,501,621,751,880",93.0326365619382,"103,251,396,501,621,751,880",93.0326365619382,"244,251,252,484,501,502,503,514,515,520,751,754",7091.07631108712,"251,501,751",6943.761637438,2,"251,501,751",6943.59113,4,4,4,9,0,0
"251,501,751",7017.0295142414,"123,252,407,499,748,878",133.530155068471,"123,252,407,499,605,751,878",135.46635305053,"123,252,407,499,751,878",135.919084499949,"251,252,484,490,494,499,501,514,516,519,531,747,748,751,753",7215.70773851881,"251,252,499,751",7029.71795240071,3,"251,499,751",7012.03455,3.006,3.003,4.003,12,1.002,0.002
"251,501,751",7009.31381083202,"114,251,332,507,612,750,817",131.960488588405,"114,251,332,507,612,750,817",131.960488588405,"114,251,332,507,612,750,817",131.960488588405,"251,497,501,507,513,515,750,751,754,756",7172.58758716479,"251,507,751",7000.0021764259,2,"251,507,751",6995.96216,4.007,4.007,4.007,7,0.006,0.006
"251,501,751",6896.45637353365,"70,190,252,414,501,623,752,808,950",20.3296402152306,"70,190,250,414,504,623,752,808,950",20.7328122405046,"70,190,250,414,504,623,752,808,950",20.7328122405046,"250,252,496,497,501,504,519,531,532,752",7021.67305502248,"250,496,504,532,752",6890.28866705729,7,"250,504,752",6880.30717,6.002,6.005,6.005,7.002,2.005,0.005
"251,501,751",6961.27792079251,"70,251,377,501,617,751,856",95.7435889791423,"70,251,377,501,617,751,856",95.7435889791423,"70,251,377,501,617,751,856",95.7435889791423,"251,441,494,498,501,508,751,752,754",7047.90822131577,"251,501,751",6955.32177736082,2,"251,501,751",6955.25961,4,4,4,6,0,0
"251,501,751",7002.19257400547,"144,251,411,501,659,751,847",132.145379246947,"144,251,411,501,659,751,847",132.145379246947,"144,251,411,501,659,751,847",132.145379246947,"250,251,495,496,501,507,751,752",7074.98136776472,"251,501,751",6989.01630071218,2,"251,501,751",6988.9042,4,4,4,5,0,0
"251,501,751",6951.40110043131,"88,254,362,501,674,751,862",71.5469668270487,"88,254,362,501,674,751,862",71.5469668270487,"88,254,362,501,674,751,862",71.5469668270487,"251,252,254,442,499,501,546,566,750,751",7055.62008663897,"254,501,751",6943.82245517363,2,"254,501,751",6943.61316,4.003,4.003,4.003,7,0.003,0.003
"251,501,751",6994.65921609259,"109,252,361,501,623,744,827",123.195577107188,"109,252,361,501,623,744,827",123.195577107188,"109,252,361,501,624,744,827",123.197873332596,"250,251,252,499,501,508,536,744,751",7115.47212663001,"252,501,751",6991.20398899299,2,"252,501,751",6987.91884,4.008,4.008,4.008,6,0.001,0.001
"251,501,751",7011.7781986124,"151,251,377,501,642,751,874",125.736427422766,"151,248,377,501,642,751,874",127.616944984692,"151,248,377,501,642,751,910",127.638373012192,"239,248,251,256,257,495,498,499,501,503,509,511,751,759",7172.69441952611,"257,495,501,751",7016.94093894498,3,"257,501,751",7003.95908,4,4.003,4.003,11,1.006,0.006
"251,501,751",6916.97257228667,"218,251,387,502,630,751,842",56.1630849387426,"218,254,387,502,630,751,842",56.3851008913597,"218,254,387,502,630,751,842",56.3851008913597,"251,254,497,500,501,502,503,750,751",7044.0137280037,"251,501,502,751",6925.02350838182,3,"251,502,751",6912.19009,4.001,4.004,4.004,6,1,0.001
"251,501,751",7013.10223699411,"133,251,360,499,608,752,871",141.119389183218,"133,251,360,499,608,750,871",141.387496351879,"133,251,360,499,608,750,871",141.387496351879,"251,252,499,500,502,508,512,750,752,753",7133.5203934269,"251,499,750",7006.4055749172,2,"251,499,750",7005.21862,4.003,4.003,4.003,7.002,0.003,0.003
"251,501,751",6979.81562398224,"111,255,297,404,499,629,751,897",120.927573334326,"111,255,297,400,499,629,751,897",121.203782858815,"111,255,400,499,629,751,897",121.668789945184,"253,254,255,259,488,499,501,504,541,543,751",7093.31407257616,"259,499,504,751",6984.29248620693,3,"259,499,751",6968.12367,5.006,4.006,5.006,8.002,1.01,0.01
"251,501,751",6918.23977857638,"55,251,397,501,677,753,892",55.2112164249641,"55,251,397,501,677,751,840",57.7012186357582,"55,251,397,501,677,751,840",57.7012186357582,"251,472,483,501,510,513,523,748,751,753",7063.08684414659,"251,501,753",6913.95686237992,2,"251,501,753",6913.7599,4.002,4,4,7,0.002,0.002
"251,501,751",7034.17402761198,"124,251,311,501,640,751,852",174.402651065347,"124,252,311,501,640,751,852",175.931175517623,"124,252,311,501,640,751,973",177.941425382279,"251,252,470,487,501,518,528,751,754",7130.12589532587,"251,501,751",7031.8322780396,2,"251,501,751",7031.45788,4,4.001,4.001,6,0,0
"251,501,751",6908.90226525116,"47,252,411,499,691,752,818",26.7098135930127,"47,252,411,500,691,752,818",26.7737855676854,"47,252,411,499,691,752,818",26.7098135930127,"251,252,488,497,499,500,504,507,514,521,750,752",7067.77560140036,"252,499,752",6892.52783694677,2,"252,499,752",6891.6651,4.004,4.004,4.003,9.002,0.004,0.004
"251,501,751",6917.82575199197,"97,251,365,501,628,755,829",39.2008500268464,"97,251,365,501,628,755,829",39.2008500268464,"97,251,365,501,628,755,829",39.2008500268464,"248,251,501,502,523,536,554,751,755,767",7030.11204900663,"251,501,755",6906.47768994063,2,"251,501,755",6906.05825,4.004,4.004,4.004,7,0.004,0.004
"251,501,751",7025.79149050026,"151,253,445,501,582,699,751,837",158.786613657994,"151,251,445,501,582,699,750,837",161.150339682012,"151,251,445,501,582,750,837",161.365157107129,"251,253,254,256,499,501,513,535,741,750,751,753",7183.22027418653,"251,501,753",7030.841869717,2,"251,501,753",7024.02857,5.002,4.001,5.001,9,0.002,0.002
"251,501,751",6944.45758619995,"144,253,348,501,641,751,798,981",68.6069000684555,"144,253,348,501,641,751,798,981",68.6069000684555,"138,253,348,501,641,751,798,987",72.5289164850378,"250,253,255,492,501,507,557,751,774,782",7061.64725535767,"253,501,751",6932.42593029086,2,"253,501,751",6932.26152,5.002,5.002,5.002,7.001,0.002,0.002
"251,501,751",6953.52779384161,"99,252,366,500,641,751",59.5803947538319,"99,252,366,500,641,751",59.5803947538319,"99,252,366,500,641,751",59.5803947538319,"252,493,496,498,500,502,751,755",7058.56491664301,"252,502,751",6947.41361511531,2,"252,502,751",6947.19304,3.002,3.002,3.002,5.002,0.002,0.002
"251,501,751",6884.46819948209,"210,251,430,501,628,750,809",23.0350887260999,"210,251,430,501,628,751,809",23.4099410703447,"210,251,430,501,628,751,809,947",23.556534532577,"251,501,746,750,751,752",6968.69637585669,"251,501,752",6882.89554257258,2,"251,501,752",6881.70305,4.001,5,4,3,0.001,0.001
"251,501,751",7014.89072818573,"141,251,376,501,624,752,921",144.200492075266,"141,251,376,501,624,752,921",144.200492075266,"141,251,376,501,624,752,921",144.200492075266,"251,501,506,508,513,747,748,750,752",7102.3551151615,"251,501,752",7009.85326867764,2,"251,501,752",7009.82277,4.001,4.001,4.001,6.001,0.001,0.001
"251,501,751",6905.98018099304,"53,252,383,501,648,753,878",35.2272231102895,"53,252,383,501,648,748,878",39.7682034523636,"53,252,383,501,648,748,878",39.7682034523636,"247,252,469,501,504,748,753",6966.50549451925,"252,501,753",6892.56904010423,2,"252,501,753",6891.65308,4.003,4.004,4.004,4.003,0.003,0.003
"251,501,751",6978.05149789121,"155,251,375,500,700,750,854",98.7766782231286,"155,251,375,500,700,750,854",98.7766782231286,"155,251,375,500,700,750,796,799,854",102.195129657934,"251,254,438,493,499,500,503,509,547,556,566,750,751,759",7144.82546566078,"251,500,750",6974.14976087423,2,"251,500,750",6972.26778,4.002,6.002,4.002,11.001,0.002,0.002
"251,501,751",7015.70292237746,"162,251,400,501,645,751,846",151.677517671545,"162,251,400,501,645,751,846",151.677517671545,"162,251,400,501,645,751,846",151.677517671545,"209,251,482,485,487,501,505,518,521,751,756",7129.86406569409,"251,501,751",7012.79587351376,2,"251,501,751",7011.49266,4,4,4,8,0,0
"251,501,751",6933.90725279389,"8,182,254,420,501,603,749,872",49.8056254731722,"8,182,254,420,501,603,751,872",51.2325012031251,"182,254,420,501,603,751,872",52.5678200209041,"92,253,254,501,506,531,749,750,751",7002.61527360917,"253,501,749",6925.28015454064,2,"253,501,749",6921.23547,5.005,4.003,5.003,6.002,0.004,0.004
"251,501,751",7046.69765247134,"90,249,379,501,678,750,909",163.632350156292,"90,249,379,501,678,750,909",163.632350156292,"249,379,501,678,750,909",167.907285049548,"246,249,251,498,501,504,513,515,521,560,723,750,751",7180.35216021895,"249,501,750",7043.914046754,2,"249,501,750",7040.42741,4.003,3.003,4.003,10,0.003,0.003
"251,501,751",6973.34775760881,"124,251,393,501,591,751,785,934",94.6902183495312,"124,251,393,501,591,751,785,934",94.6902183495312,"124,251,393,506,591,751,777,934",95.2718581701735,"251,500,501,506,530,626,669,749,751,773,777",7066.28521683999,"251,501,751",6975.67876448019,2,"251,501,751",6972.04918,5,5.005,5,8,0,0
"251,501,751",6916.93710687629,"184,253,386,501,588,750,918",52.8766832585667,"184,253,386,501,588,750,918",52.8766832585667,"184,253,386,501,588,750,810",53.6108643281036,"248,250,253,255,474,479,499,501,746,750",7036.15106740441,"250,501,750",6905.86904430112,2,"250,501,750",6904.78196,4.003,4.003,4.003,7.002,0.002,0.002
"251,501,751",6977.17943729997,"108,251,286,287,371,501,643,751,831",128.099148936151,"108,254,371,501,643,751,831",131.567671698116,"108,254,286,287,371,501,643,751,831,951",134.527023222772,"246,251,254,462,490,501,502,508,512,522,751",7122.83762919332,"251,501,751",6975.70145035843,2,"251,501,751",6974.8703,6,7.003,4.003,8,0,0
"251,501,751",6885.09986724247,"182,251,341,502,624,750,884",8.90186932122054,"182,251,341,501,624,750,884",9.04648517401965,"182,251,341,503,624,750,884",8.9188378254985,"223,251,266,485,501,502,503,534,750,754",6983.63919662047,"251,501,750",6880.3613589262,2,"251,501,750",6877.46474,4.002,4.003,4.001,7.001,0.001,0.001
"251,501,751",6992.74372320182,"71,247,336,503,640,753,820",134.023370662217,"71,251,336,503,640,753,820",135.345590126166,"71,251,336,503,640,753,820",135.345590126166,"247,251,427,443,499,500,501,503,507,512,519,703,751,753,754",7149.94914704982,"251,503,754",6993.84095588798,2,"251,503,754",6985.26803,4.008,4.004,4.004,12,0.005,0.005
"251,501,751",6977.02475058419,"45,251,369,500,723,751,909",109.574431451755,"45,251,369,500,723,751,909",109.574431451755,"45,251,369,500,723,751,909",109.574431451755,"251,259,454,500,501,746,751",7054.83355578972,"251,500,751",6974.50679627006,2,"251,500,751",6973.89685,4.001,4.001,4.001,4,0.001,0.001
"251,501,751",6866.44061415076,"141,251,375,501,619,751,831",-11.2311313676531,"141,251,375,501,619,750,831",-11.2178970791101,"141,251,375,501,619,750,831",-11.2178970791101,"248,251,257,488,501,750,751,752,754",6951.01548266668,"251,501,750",6846.35332662458,2,"251,501,750",6845.97916,4,4.001,4.001,6,0.001,0.001
"251,501,751",6925.96944136223,"148,251,420,501,641,751,884",56.1513903414345,"148,251,420,501,641,751,884",56.1513903414345,"148,251,420,501,641,751,884",56.1513903414345,"242,245,249,251,466,501,521,524,747,751",7049.29417222925,"251,501,751",6921.35980739061,2,"251,501,751",6920.99733,4,4,4,7,0,0
"251,501,751",7049.91274595112,"77,251,388,501,551,751,894",150.152325816552,"77,251,388,501,551,751,894",150.152325816552,"77,251,388,501,551,751,894",150.152325816552,"245,248,251,495,500,501,751",7100.0917215797,"251,501,751",7031.47163774191,2,"251,501,751",7031.31379,4,4,4,4,0,0
"251,501,751",7016.79827333934,"195,251,340,501,559,751,923",146.45121048357,"195,251,340,501,559,751,923",146.45121048357,"195,251,340,501,559,751,923",146.45121048357,"195,250,251,480,483,485,501,538,751,752",7120.1554933944,"251,501,751",7023.36794437109,2,"251,501,751",7015.7484,4,4,4,7,0,0
"251,501,751",6954.34921010887,"175,251,393,504,608,751,866",87.6315959810241,"175,251,393,504,608,751,866",87.6315959810241,"175,251,393,504,608,751,866",87.6315959810241,"251,452,501,504,549,751,757",7025.14989533109,"251,501,504,751",6956.59802746937,3,"251,504,751",6946.59497,4.003,4.003,4.003,4,1,0.003
"251,501,751",7045.37462573763,"59,251,426,502,657,751,853",176.262908072857,"59,251,426,502,657,751,853",176.262908072857,"59,251,431,502,657,751,853",176.453865287894,"249,251,467,475,495,502,504,509,513,514,516,525,744,749,750,751",7228.4142884133,"251,502,751",7040.60316612617,2,"251,502,751",7038.67917,4.001,4.001,4.001,13.001,0.001,0.001
"251,501,751",6962.24569005888,"151,251,352,499,639,751,839",96.0121603175923,"151,251,352,499,639,751,839",96.0121603175923,"151,251,352,499,639,751,839",96.0121603175923,"251,254,483,499,501,751,755",7055.29052018164,"251,499,751",6957.78061941988,2,"251,499,751",6957.4255,4.002,4.002,4.002,4,0.002,0.002
"251,501,751",6916.14912246766,"220,256,379,500,515,691,752,914",39.9208034719615,"220,256,379,500,515,691,752,914",39.9208034719615,"220,256,379,500,515,691,752,914",39.9208034719615,"244,249,250,252,256,258,474,490,499,500,501,717,739,751,752,756,762",7111.51707991827,"250,256,500,752",6918.1136566092,3,"256,500,752",6907.55319,5.007,5.007,5.007,14.001,1.003,0.007
"251,501,751",6971.64117007606,"125,252,357,502,615,751,960",91.5736455993519,"125,252,357,502,615,751,960",91.5736455993519,"125,252,357,502,615,751,960",91.5736455993519,"252,435,451,501,502,514,751,756",7057.26401402576,"252,502,751",6963.52650605281,2,"252,502,751",6962.21452,4.002,4.002,4.002,5.001,0.002,0.002
"251,501,751",7000.05877300403,"63,251,316,501,684,751,874",137.120872211847,"63,251,316,501,684,751,874",137.120872211847,"63,251,316,501,684,751,874",137.120872211847,"251,252,440,479,485,499,501,502,743,751",7150.08661647773,"251,501,751",6996.28920849394,2,"251,501,751",6995.76375,4,4,4,7,0,0
"251,501,751",6960.12011050786,"121,251,331,502,599,751,889",89.6166662959586,"121,251,331,502,599,751,889",89.6166662959586,"121,251,331,502,599,751,889",89.6166662959586,"251,458,498,499,502,578,751,752",7037.09378495789,"251,502,751",6953.95094508839,2,"251,502,751",6953.48274,4.001,4.001,4.001,5.001,0.001,0.001
"251,501,751",6980.01359717922,"147,250,342,502,629,751,893",95.8532576519557,"147,250,342,502,629,751,893",95.8532576519557,"147,250,342,502,629,751,893",95.8532576519557,"245,250,251,482,501,502,516,747,751,755",7084.91088116607,"250,502,751",6970.33145245044,2,"250,502,751",6969.78948,4.002,4.002,4.002,7,0.002,0.002
"251,501,751",7016.3513305334,"121,251,398,503,548,679,751,824",153.129655789368,"121,251,398,501,660,751,824",152.728356435312,"121,251,398,501,660,751,824",152.728356435312,"250,251,252,462,501,503,506,510,747,749,750,751,753",7189.06190168607,"251,501,751",7012.5010090277,2,"251,501,751",7011.74079,5.002,4,4,10,0,0
"251,501,751",6985.59281426546,"136,252,436,501,692,751,825,946",116.273977826935,"136,251,436,501,692,751,924",118.02537206411,"136,251,436,501,692,751,924",118.02537206411,"249,251,252,492,501,508,751,764",7090.85817342245,"252,501,751",6982.59503571634,2,"252,501,751",6982.28659,5.001,4,4,5,0.001,0.001
"251,501,751",6883.31394554736,"107,249,369,501,599,751,848",5.26918764234294,"107,251,369,501,599,751,848",8.46955156857847,"107,251,369,501,599,751,848",8.46955156857847,"249,251,495,501,503,516,744,750,751,757,765",6985.43940144425,"249,501,503,751",6882.99598312757,3,"249,501,751",6870.2539,4.002,4,4,8,1.002,0.002
"251,501,751",6934.19819994521,"111,250,372,501,586,752",36.9187862935451,"111,250,372,496,586,752",37.7899227771724,"111,250,372,496,586,752",37.7899227771724,"250,470,493,496,501,507,517,752",7004.51980823989,"250,496,507,752",6920.03958095767,4,"250,496,752",6913.24168,3.002,3.007,3.007,5.002,1.007,0.007
"251,501,751",6981.14261415992,"96,252,434,501,613,751,832",122.478975178324,"96,252,434,501,613,751,832",122.478975178324,"95,252,434,501,613,751,832",122.481445058548,"246,251,252,501,507,751,756,759",7063.57735044876,"252,501,751",6978.07178980103,2,"252,501,751",6978.02516,4.001,4.001,4.001,5,0.001,0.001
"251,501,751",6975.72274579029,"101,251,381,503,607,749,826",90.2061685487229,"101,251,381,503,607,749,826",90.2061685487229,"101,251,381,503,607,749,826",90.2061685487229,"246,250,251,500,503,505,506,749,751,753,767",7113.57612973427,"251,503,749",6963.484512211,2,"251,503,749",6963.23528,4.004,4.004,4.004,8.001,0.004,0.004
"251,501,751",6929.09339719544,"153,251,427,501,576,749,791",64.8311422949585,"153,251,427,501,576,749,791",64.8311422949585,"153,251,427,501,576,749,791",64.8311422949585,"251,252,501,506,523,544,749,750,751,752,753",7044.52261211439,"251,501,749,752",6937.43479494461,3,"251,501,752",6925.68111,4.002,4.002,4.002,8,1.001,0.001
"251,501,751",7049.06117282673,"129,202,254,417,498,623,752,897",170.941372016402,"129,202,248,274,417,498,623,752,897",178.667325102337,"129,202,248,274,417,498,623,752,897",178.667325102337,"202,225,245,248,254,274,464,491,496,498,501,522,751,752,756",7186.28030756275,"202,254,498,752",7036.58914076519,2,"202,254,498,752",7035.23483,5.007,6.007,6.007,12.003,1.007,1.007
"251,501,751",6982.37105033686,"79,223,251,358,500,604,752,904",103.291146354969,"124,223,250,358,500,604,752,904",106.081794713828,"124,250,500,604,752,904",114.315066873182,"223,232,249,250,251,423,472,500,501,504,510,544,750,752",7110.3427835376,"251,500,752",6967.4313179595,2,"251,500,752",6965.54877,5.002,3.003,5.003,11.001,0.002,0.002
"251,501,751",6845.17224610412,"155,252,348,501,538,684,750,877",-34.7112865586972,"155,252,348,501,538,684,750,877",-34.7112865586972,"155,252,348,501,538,750,877",-31.9672424335899,"251,252,497,501,506,750,751",6946.23011194156,"252,501,750",6839.59959518371,2,"252,501,750",6839.46749,5.002,4.002,5.002,4,0.002,0.002
"251,501,751",6932.3073807022,"126,251,390,501,625,751,866",72.2788370329303,"126,251,390,501,625,751,866",72.2788370329303,"126,251,390,501,625,751,866",72.2788370329303,"247,251,437,438,486,501,502,583,751,752",7055.95867085141,"251,501,751",6932.21709994883,2,"251,501,751",6930.62692,4,4,4,7,0,0
"251,501,751",7008.24673797823,"150,251,366,501,702,751,866",144.401559490801,"150,251,366,501,702,751,866",144.401559490801,"150,251,366,501,702,751,866",144.401559490801,"251,254,495,498,501,502,751",7097.44532525935,"251,501,751",7007.49129196403,2,"251,501,751",7007.39891,4,4,4,4,0,0
"251,501,751",6956.74055703637,"114,252,374,501,634,752,857",99.2306407683596,"114,253,374,501,634,752,857",99.9638478065131,"114,253,374,501,634,752,857",99.9638478065131,"244,250,252,253,429,463,484,500,501,503,530,752",7094.32314450685,"253,501,752",6958.14862665967,2,"253,501,752",6945.45227,4.002,4.003,4.003,9.002,0.003,0.003
"251,501,751",6940.0265849656,"111,251,370,501,564,749,854",82.9274756930692,"111,251,370,501,564,749,854",82.9274756930692,"111,251,370,501,563,737,749,854",85.0670882707979,"241,251,500,501,503,526,737,749,753",7062.42227930191,"251,501,749",6933.82055031617,2,"251,501,749",6933.56417,4.002,5.002,4.002,6.002,0.002,0.002
"251,501,751",7026.67435549989,"122,251,430,501,602,720,752,890",163.491355665658,"122,251,430,501,610,750,890",166.145296315094,"122,251,430,501,610,750,890",166.145296315094,"251,498,501,504,507,750,752,754",7132.15268656013,"251,501,752",7025.82581088938,2,"251,501,752",7022.35828,5.001,4.001,4.001,5.001,0.001,0.001
"251,501,751",6983.034068306,"106,232,251,332,501,553,751,876",101.598355344239,"106,239,332,501,553,751,876",103.113665037586,"106,239,332,501,553,751,876",103.113665037586,"232,234,239,246,251,254,256,501,751",7057.83926919765,"239,251,501,751",6979.15096184571,3,"251,501,751",6971.59657,5,4.012,4.012,6,1,0
"251,501,751",6879.71889783469,"8,95,251,397,501,596,751,838",-9.313930871026,"8,95,251,397,501,596,751,838",-9.313930871026,"8,95,251,397,501,596,751,838",-9.313930871026,"250,251,494,495,501,507,523,751,752,754",6983.97307999751,"251,501,751",6878.29938599952,2,"251,501,751",6877.11874,5,5,5,7,0,0
"251,501,751",6949.1803025046,"109,251,382,501,667,751,895",78.4989727261771,"109,256,387,501,667,751,895",79.6571209873627,"109,256,387,501,667,751,895",79.6571209873627,"132,246,251,253,256,260,275,467,472,492,495,501,521,546,743,750,751,752,754,953",7142.16360383898,"251,501,751",6961.79791816958,2,"251,501,751",6943.66974,4,4.005,4.005,17,0,0
"251,501,751",6985.91104524679,"109,250,278,501,643,755,855",116.238146638434,"109,252,278,501,643,755,855",119.692471950414,"109,252,278,501,643,755,855",119.692471950414,"250,251,252,254,258,401,483,485,501,507,534,746,750,755,757,758",7168.10334864136,"250,501,755",6991.00330336811,2,"250,501,755",6980.70349,4.005,4.005,4.005,13.001,0.005,0.005
"251,501,751",6948.63221955253,"145,251,366,497,501,592,751,871",76.8971082365393,"145,251,366,497,501,592,751,871",76.8971082365393,"143,251,366,501,592,751,871",81.1944896870944,"248,251,282,480,501,751",7009.37406742602,"251,501,751",6946.45440764609,2,"251,501,751",6946.3109,5,4,5,3,0,0
"251,501,751",6942.65286640781,"167,247,296,501,685,755,906",81.4105910555651,"167,253,352,501,685,755,906",89.3869650608228,"167,253,352,501,685,755,906",89.3869650608228,"247,253,256,499,500,501,508,746,751,754,755",7044.7037340525,"247,501,508,755",6939.17308584681,3,"247,501,755",6928.90124,4.008,4.006,4.006,8.002,1.008,0.008
"251,501,751",6985.58997700244,"60,192,251,394,498,689,758",104.631862986193,"60,192,251,394,498,572,750,764",106.015935319118,"60,192,251,394,498,568,750,764",106.043160792039,"192,232,250,251,498,502,506,543,750,757,758,764",7090.1302388308,"251,498,750,758",6975.01606209,8,"251,498,758",6968.22343,4.01,5.004,5.004,9.002,1.004,0.01
"251,501,751",7058.43518151174,"143,252,395,501,600,751,865",186.970132397896,"143,252,395,501,600,751,865",186.970132397896,"143,252,395,501,600,751,865",186.970132397896,"252,254,501,751,767",7144.76124065085,"252,501,751",7050.28639713269,2,"252,501,751",7050.21388,4.001,4.001,4.001,2.001,0.001,0.001
"251,501,751",6885.40515820155,"150,251,414,500,659,752,867",-3.93347058547806,"150,251,414,500,659,752,867",-3.93347058547806,"150,251,414,500,659,752,867",-3.93347058547806,"234,248,251,483,497,500,504,506,569,589,752",7006.06454056448,"251,500,752",6872.7149886279,2,"251,500,752",6872.22217,4.002,4.002,4.002,8.002,0.002,0.002
"251,501,751",6904.83989251858,"97,251,444,500,575,739,756,912",20.1357236566036,"97,251,444,500,575,751,912",21.7189093357433,"97,251,444,500,575,739,751,912",20.7455530060129,"250,251,497,500,501,502,503,739,747,751,756",7064.2991742506,"251,500,751",6896.0554627251,2,"251,500,751",6895.77928,5.006,5.001,4.001,8,0.001,0.001
"251,501,751",7056.57337569573,"129,240,266,332,501,623,751,829",194.815234851248,"129,240,266,332,501,623,751,829",194.815234851248,"129,240,266,332,501,623,751,829",194.815234851248,"240,251,253,266,283,486,501,503,504,748,751,755",7167.22407422665,"240,266,501,751",7056.75696869711,2,"240,266,501,751",7055.77775,5.011,5.011,5.011,9,1.011,1.011
"251,501,751",7000.95943264114,"122,251,419,501,599,751,873",145.523092072544,"122,251,419,501,599,750,873",146.353545716342,"122,251,419,501,599,750,873",146.353545716342,"244,251,490,501,502,504,508,750,751",7108.65604879334,"251,501,751",6996.83398566696,2,"251,501,751",6996.474,4,4.001,4.001,6,0,0
"251,501,751",6924.41879950701,"136,251,380,501,589,751,833",66.8661841415485,"136,253,380,501,589,752,833",69.8330491776951,"136,253,380,501,589,752,833",69.8330491776951,"246,248,251,253,267,431,432,498,500,501,544,751,752,753",7076.47800963257,"251,501,751",6923.05537892491,2,"251,501,751",6922.30196,4,4.003,4.003,11,0,0
"251,501,751",6967.26875523365,"112,249,316,450,497,621,751,880",101.902838467117,"112,249,396,499,621,751,880",104.674550253107,"112,249,396,499,621,751,880",104.674550253107,"249,251,488,497,499,500,502,527,750,751,764",7080.43361549374,"249,497,751",6960.17086201108,2,"249,497,751",6957.21186,5.006,4.004,4.004,8.001,0.006,0.006
"251,501,751",6947.00163692405,"155,251,317,429,501,635,751,839",75.9140759883227,"155,251,317,429,501,635,751,839",75.9140759883227,"155,251,317,429,501,635,751,839",75.9140759883227,"248,251,255,265,268,493,501,512,598,751,752",7055.66466673201,"251,501,751",6939.22681715214,2,"251,501,751",6937.65898,5,5,5,8,0,0
"251,501,751",6939.181999553,"91,249,275,449,500,538,682,751,882",81.5421018791461,"91,249,276,449,500,661,751,882",82.4511242347545,"91,249,276,449,500,661,751,825",83.691885438845,"246,249,251,252,275,371,428,470,498,499,500,750,751",7066.28884559128,"249,500,751",6929.54088061685,2,"249,500,751",6928.77122,6.003,5.003,5.003,10.001,0.003,0.003
"251,501,751",6879.91992820829,"164,251,373,501,541,751,837",13.6381589439624,"164,251,373,501,541,751,837",13.6381589439624,"164,251,373,501,541,751,837",13.6381589439624,"239,250,251,496,501,751,752,753,766,771",6978.6117541806,"251,501,751",6876.88440618799,2,"251,501,751",6876.77859,4,4,4,7,0,0
"251,501,751",6982.47298231951,"165,251,432,501,638,753,850",109.633250928455,"165,251,432,501,638,751,850",110.207942696523,"165,251,432,501,638,751,850",110.207942696523,"251,501,530,741,751,753",7032.76972924755,"251,501,753",6978.33752250634,2,"251,501,753",6978.14061,4.002,4,4,3,0.002,0.002
"251,501,751",6930.01496889294,"185,251,355,501,668,751,910",71.9707914743972,"185,251,355,501,668,751,910",71.9707914743972,"185,251,355,501,668,751,910",71.9707914743972,"249,251,252,266,278,499,500,501,506,751,752,759",7061.22856231622,"251,501,751",6930.76371805209,2,"251,501,751",6925.46728,4,4,4,9,0,0
"251,501,751",6891.49803299537,"143,257,388,501,594,751,833",27.1748752056624,"143,252,318,501,594,751,833",32.0104207492076,"143,252,318,501,594,751,833",32.0104207492076,"251,252,257,489,501,503,509,518,530,751",7020.9306511976,"257,501,751",6883.57366972853,2,"257,501,751",6882.66195,4.006,4.001,4.001,7,0.006,0.006
"251,501,751",6919.72299230916,"73,249,412,501,549,751,912",61.1034665285052,"73,249,412,501,549,751,912",61.1034665285052,"73,249,412,501,549,751,912",61.1034665285052,"249,255,501,514,751,762,763",6990.54668404084,"249,501,751",6914.28609512598,2,"249,501,751",6913.90616,4.002,4.002,4.002,4.002,0.002,0.002
"251,501,751",6982.54520159003,"120,251,407,501,622,751,958",102.349977005679,"120,251,407,501,622,751,958",102.349977005679,"120,251,407,501,543,751,958",102.672552617152,"233,248,249,251,470,471,478,501,503,751,753,754,763",7129.39332792897,"251,501,751",6981.68910016054,2,"251,501,751",6980.37388,4,4,4,10,0,0
"251,501,751",7051.15735800051,"160,162,251,412,501,636,751,797",180.409183757948,"172,250,412,501,636,751,797",184.912239267916,"172,250,412,501,636,751,797",184.912239267916,"250,251,474,492,499,501,751,755",7161.43387422206,"250,501,751",7050.53673888911,2,"250,501,751",7050.24503,5,4.001,4.001,5,0.001,0.001
"251,501,751",6945.61711320603,"107,253,453,501,623,751,923",76.4719570854671,"107,253,453,501,623,751,923",76.4719570854671,"107,253,453,501,623,751,836,923",76.0291461606469,"251,253,255,501,504,527,540,547,741,751",7050.09029000873,"253,501,751",6939.45315676912,2,"253,501,751",6939.31329,4.002,5.002,4.002,7,0.002,0.002
"251,501,751",6909.08360174714,"133,251,418,501,589,751,829",36.3002632729409,"133,251,418,501,589,751,829",36.3002632729409,"133,251,418,501,589,751,829",36.3002632729409,"251,487,491,497,501,751,752,768",6988.46886173978,"251,501,751",6906.01448788752,2,"251,501,751",6905.91263,4,4,4,5,0,0
"251,501,751",6889.76757116108,"59,251,318,501,602,751,863",12.7747937578226,"59,251,318,501,602,752,863",13.9158110666271,"59,251,318,501,602,752,863",13.9158110666271,"251,495,501,526,751,752,774",6976.9495911932,"251,501,751",6886.30597139077,2,"251,501,751",6886.24207,4,4.001,4.001,4,0,0
"251,501,751",6975.96143991281,"183,251,420,501,576,750,888",105.507437651568,"183,251,420,501,576,750,888",105.507437651568,"183,251,420,501,576,750,888",105.507437651568,"249,251,482,500,501,748,750,751",7066.64167131358,"251,501,750",6969.41406746506,2,"251,501,750",6969.39383,4.001,4.001,4.001,5,0.001,0.001
"251,501,751",6933.67947758998,"173,252,399,505,510,595,752,834",45.9540275932187,"173,251,399,503,595,752,834",50.6145345787675,"180,251,399,503,595,752,834",51.2955857254832,"251,252,489,496,501,503,505,752,771",7039.7304374391,"251,505,752",6933.62914893835,2,"251,505,752",6923.54232,5.006,4.003,4.003,6.001,0.005,0.005
"251,501,751",6973.54006891894,"45,166,251,354,501,571,751,879",108.555860605409,"109,251,354,501,571,751,879",108.805474009879,"109,251,354,501,571,751,879",108.805474009879,"251,424,433,488,499,501,519,750,751,754",7064.69452677689,"251,501,751,754",6978.66899598687,3,"251,501,751",6966.60364,5,4,4,7,1,0
"251,501,751",6999.63631577323,"58,251,397,501,601,751,850",110.82458150699,"58,251,397,501,601,751,850",110.82458150699,"58,251,397,501,601,751,850",110.82458150699,"250,251,451,463,469,501,504,751",7114.86477191013,"251,501,751",6994.34028841973,2,"251,501,751",6994.28917,4,4,4,5,0,0
"251,501,751",6938.41453577939,"106,248,357,501,677,751,912",81.5464627670718,"106,248,357,501,677,751,912",81.5464627670718,"106,248,357,501,677,751,912",81.5464627670718,"248,250,253,477,499,501,522,531,545,750,751",7048.29048288741,"248,501,751",6933.13166922607,2,"248,501,751",6932.1722,4.003,4.003,4.003,8.001,0.003,0.003
"251,501,751",6898.50980657119,"109,251,379,501,585,751,896",29.9484284207607,"109,251,379,501,585,751,896",29.9484284207607,"109,251,379,501,585,683,751,896",29.4117476144181,"251,255,497,498,501,505,508,742,749,751",6993.10132874043,"251,501,751",6899.57773087687,2,"251,501,751",6894.27297,4,5,4,7,0,0
"251,501,751",6951.812721765,"52,251,394,503,674,751,885",77.5584330776597,"52,251,394,503,674,751,885",77.5584330776597,"52,251,394,503,674,751,885",77.5584330776597,"251,485,489,491,501,503,515,523,751,755,761",7117.70183386756,"251,491,515,751",6960.43633046664,2,"251,491,515,751",6952.79555,4.002,4.002,4.002,8,1.01,1.01
"251,501,751",6934.2618951413,"135,250,398,503,593,750,910",54.3108697944603,"135,250,398,503,593,750,910",54.3108697944603,"135,250,398,503,593,750,910",54.3108697944603,"250,256,475,484,501,503,514,749,750,755,756",7037.00084903245,"250,503,749,756",6926.75502767441,3,"250,503,749",6917.46416,4.004,4.004,4.004,8.002,1.005,0.005
"251,501,751",6970.22557091588,"128,251,389,501,625,750,933",72.7247459562953,"128,251,389,501,625,750,933",72.7247459562953,"128,251,389,501,625,750,933",72.7247459562953,"251,468,486,500,501,503,750,751",7059.79450112129,"251,501,750",6967.73076475528,2,"251,501,750",6967.65641,4.001,4.001,4.001,5,0.001,0.001
"251,501,751",6912.72596152509,"153,250,409,500,625,752,929",33.6164761172989,"153,250,409,502,625,752,929",33.993307517441,"153,250,409,500,625,752,929",33.6164761172989,"250,251,500,502,505,506,517,752,755",7042.31793121131,"250,500,752",6909.52680900219,2,"250,500,752",6903.02776,4.003,4.003,4.003,6.002,0.003,0.003
"251,501,751",7001.16010926156,"99,251,385,500,674,751,899",132.047503106474,"99,251,385,501,674,751,899",132.072791144411,"99,251,385,500,674,751,796",135.502261231564,"227,251,252,500,501,502,503,575,751",7091.06725555953,"252,500,751",6997.87376702614,2,"252,500,751",6997.22461,4.001,4.001,4,6,0.002,0.002
"251,501,751",7028.43835400246,"113,218,251,442,501,598,751,887",151.004738140375,"121,245,283,442,501,598,751,887",154.769982857304,"121,245,442,501,598,751",155.152126311038,"218,245,251,478,496,499,500,501,505,751",7156.90855657362,"245,251,501,505,751",7044.27057618396,6,"251,501,751",7021.79733,5,3.006,5.006,7,2,0
"251,501,751",6929.57987115152,"107,250,373,501,626,750,900",52.9073397559526,"107,250,373,501,626,750,900",52.9073397559526,"107,250,373,501,626,750,900",52.9073397559526,"248,250,500,501,505,750",6996.00284812927,"250,501,750",6917.94423727743,2,"250,501,750",6917.88514,4.002,4.002,4.002,3.002,0.002,0.002
"251,501,751",6882.39684389472,"161,254,350,502,617,752,885",-6.36746702775231,"161,254,350,502,617,752,885",-6.36746702775231,"161,254,350,502,617,752,885",-6.36746702775231,"252,254,259,480,481,490,501,502,504,748,752,753",7035.24244724395,"254,259,501,502,752",6894.23441757999,6,"254,502,752",6871.68844,4.005,4.005,4.005,9.002,2.004,0.005
"251,501,751",7001.03403813085,"155,253,324,473,501,594,751,816,974",126.373184654763,"155,250,324,465,501,594,751,831,974",130.062366508809,"155,250,324,465,501,594,751,831,974",130.062366508809,"250,253,256,500,501,509,522,751,752,816",7100.9779064323,"250,253,501,752",7007.2854826539,3,"253,501,752",6994.77232,6.002,6.001,6.001,7.001,1.002,0.003
"251,501,751",6890.79643342078,"151,251,383,501,585,752,832",7.99477878648628,"151,251,383,501,585,752,832",7.99477878648628,"151,251,383,501,585,752,832",7.99477878648628,"251,257,500,501,507,752",6933.90202316495,"251,501,752",6872.87960384693,2,"251,501,752",6872.72726,4.001,4.001,4.001,3.001,0.001,0.001
"251,501,751",6967.76109770739,"251,364,501,646,752,913",87.5459629724844,"251,364,501,646,752,913",87.5459629724844,"251,364,501,646,752,946",90.8297082980055,"251,252,468,501,518,521,751,752",7056.69657078148,"251,501,752",6959.36803848818,2,"251,501,752",6958.39324,3.001,3.001,3.001,5,0.001,0.001
"251,501,751",6991.38045740007,"96,248,388,502,617,751,900",110.722353785983,"96,248,388,502,617,751,900",110.722353785983,"34,248,388,502,617,751,900",116.230166911183,"235,238,248,251,501,502,749,751",7052.90763271889,"248,502,751",6981.46173253313,2,"248,502,751",6980.9316,4.004,4.004,4.004,5,0.004,0.004
"251,501,751",7042.28958605579,"98,252,429,504,660,752,905",167.834204574331,"98,252,429,504,660,752,905",167.834204574331,"98,252,429,504,660,752,905",167.834204574331,"236,251,252,495,500,501,504,751,752,753,754",7189.92339007729,"252,504,752",7030.09084798002,2,"252,504,752",7029.29446,4.005,4.005,4.005,8,0.005,0.005
"251,501,751",6871.44782976111,"98,251,391,501,646,751,861",-10.0210934564852,"98,251,391,501,646,751,861",-10.0210934564852,"98,251,391,501,646,751,861",-10.0210934564852,"251,492,501,503,521,751,753,756",6962.50342843116,"251,501,751",6858.99036577738,2,"251,501,751",6858.77207,4,4,4,5,0,0
"251,501,751",6923.8328007635,"127,252,374,504,626,730,751,898",52.8264776906926,"127,251,333,504,626,730,751,898",53.3887897486415,"127,251,333,504,626,730,751,898",53.3887897486415,"251,252,471,498,501,504,511,516,730,751",7045.46642892194,"252,498,511,751",6929.901996202,4,"252,511,751",6925.9483,5.004,5.003,5.003,7,1.004,0.011
"251,501,751",6986.60158661666,"88,251,331,501,577,752,857",118.482698953186,"185,253,331,501,577,752,857",119.767979429298,"87,253,331,501,577,752,857",120.822610473642,"239,251,253,450,483,501,502,507,533,752,763",7095.68232332532,"251,501,752",6986.13569167131,2,"251,501,752",6978.28991,4.001,4.003,4.003,8.001,0.001,0.001
"251,501,751",6862.43048475087,"141,252,330,499,672,753,844",-31.2480982127013,"141,252,330,499,672,750,829",-30.3878299101179,"141,252,325,499,672,750,829",-29.640805545905,"249,251,252,416,481,485,491,499,501,502,517,750,753,754",7068.45438064183,"252,491,499,750",6869.57412450971,3,"252,499,750",6848.42836,4.005,4.004,4.004,11.001,1.004,0.004
"251,501,751",6978.91889298541,"167,252,412,496,751,941",90.1926265086622,"167,252,379,501,751,757,941",92.4964215453852,"167,252,379,501,757,941",93.3167122647804,"251,252,253,494,496,501,502,516,596,751,757",7111.83363083136,"252,501,757",6993.19610848538,2,"252,501,757",6972.4178,3.006,3.007,4.001,8,0.007,0.007
"251,501,751",6962.1447843825,"130,251,458,501,613,750,895",97.2955566253135,"130,253,458,501,613,751,895",100.033733475334,"130,253,458,501,613,751,895",100.033733475334,"251,253,501,502,507,569,744,750,751",7046.01442400136,"251,501,751",6960.82737672398,2,"251,501,751",6958.65833,4.001,4.002,4.002,6,0,0
"251,501,751",7081.57808282157,"103,251,407,501,716,753,830",209.950403167687,"103,250,407,501,750,830",210.757725261202,"103,250,407,501,750,830",210.757725261202,"237,250,251,263,498,501,503,556,750,753",7206.58910441919,"251,501,503,753",7088.09430233427,3,"251,501,753",7075.06237,4.002,3.002,3.002,7.001,1.002,0.002
"251,501,751",6893.40157192516,"122,251,291,426,501,607,751,894",13.6518355270327,"122,251,323,426,501,607,751,894",15.3500300327555,"122,251,323,501,607,751,894",17.02646978902,"249,251,261,283,291,488,489,495,499,500,501,502,506,526,751",7045.85378593089,"251,501,751",6891.98588774547,2,"251,501,751",6890.0737,5,4,5,12,0,0
"251,501,751",7007.47236052452,"68,251,418,499,592,751,975",132.901265428727,"68,251,418,499,592,751,975",132.901265428727,"68,251,418,499,592,751",132.621362881756,"251,499,501,506,507,513,747,748,750,751",7135.51170438226,"251,499,751",7002.24702373178,2,"251,499,751",7001.87977,4.002,3.002,4.002,7,0.002,0.002
"251,501,751",6898.67991630041,"109,250,385,501,706,755,922",20.0531318300876,"109,250,385,501,706,751,792,922",20.2797667241523,"109,250,385,501,706,751,792,922",20.2797667241523,"250,251,500,501,502,510,512,545,555,748,749,751,755",7055.63621884931,"250,500,751,755",6907.09462034182,3,"250,500,755",6894.28157,4.005,5.001,5.001,10,1.002,0.006
"251,501,751",6910.96763094959,"84,251,393,501,609,751,839,1000",44.6776593988829,"84,251,393,501,609,751,839,995",57.8027630731821,"84,251,393,501,609,751,839,1000",44.6776593988829,"244,246,251,493,501,511,533,540,751,752,756",7025.79064293603,"251,501,751",6910.50355650103,2,"251,501,751",6910.34065,5,5,5,8,0,0
"251,501,751",7023.33518124408,"175,252,377,501,632,752,872",152.207738335104,"175,252,377,501,632,752,872",152.207738335104,"175,252,377,501,632,752,872",152.207738335104,"192,230,249,252,253,261,498,501,503,505,510,751,752",7150.0702191084,"249,252,501,752",7029.24486212936,3,"252,501,752",7015.50586,4.002,4.002,4.002,10.001,1.002,0.002
"251,501,751",7013.66330783492,"95,251,427,501,680,751,867,997",155.52759678906,"150,258,427,501,680,751,867,997",158.949086460531,"150,258,427,501,680,751,867,997",158.949086460531,"251,258,501,511,523,751",7076.5388839793,"251,501,751",7004.36283298155,2,"251,501,751",7003.80344,5,5.007,5.007,3,0,0
"251,501,751",6907.2664667119,"91,197,251,386,502,658,750,886",33.824589313218,"98,197,251,386,502,658,750,886",34.3606946747671,"98,197,251,386,502,658,750,886",34.3606946747671,"251,254,465,492,499,501,502,505,516,531,546,750",7055.31765335075,"251,502,750",6904.82318763373,2,"251,502,750",6902.4413,5.002,5.002,5.002,9.001,0.002,0.002
"251,501,751",6967.59923611902,"98,253,389,501,594,751,959",113.405340690903,"98,254,389,501,594,751,959",114.56423885598,"98,254,389,501,594,751,959",114.56423885598,"242,251,253,254,494,497,500,501,508,509,751",7083.1926376223,"254,501,751",6968.37125192306,2,"254,501,751",6965.12918,4.002,4.003,4.003,8,0.003,0.003
"251,501,751",7048.93429327304,"182,252,411,501,616,752,826,921",190.917445373284,"182,252,411,501,616,750,826,921",191.028859381011,"182,252,411,501,616,750,826,921",191.028859381011,"249,252,499,501,502,504,506,523,565,574,589,750,752",7215.19260221628,"252,501,752",7042.76912010236,2,"252,501,752",7041.09402,5.002,5.002,5.002,10.002,0.002,0.002
"251,501,751",6939.94669727882,"94,251,375,501,605,751,888",65.8712144061452,"94,251,375,501,605,751,888",65.8712144061452,"94,251,375,501,605,751,888",65.8712144061452,"248,249,251,498,500,501,502,530,541,546,751",7040.64767529713,"251,501,530,751",6938.0668538633,3,"251,501,751",6933.98124,4,4,4,8,1,0
"251,501,751",6950.83301645807,"168,251,323,501,601,751,880",82.4663412568842,"168,251,323,501,601,751,880",82.4663412568842,"168,251,501,601,751,880",85.3235667272151,"251,383,474,475,477,500,501,537,751,755",7042.85418612483,"251,501,751",6945.55728889618,2,"251,501,751",6945.33922,4,3,4,7,0,0
"251,501,751",6950.53275052284,"212,251,376,500,551,751,869",75.1258789469998,"212,251,376,500,551,751,869",75.1258789469998,"212,251,376,500,551,751,869",75.1258789469998,"246,247,251,500,501,504,509,751",7039.9997758515,"251,500,751",6944.43407561159,2,"251,500,751",6944.3799,4.001,4.001,4.001,5,0.001,0.001
"251,501,751",6938.88243991573,"162,252,388,502,667,751,925",64.1195328185475,"162,252,388,502,667,752,925",64.2051694475922,"162,252,388,502,667,752,925",64.2051694475922,"249,252,491,501,502,506,527,750,751,752",7074.34464116216,"252,502,750",6936.5189211557,2,"252,502,750",6934.12335,4.002,4.003,4.003,7.001,0.003,0.003
"251,501,751",6940.76935109406,"210,251,359,501,580,751,795,865",67.8517398417154,"210,251,359,501,580,753,815",73.610892182663,"210,251,359,501,580,753,815",73.610892182663,"210,251,282,499,501,505,751,753,795",7005.29844718479,"251,501,751",6938.68840477761,2,"251,501,751",6934.45438,5,4.002,4.002,6,0,0
"251,501,751",6961.51950896239,"92,251,401,501,570,751,935",81.2638055907431,"92,251,401,501,570,751,935",81.2638055907431,"92,251,401,501,570,751,935",81.2638055907431,"251,492,501,503,505,513,524,751",7080.67853306898,"251,501,751",6959.29865870071,2,"251,501,751",6959.20945,4,4,4,5,0,0
"251,501,751",6970.39029581267,"178,256,401,501,647,750,840",102.655022678753,"178,256,401,501,647,750,840",102.655022678753,"178,256,401,501,647,750,840",102.655022678753,"246,251,255,256,257,480,501,750,751,757,761",7107.40868354973,"251,501,750",6966.78452347381,2,"251,501,750",6965.71717,4.006,4.006,4.006,8,0.001,0.001
"251,501,751",6948.41039632142,"67,251,340,499,591,751,928",76.5599126107195,"67,251,340,496,616,751,928",76.6903761082464,"67,251,340,499,616,751,928",76.6744150626129,"251,492,496,499,501,751",7001.89074726439,"251,492,499,751",6949.5907411498,4,"251,499,751",6940.85178,4.002,4.002,4.005,3,1.002,0.002
"251,501,751",6869.95064879881,"157,251,323,501,517,617,751,796",-23.4263530674153,"157,251,323,501,517,617,751,796",-23.4263530674153,"157,251,323,501,517,617,751,796",-23.4263530674153,"251,253,258,423,473,475,478,491,501,743,751",6988.73832516396,"251,501,751",6860.00268624655,2,"251,501,751",6859.7042,5,5,5,8,0,0
"251,501,751",7042.12147355693,"142,251,353,502,631,751,861",161.164165602662,"142,250,353,502,631,751,861",161.511028334505,"142,250,353,502,631,751,860",161.513142291068,"201,250,251,502,516,522,558,748,751,756,757,759",7166.6507593021,"251,502,751",7035.67168604428,2,"251,502,751",7034.73936,4.001,4.002,4.002,9.001,0.001,0.001
"251,501,751",6914.62028352544,"65,252,339,501,617,734,756,858",41.2883669354432,"65,251,339,501,617,743,763,858",42.7392607881965,"65,251,339,501,617,743,763,858",42.7392607881965,"251,252,256,481,483,494,501,506,510,734,743,752,754,756,763",7084.4414232069,"256,501,752",6913.77165861921,2,"256,501,752",6906.33972,5.006,5.008,5.008,12.001,0.006,0.006
"251,501,751",6907.55190807573,"165,248,367,471,501,562,751,961",47.1273063576885,"165,254,367,471,501,562,751,961",54.9468968094931,"165,254,367,501,562,751,961",55.7571725544806,"234,241,248,254,255,256,499,501,502,515,751",7017.26478557664,"248,501,751",6901.81409941991,2,"248,501,751",6901.69155,5.003,4.003,5.003,8.003,0.003,0.003
"251,501,751",6994.90803846861,"172,251,306,501,673,730,758,907",124.819569931111,"172,251,306,501,673,730,752,907",126.377642410047,"172,251,306,501,673,730,752,907",126.377642410047,"249,250,251,419,485,501,503,504,505,522,530,532,730,731,752,758",7172.31053162622,"251,501,730,752",6989.94860794872,3,"251,501,752",6985.15543,5.007,5.001,5.001,13.001,1.001,0.001
"251,501,751",6981.57521653485,"185,251,423,501,635,749,799,948",104.039399104795,"185,251,423,501,635,749,883",106.869457953425,"185,251,423,501,635,749,883",106.869457953425,"243,251,458,496,500,501,540,749,750,758",7093.45269868731,"251,501,749",6966.22942796205,2,"251,501,749",6966.13506,5.002,4.002,4.002,7.001,0.002,0.002
"251,501,751",6987.34711273989,"195,251,394,501,606,749,898",111.534668112532,"195,251,394,501,606,749,898",111.534668112532,"195,251,394,501,606,749,898",111.534668112532,"250,251,501,504,506,738,749,753,754",7082.37528494922,"251,501,749",6977.59773311321,2,"251,501,749",6977.50752,4.002,4.002,4.002,6.002,0.002,0.002
"251,501,751",6962.08348341565,"124,251,378,501,656,751,861",82.1039792076768,"124,251,378,501,656,751,861",82.1039792076768,"124,251,364,501,656,751,861",82.3201340248183,"248,251,470,480,500,501,517,523,751,752",7063.66515840066,"251,501,751",6956.85592376041,2,"251,501,751",6956.60977,4,4,4,7,0,0
"251,501,751",6899.81773113673,"112,251,348,484,501,647,751,927",39.7060751312938,"112,251,348,484,501,647,751,927",39.7060751312938,"112,251,348,484,501,647,751,927",39.7060751312938,"251,501,751",6934.46903128168,"251,501,751",6896.09555806049,1,"251,501,751",6896.09556,5,5,5,0,0,0
"251,501,751",6967.65500604512,"83,249,424,500,667,751,791",77.4713392662449,"83,249,424,500,667,751,791",77.4713392662449,"83,249,324,478,500,667,751,791",81.0368365659474,"248,249,251,487,494,500,501,511,540,750,751,753",7103.40617086421,"249,500,511,751",6970.96441314776,5,"249,500,751",6958.56078,4.003,5.003,4.003,9,1.003,0.003
"251,501,751",6992.36719876857,"140,254,459,500,597,751,854",112.274428383332,"140,254,459,500,597,751,854",112.274428383332,"140,254,459,502,597,751,854",114.158939394878,"246,250,254,417,438,496,500,502,504,538,540,751",7104.71379894037,"254,500,751",6976.37599661015,2,"254,500,751",6976.14714,4.004,4.004,4.004,9.002,0.004,0.004
"251,501,751",6982.38234450615,"118,251,306,466,500,647,746,846",108.990683251894,"118,251,306,466,500,647,749,864",110.646039809409,"118,251,306,500,647,749,864",110.939966384558,"251,500,501,513,746,749,751",7091.50733854983,"251,500,501,746",6986.13694733312,3,"251,500,746",6972.97172,5.006,4.003,5.003,4,1.005,0.006
"251,501,751",6996.74082835834,"145,251,385,503,638,751,846",124.591020674214,"145,251,385,503,638,751,846",124.591020674214,"145,251,385,503,638,751,846",124.591020674214,"245,251,253,475,479,486,497,503,504,517,751",7105.77905690015,"251,504,751",6990.95955716934,2,"251,504,751",6990.29096,4.002,4.002,4.002,8.002,0.003,0.003
"251,501,751",6927.32870952437,"71,251,400,501,606,749,885",52.059409110488,"71,251,400,501,606,751,885",52.0845357714679,"71,251,400,501,606,751,885",52.0845357714679,"241,251,254,375,492,501,504,507,512,746,749,751",7052.20050722741,"251,501,751",6928.21931539654,2,"251,501,751",6926.83622,4.002,4,4,9,0,0
"251,501,751",6904.37501606215,"158,251,311,501,622,751,884",24.0296363112959,"158,251,311,501,622,751,884",24.0296363112959,"158,251,311,501,622,751,884",24.0296363112959,"251,493,501,503,751,753,754",7023.08075345207,"251,501,751",6895.39985996748,2,"251,501,751",6895.06348,4,4,4,4,0,0
"251,501,751",6897.51501316714,"116,251,361,501,611,751,788",0.181817930101431,"116,254,361,501,611,751,788",2.03081511648496,"116,254,361,501,611,751,788",2.03081511648496,"251,254,261,494,498,501,516,751",7003.11106527163,"251,501,751",6896.22214397692,2,"251,501,751",6894.67696,4,4.003,4.003,5,0,0
"251,501,751",6971.40851547773,"138,252,307,501,669,752,905",98.3061029168139,"138,252,307,501,669,752,905",98.3061029168139,"138,252,393,501,669,752,905",99.4466540203266,"251,252,441,494,501,739,746,752",7059.53215295939,"252,501,752",6959.95895991667,2,"252,501,752",6959.53229,4.002,4.002,4.002,5.001,0.002,0.002
"251,501,751",7036.57872389475,"111,253,415,501,629,751,869",158.146533941781,"111,253,415,501,629,751,869",158.146533941781,"111,253,415,501,629,751,869",158.146533941781,"252,253,499,501,502,503,751,755",7154.0851410824,"252,501,751",7033.92000693544,2,"252,501,751",7030.89748,4.002,4.002,4.002,5.001,0.001,0.001
"251,501,751",6941.03469109036,"116,251,418,501,716,749,849",64.3818228724231,"116,247,418,501,716,748,849",67.2396478368372,"116,247,418,501,716,748,849",67.2396478368372,"247,251,476,499,501,511,542,747,748,749,751",7063.85779946153,"247,251,501,748,751",6945.28638981945,3,"247,501,748",6921.39294,4.002,4.007,4.007,8,2,0.007
"251,501,751",6975.70400123363,"94,251,359,500,598,751,845",110.994736059616,"94,251,359,500,598,751,845",110.994736059616,"94,251,359,500,598,751,845",110.994736059616,"247,251,422,500,506,751",7020.03285663474,"251,500,751",6967.63502030966,2,"251,500,751",6967.57065,4.001,4.001,4.001,3.001,0.001,0.001
"251,501,751",6896.69334146684,"77,205,250,309,501,663,751,893",19.0322466499093,"77,205,250,309,501,663,751,893",19.0322466499093,"77,250,309,501,663,751,893",20.3563730218431,"241,244,250,433,444,487,501,502,530,535,555,571,751,763",7068.86403736646,"250,501,751",6894.29052927124,2,"250,501,751",6890.85411,5.001,4.001,5.001,11.001,0.001,0.001
"251,501,751",6936.26773750435,"75,251,418,501,667,752,843",75.638023371212,"75,251,418,501,667,752,843",75.638023371212,"75,251,418,501,752,843",79.0813188016158,"246,249,251,500,501,502,515,526,531,751,752,760",7108.54571023971,"251,500,752",6938.53921480215,2,"251,500,752",6930.84035,4.001,3.001,4.001,9,0.002,0.002
"251,501,751",7003.68728660124,"165,251,397,501,651,751,876",133.564447823062,"165,251,397,501,651,751,876",133.564447823062,"165,251,397,501,651,751,876",133.564447823062,"247,251,447,501,751",7059.3303185006,"251,501,751",7003.25983503817,2,"251,501,751",7003.22084,4,4,4,2,0,0
"251,501,751",7000.6412800871,"95,249,344,436,501,654,752,809",147.667201211096,"95,251,399,501,654,753,809",150.330207531806,"95,251,399,501,654,753,809",150.330207531806,"248,249,251,501,504,508,744,745,752,753",7103.70158933707,"248,251,501,752,753",7013.30273899572,3,"251,501,752",6988.40697,5.003,4.002,4.002,7.001,2.001,0.001
"251,501,751",7006.74929304072,"77,251,413,501,610,751,836",144.157262497062,"77,251,413,501,610,751,836",144.157262497062,"77,251,413,501,610,751,836",144.157262497062,"251,496,501,544,750,751",7072.33480147018,"251,501,751",7002.76373644089,2,"251,501,751",7002.27337,4,4,4,3,0,0
"251,501,751",6931.707128048,"169,251,303,444,501,652,751,874",75.0091349859619,"169,251,303,444,501,652,751,874",75.0091349859619,"169,251,303,444,501,652,751,874",75.0091349859619,"224,251,253,494,497,501,510,511,751,753",7028.70055638699,"251,501,751",6920.59600103146,2,"251,501,751",6920.31711,5,5,5,7,0,0
"251,501,751",6967.95647642546,"76,248,299,452,501,554,752,792",106.353298435636,"76,248,299,411,501,554,752,792",110.439690666413,"76,248,411,501,554,752,792",111.116406456312,"248,249,250,497,501,503,742,752,753",7074.69888201796,"248,501,752",6959.07431326136,2,"248,501,752",6958.63237,5.004,4.004,5.004,6.002,0.004,0.004
"251,501,751",6930.47533882346,"66,251,392,502,660,751,901",73.0621211254287,"66,251,392,502,660,751,901",73.0621211254287,"66,251,392,502,660,751,901",73.0621211254287,"251,458,498,499,502,737,751",6987.53308224091,"251,502,751",6925.78978175547,2,"251,502,751",6925.74967,4.001,4.001,4.001,4.001,0.001,0.001
"251,501,751",6955.00296005176,"202,251,328,501,559,660,748,906",84.3699096868772,"202,251,328,501,559,660,748,906",84.3699096868772,"202,251,328,501,559,662,748,906",84.4644522310053,"247,251,254,468,495,501,502,748,749,751",7081.34432117683,"251,501,748",6947.90047304412,2,"251,501,748",6947.77546,5.003,5.003,5.003,7,0.003,0.003
"251,501,751",6951.30022789712,"132,252,356,501,635,752,906",59.8575015780364,"132,252,356,501,635,752,906",59.8575015780364,"132,252,356,501,635,752,906",59.8575015780364,"250,252,492,493,501,521,752",7031.1616823138,"252,501,752",6934.88454612941,2,"252,501,752",6934.57109,4.002,4.002,4.002,4.002,0.002,0.002
"251,501,751",6891.12103882169,"67,251,395,501,579,751,827,923",37.2835625069201,"67,251,395,501,579,751,827,923",37.2835625069201,"67,251,395,501,579,751,827,923",37.2835625069201,"238,250,251,458,467,501,749,751",6955.89765164288,"251,467,501,751",6892.09382943144,3,"251,501,751",6889.88441,5,5,5,5,1,0
"251,501,751",6990.28697811765,"151,251,315,500,674,749,832",114.003965421196,"151,255,315,500,674,749,832",115.293079986961,"151,255,315,500,674,749,832",115.293079986961,"209,251,254,255,468,497,500,513,522,568,749",7104.94859492712,"251,500,749",6983.10996801111,2,"251,500,749",6972.80727,4.003,4.007,4.007,8.003,0.003,0.003
"251,501,751",6950.47938342507,"24,150,248,362,501,625,750,836",66.0863766379232,"24,150,248,362,501,625,750,836",66.0863766379232,"18,150,248,362,501,625,750,836",66.8717270893034,"229,240,245,248,251,470,491,501,542,750",7039.75063584777,"248,501,750",6938.07597632739,2,"248,501,750",6935.21058,5.004,5.004,5.004,7.001,0.004,0.004
"251,501,751",6953.65792229734,"99,251,318,501,638,751,869",81.7860015217659,"99,252,393,501,638,751,869",82.0111498087398,"99,252,393,501,638,751,869",82.0111498087398,"250,251,252,491,495,500,501,509,517,751",7085.93013599871,"252,501,751",6953.32536135153,2,"252,501,751",6952.70001,4,4.001,4.001,7,0.001,0.001
"251,501,751",7025.72967721186,"146,252,400,498,670,751,873",140.658358382573,"146,250,400,498,670,751,873",142.119923729125,"146,250,400,498,670,751,873",142.119923729125,"207,209,240,250,252,498,501,504,507,573,751,752",7150.77078866585,"252,498,751",7023.09994514762,2,"252,498,751",7022.20702,4.004,4.004,4.004,9.001,0.004,0.004
"251,501,751",6881.3799569942,"53,253,353,501,647,751,871",-2.30251302797069,"53,253,353,501,647,751,871",-2.30251302797069,"53,253,353,501,647,751,871",-2.30251302797069,"250,253,492,501,502,504,751,752,779",6958.32360309313,"253,501,751",6867.58318923794,2,"253,501,751",6867.55612,4.002,4.002,4.002,6.001,0.002,0.002
"251,501,751",6927.6280687987,"153,250,501,608,750,880",48.4131181950998,"153,250,501,608,750,880",48.4131181950998,"153,250,501,608,750,880",48.4131181950998,"229,231,242,246,249,250,253,414,446,491,493,499,501,502,747,749,750,751",7129.88737946129,"250,501,750",6919.57358867587,2,"250,501,750",6917.30601,3.002,3.002,3.002,15.001,0.002,0.002
"251,501,751",7007.88575188547,"155,252,360,501,590,753,821",142.29198433576,"155,252,360,501,590,751,821",142.977150689543,"155,252,360,501,590,751,821",142.977150689543,"243,251,252,449,495,501,519,531,751,753",7124.50329452668,"252,501,753",6996.06370868239,2,"252,501,753",6995.96235,4.003,4.001,4.001,7,0.003,0.003
"251,501,751",6895.64392617214,"85,250,293,501,595,751,841",29.1356270857084,"85,250,293,501,595,751,841",29.1356270857084,"85,250,293,501,595,751,841",29.1356270857084,"250,252,256,260,435,480,501,502,503,522,751",7043.18507803858,"250,501,751",6890.66722761295,2,"250,501,751",6890.60641,4.001,4.001,4.001,8.001,0.001,0.001
"251,501,751",6867.62880103894,"134,251,361,501,645,751,782,909",2.04378354921479,"134,251,361,501,645,752,846",6.34001195704893,"134,251,361,501,645,751,846,947",3.78547513802199,"251,499,501,503,544,572,751,752,753,763,775",7000.4288967506,"251,501,751",6860.18838215126,2,"251,501,751",6859.50151,5,5,4.001,8,0,0
"251,501,751",6939.07251485798,"106,248,348,502,595,755,885",62.0173643240784,"106,252,348,502,595,755,885",62.2066715268313,"106,252,348,502,587,755,885",62.3271976940125,"248,252,501,502,503,504,523,752,754,755,757",7109.51586854295,"248,252,501,504,755",6955.5225558266,3,"248,504,755",6932.8864,4.008,4.006,4.006,8.002,2.005,0.01
"251,501,751",6933.58897081714,"93,251,305,500,610,751,790,939",68.6538513696885,"93,252,305,500,610,751,790,939",70.3303687656212,"93,252,305,500,610,751,790,939",70.3303687656212,"249,251,252,257,443,449,497,500,503,504,512,751,775",7084.599165644,"251,497,503,751",6943.02407431412,3,"251,503,751",6932.63711,5.001,5.002,5.002,10.001,1.002,0.002
"251,501,751",7051.47341169077,"104,251,391,501,636,753,851",165.671563702438,"104,251,391,501,636,752,851",166.075269777855,"104,251,391,501,636,752,851",166.075269777855,"251,498,500,501,564,567,751,752,753,756",7151.49724044765,"251,501,753,756",7049.22288615937,3,"251,501,753",7036.18283,4.002,4.001,4.001,7,1.002,0.002
"251,501,751",6965.19410145946,"105,252,352,500,601,750,880",89.7642921557188,"105,252,352,500,601,750,880",89.7642921557188,"105,252,352,500,601,750,880",89.7642921557188,"251,252,254,486,497,500,501,750",7034.20653050302,"252,500,750",6948.64996066366,2,"252,500,750",6948.64041,4.003,4.003,4.003,5.001,0.003,0.003
"251,501,751",6976.04433260408,"150,251,390,501,667,751,850",98.1714939353476,"150,251,390,501,667,751,850",98.1714939353476,"150,251,390,501,667,751,850",98.1714939353476,"251,252,469,483,495,501,502,505,506,751,755",7106.82202295243,"251,495,501,751",6984.78753240866,3,"251,501,751",6973.04969,4,4,4,8,1,0
"251,501,751",6985.7819788466,"109,251,350,501,650,750,855",127.031975618682,"109,251,350,501,650,749,855",127.842774870239,"109,251,350,501,650,749,855",127.842774870239,"249,250,251,255,427,500,501,502,505,513,514,544,749,750,752",7153.63465303509,"251,500,749,750",6995.38666453763,3,"251,500,750",6978.32097,4.001,4.002,4.002,12.001,1.002,0.002
"251,501,751",6951.42760379489,"115,250,390,502,507,697,752,855",64.9630976211449,"115,250,390,502,507,697,751,855",66.1938675752393,"115,250,390,502,507,697,751,855",66.1938675752393,"250,251,491,501,502,544,751,752",7045.41646023129,"250,502,752",6944.54835963592,2,"250,502,752",6944.43925,5.003,5.002,5.002,5,0.003,0.003
"251,501,751",6957.06024697511,"159,251,390,501,644,751,939",91.6158380294897,"159,253,390,501,644,751,939",92.9524606659416,"159,253,390,501,644,751,939",92.9524606659416,"251,253,479,501,502,749,750,751",7062.20571800691,"251,501,751",6952.99642934827,2,"251,501,751",6952.85712,4,4.002,4.002,5,0,0
"251,501,751",6915.32864696932,"103,250,374,501,602,751,846",29.5382826688715,"103,250,374,501,602,751,846",29.5382826688715,"103,250,374,501,602,751,846",29.5382826688715,"239,250,497,498,501,504,506,513,751,755",7005.12155282511,"250,498,751",6892.12680893395,2,"250,498,751",6890.38196,4.001,4.001,4.001,7.001,0.004,0.004
"251,501,751",6957.82552455027,"117,250,384,501,661,752,890",96.4226588642444,"117,250,384,501,661,752,890",96.4226588642444,"117,250,384,501,661,752,890",96.4226588642444,"235,250,252,253,413,441,498,501,749,752",7060.16943276194,"250,501,752",6951.27029534523,2,"250,501,752",6950.78718,4.002,4.002,4.002,7.002,0.002,0.002
"251,501,751",6976.70334314359,"93,252,424,502,608,751,865",89.6057224106763,"93,252,424,502,608,751,865",89.6057224106763,"252,424,502,608,751,865",90.4130092060944,"252,501,502,751,756",7037.7033227449,"252,502,751",6971.45261357613,2,"252,502,751",6971.38846,4.002,3.002,4.002,2.001,0.002,0.002
"251,501,751",6976.67168772704,"146,251,316,501,587,751,877",90.4049935707753,"153,254,316,501,587,751,877",92.0789399168358,"153,254,316,501,587,751,877",92.0789399168358,"247,251,252,254,488,501,502,528,751",7141.75495318177,"247,254,501,751",6983.58722617631,3,"247,501,751",6975.90618,4,4.003,4.003,6,1.003,0.004
"251,501,751",6934.92552588475,"129,251,407,501,557,683,753,922",68.0906270916926,"129,251,407,501,565,683,749,922",70.0823038517942,"129,251,407,501,565,749,922",71.9251099998045,"249,251,464,480,501,749,753,754",7067.12448372858,"251,501,749",6936.27582340606,2,"251,501,749",6926.91953,5.002,4.002,5.002,5.002,0.002,0.002
"251,501,751",6967.2418441827,"156,251,398,500,555,750,881,883",100.980989745436,"156,251,398,500,555,750,881,883",100.980989745436,"156,251,398,500,555,750,881,883",100.980989745436,"251,256,495,497,498,500,502,503,750,751,754,762",7097.88457799235,"251,500,750",6961.68640749853,2,"251,500,750",6961.43352,5.002,5.002,5.002,9.001,0.002,0.002
"251,501,751",7007.3147252445,"155,252,388,501,662,751,887",135.376904821243,"155,252,388,501,662,749,887",137.002876937426,"155,252,388,501,662,749,887",137.002876937426,"244,251,252,469,500,501,505,519,526,749,751",7117.25217519702,"252,501,751",7003.09007039355,2,"252,501,751",7002.43539,4.001,4.003,4.003,8,0.001,0.001
"251,501,751",7010.83463486027,"92,251,371,503,612,753,882",135.088331027113,"92,251,371,503,612,747,882",136.844622756572,"92,251,371,503,612,747,882",136.844622756572,"251,493,498,501,503,524,532,533,747,753",7126.06235774913,"251,503,753",7006.44675458717,2,"251,503,753",7005.00608,4.004,4.006,4.006,7.002,0.004,0.004
"251,501,751",6967.73608777754,"39,249,429,501,680,750,770,887",91.8730391168203,"39,249,429,501,680,751,887",92.3332491111005,"39,249,429,501,680,751,887",92.3332491111005,"246,249,250,500,501,531,750,751,757,770",7105.15983206443,"249,501,750",6960.78950238823,2,"249,501,750",6959.62335,5.003,4.002,4.002,7.001,0.003,0.003
"251,501,751",7035.75463157449,"179,251,362,502,693,751,858",158.471555805235,"179,251,362,502,693,751,858",158.471555805235,"179,251,362,502,693,751,858",158.471555805235,"250,251,487,501,502,507,551,750,751",7161.33747822421,"251,502,751",7031.55707408752,2,"251,502,751",7031.11833,4.001,4.001,4.001,6,0.001,0.001
"251,501,751",6996.08471289311,"80,251,330,478,501,614,745,933",113.803642557624,"80,251,330,478,501,614,745,933",113.803642557624,"80,251,330,478,501,614,745,933",113.803642557624,"250,251,500,501,507,745,751,759",7064.70125173422,"251,501,507,745",6994.29496608496,3,"251,501,745",6983.16149,5.006,5.006,5.006,5,1.006,0.006
"251,501,751",6927.97475958766,"60,251,408,501,594,751,806",60.1220116916198,"60,251,408,501,594,751,806",60.1220116916198,"60,251,342,501,594,751,806",60.538472932465,"251,495,500,501,504,505,557,747,751,766,769,780",7054.44198872985,"251,501,751",6916.37742736117,2,"251,501,751",6916.14942,4,4,4,9,0,0
"251,501,751",6912.5393527059,"131,251,307,502,618,751,924",42.5923574372879,"131,251,307,502,618,751,924",42.5923574372879,"131,251,307,502,618,751,924",42.5923574372879,"244,251,253,423,496,502,509,527,530,744,751,756,757",7064.4612717659,"251,502,751",6904.85735078849,2,"251,502,751",6904.2337,4.001,4.001,4.001,10.001,0.001,0.001
"251,501,751",7013.58386765163,"113,250,308,501,667,750,899",145.035216633786,"113,250,308,501,667,750,899",145.035216633786,"113,250,308,501,667,750,899",145.035216633786,"250,251,443,450,501,506,508,515,750,751",7190.02744927952,"250,501,750",7009.56383602986,2,"250,501,750",7007.45184,4.002,4.002,4.002,7,0.002,0.002
"251,501,751",6949.76382129203,"87,251,314,502,568,751,899",87.006810083974,"87,251,314,502,568,751,899",87.006810083974,"87,251,314,502,568,751,899",87.006810083974,"251,467,468,501,502,503,508,511,514,743,751,754",7076.35046686163,"251,502,751",6941.61791681356,2,"251,502,751",6941.21121,4.001,4.001,4.001,9,0.001,0.001
"251,501,751",6954.41807229361,"182,251,425,502,581,751,926",94.5105448100241,"182,251,425,502,581,751,926",94.5105448100241,"182,251,425,502,581,751,845",94.6207886551046,"229,251,501,502,503,505,751",7017.10104805024,"251,501,505,751",6961.22993833087,3,"251,501,751",6949.88152,4.001,4.001,4.001,4,1,0
"251,501,751",6918.55869285104,"54,250,307,501,546,706,751,938",67.2586765307675,"54,250,307,501,552,706,751,938",67.758010252291,"54,250,307,501,546,751,938",68.9750279999346,"249,250,252,494,496,501,502,503,504,749,750,751,753",7086.84455801017,"252,501,751",6920.20432121601,2,"252,501,751",6914.40575,5.001,4.001,5.001,10.001,0.001,0.001
"251,501,751",6949.60935650579,"137,251,347,501,659,751,901",77.8526742221534,"137,251,347,501,659,751,901",77.8526742221534,"137,251,375,501,659,751,913",78.2380622953756,"219,239,245,251,255,256,269,481,483,501,502,512,528,745,749,751",7116.78891465257,"251,483,501,751",6959.73162985486,3,"251,501,751",6944.97419,4,4,4,13,1,0
"251,501,751",7030.55930801254,"97,251,365,499,677,751,888",126.414426071301,"97,251,365,499,677,751,888",126.414426071301,"97,251,365,499,677,751,888",126.414426071301,"251,499,505,511,516,751",7097.20072816493,"251,499,751",7015.86433265488,2,"251,499,751",7015.75348,4.002,4.002,4.002,3.002,0.002,0.002
"251,501,751",6978.26225861768,"114,251,307,501,672,751,860",85.6714975727924,"114,251,307,501,672,751,860",85.6714975727924,"114,251,307,501,672,751,860",85.6714975727924,"251,458,483,499,501,510,740,741,749,751,770",7115.78368150918,"251,501,751",6979.4145550816,2,"251,501,751",6971.84589,4,4,4,8,0,0
"251,501,751",6890.79041508666,"44,250,293,502,583,751,918",24.8637536984828,"44,250,293,502,583,751,918",24.8637536984828,"44,250,293,502,583,751,918",24.8637536984828,"250,485,501,502,504,751",6990.79334960556,"250,502,751",6881.4750295407,2,"250,502,751",6881.45671,4.002,4.002,4.002,3.001,0.002,0.002
"251,501,751",6943.42462847433,"49,249,411,501,652,751,863",95.9605926666668,"49,249,411,501,652,751,863",95.9605926666668,"49,249,411,501,652,751,863",95.9605926666668,"245,249,251,258,494,501,505,751,756",7051.48498939596,"249,494,501,751",6951.4374313794,3,"249,501,751",6940.78582,4.002,4.002,4.002,6,1.002,0.002
"251,501,751",7006.05870153471,"35,251,459,500,696,749,861",122.795228871605,"35,251,459,500,696,749,861",122.795228871605,"35,251,459,500,696,749,861",122.795228871605,"251,491,500,501,514,515,749,751",7095.30356040767,"251,500,749",6992.16805104391,2,"251,500,749",6989.50152,4.003,4.003,4.003,5,0.003,0.003
"251,501,751",7009.62620760676,"162,250,335,500,626,752,802,931",119.295211253281,"162,250,335,499,627,755,865",126.332263511464,"169,250,335,499,627,755,865",127.576506807459,"247,249,250,442,494,497,499,500,528,752,755,765,802",7139.37664932251,"250,499,500,752",7002.34786410261,3,"250,499,752",6989.10982,5.003,4.007,4.007,10.003,1.003,0.004
"251,501,751",6954.86703635748,"148,243,348,501,609,749,874",71.2057488187792,"148,243,348,501,609,748,874",71.7642758038843,"148,243,348,501,609,748,874",71.7642758038843,"240,243,253,467,482,491,501,503,508,511,748,749,758",7075.90102509952,"243,253,503,749",6947.56151434109,3,"253,503,749",6938.79056,4.01,4.011,4.011,10.004,1.006,0.006
"251,501,751",6901.85140217755,"195,251,400,501,555,751,865",23.3002529544499,"195,251,400,501,555,751,865",23.3002529544499,"195,251,400,501,555,751,865",23.3002529544499,"251,487,491,495,500,501,502,508,751,763",7003.57732173872,"251,501,751",6895.71020873852,2,"251,501,751",6895.37848,4,4,4,7,0,0
"251,501,751",7000.22787608481,"159,253,300,501,537,751,867",142.233120204287,"159,253,300,501,537,751,867",142.233120204287,"159,253,300,501,537,751,867",142.233120204287,"233,234,251,253,254,255,466,497,500,501,508,745,751,758",7162.96879357652,"253,501,751",6999.77046423427,2,"253,501,751",6995.58615,4.002,4.002,4.002,11,0.002,0.002
"251,501,751",6986.27727876752,"136,251,344,503,664,751,894",113.364482190261,"136,251,344,503,664,751,894",113.364482190261,"136,251,344,503,664,751,894",113.364482190261,"248,251,252,476,498,501,503,508,751,752",7140.87499720156,"251,501,503,751",6996.7255069327,3,"251,501,751",6984.37654,4.002,4.002,4.002,7,1,0
"251,501,751",6964.7117693413,"103,252,306,501,622,751,876",97.4308949667433,"103,257,306,501,622,753,876",104.824258132324,"103,257,306,501,622,753,876",104.824258132324,"245,252,257,500,501,503,506,511,514,533,548,749,751,753,759",7121.4552145177,"252,257,500,749,759",6979.68020591706,5,"252,500,749",6958.09734,4.001,4.008,4.008,12.001,2.004,0.004
"251,501,751",6946.43657549186,"124,251,341,501,597,751,956",75.320475351117,"124,251,341,501,597,751,956",75.320475351117,"124,251,341,501,597,751,956",75.320475351117,"231,251,495,501,503,558,751",7043.45158857968,"251,501,751",6945.47756354068,2,"251,501,751",6943.16323,4,4,4,4,0,0
"251,501,751",6888.89180417899,"122,251,311,500,607,751,917",9.95287023288806,"122,251,311,500,607,751,917",9.95287023288806,"122,251,311,500,751,917",11.5204604484051,"251,484,500,501,517,520,531,751,752",7044.18407356843,"251,500,751",6883.9911408588,2,"251,500,751",6883.79342,4.001,3.001,4.001,6,0.001,0.001
"251,501,751",6983.61241748393,"123,247,380,499,626,751,822",105.279495863857,"123,247,380,499,626,751,822",105.279495863857,"123,247,380,499,626,751,822",105.279495863857,"244,247,251,452,466,487,495,499,502,528,751,753",7146.8281143235,"247,251,499,502,751",7000.49395148403,3,"251,499,751",6977.25996,4.006,4.006,4.006,9.001,2.001,0.002
"251,501,751",6964.02490064416,"144,249,318,466,501,616,745,761,808",86.8328408084465,"144,249,318,466,501,616,748,761,808",89.4687282264715,"144,249,318,466,501,616,748,761,808",89.4687282264715,"249,251,499,501,516,745,746,748,759,761",7085.33755393536,"251,501,761",6952.03409302436,2,"251,501,761",6950.50952,6.008,6.005,6.005,7.003,0.01,0.01
"251,501,751",6971.48070164872,"117,251,399,501,589,749,869",113.096996666276,"117,251,399,501,589,748,869",113.306796528606,"191,251,399,501,568,748,869",115.406475418475,"245,251,490,496,499,501,510,514,515,748,749,751",7113.71470418497,"251,501,749",6963.94947256878,2,"251,501,749",6963.28438,4.002,4.003,4.003,9,0.002,0.002
"251,501,751",6990.03581171543,"153,251,344,508,509,618,750,822,958",105.629558310872,"153,251,344,502,618,750,822,958",108.409619033386,"153,251,344,502,618,750,822,958",108.409619033386,"251,455,457,492,501,502,508,743,750",7063.98826691987,"251,501,508,750",6996.95152686076,3,"251,508,750",6990.20571,6.008,5.002,5.002,6.001,1.001,0.008
"251,501,751",6958.94574210487,"251,378,501,686,751,919",58.8963471592877,"251,378,501,686,751,919",58.8963471592877,"251,378,501,686,751,837",63.7983490452219,"244,251,484,501,522,578,749,751",7041.96347614074,"251,501,751",6958.2609803791,2,"251,501,751",6947.7382,3,3,3,5,0,0
"251,501,751",6973.31259336111,"127,251,383,501,566,752,899",106.39430161743,"127,251,383,501,566,752,899",106.39430161743,"127,251,383,501,566,752,899",106.39430161743,"251,253,448,456,473,490,491,501,503,505,751,752,754,758,759,762",7148.70758751607,"251,501,751",6976.42989318958,2,"251,501,751",6971.3287,4.001,4.001,4.001,13,0,0
"251,501,751",6960.29151024949,"151,251,420,501,753,929",82.1050870154518,"151,251,420,501,753,929",82.1050870154518,"151,251,420,501,753,929",82.1050870154518,"251,253,501,547,577,748,751,753",7054.32707466554,"251,501,753",6950.52130801114,2,"251,501,753",6950.31473,3.002,3.002,3.002,5,0.002,0.002
"251,501,751",7013.02299430151,"100,252,385,498,619,751,869",149.37944515831,"100,252,385,498,619,751,869",149.37944515831,"100,252,385,498,619,751,869",149.37944515831,"242,252,498,502,503,562,751,753",7113.905233152,"252,498,751",7004.05603683932,2,"252,498,751",7003.40927,4.004,4.004,4.004,5.002,0.004,0.004
"251,501,751",6956.41655380252,"105,251,383,501,626,752,896",90.2260703493462,"105,251,383,501,626,752,896",90.2260703493462,"105,251,383,501,626,752,896",90.2260703493462,"251,474,486,501,751,752,753,764",7031.97034613937,"251,501,752",6953.4517273331,2,"251,501,752",6951.78852,4.001,4.001,4.001,5,0.001,0.001
"251,501,751",6950.01877053089,"154,250,362,501,604,751,880",76.0489381947011,"154,250,362,501,604,751,880",76.0489381947011,"154,250,362,501,604,751,880",76.0489381947011,"250,251,474,483,495,501,502,503,509,514,751,752,766",7097.71392300136,"250,501,751",6942.77887121001,2,"250,501,751",6942.39019,4.001,4.001,4.001,10,0.001,0.001
"251,501,751",6892.27408078397,"159,251,362,501,580,751,893",40.9435765302417,"159,251,362,501,580,751,893",40.9435765302417,"159,251,362,501,580,751,893",40.9435765302417,"251,497,501,509,512,751",6951.94760448008,"251,501,751",6890.02034516413,2,"251,501,751",6887.01003,4,4,4,3,0,0
"251,501,751",7009.89149226682,"137,251,411,502,647,750,876",133.881222704671,"137,251,411,502,647,750,876",133.881222704671,"137,251,411,502,647,750,873",133.897328482376,"242,249,251,253,501,502,513,750",7096.37755423676,"251,502,750",7004.09533853846,2,"251,502,750",7003.05247,4.002,4.002,4.002,5.001,0.002,0.002
"251,501,751",6897.22926076797,"152,251,382,501,683,751,877",43.4467320892146,"152,251,382,501,683,751,877",43.4467320892146,"152,251,382,501,683,751,877",43.4467320892146,"244,246,251,495,496,501,560,751,753",7016.64757480032,"251,501,751",6892.66453630536,2,"251,501,751",6892.58762,4,4,4,6,0,0
"251,501,751",6980.94511278149,"197,250,465,501,666,751,868",107.818684593662,"197,250,465,501,666,751,868",107.818684593662,"197,250,465,501,666,751,868",107.818684593662,"250,492,501,503,545,745,750,751",7074.69327660827,"250,501,751",6971.87455979046,2,"250,501,751",6971.81949,4.001,4.001,4.001,5.001,0.001,0.001
"251,501,751",6912.31828045047,"123,252,388,498,652,752,845",55.1091664408003,"123,252,388,498,633,751,845",55.6260155450483,"123,252,388,501,633,751,845",55.8949031468034,"246,251,252,435,493,495,496,498,501,502,504,751,752",7054.71044527916,"252,501,752",6898.06687008598,2,"252,501,752",6895.7109,4.005,4.001,4.004,10,0.002,0.002
"251,501,751",6954.87766897462,"184,251,361,502,648,752,877",56.9196300556475,"184,251,361,502,648,752,877",56.9196300556475,"184,251,361,502,648,752,877",56.9196300556475,"251,455,465,499,502,510,556,565,568,752",7061.96110662277,"251,502,752",6944.04853346767,2,"251,502,752",6943.96906,4.002,4.002,4.002,7.002,0.002,0.002
"251,501,751",7019.1322516144,"109,250,353,441,501,606,749,820",149.902913906426,"109,250,353,441,501,606,749,820",149.902913906426,"109,250,353,441,501,606,749,820",149.902913906426,"250,252,257,492,497,501,717,749,755",7095.68857406136,"250,501,749",7023.98486384013,2,"250,501,749",7010.62941,5.003,5.003,5.003,6.003,0.003,0.003
"251,501,751",7007.40317776245,"189,255,432,500,614,751,930",135.056829842687,"189,255,432,500,614,751,930",135.056829842687,"189,255,445,500,614,751,930",136.052669953131,"242,248,251,254,255,475,476,494,496,497,500,501,522,727,751,753",7169.16112951712,"255,500,751",6993.80867452955,2,"255,500,751",6993.37888,4.005,4.005,4.005,13,0.005,0.005
"251,501,751",6989.70908702185,"130,251,405,498,608,751,869",110.773038391124,"130,251,405,498,608,751,869",110.773038391124,"130,251,405,498,608,751,869",110.773038391124,"251,252,493,498,501,511,563,751,753",7073.13206747511,"251,498,751",6983.89675696035,2,"251,498,751",6976.88787,4.003,4.003,4.003,6,0.003,0.003
"251,501,751",6896.72824333743,"137,251,456,501,555,681,752,866",29.2171820682355,"137,250,456,501,555,679,752,866",31.1608705540741,"137,250,456,501,555,679,752,866",31.1608705540741,"250,251,500,501,752",6943.44037771676,"251,501,752",6883.07589694855,2,"251,501,752",6883.01541,5.001,5.002,5.002,2.001,0.001,0.001
"251,501,751",6987.69554605797,"119,253,387,501,556,751,919",120.982599917596,"119,253,387,501,556,751,919",120.982599917596,"119,253,387,501,556,751,919",120.982599917596,"250,253,491,495,497,499,501,751",7112.45576136401,"253,501,751",6978.39332145409,2,"253,501,751",6978.35239,4.002,4.002,4.002,5.001,0.002,0.002
"251,501,751",6992.93380756041,"80,255,371,501,619,749,832,983",129.548268425147,"80,255,371,501,619,749,832,983",129.548268425147,"80,255,371,501,619,749,832,983",129.548268425147,"251,255,257,494,500,501,749,751,755,780",7089.96290547261,"255,501,749",6980.42283792152,2,"255,501,749",6979.27322,5.006,5.006,5.006,7,0.006,0.006
"251,501,751",6940.98855441181,"48,252,440,497,659,751,825",71.2463900530277,"48,224,255,440,497,659,751,825",74.7963290452497,"48,224,255,440,497,659,751,825",74.7963290452497,"242,250,251,252,255,497,501,750,751",7022.8607914583,"252,497,501,751",6953.15861594021,3,"252,497,751",6934.77964,4.005,5.008,5.008,6,1.001,0.005
"251,501,751",6917.54995210042,"78,251,403,502,604,751,857",33.3857451251119,"78,251,403,502,604,751,857",33.3857451251119,"78,251,403,502,604,751,857",33.3857451251119,"251,252,500,501,502,507,534,577,751",7009.46460062044,"251,502,751",6915.81488748222,2,"251,502,751",6911.94395,4.001,4.001,4.001,6,0.001,0.001
"251,501,751",6928.21687417277,"158,254,390,501,638,751,892",69.9817841924662,"158,254,390,501,638,750,892",71.620593187701,"158,254,390,501,638,750,892",71.620593187701,"251,254,498,501,502,529,750,751",7018.51040912543,"254,501,751",6924.57724831741,2,"254,501,751",6924.0213,4.003,4.004,4.004,5,0.003,0.003
"251,501,751",6979.48028456764,"199,251,407,501,619,749,816,976",81.1002898690459,"199,251,407,501,619,749,816,971",81.4931111085295,"199,251,407,501,619,749,816,971",81.4931111085295,"250,251,254,497,501,529,536,749,754,755",7087.7748256721,"251,501,749",6962.03936898422,2,"251,501,749",6961.55991,5.002,5.002,5.002,7.002,0.002,0.002
"251,501,751",7002.63771414088,"99,246,344,501,625,750,821",127.148612557802,"99,251,344,501,625,750,759,821",137.829510102395,"99,251,344,501,625,759,821",137.738576432496,"246,251,467,501,750,752,759",7049.97713020983,"246,251,501,750,759",7002.76055345356,4,"246,501,750",6984.90679,4.006,4.008,5.001,4.001,2.001,0.006
"251,501,751",7021.32286237855,"198,251,405,501,641,751,873",143.764936470891,"198,251,405,501,641,751,873",143.764936470891,"198,251,405,501,641,751,873",143.764936470891,"205,229,231,251,258,493,498,501,503,506,511,751,754",7157.39740552214,"251,501,751",7012.76661551608,2,"251,501,751",7012.52116,4,4,4,10,0,0
"251,501,751",6953.14406249586,"213,257,400,501,640,749,914",79.6642626997566,"213,257,400,501,640,750,914",79.7944164856724,"213,257,400,501,640,750,914",79.7944164856724,"252,257,500,501,507,743,749,750,751",7053.16964331763,"252,507,749",6951.02993466033,2,"252,507,749",6943.18487,4.008,4.007,4.007,6.001,0.009,0.009
"251,501,751",6928.74423244913,"132,251,378,501,555,670,751,969",68.6960377088208,"132,251,378,501,651,751,969",69.9729524682943,"132,251,378,501,651,751,969",69.9729524682943,"251,252,501,751",6953.15457871832,"251,501,751",6925.82620781621,2,"251,501,751",6925.82425,5,4,4,1,0,0
"251,501,751",6937.02479511269,"144,250,383,501,644,751,856",72.7305024805421,"144,251,383,501,644,751,856",73.9153659814464,"144,251,383,501,644,751,856",73.9153659814464,"236,248,250,251,457,458,493,501,505,590,751,755,757",7064.30393584249,"248,501,751",6934.65695557609,2,"248,501,751",6932.87911,4.001,4,4,10,0.003,0.003
"251,501,751",6887.41402421202,"193,254,372,501,577,749,914",22.3204369608969,"193,251,372,501,577,749,914",25.8961701646949,"90,251,372,501,577,749,914",26.7763921474203,"249,250,251,254,257,501,538,745,749,751,757",6999.67799353122,"254,501,751",6884.86506239702,2,"254,501,751",6880.85686,4.005,4.002,4.002,8,0.003,0.003
"251,501,751",6874.52691044526,"105,252,335,501,670,751,910",2.69606743710031,"105,252,335,501,670,751,910",2.69606743710031,"105,252,327,501,670,751,910",3.04926733348903,"252,253,479,486,493,500,501,534,539,743,751,755,766",7017.68749418645,"252,501,751",6868.14685299096,2,"252,501,751",6867.78496,4.001,4.001,4.001,10.001,0.001,0.001
"251,501,751",6956.46358200754,"109,250,374,501,634,750,878",89.3695744345433,"109,250,374,501,634,745,878",96.0722396554279,"109,250,374,501,634,745,878",96.0722396554279,"250,447,472,501,504,517,721,745,750,751,752,754",7066.74278974319,"250,501,750",6947.38304767167,2,"250,501,750",6946.19196,4.002,4.007,4.007,9.001,0.002,0.002
"251,501,751",6934.52875334682,"150,251,338,501,617,712,751,835",42.4576213552071,"150,252,338,501,617,712,751,835",43.2760672877718,"150,252,338,501,617,712,729,751,835",42.3257420889778,"250,251,252,476,501,506,509,750,751",7056.38745686033,"251,501,751",6922.50205614871,2,"251,501,751",6921.89165,5,6.001,5.001,6,0,0
"251,501,751",6905.86478492675,"72,243,274,500,631,751,897",39.0243740091545,"202,251,291,500,631,751,897",40.6955214382445,"202,251,291,500,631,751,897",40.6955214382445,"243,250,251,274,410,416,500,502,533,747,748,750,751",7033.90066217465,"243,250,500,751",6912.0125524149,3,"250,500,751",6889.69861,4.009,4.001,4.001,10.001,1.002,0.002
"251,501,751",6888.40909466418,"182,252,374,504,511,628,749,859",17.5180980422831,"182,252,374,504,511,628,751,859",17.9746346337848,"182,252,374,504,511,628,751,859",17.9746346337848,"251,252,488,501,504,749,751,757",6995.46369697146,"252,504,749",6888.59365044603,2,"252,504,749",6885.20271,5.006,5.004,5.004,5,0.006,0.006
"251,501,751",6895.59554142503,"104,255,327,502,608,751,797",-0.2973632289996,"104,255,327,502,608,751,797",-0.2973632289996,"104,255,327,502,608,751,797",-0.2973632289996,"254,255,501,502,505,511,751",6971.74563580941,"255,501,751",6881.81213492324,2,"255,501,751",6880.54309,4.005,4.005,4.005,4.003,0.004,0.004
"251,501,751",6951.29433294824,"151,251,351,502,615,751,801,965",76.7135229562342,"151,251,351,502,615,751,801,965",76.7135229562342,"251,351,502,615,751,801,965",81.2496449881907,"249,251,252,256,477,501,502,503,751,765,773,801",7076.36369049091,"251,502,751",6948.02185961522,2,"251,502,751",6947.04006,5.001,4.001,5.001,9,0.001,0.001
"251,501,751",7015.0095688974,"98,251,327,503,598,749,838",137.844454601015,"98,251,327,502,598,751,838",138.830734100747,"98,251,502,598,751,838",141.547940053726,"218,249,251,256,459,463,472,486,489,495,502,503,505,507,511,514,749,751,796",7218.75880801011,"251,472,502,514,749,751",7037.8367756087,4,"251,502,751",7010.39456,4.004,3.001,4.001,16.001,3.001,0.001
"251,501,751",6995.4824744358,"116,251,320,406,501,626,751,910",131.640741401306,"116,251,369,501,626,751,910",131.622296936177,"116,251,369,501,626,751,910",131.622296936177,"251,255,270,479,481,501,528,751,754",7082.93729649794,"251,501,751",6991.91313269398,2,"251,501,751",6991.58134,5,4,4,6,0,0
"251,501,751",6963.47030548235,"118,250,315,428,500,719,753,843",101.660567469879,"118,251,428,501,719,753,843",102.659323448366,"118,251,428,500,719,753,843",102.077735964961,"249,250,251,260,498,499,500,501,526,541,575,753,760",7121.6367352394,"250,501,753",6961.63462285337,2,"250,501,753",6957.65752,5.004,4.003,4.002,10.002,0.003,0.003
"251,501,751",6966.21747395653,"89,251,320,501,617,749,823,950",106.818647526321,"89,253,320,501,617,751,823,950",111.737417794425,"89,253,320,501,617,751,823,950",111.737417794425,"251,253,500,501,503,504,564,742,749,751",7074.85780653204,"251,501,751",6965.75741623517,2,"251,501,751",6964.62538,5.002,5.002,5.002,7,0,0
"251,501,751",6903.01317854384,"160,250,373,501,595,754,916",12.9065370021328,"160,250,373,501,595,754,916",12.9065370021328,"160,250,373,501,595,754,916",12.9065370021328,"231,247,250,251,467,501,511,512,516,518,751,754,760",7037.1038787256,"250,501,754",6888.01752590401,2,"250,501,754",6886.88721,4.004,4.004,4.004,10,0.004,0.004
"251,501,751",6918.15546776296,"153,251,414,501,606,751,870",29.453973525392,"153,251,414,501,606,751,870",29.453973525392,"153,251,414,501,606,751,870",29.453973525392,"250,251,257,501,532,751",6960.63582063537,"251,501,751",6910.11979308146,2,"251,501,751",6910.06359,4,4,4,3,0,0
"251,501,751",7028.17306930842,"152,251,306,499,576,752,825",138.250281285847,"152,251,306,499,576,752,825",138.250281285847,"152,251,306,499,576,752,825",138.250281285847,"205,251,445,474,491,497,498,499,501,752",7153.86079592846,"251,499,752",7014.9156788778,2,"251,499,752",7014.02317,4.003,4.003,4.003,7.001,0.003,0.003
"251,501,751",6950.97727352369,"85,251,347,502,577,749,854",75.2362530339565,"85,251,347,502,577,749,854",75.2362530339565,"85,251,347,502,577,749,854",75.2362530339565,"250,251,464,501,502,505,506,749,751",7032.93484081898,"251,501,749",6945.15377603465,2,"251,501,749",6943.62912,4.003,4.003,4.003,6,0.002,0.002
"251,501,751",6961.31047899336,"59,251,376,501,694,752,922",78.94555125833,"59,251,376,501,694,752,922",78.94555125833,"59,251,376,501,694,752,922",78.94555125833,"246,251,253,470,501,747,752",7030.58996486391,"251,501,752",6953.07470240504,2,"251,501,752",6952.33414,4.001,4.001,4.001,4.001,0.001,0.001
"251,501,751",6914.39354539188,"174,254,358,502,595,751,859",53.6081912883622,"174,254,358,500,595,751,859",53.6798665915215,"174,254,358,500,595,751,859",53.6798665915215,"251,254,474,500,502,517,751,753,759",7004.74828519487,"254,500,751",6909.36920918266,2,"254,500,751",6907.45925,4.004,4.004,4.004,6.001,0.004,0.004
"251,501,751",6929.33433332638,"137,254,430,501,568,749,900",44.8694287244638,"137,252,304,430,503,568,749,900",45.7631055772421,"137,252,430,501,568,749,900",47.0609956382531,"249,252,254,258,500,501,503,530,741,749,750,753,770",7057.52734871906,"254,503,749",6916.11336223369,2,"254,503,749",6912.80817,4.005,4.003,5.005,10.002,0.007,0.007
"251,501,751",6967.0373323505,"142,251,359,502,635,751,886",107.957418432,"142,251,359,502,635,751,886",107.957418432,"142,251,359,502,635,751,886",107.957418432,"251,498,501,502,505,749,751",7060.0444361402,"251,502,751",6966.3684638762,2,"251,502,751",6960.50877,4.001,4.001,4.001,4,0.001,0.001
"251,501,751",6939.52214639103,"153,250,459,501,706,751,892",64.2150304002557,"153,251,459,501,706,751,892",64.5466373515448,"153,251,459,501,706,751,892",64.5466373515448,"247,250,251,255,496,500,501,526,708,744,751,758,760",7075.32188822761,"250,501,751",6939.23886946264,2,"250,501,751",6937.19584,4.001,4,4,10,0.001,0.001
"251,501,751",6923.28764306194,"178,250,424,503,620,752,886",43.8435318218669,"178,250,424,503,620,752,886",43.8435318218669,"178,250,424,503,620,752,886",43.8435318218669,"250,254,501,503,751,752,754,760,768",7007.02587460138,"250,503,752",6906.82008616107,2,"250,503,752",6906.32754,4.004,4.004,4.004,6.001,0.004,0.004
"251,501,751",6984.57554321351,"73,192,251,308,500,679,753,887",132.952482145716,"73,192,251,308,500,679,753,887",132.952482145716,"73,251,308,500,679,753,887",134.372455599281,"251,476,491,492,500,502,746,752,753",7118.69400267456,"251,491,500,502,753",6989.25305875584,3,"251,500,753",6968.78188,5.003,4.003,5.003,6.002,2.003,0.003
"251,501,751",6932.93821860373,"129,251,313,501,664,751,894",60.714691580688,"129,251,313,501,664,750,894",62.2261884849057,"129,251,313,501,664,750,894",62.2261884849057,"248,251,422,452,473,500,501,505,508,510,520,750,751",7076.22603937142,"251,501,751",6929.60960270873,2,"251,501,751",6928.15105,4,4.001,4.001,10,0,0
"251,501,751",7079.5396614757,"251,378,501,653,750,819",192.798943927243,"252,378,501,653,750,819",192.837240368919,"252,378,501,653,750,819",192.837240368919,"251,252,253,501,552,750,752",7180.62510985824,"251,252,501,750",7080.6985515643,3,"252,501,750",7067.45846,3.001,3.002,3.002,4.001,1.001,0.002
"251,501,751",7015.2723336444,"135,251,359,501,598,751,897",164.456719205574,"135,251,359,501,598,751,897",164.456719205574,"135,251,359,501,598,751,897",164.456719205574,"233,238,247,251,501,504,751",7079.10453895128,"251,501,751",7012.30063113814,2,"251,501,751",7011.61436,4,4,4,4,0,0
"251,501,751",6941.60562557678,"181,251,386,501,566,751,897",80.2694505233499,"181,251,386,501,566,751,897",80.2694505233499,"181,251,386,501,676,751,897",80.8862143501735,"251,466,501,507,751",7008.47220753051,"251,501,751",6932.9997725649,2,"251,501,751",6932.99287,4,4,4,2,0,0
"251,501,751",6963.26810056989,"130,251,375,502,574,750,845",87.2171094651522,"130,249,375,502,574,750,845",89.3206790582078,"130,249,375,502,574,750,845",89.3206790582078,"247,249,251,472,474,500,502,750",7049.73424213342,"251,502,750",6951.26890926299,2,"251,502,750",6951.22788,4.002,4.004,4.004,5.002,0.002,0.002
"251,501,751",7003.08772732941,"109,251,372,501,640,751,945",133.177377851606,"109,251,372,501,640,751,945",133.177377851606,"109,251,372,501,640,751,945",133.177377851606,"251,492,501,504,509,751",7086.37905758988,"251,501,751",6998.67843755668,2,"251,501,751",6998.41366,4,4,4,3,0,0
"251,501,751",6961.19122408246,"159,251,416,501,646,751,856",94.1037197427638,"159,251,416,501,646,748,856",95.9656874409602,"159,251,416,501,646,748,856",95.9656874409602,"251,500,501,503,511,748,751,756,758,760",7094.09977047304,"251,501,751",6965.71669129687,2,"251,501,751",6955.83931,4,4.003,4.003,7,0,0
"251,501,751",6985.00463686699,"134,251,360,500,632,751,848",122.760161595105,"134,251,360,500,632,751,848",122.760161595105,"134,251,360,500,632,751,848",122.760161595105,"251,473,489,500,501,503,505,545,751,752",7148.24542214761,"251,500,752",6979.69871825689,2,"251,500,752",6978.83833,4.001,4.001,4.001,7,0.002,0.002
"251,501,751",6900.14013981717,"179,251,359,501,577,751,841",27.4406677253796,"179,251,359,501,577,751,841",27.4406677253796,"179,251,359,501,577,751,841",27.4406677253796,"251,501,503,751",6934.85607748193,"251,501,751",6895.94821463971,2,"251,501,751",6895.94816,4,4,4,1,0,0
"251,501,751",6993.30563677177,"146,251,389,501,545,751,944",112.26787095979,"146,251,389,501,545,751,944",112.26787095979,"146,251,389,501,545,751,944",112.26787095979,"227,249,251,482,501,504,625,751",7064.25478820484,"251,501,751",6989.8308642629,2,"251,501,751",6989.69693,4,4,4,5,0,0
"251,501,751",7008.50650491268,"74,251,344,504,541,751,980",130.750843720485,"74,251,344,504,541,751,980",130.750843720485,"74,251,390,504,541,751,980",132.625966801304,"251,475,477,478,485,502,504,746,751,753,755",7120.31970108356,"251,504,751",6997.64618145131,2,"251,504,751",6995.99409,4.003,4.003,4.003,8.001,0.003,0.003
"251,501,751",6874.61243301582,"122,251,369,500,605,754,908",-2.5495139381264,"122,251,369,500,605,754,908",-2.5495139381264,"122,251,369,500,605,754,908",-2.5495139381264,"235,251,252,476,500,501,540,554,751,753,754,756,759",7011.23306332457,"251,500,751",6864.10003541194,2,"251,500,751",6862.37408,4.004,4.004,4.004,10,0.001,0.001
"251,501,751",6898.80886654286,"117,251,369,501,554,750,861",40.865284621662,"117,251,369,501,554,750,861",40.865284621662,"117,251,369,501,554,745,748,750,861",41.4272569731508,"251,447,496,501,745,750,751,763",6963.66595200479,"251,501,750",6897.54930302826,2,"251,501,750",6891.81603,4.001,6.001,4.001,5,0.001,0.001
"251,501,751",6941.59072557745,"164,251,393,501,520,677,752",68.202734447393,"164,251,393,501,520,677,752",68.202734447393,"164,251,393,501,520,677,752,812",68.0183960154268,"236,251,484,501,743,752",6999.56788675782,"251,501,752",6934.38681873447,2,"251,501,752",6933.95299,4.001,5.001,4.001,3.001,0.001,0.001
"251,501,751",6988.05817889663,"73,194,254,367,501,629,753,894",125.043490315631,"73,251,367,501,629,751,884",130.589532739987,"73,251,367,501,629,751,884",130.589532739987,"245,249,251,254,474,501,502,526,593,751,753",7097.97074746878,"254,501,753",6983.47005458008,2,"254,501,753",6983.27159,5.005,4,4,8,0.005,0.005
"251,501,751",6960.27159798077,"134,249,420,499,631,751,877",91.1215610014405,"134,249,420,499,631,752,877",91.6338782915563,"134,249,420,499,631,752,877",91.6338782915563,"249,255,388,460,480,499,501,508,748,751,752",7066.04556772385,"249,499,752",6951.80257445332,2,"249,499,752",6951.31541,4.004,4.005,4.005,8.002,0.005,0.005
"251,501,751",6952.33250223644,"187,250,418,502,648,751,843",79.3061256973913,"187,250,418,502,648,751,843",79.3061256973913,"187,250,418,502,648,751,843",79.3061256973913,"250,501,502,517,523,751,765",7042.187490368,"250,501,523,751",6942.99544863169,3,"250,501,751",6939.47444,4.002,4.002,4.002,4.001,1.001,0.001
"251,501,751",6944.04352605369,"163,251,371,500,627,753,922",75.3567084603928,"163,251,371,500,627,753,922",75.3567084603928,"163,251,371,500,627,753,922",75.3567084603928,"207,224,251,253,496,497,500,501,522,753",7043.19604904033,"251,500,753",6931.68404627865,2,"251,500,753",6931.64412,4.003,4.003,4.003,7.002,0.003,0.003
"251,501,751",7042.59225053699,"153,250,348,501,638,752,815",153.842435803567,"153,251,348,501,638,752,815",154.372876952204,"153,251,348,501,638,752,815",154.372876952204,"250,251,469,471,477,501,505,547,752,797",7155.02322442537,"250,501,752",7036.25310245806,2,"250,501,752",7035.90956,4.002,4.001,4.001,7.001,0.002,0.002
"251,501,751",6972.14456572783,"48,173,250,403,499,634,749,785",82.9486175861893,"48,168,250,403,499,634,749,785",83.4656405894045,"48,168,250,444,499,634,749,785",84.2447751293083,"237,248,249,250,467,490,491,499,510,749,750,751",7092.52421401191,"250,499,749",6954.94815616739,2,"250,499,749",6950.82393,5.005,5.005,5.005,9.003,0.005,0.005
"251,501,751",6957.7752901831,"102,251,381,501,625,751,888",78.095625477574,"102,251,381,501,625,751,888",78.095625477574,"102,251,381,501,625,751,888",78.095625477574,"244,251,256,473,478,501,751,752,770",7037.7068623769,"251,501,751",6949.64748165892,2,"251,501,751",6949.12446,4,4,4,6,0,0
"251,501,751",6944.76811025047,"101,251,393,502,662,751,914",67.8746534884434,"101,251,393,502,662,751,914",67.8746534884434,"101,251,393,502,662,751,914",67.8746534884434,"248,251,257,482,484,499,500,502,514,520,746,751",7091.15571961711,"251,502,751",6941.29248188698,2,"251,502,751",6940.68886,4.001,4.001,4.001,9.001,0.001,0.001
"251,501,751",6965.48284972928,"107,252,397,499,637,754,923",81.7699895069554,"107,251,397,499,637,754,923",82.103370769474,"107,251,397,499,754,923",83.5207224056125,"251,252,468,493,498,499,502,524,580,746,751,754,755",7101.0301997665,"252,499,754",6963.24432906999,2,"252,499,754",6952.07131,4.006,3.005,4.005,10.001,0.006,0.006
"251,501,751",6927.86890392515,"192,251,396,502,581,751,836",68.1898309514528,"192,250,396,502,581,751,836",70.3031097798799,"192,250,502,581,751,836",73.2159925549488,"233,249,250,251,479,481,488,502,508,751,752",7055.54287492728,"251,502,751,752",6933.82148105813,3,"251,502,751",6920.31104,4.001,3.002,4.002,8.001,1.001,0.001
"251,501,751",6946.98997341793,"14,142,251,327,501,606,753,886",74.7535374088366,"14,142,251,327,501,606,753,886",74.7535374088366,"14,142,251,327,501,606,753,886",74.7535374088366,"232,248,251,444,501,526,543,753,754",7084.9737655075,"251,501,753",6941.8318262103,2,"251,501,753",6941.76258,5.002,5.002,5.002,6.002,0.002,0.002
"251,501,751",6988.57532706384,"122,251,453,501,663,759,927",124.169708580064,"122,251,453,501,663,759,927",124.169708580064,"122,251,315,466,501,663,759,927",124.895169623916,"250,251,256,498,501,503,751,752,759,761",7100.11510555211,"251,501,751,759",6992.75695163897,3,"251,501,751",6984.58221,4.008,5.008,4.008,7,1,0
"251,501,751",7007.84970414214,"76,251,316,498,658,751,926",123.839914684607,"76,251,316,498,658,751,926",123.839914684607,"76,251,316,498,658,751,926",123.839914684607,"250,251,252,261,413,491,498,501,751,752",7117.99452767067,"252,498,751",7001.74800087203,2,"252,498,751",6999.88115,4.003,4.003,4.003,7,0.004,0.004
"251,501,751",6927.0094664787,"138,251,356,501,628,752,897",58.6446253818432,"138,251,356,501,574,748,897",61.6921248794404,"138,251,356,501,574,748,897",61.6921248794404,"251,435,475,496,500,501,505,506,522,524,534,743,748,752",7073.98461516812,"251,501,752",6915.97011429505,2,"251,501,752",6915.11329,4.001,4.003,4.003,11.001,0.001,0.001
"251,501,751",6925.21294197919,"160,251,352,502,610,750,910",57.5514259295057,"160,251,352,499,610,747,910",59.1003769341097,"160,251,319,502,610,747,910",60.1653330945723,"242,251,474,475,479,486,499,501,502,503,747,750,752",7066.68767538315,"251,499,502,747,752",6940.32631747509,4,"251,502,747",6919.88808,4.002,4.005,4.006,10.001,2.002,0.005
"251,501,751",6992.80757300922,"101,251,342,501,588,751,951",125.465498282425,"101,251,342,501,588,750,951",126.692910673521,"101,251,342,501,588,750,951",126.692910673521,"251,266,269,481,501,750,751",7062.98250988194,"251,501,751",6989.83838734715,2,"251,501,751",6989.57033,4,4.001,4.001,4,0,0
"251,501,751",6958.25683668886,"53,208,251,367,501,670,751,850",90.0565821612613,"53,208,251,367,501,670,751,850",90.0565821612613,"53,208,251,367,501,670,751,849",90.0650768952862,"251,496,501,503,506,556,750,751",7039.97364302203,"251,501,751",6955.00891087591,2,"251,501,751",6950.5775,5,5,5,5,0,0
"251,501,751",7046.36319433133,"130,251,379,501,669,750,902",159.568775167815,"130,251,379,501,669,750,902",159.568775167815,"130,251,379,501,669,750,902",159.568775167815,"247,251,487,501,502,506,750,751",7157.58687593854,"251,501,750",7040.36755259467,2,"251,501,750",7040.30895,4.001,4.001,4.001,5,0.001,0.001
"251,501,751",6949.04544626379,"183,254,501,628,751,840",59.2259861390049,"183,254,498,628,751,840",60.2123144905506,"183,254,501,628,751,840",59.2259861390049,"233,241,251,254,258,429,438,466,481,488,498,501,512,526,751,760",7134.4939526004,"251,498,512,751",6948.60143832575,4,"251,498,751",6938.53295,3.003,3.003,3.006,13,1.003,0.003
"251,501,751",6951.90173610725,"133,252,318,503,604,751,918",76.7208971746411,"133,251,318,503,604,751,918",76.8968011315313,"133,251,318,503,604,751,918",76.8968011315313,"251,252,482,492,501,502,503,509,751,752",7092.92069016422,"252,503,751",6948.25418725434,2,"252,503,751",6948.09826,4.003,4.002,4.002,7,0.003,0.003
"251,501,751",7047.17396795983,"110,251,368,501,582,750,866",168.348545978456,"110,251,368,501,582,750,866",168.348545978456,"110,251,368,501,582,750",169.767034664231,"249,251,498,501,502,511,515,750",7141.74995921144,"251,501,750",7039.21900649108,2,"251,501,750",7038.79219,4.001,3.001,4.001,5.001,0.001,0.001
"251,501,751",6994.67405498702,"185,248,354,502,530,686,751,901",115.059658373995,"185,248,354,502,643,751,901",116.929064925094,"185,248,354,502,530,686,751,901",115.059658373995,"245,248,250,501,502,751",7069.22513616973,"248,502,751",6983.85440165799,2,"248,502,751",6983.80026,5.004,5.004,4.004,3.001,0.004,0.004
"251,501,751",7021.90868737464,"69,250,324,481,500,672,751,928",163.331121463717,"69,250,438,501,672,751,928",164.533277315735,"69,250,438,501,672,751,928",164.533277315735,"247,250,252,500,501,519,744,751,763",7109.81906921251,"250,501,751",7015.92264892512,2,"250,501,751",7015.51435,5.002,4.001,4.001,6.001,0.001,0.001
"251,501,751",6979.53103880984,"160,251,417,501,559,751,821",117.964875432451,"160,251,417,501,559,751,821",117.964875432451,"160,251,328,338,501,559,751,821",118.867193396662,"250,251,253,475,501,506,751,794",7050.17197187548,"251,501,751",6978.85216508826,2,"251,501,751",6978.59915,4,5,4,5,0,0
"251,501,751",7076.92030471462,"119,251,269,409,501,650,751,864",198.9445434311,"119,246,267,409,501,650,751,864",200.853613418835,"119,246,267,409,501,650,751,864",200.853613418835,"251,267,501,507,746,751",7142.18963420996,"251,267,501,751",7074.54965986143,3,"251,501,751",7071.7121,5,5.005,5.005,3,1,0
"251,501,751",6947.44912000548,"162,251,320,501,631,752,894",62.3081386716032,"162,251,320,501,631,752,894",62.3081386716032,"162,251,320,501,631,752,894",62.3081386716032,"251,433,501,509,511,750,752",6998.54516798959,"251,501,752",6941.14101909113,2,"251,501,752",6939.01039,4.001,4.001,4.001,4.001,0.001,0.001
"251,501,751",7061.27084686294,"109,251,309,499,640,751,926",180.391119694223,"109,251,309,499,640,751,926",180.391119694223,"109,251,309,499,640,751,926",180.391119694223,"251,256,267,271,488,490,498,499,501,504,751,752",7178.17484813788,"251,499,751",7054.24892967926,2,"251,499,751",7054.0062,4.002,4.002,4.002,9,0.002,0.002
"251,501,751",6978.25559194662,"165,251,321,453,501,624,750,819",113.596728397373,"165,251,321,453,501,624,750,819",113.596728397373,"165,251,321,453,501,624,750,819",113.596728397373,"90,251,499,501,502,749,750,751",7049.8986147574,"251,501,750",6972.83278329194,2,"251,501,750",6972.52651,5.001,5.001,5.001,5,0.001,0.001
"251,501,751",7003.25870376136,"135,251,357,501,536,687,751,861",134.237232491258,"135,251,357,501,536,687,751,861",134.237232491258,"135,251,357,501,536,687,751,861",134.237232491258,"251,483,501,504,751,753,755",7091.99318045806,"251,501,751",7004.68519067616,2,"251,501,751",7001.98769,5,5,5,4,0,0
"251,501,751",6894.06199319854,"191,251,333,500,606,751,928",12.0395118954009,"191,251,333,500,606,751,928",12.0395118954009,"191,251,333,500,606,751",16.9798724918186,"250,251,451,500,531,745,751",6960.10241721281,"251,500,751",6881.83064450711,2,"251,500,751",6881.46305,4.001,3.001,4.001,4.001,0.001,0.001
"251,501,751",6974.79183122794,"71,251,368,500,677,752,852",106.707192437815,"71,251,368,500,677,752,852",106.707192437815,"71,251,368,500,677,752,852",106.707192437815,"251,496,500,501,508,748,752",7050.31986545591,"251,501,752",6967.50999297992,2,"251,501,752",6965.91603,4.002,4.002,4.002,4.001,0.001,0.001
"251,501,751",6894.6833149325,"146,250,367,501,643,751,925",32.9605040359404,"146,250,367,501,643,751,925",32.9605040359404,"146,250,367,501,643,751,925",32.9605040359404,"249,250,252,467,485,489,501,503,555,557,751,757",7040.61864094442,"250,501,751",6887.34391311525,2,"250,501,751",6886.98494,4.001,4.001,4.001,9.001,0.001,0.001
"251,501,751",6921.71908086813,"127,251,330,502,633,752,861",57.9805932009326,"127,251,330,502,633,752,861",57.9805932009326,"127,251,330,502,633,752,861",57.9805932009326,"251,484,486,500,502,752",7008.96380323326,"251,502,752",6915.51361562665,2,"251,502,752",6915.14849,4.002,4.002,4.002,3.002,0.002,0.002
"251,501,751",7092.37644759641,"90,213,252,366,502,703,751,830",222.610702825499,"90,213,252,366,502,703,751,830",222.610702825499,"90,252,366,502,703,751,830",222.315636237401,"243,251,252,262,459,466,502,519,525,530,751,773",7240.14317434861,"251,502,751",7084.67468118753,2,"251,502,751",7084.15735,5.002,4.002,5.002,9.001,0.001,0.001
"251,501,751",7042.22659438132,"123,251,382,501,681,751,865,866",183.383451517903,"123,251,382,502,681,751,854",184.389718441322,"123,251,382,501,681,751,854",184.321471888462,"250,251,256,262,489,500,501,502,523,751,762",7151.07682078723,"251,502,751",7043.7894116724,2,"251,502,751",7039.15982,5,4,4.001,8,0.001,0.001
"251,501,751",6871.90470642227,"160,252,448,501,670,751,876",-2.47097835876355,"160,252,448,501,670,751,876",-2.47097835876355,"160,252,448,501,670,751,876",-2.47097835876355,"245,249,250,252,408,501,532,543,751",6950.09461792893,"252,501,751",6859.27473662908,2,"252,501,751",6859.13031,4.001,4.001,4.001,6.001,0.001,0.001
"251,501,751",6946.9387004482,"92,251,424,501,682,751,823",71.6696681666225,"92,251,424,503,682,751,823",72.0581192973254,"92,251,424,503,682,751,823",72.0581192973254,"251,489,493,494,501,503,505,548,599,748,751,787",7095.47166526993,"251,494,505,751",6962.88566630401,6,"251,505,751",6947.11009,4,4.002,4.002,9,1.004,0.004
"251,501,751",6977.45530557205,"106,251,405,490,500,660,752,901",108.434380965648,"106,251,405,490,500,660,752,901",108.434380965648,"106,251,405,500,660,752,901",108.578391599029,"251,270,500,501,506,515,536,539,752,755,774",7090.65900118346,"251,500,752",6972.56154396041,2,"251,500,752",6972.41349,5.002,4.002,5.002,8.001,0.002,0.002
"251,501,751",6865.25005036613,"148,251,348,501,624,751,857",-8.92483550501272,"148,251,348,501,624,751,857",-8.92483550501272,"148,251,348,501,624,751,857",-8.92483550501272,"251,413,440,442,501,546,751",6937.92112206882,"251,501,751",6863.06640837254,2,"251,501,751",6862.38233,4,4,4,4,0,0
"251,501,751",6998.72265043301,"127,251,320,501,580,753,899",131.908532403117,"127,251,320,501,580,753,899",131.908532403117,"127,251,320,501,580,753,905",131.924278725997,"251,497,500,501,751,753",7095.81055144345,"251,501,753",6994.09852934124,2,"251,501,753",6994.08527,4.002,4.002,4.002,3,0.002,0.002
"251,501,751",6991.78765742124,"113,251,322,502,572,751,891",141.449777299033,"113,252,322,502,572,751,891",141.902842037793,"113,252,322,502,572,751,891",141.902842037793,"251,252,501,502,506,751",7043.91462525066,"251,501,502,751",7011.2970962913,3,"251,501,751",6988.98189,4.001,4.002,4.002,3,1,0
"251,501,751",6960.9718769267,"94,251,417,501,664,751,852",101.064134549954,"94,255,417,501,664,751,852",104.229353746945,"94,255,417,501,664,751,852",104.229353746945,"251,253,255,461,499,501,502,522,751",7056.92195742826,"251,501,751",6957.30650461327,2,"251,501,751",6956.84369,4,4.004,4.004,6,0,0
"251,501,751",7019.61236808095,"124,252,304,502,687,751,856",135.300074201368,"124,252,304,502,687,751,856",135.300074201368,"124,252,502,687,751,856",139.197462665095,"242,247,250,252,253,254,473,502,746,751,753",7137.66682550722,"252,502,751",7007.29407914712,2,"252,502,751",7002.48172,4.002,3.002,4.002,8.002,0.002,0.002
"251,501,751",7015.05014637008,"177,250,355,501,643,748,834",142.120253675981,"177,250,355,501,643,748,834",142.120253675981,"105,106,177,250,355,501,643,748,834",146.574719163473,"223,249,250,251,439,494,501,502,503,743,748,756",7126.51345464707,"250,501,748,756",7013.51150201246,3,"250,501,748",7003.36877,4.004,6.004,4.004,9.003,1.004,0.004
"251,501,751",6977.42770741022,"74,233,251,459,499,648,752,837",107.753115776549,"74,233,251,459,499,648,752,837",107.753115776549,"233,251,459,499,648,736,739,742,752,837",114.819270290071,"233,239,251,254,499,507,742,752,759",7057.25124472084,"251,499,752,759",6976.39541564595,3,"251,499,752",6964.42432,5.003,7.003,5.003,6.003,1.003,0.003
"251,501,751",6947.43241819181,"39,251,431,503,628,751,821",72.7430618241958,"39,252,431,503,628,751,821",74.41270230174,"39,172,252,431,503,628,751,821",77.3359465266164,"251,252,254,490,503,569,751,752",7013.82101746529,"251,503,751",6936.59211260789,2,"251,503,751",6936.1559,4.002,5.003,4.003,5.002,0.002,0.002
"251,501,751",6986.03837771919,"111,251,374,450,495,674,750,898",115.907371528678,"111,251,374,501,674,750,898",116.97289471711,"111,251,374,450,501,674,750,898",118.719951989038,"251,491,494,495,501,503,504,750,754",7077.64073760212,"251,495,503,750",6982.48173314153,3,"251,503,750",6976.63714,5.007,5.001,4.001,6.001,1.003,0.003
"251,501,751",6942.99549405783,"130,251,387,501,597,750,887",72.1829692916178,"130,251,387,501,597,750,887",72.1829692916178,"130,251,387,501,597,750,887",72.1829692916178,"251,252,474,477,496,501,506,509,524,750,751,753",7072.43714916793,"251,501,506,750",6949.93518822722,3,"251,501,750",6938.54013,4.001,4.001,4.001,9,1.001,0.001
"251,501,751",7031.04232875059,"137,247,353,501,624,751,863",159.059283908677,"137,251,353,501,624,751,863",162.326939854499,"137,251,353,501,624,751,863",162.326939854499,"246,247,248,249,251,495,497,501,503,527,536,751",7168.96975466694,"247,503,751",7031.32290878394,2,"247,503,751",7025.71599,4.004,4,4,9,0.006,0.006
"251,501,751",6940.92841862893,"132,251,359,501,546,669,752,865",79.511118987487,"132,251,359,501,552,752,865",80.1484777722987,"132,251,359,501,552,752,865",80.1484777722987,"251,490,496,501,509,752,753",7013.84528294788,"251,501,752",6933.18162928795,2,"251,501,752",6933.16756,5.001,4.001,4.001,4.001,0.001,0.001
"251,501,751",6972.62362996859,"140,251,360,501,635,751,912",101.90762433071,"140,251,360,501,635,751,912",101.90762433071,"140,251,360,501,635,751,912",101.90762433071,"251,484,501,518,751,752",7043.64066085352,"251,501,751",6968.9126584077,2,"251,501,751",6968.69849,4,4,4,3,0,0
"251,501,751",6932.65986104497,"121,253,400,498,645,753,889",65.0021117220307,"99,251,400,498,645,753,889",65.6138665088818,"99,251,400,498,645,753,889",65.6138665088818,"251,253,459,498,499,501,751,753",7033.01963041916,"251,253,498,753",6927.96012508592,3,"253,498,753",6915.16456,4.007,4.005,4.005,5,1.005,0.007
"251,501,751",6902.18901022776,"161,251,363,467,501,603,751,897",47.0794222917229,"161,251,432,501,603,751,897",48.6783752571785,"161,251,432,501,603,751,897",48.6783752571785,"226,250,251,254,501,751",6949.99186655654,"251,501,751",6893.48611654293,2,"251,501,751",6892.46971,5,4,4,3,0,0
"251,501,751",6961.8402184258,"173,251,401,501,635,751,811",87.2470250212183,"173,251,401,501,635,751,811",87.2470250212183,"173,251,401,501,635,751,811",87.2470250212183,"239,247,249,251,500,501,528,735,751,937,938",7066.20235278077,"251,500,751",6961.04802055611,2,"251,500,751",6957.74504,4,4,4,8,0.001,0.001
"251,501,751",6977.00913230614,"129,254,436,501,655,751,863",101.02071338939,"129,254,436,501,655,751,863",101.02071338939,"129,254,436,501,655,751,863",101.02071338939,"251,254,257,501,741,751",7060.34311806769,"251,254,501,751",6983.28059348808,3,"254,501,751",6971.93938,4.003,4.003,4.003,3,1,0.003
"251,501,751",6945.49307392078,"107,251,368,501,678,751,867",82.0633429139778,"107,251,368,501,678,751,867",82.0633429139778,"107,251,368,501,678,751,867",82.0633429139778,"226,233,251,494,501,505,513,751,754",7033.97911982288,"251,501,751",6942.57044400313,2,"251,501,751",6942.22906,4,4,4,6,0,0
"251,501,751",6910.04658856774,"79,251,391,501,614,751,889",53.5588042134942,"79,251,391,501,614,751,889",53.5588042134942,"79,251,391,501,614,751,889",53.5588042134942,"250,251,501,751",6975.54357212355,"251,501,751",6904.14556548858,2,"251,501,751",6904.14493,4,4,4,1,0,0
"251,501,751",6913.93148350338,"96,176,252,410,501,543,751,786,916",42.4589173378117,"162,252,410,501,543,751,786,916",44.0971876395963,"162,252,410,501,543,751,808,916",44.9545049662223,"244,245,251,252,255,476,490,501,503,515,751,752",7072.27246928658,"251,252,501,751",6923.18968194762,3,"252,501,751",6908.14972,6.001,5.001,5.001,9,1,0.001
"251,501,751",6992.05391919339,"94,251,395,501,654,753,810,943",113.875504887315,"94,251,395,501,654,753,811,943",113.955225738147,"94,251,395,501,654,753,811,943",113.955225738147,"251,455,477,501,502,503,515,526,529,753,755",7121.40261207754,"251,501,753",6993.0691269205,2,"251,501,753",6983.18025,5.002,5.002,5.002,8.002,0.002,0.002
"251,501,751",6983.30117520681,"63,251,411,501,539,750,919",108.983144230542,"63,251,411,501,539,751,919",109.442679246073,"63,251,411,501,539,751,919",109.442679246073,"251,498,501,749,750,751",7040.05275338385,"251,501,751",6977.63102626481,2,"251,501,751",6977.11522,4.001,4,4,3,0,0
"251,501,751",7053.70961611151,"104,251,310,442,502,623,751,859",186.892134577652,"104,254,402,502,623,751,859",190.974371020048,"104,254,310,442,502,623,751,859",191.58658127705,"247,251,254,474,477,492,496,502,514,751",7143.85056035091,"251,502,751",7046.00247915586,2,"251,502,751",7044.84806,5.001,5.004,4.004,7.001,0.001,0.001
"251,501,751",6937.98843959019,"68,251,333,504,621,751,828",62.0140831003005,"68,251,333,504,621,751,828",62.0140831003005,"68,251,333,504,621,751,828",62.0140831003005,"245,251,252,492,493,495,504,746,751,753",7078.36912913186,"251,504,751",6929.60536550617,2,"251,504,751",6929.43328,4.003,4.003,4.003,7.003,0.003,0.003
"251,501,751",6934.15007475723,"87,251,455,498,611,751,899",46.1218290268898,"87,250,455,498,611,750,899",48.2487987239701,"87,250,455,498,611,750,899",48.2487987239701,"250,251,253,498,499,501,749,750,751",7038.93693366819,"250,498,751",6924.39279210693,2,"250,498,751",6923.93619,4.003,4.005,4.005,6,0.004,0.004
"251,501,751",6990.97886616993,"79,251,384,500,637,751,803,972",118.482895302601,"79,251,384,500,637,751,803,972",118.482895302601,"79,251,384,500,636,751,803",119.792879085436,"251,255,258,465,500,523,751,753,774",7093.21173732063,"251,500,751",6980.91682225246,2,"251,500,751",6980.65207,5.001,4.001,5.001,6.001,0.001,0.001
"251,501,751",6882.64458280656,"62,251,384,495,606,749,813",13.2694253007121,"62,251,384,495,606,750,813",13.9415788218292,"62,251,384,495,570,750,813",14.1869374916277,"251,493,495,498,504,506,749,750,754,761",6974.34294006406,"251,495,749",6864.83239197377,2,"251,495,749",6863.48989,4.008,4.007,4.007,7.004,0.008,0.008
"251,501,751",6894.8093342916,"117,251,400,500,715,752,927",8.99814744035621,"117,251,400,500,715,752,927",8.99814744035621,"251,400,500,715,752,927",11.7248517070867,"250,251,273,500,504,524,566,751,752",6981.93592603991,"251,500,752",6878.44052458839,2,"251,500,752",6878.3026,4.002,3.002,4.002,6.001,0.002,0.002
"251,501,751",6994.31138827893,"84,250,371,501,585,747,877",115.717862847194,"84,250,371,501,585,750,877",115.953352578577,"84,250,371,501,585,750,877",115.953352578577,"250,444,478,500,501,508,510,522,747,750,753",7093.00557705765,"250,501,747,750",6992.72718535529,3,"250,501,750",6980.83459,4.005,4.002,4.002,8.002,1.002,0.002
"251,501,751",6957.29081546574,"176,252,342,502,655,750,852",74.8457900834341,"176,251,342,502,655,750,852",75.307867823153,"176,251,342,502,655,750,852",75.307867823153,"251,252,253,263,270,493,500,502,516,518,558,735,750,751,752",7123.21911543004,"251,502,750",6947.3978674199,2,"251,502,750",6945.88376,4.003,4.002,4.002,12.001,0.002,0.002
"251,501,751",6913.79173881838,"41,159,251,346,501,684,751,847",32.8266677166839,"41,151,251,346,501,684,751,847",33.7029563482045,"41,151,251,346,501,684,751,847",33.7029563482045,"159,249,251,429,430,474,501,556,579,751,753",7018.08394889256,"251,501,751",6910.64328944263,2,"251,501,751",6909.53035,5,5,5,8,0,0
"251,501,751",7118.92002334358,"134,253,390,502,641,753",233.942762984019,"134,253,390,502,641,753",233.942762984019,"134,253,502,641,753",236.736682436933,"250,253,502,506,751,753,755",7188.88611338585,"253,502,751,753",7115.46805168831,3,"253,502,753",7103.11618,3.005,2.005,3.005,4.002,1.003,0.005
"251,501,751",6984.54809158061,"91,251,404,497,574,749,858,979",102.978175999147,"91,251,404,497,574,749,878",104.232744614855,"91,251,404,497,574,749,878",104.232744614855,"249,250,251,492,497,498,501,504,508,514,537,749",7098.72303432365,"251,497,749",6964.22386122326,2,"251,497,749",6963.43556,5.006,4.006,4.006,9.002,0.006,0.006
"251,501,751",7010.1843881556,"203,251,355,499,575,751,882",123.75445036347,"203,251,355,499,575,751,882",123.75445036347,"203,251,355,499,575,751,882",123.75445036347,"251,494,499,502,750,751,754,756,757,786",7118.1916725982,"251,499,751",7003.29884335666,2,"251,499,751",7002.39128,4.002,4.002,4.002,7.001,0.002,0.002
"251,501,751",6925.53473147801,"84,251,406,502,640,751,845",61.1981170002406,"84,251,406,502,640,751,845",61.1981170002406,"84,251,406,502,640,751,845",61.1981170002406,"251,256,494,499,502,751,753",7017.60768618867,"251,502,751",6922.49972951588,2,"251,502,751",6922.13204,4.001,4.001,4.001,4.001,0.001,0.001
"251,501,751",6961.82129453734,"84,251,403,501,607,751,939",102.028629821045,"84,251,403,501,607,751,939",102.028629821045,"84,251,403,501,607,751,939",102.028629821045,"251,481,497,499,501,509,751",7018.79726058051,"251,501,751",6954.61370036563,2,"251,501,751",6954.57511,4,4,4,4,0,0
"251,501,751",6955.3748285178,"106,250,361,500,667,751,870",82.3949243897582,"106,250,361,500,667,751,870",82.3949243897582,"106,250,349,500,667,751,870",83.186646659197,"248,250,251,486,488,500,502,509,750,751",7096.03019130836,"250,500,751",6941.70570656789,2,"250,500,751",6941.2107,4.002,4.002,4.002,7.001,0.002,0.002
"251,501,751",6957.85844252737,"57,250,374,501,709,751,842",92.284331782857,"57,250,374,501,709,751,842",92.284331782857,"57,250,374,501,709,751",96.215407580645,"241,247,250,251,501,502,537,550,734,737,744,751",7081.91884960426,"250,501,751",6956.79805831758,2,"250,501,751",6954.13959,4.001,3.001,4.001,9,0.001,0.001
"251,501,751",7048.06276410594,"81,251,328,500,525,676,751,919",174.973562703781,"134,251,260,453,500,525,676,751,919",178.3228805524,"134,251,260,453,500,525,676,751,919",178.3228805524,"251,256,260,494,499,500,751",7164.66246140728,"251,500,751",7042.35963336508,2,"251,500,751",7042.26147,5.001,6.001,6.001,4.001,0.001,0.001
"251,501,751",6996.40565560566,"191,254,398,499,657,750,855",119.731716361894,"191,254,398,499,657,750,855",119.731716361894,"191,254,359,499,657,750,855",121.313475507699,"250,254,496,499,501,504,507,541,546,750",7111.94589938385,"250,499,750",6991.32458907368,2,"250,499,750",6989.96135,4.006,4.006,4.006,7.002,0.004,0.004
"251,501,751",6853.78858202025,"46,142,251,332,502,625,754,908",-44.7553660918426,"73,251,332,502,625,754,908",-40.8418281254636,"73,251,332,502,625,754,908",-40.8418281254636,"250,251,474,483,501,502,503,753,754",6926.8443698489,"251,502,503,754",6847.57013179685,3,"251,502,754",6831.26255,5.004,4.004,4.004,6.002,1.004,0.004
"251,501,751",6939.65116085206,"82,252,313,500,651,751,932",60.5894785549934,"82,252,313,500,651,747,932",68.1072018031802,"82,252,313,500,651,747,932",68.1072018031802,"252,500,502,546,747,751,753",7053.06512234951,"252,500,751",6934.54596252929,2,"252,500,751",6930.21509,4.002,4.006,4.006,4.002,0.002,0.002
"251,501,751",6975.66304052816,"137,251,404,501,619,751,842",100.376781736265,"137,251,404,501,619,751,842",100.376781736265,"137,251,404,501,619,751,842",100.376781736265,"251,501,517,751,754,757",7045.31352463809,"251,501,751",6967.96505496939,2,"251,501,751",6967.53439,4,4,4,3,0,0
"251,501,751",7007.86374859301,"157,251,380,502,571,752,852",116.446811545777,"157,249,380,495,583,752,852",123.374200751626,"157,249,380,502,571,752,852",118.83571115768,"231,243,249,251,485,494,495,502,752,764",7109.52746122449,"251,502,752",6999.75339666308,2,"251,502,752",6998.54383,4.002,4.004,4.009,7.002,0.002,0.002
"251,501,751",6929.42516872469,"68,251,417,501,607,751,856",59.4987002243425,"68,251,417,501,607,751,856",59.4987002243425,"68,251,417,501,607,751,856",59.4987002243425,"251,486,489,501,503,515,742,750,751,756,757,758",7076.46788136991,"251,501,751",6919.00485217063,2,"251,501,751",6918.662,4,4,4,9,0,0
"251,501,751",6971.54879585243,"117,252,414,501,722,751,867",105.497920108487,"117,252,414,501,629,749,867",105.754454012533,"117,252,414,501,629,749,867",105.754454012533,"251,252,254,499,500,501,502,509,510,573,749,751",7120.33254845397,"252,501,751",6970.54631280206,2,"252,501,751",6966.78101,4.001,4.003,4.003,9,0.001,0.001
"251,501,751",6966.67206456947,"137,252,360,501,638,751,862",93.2041943983092,"137,252,360,501,638,751,862",93.2041943983092,"137,252,360,501,751,862",94.177283270909,"252,265,501,564,565,751,753",7021.92000044885,"252,501,751",6948.28603978349,2,"252,501,751",6947.70951,4.001,3.001,4.001,4.001,0.001,0.001
"251,501,751",6961.39027999638,"36,160,251,424,501,627,751,863",94.336744717341,"36,160,251,424,501,627,751,863",94.336744717341,"36,160,251,424,501,627,751,863",94.336744717341,"251,470,488,501,504,751,754",7042.00541254371,"251,501,751",6959.70986822405,2,"251,501,751",6959.11536,5,5,5,4,0,0
"251,501,751",6923.37055028802,"81,252,436,501,578,752,893",46.563087935443,"81,252,436,501,578,751,893",47.5513641170519,"81,252,436,502,578,751,893",47.6596578216358,"237,252,253,258,393,501,502,504,514,751,752,754,757",7053.11953333219,"252,501,751",6916.706579392,2,"252,501,751",6914.06439,4.002,4.002,4.001,10.001,0.001,0.001
"251,501,751",6935.1801537813,"89,251,362,501,593,750,898",75.7335721034216,"89,251,362,501,593,750,898",75.7335721034216,"89,251,362,501,593,750,898",75.7335721034216,"251,252,469,501,503,749,750",7008.77134271247,"251,501,750",6927.26472775292,2,"251,501,750",6926.99982,4.001,4.001,4.001,4.001,0.001,0.001
"251,501,751",6979.07305376592,"109,195,251,347,503,545,555,709,752,851",107.327792797858,"109,195,251,347,503,574,751,851",109.145732129139,"109,251,347,503,542,555,709,751,851",110.204502092118,"202,251,475,496,502,503,514,515,539,751,752",7090.57257855606,"251,503,752",6968.32484526527,2,"251,503,752",6967.40297,7.003,6.002,5.002,8.001,0.003,0.003
"251,501,751",6873.07933899543,"73,252,387,501,609,751,852",4.56655785376037,"73,253,387,501,609,751,852",4.6335082597933,"73,253,387,501,609,751,852",4.6335082597933,"250,251,252,253,482,488,492,494,500,501,502,515,742,751",7016.23717202678,"253,501,502,751",6881.1026235073,3,"253,501,751",6867.12755,4.001,4.002,4.002,11,1.002,0.002
"251,501,751",6988.50429893337,"197,251,334,501,631,749,911",114.880338248303,"197,251,334,501,631,751,911",115.529041112829,"197,251,334,501,631,751,911",115.529041112829,"227,247,251,252,263,464,481,493,499,501,502,504,749,751",7145.81872296738,"251,501,749",6986.99312582654,2,"251,501,749",6984.01024,4.002,4,4,11,0.002,0.002
"251,501,751",6934.49012275376,"93,251,389,501,677,751,876",63.3688185030604,"93,251,389,501,677,751,876",63.3688185030604,"93,251,389,501,677,751,876",63.3688185030604,"251,471,483,492,500,501,516,528,576,749,751",7052.2294653235,"251,501,751",6929.92568363242,2,"251,501,751",6929.65779,4,4,4,8,0,0
"251,501,751",6929.61230175513,"130,248,331,502,621,751,912",43.8556533150985,"130,248,331,502,621,751,912",43.8556533150985,"130,248,331,502,621,751,912",43.8556533150985,"248,251,428,470,500,501,502,507,524,751,756",7032.70236666112,"248,251,502,524,751",6944.84158767239,3,"251,502,751",6926.26514,4.004,4.004,4.004,8,2.001,0.001
"251,501,751",7024.21008270724,"130,252,301,386,501,561,752,898",133.70892529649,"130,251,261,361,501,561,754,898",147.900778953899,"130,251,261,361,501,561,754,898",147.900778953899,"250,251,252,253,254,261,299,301,443,493,501,586,603,752,754",7164.11652882344,"253,301,501,603,752,754",7034.23698365031,3,"253,501,752",7012.87804,5.002,5.003,5.003,12.001,3.003,0.003
"251,501,751",6927.41346352492,"93,252,379,502,543,751,888",53.1675214524844,"93,252,379,502,543,751,888",53.1675214524844,"93,252,379,501,543,751,857",56.7953391376793,"246,251,252,253,501,502,751",6995.1336111217,"252,501,502,751",6933.70530218222,3,"252,502,751",6920.66516,4.002,4.001,4.002,4,1.001,0.002
"251,501,751",6919.29951738348,"79,206,250,419,501,708,751,908",51.7151106279859,"79,206,249,419,501,745,754,908",56.7742839072364,"79,206,249,419,501,745,754,908",56.7742839072364,"231,245,249,250,253,495,501,502,506,527,549,551,589,598,745,749,751,754",7123.97417046973,"250,501,745,751",6925.88722742598,3,"250,501,745",6918.01806,5.001,5.005,5.005,15.001,1.001,0.007
"251,501,751",6978.73430367779,"160,249,413,503,639,751,872",108.236011697386,"160,249,413,503,639,751,872",108.236011697386,"160,249,413,503,639,751,872",108.236011697386,"249,501,503,751",7042.34200935833,"249,503,751",6965.6530661561,2,"249,503,751",6965.59809,4.004,4.004,4.004,1.002,0.004,0.004
"251,501,751",6995.42131942532,"147,251,415,501,611,753,850",112.820206909799,"147,251,415,501,611,753,850",112.820206909799,"147,251,415,501,611,753,850",112.820206909799,"246,251,476,500,501,502,508,516,753",7082.51401769286,"251,501,753",6982.85355090787,2,"251,501,753",6982.77569,4.002,4.002,4.002,6.002,0.002,0.002
"251,501,751",6955.50642444584,"60,251,378,502,703,751,855",82.3049919389299,"60,251,378,502,703,751,855",82.3049919389299,"60,251,378,502,703,751,855",82.3049919389299,"244,246,251,253,502,503,505,506,528,751,753,758",7101.73959230261,"251,253,502,751",6962.83997632306,3,"253,502,751",6948.43207,4.001,4.001,4.001,9.001,1.001,0.003
"251,501,751",6919.66196329804,"98,251,376,503,505,717,751,854",61.4049804797647,"98,251,376,501,717,751,854",69.8167809837547,"98,251,376,501,505,717,751,854",70.1479642720096,"246,249,251,268,475,497,501,502,503,744,745,751,752,754,756,757",7105.65988052981,"251,497,502,751",6931.46280591257,3,"251,497,751",6919.80851,5.002,5,4,13,1.001,0.004
"251,501,751",7004.999249072,"186,251,364,501,602,751,789",133.830450924081,"186,251,364,501,602,751,789",133.830450924081,"186,251,364,501,602,751,789",133.830450924081,"241,251,273,478,483,501,502,540,562,751,753,768",7130.93385365221,"251,501,751",7008.10401490127,2,"251,501,751",6999.36361,4,4,4,9,0,0
"251,501,751",6962.53635977077,"162,252,358,501,720,751,866",94.903313929927,"162,252,358,501,720,751,866",94.903313929927,"162,252,358,501,720,751,866",94.903313929927,"251,252,499,501,502,751,758",7057.34930876346,"252,501,751",6955.18371033383,2,"252,501,751",6954.95439,4.001,4.001,4.001,4,0.001,0.001
"251,501,751",6953.58981820783,"154,250,423,499,632,751,800,956",86.2953550701772,"154,249,423,501,632,744,800,956",88.4910364457227,"154,249,423,499,632,744,800,956",88.4810866814821,"248,249,250,251,487,491,499,501,744,749,751,782",7087.84870481651,"248,501,751",6957.70808715485,2,"248,501,751",6952.09225,5.003,5.011,5.009,9,0.003,0.003
"251,501,751",6904.44539962529,"139,251,383,502,586,751,818",36.2001253686663,"139,251,383,502,586,751,818",36.2001253686663,"139,251,383,502,586,751,818",36.2001253686663,"251,252,500,501,502,525,749,751",6996.89913733901,"251,502,751",6901.88493703915,2,"251,502,751",6901.80661,4.001,4.001,4.001,5,0.001,0.001
"251,501,751",6967.08011347123,"158,249,335,502,540,686,751,869",85.6900049576804,"158,254,370,502,540,665,751,869",90.5327597856762,"158,254,370,502,540,665,751,869",90.5327597856762,"249,251,254,463,500,502,746,751,752",7094.46093288162,"249,502,751",6967.55146772842,2,"249,502,751",6961.70256,5.003,5.004,5.004,6.001,0.003,0.003
"251,501,751",6997.21779578818,"251,444,502,604,752,915",110.813391124407,"251,444,502,604,752,915",110.813391124407,"251,444,502,604,752,915",110.813391124407,"251,498,501,502,542,739,741,752,753",7081.94554424185,"251,502,752",6981.4892719551,2,"251,502,752",6981.17233,3.002,3.002,3.002,6.001,0.002,0.002
"251,501,751",6978.4334932228,"200,251,438,501,627,751,879",116.872579692736,"200,251,438,501,627,751,879",116.872579692736,"200,251,438,501,627,751,879",116.872579692736,"251,498,501,508,748,751,753",7054.96510788462,"251,501,751",6977.3293433173,2,"251,501,751",6977.32786,4,4,4,4,0,0
"251,501,751",6972.01956398987,"120,251,367,502,654,753,810",95.8906805518026,"120,251,367,502,654,753,810",95.8906805518026,"120,251,367,502,694,753,810",95.9267014933593,"250,251,501,502,505,753",7032.42293743977,"251,502,505,753",6964.1659371952,3,"251,502,753",6951.9397,4.003,4.003,4.003,3.002,1.003,0.003
"251,501,751",7001.73442973507,"105,249,302,409,502,676,753,887",137.889982054921,"105,249,302,409,502,676,751,887",139.7649526396,"105,249,302,409,502,676,751,887",139.7649526396,"249,254,255,498,501,502,505,517,534,572,590,751,752,753",7155.25767624639,"249,498,505,753",7005.77549292635,4,"249,505,753",6994.52157,5.005,5.003,5.003,11.002,1.007,0.008
"251,501,751",7015.23622593714,"33,249,318,447,501,583,750,926",142.089998417977,"33,250,318,447,501,583,750,926",143.895429324881,"33,250,318,447,501,583,750,926",143.895429324881,"249,250,255,269,501,509,750,751,756",7098.46588422677,"249,501,750",7008.75309956429,2,"249,501,750",7008.30478,5.003,5.002,5.002,6.001,0.003,0.003
"251,501,751",6974.79749143801,"152,250,400,500,641,751,876",89.3579057050271,"152,250,400,500,641,751,876",89.3579057050271,"152,250,400,500,641,751,876",89.3579057050271,"250,251,495,498,500,501,502,503,751",7084.51192438549,"250,500,751",6963.4070795662,2,"250,500,751",6963.37781,4.002,4.002,4.002,6,0.002,0.002
"251,501,751",7008.61530036922,"71,251,389,505,653,752,870",139.834614613931,"71,251,389,505,653,752,870",139.834614613931,"71,251,389,505,653,752,870",139.834614613931,"251,468,499,501,505,507,557,739,749,751,752",7157.79293664071,"251,501,752",7011.8552224129,2,"251,501,752",7007.67594,4.005,4.005,4.005,8,0.001,0.001
"251,501,751",6924.11077680501,"132,251,441,501,696,751,858",58.4114396037839,"132,251,441,501,696,750,858",58.414021862946,"132,251,441,501,696,750,858",58.414021862946,"238,249,251,496,501,505,543,583,750,751",7024.93449795962,"251,501,750",6923.23661019728,2,"251,501,750",6921.72798,4,4.001,4.001,7,0.001,0.001
"251,501,751",7019.85229901105,"125,132,251,415,501,625,751,856",158.618886284006,"125,134,251,415,501,625,751,856",158.903259378558,"134,251,415,501,625,751,856",158.694321492997,"229,245,251,253,500,501,744,751,759",7093.37591143143,"251,501,751",7015.16056906348,2,"251,501,751",7013.58919,5,4,5,6,0,0
"251,501,751",6990.74937438228,"130,248,398,501,683,751,890",127.175185943978,"130,254,406,501,683,751,890",129.134471491928,"130,254,406,501,683,751,890",129.134471491928,"245,248,253,254,501,516,750,751",7064.1159344285,"248,501,751",6979.70542330386,2,"248,501,751",6976.25105,4.003,4.003,4.003,5.002,0.003,0.003
"251,501,751",6924.79256803976,"85,250,428,501,604,751,819,932",64.0006300704143,"85,250,428,501,604,751,850",65.8199378785763,"85,250,428,501,604,751,850",65.8199378785763,"250,453,488,495,501,502,511,751,754",7009.4578657991,"250,501,511,751",6926.57843967672,3,"250,501,751",6917.39564,5.001,4.001,4.001,6.001,1.001,0.001
"251,501,751",6939.83765674404,"134,253,398,501,633,750,937",69.0425214153182,"134,253,398,501,633,750,937",69.0425214153182,"134,253,398,501,633,750,937",69.0425214153182,"239,244,252,253,256,489,496,497,501,502,750,752,759",7063.67486154073,"253,496,502,750",6930.06715548011,4,"253,502,750",6922.75645,4.003,4.003,4.003,10.002,1.004,0.004
"251,501,751",6931.54261423036,"190,252,395,501,649,750,893",51.3047989072288,"190,251,395,501,649,750,893",51.3081275512313,"190,251,395,501,649,750,893",51.3081275512313,"251,252,501,506,747,750",7002.58329205696,"251,501,750",6912.05667873675,2,"251,501,750",6911.87222,4.002,4.001,4.001,3.001,0.001,0.001
"251,501,751",6985.75587035764,"193,257,367,503,608,751,843",114.919336195417,"193,257,367,503,608,751,843",114.919336195417,"193,257,367,503,608,751,843",114.919336195417,"208,248,249,251,257,439,498,501,503,506,509,751",7121.67139678193,"251,257,501,503,751",7008.15524484581,3,"251,503,751",6985.19241,4.008,4.008,4.008,9,2,0.002
"251,501,751",6944.15461430438,"158,251,388,501,660,751,858",84.0718483308627,"158,251,388,501,660,751,858",84.0718483308627,"158,251,388,501,660,751,858",84.0718483308627,"248,251,501,502,517,529,750,751",7049.04251329198,"251,501,751",6942.91747973263,2,"251,501,751",6942.81814,4,4,4,5,0,0
"251,501,751",6904.05979609046,"91,251,338,501,666,751,926",43.4411255896756,"91,251,338,501,666,751,926",43.4411255896756,"91,251,338,501,666,751,926",43.4411255896756,"251,454,497,501,503,746,751,752",6992.12926490066,"251,501,751",6904.60115963112,2,"251,501,751",6901.8327,4,4,4,5,0,0
"251,501,751",6917.83913054456,"173,251,376,501,631,752,847",29.604402163426,"173,251,376,501,631,753,847",30.3524131791411,"173,251,376,501,659,753,847",30.765130834998,"248,250,251,256,430,501,502,506,751,752,753,754",7029.26552395516,"251,501,752",6898.5177772513,2,"251,501,752",6895.96356,4.001,4.002,4.002,9,0.001,0.001
"251,501,751",6994.4474272239,"83,250,428,500,584,692,753,940",126.856355527502,"83,250,428,500,646,751,940",131.597368792712,"83,250,428,500,646,751,940",131.597368792712,"244,248,250,460,496,499,500,501,512,751,753",7113.5756625474,"250,500,753",6994.97442495505,2,"250,500,753",6987.75822,5.004,4.002,4.002,8.001,0.004,0.004
"251,501,751",6994.43396456108,"143,250,325,459,501,639,751,887",136.65821720522,"143,251,329,459,501,639,751,887",138.086477526473,"143,251,329,459,501,639,751,887",138.086477526473,"244,249,250,251,499,501,751,752",7089.91866734382,"251,501,751",6989.09815545733,2,"251,501,751",6988.41234,5.001,5,5,5,0,0
"251,501,751",6914.74991274143,"135,241,253,370,500,575,752,852",29.361084094624,"135,241,251,370,500,575,752,852",30.9364325425058,"135,241,251,370,500,575,752,852",30.9364325425058,"241,243,251,253,492,499,500,504,751,752",7028.10428332089,"241,253,500,752",6907.81719070405,7,"241,500,752",6905.97309,5.004,5.002,5.002,7.001,1.004,0.012
"251,501,751",6959.73391448231,"94,251,475,501,581,751,885",90.9331052106065,"94,251,475,501,581,751,885",90.9331052106065,"94,251,475,501,581,751,885",90.9331052106065,"247,251,436,501,502,513,751",7044.03450809278,"251,501,751",6955.92164510157,2,"251,501,751",6955.70165,4,4,4,4,0,0
"251,501,751",6870.85202606406,"116,251,363,501,629,751,866",14.9581651476217,"116,251,363,501,629,751,866",14.9581651476217,"116,251,363,501,629,751,866",14.9581651476217,"248,251,493,500,501,504,514,518,536,732,751",6989.03439696255,"251,501,751",6869.26977236223,2,"251,501,751",6869.24964,4,4,4,8,0,0
"251,501,751",6904.85575041881,"97,251,386,501,603,751,877",31.603877549871,"97,249,386,501,603,751,877",33.555066460147,"97,249,386,501,603,751,877",33.555066460147,"249,251,255,465,474,479,498,501,502,567,751",7031.28641196558,"249,501,751",6903.21822117104,2,"249,501,751",6900.49061,4,4.002,4.002,8,0.002,0.002
"251,501,751",7005.02774431081,"54,251,426,501,702,751",125.513955953161,"54,251,426,501,702,751",125.513955953161,"54,251,426,501,702,751",125.513955953161,"247,251,252,501,503,505,746,750,751",7115.73047825374,"251,501,751",6996.44441490782,2,"251,501,751",6994.87304,3,3,3,6,0,0
"251,501,751",6923.09409399967,"161,251,427,501,547,751,787,882",69.3247210314502,"161,251,427,501,530,663,758,882",77.3204676274361,"161,251,427,501,663,758,882",78.6622062169046,"219,230,251,486,500,501,600,751,758,777",7027.48716635157,"251,501,751",6918.99438237228,2,"251,501,751",6915.66421,5,4.007,5.007,7,0,0
"251,501,751",7013.66361974317,"71,250,314,501,675,751,907",141.965420657894,"71,250,314,501,675,751,907",141.965420657894,"68,250,314,501,675,751,907",141.978026139928,"248,250,253,272,500,501,517,520,750,751,760",7134.98966859029,"250,501,751",7009.59672136196,2,"250,501,751",7009.11538,4.001,4.001,4.001,8.001,0.001,0.001
"251,501,751",6983.17627563205,"114,249,368,501,644,750,937",103.231016396805,"114,249,368,501,644,750,937",103.231016396805,"114,249,368,501,644,750,937",103.231016396805,"249,468,492,498,501,750,757",7053.34816436388,"249,501,750",6963.39465562718,2,"249,501,750",6963.02997,4.003,4.003,4.003,4.003,0.003,0.003
"251,501,751",6930.0378146833,"129,251,306,501,545,751,892",76.9831742151951,"129,251,306,501,545,749,892",79.3776822908488,"129,251,306,501,545,749,892",79.3776822908488,"251,444,501,749,751,752,762",7005.92880747558,"251,501,752",6936.07914983745,2,"251,501,752",6927.60158,4,4.002,4.002,4,0.001,0.001
"251,501,751",6973.12133863305,"95,251,387,501,596,751,921",119.466227371729,"95,251,387,501,596,751,921",119.466227371729,"95,251,387,501,596,751,921",119.466227371729,"234,251,254,256,479,491,500,501,502,751,752,761",7105.55854099607,"251,501,751",6966.05459524842,2,"251,501,751",6965.91755,4,4,4,9,0,0
"251,501,751",6937.88247716677,"125,251,287,483,501,606,751,930",64.1113035381422,"125,251,372,501,606,751,930",66.5101149269464,"125,251,372,501,606,751,930",66.5101149269464,"251,501,503,751",6982.16007690961,"251,501,751",6928.32075358807,2,"251,501,751",6928.29986,5,4,4,1,0,0
"251,501,751",7008.30864671445,"139,251,371,502,628,751,923",131.171496071455,"139,251,371,502,628,750,923",132.186397976038,"139,251,371,502,628,750,923",132.186397976038,"251,501,502,503,750,751",7104.58965390091,"251,502,751",6998.5104538656,2,"251,502,751",6998.44064,4.001,4.002,4.002,3,0.001,0.001
"251,501,751",6943.1813638775,"191,251,363,501,707,756,931",60.8450622529599,"191,251,363,501,707,750,931",66.5665361228864,"191,251,363,501,707,750,931",66.5665361228864,"61,250,251,481,499,501,503,516,554,568,735,750,756,757,759",7088.29663901462,"251,499,503,750",6962.75377641112,3,"251,499,750",6940.36695,4.005,4.001,4.001,12.001,1.003,0.003
"251,501,751",6936.59911053286,"133,251,405,500,562,703,751,809",58.5552460164823,"133,251,405,500,562,703,751,809",58.5552460164823,"133,251,405,500,562,703,751,809",58.5552460164823,"224,228,248,251,500,502,532,751,752,756,767",7052.69510491083,"251,500,751",6922.81379463265,2,"251,500,751",6922.4132,5.001,5.001,5.001,8.001,0.001,0.001
"251,501,751",6983.6147503758,"90,213,252,361,501,639,751,925",111.659682904151,"90,213,251,361,501,639,751,925",111.915983589958,"90,213,251,361,501,639,751,925",111.915983589958,"232,242,251,252,484,501,751",7081.21177059677,"251,501,751",6977.96888980309,2,"251,501,751",6976.98395,5.001,5,5,4,0,0
"251,501,751",6879.16633502468,"102,251,355,501,678,752,876",19.6515960602782,"102,251,355,501,678,752,876",19.6515960602782,"102,251,355,501,678,752,876",19.6515960602782,"251,457,495,501,502,521,737,743,744,752",7001.41710011659,"251,502,752",6880.65663143259,2,"251,502,752",6877.12867,4.001,4.001,4.001,7.001,0.002,0.002
"251,501,751",7019.39810382123,"129,250,384,501,596,751,859",160.757881978596,"129,250,384,501,596,751,859",160.757881978596,"129,250,384,501,596,751,859",160.757881978596,"243,250,251,496,501,502,507,751,753",7121.36177192527,"251,501,753",7026.08579715067,2,"251,501,753",7014.01641,4.001,4.001,4.001,6,0.002,0.002
"251,501,751",6975.37643194466,"86,251,362,501,643,751,873",104.192166948139,"86,251,362,501,643,751,873",104.192166948139,"86,251,362,501,643,751,873",104.192166948139,"251,463,501,746,751,752,763",7067.78017439368,"251,501,751",6969.97138433154,2,"251,501,751",6969.8485,4,4,4,4,0,0
"251,501,751",6962.81570391918,"113,250,399,501,679,750,896",86.5422206317213,"113,252,399,501,679,750,896",86.8117853662212,"113,252,399,501,679,750,896",86.8117853662212,"242,250,252,259,501,520,749,750",7059.11986064334,"242,250,501,750",6969.94966779069,3,"250,501,750",6953.78592,4.002,4.002,4.002,5.002,1.002,0.002
"251,501,751",7017.9496623039,"110,251,381,501,656,751,797,929",143.031516160721,"110,251,381,501,656,751,797,929",143.031516160721,"110,251,380,501,656,751,797,929",143.058750244259,"251,252,486,497,501,504,540,751",7150.76276586107,"251,501,751",7014.72583709196,2,"251,501,751",7014.70792,5,5,5,5,0,0
"251,501,751",7027.28902166202,"72,250,378,501,620,751,857",139.240410255411,"72,250,378,501,620,751,857",139.240410255411,"72,250,378,501,620,751,857",139.240410255411,"243,250,499,501,509,744,751,759",7104.49965629999,"250,501,751",7015.47082584462,2,"250,501,751",7014.43294,4.001,4.001,4.001,5.001,0.001,0.001
"251,501,751",7012.34675001605,"53,251,272,408,501,597,751,912",149.785871588163,"53,251,272,408,501,597,751,912",149.785871588163,"53,251,272,408,501,597,751,912",149.785871588163,"235,251,272,498,501,751",7056.56925667438,"251,501,751",7009.42510149286,2,"251,501,751",7007.82243,5,5,5,3,0,0
"251,501,751",6964.08374647523,"141,249,390,501,608,752,871",85.1154148069704,"141,248,390,501,608,752,871",86.0833364208715,"141,248,390,501,608,752,838",89.1321368021557,"246,247,248,249,251,252,501,502,752",7101.20343142725,"249,501,752",6958.0760211296,2,"249,501,752",6957.45004,4.003,4.004,4.004,6.001,0.003,0.003
"251,501,751",6945.59866905886,"180,251,380,501,632,750,849",77.3923245094494,"124,248,380,501,632,750,849",78.9861693216911,"124,248,380,501,632,750,849",78.9861693216911,"232,246,247,248,251,253,476,499,501,505,514,750,751",7087.94072724945,"251,501,750",6957.96822309222,2,"251,501,750",6944.51262,4.001,4.004,4.004,10,0.001,0.001
"251,501,751",6924.4878617149,"202,251,419,501,582,751,891",60.6234677091797,"202,251,419,501,582,751,891",60.6234677091797,"202,251,419,501,582,751,891",60.6234677091797,"250,251,252,491,500,501,502,515,751",7040.46616696598,"251,501,751",6920.69191392376,2,"251,501,751",6920.62925,4,4,4,6,0,0
"251,501,751",6963.8151223922,"140,251,405,501,622,750,971",84.9002747085501,"140,251,405,501,622,750,971",84.9002747085501,"140,251,405,501,622,750,971",84.9002747085501,"251,252,501,502,510,750,760",7020.30335653515,"251,501,750",6956.85125092204,2,"251,501,750",6956.73031,4.001,4.001,4.001,4.001,0.001,0.001
"251,501,751",6979.27559149223,"78,251,353,501,620,751,833",113.036329199884,"78,251,353,501,620,751,833",113.036329199884,"78,251,353,501,620,751,828",113.117146200234,"251,499,501,514,543,751",7061.39511975965,"251,499,501,751",6981.33290422948,4,"251,501,751",6968.55551,4,4,4,3,1,0
"251,501,751",6991.71235230194,"166,251,303,454,505,558,709,752,866",120.903383029612,"166,251,303,454,505,558,709,752,866",120.903383029612,"166,251,303,454,505,558,709,752,866",120.903383029612,"250,251,252,255,500,501,505,511,751,752",7101.82340271888,"251,500,505,752",6993.73326675679,4,"251,505,752",6983.91858,6.005,6.005,6.005,7,1.002,0.005
"251,501,751",6908.03244011238,"12,166,251,368,501,584,751,890",31.2062843776959,"12,166,251,368,501,584,751,890",31.2062843776959,"12,166,251,368,501,584,751,890",31.2062843776959,"225,251,433,481,495,500,501,502,506,751,754",7012.71239251462,"251,501,751",6896.89182079894,2,"251,501,751",6895.86989,5,5,5,8,0,0
"251,501,751",6944.50475170845,"86,251,379,501,567,751,925",83.6062613528334,"86,251,379,501,567,751,925",83.6062613528334,"82,251,379,501,567,751,925",83.9255526349811,"251,500,501,751,763",7017.09712460348,"251,501,751",6938.39493084951,2,"251,501,751",6938.30409,4,4,4,2,0,0
"251,501,751",6944.40012421008,"190,251,409,502,583,754,878",72.8576051113575,"190,251,409,502,583,754,878",72.8576051113575,"190,251,409,502,583,754,878",72.8576051113575,"250,251,252,502,751,752,754,756",7049.20045773493,"250,502,754",6944.31546674565,2,"250,502,754",6932.44412,4.004,4.004,4.004,5.001,0.005,0.005
"251,501,751",6997.40911060334,"147,251,450,501,562,751,791",124.052583295161,"147,251,450,501,562,751,791",124.052583295161,"147,251,450,501,562,751,791",124.052583295161,"242,243,251,490,496,501,502,517,751,765",7130.54330201307,"251,501,751",6992.63539949411,2,"251,501,751",6992.53685,4,4,4,7,0,0
"251,501,751",6960.25851486436,"100,251,422,501,725,751,921",78.3011088340178,"100,251,422,501,725,750,921",79.4367855254762,"100,251,422,501,725,750,921",79.4367855254762,"250,251,501,567,725,747,750,751",7035.30911553275,"251,501,751",6957.44598889431,2,"251,501,751",6954.86633,4,4.001,4.001,5,0,0
"251,501,751",6954.89939671968,"144,251,382,501,682,751,842",89.6505302439208,"144,251,382,501,682,751,842",89.6505302439208,"144,251,382,501,682,751,842",89.6505302439208,"250,251,500,501,506,507,751",7060.56785014661,"251,501,751",6950.4782233042,2,"251,501,751",6950.478,4,4,4,4,0,0
"251,501,751",6899.52785881873,"66,250,384,499,585,750,842",17.5106594342218,"66,250,384,499,585,750,842",17.5106594342218,"66,250,384,499,585,750,842",17.5106594342218,"250,251,495,499,503,504,505,520,527,529,750,751",7037.51448948882,"250,499,750",6902.72514939899,2,"250,499,750",6885.8635,4.004,4.004,4.004,9.002,0.004,0.004
"251,501,751",7020.75238296022,"174,251,412,501,628,751,844",157.569122430577,"174,251,412,501,628,757,844",163.715044928946,"174,251,412,501,628,757,844",163.715044928946,"251,464,488,501,502,751,755,757",7119.3293167503,"251,502,751",7036.30312152539,2,"251,502,751",7017.04109,4,4.006,4.006,5,0.001,0.001
"251,501,751",6946.5319023109,"45,251,308,501,566,751,814",73.6552252472134,"45,251,308,501,566,751,814",73.6552252472134,"45,251,308,501,566,751,801",74.1787182088432,"250,251,253,467,475,478,501,511,751,756",7082.96973679995,"251,501,751",6942.43027900657,2,"251,501,751",6942.24992,4,4,4,7,0,0
"251,501,751",6958.8269220336,"137,251,357,461,499,588,751,882",99.1977919181504,"137,251,357,461,499,588,751,882",99.1977919181504,"137,251,298,461,499,588,751,882",99.5528058823138,"251,499,501,505,539,751",7039.51765910917,"251,499,751",6948.795027128,2,"251,499,751",6948.74807,5.002,5.002,5.002,3,0.002,0.002
"251,501,751",6996.23225825668,"89,251,339,501,751,854,877",112.668888075441,"89,249,256,339,502,751,885",117.766586177679,"89,256,339,501,751,854,877",117.298427269568,"249,251,254,256,260,501,502,512,536,587,749,751",7109.60888694248,"249,260,501,751",6989.1823019874,6,"249,501,751",6988.14134,4,4.005,4.003,9,1.002,0.002
"251,501,751",6895.84727118157,"162,249,367,500,691,751,852",14.4014872435594,"162,250,367,500,691,751,852",15.0946144477379,"162,250,367,500,691,751,852",15.0946144477379,"221,236,246,249,250,500,504,547,748,749,751,755,770",7019.97654950249,"250,500,751",6892.20582951512,2,"250,500,751",6882.00928,4.003,4.002,4.002,10.002,0.002,0.002
"251,501,751",6898.74209100511,"101,251,311,434,502,660,752,927",28.5812872232004,"101,251,407,502,660,752,927",31.6744762782296,"101,251,407,502,660,752,927",31.6744762782296,"249,251,501,502,552,559,569,752,765,766",7001.09833572542,"251,502,752",6887.43103003563,2,"251,502,752",6887.26055,5.002,4.002,4.002,7.001,0.002,0.002
"251,501,751",6941.00657354014,"136,251,409,501,632,751,908",62.980161912541,"136,251,409,501,632,751,908",62.980161912541,"136,251,409,501,632,751,908",62.980161912541,"251,486,501,520,751,753",7019.3074948406,"251,501,751",6930.64457041806,2,"251,501,751",6926.59905,4,4,4,3,0,0
"251,501,751",6937.90208156357,"76,252,352,495,501,562,753,888",64.7560872267621,"76,252,428,501,562,753,888",66.6077500013004,"76,252,428,501,556,753,888",66.6606828761336,"240,252,256,454,463,501,502,516,520,522,753,756,774",7058.05781342128,"252,501,753",6920.47930773319,2,"252,501,753",6917.6738,5.003,4.003,4.003,10.003,0.003,0.003
"251,501,751",6890.45396926674,"148,251,288,502,664,751,820",16.950360423466,"148,251,288,502,664,751,820",16.950360423466,"148,251,288,502,664,751,820",16.950360423466,"251,280,281,437,501,502,505,526,751,754,758",7023.45170993494,"251,501,751",6889.30127210299,2,"251,501,751",6888.82795,4.001,4.001,4.001,8,0,0
"251,501,751",6896.17455543707,"103,202,251,272,502,656,751,877",27.0562214268549,"103,202,251,272,502,656,751,877",27.0562214268549,"103,251,272,502,656,751,877",29.4256198282437,"202,251,272,457,476,479,499,502,739,751,758",6999.79471088885,"251,502,751",6892.98690778513,2,"251,502,751",6892.05335,5.001,4.001,5.001,8.001,0.001,0.001
"251,501,751",6883.54382985102,"116,250,295,455,500,639,750,910",11.2163206132607,"116,250,295,455,500,639,750,910",11.2163206132607,"116,250,295,455,500,639,750,910",11.2163206132607,"250,251,254,500,502,504,750,757",6961.51104329234,"250,500,750",6869.69801945932,2,"250,500,750",6869.45762,5.003,5.003,5.003,5.002,0.003,0.003
"251,501,751",6959.30740901722,"122,251,374,501,507,635,751,887",88.8167923130629,"122,253,374,501,507,635,751,887",90.5770701457348,"122,253,374,500,635,751,887",92.8519246589582,"251,253,454,467,492,496,500,501,750,751,761",7079.1018565411,"251,501,751",6958.2102035642,2,"251,501,751",6956.84572,5,4.003,5.002,8,0,0
"251,501,751",6978.80636429391,"114,251,424,501,700,752,982",102.764534962888,"114,251,424,501,700,752,982",102.764534962888,"114,251,424,501,700,752",103.8690977205,"195,244,251,491,500,501,517,750,752,766",7074.20117902745,"251,501,752",6968.64805107908,2,"251,501,752",6967.99779,4.001,3.001,4.001,7.001,0.001,0.001
"251,501,751",6933.15715517031,"159,251,454,497,668,755,908",47.8660387945744,"159,251,454,500,668,755,908",49.5086056313946,"159,251,454,500,668,755,908",49.5086056313946,"251,497,500,504,524,750,753,755",7024.88069003542,"251,497,755",6923.20752494065,2,"251,497,755",6922.18646,4.008,4.005,4.005,5.002,0.008,0.008
"251,501,751",6990.2536050674,"178,251,353,501,555,751,876",119.544476755632,"178,251,353,501,555,751,876",119.544476755632,"178,251,353,501,555,751,876",119.544476755632,"250,251,255,448,454,455,496,497,501,509,527,751",7123.18505551537,"251,501,751",6988.11542981493,2,"251,501,751",6987.4804,4,4,4,9,0,0
"251,501,751",7018.80679586169,"79,251,350,501,594,751,866",155.426491636088,"79,251,350,501,594,751,866",155.426491636088,"79,251,350,501,594,751,866",155.426491636088,"249,251,496,501,502,533,751,759",7087.06829704285,"251,496,502,751",7031.17803004289,3,"251,496,751",7021.61894,4,4,4,5,1.001,0.005
"251,501,751",6967.59844446948,"193,251,358,501,526,647,751,942",96.5452572824412,"193,250,358,501,526,647,751,942",97.3226987437653,"193,250,358,501,647,751,942",97.6639476028936,"250,251,463,501,751",7012.56369769928,"251,501,751",6963.0242014223,2,"251,501,751",6962.48433,5,4.001,5.001,2,0,0
