"true_model","true_slope","true_nknots","bic_true_model","flasso","slope_flasso","nknots_flasso","bic_flasso","adaflasso","slope_adaflasso","nknots_adaflasso","bic_adaflasso","iter2flasso","slope_iter2flasso","nknots_iter2flasso","bic_iter2flasso","iter3flasso","slope_iter3flasso","nknots_iter3flasso","bic_iter3flasso","iter4flasso","slope_iter4flasso","nknots_iter4flasso","bic_iter4flasso","iter5flasso","slope_iter5flasso","nknots_iter5flasso","bic_iter5flasso","iter6flasso","slope_iter6flasso","nknots_iter6flasso","bic_iter6flasso","iter7flasso","slope_iter7flasso","nknots_iter7flasso","bic_iter7flasso","iter8flasso","slope_iter8flasso","nknots_iter8flasso","bic_iter8flasso","iter9flasso","slope_iter9flasso","nknots_iter9flasso","bic_iter9flasso","iter10flasso","slope_iter10flasso","nknots_iter10flasso","bic_iter10flasso","PELT","nknots_PELT","bic_PELT","knots_BS","nknots_BS","bic_BS","knots_WBS","nknots_WBS","bic_WBS"
"251,501,751",0.005,3,6987.57574239598,"249,251,254,450,484,487,500,501,506,507,537,751",0.00626633493613096,12,7122.66197667244,"251,500,751",0.00495786363902477,3,6984.37941682406,"251,500,751",0.00484462261924923,3,6983.70439280745,"251,500,751",0.00484462261913554,3,6983.70439280745,"251,500,751",0.0048446226168618,3,6983.70439280745,"251,500,751",0.00484462261663443,3,6983.70439280745,"251,500,751",0.00484462261697549,3,6983.70439280744,"251,500,751",0.00484462261572493,3,6983.70439280745,"251,500,751",0.0048446226168618,3,6983.70439280745,"251,500,751",0.00484462261697549,3,6983.70439280745,"251,500,751",0.00484462262004503,3,6983.70439280745,"93,251,333,500,593,751,905",7,108.045886084716,"93,251,333,500,593,751,905",7,108.045886084716,"93,251,333,500,593,751,905",7,108.045886084716
"251,501,751",0.005,3,6998.29262939034,"236,248,251,501,751",0.00703906746820286,5,7068.0379619804,"251,501,751",0.00565774007744824,3,6995.6996729756,"251,501,751",0.0056089492332795,3,6995.67672461155,"251,501,751",0.00560894923964597,3,6995.67672461155,"251,501,751",0.00560894924055546,3,6995.67672461154,"251,501,751",0.00560894924146496,3,6995.67672461155,"251,501,751",0.00560894924510293,3,6995.67672461154,"251,501,751",0.00560894924146496,3,6995.67672461155,"251,501,751",0.0056089492419197,3,6995.67672461155,"251,501,751",0.00560894923509849,3,6995.67672461154,"251,501,751",0.00560894923873647,3,6995.67672461155,"137,251,352,501,658,751,890",7,148.265321757358,"137,251,352,501,658,751,890",7,148.265321757358,"137,251,352,501,658,751,973",7,149.691527300549
"251,501,751",0.005,3,7004.24172681944,"250,251,480,499,503,504,506,751",0.00531717737996218,8,7074.26382574098,"250,499,751",0.00445560328853851,3,6993.94025276229,"250,499,751",0.00438983182552179,3,6993.1364702374,"250,499,751",0.00438983182563548,3,6993.13647023739,"250,499,751",0.00438983182438492,3,6993.1364702374,"250,499,751",0.0043898318237028,3,6993.1364702374,"250,499,751",0.00438983182506705,3,6993.1364702374,"250,499,751",0.00438983182552179,3,6993.1364702374,"250,499,751",0.00438983182483967,3,6993.1364702374,"250,499,751",0.00438983182574917,3,6993.13647023739,"250,499,751",0.00438983182427124,3,6993.1364702374,"99,250,425,499,586,751,822",7,132.410918237714,"99,250,425,499,586,751,822",7,132.410918237714,"99,250,425,503,586,751,822",7,133.096835669954
"251,501,751",0.005,3,6911.22171155832,"251,252,490,491,499,501,528,533,552,751",0.00652763963270314,10,7037.15368419247,"251,501,751",0.00521676055365954,3,6910.0049047118,"251,501,751",0.0049701103515502,3,6909.11188100479,"251,501,751",0.00497011035115229,3,6909.11188100479,"251,501,751",0.00497011034930488,3,6909.11188100478,"251,501,751",0.00497011034896382,3,6909.11188100479,"251,501,751",0.00497011035021438,3,6909.11188100479,"251,501,751",0.00497011034896382,3,6909.11188100479,"251,501,751",0.00497011035115229,3,6909.11188100479,"251,501,751",0.00497011034961752,3,6909.11188100479,"251,501,751",0.00497011034967436,3,6909.11188100479,"99,251,302,501,626,751,899",7,48.0107908704347,"99,252,302,501,626,751,899",7,48.989636797601,"99,252,302,501,626,751,899",7,48.989636797601
"251,501,751",0.005,3,6953.92064261884,"251,252,253,477,501,752,753",0.00612821378326381,7,7015.26386235797,"252,501,753",0.00513426115809572,3,6937.68566934186,"252,501,753",0.00503555056766128,3,6937.58144333914,"252,501,753",0.00503555056595598,3,6937.58144333913,"252,501,753",0.00503555056481911,3,6937.58144333913,"252,501,753",0.00503555056982133,3,6937.58144333913,"252,501,753",0.00503555056584229,3,6937.58144333913,"252,501,753",0.0050355505692529,3,6937.58144333914,"252,501,753",0.00503555056720653,3,6937.58144333914,"252,501,753",0.00503555056606967,3,6937.58144333913,"252,501,753",0.00503555056936658,3,6937.58144333914,"220,252,387,501,636,753,959",7,79.2303006150484,"220,252,387,501,636,753,959",7,79.2303006150484,"220,252,387,501,636,753,959",7,79.2303006150484
"251,501,751",0.005,3,6956.80549959935,"251,468,470,499,500,501,507,508,510,535,746,751,752",0.00656721942207436,13,7112.7142368927,"251,500,751",0.00508455455423675,3,6952.67070691047,"251,500,751",0.00513181367335495,3,6951.53702566647,"251,500,751",0.00513181367199071,3,6951.53702566648,"251,500,751",0.00513181367744767,3,6951.53702566648,"251,500,751",0.00513181366926222,3,6951.53702566647,"251,500,751",0.00513181367199071,3,6951.53702566647,"251,500,751",0.00513181367335495,3,6951.53702566647,"251,500,751",0.00513181367835717,3,6951.53702566647,"251,500,751",0.00513181367881192,3,6951.53702566647,"251,500,751",0.00513181367108121,3,6951.53702566648,"135,251,361,500,625,751,829,940",8,87.6074760470336,"135,251,361,500,625,751,829,940",8,87.6074760470336,"135,251,361,500,625,751,829,940",8,87.6074760470336
"251,501,751",0.005,3,6891.36926318342,"250,251,252,501,516,521,524,751",0.00584741423252632,8,6966.19099557495,"252,501,751",0.00506861701226825,3,6888.52932680204,"252,501,751",0.00500367059259268,3,6888.46290305393,"252,501,751",0.00500367059179687,3,6888.46290305392,"252,501,751",0.00500367059293374,3,6888.46290305393,"252,501,751",0.00500367059270636,3,6888.46290305392,"252,501,751",0.00500367059372954,3,6888.46290305392,"252,501,751",0.00500367059861808,3,6888.46290305391,"252,501,751",0.00500367059179687,3,6888.46290305392,"252,501,751",0.00500367059350217,3,6888.46290305392,"252,501,751",0.00500367059452535,3,6888.46290305392,"157,252,383,501,643,751,934",7,42.7089165491951,"157,252,383,501,643,751,934",7,42.7089165491951,"157,252,383,501,643,751,934",7,42.7089165491951
"251,501,751",0.005,3,6994.78470654975,"245,248,251,439,501,502,506,751",0.00699579426939521,8,7094.13072270916,"251,501,751",0.00602756456307532,3,6998.60051784691,"251,501,751",0.00554565325328019,3,6991.2618960865,"251,501,751",0.00554565325646343,3,6991.2618960865,"251,501,751",0.00554565325919191,3,6991.26189608651,"251,501,751",0.00554565325373494,3,6991.2618960865,"251,501,751",0.00554565325191595,3,6991.2618960865,"251,501,751",0.00554565325100646,3,6991.2618960865,"251,501,751",0.00554565325282545,3,6991.2618960865,"251,501,751",0.0055456532557813,3,6991.26189608651,"251,501,751",0.00554565325646343,3,6991.26189608651,"82,211,251,458,502,586,751,919",8,129.138901546957,"82,211,251,458,502,586,751,919",8,129.138901546957,"82,251,458,502,586,751,919",7,129.573464579853
"251,501,751",0.005,3,6990.54169022665,"244,249,251,253,261,501,504,751",0.00578328141518701,8,7093.11300383128,"251,501,751",0.0048542881171253,3,6983.07786353453,"251,501,751",0.00439660589897492,3,6980.95024068361,"251,501,751",0.00439660589670119,3,6980.95024068361,"251,501,751",0.0043966058939727,3,6980.9502406836,"251,501,751",0.0043966058939727,3,6980.95024068361,"251,501,751",0.00439660589942967,3,6980.95024068361,"251,501,751",0.00439660589715593,3,6980.95024068362,"251,501,751",0.00439660589647381,3,6980.95024068361,"251,501,751",0.00439660589670119,3,6980.95024068361,"251,501,751",0.00439660590056654,3,6980.95024068361,"215,251,378,501,669,751,843",7,114.00551908892,"131,249,378,501,669,751,843",7,115.270061269244,"224,249,378,501,669,751,843",7,116.864392185371
"251,501,751",0.005,3,6924.73301710525,"249,251,253,254,493,497,501,542,745,746,747,750,751",0.00707887525728353,13,7096.67168909814,"251,501,751",0.00673517666236917,3,6931.78176084357,"251,501,751",0.00559225986906308,3,6919.6166779934,"251,501,751",0.00559225986656197,3,6919.6166779934,"251,501,751",0.00559225986627776,3,6919.6166779934,"251,501,751",0.00559225986656197,3,6919.6166779934,"251,501,751",0.00559225986980205,3,6919.6166779934,"251,501,751",0.00559225986605038,3,6919.6166779934,"251,501,751",0.00559225986741462,3,6919.6166779934,"251,501,751",0.00559225986769884,3,6919.61667799341,"251,501,751",0.00559225986821043,3,6919.6166779934,"90,251,380,501,660,747,840",7,59.5709614266251,"90,251,380,501,660,747,840",7,59.5709614266251,"90,251,380,501,660,747,840",7,59.5709614266251
"251,501,751",0.005,3,6997.77868947399,"249,250,251,258,498,499,501,510,751",0.00681657193757727,9,7082.85932629473,"251,499,751",0.00619681271100311,3,6991.49484785541,"251,499,751",0.005755886110788,3,6987.91873977098,"251,499,751",0.00575588610442153,3,6987.91873977096,"251,499,751",0.00575588610305729,3,6987.91873977096,"251,499,751",0.00575588610396679,3,6987.91873977096,"251,499,751",0.00575588610680896,3,6987.91873977097,"251,499,751",0.00575588610680896,3,6987.91873977097,"251,499,751",0.0057558861064679,3,6987.91873977098,"251,499,751",0.00575588610624052,3,6987.91873977098,"251,499,751",0.00575588610487628,3,6987.91873977097,"91,251,368,499,623,751,930",7,129.376709033986,"91,251,368,499,623,751,930",7,129.376709033986,"91,251,368,499,623,751,930",7,129.376709033986
"251,501,751",0.005,3,6880.9716653184,"243,251,257,501,505,506,509,751,755,776,777",0.00704322221487843,11,6980.76479043859,"251,501,506,751,776",0.00609212666394866,5,6873.44823784712,"251,501,506,751,776",0.00597069999242624,5,6873.28116318876,"251,501,506,751,776",0.00597069999333573,5,6873.28116318876,"251,501,506,751,776",0.00597069999549578,5,6873.28116318875,"251,501,506,751,776",0.00597069999458629,5,6873.28116318875,"251,501,506,751,776",0.00597069999401785,5,6873.28116318875,"251,501,506,751,776",0.00597069999322204,5,6873.28116318875,"251,501,506,751,776",0.00597069999299467,5,6873.28116318875,"251,501,506,751,776",0.00597069999322204,5,6873.28116318875,"251,501,506,751,776",0.0059706999927673,5,6873.28116318876,"111,251,357,506,660,751,785,910",8,17.2915645965611,"111,251,357,501,660,708,751,776,910",9,27.6771452904769,"111,251,357,506,662,751,776,910",8,18.2851855892287
"251,501,751",0.005,3,6992.14264201407,"252,483,494,501,751,752",0.00584256684308284,6,7051.75534772522,"252,501,751",0.00468751709341734,3,6983.66785149216,"252,501,751",0.00464344893986684,3,6983.62945671246,"252,501,751",0.00464344894145846,3,6983.62945671246,"252,501,751",0.00464344894100371,3,6983.62945671245,"252,501,751",0.0046434489341825,3,6983.62945671246,"252,501,751",0.00464344894054896,3,6983.62945671246,"252,501,751",0.00464344893963947,3,6983.62945671246,"252,501,751",0.00464344894054896,3,6983.62945671246,"252,501,751",0.0046434489428227,3,6983.62945671246,"252,501,751",0.00464344893804785,3,6983.62945671246,"135,252,413,501,621,751,946",7,109.938987480228,"135,252,413,501,621,751,946",7,109.938987480228,"135,252,413,501,621,751,946",7,109.938987480228
"251,501,751",0.005,3,6941.33587015078,"249,251,252,253,270,499,500,502,725,751",0.00567103418393931,10,7037.87788378251,"251,502,751",0.00538649762231709,3,6938.57829812722,"251,502,751",0.00513302219373138,3,6937.4067931088,"251,502,751",0.00513302219100289,3,6937.4067931088,"251,502,751",0.00513302219691461,3,6937.40679310881,"251,502,751",0.00513302219100289,3,6937.40679310881,"251,502,751",0.00513302219327663,3,6937.4067931088,"251,502,751",0.00513302219304926,3,6937.4067931088,"251,502,751",0.0051330221978241,3,6937.40679310881,"251,502,751",0.00513302219509562,3,6937.40679310881,"251,502,751",0.00513302219236714,3,6937.40679310881,"91,251,388,502,557,725,751,903",8,64.8307000150354,"91,251,388,502,557,725,751,903",8,64.8307000150354,"91,251,388,502,557,725,751,903",8,64.8307000150354
"251,501,751",0.005,3,6905.1670836271,"247,251,269,486,496,499,501,502,528,750,751,765",0.00600249899402444,12,7031.95448839618,"251,499,751",0.00541681865190241,3,6904.59748398411,"251,499,751",0.00512987465196318,3,6902.30771657432,"251,499,751",0.00512987464912101,3,6902.30771657432,"251,499,751",0.00512987464548303,3,6902.30771657432,"251,499,751",0.00512987464809783,3,6902.30771657432,"251,499,751",0.0051298746483252,3,6902.30771657432,"251,499,751",0.00512987464764308,3,6902.30771657431,"251,499,751",0.00512987464286823,3,6902.30771657432,"251,499,751",0.00512987465094,3,6902.30771657432,"251,499,751",0.00512987464696096,3,6902.30771657432,"21,251,353,499,620,751,856",7,41.7835297494153,"21,251,353,499,620,751,856",7,41.7835297494153,"21,166,251,353,499,620,751,856",8,40.8527776536763
"251,501,751",0.005,3,6942.20042181001,"251,468,481,501,751",0.00663677679027878,5,7008.29948926139,"251,501,751",0.00512363793788306,3,6935.30870485679,"251,501,751",0.00505992974772348,3,6935.25315838347,"251,501,751",0.00505992974269284,3,6935.25315838344,"251,501,751",0.0050599297482635,3,6935.25315838347,"251,501,751",0.00505992974510869,3,6935.25315838345,"251,501,751",0.00505992973760535,3,6935.25315838342,"251,501,751",0.00505992974658661,3,6935.25315838347,"251,501,751",0.00505992974940036,3,6935.25315838347,"251,501,751",0.00505992974783717,3,6935.25315838347,"251,501,751",0.00505992974979827,3,6935.25315838347,"199,251,397,501,610,711,751,874",8,76.2420112361426,"199,251,397,501,623,711,751,874",8,77.3892051364103,"199,251,397,501,623,711,751,874",8,77.3892051364103
"251,501,751",0.005,3,6922.86036514089,"251,252,461,487,494,495,500,502,505,511,518,747,751,757",0.00671986170045042,14,7095.15683438565,"252,502,751",0.00531739281444107,3,6920.09332893696,"252,502,751",0.0050905409548827,3,6916.27945825448,"252,502,751",0.00509054096011229,3,6916.27945825449,"252,502,751",0.00509054095761118,3,6916.27945825448,"252,502,751",0.00509054095798067,3,6916.27945825448,"252,502,751",0.00509054095772487,3,6916.27945825449,"252,502,751",0.00509054095769645,3,6916.27945825449,"252,502,751",0.00509054095863437,3,6916.27945825449,"252,502,751",0.00509054095590588,3,6916.27945825448,"252,502,751",0.00509054095624694,3,6916.27945825448,"122,252,374,502,588,751,791",7,51.2460414104003,"122,251,374,502,588,751,791",7,51.9988019686945,"107,251,374,502,588,751,791,925",8,52.0440078729317
"251,501,751",0.005,3,6961.54298016301,"251,431,440,444,501,503,512,747,748,751,752",0.00593740783031606,11,7066.88731827874,"251,503,752",0.00500073261463489,3,6949.99984745809,"251,503,752",0.00492240434403949,3,6949.88925629828,"251,503,752",0.00492240434696693,3,6949.88925629828,"251,503,752",0.00492240434577322,3,6949.88925629828,"251,503,752",0.00492240434526162,3,6949.88925629827,"251,503,752",0.00492240434878592,3,6949.88925629828,"251,503,752",0.00492240434818906,3,6949.88925629828,"251,503,752",0.0049224043458869,3,6949.88925629828,"251,503,752",0.00492240434537531,3,6949.88925629827,"251,503,752",0.00492240434827433,3,6949.88925629829,"119,251,364,503,642,752,827",7,80.3731414796992,"119,251,364,503,642,748,827",7,83.0366532456765,"119,251,364,503,642,748,827",7,83.0366532456765
"251,501,751",0.005,3,6877.05527357011,"248,250,251,501,503,507,749,750,751",0.00684072666252492,9,7015.69171093382,"251,501,751",0.00578060968734982,3,6879.2541279979,"251,501,751",0.00518309171431595,3,6875.51916864334,"251,501,751",0.00518309171442963,3,6875.51916864333,"251,501,751",0.00518309171568019,3,6875.51916864334,"251,501,751",0.00518309171658968,3,6875.51916864334,"251,501,751",0.00518309171693074,3,6875.51916864333,"251,501,751",0.00518309171602125,3,6875.51916864333,"251,501,751",0.005183091716476,3,6875.51916864334,"251,501,751",0.00518309171340645,3,6875.51916864333,"251,501,751",0.00518309171613494,3,6875.51916864333,"96,250,314,501,591,750,890",7,14.1225887441259,"96,250,314,501,591,749,890",7,14.9297983216796,"96,250,314,501,591,749,890",7,14.9297983216796
"251,501,751",0.005,3,6933.74874830243,"249,251,261,462,482,498,499,501,526,556,748,751",0.00633888383274624,12,7071.32603420917,"251,499,751",0.00523686411890143,3,6925.34794743996,"251,499,751",0.00480907713711666,3,6922.10662445404,"251,499,751",0.00480907713643454,3,6922.10662445404,"251,499,751",0.00480907713961777,3,6922.10662445405,"251,499,751",0.00480907713643454,3,6922.10662445404,"251,499,751",0.00480907713688929,3,6922.10662445405,"251,499,751",0.00480907713802616,3,6922.10662445406,"251,499,751",0.00480907713848091,3,6922.10662445405,"251,499,751",0.00480907713688929,3,6922.10662445405,"251,499,751",0.0048090771393904,3,6922.10662445405,"60,251,300,499,616,751,920",7,70.1843409931195,"60,251,300,499,616,751,920",7,70.1843409931195,"60,251,300,499,616,751,920",7,70.1843409931195
"251,501,751",0.005,3,6962.55670518571,"218,249,251,252,259,261,495,500,502,510,590,751,765",0.00541576381192187,13,7102.49727491756,"249,500,751",0.00469000046967466,3,6958.99122851533,"249,500,751",0.00450288201519086,3,6956.12296908436,"249,500,751",0.00450288201610036,3,6956.12296908434,"249,500,751",0.00450288201541824,3,6956.12296908436,"249,500,751",0.00450288201473612,3,6956.12296908436,"249,500,751",0.00450288201791935,3,6956.12296908436,"249,500,751",0.00450288201655511,3,6956.12296908436,"249,500,751",0.0045028820174646,3,6956.12296908437,"249,500,751",0.00450288201655511,3,6956.12296908436,"249,500,751",0.00450288201610036,3,6956.12296908436,"218,251,376,500,628,751,810,922",8,99.5634118901296,"218,249,376,500,628,751,855",7,100.324386339235,"218,249,376,500,751,855",6,100.366031093953
"251,501,751",0.005,3,6864.59994332464,"211,251,477,501,750,777",0.00548981508308783,6,6911.46731796345,"251,501,750",0.00457444212207133,3,6850.6792198732,"251,501,750",0.00447633102219191,3,6850.4071505265,"251,501,750",0.00447633102156663,3,6850.40715052651,"251,501,750",0.00447633102142452,3,6850.40715052651,"251,501,750",0.00447633102048661,3,6850.4071505265,"251,501,750",0.00447633102327193,3,6850.40715052651,"251,501,750",0.00447633102222033,3,6850.4071505265,"251,501,750",0.00447633102105504,3,6850.4071505265,"251,501,750",0.00447633102435196,3,6850.40715052649,"251,501,750",0.00447633102116873,3,6850.40715052652,"163,251,362,501,612,750,807",7,-19.9408383697897,"163,251,362,501,612,750,807",7,-19.9408383697897,"163,251,311,501,750,807",6,-10.4043210678193
"251,501,751",0.005,3,6949.20003244731,"244,246,251,252,472,489,501,502,505,751",0.0069606546807753,10,7074.32065873448,"244,252,501,751",0.00570880747167734,4,6952.95298059542,"252,501,751",0.00588238545681991,3,6944.44029156739,"252,501,751",0.00555311258133182,3,6943.25880931664,"252,501,751",0.00555311258166222,3,6943.25880931663,"252,501,751",0.00555311257942756,3,6943.25880931664,"252,501,751",0.00555311257837418,3,6943.25880931664,"252,501,751",0.00555311258080246,3,6943.25880931663,"252,501,751",0.00555311258079536,3,6943.25880931663,"252,501,751",0.00555311257762456,3,6943.25880931664,"252,501,751",0.00555311258015054,3,6943.25880931663,"93,251,382,501,618,751,863",7,87.4732841436478,"93,252,382,501,618,751,863",7,88.4507672966095,"93,252,382,501,618,751,863",7,88.4507672966095
"251,501,751",0.005,3,6922.11275074838,"251,256,501,507,508,752",0.00611801357903779,6,6989.55691176614,"251,501,752",0.00485589391525333,3,6913.14619659524,"251,501,752",0.00476091634064684,3,6912.88213565811,"251,501,752",0.00476091634041947,3,6912.88213565812,"251,501,752",0.00476091634030578,3,6912.88213565812,"251,501,752",0.00476091634076053,3,6912.88213565812,"251,501,752",0.00476091633882785,3,6912.88213565812,"251,501,752",0.0047609163392826,3,6912.88213565812,"251,501,752",0.00476091634019209,3,6912.88213565812,"251,501,752",0.00476091633882785,3,6912.88213565812,"251,501,752",0.00476091633962366,3,6912.88213565812,"165,251,384,501,660,752,826",7,64.2363323176071,"165,251,384,501,660,752,826",7,64.2363323176071,"165,251,384,501,660,752,826",7,64.2363323176071
"251,501,751",0.005,3,7019.33770555372,"251,270,481,501,521,750,753",0.00615098091313133,7,7088.52588036011,"251,501,750",0.00515993519173729,3,7013.52959478669,"251,501,750",0.00509967223412512,3,7013.4821918681,"251,501,750",0.0050996722360578,3,7013.4821918681,"251,501,750",0.00509967223480724,3,7013.4821918681,"251,501,750",0.00509967223207876,3,7013.48219186809,"251,501,750",0.0050996722368536,3,7013.48219186811,"251,501,750",0.00509967223060083,3,7013.48219186809,"251,501,750",0.0050996722368536,3,7013.4821918681,"251,501,750",0.00509967223116926,3,7013.4821918681,"251,501,750",0.00509967223696729,3,7013.4821918681,"151,251,393,501,583,750,952",7,156.46434469388,"151,251,393,501,583,750,952",7,156.46434469388,"151,251,393,501,583,750,952",7,156.46434469388
"251,501,751",0.005,3,7032.12056123263,"249,251,482,499,502,516,531,730,752,753",0.00613882130089176,10,7139.71358856235,"251,502,752",0.00535947082894052,3,7030.27587123325,"251,502,752",0.00496900750001863,3,7026.33721601558,"251,502,752",0.00496900749876807,3,7026.33721601558,"251,502,752",0.00496900750206499,3,7026.33721601558,"251,502,752",0.00496900749717646,3,7026.33721601559,"251,502,752",0.00496900749399323,3,7026.33721601559,"251,502,752",0.00496900750354292,3,7026.33721601558,"251,502,752",0.00496900749808595,3,7026.33721601558,"251,502,752",0.00496900750308817,3,7026.33721601559,"251,502,752",0.00496900750172393,3,7026.33721601559,"158,251,463,499,650,752,847",7,147.739805839329,"158,251,463,502,650,752,847",7,148.291739969483,"158,251,474,502,650,752,847",7,151.306017957094
"251,501,751",0.005,3,6921.14339207869,"247,248,252,501,502,536,559,751",0.00622454935395469,8,7016.77633764561,"247,252,501,751",0.00490299219968948,4,6927.68866853713,"252,501,751",0.00510510187805961,3,6919.00657376621,"252,501,751",0.00480334562366719,3,6917.93531489924,"252,501,751",0.00480334562002921,3,6917.93531489924,"252,501,751",0.00480334562298507,3,6917.93531489924,"252,501,751",0.00480334562139345,3,6917.93531489924,"252,501,751",0.00480334561889234,3,6917.93531489924,"252,501,751",0.00480334562162082,3,6917.93531489924,"252,501,751",0.00480334562389456,3,6917.93531489924,"252,501,751",0.00480334562275769,3,6917.93531489925,"122,252,392,501,651,751,913",7,63.7712338970697,"122,252,392,501,651,751,913",7,63.7712338970697,"122,252,337,501,651,751,913",7,64.9776947405393
"251,501,751",0.005,3,6968.55669080891,"248,250,251,500,501,503,504,749,751",0.00715285985491128,9,7107.77366949724,"248,250,501,751",0.00580840628248862,4,6976.54232188462,"250,501,751",0.0064161672031589,3,6969.96045732825,"250,501,751",0.00546957170038527,3,6962.65608678404,"250,501,751",0.00546957169958946,3,6962.65608678404,"250,501,751",0.00546957169799784,3,6962.65608678404,"250,501,751",0.00546957169572411,3,6962.65608678404,"250,501,751",0.00546957169265456,3,6962.65608678403,"250,501,751",0.00546957169708835,3,6962.65608678404,"250,501,751",0.00546957170027158,3,6962.65608678404,"250,501,751",0.00546957169606517,3,6962.65608678405,"144,251,436,501,647,751,848",7,91.4524348179648,"144,250,436,501,647,749,848",7,91.8778057830479,"144,250,436,501,647,749,848",7,91.8778057830479
"251,501,751",0.005,3,6977.37244823407,"251,501,523,525,727,728,750,751,754",0.00570362120532788,9,7058.58978986794,"251,501,754",0.0055162696696403,3,6977.85749270961,"251,501,754",0.00523911428786572,3,6976.96348609505,"251,501,754",0.0052391142904521,3,6976.96348609505,"251,501,754",0.00523911428868995,3,6976.96348609505,"251,501,754",0.00523911428974156,3,6976.96348609505,"251,501,754",0.00523911429042368,3,6976.96348609504,"251,501,754",0.00523911428900259,3,6976.96348609505,"251,501,754",0.00523911429008262,3,6976.96348609505,"251,501,754",0.00523911428732571,3,6976.96348609506,"251,501,754",0.00523911428994051,3,6976.96348609504,"71,251,392,491,501,629,751,858",8,110.708262657125,"71,251,443,491,501,629,754,900",8,112.32407007088,"71,251,443,491,501,629,754,900",8,112.32407007088
"251,501,751",0.005,3,6964.48802190257,"251,252,253,486,501,504,510,746,749,750,751,752",0.0051987256081437,12,7079.82121886311,"253,501,752",0.00530682816506288,3,6961.73117279944,"253,501,752",0.00459847008862248,3,6955.93868719591,"253,501,752",0.00459847008680349,3,6955.93868719591,"253,501,752",0.00459847008657612,3,6955.93868719591,"253,501,752",0.00459847008612137,3,6955.9386871959,"253,501,752",0.00459847008816774,3,6955.93868719591,"253,501,752",0.00459847009112359,3,6955.93868719591,"253,501,752",0.00459847008657612,3,6955.93868719591,"253,501,752",0.00459847008725824,3,6955.9386871959,"253,501,752",0.00459847008543925,3,6955.9386871959,"104,253,409,501,594,750,881",7,90.154270652645,"104,253,409,501,594,752,881",7,90.9118003558557,"104,253,409,501,594,752,881",7,90.9118003558557
"251,501,751",0.005,3,6888.75257927937,"250,251,480,500,502,751,752,754",0.00640581538658195,8,7013.81893492337,"250,500,751",0.00495208173108615,3,6884.15412980189,"250,500,751",0.00468731500263585,3,6883.31550254506,"250,500,751",0.00468731501104868,3,6883.31550254507,"250,500,751",0.00468731500525065,3,6883.31550254506,"250,500,751",0.0046873150047959,3,6883.31550254505,"250,500,751",0.00468731500559171,3,6883.31550254505,"250,500,751",0.00468731500422747,3,6883.31550254506,"250,500,751",0.00468731500274954,3,6883.31550254505,"250,500,751",0.0046873150030906,3,6883.31550254505,"250,500,751",0.00468731501048024,3,6883.31550254507,"135,251,500,609,751,914",6,10.4887774223707,"135,250,500,609,751,914",6,11.0793672699226,"135,250,500,609,751,914",6,11.0793672699226
"251,501,751",0.005,3,6974.17461894402,"249,251,491,501,544,750,751,760",0.00545416537102483,8,7065.22251087404,"251,501,751",0.00422940215468498,3,6965.56032974686,"251,501,751",0.00403061910972073,3,6964.44531125762,"251,501,751",0.00403061910540063,3,6964.44531125761,"251,501,751",0.00403061910994811,3,6964.44531125761,"251,501,751",0.00403061911199447,3,6964.44531125761,"251,501,751",0.00403061910835649,3,6964.44531125762,"251,501,751",0.00403061911199447,3,6964.44531125761,"251,501,751",0.00403061910721962,3,6964.44531125761,"251,501,751",0.00403061911131235,3,6964.44531125761,"251,501,751",0.00403061911267659,3,6964.44531125761,"166,251,317,450,501,617,751,835",8,93.3625700100451,"166,251,354,501,617,751,835",7,93.7560424940105,"166,251,354,501,617,751",6,95.8527832811706
"251,501,751",0.005,3,7017.16185274577,"251,501,502,514,569,570,731,751,755",0.00612214458548295,9,7135.31102629012,"251,501,751",0.00458924553426735,3,7012.96698545714,"251,501,751",0.0045354109157486,3,7012.90418208069,"251,501,751",0.00453541090958108,3,7012.90418208069,"251,501,751",0.00453541091397224,3,7012.9041820807,"251,501,751",0.00453541091479647,3,7012.9041820807,"251,501,751",0.00453541091462594,3,7012.90418208069,"251,501,751",0.00453541091468278,3,7012.90418208069,"251,501,751",0.00453541091532227,3,7012.90418208069,"251,501,751",0.00453541091665809,3,7012.9041820807,"251,501,751",0.00453541091563491,3,7012.90418208069,"128,251,442,501,726,751,799,937",8,146.355925793822,"128,251,442,501,726,751,799,937",8,146.355925793822,"128,251,501,726,751,937",6,153.409443349117
"251,501,751",0.005,3,6966.24386225672,"251,254,455,491,500,501,574,751",0.00579896625409837,8,7053.52043244627,"251,500,751",0.00453298786643917,3,6962.072501214,"251,500,751",0.00451121994205408,3,6962.05083153484,"251,500,751",0.00451121994194084,3,6962.05083153484,"251,500,751",0.00451121994291273,3,6962.05083153484,"251,500,751",0.00451121994314654,3,6962.05083153484,"251,500,751",0.00451121994373296,3,6962.05083153484,"251,500,751",0.00451121994294359,3,6962.05083153484,"251,500,751",0.00451121994305628,3,6962.05083153484,"251,500,751",0.00451121994207884,3,6962.05083153484,"251,500,751",0.00451121994344852,3,6962.05083153484,"109,251,394,500,635,751,922",7,96.3371430202947,"109,251,394,500,635,751,922",7,96.3371430202947,"109,251,394,500,635,751,922",7,96.3371430202947
"251,501,751",0.005,3,6958.94332231755,"251,257,492,498,501,502,504,506,730,751",0.00533588277144407,10,7052.75406051442,"251,501,751",0.00484399286599636,3,6957.02897480546,"251,501,751",0.00479867507522552,3,6956.12504468229,"251,501,751",0.00479867507641923,3,6956.12504468229,"251,501,751",0.00479867507630554,3,6956.12504468229,"251,501,751",0.00479867507528236,3,6956.12504468229,"251,501,751",0.00479867507727188,3,6956.12504468229,"251,501,751",0.00479867507477077,3,6956.12504468229,"251,501,751",0.00479867507687398,3,6956.1250446823,"251,501,751",0.00479867507658976,3,6956.1250446823,"251,501,751",0.00479867508005721,3,6956.12504468231,"146,251,395,501,662,751,852",7,84.9411134337417,"146,251,395,501,662,751,852",7,84.9411134337417,"146,251,395,501,662,751,851",7,85.0392661473105
"251,501,751",0.005,3,6934.08794719893,"251,252,499,501,751,752",0.00621830881253731,6,6990.42948610335,"251,501,751",0.00529709122628859,3,6927.92829530551,"251,501,751",0.00525897988945915,3,6927.91063565493,"251,501,751",0.0052589798933245,3,6927.91063565493,"251,501,751",0.0052589798976446,3,6927.91063565493,"251,501,751",0.00525897989923622,3,6927.91063565492,"251,501,751",0.00525897989355187,3,6927.91063565493,"251,501,751",0.00525897988832228,3,6927.91063565493,"251,501,751",0.00525897989309713,3,6927.91063565493,"251,501,751",0.00525897989377925,3,6927.91063565493,"251,501,751",0.00525897988877703,3,6927.91063565493,"185,251,398,501,530,663,751,932",8,46.2998985354034,"185,251,398,501,530,640,751,932",8,47.7989240557134,"185,251,350,501,530,640,751,932",8,48.7391269182823
"251,501,751",0.005,3,6912.8133156262,"251,500,501,751",0.00606131773197353,4,6981.50410903353,"251,501,751",0.0046380438651307,3,6912.19066235019,"251,501,751",0.00443362041057146,3,6908.71863086991,"251,501,751",0.00443362040818403,3,6908.7186308699,"251,501,751",0.00443362040750191,3,6908.71863086991,"251,501,751",0.00443362040846825,3,6908.71863086991,"251,501,751",0.00443362040664926,3,6908.71863086991,"251,501,751",0.00443362040960512,3,6908.7186308699,"251,501,751",0.00443362040693348,3,6908.71863086991,"251,501,751",0.00443362040863878,3,6908.71863086991,"251,501,751",0.00443362040880931,3,6908.71863086991,"79,251,481,500,626,751,849",7,53.0591700383939,"79,251,481,501,626,751,849",7,54.8385231092915,"79,251,481,500,626,751,849",7,53.0591700383939
"251,501,751",0.005,3,6944.92658049996,"252,498,501,532,750,751",0.0060487270138771,6,6993.47352071548,"252,501,750",0.00554130601347908,3,6944.21632846651,"252,501,750",0.0048029266541392,3,6936.08366606993,"252,501,750",0.00480292665357077,3,6936.08366606993,"252,501,750",0.0048029266550487,3,6936.08366606993,"252,501,750",0.00480292665561713,3,6936.08366606994,"252,501,750",0.00480292665402552,3,6936.08366606993,"252,501,750",0.00480292665232022,3,6936.08366606993,"252,501,750",0.00480292665550345,3,6936.08366606993,"252,501,750",0.00480292665322971,3,6936.08366606993,"252,501,750",0.00480292665266128,3,6936.08366606994,"60,252,454,501,619,750,880",7,58.1115922823713,"60,252,454,501,619,751,880",7,58.5741204764748,"60,252,454,501,575,751,880",7,60.0053369103284
"251,501,751",0.005,3,6974.89523315614,"248,251,501,526,751,752",0.00641424088075385,6,7035.9446657276,"251,501,751",0.00629977433070671,3,6976.08183012002,"251,501,751",0.00518470924620784,3,6963.65676210524,"251,501,751",0.00518470924166036,3,6963.65676210526,"251,501,751",0.00518470924143299,3,6963.65676210525,"251,501,751",0.00518470924484359,3,6963.65676210524,"251,501,751",0.00518470924779945,3,6963.65676210524,"251,501,751",0.00518470924688996,3,6963.65676210524,"251,501,751",0.00518470924347935,3,6963.65676210525,"251,501,751",0.00518470924916369,3,6963.65676210524,"251,501,751",0.0051847092439341,3,6963.65676210525,"165,251,369,501,658,752,911",7,95.8383875652021,"165,251,369,501,658,752,911",7,95.8383875652021,"165,251,369,501,658,752,911",7,95.8383875652021
"251,501,751",0.005,3,6907.23883949917,"249,251,495,496,497,501,502,513,748,751,760,764",0.00622465910411413,12,7020.14217528496,"251,501,748,764",0.00557849675094832,4,6902.24375848816,"251,501,764",0.00553649432571759,3,6895.25518148858,"251,501,764",0.0054253915463624,3,6895.06722231948,"251,501,764",0.00542539154408867,3,6895.06722231948,"251,501,764",0.00542539154238336,3,6895.06722231948,"251,501,764",0.0054253915455666,3,6895.06722231947,"251,501,764",0.0054253915429518,3,6895.06722231948,"251,501,764",0.00542539154431604,3,6895.06722231947,"251,501,764",0.0054253915429518,3,6895.06722231948,"251,501,764",0.00542539154420235,3,6895.06722231947,"119,251,335,501,576,745,764,910",8,21.0367843446837,"119,251,335,501,576,745,764,910",8,21.0367843446837,"119,251,335,501,576,748,760,910",8,26.9375046516734
"251,501,751",0.005,3,6851.21316713798,"252,501,502,507,563,751,752",0.00645936631872152,7,6951.14094646241,"252,501,752",0.00507518122453708,3,6846.7896020251,"252,501,752",0.00488457241704984,3,6845.74945197587,"252,501,752",0.00488457241363924,3,6845.74945197586,"252,501,752",0.00488457241682247,3,6845.74945197587,"252,501,752",0.00488457241341186,3,6845.74945197587,"252,501,752",0.00488457241409398,3,6845.74945197588,"252,501,752",0.00488457241727722,3,6845.7494519759,"252,501,752",0.00488457242318893,3,6845.7494519759,"252,501,752",0.00488457241614035,3,6845.74945197589,"252,501,752",0.00488457241614035,3,6845.74945197588,"102,252,442,501,535,751,888",7,-5.21922309197191,"102,252,442,501,535,751,888",7,-5.21922309197191,"102,252,442,501,717,751,888",7,-3.53530901928566
"251,501,751",0.005,3,6919.21382377199,"240,250,251,255,453,489,493,501,503,525,544,572,750,751,757,764",0.00630035010514876,16,7092.54190886766,"251,501,572,751",0.00556769799584795,4,6921.91896192826,"251,501,751",0.00503161768111175,3,6917.463078676,"251,501,751",0.00496026683542072,3,6917.34009808645,"251,501,751",0.0049602668356481,3,6917.34009808644,"251,501,751",0.00496026683655759,3,6917.34009808645,"251,501,751",0.0049602668356481,3,6917.34009808645,"251,501,751",0.00496026683542072,3,6917.34009808644,"251,501,751",0.00496026683610284,3,6917.34009808644,"251,501,751",0.00496026683610284,3,6917.34009808644,"251,501,751",0.00496026683451123,3,6917.34009808643,"113,251,381,501,676,751,865",7,51.0079775950347,"113,251,381,501,676,751,865",7,51.0079775950347,"113,251,381,501,676,751,865",7,51.0079775950347
"251,501,751",0.005,3,6883.56393891666,"250,251,498,501,520,751,752,754",0.00646804703869875,8,6999.05404994638,"251,501,751",0.0050112103649024,3,6879.63786776654,"251,501,751",0.00497785236263745,3,6879.62210886247,"251,501,751",0.00497785236377432,3,6879.62210886246,"251,501,751",0.00497785236161427,3,6879.62210886247,"251,501,751",0.00497785235990897,3,6879.62210886247,"251,501,751",0.00497785236354695,3,6879.62210886247,"251,501,751",0.00497785235968159,3,6879.62210886247,"251,501,751",0.00497785236536594,3,6879.62210886247,"251,501,751",0.00497785236377432,3,6879.62210886247,"251,501,751",0.00497785236400169,3,6879.62210886247,"58,251,384,501,645,751,918",7,22.6315820842382,"58,251,384,501,645,751,918",7,22.6315820842382,"58,251,384,501,645,751,918",7,22.6315820842382
"251,501,751",0.005,3,6989.14161190579,"251,456,459,498,500,503,505,520,521,536,733,737,745,751,760,764,800",0.00533160440439377,17,7178.5484600915,"251,498,751",0.00440551047248171,3,6984.05498272896,"251,498,751",0.00427145608983887,3,6982.22673083949,"251,498,751",0.00427145608983887,3,6982.22673083949,"251,498,751",0.00427145609756957,3,6982.22673083949,"251,498,751",0.00427145609029362,3,6982.22673083948,"251,498,751",0.0042714560939316,3,6982.2267308395,"251,498,751",0.00427145609484109,3,6982.2267308395,"251,498,751",0.00427145609620533,3,6982.2267308395,"251,498,751",0.00427145609256735,3,6982.22673083949,"251,498,751",0.00427145609620533,3,6982.22673083949,"43,251,280,500,733,751,845",7,115.302040723444,"43,251,280,498,733,751,845",7,115.302134620115,"43,251,500,733,751,845",6,116.815834519045
"251,501,751",0.005,3,6926.5500833669,"245,252,494,501,525,602,751,765",0.00700576080123663,8,7001.68067833472,"252,501,751",0.00664955058444681,3,6925.40765611023,"252,501,751",0.00577873657649187,3,6917.01781883049,"252,501,751",0.00577873657899298,3,6917.01781883049,"252,501,751",0.00577873657467288,3,6917.01781883049,"252,501,751",0.00577873657671924,3,6917.0178188305,"252,501,751",0.00577873657558237,3,6917.0178188305,"252,501,751",0.00577873657603712,3,6917.01781883049,"252,501,751",0.00577873657762874,3,6917.01781883049,"252,501,751",0.00577873657148965,3,6917.0178188305,"252,501,751",0.00577873657785611,3,6917.0178188305,"160,252,348,501,563,751,804,922",8,56.9755325692306,"160,245,348,501,563,751,920",7,60.876751597168,"160,245,348,501,563,751,920",7,60.876751597168
"251,501,751",0.005,3,6904.57460170622,"241,242,251,256,496,500,501,504,519,565,751,763",0.00635597940216487,12,7019.50018722877,"251,500,751",0.00600206781179871,3,6897.46183192645,"251,500,751",0.00556638553774275,3,6893.86215978854,"251,500,751",0.00556638553743011,3,6893.86215978855,"251,500,751",0.00556638553652061,3,6893.86215978854,"251,500,751",0.00556638553814065,3,6893.86215978855,"251,500,751",0.00556638553566796,3,6893.86215978854,"251,500,751",0.00556638553612271,3,6893.86215978854,"251,500,751",0.00556638553984595,3,6893.86215978854,"251,500,751",0.00556638553933436,3,6893.86215978854,"251,500,751",0.00556638553919225,3,6893.86215978854,"145,251,344,500,600,751,815,967",8,43.091260763451,"145,251,344,500,600,751,933",7,44.3661970794359,"145,251,344,500,600,751,933",7,44.3661970794359
"251,501,751",0.005,3,6978.18938146794,"247,250,251,499,501,502,507,751",0.00634882148236468,8,7103.52312261734,"247,501,502,751",0.00456634000527906,4,6980.1650215615,"247,502,751",0.00446469159978183,3,6967.25969239605,"247,502,751",0.00452363147714121,3,6967.04611644003,"247,502,751",0.00452363147816439,3,6967.04611644003,"247,502,751",0.00452363147861914,3,6967.04611644003,"247,502,751",0.00452363147839177,3,6967.04611644004,"247,502,751",0.00452363147668646,3,6967.04611644004,"247,502,751",0.00452363147816439,3,6967.04611644003,"247,502,751",0.00452363147782333,3,6967.04611644003,"247,502,751",0.00452363147770965,3,6967.04611644004,"142,247,381,502,640,751,945",7,104.669735969992,"142,247,381,502,640,751,945",7,104.669735969992,"142,247,381,502,640,751,945",7,104.669735969992
"251,501,751",0.005,3,6922.13762445136,"251,496,500,508,517,553,751",0.00606481022737426,7,7006.50972146091,"251,500,751",0.00474273374799055,3,6917.75901121726,"251,500,751",0.00452189273063922,3,6915.01434474448,"251,500,751",0.00452189272904761,3,6915.01434474448,"251,500,751",0.00452189272904761,3,6915.01434474448,"251,500,751",0.00452189272882023,3,6915.01434474449,"251,500,751",0.00452189272586438,3,6915.01434474449,"251,500,751",0.00452189273041185,3,6915.01434474448,"251,500,751",0.00452189272813811,3,6915.01434474448,"251,500,751",0.00452189272518225,3,6915.01434474448,"251,500,751",0.00452189272859286,3,6915.01434474448,"145,251,415,500,667,751",6,55.0849909677228,"145,251,415,500,667,751",6,55.0849909677228,"145,251,415,500,667,751",6,55.0849909677228
"251,501,751",0.005,3,6940.53450496575,"250,252,457,460,501,502,512,522,740,752,753,757",0.00565442044138612,12,7055.8467062776,"252,501,753",0.00473983873300981,3,6930.32562500188,"252,501,753",0.00467448122141779,3,6929.70360694367,"252,501,753",0.00467448122141779,3,6929.70360694367,"252,501,753",0.00467448122073567,3,6929.70360694367,"252,501,753",0.00467448121914406,3,6929.70360694367,"252,501,753",0.00467448121914406,3,6929.70360694367,"252,501,753",0.00467448121687032,3,6929.70360694368,"252,501,753",0.0046744812152787,3,6929.70360694367,"252,501,753",0.00467448122255466,3,6929.70360694366,"252,501,753",0.00467448121868931,3,6929.70360694367,"193,252,375,501,633,753,881",7,71.7268464257188,"193,252,375,501,633,753,881",7,71.7268464257188,"252,375,501,633,753,881",6,77.6491238573928
"251,501,751",0.005,3,6870.49241180955,"251,252,255,257,476,502,503,750,751,753,756,761",0.00632014899682154,12,7001.22384102107,"251,502,751",0.00567406259370394,3,6862.88706397229,"251,502,751",0.00539025080927307,3,6861.9837975174,"251,502,751",0.00539025081052363,3,6861.98379751739,"251,502,751",0.00539025080847727,3,6861.98379751739,"251,502,751",0.00539025081211525,3,6861.9837975174,"251,502,751",0.00539025081120575,3,6861.9837975174,"251,502,751",0.00539025080802252,3,6861.98379751739,"251,502,751",0.00539025081006888,3,6861.98379751739,"251,502,751",0.0053902508099552,3,6861.98379751739,"251,502,751",0.00539025081063732,3,6861.98379751739,"94,251,339,502,585,751,833",7,8.41207725895136,"94,251,339,502,585,750,833",7,8.81880193348101,"94,251,339,502,585,750,833",7,8.81880193348101
"251,501,751",0.005,3,6986.64858020661,"251,494,499,500,501,518,540,743,750,751",0.00566218860864104,10,7094.21207237035,"251,499,751",0.00467398222157393,3,6984.33283816328,"251,499,751",0.00457218899501379,3,6982.83173683848,"251,499,751",0.0045721889931948,3,6982.83173683849,"251,499,751",0.00457218899615066,3,6982.8317368385,"251,499,751",0.00457218899615066,3,6982.83173683848,"251,499,751",0.00457218899478642,3,6982.83173683848,"251,499,751",0.00457218899001157,3,6982.83173683847,"251,499,751",0.0045721889897842,3,6982.83173683848,"251,499,751",0.00457218899274006,3,6982.83173683847,"251,499,751",0.00457218899387692,3,6982.83173683848,"72,251,343,499,567,750,920",7,118.667008078505,"72,251,343,499,567,750,920",7,118.667008078505,"72,251,343,499,750,920",6,120.361907501566
"251,501,751",0.005,3,6938.53435084846,"239,242,251,252,473,485,501,505,750,751,770",0.00671857561180071,11,7060.61279576421,"251,501,750",0.00584201416604204,3,6935.50062470169,"251,501,750",0.00545611508484115,3,6933.43522996774,"251,501,750",0.00545611508185687,3,6933.43522996774,"251,501,750",0.00545611508199897,3,6933.43522996774,"251,501,750",0.0054561150813737,3,6933.43522996775,"251,501,750",0.00545611508157265,3,6933.43522996774,"251,501,750",0.00545611508353375,3,6933.43522996775,"251,501,750",0.0054561150826811,3,6933.43522996774,"251,501,750",0.00545611508052105,3,6933.43522996775,"251,501,750",0.00545611508171476,3,6933.43522996774,"122,251,338,501,604,750,823",7,93.0668065010139,"122,251,338,501,604,750,823",7,93.0668065010139,"122,251,338,501,604,750,823",7,93.0668065010139
"251,501,751",0.005,3,6999.48899734899,"251,438,460,462,466,497,499,501,507,751",0.00627384524878067,10,7115.90895956803,"251,501,751",0.00477750333885759,3,6992.62861802087,"251,501,751",0.00474634583122705,3,6992.55410274491,"251,501,751",0.00474634583253445,3,6992.55410274491,"251,501,751",0.00474634582940806,3,6992.55410274492,"251,501,751",0.00474634583020387,3,6992.55410274492,"251,501,751",0.00474634583111336,3,6992.55410274491,"251,501,751",0.00474634582991965,3,6992.55410274491,"251,501,751",0.00474634583350079,3,6992.55410274491,"251,501,751",0.00474634582832804,3,6992.55410274491,"251,501,751",0.00474634583065862,3,6992.55410274491,"167,251,344,501,670,751,853",7,121.936809125889,"167,251,344,501,670,751,853",7,121.936809125889,"167,251,344,501,670,751,853",7,121.936809125889
"251,501,751",0.005,3,6973.2259174345,"245,246,251,257,491,498,500,508,751",0.00607473961152608,9,7088.21545742315,"246,257,500,751",0.00452293140226913,4,6968.93482257959,"246,257,500,751",0.00446645879611487,4,6968.89087292724,"246,257,500,751",0.00446645879543275,4,6968.89087292725,"246,257,500,751",0.00446645879622856,4,6968.89087292725,"246,257,500,751",0.00446645879611487,4,6968.89087292724,"246,257,500,751",0.00446645879554644,4,6968.89087292724,"246,257,500,751",0.00446645879577381,4,6968.89087292724,"246,257,500,751",0.00446645879577381,4,6968.89087292724,"246,257,500,751",0.00446645879656962,4,6968.89087292724,"246,257,500,751",0.00446645879600118,4,6968.89087292725,"171,251,366,500,657,751,851",7,85.9856082207823,"171,257,366,500,657,751,851",7,86.4686619925377,"171,257,366,500,657,751,851",7,86.4686619925377
"251,501,751",0.005,3,6975.39549830705,"251,484,496,501,749,751",0.00668451362824746,6,7061.91982099626,"251,501,751",0.00516308552576086,3,6970.47298537812,"251,501,751",0.00513626938297217,3,6970.46526504407,"251,501,751",0.00513626938291533,3,6970.46526504407,"251,501,751",0.00513626938393851,3,6970.46526504408,"251,501,751",0.00513626938399535,3,6970.46526504408,"251,501,751",0.00513626938234689,3,6970.46526504408,"251,501,751",0.00513626938342692,3,6970.46526504408,"251,501,751",0.00513626938308586,3,6970.46526504407,"251,501,751",0.00513626938240374,3,6970.46526504408,"251,501,751",0.00513626938371114,3,6970.46526504407,"108,251,357,501,607,751,837,992",8,116.1320818082,"108,251,357,501,607,751,837,992",8,116.1320818082,"108,251,357,501,607,751,837",7,117.724639816958
"251,501,751",0.005,3,6927.99810345249,"248,250,251,456,501,526,528,533,748,750",0.00663734786588597,10,7053.19527229473,"251,501,748",0.00538065397761503,3,6922.46284740719,"251,501,748",0.00495574017721055,3,6920.62601505942,"251,501,748",0.00495574017725318,3,6920.62601505941,"251,501,748",0.00495574017760845,3,6920.62601505942,"251,501,748",0.00495574017752319,3,6920.62601505942,"251,501,748",0.00495574017783583,3,6920.62601505942,"251,501,748",0.00495574017861742,3,6920.62601505942,"251,501,748",0.00495574017814846,3,6920.62601505942,"251,501,748",0.00495574017968324,3,6920.62601505942,"251,501,748",0.00495574017932797,3,6920.62601505942,"93,208,251,396,501,610,748,817",8,65.1056140619418,"93,208,251,396,501,610,750,817",8,68.3098854332094,"93,251,396,501,610,750,817",7,69.8856094320438
"251,501,751",0.005,3,7035.07721907729,"251,253,254,488,501,507,538,750,751,766",0.00535672340937196,10,7144.37957196803,"254,501,751",0.00432901817620075,3,7023.5998255315,"254,501,751",0.00409517791138,3,7022.95980748659,"254,501,751",0.00409517791138,3,7022.95980748659,"254,501,751",0.0040951779139948,3,7022.95980748658,"254,501,751",0.00409517791047051,3,7022.95980748659,"254,501,751",0.00409517790501354,3,7022.9598074866,"254,501,751",0.00409517791081157,3,7022.95980748658,"254,501,751",0.00409517791206212,3,7022.95980748658,"254,501,751",0.00409517790615041,3,7022.9598074866,"254,501,751",0.00409517790228505,3,7022.9598074866,"170,253,345,346,501,653,751,814",8,148.207658480744,"170,254,331,501,653,751,814",7,149.393392390117,"170,254,345,501,653,751,814",7,149.562962913557
"251,501,751",0.005,3,6955.13586608384,"251,501,506,744,751",0.00635647721649421,5,7008.32012424088,"251,501,751",0.00515293504401413,3,6948.63185629268,"251,501,751",0.00511412029181805,3,6948.60741349043,"251,501,751",0.00511412029159068,3,6948.60741349042,"251,501,751",0.00511412028954432,3,6948.60741349043,"251,501,751",0.00511412029272755,3,6948.60741349043,"251,501,751",0.00511412028954432,3,6948.60741349042,"251,501,751",0.00511412029431916,3,6948.60741349041,"251,501,751",0.00511412029295492,3,6948.60741349044,"251,501,751",0.00511412029682027,3,6948.60741349043,"251,501,751",0.00511412029363704,3,6948.60741349042,"210,251,376,501,633,751,873",7,84.2190691448741,"210,251,376,501,633,751,873",7,84.2190691448741,"210,251,376,501,633,751,787",7,89.122476351094
"251,501,751",0.005,3,7025.59428079954,"251,499,500,503,528,750,751,764",0.00594438756746003,8,7131.48855780978,"251,500,750",0.00429966884018123,3,7009.47501702964,"251,500,750",0.00421087045344708,3,7009.28474396766,"251,500,750",0.00421087045697137,3,7009.28474396766,"251,500,750",0.00421087045162809,3,7009.28474396766,"251,500,750",0.00421087045697137,3,7009.28474396766,"251,500,750",0.00421087045356077,3,7009.28474396766,"251,500,750",0.00421087045321971,3,7009.28474396766,"251,500,750",0.00421087045617556,3,7009.28474396766,"251,500,750",0.0042108704550387,3,7009.28474396766,"251,500,750",0.00421087045822193,3,7009.28474396766,"122,251,381,500,685,750,870",7,135.998417662023,"122,251,381,500,685,750,870",7,135.998417662023,"251,381,500,685,750,870",6,136.510893379607
"251,501,751",0.005,3,6954.20360883577,"251,254,490,500,501,510,751",0.00709907992097935,7,7069.67264074352,"251,501,751",0.00549857801859005,3,6953.02415949175,"251,501,751",0.0052729824301258,3,6952.3285854565,"251,501,751",0.00527298243365364,3,6952.32858545651,"251,501,751",0.00527298243036738,3,6952.3285854565,"251,501,751",0.00527298242985934,3,6952.32858545651,"251,501,751",0.00527298243226453,3,6952.32858545651,"251,501,751",0.00527298243595935,3,6952.3285854565,"251,501,751",0.00527298243168544,3,6952.32858545651,"251,501,751",0.0052729824329431,3,6952.3285854565,"251,501,751",0.00527298243222545,3,6952.3285854565,"87,251,391,501,663,751,921",7,89.449859166266,"87,251,391,501,663,751,921",7,89.449859166266,"87,251,391,501,663,751,921",7,89.449859166266
"251,501,751",0.005,3,6988.69592559142,"249,251,253,266,499,501,749,750,751,754",0.00647587378533628,10,7131.2601322205,"251,501,749,754",0.00535551836915753,4,6999.88847570446,"251,501,754",0.00531607798852017,3,6989.71714214077,"251,501,754",0.00501301961098745,3,6988.93661037038,"251,501,754",0.00501301960439361,3,6988.93661037039,"251,501,754",0.00501301960121038,3,6988.93661037039,"251,501,754",0.00501301960496204,3,6988.93661037039,"251,501,754",0.0050130196062126,3,6988.93661037039,"251,501,754",0.00501301960234725,3,6988.93661037039,"251,501,754",0.00501301960643997,3,6988.93661037039,"251,501,754",0.00501301960246093,3,6988.93661037039,"145,251,281,456,501,582,751,943",8,125.947578872232,"145,251,281,399,501,582,749,943",8,129.938621168229,"145,251,399,501,582,749,943",7,131.078395138462
"251,501,751",0.005,3,7017.75882069576,"251,252,496,499,501,504,751,752,754",0.00743480741065585,9,7172.73290036944,"252,501,751",0.00608714451487496,3,7017.1954135775,"252,501,751",0.00539685282061437,3,7012.50674715372,"252,501,751",0.00539685281925013,3,7012.5067471537,"252,501,751",0.00539685282175124,3,7012.50674715371,"252,501,751",0.0053968528237976,3,7012.50674715372,"252,501,751",0.00539685282106912,3,7012.50674715372,"252,501,751",0.00539685282015962,3,7012.50674715371,"252,501,751",0.00539685281743114,3,7012.50674715371,"252,501,751",0.00539685281834063,3,7012.50674715371,"252,501,751",0.00539685281834063,3,7012.5067471537,"83,252,385,501,581,751,963",7,153.735657914087,"83,252,385,501,581,751,963",7,153.735657914087,"83,252,385,501,581,751,963",7,153.735657914087
"251,501,751",0.005,3,6938.79949315333,"242,251,253,496,498,499,501,738,746,749,751,770",0.00536719637243567,12,7066.51548936664,"242,253,499,751",0.00456697781708236,4,6936.39694603046,"242,499,751",0.00477072572903092,3,6932.12978617394,"242,499,751",0.00460769446821921,3,6931.25783099646,"242,499,751",0.00460769446918555,3,6931.25783099647,"242,499,751",0.00460769446853185,3,6931.25783099647,"242,499,751",0.00460769446915713,3,6931.25783099646,"242,499,751",0.00460769446588863,3,6931.25783099645,"242,499,751",0.00460769446685497,3,6931.25783099646,"242,499,751",0.00460769446998136,3,6931.25783099646,"242,499,751",0.00460769446847501,3,6931.25783099646,"58,242,317,499,592,751,868",7,60.7002601026541,"58,242,317,499,592,749,868",7,63.3384368881323,"58,242,317,499,592,749,868",7,63.3384368881323
"251,501,751",0.005,3,6908.36557012031,"235,248,250,251,269,499,501,504,514,531,749,750,751",0.00654476453019399,13,7073.46180871322,"251,501,751",0.00543896790288843,3,6901.83322096303,"251,501,751",0.00531341501468495,3,6901.65146471294,"251,501,751",0.00531341501309333,3,6901.65146471294,"251,501,751",0.00531341501150172,3,6901.65146471294,"251,501,751",0.00531341501718606,3,6901.65146471295,"251,501,751",0.00531341501582182,3,6901.65146471295,"251,501,751",0.00531341501491232,3,6901.65146471295,"251,501,751",0.0053134150142302,3,6901.65146471295,"251,501,751",0.00531341501718606,3,6901.65146471295,"251,501,751",0.00531341501445757,3,6901.65146471294,"139,251,379,501,672,751,932",7,34.1594572211803,"139,251,379,501,672,749,932",7,38.0931815173438,"139,251,379,501,672,749,932",7,38.0931815173438
"251,501,751",0.005,3,7009.72986822962,"251,259,488,489,499,500,502,503,510,748,751,758",0.00607491268218666,12,7175.99617674073,"251,502,510,751",0.00423707239547882,4,7017.75190431071,"251,502,751",0.00379194149633569,3,7007.43275353486,"251,502,751",0.004240327654621,3,7004.1099524578,"251,502,751",0.00424032765157988,3,7004.10995245779,"251,502,751",0.00424032765510417,3,7004.10995245781,"251,502,751",0.00424032765382519,3,7004.1099524578,"251,502,751",0.00424032765581471,3,7004.10995245781,"251,502,751",0.0042403276503009,3,7004.10995245778,"251,502,751",0.00424032765476311,3,7004.1099524578,"251,502,751",0.00424032765345571,3,7004.1099524578,"94,251,318,502,556,751,837",7,130.339870276444,"94,251,318,502,556,751,837",7,130.339870276444,"94,251,318,502,545,751,837",7,130.716910463656
"251,501,751",0.005,3,6966.34293120702,"251,258,449,454,497,498,499,501,504,505,520,521,540,544,571,751,754",0.00762225178329239,17,7190.79873381928,"251,499,505,754",0.00564546018535637,4,6976.90853759964,"251,499,754",0.00550976194829994,3,6963.06974708053,"251,499,754",0.00551212090402824,3,6962.99742898067,"251,499,754",0.0055121209078936,3,6962.99742898068,"251,499,754",0.00551212090311875,3,6962.99742898067,"251,499,754",0.00551212091084945,3,6962.99742898068,"251,499,754",0.00551212090630198,3,6962.99742898067,"251,499,754",0.00551212090425562,3,6962.99742898068,"251,499,754",0.00551212090198188,3,6962.99742898067,"251,499,754",0.00551212090516511,3,6962.99742898068,"129,251,332,501,636,754,880",7,84.0420793138376,"129,251,332,501,636,751,880",7,84.3866098004042,"129,251,332,501,636,751,880",7,84.3866098004042
"251,501,751",0.005,3,6941.50289639366,"251,252,254,477,487,501,512,515,730,740,742,751",0.00634591311728769,12,7066.41242700102,"251,501,751",0.0056742947616144,3,6937.00800147647,"251,501,751",0.00546317229564613,3,6936.48249019533,"251,501,751",0.00546317229803355,3,6936.48249019533,"251,501,751",0.00546317229428188,3,6936.48249019534,"251,501,751",0.00546317230349052,3,6936.48249019534,"251,501,751",0.00546317229746512,3,6936.48249019534,"251,501,751",0.00546317229610087,3,6936.48249019533,"251,501,751",0.00546317229746512,3,6936.48249019534,"251,501,751",0.00546317229598719,3,6936.48249019534,"251,501,751",0.00546317229530507,3,6936.48249019533,"65,251,376,501,588,710,751,929",8,84.2470237429375,"65,252,376,501,588,709,751,929",8,85.7724047218225,"65,252,376,501,588,709,751,797,929",9,85.4174984410229
"251,501,751",0.005,3,6971.62878764851,"250,251,500,501,503,525,744,750,764",0.0059327807405446,9,7073.77770917905,"251,501,750",0.00482041108384073,3,6962.61819788012,"251,501,750",0.0047393766422834,3,6962.40781748948,"251,501,750",0.00473937664535294,3,6962.40781748949,"251,501,750",0.00473937664216971,3,6962.40781748948,"251,501,750",0.0047393766439887,3,6962.40781748948,"251,501,750",0.00473937664455713,3,6962.40781748948,"251,501,750",0.00473937664364764,3,6962.40781748949,"251,501,750",0.00473937664273814,3,6962.40781748949,"251,501,750",0.00473937664421607,3,6962.40781748949,"251,501,750",0.0047393766430792,3,6962.40781748949,"156,251,361,501,596,750,793",7,106.659669992784,"156,251,361,501,596,750,793",7,106.659669992784,"156,251,361,501,596,750,791",7,107.324011889011
"251,501,751",0.005,3,6928.52566139057,"239,250,257,267,477,480,491,497,499,501,526,750,751",0.00576052157656547,13,7070.63355961646,"250,501,750",0.00505066175692996,3,6924.34123939475,"250,501,750",0.00463648655398075,3,6920.30325128536,"250,501,750",0.00463648655273019,3,6920.30325128536,"250,501,750",0.00463648655273019,3,6920.30325128536,"250,501,750",0.00463648655386706,3,6920.30325128536,"250,501,750",0.00463648655318494,3,6920.30325128536,"250,501,750",0.00463648655341231,3,6920.30325128536,"250,501,750",0.00463648655102489,3,6920.30325128536,"250,501,750",0.00463648655227545,3,6920.30325128536,"250,501,750",0.00463648655284388,3,6920.30325128536,"91,250,373,501,611,750,831",7,68.6307600308509,"91,250,373,501,611,750,831",7,68.6307600308509,"91,250,373,501,611,750,831",7,68.6307600308509
"251,501,751",0.005,3,6972.09089427848,"240,248,251,484,500,502,506,515,517,519,751,776",0.00611255851166856,12,7088.09611185958,"251,502,751",0.00562896754295915,3,6962.39177904744,"251,502,751",0.00544670446732713,3,6961.82617644108,"251,502,751",0.00544670446562183,3,6961.82617644107,"251,502,751",0.00544670446619026,3,6961.82617644108,"251,502,751",0.00544670446619026,3,6961.82617644108,"251,502,751",0.00544670446732713,3,6961.82617644108,"251,502,751",0.0054467044649397,3,6961.82617644107,"251,502,751",0.00544670446619026,3,6961.82617644108,"251,502,751",0.00544670446619026,3,6961.82617644107,"251,502,751",0.00544670446539445,3,6961.82617644107,"172,251,427,502,557,692,751,790",8,115.213408400502,"172,251,427,502,557,692,751,790",8,115.213408400502,"172,251,427,502,557,751,790",7,116.798911764167
"251,501,751",0.005,3,7028.32975223887,"250,251,502,540,547,744,750,758",0.00587497486390343,8,7089.9645670905,"250,502,750",0.00602459430382437,3,7025.6915105006,"250,502,750",0.00507431780935705,3,7016.64153148234,"250,502,750",0.00507431781038023,3,7016.64153148235,"250,502,750",0.0050743178111192,3,7016.64153148234,"250,502,750",0.00507431781128973,3,7016.64153148235,"250,502,750",0.00507431781208553,3,7016.64153148234,"250,502,750",0.00507431781003917,3,7016.64153148234,"250,502,750",0.00507431780941389,3,7016.64153148235,"250,502,750",0.00507431781009601,3,7016.64153148235,"250,502,750",0.00507431780986864,3,7016.64153148234,"116,251,410,502,645,750,863",7,154.603956079298,"116,251,410,502,645,750,863",7,154.603956079298,"116,251,410,502,645,750,863",7,154.603956079298
"251,501,751",0.005,3,7036.56345641874,"247,250,251,496,501,751,752,754,756",0.00659094129567434,9,7123.67930540206,"250,496,501,751",0.00585135405118917,4,7038.45777140938,"250,501,751",0.00584229747896282,3,7030.42994161795,"250,501,751",0.00560179948289804,3,7029.16097582226,"250,501,751",0.00560179948380754,3,7029.16097582226,"250,501,751",0.00560179948403491,3,7029.16097582226,"250,501,751",0.00560179948301173,3,7029.16097582226,"250,501,751",0.00560179948198855,3,7029.16097582225,"250,501,751",0.00560179948596759,3,7029.16097582226,"250,501,751",0.00560179948471703,3,7029.16097582227,"250,501,751",0.00560179948221592,3,7029.16097582226,"132,250,360,501,604,751,858",7,167.478464646478,"132,250,360,501,604,751,858",7,167.478464646478,"132,250,360,501,604,751,858",7,167.478464646478
"251,501,751",0.005,3,7052.58257884587,"245,248,251,252,460,493,494,501,503,507,515,522,749,751",0.00598898967463553,14,7237.02921668758,"245,501,751",0.00444482052893788,3,7043.70138498303,"245,501,751",0.00431056551936836,3,7043.36010510154,"245,501,751",0.00431056551709462,3,7043.36010510154,"245,501,751",0.004310565517322,3,7043.36010510154,"245,501,751",0.00431056551823149,3,7043.36010510154,"245,501,751",0.00431056551573038,3,7043.36010510154,"245,501,751",0.00431056551663988,3,7043.36010510154,"245,501,751",0.00431056551550301,3,7043.36010510154,"245,501,751",0.00431056551527563,3,7043.36010510154,"245,501,751",0.0043105655164125,3,7043.36010510155,"135,245,394,501,642,751,842",7,180.412848607135,"148,251,394,501,642,751,842",7,182.439680443385,"148,251,394,501,642,751,842",7,182.439680443385
"251,501,751",0.005,3,6997.54766593985,"250,251,461,475,478,500,501,502,529,751,752",0.00632423131692724,11,7111.69050956352,"251,502,751",0.00524426298806335,3,6988.29228640931,"251,502,751",0.00517907289483722,3,6987.98476973346,"251,502,751",0.00517907289819098,3,6987.98476973346,"251,502,751",0.00517907289898679,3,6987.98476973346,"251,502,751",0.00517907289654252,3,6987.98476973346,"251,502,751",0.00517907289830466,3,6987.98476973347,"251,502,751",0.00517907289631515,3,6987.98476973346,"251,502,751",0.00517907289665621,3,6987.98476973346,"251,502,751",0.00517907289853204,3,6987.98476973347,"251,502,751",0.00517907289711095,3,6987.98476973346,"200,251,359,502,595,751,907",7,113.259989055715,"200,251,359,502,595,751,907",7,113.259989055715,"200,251,359,502,595,751,907",7,113.259989055715
"251,501,751",0.005,3,7005.098123961,"251,501,503,506,751",0.00741308818989638,5,7120.18030719926,"251,501,751",0.00570842522156208,3,7008.25098144439,"251,501,751",0.00525507229710354,3,7004.25684482453,"251,501,751",0.00525507229261291,3,7004.25684482452,"251,501,751",0.00525507229136236,3,7004.25684482452,"251,501,751",0.00525507229181711,3,7004.25684482452,"251,501,751",0.00525507229085077,3,7004.25684482452,"251,501,751",0.00525507229482981,3,7004.25684482452,"251,501,751",0.00525507229136236,3,7004.25684482452,"251,501,751",0.00525507229204448,3,7004.25684482452,"251,501,751",0.00525507228937284,3,7004.25684482451,"213,251,386,501,617,751,881",7,147.173241836135,"213,251,386,503,617,751,881",7,147.187572388221,"213,251,386,501,617,751,881",7,147.173241836135
"251,501,751",0.005,3,7024.21200691495,"251,468,493,500,501,502,750,751,752,792",0.00601850114165149,10,7121.29843430644,"251,501,750",0.00587444222770429,3,7023.45367177705,"251,501,750",0.00551603233165824,3,7021.49355659385,"251,501,750",0.005516032330294,3,7021.49355659385,"251,501,750",0.0055160323293845,3,7021.49355659385,"251,501,750",0.00551603232824764,3,7021.49355659385,"251,501,750",0.00551603233188562,3,7021.49355659385,"251,501,750",0.00551603233143087,3,7021.49355659385,"251,501,750",0.00551603233120349,3,7021.49355659385,"251,501,750",0.00551603233143087,3,7021.49355659386,"251,501,750",0.00551603233097612,3,7021.49355659385,"89,251,346,501,643,751,814,992",8,176.76340561915,"89,251,346,501,643,751,814,992",8,176.76340561915,"89,251,346,501,643,751,814",7,176.463312381043
"251,501,751",0.005,3,6908.14340627957,"250,251,473,498,499,501,744,751,754",0.0058560870442994,9,7000.46828872221,"251,501,751",0.00527608732542403,3,6908.88772879052,"251,501,751",0.00469817150623363,3,6899.69897722302,"251,501,751",0.00469817150876316,3,6899.69897722303,"251,501,751",0.00469817150846474,3,6899.69897722303,"251,501,751",0.00469817150535256,3,6899.69897722302,"251,501,751",0.0046981715081521,3,6899.69897722303,"251,501,751",0.00469817150944529,3,6899.69897722303,"251,501,751",0.00469817151068163,3,6899.69897722303,"251,501,751",0.00469817150963003,3,6899.69897722304,"251,501,751",0.00469817150738471,3,6899.69897722303,"109,251,411,499,558,716,751,903",8,29.285889978974,"109,251,411,499,622,751,903",7,34.4768414398918,"109,251,411,499,622,751,903",7,34.4768414398918
"251,501,751",0.005,3,6996.83776417566,"254,486,499,501,504,748,751",0.00630801054835169,7,7076.38338361296,"254,501,751",0.00493529738472923,3,6983.06848080035,"254,501,751",0.00484471068531482,3,6982.76559231825,"254,501,751",0.00484471069190865,3,6982.76559231824,"254,501,751",0.00484471068736118,3,6982.76559231825,"254,501,751",0.00484471068571272,3,6982.76559231825,"254,501,751",0.004844710686338,3,6982.76559231825,"254,501,751",0.00484471068645169,3,6982.76559231825,"254,501,751",0.0048447106906581,3,6982.76559231824,"254,501,751",0.00484471068713381,3,6982.76559231825,"254,501,751",0.00484471068741802,3,6982.76559231825,"39,254,356,501,659,751,866",7,112.036994887639,"39,254,356,501,659,751,866",7,112.036994887639,"39,254,356,501,659,751,866",7,112.036994887639
"251,501,751",0.005,3,6966.16205758133,"242,251,450,497,499,515,533,750,755",0.00671510766065317,9,7064.36556965493,"251,499,755",0.00538652814287637,3,6947.53724144075,"251,499,755",0.00525797944148605,3,6947.34014497511,"251,499,755",0.00525797944205449,3,6947.3401449751,"251,499,755",0.00525797944603352,3,6947.3401449751,"251,499,755",0.00525797944051971,3,6947.3401449751,"251,499,755",0.00525797944597668,3,6947.3401449751,"251,499,755",0.00525797944285029,3,6947.34014497511,"251,499,755",0.00525797944086077,3,6947.3401449751,"251,499,755",0.0052579794406334,3,6947.3401449751,"251,499,755",0.00525797943961022,3,6947.3401449751,"124,251,334,499,628,755,870",7,85.9415468542866,"124,251,334,499,628,750,870",7,93.1270052968192,"124,251,334,499,628,750,870",7,93.1270052968192
"251,501,751",0.005,3,7021.54574179012,"249,251,254,477,484,501,540,751,754",0.00731440325880262,9,7144.09029305733,"251,501,751",0.00620135989474741,3,7025.10867260144,"251,501,751",0.00536995479952986,3,7018.44626497622,"251,501,751",0.00536995479992776,3,7018.44626497622,"251,501,751",0.00536995480140569,3,7018.44626497622,"251,501,751",0.00536995480254256,3,7018.44626497622,"251,501,751",0.005369954801292,3,7018.44626497622,"251,501,751",0.00536995480066672,3,7018.44626497622,"251,501,751",0.00536995479981407,3,7018.44626497622,"251,501,751",0.00536995480078041,3,7018.44626497622,"251,501,751",0.00536995480106463,3,7018.44626497622,"112,251,417,501,605,751,881",7,161.780583162543,"112,254,417,501,605,751,881",7,162.844183239966,"112,254,418,501,605,751,881",7,162.932249496709
"251,501,751",0.005,3,6920.81698296912,"250,251,254,272,500,501,731,751,756,763",0.00568086992874326,10,7024.18853157555,"251,500,751",0.00511813687706967,3,6912.93868622442,"251,500,751",0.0049233296858056,3,6912.38550127403,"251,500,751",0.004923329682395,3,6912.38550127403,"251,500,751",0.00492332969148995,3,6912.38550127401,"251,500,751",0.0049233296867151,3,6912.38550127403,"251,500,751",0.00492332968830672,3,6912.38550127402,"251,500,751",0.00492332968739722,3,6912.38550127402,"251,500,751",0.00492332968739722,3,6912.38550127402,"251,500,751",0.0049233296910352,3,6912.38550127401,"251,500,751",0.00492332968876146,3,6912.38550127402,"187,251,272,452,500,618,751,908",8,44.6088638163896,"187,251,272,424,500,618,751,908",8,46.1390753184089,"251,272,424,500,618,731,738,751,908",9,48.5783248518608
"251,501,751",0.005,3,6935.21540870046,"249,251,255,479,483,500,501,750,753,754",0.00618127538301501,10,7049.47943782117,"251,500,750",0.00522861739378223,3,6926.948565849,"251,500,750",0.00493699445163958,3,6925.8381144526,"251,500,750",0.00493699445331646,3,6925.8381144526,"251,500,750",0.00493699445158273,3,6925.83811445259,"251,500,750",0.00493699445280487,3,6925.83811445259,"251,500,750",0.00493699445505018,3,6925.83811445259,"251,500,750",0.00493699445121325,3,6925.83811445259,"251,500,750",0.0049369944497069,3,6925.8381144526,"251,500,750",0.00493699444911004,3,6925.8381144526,"251,500,750",0.00493699445252065,3,6925.83811445259,"137,251,430,500,636,753,872",7,69.6616449828309,"137,251,430,500,636,750,872",7,70.624131033359,"137,251,430,500,636,750,872",7,70.624131033359
"251,501,751",0.005,3,6951.44262655007,"251,485,488,491,500,501,511,751",0.00708749242780584,8,7079.01821501374,"251,501,751",0.00531778149922582,3,6946.78849072534,"251,501,751",0.00520789051963386,3,6946.29418471393,"251,501,751",0.00520789052372658,3,6946.29418471393,"251,501,751",0.00520789052190759,3,6946.29418471394,"251,501,751",0.00520789051963386,3,6946.29418471393,"251,501,751",0.00520789052116863,3,6946.29418471394,"251,501,751",0.0052078905223055,3,6946.29418471393,"251,501,751",0.00520789052150969,3,6946.29418471393,"251,501,751",0.00520789052258972,3,6946.29418471393,"251,501,751",0.00520789051980439,3,6946.29418471394,"151,251,366,501,618,751,913",7,94.1370362140514,"151,251,366,501,618,751,913",7,94.1370362140514,"151,251,366,501,618,751,913",7,94.1370362140514
"251,501,751",0.005,3,6962.14933422888,"251,474,496,497,501,751",0.00670071901048233,6,7039.50500458676,"251,501,751",0.00527804720543449,3,6960.62022649123,"251,501,751",0.00522345899510991,3,6960.56578748527,"251,501,751",0.00522345899726996,3,6960.56578748527,"251,501,751",0.00522345899556465,3,6960.56578748527,"251,501,751",0.00522345899943001,3,6960.56578748527,"251,501,751",0.00522345899908895,3,6960.56578748527,"251,501,751",0.00522345899726996,3,6960.56578748527,"251,501,751",0.00522345899636046,3,6960.56578748527,"251,501,751",0.00522345899795208,3,6960.56578748527,"251,501,751",0.00522345899613309,3,6960.56578748527,"164,251,389,501,672,751,910",7,80.7848702043275,"164,251,389,501,672,751,910",7,80.7848702043275,"164,251,389,501,672,751,910",7,80.7848702043275
"251,501,751",0.005,3,6942.19206088808,"240,250,251,487,501,506,511,520,562,749,753,759,785,796",0.00610336117072587,14,7087.03795795058,"250,501,749",0.00595480364302837,3,6939.39909162137,"250,501,749",0.00527702946660571,3,6934.04707393566,"250,501,749",0.00527702946205823,3,6934.04707393565,"250,501,749",0.00527702946706045,3,6934.04707393565,"250,501,749",0.00527702946569621,3,6934.04707393566,"250,501,749",0.00527702946069399,3,6934.04707393565,"250,501,749",0.00527702946160348,3,6934.04707393566,"250,501,749",0.00527702946296773,3,6934.04707393565,"250,501,749",0.00527702946706045,3,6934.04707393565,"250,501,749",0.00527702945796551,3,6934.04707393564,"106,250,430,501,606,749,796,892",8,71.7503553681696,"106,250,430,501,606,753,892",7,76.8393535296368,"106,250,430,501,606,753,892",7,76.8393535296368
"251,501,751",0.005,3,6967.44630365952,"241,251,501,514,743,751,756",0.00550806437164987,7,7030.58472312754,"251,501,751",0.00471597432543955,3,6962.2355242155,"251,501,751",0.00466833085831956,3,6962.19729899017,"251,501,751",0.00466833086161648,3,6962.19729899017,"251,501,751",0.00466833086110489,3,6962.19729899017,"251,501,751",0.00466833086087752,3,6962.19729899017,"251,501,751",0.00466833086053646,3,6962.19729899017,"251,501,751",0.00466833086025224,3,6962.19729899017,"251,501,751",0.00466833085962696,3,6962.19729899017,"251,501,751",0.00466833085979749,3,6962.19729899017,"251,501,751",0.00466833086252598,3,6962.19729899016,"144,251,365,501,608,751,865",7,93.7793058452111,"144,251,365,501,608,751,865",7,93.7793058452111,"144,251,365,501,608,751,865",7,93.7793058452111
"251,501,751",0.005,3,6975.87409084436,"246,252,253,490,501,525,528,531,540,563,751,752,754",0.00633492038916059,13,7117.20546141575,"253,501,754",0.00523324488791499,3,6951.90682204821,"253,501,754",0.00503521822519647,3,6951.51077052782,"253,501,754",0.00503521822332064,3,6951.51077052783,"253,501,754",0.00503521822724283,3,6951.51077052783,"253,501,754",0.00503521822729968,3,6951.51077052782,"253,501,754",0.00503521822985763,3,6951.51077052782,"253,501,754",0.005035218230085,3,6951.51077052782,"253,501,754",0.00503521823133556,3,6951.51077052782,"253,501,754",0.00503521822815233,3,6951.51077052783,"253,501,754",0.00503521822769758,3,6951.51077052783,"129,253,405,501,590,754,931",7,89.5236112194869,"129,252,405,501,590,752,931",7,91.3541548267784,"129,252,405,501,590,752,931",7,91.3541548267784
"251,501,751",0.005,3,7018.02795809639,"251,461,500,502,751",0.00724800127522016,5,7110.84289116544,"251,500,751",0.00542151741139312,3,7013.77399026075,"251,500,751",0.00537155396190176,3,7013.7443987925,"251,500,751",0.00537155396269756,3,7013.74439879251,"251,500,751",0.00537155396173123,3,7013.74439879251,"251,500,751",0.00537155396048067,3,7013.74439879251,"251,500,751",0.005371553963266,3,7013.74439879251,"251,500,751",0.00537155396070804,3,7013.74439879251,"251,500,751",0.00537155396139016,3,7013.74439879251,"251,500,751",0.00537155395923011,3,7013.74439879251,"251,500,751",0.00537155396178807,3,7013.7443987925,"15,200,251,372,500,531,751,936",8,158.003810020531,"15,200,251,372,500,531,751,936",8,158.003810020531,"200,251,372,500,531,751,936",7,158.672974320374
"251,501,751",0.005,3,6885.82284501858,"250,251,258,487,490,500,516,748,751,757",0.00616457276172859,10,6994.42394931069,"250,500,751",0.00539298062242784,3,6878.72212840292,"250,500,751",0.00501030473131191,3,6876.69474071482,"250,500,751",0.00501030472864027,3,6876.69474071482,"250,500,751",0.00501030472861185,3,6876.69474071483,"250,500,751",0.00501030472974872,3,6876.69474071482,"250,500,751",0.00501030472827079,3,6876.69474071483,"250,500,751",0.00501030472727603,3,6876.69474071482,"250,500,751",0.00501030473190877,3,6876.69474071482,"250,500,751",0.00501030473244878,3,6876.69474071482,"250,500,751",0.00501030472972029,3,6876.69474071482,"77,250,317,500,564,751,845",7,11.7705317676057,"77,250,317,500,564,751,845",7,11.7705317676057,"77,250,317,500,564,751,835",7,11.9887181717788
"251,501,751",0.005,3,6936.43025023717,"253,495,496,501,508,533,750,751",0.00671729336593803,8,7026.08976344776,"253,501,751",0.00552249987221645,3,6929.07227067188,"253,501,751",0.00543136653871702,3,6928.90375010036,"253,501,751",0.00543136653874544,3,6928.90375010036,"253,501,751",0.00543136653780752,3,6928.90375010037,"253,501,751",0.0054313665381628,3,6928.90375010037,"253,501,751",0.00543136653752331,3,6928.90375010037,"253,501,751",0.00543136653932809,3,6928.90375010036,"253,501,751",0.00543136654023758,3,6928.90375010036,"253,501,751",0.0054313665368554,3,6928.90375010037,"253,501,751",0.00543136653942756,3,6928.90375010036,"112,253,444,501,583,751,890",7,83.0442050180695,"112,253,444,501,583,751,890",7,83.0442050180695,"112,253,444,501,583,751,890",7,83.0442050180695
"251,501,751",0.005,3,7009.54386094743,"251,501,506,750,751",0.00602597037882785,5,7052.75223657129,"251,501,751",0.0050325563742242,3,7003.25041073238,"251,501,751",0.00497183191160509,3,7003.20123276453,"251,501,751",0.00497183190728499,3,7003.20123276454,"251,501,751",0.00497183190660287,3,7003.20123276454,"251,501,751",0.0049718319063755,3,7003.20123276455,"251,501,751",0.00497183190501125,3,7003.20123276454,"251,501,751",0.00497183191024085,3,7003.20123276454,"251,501,751",0.00497183191160509,3,7003.20123276454,"251,501,751",0.00497183191342408,3,7003.20123276454,"251,501,751",0.00497183190523863,3,7003.20123276454,"166,251,385,501,616,751,816",7,138.15926121843,"166,251,385,501,616,751,816",7,138.15926121843,"166,251,385,501,616,751,816",7,138.15926121843
"251,501,751",0.005,3,6928.27257354259,"250,251,253,491,492,493,501,511,751",0.00696619358833865,9,7056.31359460955,"251,501,751",0.00569580289319238,3,6926.10372584379,"251,501,751",0.00524242599422331,3,6923.43059659875,"251,501,751",0.0052424259969518,3,6923.43059659876,"251,501,751",0.00524242599513281,3,6923.43059659877,"251,501,751",0.00524242599547387,3,6923.43059659877,"251,501,751",0.00524242599524649,3,6923.43059659875,"251,501,751",0.005242425994337,3,6923.43059659875,"251,501,751",0.00524242599547387,3,6923.43059659877,"251,501,751",0.00524242599513281,3,6923.43059659876,"251,501,751",0.00524242599149483,3,6923.43059659876,"163,253,391,501,619,751,860",7,52.6711056358731,"163,253,391,501,619,751,860",7,52.6711056358731,"163,253,391,501,619,751,860",7,52.6711056358731
"251,501,751",0.005,3,6936.13126269856,"246,251,252,500,501,751",0.0061924367729201,6,7017.84851042643,"252,501,751",0.00505730385729125,3,6935.3297193931,"252,501,751",0.00483635700590576,3,6934.60589776579,"252,501,751",0.00483635700704262,3,6934.6058977658,"252,501,751",0.00483635700522364,3,6934.60589776578,"252,501,751",0.00483635700749737,3,6934.60589776579,"252,501,751",0.00483635701136272,3,6934.6058977658,"252,501,751",0.0048363570106806,3,6934.60589776579,"252,501,751",0.00483635700727,3,6934.60589776579,"252,501,751",0.00483635700670156,3,6934.6058977658,"252,501,751",0.00483635700624682,3,6934.6058977658,"75,252,369,501,569,751,889",7,75.4264687078042,"75,252,369,501,569,751,889",7,75.4264687078042,"75,252,369,501,569,751,889",7,75.4264687078042
"251,501,751",0.005,3,6906.10093727686,"242,251,500,503,518,523,735,745,750,751",0.00542041843848014,10,6996.37910896057,"251,500,751",0.00483169655977848,3,6898.00461562451,"251,500,751",0.00469817294654263,3,6897.0508895566,"251,500,751",0.00469817294726494,3,6897.0508895566,"251,500,751",0.00469817294489772,3,6897.05088955659,"251,500,751",0.0046981729471346,3,6897.05088955659,"251,500,751",0.00469817294379505,3,6897.0508895566,"251,500,751",0.00469817294347397,3,6897.05088955659,"251,500,751",0.00469817294603748,3,6897.0508895566,"251,500,751",0.0046981729445449,3,6897.05088955659,"251,500,751",0.00469817294748876,3,6897.0508895566,"71,251,403,500,621,751,888,889",8,37.2157657706461,"71,251,403,500,621,751,888,889",8,37.2157657706461,"71,251,403,500,621,751,888,889",8,37.2157657706461
"251,501,751",0.005,3,7021.69954860717,"249,250,253,501,503,517,740,749,751",0.00755751415268754,9,7135.98802990076,"249,501,503,749",0.00607408454869552,4,7018.39175794515,"249,501,503,749",0.00599949440574018,4,7018.32066855471,"249,503,749",0.00615057444297853,3,7014.44978397248,"249,503,749",0.00594545654761294,3,7006.86447570133,"249,503,749",0.00594545655193304,3,7006.86447570132,"249,503,749",0.00594545654715819,3,7006.86447570133,"249,503,749",0.00594545655102354,3,7006.86447570132,"249,503,749",0.00594545654852243,3,7006.86447570134,"249,503,749",0.00594545655238778,3,7006.86447570132,"249,503,749",0.0059454565487498,3,7006.86447570132,"129,249,394,503,635,749,830",7,157.435920773574,"129,250,394,503,635,749,830",7,158.341660212577,"129,250,394,503,635,749,830",7,158.341660212577
"251,501,751",0.005,3,6915.79181987712,"251,473,501,503,504,542,751,753,754,776,778",0.00507407536032112,11,7023.04139227717,"251,501,751",0.0045389154625755,3,6908.64032229845,"251,501,751",0.00442869822891709,3,6908.12177198082,"251,501,751",0.00442869822876787,3,6908.12177198081,"251,501,751",0.00442869822927236,3,6908.12177198081,"251,501,751",0.00442869822830247,3,6908.12177198082,"251,501,751",0.00442869822938249,3,6908.12177198081,"251,501,751",0.00442869822830247,3,6908.12177198081,"251,501,751",0.00442869822930433,3,6908.12177198082,"251,501,751",0.00442869822918709,3,6908.12177198082,"251,501,751",0.00442869822883182,3,6908.12177198081,"96,251,330,501,638,751,778",7,35.1354587075969,"96,251,330,501,638,753,778",7,37.6761335775897,"96,251,330,501,638,753,778",7,37.6761335775897
"251,501,751",0.005,3,6952.52085296376,"195,250,252,253,451,501,502,507,508,555,751,766",0.00577291830503384,12,7066.22635494441,"253,501,751",0.00502835377773301,3,6945.5728800065,"253,501,751",0.00493397712654802,3,6945.25114894967,"253,501,751",0.00493397712327952,3,6945.25114894965,"253,501,751",0.00493397712316583,3,6945.25114894967,"253,501,751",0.00493397712680381,3,6945.25114894967,"253,501,751",0.00493397712349268,3,6945.25114894966,"253,501,751",0.00493397712198633,3,6945.25114894967,"253,501,751",0.00493397712514825,3,6945.25114894967,"253,501,751",0.00493397712745751,3,6945.25114894966,"253,501,751",0.00493397712627801,3,6945.25114894966,"5,167,253,408,501,645,751,825",8,79.5395669764031,"5,91,195,253,408,501,645,751,825",9,80.7348924869642,"5,91,195,253,408,501,645,751,825",9,80.7348924869642
"251,501,751",0.005,3,6967.52024460482,"251,473,480,500,501,508,509,516,751,753",0.00722329880723949,10,7076.33773856003,"251,500,751",0.00599125801035193,3,6962.63190309331,"251,500,751",0.00576573921562098,3,6961.76384048266,"251,500,751",0.00576573921164194,3,6961.76384048265,"251,500,751",0.00576573921186932,3,6961.76384048265,"251,500,751",0.00576573921448411,3,6961.76384048266,"251,500,751",0.00576573921505255,3,6961.76384048266,"251,500,751",0.00576573921448411,3,6961.76384048266,"251,500,751",0.00576573921311987,3,6961.76384048265,"251,500,751",0.00576573921516623,3,6961.76384048265,"251,500,751",0.0057657392163031,3,6961.76384048266,"87,251,368,500,677,751,830",7,95.5771074601498,"87,251,368,500,677,751,830",7,95.5771074601498,"87,251,368,500,677,751,830",7,95.5771074601498
"251,501,751",0.005,3,7049.36582970816,"213,247,250,251,449,452,487,500,502,507,751",0.0064930278049714,11,7170.69275865848,"251,500,751",0.00528766681312611,3,7040.61323068183,"251,500,751",0.00516653029817955,3,7040.29962957313,"251,500,751",0.00516653029908905,3,7040.29962957313,"251,500,751",0.00516653029499632,3,7040.29962957314,"251,500,751",0.00516653030090804,3,7040.29962957313,"251,500,751",0.00516653030090804,3,7040.29962957314,"251,500,751",0.00516653030022591,3,7040.29962957314,"251,500,751",0.00516653029499632,3,7040.29962957313,"251,500,751",0.00516653029545107,3,7040.29962957313,"251,500,751",0.00516653029749743,3,7040.29962957314,"61,185,251,359,500,603,751,953",8,180.355863512953,"145,251,359,500,603,751,953",7,179.809007612886,"145,251,359,500,603,751",6,181.679207944382
"251,501,751",0.005,3,6943.11964449084,"249,250,251,459,501,514,527,751",0.00608061307253144,8,7070.90682421642,"251,501,751",0.00471462925102946,3,6939.22155079755,"251,501,751",0.0042368665501555,3,6936.65355199077,"251,501,751",0.00423686655606722,3,6936.65355199078,"251,501,751",0.00423686655197449,3,6936.65355199078,"251,501,751",0.00423686655470297,3,6936.65355199079,"251,501,751",0.00423686655424823,3,6936.65355199078,"251,501,751",0.0042368665587957,3,6936.6535519908,"251,501,751",0.00423686655379348,3,6936.65355199079,"251,501,751",0.00423686655697671,3,6936.65355199079,"251,501,751",0.0042368665587957,3,6936.65355199078,"117,250,385,501,604,751",6,60.7181968822836,"117,251,385,501,604,751",6,60.8121808258566,"117,251,385,501,604,751",6,60.8121808258566
"251,501,751",0.005,3,7025.70262017661,"251,253,433,437,497,501,516,519,741,751,752",0.00685202377288836,11,7146.10075744692,"251,501,751",0.00582309553644586,3,7023.26513782703,"251,501,751",0.00564838273629725,3,7022.94268036403,"251,501,751",0.00564838273959417,3,7022.94268036403,"251,501,751",0.00564838273459195,3,7022.94268036404,"251,501,751",0.00564838273436458,3,7022.94268036404,"251,501,751",0.00564838273834362,3,7022.94268036404,"251,501,751",0.00564838273857099,3,7022.94268036403,"251,501,751",0.00564838273572882,3,7022.94268036404,"251,501,751",0.00564838273959417,3,7022.94268036403,"251,501,751",0.00564838273743412,3,7022.94268036402,"95,251,310,501,608,694,751,926",8,172.202902591112,"95,251,310,501,608,690,751,926",8,172.660516208724,"95,251,310,501,690,751,926",7,172.969788048427
"251,501,751",0.005,3,7019.52050061086,"252,255,457,498,501,516,749,752",0.00608751439425784,8,7091.99199865054,"252,501,749",0.00502098344384494,3,7000.12644562525,"252,501,749",0.00466355551358891,3,6998.13609913556,"252,501,749",0.00466355551466893,3,6998.13609913556,"252,501,749",0.00466355551699951,3,6998.13609913556,"252,501,749",0.00466355551500999,3,6998.13609913555,"252,501,749",0.00466355552041012,3,6998.13609913555,"252,501,749",0.0046635555134468,3,6998.13609913557,"252,501,749",0.00466355551680056,3,6998.13609913556,"252,501,749",0.00466355551614686,3,6998.13609913555,"252,501,749",0.00466355551202571,3,6998.13609913557,"92,252,370,501,561,749,944",7,117.810338680031,"92,252,370,501,561,749,944",7,117.810338680031,"92,252,370,501,561,749,944",7,117.810338680031
"251,501,751",0.005,3,7018.19007113755,"252,253,487,501,502,510,751,752",0.00651430043857681,8,7114.41837915127,"252,502,751",0.00527203653650966,3,7007.55859122125,"252,502,751",0.00505043971359922,3,7006.91383760828,"252,502,751",0.00505043971428134,3,7006.91383760829,"252,502,751",0.00505043971109811,3,7006.91383760829,"252,502,751",0.0050504397120076,3,7006.91383760829,"252,502,751",0.00505043971268972,3,7006.91383760828,"252,502,751",0.00505043971018861,3,7006.91383760829,"252,502,751",0.00505043971337184,3,7006.91383760829,"252,502,751",0.00505043971382659,3,7006.91383760828,"252,502,751",0.00505043971337184,3,7006.91383760828,"94,252,405,502,638,751,834",7,130.148168862518,"94,253,405,502,638,751,834",7,130.19690313865,"94,253,405,502,638,751,834",7,130.19690313865
"251,501,751",0.005,3,7003.36405521102,"251,431,464,484,490,497,501,751,753",0.00681602278472974,9,7109.18232218632,"251,501,753",0.00538898814145684,3,7000.82247938739,"251,501,753",0.00503683936454401,3,6999.16777342259,"251,501,753",0.00503683936272502,3,6999.16777342258,"251,501,753",0.00503683936784093,3,6999.16777342258,"251,501,753",0.00503683936477138,3,6999.16777342258,"251,501,753",0.00503683936454401,3,6999.16777342258,"251,501,753",0.00503683936659037,3,6999.16777342259,"251,501,753",0.00503683936886411,3,6999.16777342259,"251,501,753",0.00503683936431663,3,6999.16777342257,"251,501,753",0.00503683936738618,3,6999.1677734226,"93,251,317,501,622,753,843",7,129.947041117476,"93,251,317,501,622,753,843",7,129.947041117476,"93,251,360,501,622,753,843",7,131.045514531411
"251,501,751",0.005,3,6858.93129418673,"251,255,457,471,502,503,749,751",0.00644505604764674,8,6930.54344168644,"255,502,751",0.00574860252294922,3,6842.38055498379,"255,502,751",0.00539588027158177,3,6840.94621701667,"255,502,751",0.00539588027010384,3,6840.94621701666,"255,502,751",0.00539588027124071,3,6840.94621701666,"255,502,751",0.00539588027067228,3,6840.94621701667,"255,502,751",0.00539588027089965,3,6840.94621701667,"255,502,751",0.0053958802713544,3,6840.94621701667,"255,502,751",0.00539588027021753,3,6840.94621701667,"255,502,751",0.00539588026930804,3,6840.94621701667,"255,502,751",0.00539588027192283,3,6840.94621701667,"129,255,329,502,604,751,866",7,-6.41199974823283,"129,255,329,502,604,751,866",7,-6.41199974823283,"129,255,329,502,604,751,866",7,-6.41199974823283
"251,501,751",0.005,3,6916.46476983834,"251,260,501,751,753",0.00569929341491671,5,6971.46594346772,"251,501,751",0.00461656887162417,3,6914.49445367583,"251,501,751",0.00459093640884798,3,6914.4837475478,"251,501,751",0.00459093640896167,3,6914.48374754781,"251,501,751",0.00459093640759742,3,6914.4837475478,"251,501,751",0.00459093640748374,3,6914.4837475478,"251,501,751",0.00459093640827955,3,6914.4837475478,"251,501,751",0.00459093641009853,3,6914.4837475478,"251,501,751",0.00459093641066697,3,6914.4837475478,"251,501,751",0.00459093641066697,3,6914.4837475478,"251,501,751",0.00459093640873429,3,6914.4837475478,"108,251,304,477,501,610,751,872",8,43.6421735687683,"108,251,304,477,501,610,751,872",8,43.6421735687683,"108,251,304,501,610,751,872",7,45.4426513523937
"251,501,751",0.005,3,6961.21605995646,"251,474,499,501,507,747,751,752",0.00694750192600369,8,7045.38897559827,"251,499,752",0.00592931414202018,3,6958.35893579612,"251,499,752",0.00558429917737138,3,6956.15012869013,"251,499,752",0.00558429917987249,3,6956.15012869014,"251,499,752",0.00558429918191885,3,6956.15012869014,"251,499,752",0.00558429917691663,3,6956.15012869014,"251,499,752",0.00558429917191441,3,6956.15012869014,"251,499,752",0.00558429917623451,3,6956.15012869013,"251,499,752",0.00558429917577976,3,6956.15012869014,"251,499,752",0.00558429917532501,3,6956.15012869014,"251,499,752",0.00558429917577976,3,6956.15012869012,"114,251,427,499,623,751,851",7,89.3775962342369,"114,251,427,499,623,752,851",7,89.9082269462668,"114,251,427,501,623,752,851",7,90.3838742633319
"251,501,751",0.005,3,6974.11847502362,"251,254,477,478,479,500,501,508,750,751",0.00665125011466783,10,7087.74401497752,"251,501,751",0.00554544521433694,3,6967.04390191825,"251,501,751",0.00526294375177004,3,6966.11384674871,"251,501,751",0.00526294374722256,3,6966.11384674869,"251,501,751",0.00526294374972367,3,6966.1138467487,"251,501,751",0.00526294375267953,3,6966.1138467487,"251,501,751",0.00526294374926892,3,6966.1138467487,"251,501,751",0.00526294375063317,3,6966.11384674871,"251,501,751",0.0052629437494963,3,6966.1138467487,"251,501,751",0.00526294375472589,3,6966.11384674871,"251,501,751",0.00526294374813206,3,6966.11384674869,"86,251,325,501,627,751,839",7,104.735258076722,"86,251,325,501,627,751,839",7,104.735258076722,"86,251,325,501,627,751,839",7,104.735258076722
"251,501,751",0.005,3,6909.52816129159,"214,249,251,254,257,485,488,502,504,748,750,751",0.00548611752896535,12,7034.06457537115,"249,502,750",0.00468801830986914,3,6893.89107003118,"249,502,750",0.00456990886090304,3,6893.63227484814,"249,502,750",0.00456990886226728,3,6893.63227484813,"249,502,750",0.00456990886022092,3,6893.63227484814,"249,502,750",0.00456990885828824,3,6893.63227484813,"249,502,750",0.00456990885817456,3,6893.63227484814,"249,502,750",0.00456990886306309,3,6893.63227484813,"249,502,750",0.00456990885595766,3,6893.63227484814,"249,502,750",0.00456990885914089,3,6893.63227484814,"249,502,750",0.00456990886016408,3,6893.63227484814,"54,209,251,412,502,613,750,956",8,30.2254428582133,"104,209,251,412,502,613,750,956",8,34.2980313737968,"104,214,251,412,502,613,750,956",8,34.6815342528026
"251,501,751",0.005,3,6980.78502272203,"251,421,458,460,466,500,501,551,750,752,815",0.00672738835111085,11,7108.27763574368,"251,501,750",0.00508172252893332,3,6977.25244797034,"251,501,750",0.00481785991743577,3,6974.34707754836,"251,501,750",0.00481785991789051,3,6974.34707754838,"251,501,750",0.00481785991334304,3,6974.34707754837,"251,501,750",0.00481785991288829,3,6974.34707754837,"251,501,750",0.00481785991652627,3,6974.34707754837,"251,501,750",0.00481785990743132,3,6974.34707754839,"251,501,750",0.00481785991152405,3,6974.34707754838,"251,501,750",0.00481785990697658,3,6974.34707754838,"251,501,750",0.00481785991880001,3,6974.34707754837,"93,251,501,679,750,816,932",7,88.8443456108646,"93,251,501,679,750,834,932",7,92.8554144947496,"168,251,501,679,750,834,932",7,98.4437782036993
"251,501,751",0.005,3,6914.90954857062,"249,251,252,495,500,501,511,564,743,751",0.00630505286293578,10,7019.32605099638,"252,501,751",0.00520728243693461,3,6910.74742237034,"252,501,751",0.00510090599075116,3,6909.7645709493,"252,501,751",0.00510090598972798,3,6909.76457094931,"252,501,751",0.00510090598826426,3,6909.76457094931,"252,501,751",0.00510090598833532,3,6909.76457094931,"252,501,751",0.00510090598971377,3,6909.76457094931,"252,501,751",0.00510090598847743,3,6909.76457094931,"252,501,751",0.00510090598843479,3,6909.76457094931,"252,501,751",0.00510090599021115,3,6909.7645709493,"252,501,751",0.00510090599123433,3,6909.7645709493,"129,252,375,501,601,751,896",7,52.0367769262332,"129,252,375,501,601,751,896",7,52.0367769262332,"129,252,375,501,601,751,896",7,52.0367769262332
"251,501,751",0.005,3,6964.22529600261,"250,251,484,500,501,751",0.00612175474276903,6,7070.57208814837,"250,500,751",0.0042505763391085,3,6954.82902944333,"250,500,751",0.00424109261835013,3,6954.82734789688,"250,500,751",0.00424109261698589,3,6954.82734789688,"250,500,751",0.00424109261198367,3,6954.82734789688,"250,500,751",0.00424109261403003,3,6954.82734789688,"250,500,751",0.00424109262039649,3,6954.82734789688,"250,500,751",0.00424109261812276,3,6954.82734789689,"250,500,751",0.00424109261039205,3,6954.82734789688,"250,500,751",0.00424109261243842,3,6954.82734789688,"250,500,751",0.00424109261698589,3,6954.82734789688,"81,250,344,500,589,751",6,79.4098452214649,"81,250,344,500,589,751",6,79.4098452214649,"81,250,344,500,589,751",6,79.4098452214649
"251,501,751",0.005,3,6900.45423662605,"243,250,253,500,501,510,518,751",0.00586811485589059,8,6979.38366433884,"250,501,751",0.00506827032285961,3,6897.00120407284,"250,501,751",0.00497629640423177,3,6896.31224448181,"250,501,751",0.00497629640468651,3,6896.31224448181,"250,501,751",0.00497629640332227,3,6896.3122444818,"250,501,751",0.00497629640104853,3,6896.3122444818,"250,501,751",0.0049762963987748,3,6896.31224448179,"250,501,751",0.00497629640127591,3,6896.31224448179,"250,501,751",0.00497629640195803,3,6896.3122444818,"250,501,751",0.00497629641014348,3,6896.31224448183,"250,501,751",0.00497629640809712,3,6896.31224448182,"38,250,375,501,630,751,885",7,15.7132278929041,"38,250,375,501,630,751,885",7,15.7132278929041,"38,250,375,501,630,751,885",7,15.7132278929041
"251,501,751",0.005,3,6976.47584229598,"246,251,497,498,500,504,751",0.00639728574320222,7,7072.85079231665,"251,504,751",0.00479345680609877,3,6962.30631323236,"251,504,751",0.00473509618961478,3,6962.24730968209,"251,504,751",0.0047350961916043,3,6962.24730968209,"251,504,751",0.0047350961938212,3,6962.24730968209,"251,504,751",0.00473509619416226,3,6962.24730968209,"251,504,751",0.00473509619024006,3,6962.24730968209,"251,504,751",0.00473509618842107,3,6962.24730968209,"251,504,751",0.00473509618796633,3,6962.24730968209,"251,504,751",0.00473509619183168,3,6962.24730968208,"251,504,751",0.00473509619313908,3,6962.24730968208,"157,251,428,504,682,751,930",7,91.5294355030788,"157,251,428,504,682,751,930",7,91.5294355030788,"157,251,428,504,682,751,930",7,91.5294355030788
"251,501,751",0.005,3,7007.93643346731,"248,249,253,463,487,501,505,518,752",0.00638725337499831,9,7097.56910500072,"248,249,501,752",0.00535783049820326,4,7010.27972650569,"249,501,752",0.00515701890979292,3,6996.09595577994,"249,501,752",0.00507223261888439,3,6996.02696198898,"249,501,752",0.0050722326179749,3,6996.02696198899,"249,501,752",0.00507223262206762,3,6996.02696198897,"249,501,752",0.00507223262115813,3,6996.02696198897,"249,501,752",0.00507223261979388,3,6996.02696198898,"249,501,752",0.0050722326213855,3,6996.02696198896,"249,501,752",0.00507223261820227,3,6996.02696198898,"249,501,752",0.00507223261774752,3,6996.02696198898,"70,249,368,501,617,752,873",7,122.76710073857,"70,249,368,501,617,752,873",7,122.76710073857,"70,249,368,501,617,752,873",7,122.76710073857
"251,501,751",0.005,3,6950.07877499411,"251,501,506,744,746,751,752",0.00634554121849534,7,7038.77296817101,"251,501,751",0.00503866289556536,3,6944.45396437352,"251,501,751",0.00498538595500904,3,6944.41240666731,"251,501,751",0.00498538595722594,3,6944.41240666731,"251,501,751",0.00498538595631644,3,6944.41240666731,"251,501,751",0.00498538595593275,3,6944.41240666731,"251,501,751",0.00498538595469641,3,6944.41240666731,"251,501,751",0.0049853859560038,3,6944.41240666731,"251,501,751",0.00498538595668593,3,6944.4124066673,"251,501,751",0.00498538595715488,3,6944.4124066673,"251,501,751",0.00498538595800753,3,6944.4124066673,"151,251,377,501,642,751,838",7,78.6665172961946,"151,251,377,501,642,751,838",7,78.6665172961946,"151,251,377,501,642,751,838",7,78.6665172961946
"251,501,751",0.005,3,6995.96430294888,"233,250,251,480,491,501,502,503,516,749,753,754,757,758",0.00507836187089482,14,7143.24577835235,"251,503,749",0.00425435944179347,3,6988.90302896826,"251,503,749",0.00428226739357513,3,6987.8844255854,"251,503,749",0.00428226739357513,3,6987.88442558539,"251,503,749",0.00428226739380251,3,6987.88442558539,"251,503,749",0.00428226739255195,3,6987.88442558539,"251,503,749",0.00428226739277933,3,6987.88442558539,"251,503,749",0.00428226739334776,3,6987.8844255854,"251,503,749",0.00428226739391619,3,6987.88442558539,"251,503,749",0.00428226739198352,3,6987.8844255854,"251,503,749",0.00428226739391619,3,6987.88442558539,"113,251,337,502,632,749,852",7,109.846248115164,"113,251,337,502,632,749,852",7,109.846248115164,"112,251,337,502,632,749,852",7,109.858798415015
"251,501,751",0.005,3,6936.31492558113,"249,251,252,254,255,449,461,498,501,746,751,759",0.00535361092422047,12,7062.30918464338,"251,501,751",0.00552961788195109,3,6936.60159759952,"251,501,751",0.00447571425072348,3,6924.6779115072,"251,501,751",0.00447571425095085,3,6924.67791150718,"251,501,751",0.00447571425254247,3,6924.67791150718,"251,501,751",0.00447571426050055,3,6924.67791150717,"251,501,751",0.00447571425640782,3,6924.67791150718,"251,501,751",0.00447571425708994,3,6924.67791150717,"251,501,751",0.0044757142557257,3,6924.67791150717,"251,501,751",0.00447571425708994,3,6924.67791150716,"251,501,751",0.00447571425276984,3,6924.67791150719,"166,251,407,501,604,751,925",7,62.9810703790907,"166,251,407,501,604,751,925",7,62.9810703790907,"251,407,501,604,751,925",6,66.5210542052534
"251,501,751",0.005,3,6920.3653849845,"249,251,462,480,500,501,506,525,751,753,754",0.0067515819223743,11,7070.90103847618,"251,500,751",0.00575245702306029,3,6925.93164304442,"251,500,751",0.00512578233163218,3,6919.42755792412,"251,500,751",0.00512578233208693,3,6919.42755792412,"251,500,751",0.00512578233254167,3,6919.42755792412,"251,500,751",0.00512578232788051,3,6919.42755792411,"251,500,751",0.00512578233311011,3,6919.42755792412,"251,500,751",0.00512578232992688,3,6919.42755792412,"251,500,751",0.00512578233106375,3,6919.42755792412,"251,500,751",0.0051257823323143,3,6919.42755792413,"251,500,751",0.00512578233379223,3,6919.42755792413,"124,251,376,500,614,751,831",7,51.2919782157849,"124,251,376,500,614,753,831",7,53.9442171987883,"124,251,376,500,614,753,831",7,53.9442171987883
"251,501,751",0.005,3,6956.96303283266,"240,251,252,489,490,501,502,503,505,749,750,757",0.00549443562842532,12,7076.00201431846,"251,501,749",0.00483109905056716,3,6943.98186994924,"251,501,749",0.00478689114814618,3,6943.92250664963,"251,501,749",0.00478689115164205,3,6943.92250664964,"251,501,749",0.00478689114730774,3,6943.92250664964,"251,501,749",0.0047868911493541,3,6943.92250664963,"251,501,749",0.00478689115002201,3,6943.92250664963,"251,501,749",0.00478689114806091,3,6943.92250664963,"251,501,749",0.00478689115128678,3,6943.92250664963,"251,501,749",0.00478689114483505,3,6943.92250664963,"251,501,749",0.00478689115010728,3,6943.92250664963,"116,251,406,501,639,749,883",7,80.4247180942182,"116,251,406,501,639,749,883",7,80.4247180942182,"116,251,406,501,639,749,883",7,80.4247180942182
"251,501,751",0.005,3,6906.51969676924,"248,250,251,499,500,501,743,752",0.00575587348589259,8,6974.37685471752,"251,501,743,752",0.00504851648188156,4,6905.140630878,"251,501,752",0.0053952418856093,3,6899.53860568715,"251,501,752",0.0051085120562731,3,6898.50500228753,"251,501,752",0.00510851205442569,3,6898.50500228753,"251,501,752",0.00510851205661416,3,6898.50500228753,"251,501,752",0.00510851205462464,3,6898.50500228753,"251,501,752",0.00510851205746681,3,6898.50500228753,"251,501,752",0.00510851205453938,3,6898.50500228754,"251,501,752",0.00510851205766576,3,6898.50500228753,"251,501,752",0.005108512054312,3,6898.50500228753,"121,251,385,501,595,752,893",7,36.1996173138644,"121,250,385,501,595,743,826",7,39.5913479736968,"121,250,385,501,595,743,826",7,39.5913479736968
"251,501,751",0.005,3,6904.27773118132,"250,477,501,525,751",0.0059831666319296,5,6952.97083594397,"250,501,751",0.0047690349182253,3,6896.53286233699,"250,501,751",0.004730669319647,3,6896.50546636032,"250,501,751",0.0047306693187375,3,6896.50546636031,"250,501,751",0.00473066931987437,3,6896.5054663603,"250,501,751",0.00473066932123861,3,6896.50546636031,"250,501,751",0.00473066932055649,3,6896.5054663603,"250,501,751",0.00473066931987437,3,6896.50546636031,"250,501,751",0.00473066931714589,3,6896.50546636031,"250,501,751",0.00473066931987437,3,6896.5054663603,"250,501,751",0.00473066931987437,3,6896.5054663603,"121,250,387,501,635,751,878",7,26.6570126418082,"121,250,387,501,635,751,878",7,26.6570126418082,"121,250,387,501,635,751,878",7,26.6570126418082
"251,501,751",0.005,3,6947.18972882121,"251,252,257,500,501,749,751",0.00538083203594804,7,7020.27136199785,"251,501,751",0.00445741493017005,3,6940.77726467598,"251,501,751",0.00432092501984378,3,6940.33381158936,"251,501,751",0.00432092501938903,3,6940.33381158935,"251,501,751",0.00432092501847954,3,6940.33381158935,"251,501,751",0.00432092502416388,3,6940.33381158936,"251,501,751",0.00432092501893429,3,6940.33381158935,"251,501,751",0.00432092501916166,3,6940.33381158936,"251,501,751",0.00432092501916166,3,6940.33381158935,"251,501,751",0.00432092502211752,3,6940.33381158936,"251,501,751",0.00432092501984378,3,6940.33381158935,"107,251,352,501,555,749,854",7,67.6260278955629,"107,251,352,501,555,749,854",7,67.6260278955629,"107,251,352,501,555,749,854",7,67.6260278955629
"251,501,751",0.005,3,6961.00154797684,"240,251,500,501,502,504,506,511,748,751,753,754",0.00661711912663521,12,7130.74610025021,"251,501,751",0.00539772213044729,3,6960.43029088862,"251,501,751",0.00517135864754264,3,6959.91254775248,"251,501,751",0.00517135864720158,3,6959.91254775248,"251,501,751",0.00517135864907741,3,6959.91254775248,"251,501,751",0.00517135864856582,3,6959.91254775248,"251,501,751",0.0051713586478837,3,6959.91254775248,"251,501,751",0.00517135864799738,3,6959.91254775248,"251,501,751",0.00517135864913425,3,6959.91254775247,"251,501,751",0.00517135864765632,3,6959.91254775248,"251,501,751",0.00517135864856582,3,6959.91254775248,"162,251,295,478,501,591,751,859",8,106.522643450957,"162,251,295,478,501,591,751,859",8,106.522643450957,"162,251,295,478,501,591,751,859",8,106.522643450957
"251,501,751",0.005,3,7013.25034530619,"248,250,500,501,511,751",0.007280930743477,6,7114.35286525685,"250,501,511,751",0.00550192120210001,4,7018.48182256378,"250,501,751",0.00541556759216486,3,7010.66826555387,"250,501,751",0.00531054707345093,3,7009.94042190749,"250,501,751",0.00531054707504255,3,7009.9404219075,"250,501,751",0.00531054707526992,3,7009.94042190749,"250,501,751",0.00531054707595204,3,7009.94042190749,"250,501,751",0.00531054707208669,3,7009.94042190749,"250,501,751",0.0053105470702677,3,7009.94042190749,"250,501,751",0.00531054707322356,3,7009.9404219075,"250,501,751",0.00531054707572467,3,7009.9404219075,"206,250,382,501,607,751,922",7,154.106993734761,"206,250,382,501,607,751,922",7,154.106993734761,"206,250,382,501,607,751,922",7,154.106993734761
"251,501,751",0.005,3,6955.51214188549,"251,252,258,447,489,497,502,517,518,555,586,752,758",0.00670354035929702,13,7081.99702644811,"251,497,752",0.00590925454842857,3,6950.74620623392,"251,497,752",0.00549630788417183,3,6946.05220970471,"251,497,752",0.00549630788485395,3,6946.05220970472,"251,497,752",0.00549630788553607,3,6946.05220970472,"251,497,752",0.0054963078861045,3,6946.05220970472,"251,497,752",0.00549630788587713,3,6946.05220970472,"251,497,752",0.00549630788542238,3,6946.05220970473,"251,497,752",0.00549630788633188,3,6946.05220970473,"251,497,752",0.00549630788826455,3,6946.05220970472,"251,497,752",0.00549630788496763,3,6946.05220970472,"111,251,342,497,618,752,843,934",8,93.3431521428064,"111,251,342,497,618,752,843,934",8,93.3431521428064,"111,251,342,497,618,752,843,934",8,93.3431521428064
"251,501,751",0.005,3,6959.13664979855,"250,252,453,469,494,499,501,749,751,767,773",0.00611369432054752,11,7106.66849859684,"252,501,749",0.00479638889505766,3,6952.03838379456,"252,501,749",0.00456952173631285,3,6951.37598332725,"252,501,749",0.00456952173767709,3,6951.37598332725,"252,501,749",0.00456952173995083,3,6951.37598332725,"252,501,749",0.00456952174267931,3,6951.37598332725,"252,501,749",0.00456952174677204,3,6951.37598332727,"252,501,749",0.00456952173813184,3,6951.37598332725,"252,501,749",0.00456952174176982,3,6951.37598332727,"252,501,749",0.00456952174313406,3,6951.37598332725,"252,501,749",0.00456952174086032,3,6951.37598332725,"61,252,386,501,544,749,898",7,80.7168141755439,"61,252,386,501,544,749,898",7,80.7168141755439,"61,252,386,501,544,749,898",7,80.7168141755439
"251,501,751",0.005,3,6971.32862820797,"247,251,268,495,501,540,728,751,758",0.00670374529473491,9,7050.88179231746,"247,501,751",0.00602674711442454,3,6956.87158720118,"247,501,751",0.0058654828334289,3,6956.55444915853,"247,501,751",0.00586548283240572,3,6956.55444915853,"247,501,751",0.00586548282842668,3,6956.55444915852,"247,501,751",0.00586548283217834,3,6956.55444915853,"247,501,751",0.00586548283297415,3,6956.55444915853,"247,501,751",0.00586548283240572,3,6956.55444915854,"247,501,751",0.00586548283308784,3,6956.55444915854,"247,501,751",0.00586548283183728,3,6956.55444915853,"247,501,751",0.00586548283820375,3,6956.55444915855,"192,247,268,419,501,613,713,751,871",9,112.109175159946,"192,247,268,419,501,659,751,871",8,113.402304196769,"192,247,268,419,501,659,751,871",8,113.402304196769
"251,501,751",0.005,3,6954.9498835162,"250,251,501,503,505,743,744,753",0.0074534568348488,8,7054.80485109048,"250,501,753",0.00618614897540894,3,6942.51579471343,"250,501,753",0.00599359878253629,3,6942.11576219049,"250,501,753",0.00599359878333209,3,6942.11576219049,"250,501,753",0.00599359878378684,3,6942.11576219048,"250,501,753",0.00599359878469634,3,6942.11576219048,"250,501,753",0.00599359878492371,3,6942.11576219048,"250,501,753",0.0059935987841279,3,6942.11576219049,"250,501,753",0.00599359878378684,3,6942.11576219049,"250,501,753",0.00599359878537846,3,6942.11576219049,"250,501,753",0.0059935987824226,3,6942.11576219048,"66,250,333,501,563,672,753,890",8,90.6811545217701,"66,250,333,501,563,672,753,890",8,90.6811545217701,"66,250,333,501,563,672,753,890",8,90.6811545217701
"251,501,751",0.005,3,6952.95808083244,"249,251,252,495,496,499,501,502,741,748,749,751",0.00571470313768584,12,7100.23137934532,"252,502,751",0.00460798122936251,3,6948.03718586704,"252,502,751",0.00449316014330712,3,6947.74386693957,"252,502,751",0.00449316014467136,3,6947.74386693957,"252,502,751",0.00449316014307975,3,6947.74386693958,"252,502,751",0.00449316014421662,3,6947.74386693957,"252,502,751",0.00449316014307975,3,6947.74386693957,"252,502,751",0.00449316014239763,3,6947.74386693957,"252,502,751",0.00449316014171551,3,6947.74386693957,"252,502,751",0.00449316014080601,3,6947.74386693958,"252,502,751",0.00449316014330712,3,6947.74386693957,"68,252,382,502,643,751,901",7,85.8847386238511,"68,252,382,502,643,748,901",7,88.8350389746954,"68,252,382,502,643,748,901",7,88.8350389746954
"251,501,751",0.005,3,7007.92736245146,"250,252,253,501,512,513,737,748,752,753",0.00518882398915773,10,7113.22393574559,"250,501,752",0.00456311940021999,3,6998.34955074957,"250,501,752",0.00412826371510906,3,6996.41180164433,"250,501,752",0.00412826371431326,3,6996.41180164433,"250,501,752",0.00412826371408588,3,6996.41180164433,"250,501,752",0.004128263714768,3,6996.41180164434,"250,501,752",0.00412826371510906,3,6996.41180164433,"250,501,752",0.00412826371431326,3,6996.41180164433,"250,501,752",0.00412826371419957,3,6996.41180164433,"250,501,752",0.00412826371408588,3,6996.41180164432,"250,501,752",0.00412826371601856,3,6996.41180164433,"121,250,363,491,501,635,752,798",8,125.890739236918,"121,252,363,491,501,635,752,798",8,127.147303332058,"103,252,363,501,635,752,798",7,130.172928158528
"251,501,751",0.005,3,6937.7574356983,"244,251,492,500,503,504,508,524,746,751,781",0.00635826543155804,11,7047.63329762774,"251,500,751",0.00575948799697144,3,6930.36723314443,"251,500,751",0.00560462292956419,3,6929.92824962623,"251,500,751",0.00560462293172424,3,6929.92824962623,"251,500,751",0.00560462292967788,3,6929.92824962623,"251,500,751",0.00560462293240636,3,6929.92824962623,"251,500,751",0.00560462292973472,3,6929.92824962623,"251,500,751",0.00560462293189477,3,6929.92824962624,"251,500,751",0.00560462293161055,3,6929.92824962623,"251,500,751",0.00560462293098528,3,6929.92824962623,"251,500,751",0.00560462292979156,3,6929.92824962623,"157,251,426,500,681,751,804",7,76.623417497721,"157,251,426,500,681,751,804",7,76.623417497721,"157,251,426,500,681,751,804",7,76.623417497721
"251,501,751",0.005,3,7034.52139294048,"248,252,253,255,257,497,498,501,506,750,751,752,768",0.00630804450323933,13,7191.8911386908,"252,498,501,751",0.00533992447612554,4,7039.16473232683,"252,498,751",0.00503404155282636,3,7027.42221323344,"252,498,751",0.00495762248151222,3,7026.84023958989,"252,498,751",0.00495762248163301,3,7026.84023958989,"252,498,751",0.00495762248128485,3,7026.8402395899,"252,498,751",0.00495762248090826,3,7026.84023958989,"252,498,751",0.00495762248426202,3,7026.84023958988,"252,498,751",0.00495762248313936,3,7026.84023958988,"252,498,751",0.00495762248194565,3,7026.84023958989,"252,498,751",0.00495762248345911,3,7026.84023958989,"170,252,309,429,501,597,750,837",8,166.983262338173,"170,252,309,429,501,597,750,837",8,166.983262338173,"170,252,309,501,597,750,837",7,166.27762824741
"251,501,751",0.005,3,6991.64292864392,"250,253,468,483,500,501,513,751,752",0.00610906515995484,9,7117.2925759655,"250,500,751",0.00455810183082867,3,6983.78418711226,"250,500,751",0.00435199207259409,3,6983.02738942764,"250,500,751",0.00435199206855821,3,6983.02738942763,"250,500,751",0.00435199207151407,3,6983.02738942763,"250,500,751",0.00435199207066142,3,6983.02738942763,"250,500,751",0.00435199207509521,3,6983.02738942763,"250,500,751",0.00435199206804662,3,6983.02738942763,"250,500,751",0.0043519920720825,3,6983.02738942763,"250,500,751",0.00435199207179829,3,6983.02738942763,"250,500,751",0.00435199207157091,3,6983.02738942763,"101,250,345,500,622,751,874",7,119.486879341514,"101,250,345,500,622,751,874",7,119.486879341514,"101,250,345,500,622,751,874",7,119.486879341514
"251,501,751",0.005,3,7008.18557131952,"251,495,501,502,503,508,533,753",0.00679636610002674,8,7086.95189197824,"251,501,753",0.00572232963757221,3,6998.54968053703,"251,501,753",0.00567750949608149,3,6998.43579270167,"251,501,753",0.005677509495172,3,6998.43579270166,"251,501,753",0.00567750950153846,3,6998.43579270166,"251,501,753",0.00567750949471725,3,6998.43579270168,"251,501,753",0.00567750949880998,3,6998.43579270167,"251,501,753",0.00567750950017422,3,6998.43579270166,"251,501,753",0.00567750949653624,3,6998.43579270166,"251,501,753",0.00567750950176584,3,6998.43579270167,"251,501,753",0.00567750950017422,3,6998.43579270167,"141,251,440,501,618,753,826",7,130.674571553623,"141,251,435,502,618,753,826",7,131.167435408789,"141,251,440,501,618,753,826",7,130.674571553623
"251,501,751",0.005,3,7020.49275254042,"251,487,500,501,527,751,752,753",0.00519862021415746,8,7086.52719334068,"251,500,751",0.0047594814705964,3,7014.62831754535,"251,500,751",0.00451818172884489,3,7013.44413085044,"251,500,751",0.00451818172844699,3,7013.44413085044,"251,500,751",0.00451818172856068,3,7013.44413085044,"251,500,751",0.00451818172827646,3,7013.44413085045,"251,500,751",0.00451818172844699,3,7013.44413085045,"251,500,751",0.00451818172844699,3,7013.44413085044,"251,500,751",0.00451818172844699,3,7013.44413085045,"251,500,751",0.00451818172782171,3,7013.44413085045,"251,500,751",0.00451818172895858,3,7013.44413085045,"169,251,365,500,650,752,923",7,148.782553242144,"169,251,365,500,650,752,923",7,148.782553242144,"169,251,365,500,650,752,923",7,148.782553242144
"251,501,751",0.005,3,6869.19070232697,"250,251,499,501,504,751,753,758",0.005926091390576,8,6984.36239795171,"250,501,751",0.00499689945389107,3,6868.12332338105,"250,501,751",0.00445187407283304,3,6863.74053404823,"250,501,751",0.0044518740748794,3,6863.74053404822,"250,501,751",0.00445187407783526,3,6863.74053404823,"250,501,751",0.00445187407647102,3,6863.74053404822,"250,501,751",0.00445187407760789,3,6863.74053404823,"250,501,751",0.00445187407965425,3,6863.74053404823,"250,501,751",0.00445187407715314,3,6863.74053404823,"250,501,751",0.00445187407738051,3,6863.74053404823,"250,501,751",0.00445187407738051,3,6863.74053404823,"152,250,422,501,691,753,898",7,-1.46340517567026,"152,251,422,501,691,753,898",7,-1.3255557693374,"152,251,422,501,691,753,898",7,-1.3255557693374
"251,501,751",0.005,3,7009.09517541483,"248,251,434,492,493,499,502,574,746,752,761",0.00587784182738675,11,7133.15731330115,"251,502,752",0.0044929833229416,3,7005.02097932911,"251,502,752",0.00436720045311213,3,7004.39514972267,"251,502,752",0.00436720045174788,3,7004.39514972267,"251,502,752",0.00436720045879647,3,7004.39514972268,"251,502,752",0.00436720044833728,3,7004.39514972267,"251,502,752",0.00436720045925122,3,7004.39514972268,"251,502,752",0.00436720045220263,3,7004.39514972267,"251,502,752",0.00436720045856909,3,7004.39514972267,"251,502,752",0.00436720045152051,3,7004.39514972267,"251,502,752",0.00436720045265738,3,7004.39514972268,"103,251,365,502,658,752,858",7,137.438044980656,"103,251,365,502,658,752,858",7,137.438044980656,"103,251,371,502,658,752,858",7,139.379650882382
"251,501,751",0.005,3,6916.90791129179,"251,254,255,256,444,462,494,495,498,500,501,502,505,507,734,737,746,750,754",0.00655516101336162,19,7137.33345972792,"251,498,507,746,754",0.0056050638370905,5,6925.713157631,"251,498,746,754",0.00568760220379966,4,6919.32598956466,"251,498,746,754",0.00522036239857173,4,6916.37237064547,"251,498,746",0.00576908055575631,3,6908.51825797369,"251,498,746",0.00536006105911191,3,6906.90779363072,"251,498,746",0.00536006106729736,3,6906.90779363073,"251,498,746",0.00536006106138565,3,6906.90779363072,"251,498,746",0.00536006105683817,3,6906.90779363072,"251,498,746",0.00536006105956666,3,6906.90779363072,"251,498,746",0.00536006105683817,3,6906.90779363072,"171,251,317,501,584,710,750,875",8,40.0162396681776,"171,254,376,500,694,750,875",7,44.5785551002957,"171,254,376,500,584,703,750,875",8,43.4453717884362
"251,501,751",0.005,3,6902.91375960756,"251,473,476,488,500,501,504,507,551,731,749,750,751",0.0056833791915257,13,7045.54602578965,"251,500,751",0.00450265987024878,3,6903.7111267124,"251,500,751",0.00449359126583418,3,6899.82571108913,"251,500,751",0.00449359126920216,3,6899.82571108914,"251,500,751",0.00449359126728369,3,6899.82571108914,"251,500,751",0.00449359126381624,3,6899.82571108914,"251,500,751",0.00449359126698526,3,6899.82571108914,"251,500,751",0.00449359126616103,3,6899.82571108914,"251,500,751",0.00449359126705632,3,6899.82571108914,"251,500,751",0.00449359126728369,3,6899.82571108914,"251,500,751",0.00449359126748264,3,6899.82571108914,"107,251,393,500,716,751,844",7,32.4263643155436,"107,251,393,500,716,751,844",7,32.4263643155436,"107,251,393,500,716,751,844",7,32.4263643155436
"251,501,751",0.005,3,6994.15915002081,"251,252,501,574,751,752,753,764",0.00631018549892704,8,7072.90576075251,"251,501,751",0.00538213822031784,3,6990.70970736071,"251,501,751",0.00509442990347148,3,6989.82210672004,"251,501,751",0.00509442990403991,3,6989.82210672005,"251,501,751",0.00509442990329029,3,6989.82210672004,"251,501,751",0.00509442990207881,3,6989.82210672004,"251,501,751",0.00509442990531001,3,6989.82210672005,"251,501,751",0.00509442989961501,3,6989.82210672004,"251,501,751",0.00509442990210723,3,6989.82210672005,"251,501,751",0.00509442990279468,3,6989.82210672004,"251,501,751",0.00509442990342707,3,6989.82210672005,"79,251,340,501,612,751,832",7,122.792413138584,"79,251,340,501,612,752,832",7,124.234805594771,"79,251,340,501,612,752,832",7,124.234805594771
"251,501,751",0.005,3,6896.42128582281,"251,254,452,455,475,495,496,501,503,751,754,757",0.00664081162864092,12,7014.2061173527,"251,503,754",0.00573074477968411,3,6886.81685246289,"251,503,754",0.0053974653489288,3,6884.79894181174,"251,503,754",0.00539746534625716,3,6884.79894181175,"251,503,754",0.00539746534864458,3,6884.79894181175,"251,503,754",0.00539746534585925,3,6884.79894181175,"251,503,754",0.00539746534568872,3,6884.79894181174,"251,503,754",0.00539746534978145,3,6884.79894181174,"251,503,754",0.00539746534665506,3,6884.79894181175,"251,503,754",0.00539746534591609,3,6884.79894181175,"251,503,754",0.00539746534580241,3,6884.79894181175,"111,251,339,501,618,754,861",7,24.6504025365173,"111,251,339,501,618,751,861",7,27.7336531322623,"111,251,339,501,618,751,861",7,27.7336531322623
"251,501,751",0.005,3,6961.22348381119,"250,252,499,500,501,505,513,752",0.0053177138859656,8,7027.5249189562,"250,500,752",0.00447312257879251,3,6949.04905068529,"250,500,752",0.00449808148287354,3,6948.45992952797,"250,500,752",0.00449808147559758,3,6948.45992952797,"250,500,752",0.00449808148196405,3,6948.45992952797,"250,500,752",0.0044980814805998,3,6948.45992952798,"250,500,752",0.00449808147832607,3,6948.45992952796,"250,500,752",0.00449808148014506,3,6948.45992952798,"250,500,752",0.00449808148241879,3,6948.45992952798,"250,500,752",0.00449808148196405,3,6948.45992952797,"250,500,752",0.00449808147332385,3,6948.45992952799,"111,250,374,500,703,752,940",7,77.0516945984144,"176,252,374,500,703,752,940",7,78.8245330033287,"176,252,374,500,703,752",6,79.1321785403649
"251,501,751",0.005,3,6980.66545872453,"251,494,499,500,503,526,749,751,754,757",0.00583832958606215,10,7088.95524991059,"251,500,749",0.00480226300793005,3,6971.58059901306,"251,500,749",0.00466253584253484,3,6970.57403443728,"251,500,749",0.00466253584507148,3,6970.57403443728,"251,500,749",0.0046625358430038,3,6970.57403443728,"251,500,749",0.00466253584388487,3,6970.57403443728,"251,500,749",0.00466253584278353,3,6970.57403443728,"251,500,749",0.00466253584709652,3,6970.57403443728,"251,500,749",0.00466253584448172,3,6970.57403443728,"251,500,749",0.00466253584723863,3,6970.57403443728,"251,500,749",0.0046625358460236,3,6970.57403443728,"182,251,411,500,570,690,751,864",8,111.734207720435,"182,251,411,500,620,751,864",7,111.858406204464,"182,251,411,500,620,751,914",7,111.924323838465
"251,501,751",0.005,3,6961.37418308348,"251,426,476,477,481,492,500,502,503,508,519,751",0.00627119297024859,12,7079.35292908669,"251,502,751",0.00460539272931964,3,6964.53805831603,"251,502,751",0.00497220154246641,3,6957.05645049876,"251,502,751",0.0049722015425801,3,6957.05645049877,"251,502,751",0.0049722015416706,3,6957.05645049876,"251,502,751",0.0049722015399653,3,6957.05645049876,"251,502,751",0.00497220154235272,3,6957.05645049877,"251,502,751",0.00497220154042005,3,6957.05645049876,"251,502,751",0.0049722015433759,3,6957.05645049876,"251,502,751",0.00497220153962424,3,6957.05645049876,"251,502,751",0.00497220154019267,3,6957.05645049877,"132,251,334,502,664,751,864",7,82.8786298411233,"132,251,334,502,664,751,864",7,82.8786298411233,"132,251,377,502,664,751,864",7,83.2236212000958
"251,501,751",0.005,3,6965.33510510007,"238,246,250,490,498,499,501,508,517,751,752",0.00642447418547333,11,7131.66591216111,"250,498,752",0.00482565156886448,3,6959.78475138291,"250,498,752",0.00460685998528959,3,6957.59344452446,"250,498,752",0.00460685998636961,3,6957.59344452446,"250,498,752",0.0046068599845222,3,6957.59344452446,"250,498,752",0.00460685998443694,3,6957.59344452446,"250,498,752",0.00460685998500537,3,6957.59344452446,"250,498,752",0.00460685998492011,3,6957.59344452446,"250,498,752",0.00460685998580118,3,6957.59344452446,"250,498,752",0.00460685998523275,3,6957.59344452447,"250,498,752",0.00460685998486326,3,6957.59344452446,"170,250,381,498,600,752,827",7,92.8809721745572,"170,250,381,498,600,752,827",7,92.8809721745572,"170,250,381,498,600,752,827",7,92.8809721745572
"251,501,751",0.005,3,6947.58203271138,"244,247,252,255,481,495,499,500,501,511,522,525,606,749,750,759",0.00572586721909848,16,7124.43673462807,"252,499,750,759",0.0046979665826639,4,6954.738853798,"252,499,759",0.00470147444653996,3,6945.26593218008,"252,499,759",0.00457656348863837,3,6944.38911541561,"252,499,759",0.00457656348801309,3,6944.38911541561,"252,499,759",0.00457656348932049,3,6944.38911541561,"252,499,759",0.00457656349108263,3,6944.3891154156,"252,499,759",0.00457656348778571,3,6944.38911541561,"252,499,759",0.00457656348741623,3,6944.38911541561,"252,499,759",0.00457656348630779,3,6944.38911541561,"252,499,759",0.00457656348951944,3,6944.38911541559,"110,252,356,500,573,749,759,911",8,48.3286182061981,"110,252,356,499,573,749,759,911",8,48.4838544096669,"110,252,356,499,573,749,759,911",8,48.4838544096669
"251,501,751",0.005,3,6951.12679659733,"167,251,450,477,496,502,748,750,751",0.00557326508037627,9,7029.89535275999,"251,502,750",0.00481612196198055,3,6938.44427776263,"251,502,750",0.00463943369152566,3,6937.99434748015,"251,502,750",0.00463943369948373,3,6937.99434748016,"251,502,750",0.00463943369152566,3,6937.99434748013,"251,502,750",0.00463943370266697,3,6937.99434748016,"251,502,750",0.00463943370039323,3,6937.99434748016,"251,502,750",0.00463943369721,3,6937.99434748016,"251,502,750",0.00463943368925192,3,6937.99434748013,"251,502,750",0.00463943369743737,3,6937.99434748015,"251,502,750",0.00463943369129828,3,6937.99434748014,"167,251,403,502,652,750,844",7,66.6236135257387,"167,251,403,502,652,750,844",7,66.6236135257387,"167,251,403,502,652,750,844",7,66.6236135257387
"251,501,751",0.005,3,6977.90220135086,"152,203,239,252,254,277,501,506,513,514,515,529,747,751,755",0.00454634187050188,15,7121.16428205186,"252,501,751",0.00466912515511906,3,6966.01507008629,"252,501,751",0.00437259442982322,3,6964.83644914021,"252,501,751",0.00437259443482544,3,6964.83644914024,"252,501,751",0.00437259443209696,3,6964.83644914024,"252,501,751",0.00437259442891373,3,6964.83644914022,"252,501,751",0.00437259443800867,3,6964.83644914024,"252,501,751",0.00437259443391595,3,6964.83644914022,"252,501,751",0.00437259443618968,3,6964.83644914024,"252,501,751",0.00437259443255171,3,6964.83644914023,"252,501,751",0.00437259443073272,3,6964.83644914021,"152,252,414,501,635,751",6,88.8976105478174,"152,252,414,501,635,751",6,88.8976105478174,"152,252,414,501,635,751",6,88.8976105478174
"251,501,751",0.005,3,6898.46908252829,"251,252,396,478,500,501,524,735,751,754",0.00540982416714024,10,6992.40687084515,"251,501,751",0.00498690654019892,3,6896.95048960526,"251,501,751",0.00484831850966778,3,6896.42564797996,"251,501,751",0.00484831851080464,3,6896.42564797997,"251,501,751",0.00484831850995199,3,6896.42564797996,"251,501,751",0.00484831851120255,3,6896.42564797997,"251,501,751",0.00484831851040674,3,6896.42564797996,"251,501,751",0.00484831850779194,3,6896.42564797996,"251,501,751",0.00484831850995199,3,6896.42564797996,"251,501,751",0.00484831851137308,3,6896.42564797997,"251,501,751",0.00484831850892881,3,6896.42564797996,"95,251,452,501,582,751,840",7,43.8910187309323,"95,251,452,501,582,751,840",7,43.8910187309323,"95,251,452,501,582,751,840",7,43.8910187309323
"251,501,751",0.005,3,6991.36569651065,"251,422,450,473,494,501,508,518,558,734,751,767",0.00698586819493753,12,7115.07011029131,"251,501,751",0.00596549253069657,3,6988.36233072443,"251,501,751",0.00568440488719468,3,6987.41355259821,"251,501,751",0.00568440489037791,3,6987.41355259821,"251,501,751",0.0056844048878768,3,6987.41355259822,"251,501,751",0.00568440489583488,3,6987.41355259821,"251,501,751",0.00568440488514831,3,6987.41355259821,"251,501,751",0.00568440489310639,3,6987.41355259822,"251,501,751",0.00568440488992316,3,6987.41355259821,"251,501,751",0.00568440489287902,3,6987.41355259822,"251,501,751",0.00568440488560306,3,6987.41355259822,"167,251,352,501,627,751,837",7,127.887744849818,"167,251,352,501,627,751,837",7,127.887744849818,"167,251,352,501,627,751,837",7,127.887744849818
"251,501,751",0.005,3,6969.32022551291,"250,251,252,481,501,751,770",0.00642262454877478,7,7062.41603232423,"250,501,751",0.00512254918960155,3,6961.89120207947,"250,501,751",0.0049663295957064,3,6961.62311566782,"250,501,751",0.00496632959593377,3,6961.62311566782,"250,501,751",0.00496632959684327,3,6961.62311566782,"250,501,751",0.00496632959388741,3,6961.62311566782,"250,501,751",0.00496632959775276,3,6961.62311566782,"250,501,751",0.00496632959206842,3,6961.62311566782,"250,501,751",0.00496632959752539,3,6961.62311566782,"250,501,751",0.00496632959707064,3,6961.62311566782,"250,501,751",0.00496632959411478,3,6961.62311566783,"24,250,407,501,597,751,798,928",8,99.4487370822718,"94,251,407,501,597,751,798,928",8,100.10575781955,"24,251,407,501,597,751,770,928",8,101.220693948847
"251,501,751",0.005,3,6996.9032635234,"248,251,255,256,265,501,507,547,747,751,754",0.00635286364831091,11,7107.8685401522,"251,501,754",0.00595400351518655,3,6992.20541780338,"251,501,754",0.00540887773981147,3,6989.36305893982,"251,501,754",0.00540887774094834,3,6989.36305893982,"251,501,754",0.00540887774094834,3,6989.36305893981,"251,501,754",0.00540887774208521,3,6989.36305893982,"251,501,754",0.00540887773890198,3,6989.36305893982,"251,501,754",0.00540887773571874,3,6989.36305893981,"251,501,754",0.0054088777386746,3,6989.36305893982,"251,501,754",0.00540887773731036,3,6989.36305893981,"251,501,754",0.00540887774140309,3,6989.36305893982,"156,251,308,501,602,751,874",7,132.509030958791,"165,256,308,501,602,754,874",7,137.754135662408,"165,256,308,501,602,754,874",7,137.754135662408
"251,501,751",0.005,3,6986.385050305,"251,252,499,501,502,506,540,560,751",0.00641007591839903,9,7141.58935730574,"251,252,501,751",0.00439630772622002,4,6993.98435866237,"252,501,751",0.00462361319975854,3,6981.77553860642,"252,501,751",0.004362491044241,3,6981.08687172376,"252,501,751",0.0043624910459463,3,6981.08687172376,"252,501,751",0.00436249104654316,3,6981.08687172376,"252,501,751",0.00436249104537787,3,6981.08687172376,"252,501,751",0.00436249104543471,3,6981.08687172377,"252,501,751",0.00436249104631578,3,6981.08687172376,"252,501,751",0.00436249104688422,3,6981.08687172376,"252,501,751",0.00436249104492312,3,6981.08687172376,"159,252,383,501,660,751,809",7,109.409482576663,"159,251,383,501,660,751,809",7,110.121106878113,"159,251,383,501,660,751,809",7,110.121106878113
"251,501,751",0.005,3,6975.84479435198,"250,251,263,266,475,501,751,759",0.00645055001670134,8,7058.42046757862,"251,475,501,751",0.005583300680514,4,6978.30599056809,"251,501,751",0.00524750814673941,3,6971.61694826084,"251,501,751",0.00510556773175308,3,6971.38171361682,"251,501,751",0.00510556773118464,3,6971.38171361683,"251,501,751",0.00510556773368575,3,6971.38171361683,"251,501,751",0.00510556773425419,3,6971.38171361683,"251,501,751",0.00510556773044568,3,6971.38171361683,"251,501,751",0.0051055677315257,3,6971.38171361683,"251,501,751",0.00510556773271941,3,6971.38171361682,"251,501,751",0.00510556773215098,3,6971.38171361682,"52,251,398,501,627,751,807,939",8,112.850165315449,"52,250,398,501,627,751,807,939",8,113.498556267881,"52,250,398,501,627,751,807,939",8,113.498556267881
"251,501,751",0.005,3,6989.0011920197,"243,251,491,496,500,514,747,751",0.0052982698666072,8,7059.32566488887,"251,500,751",0.00460243260748379,3,6981.70366466883,"251,500,751",0.00443945329237906,3,6981.03178417282,"251,500,751",0.00443945329362961,3,6981.03178417282,"251,500,751",0.00443945329328855,3,6981.03178417282,"251,500,751",0.00443945329499385,3,6981.03178417282,"251,500,751",0.00443945329397067,3,6981.03178417282,"251,500,751",0.0044394532937433,3,6981.03178417282,"251,500,751",0.00443945329351592,3,6981.03178417282,"251,500,751",0.00443945329425489,3,6981.03178417282,"251,500,751",0.00443945329300433,3,6981.03178417282,"125,251,378,500,669,751,917",7,123.299121554396,"125,251,378,500,669,751,917",7,123.299121554396,"125,251,378,500,669,751,822",7,124.708064041529
"251,501,751",0.005,3,6968.40008584465,"240,247,250,251,482,491,501,502,513,750,751,752,754",0.00598405051298001,13,7108.10186160281,"247,501,751",0.00527311180523099,3,6963.38770470174,"247,501,751",0.00497196804607328,3,6961.85011920399,"247,501,751",0.00497196804539116,3,6961.85011920399,"247,501,751",0.00497196804516378,3,6961.85011920399,"247,501,751",0.00497196804811964,3,6961.850119204,"247,501,751",0.00497196804880176,3,6961.85011920399,"247,501,751",0.00497196804630065,3,6961.850119204,"247,501,751",0.00497196804607328,3,6961.85011920399,"247,501,751",0.00497196804561853,3,6961.85011920399,"247,501,751",0.00497196804493641,3,6961.85011920399,"163,247,332,501,603,751,942",7,98.959092301683,"163,247,332,501,603,751,942",7,98.959092301683,"163,247,332,501,603,751,942",7,98.959092301683
"251,501,751",0.005,3,6971.65892777635,"251,500,501,502,562,750,751",0.00746328752442221,7,7097.08585838536,"251,501,751",0.00548866481741773,3,6967.32714123922,"251,501,751",0.00532565488423824,3,6966.76355229383,"251,501,751",0.00532565488719409,3,6966.76355229384,"251,501,751",0.00532565489117313,3,6966.76355229385,"251,501,751",0.00532565488946783,3,6966.76355229384,"251,501,751",0.00532565488241925,3,6966.76355229383,"251,501,751",0.00532565488924046,3,6966.76355229384,"251,501,751",0.00532565488435192,3,6966.76355229383,"251,501,751",0.00532565489185525,3,6966.76355229385,"251,501,751",0.00532565488980889,3,6966.76355229384,"76,164,251,334,467,500,667,751,921",9,111.19480318738,"82,164,251,334,464,501,667,751,921",9,112.162650823032,"82,251,334,464,501,667,751,921",8,112.352731578991
"251,501,751",0.005,3,7015.98847614102,"250,252,455,499,500,501,502,750,751,752",0.0059604284709878,10,7119.71166371087,"250,501,502,750",0.00489315598355935,4,7025.61752403511,"250,501,750",0.00485131768369363,3,7010.32303217849,"250,501,750",0.00487203230869989,3,7010.30695891864,"250,501,750",0.00487203230705143,3,7010.30695891864,"250,501,750",0.00487203230958096,3,7010.30695891864,"250,501,750",0.00487203230733564,3,7010.30695891864,"250,501,750",0.00487203230830198,3,7010.30695891864,"250,501,750",0.00487203231219576,3,7010.30695891864,"250,501,750",0.00487203230906937,3,7010.30695891864,"250,501,750",0.0048720323055735,3,7010.30695891864,"112,250,333,501,582,750,882",7,140.809699400585,"143,252,333,501,582,750,882",7,142.232596661743,"143,252,333,501,582,750,882",7,142.232596661743
"251,501,751",0.005,3,6985.60083685105,"251,454,501,536,751,756",0.00691077784087492,6,7084.12125311747,"251,501,751",0.0054878468557153,3,6985.00507494506,"251,501,751",0.00516126924411751,3,6983.96803920006,"251,501,751",0.00516126924684599,3,6983.96803920005,"251,501,751",0.00516126924491331,3,6983.96803920006,"251,501,751",0.00516126924411751,3,6983.96803920006,"251,501,751",0.00516126924445857,3,6983.96803920006,"251,501,751",0.00516126924582281,3,6983.96803920005,"251,501,751",0.00516126924695968,3,6983.96803920005,"251,501,751",0.00516126924707336,3,6983.96803920006,"251,501,751",0.00516126924661862,3,6983.96803920006,"181,251,372,501,620,751,812",7,104.981546480173,"181,251,372,501,620,751,812",7,104.981546480173,"181,251,372,501,620,751,812",7,104.981546480173
"251,501,751",0.005,3,6970.19026510829,"242,251,445,453,459,486,501,502,529,747,751,752",0.00653189012847127,12,7106.99003826729,"251,501,752",0.00540475660779062,3,6964.41172164222,"251,501,752",0.0052650152987157,3,6964.17481060434,"251,501,752",0.00526501530053469,3,6964.17481060434,"251,501,752",0.00526501529689671,3,6964.17481060432,"251,501,752",0.00526501530076206,3,6964.17481060434,"251,501,752",0.00526501530189893,3,6964.17481060434,"251,501,752",0.00526501529894307,3,6964.17481060434,"251,501,752",0.00526501529939782,3,6964.17481060434,"251,501,752",0.00526501529803358,3,6964.17481060433,"251,501,752",0.00526501529735146,3,6964.17481060434,"162,251,355,501,679,751,791",7,99.1977406174042,"162,251,355,501,679,752,791",7,99.4533829318906,"162,251,355,501,679,752,791",7,99.4533829318906
"251,501,751",0.005,3,6990.78119434252,"77,232,246,249,251,493,500,508,750,751,754,836",0.0053623171344382,12,7101.33186208814,"249,251,508,751",0.00511789251039098,4,7000.75083853245,"249,508,751",0.00466352845018861,3,6983.75648062182,"249,508,751",0.00458162564651347,3,6983.6783639433,"249,508,751",0.00458162564401236,3,6983.67836394331,"249,508,751",0.00458162564719559,3,6983.67836394331,"249,508,751",0.00458162563969226,3,6983.67836394331,"249,508,751",0.00458162564151125,3,6983.67836394331,"249,508,751",0.00458162564696822,3,6983.67836394331,"249,508,751",0.00458162564719559,3,6983.67836394331,"249,508,751",0.00458162564742297,3,6983.67836394331,"232,251,335,508,571,751,864",7,105.504467760396,"249,335,508,571,750,864",6,106.177218194138,"249,335,508,571,750,864",6,106.177218194138
"251,501,751",0.005,3,7033.27559367068,"251,490,493,495,501,526,747,750,751,767",0.00629011598330278,10,7130.59909126214,"251,501,747,750",0.00543650472480906,4,7037.96326580945,"251,501,750",0.00551237679515357,3,7025.89108050356,"251,501,750",0.00535967544485264,3,7025.67539050124,"251,501,750",0.00535967544459684,3,7025.67539050124,"251,501,750",0.00535967544459684,3,7025.67539050124,"251,501,750",0.0053596754451937,3,7025.67539050124,"251,501,750",0.00535967544490948,3,7025.67539050124,"251,501,750",0.00535967544533581,3,7025.67539050124,"251,501,750",0.00535967544425578,3,7025.67539050124,"251,501,750",0.00535967544513686,3,7025.67539050124,"95,251,374,501,599,750,846",7,180.756635419205,"95,251,374,501,599,750,846",7,180.756635419205,"95,251,374,501,599,750,846",7,180.756635419205
"251,501,751",0.005,3,6999.27259273506,"249,251,252,499,500,535,751,753,807",0.00495506877794836,9,7063.90549135768,"252,500,751",0.00475089939921905,3,6997.61859964735,"252,500,751",0.00444492525173136,3,6992.04881505623,"252,500,751",0.00444492525059449,3,6992.04881505623,"252,500,751",0.00444492524945762,3,6992.04881505623,"252,500,751",0.00444492525082186,3,6992.04881505623,"252,500,751",0.00444492524559227,3,6992.04881505624,"252,500,751",0.00444492524809338,3,6992.04881505623,"252,500,751",0.00444492524900287,3,6992.04881505623,"252,500,751",0.0044449252487755,3,6992.04881505624,"252,500,751",0.00444492524718388,3,6992.04881505623,"119,252,447,500,751,807",6,113.698534985453,"119,252,447,500,751,807",6,113.698534985453,"119,252,447,500,751,807",6,113.698534985453
"251,501,751",0.005,3,7013.34211253911,"252,462,473,480,501,516,740,748,751,758",0.00564664655193993,10,7109.86424180688,"252,501,748,758",0.0045636445761153,4,7008.78554714575,"252,501,748",0.00495303876943565,3,7002.52320863553,"252,501,748",0.00466678659022155,3,7001.68945494428,"252,501,748",0.00466678659090367,3,7001.68945494427,"252,501,748",0.00466678659090367,3,7001.68945494429,"252,501,748",0.00466678658976681,3,7001.68945494428,"252,501,748",0.0046667865863562,3,7001.68945494428,"252,501,748",0.00466678658999418,3,7001.68945494428,"252,501,748",0.0046667865863562,3,7001.68945494428,"252,501,748",0.00466678659135842,3,7001.68945494428,"106,252,429,501,554,748,823",7,145.990054619448,"106,252,429,501,554,748,823",7,145.990054619448,"106,252,501,554,748,823",6,151.707521679462
"251,501,751",0.005,3,6916.81952499257,"240,251,449,453,498,503,505,536,751,753",0.00648201118409859,10,7006.41507501864,"251,498,503,753",0.00558004084013626,4,6912.22244790249,"251,503,753",0.00540220775407353,3,6904.50866578341,"251,503,753",0.00539735983995824,3,6902.85373411794,"251,503,753",0.00539735984018562,3,6902.85373411794,"251,503,753",0.00539735984143617,3,6902.85373411794,"251,503,753",0.00539735984223198,3,6902.85373411794,"251,503,753",0.00539735984132248,3,6902.85373411793,"251,503,753",0.00539735983995824,3,6902.85373411794,"251,503,753",0.00539735983904875,3,6902.85373411794,"251,503,753",0.00539735984234567,3,6902.85373411794,"113,251,377,503,650,753,893",7,54.3412546797962,"113,251,377,503,650,753,893",7,54.3412546797962,"113,251,377,404,409,503,650,753,893",9,53.955741563853
"251,501,751",0.005,3,7035.12847880098,"249,250,251,495,501,502,506,751,752,753",0.00578997145074411,10,7155.80007685646,"251,501,751",0.00465877523993811,3,7032.5768832799,"251,501,751",0.00456636744703197,3,7032.42781197716,"251,501,751",0.00456636744816884,3,7032.42781197717,"251,501,751",0.00456636744595195,3,7032.42781197716,"251,501,751",0.00456636744487192,3,7032.42781197716,"251,501,751",0.00456636744652038,3,7032.42781197716,"251,501,751",0.00456636744436033,3,7032.42781197716,"251,501,751",0.00456636744669091,3,7032.42781197716,"251,501,751",0.00456636744487192,3,7032.42781197716,"251,501,751",0.00456636744868043,3,7032.42781197717,"114,251,394,501,680,752,914",7,174.768169012712,"114,251,394,501,680,752,914",7,174.768169012712,"114,251,394,501,680,752,914",7,174.768169012712
"251,501,751",0.005,3,7003.33791443479,"252,455,472,497,500,501,539,542,751,755",0.00623401495916814,10,7087.85892548984,"252,501,751",0.00499295853837792,3,6988.84500221054,"252,501,751",0.00485001428544103,3,6988.22660270117,"252,501,751",0.00485001427998407,3,6988.22660270119,"252,501,751",0.0048500142865779,3,6988.22660270117,"252,501,751",0.00485001428112093,3,6988.22660270117,"252,501,751",0.00485001428498629,3,6988.22660270117,"252,501,751",0.00485001428339467,3,6988.22660270117,"252,501,751",0.00485001427998407,3,6988.22660270118,"252,501,751",0.00485001428248518,3,6988.22660270118,"252,501,751",0.00485001428043881,3,6988.22660270118,"102,252,376,501,579,751,890,996",8,112.361743456165,"102,252,376,501,579,751,890,996",8,112.361743456165,"102,252,376,501,576,751,890,996",8,112.735416865769
"251,501,751",0.005,3,6964.60038193583,"245,250,472,501,502,519,548,550,747,748,749,751,757",0.00766402545950394,13,7129.9260835411,"250,501,751",0.00642549665547226,3,6960.67466437725,"250,501,751",0.00589878963807101,3,6957.18853343132,"250,501,751",0.00589878964208558,3,6957.18853343134,"250,501,751",0.00589878963846892,3,6957.18853343133,"250,501,751",0.00589878963863589,3,6957.18853343132,"250,501,751",0.00589878963812786,3,6957.18853343133,"250,501,751",0.0058987896365469,3,6957.18853343132,"250,501,751",0.00589878964011738,3,6957.18853343133,"250,501,751",0.0058987896404691,3,6957.18853343134,"250,501,751",0.00589878964124359,3,6957.18853343133,"86,217,250,303,454,501,670,751,903",9,107.301255474582,"86,245,325,502,670,748,888",7,116.370627961295,"86,245,325,501,670,748,888",7,116.325962388872
"251,501,751",0.005,3,6908.85453402161,"251,465,492,494,495,501,506,751,754",0.00633156208338738,9,7031.24899158965,"251,501,506,751",0.004597868193827,4,6918.68657195578,"251,501,751",0.00458645616971858,3,6903.59926526734,"251,501,751",0.00462272360619898,3,6903.55593288235,"251,501,751",0.00462272360563055,3,6903.55593288234,"251,501,751",0.00462272360381156,3,6903.55593288234,"251,501,751",0.00462272360381156,3,6903.55593288234,"251,501,751",0.00462272360733585,3,6903.55593288235,"251,501,751",0.00462272360312944,3,6903.55593288234,"251,501,751",0.00462272360460737,3,6903.55593288234,"251,501,751",0.00462272360540318,3,6903.55593288234,"72,251,326,501,624,751,799",7,37.3382332066945,"72,251,326,501,624,751,799",7,37.3382332066945,"72,251,326,501,624,751,799",7,37.3382332066945
"251,501,751",0.005,3,6985.06713479123,"249,251,262,280,487,501,502,503,647,751,755,756",0.00599846839542772,12,7093.73092684959,"249,502,751",0.00586261667922788,3,6980.57469624647,"249,502,751",0.00548443435341905,3,6978.43897918612,"249,502,751",0.0054844343521685,3,6978.43897918613,"249,502,751",0.00548443435665913,3,6978.43897918612,"249,502,751",0.00548443435370327,3,6978.43897918613,"249,502,751",0.00548443435177059,3,6978.43897918613,"249,502,751",0.00548443435074741,3,6978.43897918613,"249,502,751",0.00548443436330981,3,6978.43897918612,"249,502,751",0.00548443436490142,3,6978.43897918612,"249,502,751",0.00548443435705703,3,6978.43897918613,"135,249,280,391,502,580,751,921",8,109.194303102174,"135,251,319,391,502,580,755,921",8,116.316557967808,"135,251,319,502,580,755,921",7,116.769754580824
"251,501,751",0.005,3,6993.8695988832,"251,477,494,500,501,510,524,526,752,753,755",0.00635392354553769,11,7103.42420642112,"251,501,752",0.00529792907080673,3,6983.44759804414,"251,501,752",0.00524250376214179,3,6983.05710932174,"251,501,752",0.00524250376043648,3,6983.05710932174,"251,501,752",0.00524250376157335,3,6983.05710932174,"251,501,752",0.00524250376350603,3,6983.05710932174,"251,501,752",0.00524250376055017,3,6983.05710932174,"251,501,752",0.00524250376214179,3,6983.05710932174,"251,501,752",0.00524250376134598,3,6983.05710932174,"251,501,752",0.00524250376100492,3,6983.05710932174,"251,501,752",0.00524250376134598,3,6983.05710932174,"130,251,354,501,619,752,939",7,125.001145114962,"130,251,354,501,619,752,939",7,125.001145114962,"130,251,354,501,619,752,949",7,126.691183776106
"251,501,751",0.005,3,7004.23375062365,"239,251,416,496,500,501,535,540,751,754,757",0.00620447864049627,11,7112.07918269947,"251,500,751",0.00510914871293145,3,6997.02768121166,"251,500,751",0.0050187847595391,3,6996.39340977815,"251,500,751",0.00501878476022122,3,6996.39340977815,"251,500,751",0.00501878475749274,3,6996.39340977815,"251,500,751",0.00501878475317264,3,6996.39340977815,"251,500,751",0.00501878475885698,3,6996.39340977814,"251,500,751",0.00501878475817486,3,6996.39340977815,"251,500,751",0.00501878475840223,3,6996.39340977815,"251,500,751",0.0050187847595391,3,6996.39340977815,"251,500,751",0.00501878476272233,3,6996.39340977814,"170,251,483,496,652,751,866",7,142.804779161396,"170,251,483,500,585,751,866",7,143.965837065281,"170,251,483,500,585,751,866",7,143.965837065281
"251,501,751",0.005,3,6927.93061589889,"250,251,257,501,504,505,507,748,751,754,757",0.00535694270730064,11,7034.46542164167,"250,501,751",0.00554640978724289,3,6931.76675255882,"250,501,751",0.00488149612527912,3,6924.36554393549,"250,501,751",0.00488149612584756,3,6924.36554393549,"250,501,751",0.00488149612888868,3,6924.36554393549,"250,501,751",0.00488149612445489,3,6924.36554393549,"250,501,751",0.00488149612471069,3,6924.36554393549,"250,501,751",0.00488149612439805,3,6924.36554393548,"250,501,751",0.00488149612596124,3,6924.36554393549,"250,501,751",0.0048814961259044,3,6924.36554393549,"250,501,751",0.00488149612436963,3,6924.36554393548,"144,251,394,501,618,751,890",7,59.2971579404959,"144,251,394,501,618,751,890",7,59.2971579404959,"144,251,394,501,618,751,890",7,59.2971579404959
"251,501,751",0.005,3,7037.75715752716,"249,251,464,499,500,502,505,751",0.00756821178593578,8,7160.63796692618,"251,499,751",0.00589865460100822,3,7027.2522358745,"251,499,751",0.0056743066277951,3,7026.64214315602,"251,499,751",0.0056743066285909,3,7026.64214315602,"251,499,751",0.00567430662540767,3,7026.64214315603,"251,499,751",0.00567430662762457,3,7026.64214315603,"251,499,751",0.0056743066295004,3,7026.64214315602,"251,499,751",0.00567430662594768,3,7026.64214315602,"251,499,751",0.00567430662802247,3,7026.64214315602,"251,499,751",0.00567430662930145,3,7026.64214315602,"251,499,751",0.00567430662611822,3,7026.64214315602,"108,249,295,432,499,607,751,881",8,168.928293538234,"108,249,295,432,500,607,751,881",8,169.340494996466,"108,249,295,432,499,607,751,881",8,168.928293538234
"251,501,751",0.005,3,6960.76693899468,"248,251,490,493,501,506,507,750,751",0.00657004490259171,9,7053.92074747098,"251,501,751",0.00552333225263968,3,6954.81309501354,"251,501,751",0.00545282913394356,3,6954.69031890839,"251,501,751",0.00545282913496674,3,6954.69031890839,"251,501,751",0.00545282913292038,3,6954.69031890839,"251,501,751",0.00545282913496674,3,6954.69031890839,"251,501,751",0.00545282913343197,3,6954.69031890839,"251,501,751",0.0054528291332046,3,6954.69031890839,"251,501,751",0.00545282913422778,3,6954.69031890839,"251,501,751",0.00545282913598993,3,6954.69031890839,"251,501,751",0.00545282913246563,3,6954.69031890839,"139,251,341,501,592,751,861",7,95.6722630446272,"139,251,341,501,592,751,861",7,95.6722630446272,"139,251,341,501,592,751,861",7,95.6722630446272
"251,501,751",0.005,3,6949.0569595048,"246,249,250,455,468,496,499,501,736,748,750,751",0.00648690100687513,12,7091.4260655115,"246,501,750",0.0056909283338155,3,6942.66358496927,"246,501,750",0.00523678673901268,3,6940.44413940524,"246,501,750",0.00523678673833056,3,6940.44413940524,"246,501,750",0.00523678673594314,3,6940.44413940524,"246,501,750",0.00523678673878531,3,6940.44413940524,"246,501,750",0.00523678673594314,3,6940.44413940524,"246,501,750",0.00523678673787581,3,6940.44413940524,"246,501,750",0.0052367867379895,3,6940.44413940525,"246,501,750",0.0052367867379895,3,6940.44413940525,"246,501,750",0.00523678673764844,3,6940.44413940524,"157,249,329,501,633,750,832",7,71.4256303763993,"157,246,329,501,633,750,832",7,71.9154992448155,"157,246,329,501,633,750,832",7,71.9154992448155
"251,501,751",0.005,3,6985.5501883719,"251,498,500,503,523,751,764",0.00604517810915014,7,7041.69325785086,"251,498,503,751",0.00514411864842194,4,6985.254186345,"251,498,751",0.00496194431440862,3,6975.35557565368,"251,498,751",0.00505871701790085,3,6974.86164858494,"251,498,751",0.00505871701653661,3,6974.86164858495,"251,498,751",0.00505871701812823,3,6974.86164858494,"251,498,751",0.00505871701630924,3,6974.86164858494,"251,498,751",0.00505871701585449,3,6974.86164858494,"251,498,751",0.0050587170192651,3,6974.86164858494,"251,498,751",0.00505871702131146,3,6974.86164858494,"251,498,751",0.00505871701380813,3,6974.86164858494,"119,251,395,500,661,751,788",7,104.342304703847,"119,251,395,500,661,751,788",7,104.342304703847,"119,251,395,500,661,751,788",7,104.342304703847
"251,501,751",0.005,3,6940.52912970646,"249,250,251,425,447,492,495,501,504,525,751",0.00601708159469715,11,7067.787786329,"250,501,751",0.0048023371649164,3,6935.30218587756,"250,501,751",0.00468366364734398,3,6934.891756221,"250,501,751",0.00468366364666186,3,6934.89175622099,"250,501,751",0.0046836636480261,3,6934.891756221,"250,501,751",0.00468366364870822,3,6934.891756221,"250,501,751",0.00468366364984509,3,6934.891756221,"250,501,751",0.00468366364916297,3,6934.891756221,"250,501,751",0.00468366365189145,3,6934.89175622101,"250,501,751",0.00468366364529762,3,6934.89175622099,"250,501,751",0.00468366364688923,3,6934.891756221,"111,250,374,501,611,751,872",7,57.6307385348712,"111,251,374,501,611,751,872",7,59.1844668721706,"111,251,318,501,611,751,872",7,59.9355420398851
"251,501,751",0.005,3,6983.86311322507,"251,485,500,502,508,515,751,756",0.00608516021848816,8,7057.39091336451,"251,502,751",0.00515824838397483,3,6975.50056209392,"251,502,751",0.00505481635551327,3,6974.56370159072,"251,502,751",0.00505481635028367,3,6974.56370159073,"251,502,751",0.00505481635369428,3,6974.56370159072,"251,502,751",0.00505481635142054,3,6974.56370159073,"251,502,751",0.0050548163534669,3,6974.56370159072,"251,502,751",0.00505481635119317,3,6974.56370159072,"251,502,751",0.00505481635392165,3,6974.56370159072,"251,502,751",0.00505481634960155,3,6974.56370159073,"251,502,751",0.00505481635733226,3,6974.56370159072,"147,251,433,502,633,751,897",7,99.9815915691973,"147,251,433,502,633,751,897",7,99.9815915691973,"147,251,433,502,633,751,897",7,99.9815915691973
"251,501,751",0.005,3,6984.4470470784,"231,251,253,474,478,501,502,568,751,755",0.00678553144348667,10,7089.96071466889,"251,501,751",0.00596484526597525,3,6980.40665782421,"251,501,751",0.00555525095297729,3,6978.33632160638,"251,501,751",0.00555525095274991,3,6978.33632160638,"251,501,751",0.00555525094979406,3,6978.33632160638,"251,501,751",0.00555525095297729,3,6978.33632160638,"251,501,751",0.00555525095161304,3,6978.33632160639,"251,501,751",0.00555525095365941,3,6978.33632160638,"251,501,751",0.00555525095184042,3,6978.33632160639,"251,501,751",0.00555525095320466,3,6978.33632160638,"251,501,751",0.00555525095252254,3,6978.33632160638,"130,251,357,501,661,751,849",7,113.685607377454,"130,251,357,501,661,751,849",7,113.685607377454,"130,251,357,501,661,751,916",7,113.784881068803
"251,501,751",0.005,3,6989.01852203945,"245,246,248,251,252,501,502,752",0.0063051282787654,8,7081.26012333025,"251,502,752",0.00599587846296222,3,6993.0419541389,"251,502,752",0.00512006081923206,3,6982.70501382838,"251,502,752",0.0051200608211079,3,6982.70501382839,"251,502,752",0.00512006082181844,3,6982.70501382839,"251,502,752",0.00512006081982892,3,6982.70501382839,"251,502,752",0.0051200608215058,3,6982.70501382839,"251,502,752",0.00512006082073841,3,6982.70501382839,"251,502,752",0.00512006082130685,3,6982.70501382838,"251,502,752",0.0051200608219037,3,6982.70501382838,"251,502,752",0.00512006082196055,3,6982.70501382839,"129,251,340,502,629,752,874",7,114.990260473279,"129,251,340,502,629,752,874",7,114.990260473279,"129,251,340,502,629,752,874",7,114.990260473279
"251,501,751",0.005,3,6943.89016226956,"249,251,406,443,483,501,507,747,751,753,763",0.00618895452929507,11,7060.16636588576,"251,501,751",0.00525456179289663,3,6939.70883646987,"251,501,751",0.00499684810388142,3,6938.84591888481,"251,501,751",0.00499684809546859,3,6938.84591888481,"251,501,751",0.00499684809274011,3,6938.84591888481,"251,501,751",0.00499684809274011,3,6938.84591888482,"251,501,751",0.0049968480988792,3,6938.84591888481,"251,501,751",0.00499684809046637,3,6938.84591888482,"251,501,751",0.00499684809728758,3,6938.84591888483,"251,501,751",0.00499684809956132,3,6938.84591888481,"251,501,751",0.00499684809274011,3,6938.84591888482,"157,251,501,606,751,899",6,72.6822790359121,"157,251,501,606,751,899",6,72.6822790359121,"157,251,501,606,751,899",6,72.6822790359121
"251,501,751",0.005,3,6953.01231113383,"251,501,503,504,510,511,750,751",0.00690462597917472,8,7062.29881134513,"251,501,750",0.00548853782913476,3,6948.65399540989,"251,501,750",0.00538821590374277,3,6948.5300992808,"251,501,750",0.00538821590578913,3,6948.5300992808,"251,501,750",0.00538821590465226,3,6948.53009928081,"251,501,750",0.00538821590465226,3,6948.5300992808,"251,501,750",0.00538821590897236,3,6948.53009928081,"251,501,750",0.00538821590669862,3,6948.53009928081,"251,501,750",0.00538821590533438,3,6948.5300992808,"251,501,750",0.00538821590306064,3,6948.5300992808,"251,501,750",0.00538821590533438,3,6948.5300992808,"85,251,400,482,501,625,750,865",8,85.764409744107,"85,251,417,501,625,750,865",7,87.2767680465168,"85,251,417,501,625,750,865",7,87.2767680465168
"251,501,751",0.005,3,6908.21408707601,"249,250,251,476,501,585,750,751,753,778",0.00577352941780756,10,6991.390473392,"251,501,751",0.00524566057133546,3,6897.77423125337,"251,501,751",0.00473980547042409,3,6894.85343655878,"251,501,751",0.00473980546849142,3,6894.85343655878,"251,501,751",0.00473980547087884,3,6894.85343655878,"251,501,751",0.00473980546815036,3,6894.85343655879,"251,501,751",0.0047398054712199,3,6894.85343655878,"251,501,751",0.00473980547190202,3,6894.85343655878,"251,501,751",0.00473980546928723,3,6894.85343655878,"251,501,751",0.00473980547019672,3,6894.85343655878,"251,501,751",0.00473980546871879,3,6894.85343655878,"132,251,416,501,674,751,856",7,30.429847416681,"132,251,416,501,674,751,856",7,30.429847416681,"132,251,416,501,674,751,856",7,30.429847416681
"251,501,751",0.005,3,6978.7553157044,"251,496,500,501,750,751,756",0.00664915269807086,7,7053.18030482288,"251,501,751",0.00561009579138497,3,6973.83615030917,"251,501,751",0.00558448748313965,3,6973.82557623493,"251,501,751",0.00558448747944483,3,6973.82557623493,"251,501,751",0.00558448748365124,3,6973.82557623494,"251,501,751",0.00558448747785321,3,6973.82557623493,"251,501,751",0.00558448747700056,3,6973.82557623494,"251,501,751",0.00558448747700056,3,6973.82557623493,"251,501,751",0.00558448747989958,3,6973.82557623493,"251,501,751",0.00558448747978589,3,6973.82557623493,"251,501,751",0.0055844874839923,3,6973.82557623493,"166,251,380,501,637,751,867",7,123.030726269346,"166,251,380,501,637,751,867",7,123.030726269346,"166,251,380,501,637,751,867",7,123.030726269346
"251,501,751",0.005,3,7000.58115557485,"240,245,246,251,253,485,487,498,499,500,501,502,751",0.00555368721733878,13,7152.1543909846,"251,501,751",0.00460137222112101,3,6997.80421590837,"251,501,751",0.00456252950685122,3,6997.7612047715,"251,501,751",0.00456252950912495,3,6997.7612047715,"251,501,751",0.00456252950457748,3,6997.7612047715,"251,501,751",0.00456252950730596,3,6997.76120477149,"251,501,751",0.00456252950275849,3,6997.76120477147,"251,501,751",0.00456252950412273,3,6997.76120477148,"251,501,751",0.00456252950412273,3,6997.76120477148,"251,501,751",0.00456252949866576,3,6997.76120477147,"251,501,751",0.00456252950230374,3,6997.76120477148,"134,251,430,501,551,668,751,925",8,125.072676222944,"134,251,430,501,561,751,925",7,124.931861362048,"134,251,430,501,668,751,925",7,125.824663925
"251,501,751",0.005,3,6969.20596447942,"250,251,501,506,524,751,757",0.00637498363828424,7,7063.92578793699,"250,501,751",0.00507696853951079,3,6967.64313720184,"250,501,751",0.00491328482730528,3,6967.29182161341,"250,501,751",0.00491328482662315,3,6967.29182161341,"250,501,751",0.00491328482639578,3,6967.29182161342,"250,501,751",0.00491328482616841,3,6967.29182161341,"250,501,751",0.00491328482662315,3,6967.29182161342,"250,501,751",0.00491328482594103,3,6967.29182161342,"250,501,751",0.00491328482400836,3,6967.29182161342,"250,501,751",0.00491328482650947,3,6967.29182161342,"250,501,751",0.00491328482343992,3,6967.29182161342,"152,250,415,501,582,751,877",7,105.698863506282,"152,251,415,501,582,751,877",7,105.951135475836,"152,251,415,501,582,751,877",7,105.951135475836
"251,501,751",0.005,3,6860.09036529667,"251,488,500,501,747,749,751",0.00704474064503692,7,6931.44222930585,"251,501,751",0.0062941367026133,3,6851.84004325585,"251,501,751",0.00597067252299603,3,6850.45428470574,"251,501,751",0.00597067252401921,3,6850.45428470574,"251,501,751",0.00597067252481502,3,6850.45428470573,"251,501,751",0.00597067252606557,3,6850.45428470573,"251,501,751",0.00597067252572451,3,6850.45428470574,"251,501,751",0.00597067252538345,3,6850.45428470574,"251,501,751",0.00597067252470133,3,6850.45428470573,"251,501,751",0.0059706725258382,3,6850.45428470574,"251,501,751",0.00597067252436027,3,6850.45428470574,"130,251,334,463,501,585,749,894",8,11.5379734143987,"130,251,383,501,587,751,894",7,13.684421589283,"130,251,383,501,587,751,894",7,13.684421589283
"251,501,751",0.005,3,6970.54404260979,"249,254,500,501,506,538,751,752",0.00693430144185363,8,7081.79970064379,"249,501,752",0.00564734994944737,3,6961.80078412107,"249,501,752",0.00526534574637237,3,6959.18603934205,"249,501,752",0.00526534574577551,3,6959.18603934204,"249,501,752",0.00526534574873137,3,6959.18603934203,"249,501,752",0.00526534574868874,3,6959.18603934204,"249,501,752",0.00526534574387126,3,6959.18603934204,"249,501,752",0.0052653457502093,3,6959.18603934203,"249,501,752",0.00526534575271041,3,6959.18603934203,"249,501,752",0.00526534574848978,3,6959.18603934204,"249,501,752",0.00526534574766555,3,6959.18603934204,"150,249,332,469,501,624,752,900",8,83.4682350181079,"150,254,332,469,501,624,752,900",8,88.3683765544329,"150,254,332,469,501,624,752,900",8,88.3683765544329
"251,501,751",0.005,3,6926.27486296247,"251,499,501,503,505,518,526,564,751,758",0.00674176844283185,10,7024.37950110602,"251,503,751",0.00573078832304624,3,6917.16331243053,"251,503,751",0.00567597505939753,3,6916.97172079109,"251,503,751",0.00567597506280813,3,6916.9717207911,"251,503,751",0.0056759750596249,3,6916.9717207911,"251,503,751",0.00567597506303551,3,6916.9717207911,"251,503,751",0.00567597506053439,3,6916.97172079109,"251,503,751",0.00567597506258076,3,6916.97172079109,"251,503,751",0.00567597506144389,3,6916.97172079109,"251,503,751",0.00567597506417237,3,6916.9717207911,"251,503,751",0.00567597506098914,3,6916.97172079109,"120,251,419,503,609,751,875",7,57.6662797311188,"120,251,419,503,609,751,875",7,57.6662797311188,"120,251,419,503,609,751,875",7,57.6662797311188
"251,501,751",0.005,3,7025.66293093842,"251,488,498,501,504,537,750,751",0.00650066310044346,8,7144.38125684833,"251,501,751",0.00475497103472483,3,7026.75073948735,"251,501,751",0.00469493117893933,3,7024.189358816,"251,501,751",0.00469493117814352,3,7024.189358816,"251,501,751",0.00469493117973514,3,7024.189358816,"251,501,751",0.00469493118212256,3,7024.18935881599,"251,501,751",0.00469493117689297,3,7024.189358816,"251,501,751",0.00469493118075832,3,7024.189358816,"251,501,751",0.00469493117712034,3,7024.189358816,"251,501,751",0.00469493117655191,3,7024.189358816,"251,501,751",0.00469493117984883,3,7024.18935881599,"186,251,302,501,670,751,866",7,160.928026214868,"186,251,302,501,670,751,866",7,160.928026214868,"186,251,302,501,670,751,866",7,160.928026214868
"251,501,751",0.005,3,6939.38153994158,"251,499,501,509,751",0.0061667165773703,5,6975.01467469999,"251,501,751",0.00529813259712057,3,6931.03547939431,"251,501,751",0.0052940620545337,3,6931.03519402786,"251,501,751",0.00529406205930855,3,6931.03519402788,"251,501,751",0.00529406205612532,3,6931.03519402787,"251,501,751",0.0052940620524305,3,6931.03519402786,"251,501,751",0.00529406205726219,3,6931.03519402787,"251,501,751",0.00529406205527267,3,6931.03519402787,"251,501,751",0.00529406205638112,3,6931.03519402787,"251,501,751",0.00529406205703481,3,6931.03519402787,"251,501,751",0.00529406205848432,3,6931.03519402787,"141,251,405,501,643,751,911",7,63.3113909042533,"141,251,405,501,643,751,911",7,63.3113909042533,"141,251,405,501,643,751,911",7,63.3113909042533
"251,501,751",0.005,3,6957.40834474016,"252,462,501,502,749,750,751,753,755,771",0.00596635107935146,10,7101.04274300043,"252,501,750",0.00457663862946071,3,6948.42329728125,"252,501,750",0.0043661648683077,3,6947.79510307956,"252,501,750",0.00436616486376022,3,6947.79510307955,"252,501,750",0.00436616486557921,3,6947.79510307955,"252,501,750",0.00436616486694345,3,6947.79510307955,"252,501,750",0.00436616486671608,3,6947.79510307955,"252,501,750",0.00436616486694345,3,6947.79510307955,"252,501,750",0.0043661648639876,3,6947.79510307956,"252,501,750",0.00436616486648871,3,6947.79510307955,"252,501,750",0.00436616486921719,3,6947.79510307955,"122,252,308,501,647,750,774",7,63.7470525513962,"122,252,308,501,647,751,774",7,65.3469401134588,"122,252,501,647,751,774",6,67.7088864376229
"251,501,751",0.005,3,7029.17521506276,"241,251,436,449,496,499,501,503,525,548,751,752,755",0.00661972153707317,13,7183.37939156386,"251,501,751",0.0058590646131818,3,7030.93168469826,"251,501,751",0.00528268957309928,3,7026.33595837482,"251,501,751",0.00528268957366771,3,7026.33595837482,"251,501,751",0.00528268957025711,3,7026.33595837481,"251,501,751",0.00528268957560039,3,7026.33595837482,"251,501,751",0.00528268957275822,3,7026.33595837481,"251,501,751",0.005282689577192,3,7026.33595837482,"251,501,751",0.00528268957457721,3,7026.33595837481,"251,501,751",0.00528268957912468,3,7026.33595837482,"251,501,751",0.00528268957366771,3,7026.33595837481,"74,175,251,377,501,695,752,810",8,167.217515277457,"74,175,251,377,501,695,751,810",8,167.355816206294,"74,175,251,359,501,698,751,810",8,168.455954069327
"251,501,751",0.005,3,6993.85423044541,"225,248,250,256,456,500,501,514,537,749,751",0.00586571706716936,11,7118.17840887424,"248,501,751",0.00471085425321115,3,6981.76407764771,"248,501,751",0.00446033469013633,3,6980.88856749795,"248,501,751",0.00446033469263744,3,6980.88856749795,"248,501,751",0.00446033469161426,3,6980.88856749794,"248,501,751",0.00446033468888577,3,6980.88856749795,"248,501,751",0.00446033469218269,3,6980.88856749794,"248,501,751",0.00446033468956789,3,6980.88856749796,"248,501,751",0.00446033469172794,3,6980.88856749795,"248,501,751",0.00446033469320587,3,6980.88856749794,"248,501,751",0.00446033469331956,3,6980.88856749794,"214,248,293,501,599,751,925",7,112.097100367163,"214,250,293,501,599,751,925",7,113.097338294818,"214,250,293,501,599,751,925",7,113.097338294818
"251,501,751",0.005,3,6981.10950041522,"245,246,251,498,499,501,502,503,749,752",0.00612006250518085,10,7133.03193406634,"251,499,749",0.00435010038549591,3,6970.56032014797,"251,499,749",0.00432960683315358,3,6970.54329511159,"251,499,749",0.00432960683494414,3,6970.54329511159,"251,499,749",0.00432960683440413,3,6970.54329511159,"251,499,749",0.0043296068316188,3,6970.54329511159,"251,499,749",0.00432960683204513,3,6970.54329511159,"251,499,749",0.00432960683193144,3,6970.54329511159,"251,499,749",0.0043296068329262,3,6970.54329511159,"251,499,749",0.0043296068322725,3,6970.54329511159,"251,499,749",0.00432960683434729,3,6970.54329511159,"187,251,429,499,585,749,937",7,102.78428133723,"187,251,429,499,585,749,937",7,102.78428133723,"187,251,429,499,585,749,937",7,102.78428133723
"251,501,751",0.005,3,6909.88509790309,"251,262,266,501,502,505,506,507,745,752",0.00579626794607709,10,7013.75880958285,"251,501,752",0.00527577239599601,3,6906.47096839554,"251,501,752",0.00500807329169468,3,6905.44470973403,"251,501,752",0.00500807329021675,3,6905.44470973403,"251,501,752",0.0050080732906715,3,6905.44470973402,"251,501,752",0.00500807328839776,3,6905.44470973403,"251,501,752",0.00500807329089887,3,6905.44470973402,"251,501,752",0.00500807328703352,3,6905.44470973402,"251,501,752",0.00500807328703352,3,6905.44470973403,"251,501,752",0.00500807328521453,3,6905.44470973403,"251,501,752",0.00500807328680615,3,6905.44470973403,"123,251,276,445,501,546,708,752,920",9,49.1212798335609,"193,251,262,399,501,546,708,752,920",9,55.1856409746873,"193,251,262,399,501,546,752,920",8,56.8441182476291
"251,501,751",0.005,3,6911.07679945905,"251,255,494,497,500,519,533,535,750,751,755,770",0.00633922053241541,12,7047.86457778138,"251,500,751,755",0.00544092045975808,4,6917.51544605318,"251,500,751",0.00533148500610923,3,6905.04304333833,"251,500,751",0.00504868608238968,3,6904.18048938211,"251,500,751",0.00504868608648241,3,6904.18048938211,"251,500,751",0.00504868608557291,3,6904.18048938211,"251,500,751",0.00504868608580029,3,6904.18048938211,"251,500,751",0.00504868608761928,3,6904.18048938211,"251,500,751",0.00504868608625503,3,6904.1804893821,"251,500,751",0.00504868608466342,3,6904.18048938211,"251,500,751",0.00504868608420867,3,6904.18048938211,"152,251,377,500,690,751,827",7,56.1235018437978,"152,251,377,500,690,751,827",7,56.1235018437978,"152,251,377,500,690,751,827",7,56.1235018437978
"251,501,751",0.005,3,6888.89367106975,"251,252,499,501,744,750,751",0.00604576685965037,7,6963.65379351077,"252,501,751",0.00511528846516016,3,6880.80708878625,"252,501,751",0.00497698714083764,3,6880.59945480933,"252,501,751",0.0049769871394734,3,6880.59945480933,"252,501,751",0.00497698713970077,3,6880.59945480933,"252,501,751",0.00497698713583542,3,6880.59945480933,"252,501,751",0.00497698714356612,3,6880.59945480933,"252,501,751",0.00497698713879128,3,6880.59945480933,"252,501,751",0.00497698714242926,3,6880.59945480934,"252,501,751",0.00497698713924602,3,6880.59945480933,"252,501,751",0.00497698714106501,3,6880.59945480933,"122,252,452,501,634,750,807,952",8,28.6766313819662,"122,252,452,501,634,750,909",7,31.6050974541157,"122,252,452,501,634,750,909",7,31.6050974541157
"251,501,751",0.005,3,6928.77670786697,"242,251,478,488,501,504,513,746,751",0.00590716383898467,9,7025.78918993961,"251,504,751",0.00475024662917061,3,6919.20577725622,"251,504,751",0.00471380492179697,3,6919.16292729732,"251,504,751",0.00471380492475283,3,6919.16292729732,"251,504,751",0.00471380492361596,3,6919.16292729731,"251,504,751",0.00471380492452545,3,6919.16292729731,"251,504,751",0.00471380492225172,3,6919.16292729731,"251,504,751",0.00471380492338858,3,6919.16292729732,"251,504,751",0.00471380492429808,3,6919.16292729732,"251,504,751",0.0047138049258897,3,6919.16292729732,"251,504,751",0.00471380492179697,3,6919.16292729732,"114,251,308,504,645,751,897",7,55.9275113401686,"114,251,308,504,645,751,897",7,55.9275113401686,"114,251,308,504,645,751,897",7,55.9275113401686
"251,501,751",0.005,3,6937.98632920637,"249,251,420,500,501,505,526,751,753",0.0072373179734793,9,7066.62882381794,"249,500,751,753",0.00582436218887052,4,6949.15841860821,"249,500,751",0.00551938206475188,3,6933.95857882382,"249,500,751",0.00532753697541942,3,6933.62268490501,"249,500,751",0.00532753697607311,3,6933.62268490501,"249,500,751",0.00532753697738051,3,6933.62268490501,"249,500,751",0.0053275369772384,3,6933.62268490501,"249,500,751",0.00532753697874476,3,6933.62268490501,"249,500,751",0.00532753697658471,3,6933.62268490501,"249,500,751",0.00532753697610154,3,6933.62268490501,"249,500,751",0.00532753697681208,3,6933.62268490501,"111,249,321,501,605,751,857",7,75.1585276918387,"111,251,321,500,605,753,857",7,78.0959834990467,"111,251,321,500,605,753,857",7,78.0959834990467
"251,501,751",0.005,3,6949.71556394948,"251,252,257,277,471,473,498,501,502,512,748,751,759",0.00659153367351661,13,7079.01641631678,"251,502,748",0.00600671881027303,3,6937.11957397732,"251,502,748",0.00571135233127487,3,6936.02295220302,"251,502,748",0.00571135233249701,3,6936.02295220302,"251,502,748",0.00571135233354861,3,6936.02295220302,"251,502,748",0.00571135233212753,3,6936.02295220302,"251,502,748",0.00571135233158751,3,6936.02295220303,"251,502,748",0.00571135233138856,3,6936.02295220303,"251,502,748",0.00571135233127487,3,6936.02295220303,"251,502,748",0.005711352334316,3,6936.02295220302,"251,502,748",0.00571135233363388,3,6936.02295220302,"62,251,353,502,550,748,894",7,82.0898512897264,"62,252,353,502,550,719,751,894",8,86.8517511575116,"62,252,353,502,550,719,751,894",8,86.8517511575116
"251,501,751",0.005,3,6935.34930678712,"244,251,488,500,501,518,749,751",0.00654856696586369,8,7030.87482045092,"251,501,751",0.00532511232977705,3,6934.30807320487,"251,501,751",0.00526794030798783,3,6934.18157202651,"251,501,751",0.00526794030639622,3,6934.18157202651,"251,501,751",0.00526794031117106,3,6934.1815720265,"251,501,751",0.00526794030594147,3,6934.18157202651,"251,501,751",0.00526794030685096,3,6934.18157202652,"251,501,751",0.00526794030889733,3,6934.18157202651,"251,501,751",0.00526794030753308,3,6934.18157202652,"251,501,751",0.00526794030525935,3,6934.18157202652,"251,501,751",0.00526794030889733,3,6934.18157202651,"150,251,401,501,602,751,800",7,67.3978646189132,"150,251,401,501,602,751,800",7,67.3978646189132,"150,251,401,501,602,751,800",7,67.3978646189132
"251,501,751",0.005,3,6944.5676777638,"251,484,492,500,511,749,750,752",0.00671671564453646,8,7051.8656296053,"251,500,750",0.00524126060451323,3,6934.85157798551,"251,500,750",0.00521404961141988,3,6934.84307189817,"251,500,750",0.00521404961045354,3,6934.84307189816,"251,500,750",0.00521404960931667,3,6934.84307189816,"251,500,750",0.00521404960920298,3,6934.84307189816,"251,500,750",0.00521404961272728,3,6934.84307189817,"251,500,750",0.00521404961107882,3,6934.84307189817,"251,500,750",0.00521404961272728,3,6934.84307189817,"251,500,750",0.00521404960937351,3,6934.84307189816,"251,500,750",0.00521404961164725,3,6934.84307189817,"110,251,333,500,588,750,864",7,74.0782149870469,"110,251,333,500,588,750,864",7,74.0782149870469,"110,251,333,500,588,750,864",7,74.0782149870469
"251,501,751",0.005,3,6938.7863883652,"244,250,251,253,255,482,489,494,499,500,501,751",0.00507252199421583,12,7069.75100733721,"251,255,501,751",0.00441598531220234,4,6946.98917752116,"251,501,751",0.00453155790216203,3,6936.0823043324,"251,501,751",0.00432914927724513,3,6935.59728242578,"251,501,751",0.0043291492757672,3,6935.59728242579,"251,501,751",0.00432914927730197,3,6935.59728242578,"251,501,751",0.00432914927559667,3,6935.59728242578,"251,501,751",0.0043291492774725,3,6935.59728242579,"251,501,751",0.00432914927508508,3,6935.59728242579,"251,501,751",0.00432914927883674,3,6935.59728242579,"251,501,751",0.00432914927599457,3,6935.59728242579,"142,251,457,501,623,751,921",7,64.9594885911608,"142,253,457,501,623,751,921",7,65.5799919907929,"142,253,457,501,623,751,921",7,65.5799919907929
"251,501,751",0.005,3,6953.1890722423,"251,496,501,502,515,739,743,751",0.00568359773460436,8,7022.74288050862,"251,501,751",0.00509039284857826,3,6947.86536520539,"251,501,751",0.00495829996337462,3,6947.31117521647,"251,501,751",0.00495829996428411,3,6947.31117521648,"251,501,751",0.00495829996382937,3,6947.31117521647,"251,501,751",0.0049582999670126,3,6947.31117521647,"251,501,751",0.00495829996564836,3,6947.31117521647,"251,501,751",0.00495829996792209,3,6947.31117521647,"251,501,751",0.00495829996201038,3,6947.31117521646,"251,501,751",0.00495829996337462,3,6947.31117521647,"251,501,751",0.0049582999583724,3,6947.31117521646,"101,251,447,501,659,751,916",7,80.3785097837801,"101,251,447,501,659,751,916",7,80.3785097837801,"101,251,447,501,659,751,814",7,80.9547309029469
"251,501,751",0.005,3,6890.15620876761,"251,257,491,494,500,503,506,513,538,749,751",0.0060639364423846,11,7039.00029976984,"251,500,749",0.00453531983173342,3,6888.45194556305,"251,500,749",0.00436873711067682,3,6883.02370340365,"251,500,749",0.00436873710726621,3,6883.02370340365,"251,500,749",0.00436873710976732,3,6883.02370340365,"251,500,749",0.00436873711135894,3,6883.02370340364,"251,500,749",0.00436873710794834,3,6883.02370340365,"251,500,749",0.00436873711135894,3,6883.02370340365,"251,500,749",0.0043687371056746,3,6883.02370340365,"251,500,749",0.00436873711226844,3,6883.02370340365,"251,500,749",0.00436873711317793,3,6883.02370340365,"90,251,362,503,632,749",6,28.667156988713,"128,257,362,503,632,749",6,34.0976840826845,"128,257,362,503,632,749",6,34.0976840826845
"251,501,751",0.005,3,6949.50559662983,"249,250,252,254,456,475,499,500,503,511,521,750,751,753",0.00678626654585472,14,7127.97657003637,"250,500,750",0.00518503378500612,3,6931.82409493325,"250,500,750",0.00498588696545857,3,6931.19756859035,"250,500,750",0.00498588696500382,3,6931.19756859035,"250,500,750",0.00498588696682281,3,6931.19756859035,"250,500,750",0.00498588696273009,3,6931.19756859035,"250,500,750",0.00498588696477645,3,6931.19756859036,"250,500,750",0.00498588696409433,3,6931.19756859035,"250,500,750",0.00498588696932392,3,6931.19756859035,"250,500,750",0.00498588696591332,3,6931.19756859035,"250,500,750",0.00498588696386695,3,6931.19756859036,"173,250,361,500,611,750,798,959",8,65.6085577525446,"173,252,361,500,611,751,851,959",8,68.8627638512678,"173,252,361,500,606,751,851,959",8,69.0541594733687
"251,501,751",0.005,3,6926.16126917705,"251,495,500,502,508,750,754",0.00732682795424942,7,7046.80409642116,"251,502,754",0.00577323768031229,3,6918.30895609899,"251,502,754",0.00545527199323684,3,6917.01070971155,"251,502,754",0.00545527199322974,3,6917.01070971154,"251,502,754",0.00545527199262578,3,6917.01070971155,"251,502,754",0.00545527199285315,3,6917.01070971155,"251,502,754",0.00545527199222787,3,6917.01070971155,"251,502,754",0.00545527199221366,3,6917.01070971155,"251,502,754",0.00545527199273236,3,6917.01070971155,"251,502,754",0.0054552719933079,3,6917.01070971155,"251,502,754",0.00545527199310184,3,6917.01070971154,"130,251,368,502,583,750,853",7,63.8840251617922,"130,251,368,502,583,750,853",7,63.8840251617922,"130,251,368,502,583,750,853",7,63.8840251617922
"251,501,751",0.005,3,6925.41440888817,"237,249,250,251,468,484,485,501,508,511,544,750,751",0.00623606427251692,13,7054.21600633444,"250,501,751",0.00617686249689134,3,6934.52193535987,"250,501,751",0.00514546624457589,3,6919.76840586516,"250,501,751",0.00514546624753174,3,6919.76840586515,"250,501,751",0.00514546624912336,3,6919.76840586514,"250,501,751",0.00514546624821386,3,6919.76840586515,"250,501,751",0.00514546624713384,3,6919.76840586514,"250,501,751",0.0051454662474749,3,6919.76840586515,"250,501,751",0.00514546624679278,3,6919.76840586515,"250,501,751",0.00514546624764543,3,6919.76840586514,"250,501,751",0.00514546625014654,3,6919.76840586514,"149,249,306,501,638,751,882",7,64.1938582731801,"149,249,306,501,638,750,882",7,64.331878135523,"149,249,306,501,638,750,882",7,64.331878135523
"251,501,751",0.005,3,6933.43780661288,"245,246,251,256,257,500,501,519,751,755",0.00561296203643899,10,7059.94925552134,"251,256,500,751",0.00458933569971908,4,6940.84141205794,"251,500,751",0.00464401777312278,3,6930.81749704171,"251,500,751",0.00428835113801979,3,6929.14886499672,"251,500,751",0.00428835113950482,3,6929.14886499673,"251,500,751",0.00428835113873033,3,6929.14886499673,"251,500,751",0.00428835113892928,3,6929.14886499674,"251,500,751",0.00428835114093302,3,6929.14886499674,"251,500,751",0.00428835113887955,3,6929.14886499673,"251,500,751",0.004288351138034,3,6929.14886499673,"251,500,751",0.00428835113747267,3,6929.14886499673,"184,251,372,501,556,751,888",7,51.2076783588319,"184,251,372,501,556,751,888",7,51.2076783588319,"184,251,372,500,556,751,888",7,51.5953493384295
"251,501,751",0.005,3,7002.50883404097,"249,251,486,489,492,500,503,507,747,751,756",0.00532429828729451,11,7106.38462509904,"249,500,751",0.00455993894426163,3,6990.24978171094,"249,500,751",0.00449459982853355,3,6989.93495158323,"249,500,751",0.00449459982614613,3,6989.93495158323,"249,500,751",0.0044945998280788,3,6989.93495158323,"249,500,751",0.00449459982716931,3,6989.93495158322,"249,500,751",0.00449459982546401,3,6989.93495158323,"249,500,751",0.00449459982705562,3,6989.93495158323,"249,500,751",0.00449459982660087,3,6989.93495158323,"249,500,751",0.00449459982762406,3,6989.93495158322,"249,500,751",0.00449459982603244,3,6989.93495158323,"62,249,427,500,679,751,863",7,117.329298999981,"62,249,427,500,679,751,863",7,117.329298999981,"62,249,427,500,679,751,863",7,117.329298999981
"251,501,751",0.005,3,6929.78842333973,"251,494,501,502,751,753",0.00613273965716998,6,7009.42401208392,"251,501,751",0.00478522559276512,3,6927.36512399613,"251,501,751",0.00466045938991038,3,6926.78090837097,"251,501,751",0.00466045939135278,3,6926.78090837098,"251,501,751",0.00466045939097619,3,6926.78090837098,"251,501,751",0.00466045938730269,3,6926.78090837098,"251,501,751",0.00466045939027986,3,6926.78090837098,"251,501,751",0.00466045938860298,3,6926.78090837098,"251,501,751",0.00466045938911457,3,6926.78090837098,"251,501,751",0.00466045938618003,3,6926.78090837098,"251,501,751",0.00466045938907194,3,6926.78090837098,"56,251,349,501,613,751,866",7,62.5260110015912,"56,251,349,501,613,751,866",7,62.5260110015912,"56,251,349,501,613,751,866",7,62.5260110015912
"251,501,751",0.005,3,6929.6349160582,"251,467,482,501,504,516,751",0.0063137408118946,7,7014.0826450166,"251,501,751",0.00500955044758844,3,6926.83877678816,"251,501,751",0.00497376066897199,3,6926.810514139,"251,501,751",0.0049737606680625,3,6926.810514139,"251,501,751",0.00497376066851725,3,6926.810514139,"251,501,751",0.00497376066863093,3,6926.810514139,"251,501,751",0.00497376066919937,3,6926.810514139,"251,501,751",0.00497376067135942,3,6926.810514139,"251,501,751",0.00497376066840356,3,6926.81051413901,"251,501,751",0.00497376066658457,3,6926.810514139,"251,501,751",0.00497376066749407,3,6926.810514139,"125,251,295,501,637,751,922",7,70.8684417493628,"125,251,295,501,637,751,922",7,70.8684417493628,"125,251,295,501,637,751,922",7,70.8684417493628
"251,501,751",0.005,3,6958.03644889811,"251,258,261,497,501,747,751,758,760",0.00678003567573562,9,7061.63872442199,"251,501,751",0.00610572986964371,3,6954.5881177561,"251,501,751",0.00567260514724239,3,6952.77296981321,"251,501,751",0.00567260514701501,3,6952.77296981321,"251,501,751",0.00567260514633289,3,6952.77296981322,"251,501,751",0.00567260514678764,3,6952.77296981322,"251,501,751",0.00567260514428653,3,6952.77296981322,"251,501,751",0.00567260514678764,3,6952.77296981322,"251,501,751",0.00567260514610552,3,6952.77296981322,"251,501,751",0.0056726051445139,3,6952.77296981322,"251,501,751",0.00567260514610552,3,6952.77296981322,"78,203,258,382,501,617,751,837",8,111.561039690783,"86,251,269,382,501,617,751,837",8,114.06820615806,"86,251,382,501,617,751,837",7,115.043220265797
"251,501,751",0.005,3,6976.32522181366,"226,248,250,251,252,501,502,506,534,751,754",0.00595316347203302,11,7099.90246213862,"252,506,751",0.00557186684553075,3,6978.90198600445,"252,506,751",0.00487794148914328,3,6972.7625304945,"252,506,751",0.00487794148954118,3,6972.7625304945,"252,506,751",0.00487794148999593,3,6972.7625304945,"252,506,751",0.00487794149079174,3,6972.7625304945,"252,506,751",0.00487794148948434,3,6972.7625304945,"252,506,751",0.00487794149079174,3,6972.7625304945,"252,506,751",0.00487794148931381,3,6972.7625304945,"252,506,751",0.00487794148988224,3,6972.7625304945,"252,506,751",0.00487794148863169,3,6972.7625304945,"179,251,306,486,502,629,751,801",8,120.251341524738,"179,250,371,506,629,751,801",7,121.944910852703,"179,250,371,506,629,751,801",7,121.944910852703
"251,501,751",0.005,3,6918.36832388946,"251,253,262,496,499,500,501,521,523,532,748,750,751",0.00674386187497898,13,7093.65932886111,"251,501,748",0.00541819477165963,3,6909.21696010088,"251,501,748",0.00516745058414393,3,6908.3270108992,"251,501,748",0.00516745058428603,3,6908.3270108992,"251,501,748",0.00516745058604818,3,6908.32701089921,"251,501,748",0.00516745058479762,3,6908.3270108992,"251,501,748",0.00516745058741242,3,6908.3270108992,"251,501,748",0.0051674505863324,3,6908.3270108992,"251,501,748",0.00516745058496816,3,6908.3270108992,"251,501,748",0.00516745058627555,3,6908.32701089921,"251,501,748",0.00516745058590607,3,6908.32701089921,"117,251,384,501,640,750,879",7,49.6732124330614,"136,251,262,384,501,640,750,879",8,53.4245648871238,"136,251,262,384,501,640,750,879",8,53.4245648871238
"251,501,751",0.005,3,6986.27061601196,"251,460,461,501,504,509,753",0.00641856974342846,7,7062.87639868388,"251,501,753",0.00503647360659746,3,6979.99099069768,"251,501,753",0.00494888956937548,3,6979.65651593386,"251,501,753",0.00494888956653331,3,6979.65651593386,"251,501,753",0.00494888956721543,3,6979.65651593386,"251,501,753",0.00494888957051235,3,6979.65651593386,"251,501,753",0.0049488895717629,3,6979.65651593386,"251,501,753",0.00494888956857967,3,6979.65651593386,"251,501,753",0.00494888956948916,3,6979.65651593386,"251,501,753",0.00494888957187659,3,6979.65651593386,"251,501,753",0.00494888956812492,3,6979.65651593386,"11,176,251,406,501,674,753,874",8,112.298675222931,"11,108,251,406,501,674,753,874",8,115.92057222407,"11,108,251,406,501,674,753,874",8,115.92057222407
"251,501,751",0.005,3,6927.00700805998,"251,252,253,501,543,751,756",0.00576428615599094,7,7001.15174214424,"251,501,751",0.0049570200576967,3,6922.392806696,"251,501,751",0.00472705520959781,3,6921.82022082727,"251,501,751",0.00472705521437266,3,6921.82022082725,"251,501,751",0.00472705521255367,3,6921.82022082726,"251,501,751",0.00472705521505478,3,6921.82022082726,"251,501,751",0.00472705520891569,3,6921.82022082726,"251,501,751",0.0047270552166464,3,6921.82022082726,"251,501,751",0.00472705521300842,3,6921.82022082726,"251,501,751",0.00472705521414529,3,6921.82022082726,"251,501,751",0.00472705521255367,3,6921.82022082726,"181,252,449,501,618,751,817",7,58.8979481798617,"181,251,449,501,618,751,817",7,59.099469771766,"181,251,449,501,510,618,751,817",8,62.7684181064645
"251,501,751",0.005,3,6995.54097605382,"244,251,494,500,501,751",0.00685045058432686,6,7076.84734228524,"251,500,751",0.00537457190812026,3,6989.26867760857,"251,500,751",0.00533351551103167,3,6989.24649055709,"251,500,751",0.00533351551216854,3,6989.24649055709,"251,500,751",0.00533351551466965,3,6989.24649055709,"251,500,751",0.00533351551489703,3,6989.24649055709,"251,500,751",0.00533351551762551,3,6989.24649055709,"251,500,751",0.00533351551489703,3,6989.24649055708,"251,500,751",0.00533351551376016,3,6989.2464905571,"251,500,751",0.00533351550898531,3,6989.24649055709,"251,500,751",0.00533351551376016,3,6989.24649055709,"138,251,380,500,570,683,751,924",8,122.089496168501,"138,251,380,500,570,683,751,924",8,122.089496168501,"138,251,380,500,570,683,751,924",8,122.089496168501
"251,501,751",0.005,3,6985.79984547834,"251,500,501,565,586,751,755",0.00572497838585746,7,7051.12324525293,"251,501,751",0.00474944883724631,3,6984.40050555737,"251,501,751",0.00472525007918059,3,6984.35711387385,"251,501,751",0.00472525007417837,3,6984.35711387384,"251,501,751",0.00472525007372362,3,6984.35711387384,"251,501,751",0.00472525007326887,3,6984.35711387385,"251,501,751",0.0047252500764521,3,6984.35711387385,"251,501,751",0.00472525007349625,3,6984.35711387384,"251,501,751",0.00472525007372362,3,6984.35711387385,"251,501,751",0.00472525007508786,3,6984.35711387385,"251,501,751",0.00472525007440574,3,6984.35711387384,"159,251,393,501,528,751,911",7,105.878513124265,"159,251,393,501,528,751,911",7,105.878513124265,"159,251,393,501,528,751,911",7,105.878513124265
"251,501,751",0.005,3,6914.86876452741,"221,227,252,256,492,497,500,501,506,751,754,758",0.00618204572253063,12,7044.39688960348,"256,501,751",0.00544481781516392,3,6903.0982959787,"256,501,751",0.0052630875104899,3,6902.45557042508,"256,501,751",0.00526308751081675,3,6902.45557042508,"256,501,751",0.00526308750979357,3,6902.45557042508,"256,501,751",0.00526308751039043,3,6902.45557042507,"256,501,751",0.00526308750962304,3,6902.45557042508,"256,501,751",0.00526308750969409,3,6902.45557042508,"256,501,751",0.00526308751068885,3,6902.45557042508,"256,501,751",0.00526308750906882,3,6902.45557042508,"256,501,751",0.0052630875090404,3,6902.45557042507,"185,256,379,501,631,751,926",7,52.2567689059286,"185,256,379,501,631,751,926",7,52.2567689059286,"185,256,379,501,631,751,926",7,52.2567689059286
"251,501,751",0.005,3,6992.20941852561,"251,490,491,500,501,504,749,753,755",0.00720326190946866,9,7107.81945164694,"251,491,504,749,755",0.00610361226322622,5,7009.03219978248,"251,504,749",0.0060426694273766,3,6994.68952875857,"251,504,749",0.00548602971294074,3,6990.7421580147,"251,504,749",0.00548602971362286,3,6990.7421580147,"251,504,749",0.00548602971248599,3,6990.7421580147,"251,504,749",0.00548602971112175,3,6990.74215801471,"251,504,749",0.00548602971203124,3,6990.7421580147,"251,504,749",0.00548602971134912,3,6990.7421580147,"251,504,749",0.00548602971248599,3,6990.7421580147,"251,504,749",0.00548602971362286,3,6990.7421580147,"94,251,391,500,604,749,810,952",8,135.633269580819,"94,251,391,500,604,749,810,952",8,135.633269580819,"94,251,391,500,604,749,810,952",8,135.633269580819
"251,501,751",0.005,3,6961.49957652886,"249,251,478,488,501,750,751,753",0.00611312925950732,8,7068.43669604436,"251,501,750",0.00487214409292147,3,6957.86369960154,"251,501,750",0.00458357059667268,3,6957.00013422818,"251,501,750",0.00458357059508106,3,6957.00013422818,"251,501,750",0.00458357059451263,3,6957.00013422819,"251,501,750",0.00458357059678636,3,6957.00013422817,"251,501,750",0.00458357059576318,3,6957.00013422818,"251,501,750",0.00458357059519475,3,6957.00013422818,"251,501,750",0.00458357059542212,3,6957.00013422818,"251,501,750",0.00458357059405788,3,6957.00013422818,"251,501,750",0.00458357059508106,3,6957.00013422818,"139,251,319,501,578,751,954",7,79.260109147857,"139,251,319,501,578,750,954",7,79.8233991321947,"139,251,319,501,578,750,954",7,79.8233991321947
"251,501,751",0.005,3,6989.75781298415,"250,251,253,493,497,500,505,514,749,751",0.0062700044414286,10,7112.02126744417,"251,500,751",0.00496425396396768,3,6984.74882266166,"251,500,751",0.00483914049788746,3,6984.27010276712,"251,500,751",0.00483914049793009,3,6984.27010276712,"251,500,751",0.00483914049808641,3,6984.27010276712,"251,500,751",0.00483914049739008,3,6984.27010276712,"251,500,751",0.00483914049793009,3,6984.27010276712,"251,500,751",0.0048391404989817,3,6984.27010276712,"251,500,751",0.00483914049935118,3,6984.27010276712,"251,500,751",0.00483914050006172,3,6984.27010276712,"251,500,751",0.00483914049855537,3,6984.27010276712,"98,251,413,500,611,751,947",7,118.064293605905,"98,251,413,500,611,749,947",7,120.025469794322,"98,251,413,500,611,749,947",7,120.025469794322
"251,501,751",0.005,3,6996.6881882505,"250,251,477,479,495,501,503,560,749,751,765",0.00576323466570654,11,7113.50290601187,"250,501,503,751",0.00457882208775785,4,7000.20458310493,"250,501,751",0.00432654108129221,3,6987.9437426058,"250,501,751",0.00444658874577289,3,6986.83279703415,"250,501,751",0.00444658875532258,3,6986.83279703415,"250,501,751",0.00444658875805107,3,6986.83279703414,"250,501,751",0.00444658874941087,3,6986.83279703416,"250,501,751",0.00444658875532258,3,6986.83279703414,"250,501,751",0.0044465887516846,3,6986.83279703415,"250,501,751",0.00444658874895612,3,6986.83279703414,"250,501,751",0.00444658875668682,3,6986.83279703415,"250,353,501,698,751,919",6,113.656770587548,"250,353,501,698,749,919",6,116.766917242691,"250,353,501,698,749,919",6,116.766917242691
"251,501,751",0.005,3,6927.86194109127,"236,251,252,253,255,498,499,501,750,752,753",0.00627008415483337,11,7051.55218023265,"251,501,753",0.00564970963970601,3,6923.13042285297,"251,501,753",0.005324846741081,3,6921.97845984163,"251,501,753",0.00532484674362474,3,6921.97845984162,"251,501,753",0.00532484674237419,3,6921.97845984162,"251,501,753",0.00532484674355369,3,6921.97845984162,"251,501,753",0.00532484674382369,3,6921.97845984162,"251,501,753",0.00532484674518794,3,6921.97845984162,"251,501,753",0.00532484674473319,3,6921.97845984162,"251,501,753",0.00532484674218945,3,6921.97845984162,"251,501,753",0.00532484674230313,3,6921.97845984162,"123,252,437,501,576,753,859",7,64.4014550418045,"123,251,437,501,576,752,859",7,65.0766236476989,"123,251,437,501,576,752,859",7,65.0766236476989
"251,501,751",0.005,3,7001.15073310669,"250,251,478,479,487,491,501,539,575,751,752,756",0.00618177262957841,12,7139.9567349426,"251,501,751",0.00486146032245981,3,6995.14650397022,"251,501,751",0.00473801747540853,3,6994.90061141728,"251,501,751",0.00473801747503904,3,6994.90061141728,"251,501,751",0.00473801747368901,3,6994.90061141728,"251,501,751",0.00473801747646013,3,6994.90061141728,"251,501,751",0.00473801747536589,3,6994.90061141727,"251,501,751",0.00473801747574959,3,6994.90061141727,"251,501,751",0.00473801747373165,3,6994.90061141728,"251,501,751",0.00473801747607644,3,6994.90061141729,"251,501,751",0.00473801747582064,3,6994.90061141728,"43,251,385,501,624,751,965",7,123.091376354235,"43,251,385,501,624,751,965",7,123.091376354235,"43,251,385,501,624,751,965",7,123.091376354235
"251,501,751",0.005,3,7019.25335085092,"246,251,253,254,494,498,502,750,751,753",0.00627496712349404,10,7145.14885127815,"251,498,502,751",0.00520781431891123,4,7025.0351359155,"251,498,502,751",0.00495954066351414,4,7024.30367580333,"251,502,751",0.00483240578742951,3,7017.38834189345,"251,502,751",0.00486374074640776,3,7014.26498998538,"251,502,751",0.00486374074474509,3,7014.26498998538,"251,502,751",0.00486374074298294,3,7014.26498998538,"251,502,751",0.00486374074821964,3,7014.26498998539,"251,502,751",0.00486374074452482,3,7014.26498998538,"251,502,751",0.00486374074189581,3,7014.26498998537,"251,502,751",0.00486374074330979,3,7014.26498998538,"114,251,316,502,602,751,834",7,151.746184076284,"114,251,316,502,602,751,834",7,151.746184076284,"114,251,316,502,602,751,834",7,151.746184076284
"251,501,751",0.005,3,6985.59342253814,"250,252,403,501,504,506,751,752",0.00597981856464868,8,7069.94544836771,"250,501,752",0.00505801988203769,3,6979.16644676555,"250,501,752",0.00483253447363264,3,6978.57873732877,"250,501,752",0.00483253447783905,3,6978.57873732878,"250,501,752",0.00483253447511057,3,6978.57873732878,"250,501,752",0.00483253447158628,3,6978.57873732877,"250,501,752",0.00483253447431476,3,6978.57873732877,"250,501,752",0.00483253447431476,3,6978.57873732878,"250,501,752",0.00483253447192734,3,6978.57873732877,"250,501,752",0.00483253447124522,3,6978.57873732877,"250,501,752",0.00483253447442845,3,6978.57873732878,"69,250,341,501,634,752,852",7,109.232059451603,"69,252,341,501,634,752,852",7,111.178272344955,"69,252,341,501,634,752,852",7,111.178272344955
"251,501,751",0.005,3,7028.55809935442,"251,257,260,478,495,501,502,748,750,753,758",0.0056431176443749,11,7147.74527082252,"251,501,748",0.00458712957410569,3,7016.3977830717,"251,501,748",0.00448508996131238,3,7016.22696662939,"251,501,748",0.00448508996108501,3,7016.2269666294,"251,501,748",0.00448508996108501,3,7016.2269666294,"251,501,748",0.00448508996381349,3,7016.22696662939,"251,501,748",0.00448508996085763,3,7016.22696662939,"251,501,748",0.00448508996313137,3,7016.2269666294,"251,501,748",0.00448508996267662,3,7016.2269666294,"251,501,748",0.00448508996040289,3,7016.22696662939,"251,501,748",0.00448508996426824,3,7016.2269666294,"153,251,365,501,672,750,943",7,156.289169531119,"153,251,365,501,672,748,943",7,157.164273106728,"153,251,365,501,672,748,943",7,157.164273106728
"251,501,751",0.005,3,6968.31895129079,"248,250,501,502,548,750,757",0.00619716291847981,7,7029.06164045418,"250,502,750",0.00525442899589601,3,6950.15463428768,"250,502,750",0.00516114242822968,3,6950.03826659945,"250,502,750",0.00516114242948023,3,6950.03826659945,"250,502,750",0.00516114242948023,3,6950.03826659945,"250,502,750",0.00516114242845705,3,6950.03826659945,"250,502,750",0.00516114242925286,3,6950.03826659945,"250,502,750",0.00516114242777493,3,6950.03826659945,"250,502,750",0.00516114243141291,3,6950.03826659946,"250,502,750",0.00516114242732018,3,6950.03826659945,"250,502,750",0.00516114242959392,3,6950.03826659945,"17,150,250,427,502,593,750,814",8,99.554795818797,"93,250,427,502,593,750,814",7,101.583214334577,"93,250,427,502,593,750,814",7,101.583214334577
"251,501,751",0.005,3,6996.86848557023,"246,247,248,251,485,501,502,749,751,752",0.00682246247736291,10,7110.45051346596,"251,501,749",0.00594219246797129,3,6990.27930890063,"251,501,749",0.00575224534220703,3,6989.92607958098,"251,501,749",0.00575224534237046,3,6989.92607958097,"251,501,749",0.00575224534163149,3,6989.92607958098,"251,501,749",0.00575224534332969,3,6989.92607958097,"251,501,749",0.00575224534364944,3,6989.92607958097,"251,501,749",0.00575224534235625,3,6989.92607958097,"251,501,749",0.00575224534234914,3,6989.92607958098,"251,501,749",0.00575224534290337,3,6989.92607958098,"251,501,749",0.0057522453411128,3,6989.92607958098,"180,251,388,501,616,749,883",7,132.475300880853,"180,247,388,501,616,749,883",7,135.658862448563,"180,247,388,501,616,749,883",7,135.658862448563
"251,501,751",0.005,3,7019.70781584393,"251,254,256,259,499,501,512,746,751",0.00583652084510979,9,7139.89756737659,"251,499,751",0.00441613205628089,3,7015.22104996292,"251,499,751",0.00428338055177994,3,7014.22848824512,"251,499,751",0.0042833805513252,3,7014.22848824511,"251,499,751",0.00428338055166626,3,7014.22848824512,"251,499,751",0.00428338055240522,3,7014.22848824512,"251,499,751",0.00428338054933568,3,7014.22848824512,"251,499,751",0.00428338055115467,3,7014.22848824512,"251,499,751",0.00428338055115467,3,7014.22848824512,"251,499,751",0.00428338055121151,3,7014.22848824512,"251,499,751",0.00428338055195047,3,7014.22848824512,"145,251,383,499,668,751,897",7,139.635460409169,"145,254,383,501,668,751,897",7,141.729573695119,"145,254,383,499,670,751,946",7,142.297633241382
"251,501,751",0.005,3,7053.51691666383,"251,254,492,500,501,751,767",0.0058978629843852,7,7105.85818782511,"251,500,751",0.00572919559387662,3,7049.71975626089,"251,500,751",0.0052850437977807,3,7045.91654494862,"251,500,751",0.00528504379221004,3,7045.91654494863,"251,500,751",0.0052850437968712,3,7045.91654494863,"251,500,751",0.00528504379562065,3,7045.91654494863,"251,500,751",0.00528504379334691,3,7045.91654494863,"251,500,751",0.00528504379732595,3,7045.91654494862,"251,500,751",0.00528504379743964,3,7045.91654494862,"251,500,751",0.0052850437968712,3,7045.91654494861,"251,500,751",0.00528504379573433,3,7045.91654494862,"171,251,413,500,611,751,767,901",8,189.58280642015,"171,251,413,500,611,751,767,901",8,189.58280642015,"171,251,413,500,611,751,901",7,189.556039708761
"251,501,751",0.005,3,6940.88568399075,"251,501,504,509,751",0.00522978077585036,5,6980.33368922726,"251,501,751",0.00427482382011039,3,6935.10726515941,"251,501,751",0.00424707962557448,3,6935.05987081464,"251,501,751",0.00424707962943983,3,6935.05987081465,"251,501,751",0.00424707962853034,3,6935.05987081465,"251,501,751",0.00424707962773453,3,6935.05987081464,"251,501,751",0.00424707963444206,3,6935.05987081465,"251,501,751",0.00424707962682504,3,6935.05987081464,"251,501,751",0.00424707962875771,3,6935.05987081465,"251,501,751",0.00424707962966721,3,6935.05987081465,"251,501,751",0.00424707963307781,3,6935.05987081466,"93,251,416,501,524,751,898",7,70.5506805361288,"93,251,416,501,524,751,898",7,70.5506805361288,"93,251,416,501,524,751",6,73.5423160996813
"251,501,751",0.005,3,6957.68252685512,"251,253,489,493,499,501,751",0.00692562742603007,7,7025.2800466629,"251,499,501,751",0.00577718231396974,4,6957.26082064417,"251,499,751",0.00567430671957974,3,6945.2527747891,"251,499,751",0.00566094551674912,3,6944.81783649839,"251,499,751",0.00566094551743124,3,6944.81783649839,"251,499,751",0.00566094551765861,3,6944.81783649839,"251,499,751",0.00566094551765861,3,6944.81783649839,"251,499,751",0.00566094551834073,3,6944.81783649839,"251,499,751",0.00566094551765861,3,6944.81783649839,"251,499,751",0.00566094551879548,3,6944.81783649838,"251,499,751",0.0056609455194776,3,6944.81783649838,"112,251,388,499,616,751,822",7,65.4063379220437,"112,251,388,499,616,751,822",7,65.4063379220437,"112,251,388,499,616,751,822",7,65.4063379220437
"251,501,751",0.005,3,6890.03077418041,"228,246,252,258,261,471,496,501,502,504,512,751,752,784",0.00529377793721355,14,7032.43157302587,"252,501,502,751",0.00521866564481044,4,6898.29324853199,"252,502,751",0.00491980245511827,3,6882.55374070721,"252,502,751",0.00490728823432134,3,6882.53827091559,"252,502,751",0.00490728823197654,3,6882.53827091559,"252,502,751",0.00490728823331236,3,6882.5382709156,"252,502,751",0.00490728823338342,3,6882.53827091559,"252,502,751",0.00490728823344026,3,6882.53827091559,"252,502,751",0.00490728823295709,3,6882.53827091559,"252,502,751",0.00490728823595558,3,6882.53827091559,"252,502,751",0.0049072882346624,3,6882.53827091559,"155,252,307,502,558,751,810",7,29.6796219546485,"155,252,307,502,558,751,810",7,29.6796219546485,"155,252,307,502,558,751,810",7,29.6796219546485
"251,501,751",0.005,3,6975.32501376098,"251,446,492,501,512,751,752",0.00613001149619097,7,7035.73586980302,"251,501,752",0.00517717308945018,3,6967.9237045703,"251,501,752",0.00506823027366766,3,6967.69917448301,"251,501,752",0.00506823027412241,3,6967.69917448302,"251,501,752",0.00506823027207605,3,6967.69917448301,"251,501,752",0.00506823027525928,3,6967.69917448302,"251,501,752",0.00506823027685089,3,6967.69917448302,"251,501,752",0.00506823027980675,3,6967.69917448302,"251,501,752",0.0050682302716213,3,6967.69917448302,"251,501,752",0.00506823027048443,3,6967.69917448302,"251,501,752",0.00506823027412241,3,6967.69917448302,"72,251,350,501,642,752,856",7,104.633261467354,"72,251,350,501,642,752,856",7,104.633261467354,"72,251,350,501,642,752,856",7,104.633261467354
"251,501,751",0.005,3,6989.47986329352,"251,500,501,502,751",0.00633816729658076,5,7046.43322176008,"251,501,751",0.00498485778642843,3,6979.22012160068,"251,501,751",0.00497598532989671,3,6979.21868151361,"251,501,751",0.00497598532978302,3,6979.21868151362,"251,501,751",0.00497598533001039,3,6979.21868151362,"251,501,751",0.00497598533069252,3,6979.21868151362,"251,501,751",0.00497598532944196,3,6979.21868151362,"251,501,751",0.00497598532966933,3,6979.21868151362,"251,501,751",0.00497598532864615,3,6979.21868151362,"251,501,751",0.00497598533023777,3,6979.21868151362,"251,501,751",0.00497598532864615,3,6979.21868151361,"161,251,367,501,609,613,751,891",8,125.194179752059,"161,251,367,501,555,751,891",7,125.736578894053,"161,251,367,501,555,751,891",7,125.736578894053
"251,501,751",0.005,3,7000.55270669662,"251,495,500,501,510,707,744,749,753",0.00638232755588049,9,7087.22242953367,"251,501,753",0.00544473850767757,3,6982.81978660077,"251,501,753",0.00523324406547089,3,6982.18399598385,"251,501,753",0.00523324406206028,3,6982.18399598385,"251,501,753",0.0052332440722921,3,6982.18399598383,"251,501,753",0.00523324406501614,3,6982.18399598384,"251,501,753",0.00523324406774462,3,6982.18399598385,"251,501,753",0.00523324406751725,3,6982.18399598384,"251,501,753",0.00523324406638038,3,6982.18399598384,"251,501,753",0.00523324407070048,3,6982.18399598384,"251,501,753",0.00523324407024573,3,6982.18399598384,"189,251,407,501,631,702,753,846",8,107.909277478832,"189,251,407,501,631,749,846",7,113.073634958823,"189,251,407,501,631,749,846",7,113.073634958823
"251,501,751",0.005,3,7051.57368106635,"251,482,501,502,510,512,751",0.00591245472121247,7,7150.81873484473,"251,501,502,751",0.00422670817687089,4,7059.485555704,"251,502,751",0.00369991590565387,3,7050.91223000111,"251,502,751",0.00420751279558419,3,7046.29734153591,"251,502,751",0.00420751279262833,3,7046.2973415359,"251,502,751",0.00420751279763055,3,7046.2973415359,"251,502,751",0.00420751279694843,3,7046.2973415359,"251,502,751",0.00420751279785792,3,7046.29734153591,"251,502,751",0.00420751279262833,3,7046.29734153591,"251,502,751",0.00420751279763055,3,7046.2973415359,"251,502,751",0.0042075127980853,3,7046.2973415359,"159,251,364,502,554,751,880",7,180.933402384017,"159,251,364,502,554,751,880",7,180.933402384017,"159,251,364,502,554,751,799",7,183.262640373212
"251,501,751",0.005,3,6923.13872599536,"251,252,398,419,457,494,500,501,523,749,751,752",0.00610268050900078,12,7048.73295149789,"252,500,752",0.00556430773329952,3,6922.65422160389,"252,500,752",0.0048402736765027,3,6916.13803609951,"252,500,752",0.00484027367536583,3,6916.1380360995,"252,500,752",0.00484027367400159,3,6916.13803609951,"252,500,752",0.00484027367559321,3,6916.1380360995,"252,500,752",0.00484027367570689,3,6916.13803609951,"252,500,752",0.00484027367661639,3,6916.13803609951,"252,500,752",0.00484027367673008,3,6916.13803609951,"252,500,752",0.00484027367343316,3,6916.1380360995,"252,500,752",0.00484027367684376,3,6916.13803609951,"158,252,337,500,596,751,863",7,45.6944168039896,"158,252,337,500,596,751,863",7,45.6944168039896,"158,252,337,500,596,751,863",7,45.6944168039896
"251,501,751",0.005,3,7000.25002938159,"251,453,485,500,501,747,751,752",0.00610781286462649,8,7084.08593129783,"251,501,751",0.00519884238775788,3,7008.10244139881,"251,501,751",0.00478192111212377,3,6996.4698845404,"251,501,751",0.00478192110780367,3,6996.46988454041,"251,501,751",0.00478192111303326,3,6996.4698845404,"251,501,751",0.00478192110871316,3,6996.4698845404,"251,501,751",0.00478192111121427,3,6996.46988454041,"251,501,751",0.00478192110916791,3,6996.4698845404,"251,501,751",0.00478192110689417,3,6996.4698845404,"251,501,751",0.00478192110916791,3,6996.46988454041,"251,501,751",0.00478192110689417,3,6996.46988454041,"134,251,386,500,641,751,804",7,127.974040843379,"134,251,386,500,641,747,795",7,131.277062942929,"134,251,500,641,747,795",6,132.572708630688
"251,501,751",0.005,3,6940.00732608299,"251,252,255,491,495,501,503,504,749,750,752,754",0.00613970773193509,12,7077.88446965996,"252,501,750,754",0.00518113843015209,4,6945.80784203379,"252,501,750,754",0.00507216968121795,4,6945.63475876852,"252,501,750",0.00623915732934632,3,6945.4154272783,"252,501,750",0.00515774374298854,3,6935.08046245013,"252,501,750",0.00515774374071481,3,6935.08046245014,"252,501,750",0.00515774374071481,3,6935.08046245014,"252,501,750",0.00515774373798632,3,6935.08046245015,"252,501,750",0.00515774373707683,3,6935.08046245014,"252,501,750",0.00515774373980531,3,6935.08046245013,"252,501,750",0.00515774374048743,3,6935.08046245014,"89,252,438,501,568,750,876",7,69.4355773153321,"89,252,438,501,568,750,876",7,69.4355773153321,"89,252,438,501,568,750,876",7,69.4355773153321
"251,501,751",0.005,3,6962.8847779917,"251,494,501,502,512,751",0.00682097016082137,6,7046.15205504909,"251,502,751",0.0053796584114439,3,6959.64835869196,"251,502,751",0.00512411117939925,3,6957.15763198698,"251,502,751",0.00512411118133192,3,6957.15763198698,"251,502,751",0.00512411117974031,3,6957.15763198699,"251,502,751",0.00512411118013821,3,6957.15763198698,"251,502,751",0.00512411118019506,3,6957.15763198698,"251,502,751",0.00512411118150246,3,6957.15763198698,"251,502,751",0.00512411117911503,3,6957.15763198699,"251,502,751",0.00512411117951294,3,6957.15763198699,"251,502,751",0.00512411117905819,3,6957.15763198699,"158,251,323,502,593,751,863",7,92.6136817412503,"158,251,323,502,593,751,863",7,92.6136817412503,"158,251,323,502,593,751,863",7,92.6136817412503
"251,501,751",0.005,3,6987.30422807381,"212,249,251,267,477,491,499,501,503,504,538,750,751",0.00694466797528529,13,7141.85480261008,"251,501,751",0.0059443822424874,3,6980.61479605046,"251,501,751",0.00560282579464219,3,6979.09201546167,"251,501,751",0.00560282579350532,3,6979.09201546166,"251,501,751",0.00560282579145896,3,6979.09201546166,"251,501,751",0.00560282579418744,3,6979.09201546166,"251,501,751",0.00560282579236845,3,6979.09201546167,"251,501,751",0.00560282579373269,3,6979.09201546167,"251,501,751",0.00560282579509694,3,6979.09201546167,"251,501,751",0.00560282578998103,3,6979.09201546167,"251,501,751",0.00560282579759805,3,6979.09201546166,"137,251,336,501,617,751,875",7,121.573514059536,"137,251,336,501,617,751,875",7,121.573514059536,"137,251,336,501,617,751,875",7,121.573514059536
"251,501,751",0.005,3,6940.98693858855,"251,485,486,501,516,751,752",0.00620365979336598,7,7017.52227042874,"251,501,752",0.00503367131904361,3,6936.83224955965,"251,501,752",0.00496877091725138,3,6936.75523824593,"251,501,752",0.00496877092071883,3,6936.75523824593,"251,501,752",0.00496877092373153,3,6936.75523824593,"251,501,752",0.004968770923561,3,6936.75523824593,"251,501,752",0.00496877092049146,3,6936.75523824592,"251,501,752",0.00496877092049146,3,6936.75523824593,"251,501,752",0.00496877091958196,3,6936.75523824593,"251,501,752",0.00496877092088936,3,6936.75523824593,"251,501,752",0.00496877091588714,3,6936.75523824593,"89,251,370,501,612,752,919",7,64.9244544796155,"89,251,370,501,612,752,919",7,64.9244544796155,"89,251,370,501,612,752,919",7,64.9244544796155
"251,501,751",0.005,3,6925.28078887638,"251,257,481,501,516,540,553,751",0.00568104404581253,8,7019.93388929309,"251,501,751",0.00457432863245865,3,6923.83352427472,"251,501,751",0.00436821314923566,3,6923.0610799116,"251,501,751",0.00436821314730299,3,6923.0610799116,"251,501,751",0.00436821314866723,3,6923.0610799116,"251,501,751",0.00436821314753036,3,6923.0610799116,"251,501,751",0.00436821314912197,3,6923.0610799116,"251,501,751",0.00436821314684824,3,6923.0610799116,"251,501,751",0.00436821314775773,3,6923.0610799116,"251,501,751",0.00436821315003147,3,6923.06107991161,"251,501,751",0.00436821314912197,3,6923.06107991159,"161,251,393,501,641,751,927",7,45.6103622193493,"161,251,393,501,641,751,927",7,45.6103622193493,"161,251,393,501,641,751,927",7,45.6103622193493
"251,501,751",0.005,3,7025.15421513716,"226,235,251,255,259,457,501,503,522,751",0.00592133794441926,10,7125.52959118472,"251,501,751",0.00523477601336895,3,7018.69762721351,"251,501,751",0.00511379133037766,3,7018.50082529243,"251,501,751",0.00511379132969554,3,7018.50082529243,"251,501,751",0.0051137913274218,3,7018.50082529243,"251,501,751",0.00511379132833129,3,7018.50082529243,"251,501,751",0.00511379132969554,3,7018.50082529243,"251,501,751",0.00511379132719443,3,7018.50082529243,"251,501,751",0.00511379132651231,3,7018.50082529244,"251,501,751",0.00511379132764917,3,7018.50082529244,"251,501,751",0.00511379132787655,3,7018.50082529243,"163,251,393,501,646,751,891",7,154.5370552419,"163,251,393,501,646,751,891",7,154.5370552419,"163,251,393,501,646,751,891",7,154.5370552419
"251,501,751",0.005,3,6969.66421394255,"251,490,493,494,500,501,502,504,746,747,752",0.00747460104198924,11,7122.10619132354,"251,500,746",0.00667761404836669,3,6975.8640345799,"251,500,746",0.00579389822247031,3,6959.98817703803,"251,500,746",0.00579389822349349,3,6959.98817703803,"251,500,746",0.00579389822212925,3,6959.98817703802,"251,500,746",0.00579389822144713,3,6959.98817703803,"251,500,746",0.00579389822337981,3,6959.98817703803,"251,500,746",0.00579389822212925,3,6959.98817703803,"251,500,746",0.00579389822383455,3,6959.98817703803,"251,500,746",0.00579389822417561,3,6959.98817703803,"251,500,746",0.00579389822241347,3,6959.98817703802,"64,251,394,500,658,747,922",7,103.189042280678,"64,251,394,500,658,746,922",7,103.938580123497,"64,251,394,500,658,746,922",7,103.938580123497
"251,501,751",0.005,3,7012.93412022393,"251,254,481,501,511,518,522,748,749,751",0.00576426092472612,10,7116.77383899949,"251,501,749,751",0.00505480375546242,4,7029.07190455331,"251,501,751",0.00430128017251829,3,7004.28459892237,"251,501,751",0.00426365810916401,3,7004.26272786376,"251,501,751",0.00426365810518497,3,7004.26272786377,"251,501,751",0.00426365810717449,3,7004.26272786377,"251,501,751",0.00426365811041456,3,7004.26272786377,"251,501,751",0.00426365810569656,3,7004.26272786378,"251,501,751",0.00426365810717449,3,7004.26272786377,"251,501,751",0.00426365811376833,3,7004.26272786376,"251,501,751",0.0042636581122904,3,7004.26272786376,"251,289,501,636,751,906",6,113.830393395243,"251,289,501,636,749,906",6,113.843555921198,"251,289,501,636,749,906",6,113.843555921198
"251,501,751",0.005,3,6983.94420538658,"251,480,501,751,752",0.00709271764565773,5,7038.4264115795,"251,501,751",0.00584765135531273,3,6978.1276999455,"251,501,751",0.00569867819933282,3,6977.88173871384,"251,501,751",0.00569867819819595,3,6977.88173871386,"251,501,751",0.00569867819023787,3,6977.88173871384,"251,501,751",0.00569867819705908,3,6977.88173871385,"251,501,751",0.00569867819273898,3,6977.88173871384,"251,501,751",0.00569867819478535,3,6977.88173871385,"251,501,751",0.00569867819569484,3,6977.88173871383,"251,501,751",0.00569867819501272,3,6977.88173871383,"251,501,751",0.00569867818978312,3,6977.88173871383,"160,251,374,501,635,751,880",7,98.7111324627463,"160,251,374,501,635,751,880",7,98.7111324627463,"160,251,374,501,635,751,880",7,98.7111324627463
"251,501,751",0.005,3,6927.66204147679,"251,473,475,501,502,522,751,753",0.00621572593440473,8,7010.09703227567,"251,501,751",0.00498803966676415,3,6921.15362856745,"251,501,751",0.00489313904102401,3,6920.90025789439,"251,501,751",0.00489313904068295,3,6920.90025789438,"251,501,751",0.00489313904193351,3,6920.90025789439,"251,501,751",0.00489313904147876,3,6920.90025789438,"251,501,751",0.0048931390437525,3,6920.90025789439,"251,501,751",0.00489313904227457,3,6920.90025789439,"251,501,751",0.00489313903829553,3,6920.90025789438,"251,501,751",0.00489313904261563,3,6920.90025789438,"251,501,751",0.00489313904250194,3,6920.90025789439,"89,251,321,501,637,751,906",7,50.62093495376,"89,251,321,501,637,751,906",7,50.62093495376,"89,251,321,501,637,751,906",7,50.62093495376
"251,501,751",0.005,3,6960.40461125073,"247,250,254,484,488,492,500,514,556,751",0.00632844687427558,10,7067.45398789085,"247,254,500,751",0.00512266552588029,4,6960.23770060582,"247,500,751",0.00567473052121024,3,6954.70221053244,"247,500,751",0.00517833582820681,3,6952.35144012645,"247,500,751",0.00517833583229954,3,6952.35144012643,"247,500,751",0.00517833583389115,3,6952.35144012643,"247,500,751",0.00517833583661964,3,6952.35144012642,"247,500,751",0.00517833582729732,3,6952.35144012644,"247,500,751",0.00517833583707438,3,6952.35144012642,"247,500,751",0.00517833583320903,3,6952.35144012643,"247,500,751",0.00517833583502802,3,6952.35144012643,"82,250,393,500,628,751,913",7,97.2231482958036,"157,254,393,500,628,751,913",7,101.394336593837,"82,205,254,393,500,628,751,913",8,100.163627605045
"251,501,751",0.005,3,6989.29101792587,"251,252,469,489,496,499,501,502,503,506,750",0.0053594240301902,11,7092.68098584452,"251,501,750",0.0045881600851766,3,6976.89003505172,"251,501,750",0.00459725081212249,3,6976.83171239879,"251,501,750",0.00459725081405517,3,6976.83171239879,"251,501,750",0.00459725081352937,3,6976.83171239879,"251,501,750",0.00459725081358621,3,6976.83171239879,"251,501,750",0.00459725081512098,3,6976.83171239879,"251,501,750",0.00459725081256303,3,6976.8317123988,"251,501,750",0.00459725081330199,3,6976.83171239879,"251,501,750",0.00459725081323094,3,6976.83171239879,"251,501,750",0.00459725081310304,3,6976.83171239879,"108,251,429,501,549,750,893",7,107.571915423229,"108,251,429,501,549,750,893",7,107.571915423229,"108,251,429,501,549,750,893",7,107.571915423229
"251,501,751",0.005,3,6926.74010635052,"250,251,252,255,499,501,558,739,751,757,781",0.00493459257856189,11,7031.59561595578,"251,501,751",0.00450111400720077,3,6918.6820238217,"251,501,751",0.00435475917130174,3,6918.33928077288,"251,501,751",0.00435475917027856,3,6918.33928077289,"251,501,751",0.00435475916823219,3,6918.33928077288,"251,501,751",0.00435475916840272,3,6918.33928077288,"251,501,751",0.00435475916698164,3,6918.33928077288,"251,501,751",0.00435475916857325,3,6918.33928077289,"251,501,751",0.00435475916521949,3,6918.33928077289,"251,501,751",0.00435475916709533,3,6918.33928077289,"251,501,751",0.00435475916931222,3,6918.33928077288,"120,251,399,501,638,751,781",7,51.5378869879614,"120,251,399,501,638,751,781",7,51.5378869879614,"120,251,399,501,638,751,781",7,51.5378869879614
"251,501,751",0.005,3,6883.72370288645,"251,463,471,500,501,508,510,751,756",0.00726275556229109,9,7046.21286561652,"251,501,751",0.00532865655584783,3,6881.55953729391,"251,501,751",0.00512556598831012,3,6880.94559153189,"251,501,751",0.00512556599021437,3,6880.9455915319,"251,501,751",0.00512556598983068,3,6880.94559153191,"251,501,751",0.00512556598980226,3,6880.9455915319,"251,501,751",0.00512556598961752,3,6880.9455915319,"251,501,751",0.005125565989987,3,6880.9455915319,"251,501,751",0.00512556598856591,3,6880.9455915319,"251,501,751",0.00512556598948962,3,6880.9455915319,"251,501,751",0.00512556598858012,3,6880.94559153189,"94,251,316,501,525,733,751,891",8,9.77793162492161,"94,251,316,501,568,733,751,891",8,11.5098318134448,"94,251,316,501,568,733,751,891",8,11.5098318134448
"251,501,751",0.005,3,7026.9395329444,"236,250,251,501,507,525,747,748,751",0.00677902974975787,9,7127.72259593735,"251,501,751",0.00609456714190716,3,7024.92234459591,"251,501,751",0.0055964378521961,3,7022.64612383892,"251,501,751",0.00559643784833075,3,7022.64612383893,"251,501,751",0.00559643785196873,3,7022.64612383893,"251,501,751",0.00559643784992237,3,7022.64612383892,"251,501,751",0.0055964378521961,3,7022.64612383892,"251,501,751",0.005596437847876,3,7022.64612383892,"251,501,751",0.0055964378521961,3,7022.64612383892,"251,501,751",0.00559643785128661,3,7022.64612383892,"251,501,751",0.00559643784810338,3,7022.64612383892,"175,251,359,501,636,751,849",7,165.548264452458,"175,250,359,501,636,748,849",7,169.012805198379,"175,250,359,501,636,748,849",7,169.012805198379
"251,501,751",0.005,3,7046.10272730598,"240,251,262,488,496,499,501,506,510,512,746,750,751,753,754",0.00618402568804765,15,7213.64780647635,"251,499,501,750",0.00580765091817221,4,7056.54441102843,"251,499,750",0.0053808987481892,3,7040.20898730491,"251,499,750",0.00533625267352268,3,7040.14927834325,"251,499,750",0.00533625267050998,3,7040.14927834324,"251,499,750",0.00533625267215844,3,7040.14927834324,"251,499,750",0.00533625267230055,3,7040.14927834325,"251,499,750",0.00533625266852046,3,7040.14927834323,"251,499,750",0.0053362526728974,3,7040.14927834324,"251,499,750",0.00533625267375005,3,7040.14927834325,"251,499,750",0.0053362526751143,3,7040.14927834326,"153,251,416,499,602,750,913",7,175.829128120363,"153,251,416,499,602,750,913",7,175.829128120363,"153,251,416,499,602,750,913",7,175.829128120363
"251,501,751",0.005,3,6973.97365716712,"248,251,480,500,502,523,751",0.00660880048031871,7,7074.02849692794,"251,502,751",0.00497287740900843,3,6959.08554982441,"251,502,751",0.00490612808980098,3,6959.02255699652,"251,502,751",0.00490612809093785,3,6959.02255699652,"251,502,751",0.0049061280913926,3,6959.02255699652,"251,502,751",0.00490612809275684,3,6959.02255699652,"251,502,751",0.00490612809105154,3,6959.02255699652,"251,502,751",0.00490612809264315,3,6959.02255699652,"251,502,751",0.00490612809173366,3,6959.02255699652,"251,502,751",0.00490612809127891,3,6959.02255699652,"251,502,751",0.00490612809093785,3,6959.02255699652,"60,251,348,502,641,751,897",7,98.7689126515842,"60,251,348,502,641,751,897",7,98.7689126515842,"60,251,348,502,641,751,897",7,98.7689126515842
"251,501,751",0.005,3,6924.51077885737,"251,255,493,501,502,503,751",0.0069148165463409,7,6978.11243524423,"251,493,503,751",0.00610317777173651,4,6920.44929058944,"251,503,751",0.00607558518666493,3,6915.01784462788,"251,503,751",0.00589892740153341,3,6913.87994439733,"251,503,751",0.00589892740504349,3,6913.87994439734,"251,503,751",0.00589892740694774,3,6913.87994439734,"251,503,751",0.00589892740512876,3,6913.87994439735,"251,503,751",0.00589892740512876,3,6913.87994439734,"251,503,751",0.00589892740967623,3,6913.87994439735,"251,503,751",0.00589892740470243,3,6913.87994439733,"251,503,751",0.00589892740437558,3,6913.87994439733,"127,251,324,503,658,751,849",7,53.7351485662759,"127,251,324,503,658,751,849",7,53.7351485662759,"127,251,324,503,658,751,849",7,53.7351485662759
"251,501,751",0.005,3,6944.69470167531,"251,252,501,503,748,751,753,756",0.00556975655201527,8,7034.9861435397,"252,503,751,756",0.00436700958736278,4,6945.01764601642,"252,503,751",0.0045780668986246,3,6935.32060597272,"252,503,751",0.0043791613858764,3,6934.85338540432,"252,503,751",0.00437916138405742,3,6934.85338540433,"252,503,751",0.00437916138689959,3,6934.85338540432,"252,503,751",0.00437916139258393,3,6934.85338540432,"252,503,751",0.00437916139144706,3,6934.85338540433,"252,503,751",0.00437916138371636,3,6934.85338540432,"252,503,751",0.00437916138462585,3,6934.85338540433,"252,503,751",0.00437916139178812,3,6934.85338540432,"67,252,396,503,637,753,856",7,65.3383600227403,"67,252,396,503,637,753,856",7,65.3383600227403,"252,396,503,637,753,890",6,66.6654157822299
"251,501,751",0.005,3,6964.65462365165,"250,251,252,462,501,503,508,509,528,751",0.00621943202060382,10,7093.83801819408,"251,501,751",0.00476093022145936,3,6961.25599533049,"251,501,751",0.00470773943314543,3,6961.21214625123,"251,501,751",0.00470773942814321,3,6961.21214625123,"251,501,751",0.00470773943473704,3,6961.21214625121,"251,501,751",0.00470773943382755,3,6961.21214625122,"251,501,751",0.00470773943155381,3,6961.21214625122,"251,501,751",0.00470773943837502,3,6961.21214625121,"251,501,751",0.00470773943564654,3,6961.2121462512,"251,501,751",0.00470773943223593,3,6961.21214625121,"251,501,751",0.00470773943382755,3,6961.21214625122,"34,251,406,501,636,751,856",7,88.535520805773,"34,251,406,501,636,751,856",7,88.535520805773,"34,251,406,501,636,751,856",7,88.535520805773
"251,501,751",0.005,3,6986.49692728111,"248,251,500,501,736,751,755",0.00662273390924764,7,7076.79009047276,"248,500,751",0.00544930852538219,3,6980.58497245036,"248,500,751",0.00527182824654288,3,6980.27463001164,"248,500,751",0.00527182824375756,3,6980.27463001164,"248,500,751",0.00527182824648604,3,6980.27463001163,"248,500,751",0.00527182824938505,3,6980.27463001162,"248,500,751",0.00527182824495127,3,6980.27463001164,"248,500,751",0.00527182824745238,3,6980.27463001163,"248,500,751",0.00527182824728185,3,6980.27463001163,"248,500,751",0.0052718282442123,3,6980.27463001163,"248,500,751",0.00527182824716816,3,6980.27463001163,"142,248,428,500,659,751,900",7,125.697168865077,"142,248,428,500,659,751,900",7,125.697168865077,"142,248,428,500,659,751,900",7,125.697168865077
"251,501,751",0.005,3,7009.21850273599,"248,250,251,491,498,499,501,505,745,751,752,754",0.00540225116186947,12,7139.85746489105,"251,501,754",0.00482470327260936,3,7008.50595304316,"251,501,754",0.00459832197186985,3,7007.72238525418,"251,501,754",0.00459832197326252,3,7007.72238525418,"251,501,754",0.00459832197312041,3,7007.72238525418,"251,501,754",0.00459832197209723,3,7007.72238525418,"251,501,754",0.00459832197093194,3,7007.72238525418,"251,501,754",0.00459832197240986,3,7007.72238525418,"251,501,754",0.00459832197144353,3,7007.72238525418,"251,501,754",0.00459832197306356,3,7007.72238525418,"251,501,754",0.00459832197377411,3,7007.72238525418,"102,251,324,501,542,752,893",7,143.756755969161,"102,251,324,501,637,754,893",7,145.64199628861,"102,251,324,501,637,754,893",7,145.64199628861
"251,501,751",0.005,3,6956.82493768912,"251,252,487,492,493,500,501,751,753",0.00579355120234351,9,7080.57956876402,"252,501,751",0.00420042568673226,3,6947.7256098498,"252,501,751",0.00414097293099059,3,6947.60361653315,"252,501,751",0.00414097293633387,3,6947.60361653315,"252,501,751",0.00414097293496963,3,6947.60361653315,"252,501,751",0.00414097293337801,3,6947.60361653315,"252,501,751",0.00414097293656124,3,6947.60361653315,"252,501,751",0.00414097293190008,3,6947.60361653316,"252,501,751",0.00414097293622018,3,6947.60361653315,"252,501,751",0.00414097293997185,3,6947.60361653315,"252,501,751",0.00414097293303695,3,6947.60361653315,"170,252,378,501,627,751,882",7,79.46484844019,"170,252,378,501,627,751,882",7,79.46484844019,"170,252,378,501,627,751,882",7,79.46484844019
"251,501,751",0.005,3,7005.27627982655,"250,251,255,268,289,447,467,480,501,716,748,752,754",0.00490653107374527,13,7133.06428407623,"250,251,501,752,754",0.00495960865441128,5,7028.80036702426,"251,501,752",0.00464198146366865,3,7000.48339861652,"251,501,752",0.00444348183279036,3,7000.16671679525,"251,501,752",0.00444348183477988,3,7000.16671679524,"251,501,752",0.00444348183404092,3,7000.16671679524,"251,501,752",0.00444348183284721,3,7000.16671679525,"251,501,752",0.00444348183568938,3,7000.16671679525,"251,501,752",0.00444348183540516,3,7000.16671679525,"251,501,752",0.00444348183216509,3,7000.16671679525,"251,501,752",0.00444348183512094,3,7000.16671679524,"145,251,329,501,527,702,752,900",8,121.559990071743,"145,251,329,501,527,702,752,900",8,121.559990071743,"145,251,329,501,527,702,752,900",8,121.559990071743
"251,501,751",0.005,3,6973.3618726772,"250,262,500,501,750,751,754",0.00618487696613288,7,7058.18938566922,"250,501,751",0.00516007470958186,3,6968.39197644363,"250,501,751",0.00489843543612743,3,6967.06611806055,"250,501,751",0.00489843543785405,3,6967.06611806055,"250,501,751",0.00489843543740641,3,6967.06611806055,"250,501,751",0.00489843543528899,3,6967.06611806054,"250,501,751",0.0048984354357011,3,6967.06611806055,"250,501,751",0.00489843543533873,3,6967.06611806055,"250,501,751",0.00489843543558031,3,6967.06611806055,"250,501,751",0.00489843543739219,3,6967.06611806055,"250,501,751",0.0048984354367456,3,6967.06611806054,"111,250,320,501,619,751,859",7,107.85419177675,"111,250,320,501,619,750,859",7,108.414433541676,"111,250,320,501,619,750,859",7,108.414433541676
"251,501,751",0.005,3,6860.395536527,"251,482,499,501,751,753,754",0.00610150024862646,7,7004.15313238339,"251,501,753",0.00413821097358913,3,6848.92665930132,"251,501,753",0.00399397931661066,3,6848.58270865412,"251,501,753",0.00399397931922546,3,6848.58270865412,"251,501,753",0.0039939793214992,3,6848.58270865413,"251,501,753",0.00399397931763385,3,6848.58270865412,"251,501,753",0.00399397931854334,3,6848.58270865412,"251,501,753",0.00399397931638329,3,6848.58270865412,"251,501,753",0.00399397931786122,3,6848.58270865412,"251,501,753",0.00399397931729279,3,6848.58270865412,"251,501,753",0.00399397931899809,3,6848.58270865413,"159,251,364,501,703,753,788",7,-27.3424232176422,"159,251,364,501,703,753,788",7,-27.3424232176422,"159,251,364,501,703,753,788",7,-27.3424232176422
"251,501,751",0.005,3,6986.25547368737,"70,251,450,454,457,468,492,500,501,508,539,562,750",0.00615031698149539,13,7115.43793425487,"70,251,500,750",0.00458383883117763,4,6974.01374109072,"70,251,500,750",0.00424642251735994,4,6971.07829981076,"70,251,500,750",0.00424642251394933,4,6971.07829981077,"70,251,500,750",0.0042464225194063,4,6971.07829981077,"70,251,500,750",0.00424642251758731,4,6971.07829981076,"70,251,500,750",0.00424642251440408,4,6971.07829981078,"70,251,500,750",0.00424642251986105,4,6971.07829981076,"70,251,500,750",0.00424642251963367,4,6971.07829981074,"70,251,500,750",0.0042464225150862,4,6971.07829981077,"70,251,500,750",0.00424642252008842,4,6971.07829981075,"70,251,356,500,588,750,871",7,85.0936084411306,"70,251,356,500,588,750,871",7,85.0936084411306,"70,251,356,500,588,750,871",7,85.0936084411306
"251,501,751",0.005,3,6833.94609247655,"250,251,260,501,503,506,733,744,751",0.00594210663520255,9,6928.58608733644,"251,501,751",0.00525958291320065,3,6830.72867057197,"251,501,751",0.00516392692692851,3,6830.5822810608,"251,501,751",0.00516392692738325,3,6830.5822810608,"251,501,751",0.00516392692715588,3,6830.5822810608,"251,501,751",0.00516392692715588,3,6830.58228106079,"251,501,751",0.0051639269295433,3,6830.58228106079,"251,501,751",0.00516392692670113,3,6830.5822810608,"251,501,751",0.00516392692670113,3,6830.58228106079,"251,501,751",0.00516392692806537,3,6830.58228106079,"251,501,751",0.00516392692545058,3,6830.58228106079,"143,251,413,501,557,724,751,960",8,-37.4304390176549,"143,251,413,501,609,751,960",7,-33.758380196009,"143,251,413,501,609,751,960",7,-33.758380196009
"251,501,751",0.005,3,6910.00725543593,"247,249,250,501,502,559,751,752,754,755,756",0.00663680651042973,11,7050.75073941349,"247,501,751,756",0.0059030538680844,4,6917.74570462185,"247,501,756",0.00571244934030271,3,6905.83918635983,"247,501,756",0.00525836176919863,3,6904.05711140324,"247,501,756",0.005258361769426,3,6904.05711140324,"247,501,756",0.00525836176851651,3,6904.05711140324,"247,501,756",0.00525836176874388,3,6904.05711140325,"247,501,756",0.00525836176828914,3,6904.05711140325,"247,501,756",0.00525836177010812,3,6904.05711140324,"247,501,756",0.005258361769426,3,6904.05711140325,"247,501,756",0.00525836176988075,3,6904.05711140325,"130,249,413,501,669,752,831",7,33.4010604048017,"130,249,413,501,669,755,831",7,36.737914194181,"130,249,413,501,669,755,831",7,36.737914194181
"251,501,751",0.005,3,6894.69306374227,"249,250,254,440,495,500,501,506,534,740,745,746,750,755,759,761",0.0064012997986471,16,7078.22217179892,"249,501,755",0.00567333653766085,3,6889.17266548395,"249,501,755",0.00532331815117609,3,6887.92217642009,"249,501,755",0.00532331815242665,3,6887.92217642009,"249,501,755",0.00532331815146031,3,6887.92217642009,"249,501,755",0.00532331815163084,3,6887.92217642009,"249,501,755",0.00532331815151715,3,6887.9221764201,"249,501,755",0.00532331815254033,3,6887.92217642009,"249,501,755",0.00532331815140347,3,6887.92217642009,"249,501,755",0.00532331815174453,3,6887.92217642009,"249,501,755",0.00532331815055081,3,6887.9221764201,"159,250,333,501,624,755,869",7,31.3267179350346,"159,250,333,501,624,755,869",7,31.3267179350346,"159,250,333,501,624,755,869",7,31.3267179350346
"251,501,751",0.005,3,6940.38291447508,"250,268,499,501,517,751,752,761",0.00543534087370477,8,7008.84967326073,"250,268,499,501,751",0.00435872765034205,5,6945.8654449679,"250,501,751",0.00459775800750543,3,6935.96631939565,"250,501,751",0.00465920096105075,3,6933.21754870943,"250,501,751",0.00465920095320636,3,6933.21754870942,"250,501,751",0.00465920096036863,3,6933.21754870942,"250,501,751",0.00465920095098946,3,6933.21754870942,"250,501,751",0.0046592009545706,3,6933.21754870942,"250,501,751",0.00465920096298343,3,6933.21754870942,"250,501,751",0.00465920095621906,3,6933.21754870942,"250,501,751",0.00465920095786752,3,6933.21754870943,"250,268,391,501,661,751,813",7,70.7212646909076,"250,315,501,661,751,813",6,74.7433473041598,"250,315,501,661,751,813",6,74.7433473041598
"251,501,751",0.005,3,6950.78492914033,"250,251,473,501,554,580,750,751,752,762",0.00679561586666552,10,7049.39857050916,"251,501,750",0.0063819320061187,3,6946.30064493724,"251,501,750",0.00588421466900029,3,6943.99482007607,"251,501,750",0.00588421467013716,3,6943.99482007607,"251,501,750",0.00588421466843186,3,6943.99482007608,"251,501,750",0.00588421466877292,3,6943.99482007608,"251,501,750",0.00588421467093297,3,6943.99482007608,"251,501,750",0.00588421466661287,3,6943.99482007608,"251,501,750",0.0058842146680908,3,6943.99482007608,"251,501,750",0.00588421467059191,3,6943.99482007608,"251,501,750",0.00588421466888661,3,6943.99482007608,"57,140,251,380,501,666,752,910",8,86.3234042342615,"115,251,380,501,666,752,910",7,87.0681090761303,"115,251,380,501,666,752,910",7,87.0681090761303
"251,501,751",0.005,3,7010.0353215049,"245,251,252,501,549,550,749,752",0.00578412879529787,8,7107.76452097585,"251,501,752",0.00442458441996397,3,6999.18742039189,"251,501,752",0.00430314312113666,3,6998.99807265253,"251,501,752",0.00430314312107982,3,6998.99807265254,"251,501,752",0.00430314312073875,3,6998.99807265253,"251,501,752",0.00430314312085244,3,6998.99807265253,"251,501,752",0.00430314312142088,3,6998.99807265254,"251,501,752",0.00430314311903345,3,6998.99807265253,"251,501,752",0.00430314312125035,3,6998.99807265253,"251,501,752",0.00430314311897661,3,6998.99807265253,"251,501,752",0.00430314312056822,3,6998.99807265253,"113,251,442,501,666,752,914",7,129.176432375947,"113,251,442,501,666,749,914",7,134.663091998483,"113,251,501,666,749,914",6,140.707996632153
"251,501,751",0.005,3,6926.95630745447,"251,406,487,495,496,501,504,736,742,748,751",0.00541570577732503,11,7036.69274662307,"251,501,751",0.00469246939592463,3,6924.90388883452,"251,501,751",0.00466320171613738,3,6924.50596693927,"251,501,751",0.00466320171647844,3,6924.50596693927,"251,501,751",0.00466320171602369,3,6924.50596693926,"251,501,751",0.00466320171659212,3,6924.50596693927,"251,501,751",0.00466320171738793,3,6924.50596693927,"251,501,751",0.00466320171647844,3,6924.50596693927,"251,501,751",0.00466320171545526,3,6924.50596693926,"251,501,751",0.00466320171761531,3,6924.50596693927,"251,501,751",0.0046632017168195,3,6924.50596693927,"150,251,336,501,566,699,751,869",8,53.2172396765471,"150,251,336,501,566,699,751,869",8,53.2172396765471,"150,251,336,501,699,751,869",7,55.2043196457475
"251,501,751",0.005,3,6865.60742389037,"251,500,501,505,512,745,749,750,751",0.00663625083174189,9,6974.85623779072,"251,501,751",0.00567166800988946,3,6861.68268643119,"251,501,751",0.00547069963231404,3,6860.9381392989,"251,501,751",0.00547069963208667,3,6860.9381392989,"251,501,751",0.0054706996382826,3,6860.93813929891,"251,501,751",0.00547069963453093,3,6860.93813929891,"251,501,751",0.00547069963310985,3,6860.9381392989,"251,501,751",0.00547069963390566,3,6860.93813929891,"251,501,751",0.0054706996309498,3,6860.9381392989,"251,501,751",0.0054706996300403,3,6860.9381392989,"251,501,751",0.00547069963106349,3,6860.9381392989,"158,251,354,501,629,751,859",7,11.3191398963274,"158,251,354,501,629,750,859",7,11.7613446525056,"158,251,354,501,629,750,859",7,11.7613446525056
"251,501,751",0.005,3,6958.45433132496,"248,250,251,462,483,492,501,507,527,750",0.007336418628889,10,7077.49503092097,"250,501,750",0.00595551240588007,3,6937.93492713153,"250,501,750",0.00567888283572552,3,6936.97370572065,"250,501,750",0.0056788828350434,3,6936.97370572065,"250,501,750",0.00567888283691923,3,6936.97370572065,"250,501,750",0.00567888283754451,3,6936.97370572064,"250,501,750",0.00567888283663502,3,6936.97370572065,"250,501,750",0.00567888283350863,3,6936.97370572066,"250,501,750",0.00567888283606658,3,6936.97370572065,"250,501,750",0.00567888283782873,3,6936.97370572065,"250,501,750",0.0056788828354413,3,6936.97370572065,"173,250,369,501,578,750,853",7,66.023303829224,"173,250,369,501,578,750,853",7,66.023303829224,"173,250,369,501,578,750,853",7,66.023303829224
"251,501,751",0.005,3,6914.35250768886,"245,250,490,500,501,505,752,753",0.00676233864121224,8,7007.20171684121,"250,500,753",0.00551249827589054,3,6904.63714263199,"250,500,753",0.00545351541981189,3,6904.51144920812,"250,500,753",0.0054535154232225,3,6904.51144920813,"250,500,753",0.00545351541765184,3,6904.51144920812,"250,500,753",0.00545351542219932,3,6904.51144920812,"250,500,753",0.00545351542310881,3,6904.51144920812,"250,500,753",0.00545351542356356,3,6904.51144920813,"250,500,753",0.00545351542208563,3,6904.51144920813,"250,500,753",0.00545351541651498,3,6904.51144920812,"250,500,753",0.00545351541935715,3,6904.51144920812,"98,250,430,500,619,753,927",7,34.2849999457787,"98,250,430,500,619,753,927",7,34.2849999457787,"98,250,430,500,619,753,927",7,34.2849999457787
"251,501,751",0.005,3,7035.76211193433,"251,502,503,508,510,744,751,754",0.0068208495159796,8,7155.65282435222,"251,502,754",0.00539671711724996,3,7029.74531832733,"251,502,754",0.00489239924502734,3,7023.12847500167,"251,502,754",0.00489239924730108,3,7023.12847500168,"251,502,754",0.00489239924047987,3,7023.12847500168,"251,502,754",0.00489239924389047,3,7023.12847500168,"251,502,754",0.00489239924389047,3,7023.12847500168,"251,502,754",0.00489239924616421,3,7023.12847500168,"251,502,754",0.00489239924570946,3,7023.12847500168,"251,502,754",0.00489239924343572,3,7023.12847500168,"251,502,754",0.00489239924730108,3,7023.12847500167,"162,251,310,508,582,744,772,909",8,162.35375008249,"162,251,352,503,590,733,754,909",8,166.314623648956,"162,251,310,508,590,754,909",7,163.969716952085
"251,501,751",0.005,3,6965.70500992061,"251,252,253,259,500,501,505,506,507,748,751",0.00646125075536228,11,7101.52957685239,"251,501,751",0.00563172379011533,3,6964.0935678177,"251,501,751",0.00502802444299169,3,6955.17944589954,"251,501,751",0.00502802444572017,3,6955.17944589955,"251,501,751",0.00502802444452646,3,6955.17944589955,"251,501,751",0.00502802444276431,3,6955.17944589954,"251,501,751",0.00502802444333275,3,6955.17944589954,"251,501,751",0.00502802444310537,3,6955.17944589954,"251,501,751",0.00502802444600439,3,6955.17944589955,"251,501,751",0.00502802444623176,3,6955.17944589956,"251,501,751",0.00502802444714126,3,6955.17944589955,"100,252,359,505,543,751,898",7,82.2972230119132,"100,253,359,501,571,751,898",7,84.4071167649449,"100,253,359,501,571,751,898",7,84.4071167649449
"251,501,751",0.005,3,6876.56983664507,"247,251,500,501,514,524,561,751,752,779,782,792",0.00634915696561755,12,7019.29708605657,"251,501,751",0.0055709558863797,3,6873.10785917606,"251,501,751",0.00532355870013031,3,6872.31354927959,"251,501,751",0.00532355870331354,3,6872.31354927959,"251,501,751",0.00532355870240405,3,6872.31354927958,"251,501,751",0.00532355871240849,3,6872.3135492796,"251,501,751",0.00532355870513253,3,6872.31354927958,"251,501,751",0.0053235587019493,3,6872.31354927959,"251,501,751",0.00532355870240405,3,6872.31354927957,"251,501,751",0.00532355870558728,3,6872.3135492796,"251,501,751",0.00532355870558728,3,6872.3135492796,"124,251,434,501,656,751,792,920",8,23.5896496575992,"124,251,434,501,656,751,792,869",8,25.0246010359316,"124,251,434,501,656,751,836,939",8,26.8791338111865
"251,501,751",0.005,3,6994.40129899801,"251,255,429,478,501,517,750,751",0.00733330456129223,8,7099.07293476195,"251,501,750",0.0057307507508297,3,6989.94207586187,"251,501,750",0.00548707490083801,3,6989.27561723261,"251,501,750",0.0054870749052718,3,6989.27561723261,"251,501,750",0.00548707490515811,3,6989.27561723262,"251,501,750",0.00548707490220225,3,6989.27561723262,"251,501,750",0.00548707490834134,3,6989.27561723262,"251,501,750",0.00548707490902346,3,6989.27561723261,"251,501,750",0.00548707490231594,3,6989.27561723262,"251,501,750",0.00548707490731816,3,6989.27561723262,"251,501,750",0.00548707489970114,3,6989.27561723261,"85,251,362,501,559,675,750,876",8,136.088929102887,"85,251,362,501,559,675,750,876",8,136.088929102887,"85,251,362,501,675,750,876",7,136.675966429179
"251,501,751",0.005,3,7083.86301873809,"250,252,500,505,751,753",0.00572667302865151,6,7128.38929876117,"250,500,751",0.00539920722181151,3,7081.58385395917,"250,500,751",0.00490050779528945,3,7078.15249041292,"250,500,751",0.00490050779619894,3,7078.15249041291,"250,500,751",0.00490050779960955,3,7078.15249041291,"250,500,751",0.0049005077982453,3,7078.15249041293,"250,500,751",0.00490050779779056,3,7078.15249041291,"250,500,751",0.00490050779688106,3,7078.15249041291,"250,500,751",0.0049005077991548,3,7078.15249041291,"250,500,751",0.00490050779233359,3,7078.15249041291,"250,500,751",0.00490050779460732,3,7078.15249041292,"169,250,353,500,573,751,919",7,207.06425748369,"169,250,353,500,573,753,919",7,207.66774584866,"169,250,353,500,573,753,919",7,207.66774584866
"251,501,751",0.005,3,6921.93771285206,"251,461,497,499,501,505,509,514,515,751,752,782,800",0.00611902028955732,13,7074.60326694746,"251,501,752",0.00489819445649302,3,6909.80431969261,"251,501,752",0.00482747721552836,3,6909.61899211144,"251,501,752",0.00482747721530099,3,6909.61899211144,"251,501,752",0.00482747721507362,3,6909.61899211144,"251,501,752",0.00482747721564205,3,6909.61899211145,"251,501,752",0.00482747721973478,3,6909.61899211143,"251,501,752",0.00482747721552836,3,6909.61899211145,"251,501,752",0.00482747721746104,3,6909.61899211144,"251,501,752",0.00482747721473255,3,6909.61899211144,"251,501,752",0.00482747721643786,3,6909.61899211144,"136,251,381,501,697,752,811",7,35.835750820496,"136,251,381,501,697,752,811",7,35.835750820496,"136,251,381,501,697,752,811",7,35.835750820496
"251,501,751",0.005,3,6957.03111753241,"250,252,463,500,501,507,516,751,759",0.00619272221194142,9,7065.94306810744,"252,500,751",0.00494236368116651,3,6954.28145051312,"252,500,751",0.00472178643819493,3,6952.99372614044,"252,500,751",0.00472178643830862,3,6952.99372614044,"252,500,751",0.0047217864384223,3,6952.99372614043,"252,500,751",0.00472178643796756,3,6952.99372614044,"252,500,751",0.004721786436717,3,6952.99372614043,"252,500,751",0.00472178643512539,3,6952.99372614044,"252,500,751",0.00472178644171922,3,6952.99372614044,"252,500,751",0.00472178643990023,3,6952.99372614044,"252,500,751",0.00472178644058235,3,6952.99372614044,"144,252,405,500,592,751,910",7,88.3750655054326,"144,252,405,500,592,751,910",7,88.3750655054326,"144,252,405,500,592,751,910",7,88.3750655054326
"251,501,751",0.005,3,6937.60468545786,"251,253,465,490,495,496,497,501,502,507,740,747,751,758",0.00611186650767527,14,7095.02056129353,"251,501,751",0.00524008124114681,3,6934.43618594709,"251,501,751",0.00516232058889791,3,6934.26020010293,"251,501,751",0.00516232059267799,3,6934.26020010294,"251,501,751",0.0051623205895516,3,6934.26020010293,"251,501,751",0.00516232058625469,3,6934.26020010294,"251,501,751",0.00516232058761893,3,6934.26020010293,"251,501,751",0.00516232059080216,3,6934.26020010293,"251,501,751",0.00516232058707892,3,6934.26020010293,"251,501,751",0.00516232058673786,3,6934.26020010293,"251,501,751",0.00516232058776104,3,6934.26020010294,"117,251,357,501,639,751,837",7,80.9459961776757,"117,251,357,501,639,751,837",7,80.9459961776757,"117,251,357,501,639,751,837",7,80.9459961776757
"251,501,751",0.005,3,7044.55554266922,"250,259,271,477,479,497,501,506,536,751,754,757",0.00591624101443616,12,7153.12212086908,"250,259,506,754",0.00519123550635749,4,7038.77232097969,"259,506,754",0.00562295179517064,3,7032.52080761559,"259,506,754",0.0051135740671599,3,7029.87004544749,"259,506,754",0.00511357406704888,3,7029.87004544749,"259,506,754",0.00511357406575658,3,7029.87004544749,"259,506,754",0.00511357406791929,3,7029.8700454475,"259,506,754",0.00511357406493679,3,7029.87004544749,"259,506,754",0.00511357407385677,3,7029.87004544749,"259,506,754",0.00511357406982888,3,7029.87004544749,"259,506,754",0.00511357406383634,3,7029.8700454475,"52,152,259,370,506,577,754,921",8,175.329041250748,"52,152,259,370,506,577,754,921",8,175.329041250748,"152,259,370,506,577,754,921",7,174.888056383202
"251,501,751",0.005,3,6952.54194161475,"240,251,458,495,501,751,752",0.00702588107244702,7,7039.70312930788,"251,501,751",0.00574561273257969,3,6948.12362593158,"251,501,751",0.00566227831989832,3,6948.04525216237,"251,501,751",0.0056622783201257,3,6948.04525216237,"251,501,751",0.0056622783175109,3,6948.04525216237,"251,501,751",0.00566227831989832,3,6948.04525216237,"251,501,751",0.00566227832114888,3,6948.04525216237,"251,501,751",0.00566227831910252,3,6948.04525216237,"251,501,751",0.00566227832023939,3,6948.04525216237,"251,501,751",0.00566227831716984,3,6948.04525216238,"251,501,751",0.00566227831648772,3,6948.04525216238,"126,251,385,501,627,751,812,933",8,96.04567067419,"126,251,385,501,627,751,907",7,96.4080418594125,"126,251,385,501,627,751,907",7,96.4080418594125
"251,501,751",0.005,3,6928.3984978239,"239,252,253,500,501,503,751,758",0.00617459542265375,8,7010.76039830166,"253,501,751",0.00568360571374817,3,6928.49089307024,"253,501,751",0.00511808548070399,3,6918.24304309527,"253,501,751",0.00511808548161348,3,6918.24304309528,"253,501,751",0.0051180854866157,3,6918.24304309527,"253,501,751",0.00511808548275035,3,6918.24304309527,"253,501,751",0.00511808548297773,3,6918.24304309528,"253,501,751",0.00511808548047662,3,6918.24304309528,"253,501,751",0.005118085478885,3,6918.24304309529,"253,501,751",0.00511808548434197,3,6918.24304309527,"253,501,751",0.00511808548411459,3,6918.24304309527,"31,218,253,358,501,621,751,826",8,57.4114557865017,"31,213,253,358,501,621,751,826",8,57.6447213082573,"31,213,253,358,501,621,751,826",8,57.6447213082573
"251,501,751",0.005,3,6974.81904255222,"250,251,252,497,501,502,523,749,751",0.00703610527163295,9,7104.52590930637,"250,497,749",0.00620749151972545,3,6981.41660703738,"250,497,749",0.00523199203011597,3,6971.32742784925,"250,497,749",0.00523199203011597,3,6971.32742784925,"250,497,749",0.00523199202988859,3,6971.32742784926,"250,497,749",0.00523199203079809,3,6971.32742784926,"250,497,749",0.00523199202784223,3,6971.32742784926,"250,497,749",0.00523199202716011,3,6971.32742784925,"250,497,749",0.0052319920237495,3,6971.32742784925,"250,497,749",0.0052319920289791,3,6971.32742784925,"250,497,749",0.00523199203352657,3,6971.32742784926,"98,211,252,389,497,633,749,847",8,106.108687747315,"98,211,252,389,497,633,749,847",8,106.108687747315,"98,211,252,389,497,633,749,847",8,106.108687747315
"251,501,751",0.005,3,6967.01593411612,"248,251,498,500,501,520,553,751,752",0.00618555116591042,9,7121.77985003939,"251,501,752",0.00416227269324591,3,6958.74820161428,"251,501,752",0.00403493112604499,3,6958.46284843513,"251,501,752",0.00403493113195671,3,6958.46284843513,"251,501,752",0.0040349311251355,3,6958.46284843513,"251,501,752",0.00403493113172933,3,6958.46284843514,"251,501,752",0.00403493112536287,3,6958.46284843513,"251,501,752",0.0040349311294556,3,6958.46284843514,"251,501,752",0.0040349311294556,3,6958.46284843514,"251,501,752",0.0040349311328662,3,6958.46284843513,"251,501,752",0.00403493113536731,3,6958.46284843514,"149,251,411,501,752",5,89.6425821409164,"149,251,411,501,751,906",6,90.4326566328678,"149,251,411,501,751,906",6,90.4326566328678
"251,501,751",0.005,3,6902.356270743,"249,251,492,500,501,747,749,750,752,756",0.00697789018928326,10,7021.61060027768,"251,501,750",0.00648730052153464,3,6896.52132959345,"251,501,750",0.00567879335257552,3,6890.38510108493,"251,501,750",0.00567879334939229,3,6890.38510108494,"251,501,750",0.00567879335348502,3,6890.38510108493,"251,501,750",0.00567879335143865,3,6890.38510108494,"251,501,750",0.00567879335234815,3,6890.38510108493,"251,501,750",0.00567879335257552,3,6890.38510108494,"251,501,750",0.00567879335348502,3,6890.38510108494,"251,501,750",0.00567879335416714,3,6890.38510108493,"251,501,750",0.00567879335143865,3,6890.38510108494,"121,251,401,501,629,750,866",7,43.0295104852356,"121,249,401,501,629,749,860",7,45.3893978503782,"121,249,401,501,629,749,860",7,45.3893978503782
"251,501,751",0.005,3,6946.10134051323,"226,251,494,496,497,501,593,748,754",0.00614037598955637,9,7027.60829970887,"251,501,754",0.005495744621982,3,6938.2690416176,"251,501,754",0.00528267253662846,3,6937.66260849556,"251,501,754",0.00528267253532106,3,6937.66260849557,"251,501,754",0.0052826725328768,3,6937.66260849557,"251,501,754",0.0052826725362874,3,6937.66260849557,"251,501,754",0.00528267253378629,3,6937.66260849557,"251,501,754",0.00528267253372945,3,6937.66260849557,"251,501,754",0.00528267253395682,3,6937.66260849557,"251,501,754",0.00528267253475263,3,6937.66260849557,"251,501,754",0.00528267253787902,3,6937.66260849557,"102,251,404,501,687,754,889",7,72.7819676161208,"102,251,404,501,687,754,889",7,72.7819676161208,"102,251,404,501,687,754,889",7,72.7819676161208
"251,501,751",0.005,3,7002.72335462819,"248,251,501,509,751,752,756",0.00707136221419352,7,7092.52838276891,"251,501,756",0.00670346527771632,3,7009.8451377418,"251,501,756",0.00563817618191235,3,6999.5696120849,"251,501,756",0.00563817618009336,3,6999.56961208491,"251,501,756",0.00563817617872912,3,6999.5696120849,"251,501,756",0.00563817618282184,3,6999.56961208489,"251,501,756",0.0056381761823671,3,6999.56961208491,"251,501,756",0.00563817618373134,3,6999.56961208489,"251,501,756",0.00563817617736487,3,6999.56961208491,"251,501,756",0.00563817617463639,3,6999.56961208491,"251,501,756",0.00563817618827881,3,6999.56961208489,"133,251,362,501,613,752,858",7,126.585223944063,"133,251,362,501,613,756,858",7,127.476204394021,"133,251,362,501,613,756,858",7,127.476204394021
"251,501,751",0.005,3,7000.62501135711,"250,253,255,486,493,501,516,518,557,749,751,783,785",0.00680950502008669,13,7151.54253095917,"250,501,749,783",0.00575774121091305,4,7000.36140598637,"250,501,749",0.00575687678899212,3,6994.90837585593,"250,501,749",0.00558826263197807,3,6994.66278423787,"250,501,749",0.00558826263061383,3,6994.66278423786,"250,501,749",0.00558826262924959,3,6994.66278423786,"250,501,749",0.00558826263220544,3,6994.66278423787,"250,501,749",0.00558826263243282,3,6994.66278423787,"250,501,749",0.00558826263993615,3,6994.66278423789,"250,501,749",0.00558826263698029,3,6994.66278423788,"250,501,749",0.0055882626308412,3,6994.66278423786,"131,250,373,501,699,749,785,911",8,134.014001559455,"131,250,373,501,699,749,785,911",8,134.014001559455,"131,250,373,501,699,749,785,955",8,134.894166532089
"251,501,751",0.005,3,6917.0300240339,"251,460,501,514,517,699,750",0.00629932889160635,7,6998.76940493863,"251,501,750",0.00514400200634118,3,6911.52725557202,"251,501,750",0.00501017998161743,3,6911.23615974298,"251,501,750",0.0050101799870744,3,6911.236159743,"251,501,750",0.00501017998298167,3,6911.236159743,"251,501,750",0.00501017997809314,3,6911.23615974299,"251,501,750",0.00501017998514172,3,6911.236159743,"251,501,750",0.00501017997786576,3,6911.23615974298,"251,501,750",0.00501017998548278,3,6911.236159743,"251,501,750",0.00501017998855233,3,6911.23615974301,"251,501,750",0.00501017998400485,3,6911.236159743,"135,251,402,501,625,699,750,858",8,49.4440392886823,"135,251,402,501,625,699,750,858",8,49.4440392886823,"135,251,402,501,625,699,750,949,958",9,50.39859308195
"251,501,751",0.005,3,7021.29541585819,"250,251,499,501,750,751,753,755,757",0.0058774396224049,9,7138.30498496263,"251,499,501,750",0.00502893047741822,4,7034.08791962169,"251,499,750",0.00474810603996307,3,7024.27205441781,"251,499,750",0.00449023500754703,3,7018.2422679504,"251,499,750",0.00449023500493223,3,7018.2422679504,"251,499,750",0.00449023501232187,3,7018.24226795039,"251,499,750",0.00449023500675122,3,7018.24226795039,"251,499,750",0.00449023499811102,3,7018.24226795039,"251,499,750",0.00449023500356799,3,7018.2422679504,"251,499,750",0.00449023500459117,3,7018.24226795039,"251,499,750",0.00449023500061213,3,7018.2422679504,"47,251,350,501,587,751,923",7,153.631428584421,"47,251,350,499,587,750,849",7,154.632645730242,"47,251,350,499,587,750,849",7,154.632645730242
"251,501,751",0.005,3,6988.95649226242,"251,252,498,499,502,749,751,754",0.00509791120917382,8,7055.40971185656,"252,502,754",0.00416543901697466,3,6968.24962647973,"252,502,754",0.00410431439971514,3,6968.09045421284,"252,502,754",0.00410431440028358,3,6968.09045421282,"252,502,754",0.00410431439937408,3,6968.09045421284,"252,502,754",0.00410431439891934,3,6968.09045421283,"252,502,754",0.00410431439698666,3,6968.09045421284,"252,502,754",0.00410431439971514,3,6968.09045421282,"252,502,754",0.00410431439334868,3,6968.09045421284,"252,502,754",0.00410431439732772,3,6968.09045421284,"252,502,754",0.00410431440119307,3,6968.09045421283,"170,252,395,502,551,754,823,999",8,94.5001573848793,"170,252,395,502,551,754,823",7,96.8978659310106,"170,252,395,502,551,754,823,999",8,94.5001573848793
"251,501,751",0.005,3,6940.79614518192,"250,501,503,504,528,750,751",0.00714629376731647,7,7027.94400061596,"250,503,750",0.00577618441122123,3,6928.56746662273,"250,503,750",0.00559411453567705,3,6927.92446919043,"250,503,750",0.00559411454067927,3,6927.92446919042,"250,503,750",0.00559411453976977,3,6927.92446919043,"250,503,750",0.00559411453499492,3,6927.92446919043,"250,503,750",0.00559411453976977,3,6927.92446919044,"250,503,750",0.00559411453590442,3,6927.92446919043,"250,503,750",0.00559411453795078,3,6927.92446919042,"250,503,750",0.00559411453795078,3,6927.92446919044,"250,503,750",0.00559411454181614,3,6927.92446919043,"120,250,398,503,655,750,886",7,77.0166910352189,"120,250,398,503,655,750,886",7,77.0166910352189,"120,250,398,503,655,750,886",7,77.0166910352189
"251,501,751",0.005,3,7033.2272380805,"251,252,257,499,505,515,745,751",0.00616247876226656,8,7098.8439135716,"252,499,751",0.00569968614015487,3,7029.93659053586,"252,499,751",0.00520047476865732,3,7025.85695344166,"252,499,751",0.00520047476945313,3,7025.85695344167,"252,499,751",0.00520047476624147,3,7025.85695344167,"252,499,751",0.0052004747692826,3,7025.85695344167,"252,499,751",0.00520047476979419,3,7025.85695344167,"252,499,751",0.00520047476828784,3,7025.85695344167,"252,499,751",0.00520047476618463,3,7025.85695344166,"252,499,751",0.00520047476683833,3,7025.85695344167,"252,499,751",0.00520047476734992,3,7025.85695344166,"132,252,333,446,499,627,751,866",8,169.773637938985,"132,252,333,446,499,627,751,866",8,169.773637938985,"132,252,333,499,627,751,866",7,169.315549551628
"251,501,751",0.005,3,7016.33191195138,"251,444,501,502,565,571,748,751,752",0.00607380647954528,9,7126.72709917548,"251,501,752",0.00494240681137518,3,7014.62025087218,"251,501,752",0.00436411466681002,3,7010.84648065012,"251,501,752",0.00436411466760583,3,7010.84648065012,"251,501,752",0.0043641146644226,3,7010.84648065012,"251,501,752",0.00436411466499103,3,7010.84648065013,"251,501,752",0.00436411467078906,3,7010.84648065012,"251,501,752",0.00436411466624159,3,7010.84648065012,"251,501,752",0.00436411466885638,3,7010.84648065011,"251,501,752",0.004364114670448,3,7010.84648065011,"251,501,752",0.00436411466328573,3,7010.84648065012,"134,251,501,696,751,884",6,130.670806378105,"134,251,501,696,751,884",6,130.670806378105,"134,251,501,696,751,825",6,133.709129045473
"251,501,751",0.005,3,7000.06109581355,"243,251,439,442,444,445,500,501,526,554,748,752,762",0.00616788285735517,13,7115.07103469532,"251,501,752",0.00545355650557938,3,6988.33438652856,"251,501,752",0.0051880210360853,3,6987.27106178,"251,501,752",0.0051880210351758,3,6987.27106178,"251,501,752",0.00518802103710848,3,6987.27106178001,"251,501,752",0.00518802103449368,3,6987.27106178,"251,501,752",0.00518802103983696,3,6987.27106178,"251,501,752",0.00518802103847272,3,6987.27106178,"251,501,752",0.00518802103494843,3,6987.27106178,"251,501,752",0.00518802103835903,3,6987.27106178,"251,501,752",0.00518802103710848,3,6987.27106178,"143,251,330,501,609,752,889",7,130.435728886348,"143,251,330,501,609,752,889",7,130.435728886348,"143,251,330,501,609,752,889",7,130.435728886348
"251,501,751",0.005,3,6951.90805693721,"237,246,248,249,251,494,499,500,502,503,751,753",0.00680076900955281,12,7093.83581936062,"248,502,753",0.00617100402792119,3,6950.46743382957,"248,502,753",0.00555738373445151,3,6944.21882429893,"248,502,753",0.0055573837345652,3,6944.21882429892,"248,502,753",0.0055573837315525,3,6944.21882429894,"248,502,753",0.00555738373291674,3,6944.21882429892,"248,502,753",0.00555738373433782,3,6944.21882429893,"248,502,753",0.0055573837336557,3,6944.21882429893,"248,502,753",0.00555738373490626,3,6944.21882429893,"248,502,753",0.0055573837345652,3,6944.21882429893,"248,502,753",0.00555738373087038,3,6944.21882429893,"132,248,290,502,548,724,753,900",8,94.3656024445397,"132,251,379,500,646,753,900",7,97.355374913294,"132,251,379,500,646,753,900",7,97.355374913294
"251,501,751",0.005,3,6955.73893548424,"246,250,251,255,478,500,501,515,518,749,751",0.00679854610949037,11,7103.83564741,"251,500,515,751",0.00532076443859265,4,6960.16062732107,"251,500,751",0.00510296317751192,3,6953.53729708229,"251,500,751",0.00498573831742252,3,6953.08096681191,"251,500,751",0.00498573831787727,3,6953.08096681192,"251,500,751",0.00498573832037838,3,6953.08096681191,"251,500,751",0.00498573831912783,3,6953.08096681191,"251,500,751",0.00498573831833202,3,6953.08096681192,"251,500,751",0.00498573831855939,3,6953.08096681192,"251,500,751",0.00498573831890045,3,6953.08096681191,"251,500,751",0.00498573831571722,3,6953.08096681192,"87,251,419,500,608,751,862",7,89.7505065678142,"87,251,419,500,608,749,862",7,92.0803016505936,"87,251,419,500,608,749,862",7,92.0803016505936
"251,501,751",0.005,3,6995.58533562338,"247,252,501,748,751,754",0.00535174699653691,6,7051.36467794319,"252,501,751",0.00513606972023097,3,6994.9783697992,"252,501,751",0.00434863699324035,3,6987.75646637125,"252,501,751",0.00434863699227402,3,6987.75646637126,"252,501,751",0.00434863699202533,3,6987.75646637126,"252,501,751",0.00434863699456196,3,6987.75646637126,"252,501,751",0.00434863699456196,3,6987.75646637125,"252,501,751",0.00434863699461881,3,6987.75646637126,"252,501,751",0.00434863699300588,3,6987.75646637126,"252,501,751",0.00434863699417827,3,6987.75646637125,"252,501,751",0.00434863699207506,3,6987.75646637126,"155,252,423,501,659,751,892",7,123.666532529696,"155,252,423,501,659,751,892",7,123.666532529696,"155,252,423,501,659,751,892",7,123.666532529696
"251,501,751",0.005,3,6884.37658155746,"250,251,494,499,501,508,509,513,530,751,754",0.00588344048502686,11,6993.08632212221,"251,494,501,751",0.00511294144932578,4,6885.06170024056,"251,494,751",0.00473099635241284,3,6883.96147159961,"251,494,751",0.00488570251786493,3,6877.88782055361,"251,494,751",0.00488570251663214,3,6877.88782055362,"251,494,751",0.0048857025232615,3,6877.88782055361,"251,494,751",0.0048857025153354,3,6877.88782055362,"251,494,751",0.00488570251712241,3,6877.88782055362,"251,494,751",0.00488570251636213,3,6877.88782055362,"251,494,751",0.00488570251847244,3,6877.88782055363,"251,494,751",0.0048857025176269,3,6877.88782055362,"33,178,251,416,501,581,751,849",8,21.2314961722165,"46,178,251,416,501,581,751,849",8,21.511031917394,"46,251,416,501,581,751,849",7,22.8667518527479
"251,501,751",0.005,3,6944.11289942705,"220,235,251,255,459,475,490,496,499,501,506,507,748,750,751",0.00652344958875373,15,7130.0850137957,"251,501,751",0.00534825559589209,3,6940.78865091087,"251,501,751",0.00518901422949703,3,6940.11212805829,"251,501,751",0.00518901423268026,3,6940.11212805829,"251,501,751",0.00518901422949703,3,6940.11212805829,"251,501,751",0.0051890142332487,3,6940.1121280583,"251,501,751",0.00518901423347607,3,6940.11212805829,"251,501,751",0.00518901423222551,3,6940.11212805829,"251,501,751",0.00518901423211183,3,6940.11212805829,"251,501,751",0.00518901423313501,3,6940.11212805829,"251,501,751",0.00518901423472662,3,6940.1121280583,"111,251,320,501,600,751,893",7,80.4681090803337,"111,251,320,501,600,751,893",7,80.4681090803337,"111,251,320,501,600,751,893",7,80.4681090803337
"251,501,751",0.005,3,7037.75933630181,"249,254,501,523,527,751",0.00681881858856557,6,7112.45026536242,"249,501,751",0.0053279857436824,3,7031.11565513794,"249,501,751",0.0052257073506952,3,7030.99540360437,"249,501,751",0.00522570735183207,3,7030.99540360436,"249,501,751",0.00522570735075204,3,7030.99540360437,"249,501,751",0.00522570735018361,3,7030.99540360436,"249,501,751",0.00522570734950149,3,7030.99540360436,"249,501,751",0.00522570735046783,3,7030.99540360436,"249,501,751",0.00522570734944464,3,7030.99540360436,"249,501,751",0.00522570735205944,3,7030.99540360436,"249,501,751",0.00522570735041098,3,7030.99540360436,"97,249,365,501,699,751,917",7,176.057005371773,"97,249,365,501,699,751,917",7,176.057005371773,"97,249,365,501,699,751,917",7,176.057005371773
"251,501,751",0.005,3,7008.41895060856,"251,501,502,752,754",0.00603226828007093,5,7049.69147340357,"251,502,754",0.00503741405628575,3,6995.44589350828,"251,502,754",0.00491683792173561,3,6995.25276339191,"251,502,754",0.00491683791946187,3,6995.25276339191,"251,502,754",0.00491683791809763,3,6995.25276339191,"251,502,754",0.0049168379235546,3,6995.25276339192,"251,502,754",0.00491683792400934,3,6995.25276339191,"251,502,754",0.00491683792037137,3,6995.25276339192,"251,502,754",0.00491683792082611,3,6995.2527633919,"251,502,754",0.00491683792173561,3,6995.25276339191,"251,502,754",0.00491683792446409,3,6995.25276339191,"125,251,374,502,603,754,817",7,129.047249033259,"125,251,374,502,603,754,817",7,129.047249033259,"125,251,374,502,603,754,805",7,130.343373093655
"251,501,751",0.005,3,6879.27355902278,"251,252,253,490,499,501,503,723,749,751,758",0.00635680869185372,11,7011.81701825298,"251,499,749",0.00540089991299001,3,6870.06090474578,"251,499,749",0.00514257152560457,3,6869.25741722121,"251,499,749",0.00514257152507877,3,6869.2574172212,"251,499,749",0.00514257152553352,3,6869.25741722119,"251,499,749",0.00514257152563299,3,6869.25741722119,"251,499,749",0.00514257152483719,3,6869.2574172212,"251,499,749",0.00514257152544825,3,6869.2574172212,"251,499,749",0.00514257152600248,3,6869.2574172212,"251,499,749",0.00514257152539141,3,6869.2574172212,"251,499,749",0.00514257152574668,3,6869.2574172212,"148,252,374,499,709,751,933",7,19.3247461518749,"148,252,374,499,709,751,933",7,19.3247461518749,"148,252,374,499,709,751,933",7,19.3247461518749
"251,501,751",0.005,3,6980.35970491503,"240,251,437,501,502,503,519,751",0.00531398742639822,8,7056.56063136991,"251,501,751",0.00422767174935332,3,6977.15652249851,"251,501,751",0.00422252869569867,3,6977.00394674134,"251,501,751",0.00422252869632395,3,6977.00394674134,"251,501,751",0.00422252869319756,3,6977.00394674134,"251,501,751",0.00422252869825662,3,6977.00394674134,"251,501,751",0.00422252869507339,3,6977.00394674134,"251,501,751",0.00422252869703449,3,6977.00394674134,"251,501,751",0.00422252869461865,3,6977.00394674134,"251,501,751",0.004222528696125,3,6977.00394674134,"251,501,751",0.0042225286969208,3,6977.00394674135,"99,251,395,501,708,751,927",7,110.07957186786,"99,251,395,501,708,751,927",7,110.07957186786,"99,251,296,300,501,708,751,927",8,114.592133931047
"251,501,751",0.005,3,6951.70614232122,"251,256,461,463,483,488,498,501,508,521,751,755,756,838",0.0066213528596877,14,7103.42600123881,"251,498,501,755",0.00541265050745388,4,6955.78751473616,"251,501,755",0.00518309367705919,3,6944.36340415969,"251,501,755",0.00516125636480471,3,6944.04595020971,"251,501,755",0.00516125635457289,3,6944.04595020969,"251,501,755",0.00516125636389522,3,6944.04595020969,"251,501,755",0.00516125636207623,3,6944.04595020968,"251,501,755",0.0051612563666237,3,6944.0459502097,"251,501,755",0.00516125636753319,3,6944.04595020972,"251,501,755",0.00516125636730582,3,6944.04595020972,"251,501,755",0.00516125637367228,3,6944.04595020971,"96,251,406,498,600,755,846",7,69.2933873153269,"96,256,406,498,600,755,846",7,73.6293212294803,"96,256,415,498,600,755,846",7,74.2912408115983
"251,501,751",0.005,3,7012.64680114884,"248,251,445,459,501,749,751,752,753",0.00603096637742823,9,7107.59108559985,"251,501,751",0.00507845605081835,3,7008.03936227402,"251,501,751",0.00488412865296819,3,7007.67968909155,"251,501,751",0.0048841286541619,3,7007.67968909155,"251,501,751",0.00488412865512824,3,7007.67968909156,"251,501,751",0.00488412864995549,3,7007.67968909154,"251,501,751",0.00488412865177448,3,7007.67968909154,"251,501,751",0.00488412865222923,3,7007.67968909155,"251,501,751",0.0048841286524566,3,7007.67968909155,"251,501,751",0.00488412865171763,3,7007.67968909155,"251,501,751",0.00488412865211554,3,7007.67968909155,"39,251,338,501,580,751,903",7,143.423102062101,"39,251,338,501,580,751,903",7,143.423102062101,"39,251,338,501,580,751,903",7,143.423102062101
"251,501,751",0.005,3,6988.59357869723,"250,251,494,499,500,513,514,748,751,767,773",0.00644470429609871,11,7114.3415385522,"251,499,500,751",0.00533705325131046,4,6998.74774685428,"251,500,751",0.00519788936667493,3,6984.47275386795,"251,500,751",0.00520611297527621,3,6984.43823837145,"251,500,751",0.00520611297692467,3,6984.43823837145,"251,500,751",0.00520611297629939,3,6984.43823837145,"251,500,751",0.00520611297610044,3,6984.43823837144,"251,500,751",0.00520611297743626,3,6984.43823837145,"251,500,751",0.00520611297698151,3,6984.43823837144,"251,500,751",0.00520611297547516,3,6984.43823837145,"251,500,751",0.00520611297820365,3,6984.43823837145,"102,251,433,499,683,751,774,956",8,141.471792932457,"102,251,433,500,683,751,891",7,142.836559095978,"102,251,433,500,683,751,774",7,144.139924788678
"251,501,751",0.005,3,6968.959346651,"251,252,491,501,752,753,755,763,789",0.00483875124559018,9,7039.15746318639,"251,501,753",0.00470201734080397,3,6954.66547923088,"251,501,753",0.00443324521700946,3,6953.86045339726,"251,501,753",0.00443324521337149,3,6953.86045339727,"251,501,753",0.00443324522064744,3,6953.86045339727,"251,501,753",0.00443324521763474,3,6953.86045339727,"251,501,753",0.00443324521723684,3,6953.86045339726,"251,501,753",0.00443324521831686,3,6953.86045339727,"251,501,753",0.00443324522132956,3,6953.86045339726,"251,501,753",0.00443324521706631,3,6953.86045339727,"251,501,753",0.00443324521860108,3,6953.86045339726,"164,251,360,501,626,753,810",7,81.3431396519617,"164,251,360,501,626,753,810",7,81.3431396519617,"164,251,360,501,626,753,810",7,81.3431396519617
"251,501,751",0.005,3,6974.7272127743,"249,252,253,256,500,502,503,528,532,749,750",0.00708483138335265,11,7090.54786328359,"249,500,749",0.00648995369226321,3,6973.32467325244,"249,500,749",0.00561217335394378,3,6962.68661238435,"249,500,749",0.00561217335940075,3,6962.68661238435,"249,500,749",0.00561217334985106,3,6962.68661238434,"249,500,749",0.00561217334734994,3,6962.68661238435,"249,500,749",0.00561217336258398,3,6962.68661238434,"249,500,749",0.00561217335780913,3,6962.68661238436,"249,500,749",0.00561217335235217,3,6962.68661238433,"249,500,749",0.00561217335712701,3,6962.68661238434,"249,500,749",0.00561217335212479,3,6962.68661238434,"129,252,348,502,657,750,852",7,93.224681390494,"129,252,348,502,657,749,852",7,93.2513340235049,"129,252,348,502,657,749,852",7,93.2513340235049
"251,501,751",0.005,3,7020.92892601115,"248,251,253,481,485,490,501,503,510,751,752,758",0.0063588074022836,12,7146.60700832465,"248,501,752",0.0057759642042615,3,7013.05498790865,"248,501,752",0.00542417156434986,3,7011.60133542406,"248,501,752",0.00542417156582779,3,7011.60133542406,"248,501,752",0.00542417156503198,3,7011.60133542406,"248,501,752",0.00542417156776047,3,7011.60133542406,"248,501,752",0.0054241715649183,3,7011.60133542406,"248,501,752",0.00542417156514567,3,7011.60133542406,"248,501,752",0.00542417156730572,3,7011.60133542407,"248,501,752",0.00542417156514567,3,7011.60133542406,"248,501,752",0.00542417156741941,3,7011.60133542407,"171,248,386,501,575,752,930",7,158.019125144301,"171,248,386,501,575,751,930",7,158.283255886969,"171,248,386,501,575,751,930",7,158.283255886969
"251,501,751",0.005,3,6937.36246867563,"217,251,446,496,501,511,751",0.006373193255159,7,7013.00673449284,"251,501,751",0.00505609297391526,3,6927.58160200054,"251,501,751",0.00499757692370694,3,6927.508627453,"251,501,751",0.00499757691938684,3,6927.508627453,"251,501,751",0.00499757692234269,3,6927.508627453,"251,501,751",0.00499757691847734,3,6927.50862745299,"251,501,751",0.00499757692052371,3,6927.508627453,"251,501,751",0.00499757691847734,3,6927.50862745299,"251,501,751",0.00499757692257007,3,6927.508627453,"251,501,751",0.00499757692234269,3,6927.508627453,"251,501,751",0.0049975769214332,3,6927.508627453,"79,204,251,381,501,667,751,861",8,71.2425831652262,"79,204,251,381,501,667,751,861",8,71.2425831652262,"79,204,251,381,501,667,751,861",8,71.2425831652262
"251,501,751",0.005,3,6944.34768561327,"239,240,251,449,501,502,503,749,751",0.00715168045169896,9,7073.6442452096,"251,501,749",0.00557784810655772,3,6938.0806251664,"251,501,749",0.00547955026457184,3,6937.96809825472,"251,501,749",0.00547955026479921,3,6937.96809825473,"251,501,749",0.00547955026275285,3,6937.96809825472,"251,501,749",0.00547955025729588,3,6937.96809825472,"251,501,749",0.00547955026343497,3,6937.96809825472,"251,501,749",0.0054795502666182,3,6937.96809825473,"251,501,749",0.00547955025752326,3,6937.96809825473,"251,501,749",0.00547955026570871,3,6937.96809825472,"251,501,749",0.00547955026343497,3,6937.96809825473,"208,251,332,501,641,749,794,930",8,89.776461847333,"208,251,332,501,641,749,863",7,90.2039295296563,"208,251,332,501,641,749,863",7,90.2039295296563
"251,501,751",0.005,3,6950.60699414336,"249,251,252,256,259,501,502,505,513,565,748,751,752,771",0.00517527692200838,14,7090.97446043315,"251,501,748",0.00488213698802494,3,6950.80250198971,"251,501,748",0.00453921130133975,3,6948.14225950708,"251,501,748",0.00453921130304505,3,6948.14225950708,"251,501,748",0.00453921130077131,3,6948.14225950708,"251,501,748",0.0045392113017945,3,6948.14225950708,"251,501,748",0.00453921130128291,3,6948.14225950708,"251,501,748",0.00453921130241977,3,6948.14225950708,"251,501,748",0.00453921130298821,3,6948.14225950708,"251,501,748",0.00453921129940707,3,6948.14225950708,"251,501,748",0.004539211300885,3,6948.14225950708,"137,251,441,501,748,890",6,85.7960816694872,"137,251,441,502,606,751,890",7,86.0632044512696,"137,251,441,501,751,890",6,86.8584268057205
"251,501,751",0.005,3,6954.41479249557,"251,253,475,493,499,501,751",0.00549887048367407,7,7017.98925887948,"251,501,751",0.00465904012989086,3,6949.24519197768,"251,501,751",0.00464062702084714,3,6949.23765584103,"251,501,751",0.00464062702397353,3,6949.23765584103,"251,501,751",0.00464062702130189,3,6949.23765584102,"251,501,751",0.00464062702340509,3,6949.23765584102,"251,501,751",0.00464062702192716,3,6949.23765584102,"251,501,751",0.00464062702243875,3,6949.23765584102,"251,501,751",0.00464062701936921,3,6949.23765584102,"251,501,751",0.00464062702272297,3,6949.23765584103,"251,501,751",0.00464062702113136,3,6949.23765584103,"138,251,401,501,604,751,878",7,86.3736037512357,"138,251,401,501,604,751,878",7,86.3736037512357,"138,251,401,501,604,751,878",7,86.3736037512357
"251,501,751",0.005,3,6982.24364436929,"250,251,496,500,501,503,747,750,751",0.00597431961051872,9,7068.47867700985,"251,501,751",0.00529413365309518,3,6975.4807412915,"251,501,751",0.00518825017092043,3,6975.22679810536,"251,501,751",0.00518825016571393,3,6975.22679810537,"251,501,751",0.0051882501684282,3,6975.22679810536,"251,501,751",0.00518825016935369,3,6975.22679810536,"251,501,751",0.00518825016965034,3,6975.22679810536,"251,501,751",0.00518825016775674,3,6975.22679810536,"251,501,751",0.00518825017104655,3,6975.22679810535,"251,501,751",0.00518825016468897,3,6975.22679810536,"251,501,751",0.00518825016887363,3,6975.22679810536,"160,251,318,459,501,629,751,905",8,111.704974160307,"160,251,318,459,501,629,750,905",8,113.210831786715,"160,251,459,501,629,750,905",7,114.706208103341
"251,501,751",0.005,3,6935.21420507856,"247,248,249,451,461,472,480,482,489,501,502,750,751",0.00626074471459263,13,7057.42551894889,"247,501,750",0.00603304275171778,3,6930.01772169798,"247,501,750",0.00526822037496384,3,6918.46071368856,"247,501,750",0.00526822037371329,3,6918.46071368856,"247,501,750",0.00526822037382698,3,6918.46071368856,"247,501,750",0.00526822037337223,3,6918.46071368856,"247,501,750",0.00526822037519122,3,6918.46071368856,"247,501,750",0.00526822037632809,3,6918.46071368856,"247,501,750",0.00526822037325854,3,6918.46071368856,"247,501,750",0.0052682203753049,3,6918.46071368856,"247,501,750",0.00526822037541859,3,6918.46071368856,"124,248,370,501,609,750,901",7,48.2162538708144,"124,247,370,501,609,750,901",7,48.8728333190537,"124,247,370,501,609,750,901",7,48.8728333190537
"251,501,751",0.005,3,6978.35422638687,"238,246,247,250,251,500,502,503,526,531,535,751,752,753,754",0.00645150332414346,15,7143.52188696525,"251,502,751",0.00571130906860243,3,6970.75868142437,"251,502,751",0.00538476636682148,3,6969.39865239304,"251,502,751",0.00538476636341088,3,6969.39865239304,"251,502,751",0.00538476636613936,3,6969.39865239303,"251,502,751",0.00538476636477512,3,6969.39865239304,"251,502,751",0.00538476636591199,3,6969.39865239304,"251,502,751",0.00538476636636674,3,6969.39865239304,"251,502,751",0.00538476636454775,3,6969.39865239303,"251,502,751",0.00538476636272876,3,6969.39865239304,"251,502,751",0.00538476636432037,3,6969.39865239304,"73,251,394,502,633,752,909",7,100.335326375008,"73,251,394,502,633,753,909",7,100.638328552349,"73,251,394,502,633,753,909",7,100.638328552349
"251,501,751",0.005,3,7064.71031347994,"230,251,260,500,501,597,751,759",0.0065776829024236,8,7146.68585943708,"251,501,751",0.00580068626631006,3,7061.65906772735,"251,501,751",0.00553639230911811,3,7060.79442049231,"251,501,751",0.00553639230968655,3,7060.7944204923,"251,501,751",0.00553639230570751,3,7060.79442049231,"251,501,751",0.00553639230502539,3,7060.79442049231,"251,501,751",0.0055363923075265,3,7060.79442049231,"251,501,751",0.00553639230934549,3,7060.79442049231,"251,501,751",0.00553639230707175,3,7060.7944204923,"251,501,751",0.00553639230877705,3,7060.79442049231,"251,501,751",0.00553639230707175,3,7060.7944204923,"83,230,251,406,501,563,751,886",8,199.323740543075,"83,230,251,406,501,563,751,886",8,199.323740543075,"83,251,406,501,563,751,886",7,201.334471590451
"251,501,751",0.005,3,6910.29471298108,"237,240,251,254,490,501,751,752,753",0.00568961935608325,9,6995.38672317432,"251,501,751",0.00526035617171978,3,6906.76450554926,"251,501,751",0.00492952396675752,3,6905.44651106734,"251,501,751",0.00492952396630277,3,6905.44651106734,"251,501,751",0.00492952396743964,3,6905.44651106734,"251,501,751",0.00492952396675752,3,6905.44651106733,"251,501,751",0.00492952396425641,3,6905.44651106734,"251,501,751",0.00492952396880388,3,6905.44651106734,"251,501,751",0.00492952396971338,3,6905.44651106733,"251,501,751",0.00492952396539328,3,6905.44651106734,"251,501,751",0.00492952396698489,3,6905.44651106734,"167,251,364,501,628,751",6,54.9559756956123,"170,254,364,501,628,751",6,57.7517129629368,"170,254,364,501,628,751,839",7,57.6204419409819
"251,501,751",0.005,3,6941.78265895113,"248,251,500,502,509,514,542,750,751,756",0.00586355432715736,10,7038.27781688606,"251,500,751",0.00505821162460749,3,6934.68052518504,"251,500,751",0.00478481998523358,3,6931.88663636381,"251,500,751",0.00478481998503463,3,6931.88663636381,"251,500,751",0.00478481998546095,3,6931.88663636382,"251,500,751",0.00478481998489252,3,6931.88663636381,"251,500,751",0.00478481998546095,3,6931.88663636382,"251,500,751",0.00478481998529042,3,6931.88663636381,"251,500,751",0.00478481998384092,3,6931.88663636381,"251,500,751",0.00478481998409671,3,6931.88663636381,"251,500,751",0.00478481998455146,3,6931.88663636381,"111,251,374,500,612,751,908",7,75.2013831038711,"111,251,374,500,612,751,908",7,75.2013831038711,"111,251,374,500,612,751,852",7,75.2189049668296
"251,501,751",0.005,3,6944.30710297525,"251,476,499,501,502,517,751",0.00678879860513905,7,7060.02604029912,"251,501,751",0.0050566167347201,3,6941.68980380487,"251,501,751",0.00504608943933417,3,6941.68776078214,"251,501,751",0.00504608944263109,3,6941.68776078213,"251,501,751",0.00504608943995944,3,6941.68776078214,"251,501,751",0.00504608943995944,3,6941.68776078213,"251,501,751",0.00504608944342689,3,6941.68776078214,"251,501,751",0.00504608944405217,3,6941.68776078213,"251,501,751",0.00504608944132369,3,6941.68776078213,"251,501,751",0.0050460894408121,3,6941.68776078214,"251,501,751",0.00504608944183528,3,6941.68776078213,"117,251,342,501,663,751,834",7,82.1312372355955,"117,251,342,501,663,751,834",7,82.1312372355955,"117,251,342,501,663,751,834",7,82.1312372355955
"251,501,751",0.005,3,6988.72137886754,"243,244,250,251,253,482,487,498,501,502,510,517,524,525,750",0.00637241969274488,15,7152.84032992387,"244,498,750",0.00587789095852819,3,6998.49996018439,"244,498,750",0.0053076411099139,3,6986.83124863892,"244,498,750",0.00530764110999206,3,6986.83124863893,"244,498,750",0.00530764111236528,3,6986.83124863893,"244,498,750",0.00530764111204553,3,6986.83124863893,"244,498,750",0.00530764111142025,3,6986.83124863893,"244,498,750",0.00530764111075234,3,6986.83124863893,"244,498,750",0.00530764110908257,3,6986.83124863892,"244,498,750",0.00530764111169026,3,6986.83124863893,"244,498,750",0.00530764111310424,3,6986.83124863893,"72,226,253,442,501,650,750,906",8,127.097157385152,"98,250,442,502,650,750,906",7,127.568868692331,"98,250,442,502,650,750,906",7,127.568868692331
"251,501,751",0.005,3,7000.59111104775,"240,249,251,426,495,501,506,530,751",0.00666116409614646,9,7106.46079522364,"251,501,751",0.005382639198141,3,6998.10057575944,"251,501,751",0.00516385969821152,3,6997.3171947361,"251,501,751",0.00516385969389142,3,6997.31719473611,"251,501,751",0.00516385969457354,3,6997.31719473611,"251,501,751",0.00516385969525566,3,6997.31719473611,"251,501,751",0.00516385969048081,3,6997.31719473612,"251,501,751",0.00516385969502828,3,6997.31719473611,"251,501,751",0.00516385969275455,3,6997.31719473611,"251,501,751",0.00516385969343667,3,6997.31719473611,"251,501,751",0.00516385969571041,3,6997.31719473611,"176,251,300,501,612,751,865",7,134.555218534437,"176,251,300,501,612,751,865",7,134.555218534437,"176,251,300,501,612,751,865",7,134.555218534437
"251,501,751",0.005,3,6889.78993615076,"248,252,497,501,572,751",0.00680403142220442,6,6956.09171929641,"252,501,751",0.00547682140234264,3,6880.69481890042,"252,501,751",0.0053431897084896,3,6880.4389877717,"252,501,751",0.00534318970974015,3,6880.43898777171,"252,501,751",0.00534318970917172,3,6880.43898777171,"252,501,751",0.00534318970735273,3,6880.4389877717,"252,501,751",0.00534318970428319,3,6880.4389877717,"252,501,751",0.00534318970871697,3,6880.4389877717,"252,501,751",0.00534318970928541,3,6880.43898777171,"252,501,751",0.0053431897111044,3,6880.43898777171,"252,501,751",0.00534318971406025,3,6880.43898777171,"176,252,304,439,501,714,751,840",8,29.2262489972412,"176,252,342,439,501,714,751,840",8,33.516041127566,"176,252,342,439,501,714,751,840",8,33.516041127566
"251,501,751",0.005,3,6980.36117278102,"251,497,500,501,505,529,532,745,751,752",0.00618505044832371,10,7089.93241479329,"251,500,745,751",0.00495023517806785,4,6987.75067145022,"251,500,745,751",0.00482549901302829,4,6986.63207435676,"251,500,745,751",0.00482549902144111,4,6986.63207435678,"251,500,745,751",0.00482549901803051,4,6986.63207435677,"251,500,745,751",0.00482549901507465,4,6986.63207435676,"251,500,745,751",0.00482549901643889,4,6986.63207435677,"251,500,745,751",0.00482549901371041,4,6986.63207435676,"251,500,745,751",0.00482549901712101,4,6986.63207435677,"251,500,745,751",0.00482549901530202,4,6986.63207435677,"251,500,745,751",0.00482549901280091,4,6986.63207435676,"93,251,442,500,664,745,807",7,108.134725651794,"93,251,442,501,664,751,807",7,109.790870041841,"84,251,442,501,664,751,807",7,110.445217686062
"251,501,751",0.005,3,6949.07876550801,"251,252,253,397,501,502,504,506,751",0.00683005921296847,9,7061.86599827925,"252,501,751",0.00538416799951451,3,6939.34028131033,"252,501,751",0.00527527135358784,3,6939.17075103097,"252,501,751",0.00527527135466787,3,6939.17075103097,"252,501,751",0.00527527135449734,3,6939.17075103097,"252,501,751",0.00527527135415628,3,6939.17075103097,"252,501,751",0.00527527135449734,3,6939.17075103097,"252,501,751",0.0052752713548384,3,6939.17075103098,"252,501,751",0.00527527135478156,3,6939.17075103097,"252,501,751",0.00527527135637317,3,6939.17075103097,"252,501,751",0.00527527135341731,3,6939.17075103097,"40,186,253,418,501,607,751,903",8,83.5273346666048,"84,253,418,501,607,751,903",7,89.695746374915,"84,253,418,501,607,751,903",7,89.695746374915
"251,501,751",0.005,3,6995.12812657142,"248,250,255,501,504,507,517,523,539,553,602,751",0.00606918817388584,12,7112.42768068061,"250,504,751",0.00502789014758745,3,6985.32042979912,"250,504,751",0.00485634018533342,3,6983.41846941217,"250,504,751",0.00485634018067226,3,6983.41846941218,"250,504,751",0.0048563401833439,3,6983.41846941219,"250,504,751",0.00485634018635661,3,6983.41846941219,"250,504,751",0.00485634018669767,3,6983.41846941217,"250,504,751",0.00485634018772085,3,6983.41846941218,"250,504,751",0.00485634018340075,3,6983.4184694122,"250,504,751",0.00485634018192282,3,6983.41846941219,"250,504,751",0.00485634019383152,3,6983.41846941215,"135,250,402,504,751,830",6,98.8836757339243,"135,250,402,504,751,830",6,98.8836757339243,"135,250,402,504,751,830",6,98.8836757339243
"251,501,751",0.005,3,7000.74852235475,"249,501,502,503,504,558,748,752",0.00645850912686832,8,7092.23493157761,"249,501,752",0.00498850551123004,3,6990.80456520148,"249,501,752",0.00487806517365763,3,6990.30631406039,"249,501,752",0.00487806517570399,3,6990.30631406039,"249,501,752",0.00487806517490818,3,6990.30631406039,"249,501,752",0.00487806517672717,3,6990.30631406038,"249,501,752",0.00487806517604505,3,6990.30631406039,"249,501,752",0.00487806517331657,3,6990.30631406039,"249,501,752",0.00487806517513556,3,6990.30631406039,"249,501,752",0.00487806517524924,3,6990.30631406039,"249,501,752",0.00487806517524924,3,6990.30631406038,"89,249,324,502,637,752,951",7,131.706181038398,"89,249,324,502,637,752,951",7,131.706181038398,"89,249,324,502,637,752,951",7,131.706181038398
"251,501,751",0.005,3,6891.52914168535,"250,251,252,493,501,502,509,735,751",0.0063093059708919,9,6978.14047526757,"251,502,751",0.00560225028997214,3,6890.39154023437,"251,502,751",0.00540499184871793,3,6887.41558670113,"251,502,751",0.00540499184934321,3,6887.41558670113,"251,502,751",0.00540499184979796,3,6887.41558670113,"251,502,751",0.00540499184860424,3,6887.41558670113,"251,502,751",0.00540499184877477,3,6887.41558670113,"251,502,751",0.00540499184735369,3,6887.41558670113,"251,502,751",0.00540499184570523,3,6887.41558670113,"251,502,751",0.00540499184968427,3,6887.41558670113,"251,502,751",0.00540499184445468,3,6887.41558670113,"171,251,385,502,639,751,884",7,32.2297824819552,"171,251,385,502,639,751,884",7,32.2297824819552,"171,251,385,502,639,751,884",7,32.2297824819552
"251,501,751",0.005,3,6995.83397238993,"251,491,493,494,501,502,503,523,746,751",0.00622328202905246,10,7126.22148289538,"251,502,751",0.0047557568762376,3,6989.04365814611,"251,502,751",0.0047234172063144,3,6989.00094012979,"251,502,751",0.00472341720540491,3,6989.00094012979,"251,502,751",0.00472341720642809,3,6989.00094012979,"251,502,751",0.00472341720733758,3,6989.00094012979,"251,502,751",0.00472341720546175,3,6989.00094012979,"251,502,751",0.0047234172046091,3,6989.00094012979,"251,502,751",0.00472341720637124,3,6989.00094012979,"251,502,751",0.00472341720824708,3,6989.00094012979,"251,502,751",0.00472341720637124,3,6989.00094012979,"97,251,332,502,558,751,853",7,119.206972296715,"97,251,332,502,558,751,853",7,119.206972296715,"97,251,332,502,558,751,853",7,119.206972296715
"251,501,751",0.005,3,6953.87339935319,"251,493,500,501,503,547,750,751,753",0.00644388813575336,9,7059.22339468387,"251,500,750",0.00527864562332352,3,6950.3490064293,"251,500,750",0.00518940976202203,3,6950.23185217124,"251,500,750",0.00518940976361365,3,6950.23185217125,"251,500,750",0.00518940976588739,3,6950.23185217123,"251,500,750",0.00518940976497789,3,6950.23185217125,"251,500,750",0.00518940976429577,3,6950.23185217125,"251,500,750",0.00518940976429577,3,6950.23185217125,"251,500,750",0.00518940976361365,3,6950.23185217125,"251,500,750",0.00518940976475052,3,6950.23185217124,"251,500,750",0.00518940976247678,3,6950.23185217123,"160,251,344,445,500,578,705,751,931",9,97.3853354601411,"160,251,344,445,500,578,705,750,931",9,98.5936304856628,"160,251,445,500,578,705,750,931",8,99.1993349116884
"251,501,751",0.005,3,6905.89364945931,"242,250,252,415,474,493,500,501,751,752",0.00541072022580198,10,7001.54255441315,"250,500,751",0.00480413256218182,3,6893.7430923251,"250,500,751",0.00441849220942541,3,6891.61816887717,"250,500,751",0.00441849220897066,3,6891.61816887717,"250,500,751",0.00441849220885697,3,6891.61816887716,"250,500,751",0.00441849220891381,3,6891.61816887716,"250,500,751",0.00441849220897066,3,6891.61816887717,"250,500,751",0.00441849220527584,3,6891.61816887716,"250,500,751",0.00441849221221073,3,6891.61816887718,"250,500,751",0.00441849220976647,3,6891.61816887716,"250,500,751",0.00441849221061912,3,6891.61816887717,"164,250,380,500,631,751,838",7,18.9821686517207,"164,250,380,500,631,752,838",7,19.2678329041732,"164,250,380,500,518,631,752,838",8,18.0084556582887
"251,501,751",0.005,3,6934.42715045149,"238,241,246,251,499,501,515,751",0.00579672428008008,8,7019.63168247019,"251,499,751",0.00502154089574873,3,6930.62337402141,"251,499,751",0.00474476433307283,3,6929.42232246907,"251,499,751",0.00474476433079909,3,6929.42232246908,"251,499,751",0.00474476433443707,3,6929.42232246907,"251,499,751",0.00474476433614237,3,6929.42232246906,"251,499,751",0.0047447643315949,3,6929.42232246907,"251,499,751",0.00474476433295914,3,6929.42232246907,"251,499,751",0.00474476433148121,3,6929.42232246907,"251,499,751",0.00474476433409601,3,6929.42232246907,"251,499,751",0.0047447643298896,3,6929.42232246908,"153,251,387,499,666,751,942",7,71.7501790771107,"153,251,387,499,666,751,942",7,71.7501790771107,"153,251,387,499,666,751,942",7,71.7501790771107
"251,501,751",0.005,3,7009.7979357003,"248,251,454,501,503,510,514,735,738,750",0.00644973444911512,10,7108.01484648988,"251,501,514,750",0.0053514835289109,4,7006.01717880079,"251,501,750",0.00502841612057115,3,7003.86735216593,"251,501,750",0.0050560941453097,3,7001.01307456952,"251,501,750",0.00505609414394545,3,7001.01307456952,"251,501,750",0.00505609414189909,3,7001.01307456952,"251,501,750",0.0050560941461055,3,7001.01307456952,"251,501,750",0.00505609414678763,3,7001.01307456951,"251,501,750",0.00505609414565076,3,7001.01307456951,"251,501,750",0.00505609414826555,3,7001.01307456952,"251,501,750",0.00505609414508232,3,7001.01307456952,"169,251,388,503,576,724,750,887",8,148.307259583818,"169,251,388,503,576,724,750,887",8,148.307259583818,"169,251,388,503,576,750,887",7,147.925257769244
"251,501,751",0.005,3,6982.27587457347,"243,244,249,495,502,503,512,546,751",0.00678244604528981,9,7075.30637134539,"249,503,512,751",0.00549370094184711,4,6976.97941734646,"249,503,751",0.00529269550653411,3,6966.5780372182,"249,503,751",0.00528982075762491,3,6966.23385855035,"249,503,751",0.00528982075803703,3,6966.23385855036,"249,503,751",0.00528982075947233,3,6966.23385855035,"249,503,751",0.00528982075580592,3,6966.23385855035,"249,503,751",0.0052898207559054,3,6966.23385855035,"249,503,751",0.00528982075863388,3,6966.23385855034,"249,503,751",0.00528982075699964,3,6966.23385855035,"249,503,751",0.00528982075614699,3,6966.23385855035,"160,249,355,503,640,751,864",7,100.495096514705,"160,249,355,503,640,751,864",7,100.495096514705,"160,249,355,503,640,751,864",7,100.495096514705
"251,501,751",0.005,3,6898.00955640414,"248,250,251,468,469,500,501,502,507,520,751,760,762,763",0.00711483145398051,14,7050.8048777201,"251,507,751",0.00616482084505894,3,6893.9183333987,"251,507,751",0.00583599433444833,3,6889.63075222148,"251,507,751",0.00583599433439149,3,6889.63075222148,"251,507,751",0.00583599433416411,3,6889.63075222148,"251,507,751",0.00583599433649469,3,6889.63075222148,"251,507,751",0.0058359943338799,3,6889.63075222148,"251,507,751",0.00583599433672207,3,6889.63075222148,"251,507,751",0.0058359943338799,3,6889.63075222148,"251,507,751",0.00583599433706313,3,6889.63075222147,"251,507,751",0.00583599433399358,3,6889.63075222147,"162,251,394,507,632,751,880",7,14.9099670206859,"162,251,394,507,632,751,880",7,14.9099670206859,"162,251,394,507,632,751,880",7,14.9099670206859
"251,501,751",0.005,3,6981.18530776338,"247,251,252,260,496,501,508,748,751",0.00635912316615701,9,7108.49215575314,"251,501,751",0.00506840653730822,3,6977.29419798856,"251,501,751",0.00477644975693291,3,6976.1975822006,"251,501,751",0.00477644975977509,3,6976.1975822006,"251,501,751",0.00477644975647817,3,6976.1975822006,"251,501,751",0.00477644975897928,3,6976.19758220061,"251,501,751",0.00477644975681923,3,6976.1975822006,"251,501,751",0.0047764497553413,3,6976.1975822006,"251,501,751",0.00477644975727397,3,6976.1975822006,"251,501,751",0.00477644975977509,3,6976.1975822006,"251,501,751",0.00477644975659185,3,6976.19758220059,"128,251,363,501,536,751,780",7,109.858736398743,"128,251,363,501,536,751,780",7,109.858736398743,"128,251,363,501,536,751,780",7,109.858736398743
"251,501,751",0.005,3,6949.36447769289,"222,247,251,454,501,503,508,521,750,751",0.00690361574564565,10,7092.44653675936,"251,501,751",0.00528038045103699,3,6942.18096429456,"251,501,751",0.00519654761002071,3,6942.07377932648,"251,501,751",0.00519654760479112,3,6942.07377932649,"251,501,751",0.00519654760456375,3,6942.07377932649,"251,501,751",0.00519654760115314,3,6942.0737793265,"251,501,751",0.0051965476031995,3,6942.0737793265,"251,501,751",0.00519654760183526,3,6942.07377932649,"251,501,751",0.00519654760365425,3,6942.07377932649,"251,501,751",0.00519654760024365,3,6942.0737793265,"251,501,751",0.00519654760524587,3,6942.07377932649,"92,202,251,429,501,585,751,852",8,80.7967338210765,"92,202,251,429,501,585,751,852",8,80.7967338210765,"202,251,429,501,585,751,852",7,85.8943916458986
"251,501,751",0.005,3,6908.09393394294,"235,248,251,397,457,463,499,501,502,505,567,751,753",0.00511166442826553,13,7041.76578733757,"251,501,751",0.00447936907730882,3,6900.45214127742,"251,501,751",0.00429338309806498,3,6899.67206847842,"251,501,751",0.00429338309590493,3,6899.67206847842,"251,501,751",0.00429338310170296,3,6899.67206847842,"251,501,751",0.00429338309772392,3,6899.67206847842,"251,501,751",0.00429338309584809,3,6899.67206847842,"251,501,751",0.00429338309925869,3,6899.67206847843,"251,501,751",0.00429338309863341,3,6899.67206847842,"251,501,751",0.00429338309653021,3,6899.67206847843,"251,501,751",0.0042933830996566,3,6899.67206847842,"96,251,501,632,751,950",6,33.2024800115606,"96,251,501,632,753,950",6,34.3119456129889,"96,251,501,632,753,950",6,34.3119456129889
"251,501,751",0.005,3,7000.65527357327,"233,247,251,500,501,502,503,512,751",0.00688197717606579,9,7107.83716354978,"251,501,751",0.00570623890819596,3,6994.67387309768,"251,501,751",0.00563702179005294,3,6994.55722122242,"251,501,751",0.00563702179050769,3,6994.55722122241,"251,501,751",0.00563702178982557,3,6994.5572212224,"251,501,751",0.00563702179164455,3,6994.55722122241,"251,501,751",0.00563702178482334,3,6994.55722122241,"251,501,751",0.00563702179118981,3,6994.55722122241,"251,501,751",0.00563702179096243,3,6994.55722122241,"251,501,751",0.00563702178641496,3,6994.55722122242,"251,501,751",0.00563702178914344,3,6994.55722122241,"121,251,382,501,552,693,751,847",8,147.5247076526,"121,251,382,501,552,693,751,847",8,147.5247076526,"121,251,382,501,552,693,751,847",8,147.5247076526
"251,501,751",0.005,3,6932.80754336845,"250,252,253,254,255,501,502,516,584,751",0.00657140445410569,10,7057.31740919256,"252,501,751",0.00560231474591361,3,6928.69514341511,"252,501,751",0.00523474688261013,3,6927.34886798275,"252,501,751",0.00523474688329225,3,6927.34886798274,"252,501,751",0.00523474688340594,3,6927.34886798275,"252,501,751",0.00523474688215538,3,6927.34886798275,"252,501,751",0.00523474688420174,3,6927.34886798275,"252,501,751",0.00523474688681654,3,6927.34886798274,"252,501,751",0.00523474688749866,3,6927.34886798273,"252,501,751",0.00523474688579336,3,6927.34886798274,"252,501,751",0.00523474688465649,3,6927.34886798274,"131,252,288,466,501,625,751,860",8,70.9179385347943,"131,255,316,486,501,625,751,860",8,73.7004174394432,"131,255,316,486,501,725,751,860",8,76.0506519377333
"251,501,751",0.005,3,7047.84486136857,"248,249,252,495,499,501,502,521,538,741,749,752,753,755,758",0.00595440628450199,15,7211.69812406451,"249,502,741",0.00564569938299679,3,7049.31486132845,"249,502,741",0.00512050026061428,3,7043.77916933468,"249,502,741",0.00512050026091271,3,7043.77916933467,"249,502,741",0.00512050026104061,3,7043.77916933467,"249,502,741",0.00512050025883792,3,7043.77916933468,"249,502,741",0.0051205002614243,3,7043.77916933467,"249,502,741",0.00512050026038691,3,7043.77916933468,"249,502,741",0.00512050025966215,3,7043.77916933468,"249,502,741",0.00512050026233379,3,7043.77916933467,"249,502,741",0.00512050025984689,3,7043.77916933467,"159,249,417,499,703,752,813",7,173.99106977137,"159,249,417,501,669,741,758,813",8,178.95455293017,"159,249,417,499,669,741,813",7,177.961828381203
"251,501,751",0.005,3,6967.15782338409,"248,250,251,430,482,501,503,531,568,575,752",0.00621703563458659,11,7090.53165086921,"251,501,752",0.0047090153051008,3,6957.63434643443,"251,501,752",0.00460592767341487,3,6957.37797401864,"251,501,752",0.00460592767591598,3,6957.37797401866,"251,501,752",0.00460592767614335,3,6957.37797401865,"251,501,752",0.00460592767102745,3,6957.37797401865,"251,501,752",0.00460592767716653,3,6957.37797401865,"251,501,752",0.00460592767364224,3,6957.37797401865,"251,501,752",0.0046059276739833,3,6957.37797401863,"251,501,752",0.00460592767239169,3,6957.37797401864,"251,501,752",0.00460592767625704,3,6957.37797401865,"123,251,332,499,500,752,855",7,93.946723564037,"123,251,332,501,752,855",6,95.1746099173199,"123,251,332,501,752,855",6,95.1746099173199
"251,501,751",0.005,3,6889.93529600815,"250,251,260,501,506,509,750,751,752,753,758",0.00598326877903168,11,6995.33166128395,"250,501,752",0.0054862432720925,3,6881.7774613537,"250,501,752",0.00519973676085822,3,6880.20290706178,"250,501,752",0.00519973676068769,3,6880.20290706177,"250,501,752",0.00519973675966451,3,6880.20290706177,"250,501,752",0.00519973675790236,3,6880.20290706177,"250,501,752",0.00519973675818658,3,6880.20290706178,"250,501,752",0.00519973676114244,3,6880.20290706177,"250,501,752",0.00519973675955082,3,6880.20290706178,"250,501,752",0.00519973675790236,3,6880.20290706177,"250,501,752",0.00519973675835711,3,6880.20290706177,"153,250,333,468,501,615,752,837",8,16.2802491197318,"153,250,333,468,501,615,752,837",8,16.2802491197318,"153,250,333,468,501,615,752,837",8,16.2802491197318
"251,501,751",0.005,3,6925.96403642293,"251,448,459,493,498,501,504,751,752",0.00529930966179473,9,7020.12762208549,"251,498,504,752",0.00416622384884825,4,6927.29336280908,"251,498,752",0.00347061690519255,3,6924.98086227015,"251,498,752",0.00405460276641371,3,6917.16456906991,"251,498,752",0.00405460276755058,3,6917.1645690699,"251,498,752",0.00405460277027906,3,6917.16456906989,"251,498,752",0.00405460277141593,3,6917.1645690699,"251,498,752",0.00405460276595896,3,6917.1645690699,"251,498,752",0.00405460276595896,3,6917.16456906991,"251,498,752",0.00405460276891482,3,6917.16456906991,"251,498,752",0.00405460276891482,3,6917.1645690699,"115,251,348,498,668,752,923",7,29.2750936999761,"115,251,348,498,668,752,923",7,29.2750936999761,"115,251,348,498,668,752,959",7,30.1171845293666
"251,501,751",0.005,3,6913.66270372252,"251,494,501,502,507,750,752",0.00613405951293979,7,6981.48406337594,"251,502,752",0.005360563407273,3,6910.97961203478,"251,502,752",0.00520929948212203,3,6910.01110823251,"251,502,752",0.00520929948166728,3,6910.01110823251,"251,502,752",0.00520929947996198,3,6910.01110823251,"251,502,752",0.00520929948246309,3,6910.01110823251,"251,502,752",0.00520929948212203,3,6910.0111082325,"251,502,752",0.00520929948189465,3,6910.01110823251,"251,502,752",0.00520929948189465,3,6910.01110823251,"251,502,752",0.00520929948143991,3,6910.0111082325,"251,502,752",0.00520929948314521,3,6910.01110823251,"117,251,420,502,605,752,915",7,56.7205999823471,"117,251,420,502,605,752,915",7,56.7205999823471,"117,251,420,502,605,752,915",7,56.7205999823471
"251,501,751",0.005,3,6980.69260898969,"251,501,504,506,519,751",0.00736030126800468,6,7103.07274758941,"251,501,751",0.00542408554730133,3,6975.72161907456,"251,501,751",0.00524242916238883,3,6975.2465613397,"251,501,751",0.00524242916818686,3,6975.2465613397,"251,501,751",0.00524242916847107,3,6975.2465613397,"251,501,751",0.00524242916852792,3,6975.2465613397,"251,501,751",0.00524242916619734,3,6975.2465613397,"251,501,751",0.00524242916449204,3,6975.2465613397,"251,501,751",0.00524242916636787,3,6975.2465613397,"251,501,751",0.00524242916290042,3,6975.2465613397,"251,501,751",0.00524242916670893,3,6975.2465613397,"109,251,308,420,501,650,751,857",8,116.888510909821,"109,251,308,420,501,650,751,857",8,116.888510909821,"76,251,308,420,501,650,751,857",8,117.263989169159
"251,501,751",0.005,3,6977.30774940737,"251,496,497,501,747,748,751,752",0.00571962939460552,8,7050.23806649506,"251,501,751",0.00545946457706288,3,6976.78434574166,"251,501,751",0.00501844272993421,3,6974.36011700502,"251,501,751",0.00501844272800154,3,6974.36011700502,"251,501,751",0.00501844272697835,3,6974.36011700502,"251,501,751",0.00501844272788785,3,6974.36011700502,"251,501,751",0.00501844272675098,3,6974.36011700502,"251,501,751",0.00501844272925209,3,6974.36011700503,"251,501,751",0.00501844272606886,3,6974.36011700502,"251,501,751",0.00501844272970684,3,6974.36011700502,"251,501,751",0.00501844272720573,3,6974.36011700502,"122,251,335,501,626,751,852",7,112.714126014655,"122,251,335,501,626,751,852",7,112.714126014655,"122,251,335,501,626,751,852",7,112.714126014655
"251,501,751",0.005,3,7062.01055770578,"251,257,258,481,500,501,543,751,752,753",0.0057551895161832,10,7176.11945911144,"251,501,751",0.00514572464454601,3,7059.87083513815,"251,501,751",0.00432457059868799,3,7051.10398912223,"251,501,751",0.00432457060096173,3,7051.10398912223,"251,501,751",0.00432457059618688,3,7051.10398912224,"251,501,751",0.00432457059323102,3,7051.10398912224,"251,501,751",0.00432457059641425,3,7051.10398912224,"251,501,751",0.00432457059891536,3,7051.10398912224,"251,501,751",0.0043245706011891,3,7051.10398912223,"251,501,751",0.00432457060096173,3,7051.10398912223,"251,501,751",0.00432457060278071,3,7051.10398912223,"98,251,288,501,584,752,870",7,184.161477866365,"98,251,288,501,584,751,870",7,184.514703648036,"98,251,288,501,584,751,870",7,184.514703648036
"251,501,751",0.005,3,6869.25311226657,"245,251,462,493,501,505,514,751,752",0.00535937600398908,9,6962.31977945766,"251,501,752",0.00465281694109349,3,6865.81529836101,"251,501,752",0.00434251590460174,3,6862.12861421921,"251,501,752",0.00434251590976028,3,6862.12861421921,"251,501,752",0.0043425159063781,3,6862.12861421921,"251,501,752",0.00434251590649178,3,6862.12861421921,"251,501,752",0.00434251590626441,3,6862.12861421921,"251,501,752",0.00434251590622178,3,6862.12861421921,"251,501,752",0.00434251590478648,3,6862.12861421921,"251,501,752",0.00434251590553966,3,6862.12861421921,"251,501,752",0.00434251590590914,3,6862.12861421921,"115,251,397,501,584,752,950",7,-3.29156838721816,"115,251,397,501,584,752,950",7,-3.29156838721816,"115,251,397,501,584,752,950",7,-3.29156838721816
"251,501,751",0.005,3,6857.99704145949,"249,251,479,488,497,501,502,506,551,745,747,749,750",0.00649333774406281,13,6991.86651477519,"251,502,749",0.00551257788495687,3,6850.72303942874,"251,502,749",0.00534188391443311,3,6848.80113795726,"251,502,749",0.00534188391193199,3,6848.80113795727,"251,502,749",0.00534188391568366,3,6848.80113795727,"251,502,749",0.00534188391790055,3,6848.80113795727,"251,502,749",0.00534188391301202,3,6848.80113795726,"251,502,749",0.00534188391625209,3,6848.80113795727,"251,502,749",0.00534188391568366,3,6848.80113795727,"251,502,749",0.00534188391460364,3,6848.80113795727,"251,502,749",0.00534188391676369,3,6848.80113795727,"148,251,364,501,648,749,937",7,-21.7528445816734,"148,251,364,501,648,749,937",7,-21.7528445816734,"148,251,364,501,648,749,937",7,-21.7528445816734
"251,501,751",0.005,3,6956.59923519155,"251,252,490,494,501,505,540,546,729,751,772",0.00609090975973933,11,7066.7562607617,"251,501,751",0.00536338863665253,3,6953.83889334322,"251,501,751",0.00519825018715921,3,6953.3443589149,"251,501,751",0.00519825017935745,3,6953.34435891488,"251,501,751",0.0051982501854397,3,6953.3443589149,"251,501,751",0.00519825018222805,3,6953.3443589149,"251,501,751",0.00519825018460126,3,6953.3443589149,"251,501,751",0.00519825018482863,3,6953.3443589149,"251,501,751",0.00519825018353545,3,6953.3443589149,"251,501,751",0.00519825018343597,3,6953.3443589149,"251,501,751",0.00519825018417493,3,6953.3443589149,"73,251,334,452,501,590,729,751,843",9,89.8489252217362,"73,251,334,452,501,590,729,751,843",9,89.8489252217362,"73,251,334,452,501,590,729,751,843",9,89.8489252217362
"251,501,751",0.005,3,7015.9279862153,"223,249,250,251,252,493,495,496,503,506,750,751",0.00568455220201728,12,7142.67774207749,"251,506,750",0.00481009812898967,3,7001.27207376145,"251,506,750",0.00468027992165979,3,7001.07556509554,"251,506,750",0.00468027991839129,3,7001.07556509553,"251,506,750",0.00468027991861867,3,7001.07556509553,"251,506,750",0.00468027991952816,3,7001.07556509553,"251,506,750",0.00468027991836287,3,7001.07556509553,"251,506,750",0.00468027991986922,3,7001.07556509553,"251,506,750",0.00468027991901657,3,7001.07556509552,"251,506,750",0.00468027991719758,3,7001.07556509552,"251,506,750",0.00468027992026713,3,7001.07556509553,"198,251,409,506,547,750,849",7,137.811069809876,"198,251,409,506,547,750,849",7,137.811069809876,"198,251,409,506,547,750,849",7,137.811069809876
"251,501,751",0.005,3,7029.06468592471,"251,252,496,500,501,503,751,752",0.00684387788339879,8,7163.53545089875,"251,500,751",0.00502398762993757,3,7024.19955134217,"251,500,751",0.00494620265049548,3,7024.09022096517,"251,500,751",0.00494620264981336,3,7024.09022096518,"251,500,751",0.00494620264844911,3,7024.09022096518,"251,500,751",0.0049462026502681,3,7024.09022096517,"251,500,751",0.00494620264981336,3,7024.09022096518,"251,500,751",0.00494620264674381,3,7024.09022096518,"251,500,751",0.00494620265038179,3,7024.09022096518,"251,500,751",0.00494620265038179,3,7024.09022096518,"251,500,751",0.00494620264879017,3,7024.09022096518,"119,251,400,500,568,751,800",7,167.713206698366,"119,251,400,500,568,751,800",7,167.713206698366,"119,251,400,500,568,751,800",7,167.713206698366
"251,501,751",0.005,3,6925.83850866953,"245,250,251,498,501,502,751",0.00603978017311544,7,7004.2183076269,"250,251,501,751",0.00504732558664208,4,6935.85415290803,"250,501,751",0.0049796351113096,3,6922.47121420605,"250,501,751",0.00491613965650832,3,6922.42148069236,"250,501,751",0.00491613965196085,3,6922.42148069235,"250,501,751",0.00491613965366615,3,6922.42148069234,"250,501,751",0.00491613965332509,3,6922.42148069235,"250,501,751",0.00491613965207453,3,6922.42148069234,"250,501,751",0.00491613965343878,3,6922.42148069234,"250,501,751",0.00491613965423458,3,6922.42148069234,"250,501,751",0.00491613965275666,3,6922.42148069234,"161,250,440,501,611,751,892,995",8,62.0060999847036,"161,251,440,501,611,751,892,995",8,62.2229945472555,"161,251,440,501,611,751,892,995",8,62.2229945472555
"251,501,751",0.005,3,6966.68514881014,"251,253,472,498,501,505,516,751,755",0.00666796660217215,9,7100.63621491867,"251,501,505,751",0.0049561693317352,4,6972.94819812939,"251,501,751",0.00483458304912588,3,6962.42362371075,"251,501,751",0.00484249964686412,3,6962.00283499723,"251,501,751",0.0048424996459262,3,6962.00283499722,"251,501,751",0.00484249964549988,3,6962.00283499722,"251,501,751",0.00484249964702044,3,6962.00283499723,"251,501,751",0.00484249964699202,3,6962.00283499723,"251,501,751",0.00484249964568462,3,6962.00283499722,"251,501,751",0.00484249964555672,3,6962.00283499722,"251,501,751",0.00484249964842731,3,6962.00283499723,"119,251,372,501,626,751,868",7,99.5517643842806,"119,251,372,501,626,751,868",7,99.5517643842806,"119,251,372,501,626,751,868",7,99.5517643842806
"251,501,751",0.005,3,7037.90167939831,"250,251,490,500,501,503,556,584,592,751",0.00539209720885201,10,7137.52579133157,"251,503,751",0.00402861282208039,3,7030.4799700163,"251,503,751",0.00401925402338236,3,7030.0002839748,"251,503,751",0.00401925402781614,3,7030.00028397479,"251,503,751",0.00401925402565609,3,7030.00028397479,"251,503,751",0.00401925402110862,3,7030.00028397479,"251,503,751",0.00401925402224549,3,7030.00028397479,"251,503,751",0.00401925402338236,3,7030.00028397478,"251,503,751",0.00401925402292761,3,7030.00028397478,"251,503,751",0.00401925402883933,3,7030.00028397477,"251,503,751",0.00401925402451923,3,7030.00028397478,"34,251,375,501,751,873",6,137.962114133857,"34,251,375,501,751,873",6,137.962114133857,"34,251,375,501,751,873",6,137.962114133857
"251,501,751",0.005,3,6880.77507475014,"251,252,256,494,501,502,505,515,525,751,755,764",0.00632019960595525,12,7049.67567568623,"252,501,751",0.00513945609672962,3,6875.54829762929,"252,501,751",0.00479039328383061,3,6873.90318767378,"252,501,751",0.00479039328707069,3,6873.90318767378,"252,501,751",0.00479039328286428,3,6873.90318767378,"252,501,751",0.00479039328567803,3,6873.90318767377,"252,501,751",0.00479039328670121,3,6873.90318767378,"252,501,751",0.00479039328402957,3,6873.90318767378,"252,501,751",0.00479039328442747,3,6873.90318767378,"252,501,751",0.0047903932865591,3,6873.90318767378,"252,501,751",0.00479039328536539,3,6873.90318767378,"127,252,394,501,614,751,854",7,1.70626928477417,"127,252,394,501,614,751,854",7,1.70626928477417,"127,252,394,501,614,751,854",7,1.70626928477417
"251,501,751",0.005,3,7004.47470806958,"240,251,257,500,501,530,748,751",0.00636728228640056,8,7098.37915913297,"251,501,748",0.00591329570928792,3,7010.06925756408,"251,501,748",0.00508762235759972,3,7002.91360082454,"251,501,748",0.00508762235771341,3,7002.91360082454,"251,501,748",0.00508762235703129,3,7002.91360082454,"251,501,748",0.00508762235748604,3,7002.91360082455,"251,501,748",0.0050876223569176,3,7002.91360082454,"251,501,748",0.0050876223569176,3,7002.91360082454,"251,501,748",0.00508762235555336,3,7002.91360082454,"251,501,748",0.00508762235725866,3,7002.91360082454,"251,501,748",0.00508762235714498,3,7002.91360082454,"121,251,446,501,651,748,823",7,145.184890432315,"121,251,446,501,651,748,823",7,145.184890432315,"121,251,446,501,651,748,823",7,145.184890432315
"251,501,751",0.005,3,6842.14514651233,"236,246,251,254,255,263,478,500,503,505,749,753,754",0.00580081135153979,13,6966.90423245536,"251,503,749",0.00588164993985155,3,6837.97742646111,"251,503,749",0.00514537367178815,3,6826.90281252863,"251,503,749",0.00514537367167446,3,6826.90281252864,"251,503,749",0.00514537366587643,3,6826.90281252864,"251,503,749",0.00514537366780911,3,6826.90281252863,"251,503,749",0.00514537366735436,3,6826.90281252863,"251,503,749",0.00514537366985547,3,6826.90281252864,"251,503,749",0.00514537366905966,3,6826.90281252864,"251,503,749",0.00514537367031022,3,6826.90281252864,"251,503,749",0.00514537366746805,3,6826.90281252864,"156,254,418,503,592,749,862",7,-29.8589754219276,"156,251,418,503,592,749,862",7,-26.5110983425047,"156,251,261,262,418,503,592,749,862",9,-26.5902092699124
"251,501,751",0.005,3,6924.16808620848,"239,246,252,253,254,453,492,501,509,513,751,753",0.00582162725120824,12,7066.35472436441,"254,501,751",0.00560837657121011,3,6926.00252424916,"254,501,751",0.00456660458749753,3,6914.4903218918,"254,501,751",0.00456660459045339,3,6914.49032189181,"254,501,751",0.00456660458567854,3,6914.49032189181,"254,501,751",0.00456660458795228,3,6914.49032189181,"254,501,751",0.00456660458749753,3,6914.49032189181,"254,501,751",0.00456660458681541,3,6914.49032189181,"254,501,751",0.00456660458931652,3,6914.49032189181,"254,501,751",0.00456660458499642,3,6914.49032189181,"254,501,751",0.00456660458772491,3,6914.49032189181,"107,253,331,501,602,751,830,973",8,50.9668200391037,"107,254,331,501,602,753,830,973",8,54.6246313095846,"107,254,331,501,602,753,830,973",8,54.6246313095846
"251,501,751",0.005,3,6912.91752331536,"244,251,494,495,501,505,750,751,753",0.0056290627097603,9,7014.52140402369,"251,501,750",0.00458012768385534,3,6910.01495218148,"251,501,750",0.00451955159710764,3,6909.89734023148,"251,501,750",0.00451955159597077,3,6909.89734023149,"251,501,750",0.00451955159506128,3,6909.89734023148,"251,501,750",0.00451955159778976,3,6909.89734023148,"251,501,750",0.00451955159778976,3,6909.89734023147,"251,501,750",0.00451955159983612,3,6909.89734023148,"251,501,750",0.00451955159665289,3,6909.89734023148,"251,501,750",0.00451955159119592,3,6909.89734023147,"251,501,750",0.00451955159665289,3,6909.89734023148,"170,251,428,501,634,751,972",7,26.0520128299231,"170,251,428,501,634,750,972",7,27.0979678596414,"170,251,428,501,634,750,972",7,27.0979678596414
"251,501,751",0.005,3,6951.14211640159,"247,252,253,496,499,500,501,502,510,517,751",0.00640811776482568,11,7056.07401148214,"252,496,502,751",0.00545966461799387,4,6937.08650094491,"252,502,751",0.00537079668497253,3,6927.32178756617,"252,502,751",0.00532025818466373,3,6926.70699886397,"252,502,751",0.00532025818273105,3,6926.70699886397,"252,502,751",0.00532025818216262,3,6926.70699886397,"252,502,751",0.00532025818352686,3,6926.70699886397,"252,502,751",0.00532025818420898,3,6926.70699886397,"252,502,751",0.00532025818483426,3,6926.70699886397,"252,502,751",0.00532025818307211,3,6926.70699886397,"252,502,751",0.00532025818176471,3,6926.70699886397,"179,252,319,502,645,751,887",7,48.808779975913,"179,252,319,501,645,751,887",7,48.8671640255773,"179,252,319,502,645,751,887",7,48.808779975913
"251,501,751",0.005,3,6987.11085181359,"249,251,472,476,499,501,502,505,512,751,760,761",0.00557737404740478,12,7130.47259850406,"251,502,751",0.00409231721499977,3,6984.07692735121,"251,502,751",0.00411286030509909,3,6981.24439265909,"251,502,751",0.00411286030636031,3,6981.24439265909,"251,502,751",0.00411286030746875,3,6981.24439265909,"251,502,751",0.00411286030314865,3,6981.24439265909,"251,502,751",0.004112860307991,3,6981.2443926591,"251,502,751",0.00411286030650241,3,6981.2443926591,"251,502,751",0.00411286030614359,3,6981.2443926591,"251,502,751",0.00411286030568174,3,6981.2443926591,"251,502,751",0.00411286030685769,3,6981.2443926591,"169,251,452,501,604,751,836",7,102.99721244108,"169,251,452,501,604,751,836",7,102.99721244108,"251,453,502,604,751,836",6,104.89651340731
"251,501,751",0.005,3,6947.62462559748,"249,251,489,492,499,500,536,749,751,752,754",0.00633034131515573,11,7085.93342732215,"249,499,751",0.0049451951220333,3,6935.76163638485,"249,499,751",0.00483606704665517,3,6935.56709362453,"249,499,751",0.00483606704574567,3,6935.56709362453,"249,499,751",0.00483606704563199,3,6935.56709362453,"249,499,751",0.00483606704585936,3,6935.56709362454,"249,499,751",0.00483606704517724,3,6935.56709362453,"249,499,751",0.0048360670455183,3,6935.56709362453,"249,499,751",0.00483606704438143,3,6935.56709362454,"249,499,751",0.00483606704335825,3,6935.56709362454,"249,499,751",0.00483606704324456,3,6935.56709362453,"137,249,312,499,620,751,926",7,79.2201150530371,"137,249,312,499,620,751,926",7,79.2201150530371,"137,249,312,499,620,751,926",7,79.2201150530371
"251,501,751",0.005,3,7007.95917219801,"249,251,253,442,445,460,502,541,548,574,750,752",0.00676563123128655,12,7148.65399948502,"251,502,752",0.00499846903799079,3,6993.63220806123,"251,502,752",0.00485387724109956,3,6993.409156528,"251,502,752",0.00485387724223643,3,6993.40915652801,"251,502,752",0.00485387723586996,3,6993.40915652801,"251,502,752",0.00485387723700683,3,6993.40915652801,"251,502,752",0.00485387724041744,3,6993.409156528,"251,502,752",0.00485387723996269,3,6993.409156528,"251,502,752",0.0048538772381437,3,6993.409156528,"251,502,752",0.00485387724155431,3,6993.40915652801,"251,502,752",0.00485387723723421,3,6993.40915652801,"137,251,329,502,621,752,841",7,125.465200897449,"137,251,329,502,621,752,841",7,125.465200897449,"137,251,329,502,621,752,841",7,125.465200897449
"251,501,751",0.005,3,6944.45474338904,"251,253,497,501,502,509,510,722,751,753",0.00560914097718095,10,7051.72820551757,"251,501,751",0.00474687911461257,3,6943.29143057225,"251,501,751",0.00466983733865709,3,6942.97645976009,"251,501,751",0.00466983732888002,3,6942.97645976012,"251,501,751",0.00466983733570123,3,6942.97645976011,"251,501,751",0.00466983733615598,3,6942.97645976012,"251,501,751",0.00466983733456437,3,6942.97645976011,"251,501,751",0.00466983733717916,3,6942.97645976011,"251,501,751",0.00466983733490543,3,6942.97645976012,"251,501,751",0.00466983733740654,3,6942.97645976012,"251,501,751",0.00466983733820235,3,6942.97645976011,"132,251,355,502,618,751,923",7,80.2316191626052,"132,251,355,501,618,751,923",7,80.302001444911,"132,251,355,501,618,751,923",7,80.302001444911
"251,501,751",0.005,3,6986.97084445269,"249,250,251,258,501,503,517,519,749,750,752,753",0.00596770747933985,12,7128.91007493168,"251,501,750",0.00519945867084197,3,6985.44269949302,"251,501,750",0.00483443502696864,3,6983.96095544419,"251,501,750",0.00483443502810551,3,6983.96095544419,"251,501,750",0.00483443503015187,3,6983.96095544419,"251,501,750",0.00483443502873078,3,6983.96095544419,"251,501,750",0.00483443502816235,3,6983.96095544419,"251,501,750",0.00483443502418331,3,6983.96095544418,"251,501,750",0.00483443502708232,3,6983.96095544419,"251,501,750",0.00483443503054977,3,6983.96095544419,"251,501,750",0.00483443502679811,3,6983.96095544419,"110,251,373,501,640,750,880",7,117.358913805505,"110,250,258,373,501,640,750,880",8,125.306325248228,"110,251,258,373,501,640,750,880",8,125.665571067258
"251,501,751",0.005,3,6961.4698144372,"251,474,486,489,496,498,501,502,506,569,570,751,758",0.00647342202294193,13,7119.0204645082,"251,502,751",0.00495670453546883,3,6961.60119807812,"251,502,751",0.0049711381685269,3,6961.25158050558,"251,502,751",0.00497113816875427,3,6961.25158050558,"251,502,751",0.00497113816739003,3,6961.25158050558,"251,502,751",0.00497113816750372,3,6961.25158050559,"251,502,751",0.00497113816727634,3,6961.25158050558,"251,502,751",0.00497113816704897,3,6961.25158050558,"251,502,751",0.00497113816727634,3,6961.25158050559,"251,502,751",0.00497113816807215,3,6961.25158050558,"251,502,751",0.00497113816704897,3,6961.25158050559,"157,251,433,501,672,751,821",7,103.648055274027,"157,251,433,501,672,751,821",7,103.648055274027,"157,251,433,501,672,751,821",7,103.648055274027
"251,501,751",0.005,3,6958.09950422691,"251,253,496,500,502,749,751",0.00608036246477059,7,7034.55415548779,"251,500,749,751",0.00518925897347939,4,6967.89126038907,"251,500,751",0.00520951492162642,3,6955.64581509788,"251,500,751",0.00497332445189875,3,6955.0470236445,"251,500,751",0.00497332445002292,3,6955.0470236445,"251,500,751",0.00497332445161453,3,6955.0470236445,"251,500,751",0.00497332445192717,3,6955.0470236445,"251,500,751",0.00497332445124505,3,6955.0470236445,"251,500,751",0.0049733244516998,3,6955.0470236445,"251,500,751",0.00497332444882921,3,6955.04702364449,"251,500,751",0.00497332445320615,3,6955.04702364449,"150,251,428,500,557,749,831",7,79.2371972093352,"150,253,428,500,557,751,831",7,82.1296720443045,"150,253,428,500,557,751,831",7,82.1296720443045
"251,501,751",0.005,3,6989.52932200981,"249,251,496,498,499,502,505,751,754",0.00623978242731603,9,7098.97486237058,"251,496,499,505,751",0.00494176308706123,5,7007.24785983187,"251,499,751",0.00461651687524374,3,6981.35099970168,"251,499,751",0.00479317382155613,3,6980.65930762286,"251,499,751",0.00479317382155613,3,6980.65930762286,"251,499,751",0.00479317382098769,3,6980.65930762286,"251,499,751",0.00479317382053295,3,6980.65930762286,"251,499,751",0.00479317382201087,3,6980.65930762286,"251,499,751",0.00479317381985082,3,6980.65930762286,"251,499,751",0.00479317382076032,3,6980.65930762286,"251,499,751",0.00479317382110138,3,6980.65930762286,"163,251,442,499,572,751,805",7,130.319425985573,"163,251,442,499,572,754,837",7,135.485999608392,"163,251,442,499,572,754,837",7,135.485999608392
"251,501,751",0.005,3,6985.26398522981,"247,249,251,252,264,494,499,501,503,751",0.00667431404859415,10,7121.98575620224,"252,501,751",0.00552003028258401,3,6985.64547901829,"252,501,751",0.00514783541898695,3,6983.62520763708,"252,501,751",0.00514783541591741,3,6983.62520763709,"252,501,751",0.00514783541796377,3,6983.62520763709,"252,501,751",0.00514783541887326,3,6983.62520763708,"252,501,751",0.00514783541830483,3,6983.62520763708,"252,501,751",0.00514783541489422,3,6983.62520763709,"252,501,751",0.00514783541875958,3,6983.62520763708,"252,501,751",0.00514783542035119,3,6983.62520763708,"252,501,751",0.00514783541932801,3,6983.62520763709,"50,251,363,501,591,751,902",7,126.43939121996,"50,252,363,501,591,751,902",7,126.954867405553,"50,252,363,499,591,751,902",7,127.620768180382
"251,501,751",0.005,3,6943.00209320161,"251,500,501,517,751,752,754",0.00700934823371534,7,7019.0742586993,"251,500,751",0.00624660646258302,3,6939.14248913325,"251,500,751",0.00569965451555087,3,6935.28598924689,"251,500,751",0.00569965451555087,3,6935.28598924688,"251,500,751",0.00569965451407294,3,6935.28598924689,"251,500,751",0.00569965451680142,3,6935.28598924689,"251,500,751",0.00569965451498244,3,6935.28598924689,"251,500,751",0.00569965451577824,3,6935.28598924689,"251,500,751",0.005699654514414,3,6935.28598924689,"251,500,751",0.00569965451771092,3,6935.28598924689,"251,500,751",0.00569965451452769,3,6935.28598924689,"99,251,423,500,619,752,899",7,87.0573306524896,"99,251,423,500,619,751,899",7,87.4484603531076,"99,251,423,500,619,751,899",7,87.4484603531076
"251,501,751",0.005,3,6998.94301912847,"250,251,495,496,498,499,500,501,503,527,528,543,748,751",0.00676108880685666,14,7173.60081285114,"250,501,751",0.00560184846886593,3,6998.01331074085,"250,501,751",0.00537734999099448,3,6997.48548941146,"250,501,751",0.00537734999304084,3,6997.48548941147,"250,501,751",0.0053773499916766,3,6997.48548941146,"250,501,751",0.00537734999008498,3,6997.48548941147,"250,501,751",0.00537734998855021,3,6997.48548941147,"250,501,751",0.00537734999173344,3,6997.48548941147,"250,501,751",0.0053773499860491,3,6997.48548941148,"250,501,751",0.00537734999190397,3,6997.48548941146,"250,501,751",0.00537734998872074,3,6997.48548941147,"145,251,445,501,628,751,860",7,118.938599237466,"145,251,445,501,628,751,860",7,118.938599237466,"145,251,445,501,628,751,860",7,118.938599237466
"251,501,751",0.005,3,6962.59102324988,"251,434,438,448,482,501,507,530,539,551,752",0.00686959627610608,11,7075.58191008524,"251,501,752",0.0054369786952553,3,6954.80692481781,"251,501,752",0.00536605865436326,3,6954.69138897808,"251,501,752",0.00536605865186214,3,6954.69138897809,"251,501,752",0.00536605865072528,3,6954.69138897808,"251,501,752",0.00536605865334007,3,6954.69138897808,"251,501,752",0.00536605865663699,3,6954.69138897807,"251,501,752",0.00536605865254427,3,6954.69138897808,"251,501,752",0.00536605864845154,3,6954.69138897809,"251,501,752",0.00536605864799679,3,6954.69138897809,"251,501,752",0.00536605865072528,3,6954.69138897809,"125,251,352,501,671,752,839",7,78.4756412290151,"125,251,352,501,671,752,839",7,78.4756412290151,"125,251,352,501,671,752,839",7,78.4756412290151
"251,501,751",0.005,3,6987.99819550233,"235,250,251,439,480,484,485,489,494,501,502,749,751",0.00592811523995931,13,7126.06812639036,"251,502,749",0.00492508546825573,3,6978.84006446747,"251,502,749",0.00487627597602635,3,6978.70995998163,"251,502,749",0.00487627597830008,3,6978.70995998163,"251,502,749",0.00487627597511685,3,6978.70995998164,"251,502,749",0.00487627597761796,3,6978.70995998164,"251,502,749",0.00487627597830008,3,6978.70995998164,"251,502,749",0.00487627597625372,3,6978.70995998163,"251,502,749",0.00487627597943695,3,6978.70995998163,"251,502,749",0.00487627598011907,3,6978.70995998163,"251,502,749",0.00487627597920958,3,6978.70995998163,"99,251,341,502,635,749,800",7,105.00522311982,"99,251,341,502,635,749,800",7,105.00522311982,"99,251,341,502,658,749,800",7,105.273768272244
"251,501,751",0.005,3,6939.92481455995,"251,252,253,478,483,488,501,745,750,765",0.00526013038240666,10,7029.70927383358,"251,501,750",0.00504058519915877,3,6931.71234088741,"251,501,750",0.0047117499639803,3,6930.5314329943,"251,501,750",0.0047117499626729,3,6930.5314329943,"251,501,750",0.0047117499665951,3,6930.53143299429,"251,501,750",0.00471174996679405,3,6930.53143299429,"251,501,750",0.00471174996349713,3,6930.5314329943,"251,501,750",0.00471174996324134,3,6930.5314329943,"251,501,750",0.00471174996429294,3,6930.53143299429,"251,501,750",0.00471174996304239,3,6930.5314329943,"251,501,750",0.00471174996730564,3,6930.53143299429,"166,252,395,501,561,750,811",7,66.5070800393759,"166,251,395,501,561,750,811",7,67.1770608628945,"166,251,395,501,561,750,811",7,67.1770608628945
"251,501,751",0.005,3,6961.3085674115,"251,501,503,747,749,751,752,753,777",0.00536391655519777,9,7039.60266770562,"251,501,753,777",0.00472101220331384,4,6959.18027594662,"251,501,753",0.00510818756702346,3,6953.9933799918,"251,501,753",0.00490570124146229,3,6953.5298053233,"251,501,753",0.00490570123691481,3,6953.52980532329,"251,501,753",0.00490570123918855,3,6953.5298053233,"251,501,753",0.00490570123736956,3,6953.5298053233,"251,501,753",0.00490570123691481,3,6953.5298053233,"251,501,753",0.00490570123816537,3,6953.5298053233,"251,501,753",0.00490570123657375,3,6953.5298053233,"251,501,753",0.00490570123918855,3,6953.5298053233,"142,251,393,501,583,752,777",7,82.4211978855744,"142,251,393,501,583,752,777",7,82.4211978855744,"142,251,393,501,583,752,777",7,82.4211978855744
"251,501,751",0.005,3,6995.89662595465,"246,247,249,251,253,431,499,500,501,502,555,749,753,756,759",0.00690131385622519,15,7151.90767095266,"251,499,753",0.00629519269428821,3,6985.88932439569,"251,499,753",0.00565588039860001,3,6979.90913484255,"251,499,753",0.00565588039769051,3,6979.90913484256,"251,499,753",0.00565588039848632,3,6979.90913484255,"251,499,753",0.0056558803968947,3,6979.90913484255,"251,499,753",0.00565588039916844,3,6979.90913484255,"251,499,753",0.0056558803968947,3,6979.90913484255,"251,499,753",0.00565588039632627,3,6979.90913484256,"251,499,753",0.00565588039985056,3,6979.90913484255,"251,499,753",0.00565588039882738,3,6979.90913484255,"119,251,400,500,664,753,948",7,136.787698652067,"119,249,400,500,664,753,948",7,137.16617734949,"119,249,400,500,664,753,948",7,137.16617734949
"251,501,751",0.005,3,6933.70649619253,"251,495,501,508,551,751",0.00674833294854354,6,7010.39938616929,"251,501,751",0.00532515429982061,3,6930.88080607896,"251,501,751",0.00529483856563174,3,6930.86555118577,"251,501,751",0.00529483856540437,3,6930.86555118578,"251,501,751",0.00529483856608649,3,6930.86555118577,"251,501,751",0.00529483856608649,3,6930.86555118578,"251,501,751",0.00529483856608649,3,6930.86555118578,"251,501,751",0.00529483856608649,3,6930.86555118577,"251,501,751",0.00529483856483593,3,6930.86555118578,"251,501,751",0.00529483856551805,3,6930.86555118577,"251,501,751",0.0052948385659728,3,6930.86555118578,"124,251,385,501,619,751,849",7,75.6381723368735,"124,251,385,501,619,751,849",7,75.6381723368735,"124,251,385,501,619,751,849",7,75.6381723368735
"251,501,751",0.005,3,6918.43911150763,"251,261,482,497,498,501,734,746,748,751",0.0056564980652859,10,7031.47147549485,"251,498,751",0.00461147894585726,3,6908.39111927115,"251,498,751",0.0045613926250069,3,6908.34155554854,"251,498,751",0.00456139263052071,3,6908.34155554855,"251,498,751",0.00456139262713852,3,6908.34155554854,"251,498,751",0.00456139262242052,3,6908.34155554853,"251,498,751",0.00456139262890067,3,6908.34155554853,"251,498,751",0.00456139262699642,3,6908.34155554854,"251,498,751",0.00456139262603008,3,6908.34155554854,"251,498,751",0.00456139262298895,3,6908.34155554855,"251,498,751",0.00456139262793433,3,6908.34155554855,"55,251,359,498,570,674,751,893",8,44.9959434087679,"55,251,359,498,570,674,751,893",8,44.9959434087679,"55,251,359,498,570,674,751,853",8,45.2518247146988
"251,501,751",0.005,3,6925.43838128781,"251,461,481,500,504,506,507,532,749,751,752,765,778",0.00646899890643883,13,7087.84663993047,"251,500,504,749",0.00533492293993821,4,6933.1974813529,"251,500,749",0.00509422016194068,3,6921.67141762554,"251,500,749",0.00503906446942659,3,6921.44345733165,"251,500,749",0.00503906446692548,3,6921.44345733165,"251,500,749",0.0050390644666981,3,6921.44345733165,"251,500,749",0.00503906446766444,3,6921.44345733165,"251,500,749",0.00503906446948343,3,6921.44345733165,"251,500,749",0.00503906446391278,3,6921.44345733165,"251,500,749",0.00503906446618651,3,6921.44345733166,"251,500,749",0.00503906446834656,3,6921.44345733165,"127,251,323,504,622,749,778,866",8,55.4495591711858,"127,251,323,500,622,751,866",7,57.6668343990255,"127,251,323,504,622,751,778,866",8,57.2253279110115
"251,501,751",0.005,3,6956.72739848398,"248,250,494,499,500,501,746,751",0.00633562517966509,8,7030.42719932437,"250,501,751",0.00529599478202773,3,6940.14172744025,"250,501,751",0.00523173995156215,3,6939.68932090134,"250,501,751",0.00523173995360851,3,6939.68932090132,"250,501,751",0.00523173995360851,3,6939.68932090132,"250,501,751",0.00523173995406326,3,6939.68932090131,"250,501,751",0.00523173995497275,3,6939.68932090132,"250,501,751",0.00523173995360851,3,6939.68932090132,"250,501,751",0.00523173995451801,3,6939.68932090132,"250,501,751",0.00523173994997053,3,6939.68932090133,"250,501,751",0.00523173995360851,3,6939.68932090132,"187,250,394,500,641,751,845",7,77.6560380419759,"187,250,394,500,641,751,845",7,77.6560380419759,"187,250,394,500,641,751,845",7,77.6560380419759
"251,501,751",0.005,3,6941.80152449474,"250,251,497,501,503,518,535,536,751,753,754",0.0065986286948698,11,7085.14995461854,"250,501,751",0.00528100923781789,3,6939.09351974984,"250,501,751",0.005253867913157,3,6939.0847659036,"250,501,751",0.00525386791275909,3,6939.08476590359,"250,501,751",0.00525386791344121,3,6939.08476590359,"250,501,751",0.0052538679126454,3,6939.0847659036,"250,501,751",0.00525386791429386,3,6939.08476590359,"250,501,751",0.00525386791452124,3,6939.0847659036,"250,501,751",0.0052538679135549,3,6939.08476590359,"250,501,751",0.00525386791139485,3,6939.0847659036,"250,501,751",0.00525386791503283,3,6939.08476590359,"76,250,333,463,501,587,751,896",8,70.0843202600304,"76,250,333,463,501,587,751,896",8,70.0843202600304,"76,250,333,463,501,587,751,896",8,70.0843202600304
"251,501,751",0.005,3,6958.83570734832,"243,247,251,494,499,500,501,511,513,748,750,751,760",0.00662460374442979,13,7090.61755713199,"251,501,750",0.00628199453911352,3,6953.36126500926,"251,501,750",0.00593960677654528,3,6951.64351854209,"251,501,750",0.00593960677881901,3,6951.64351854209,"251,501,750",0.00593960677586316,3,6951.64351854209,"251,501,750",0.00593960677643159,3,6951.6435185421,"251,501,750",0.00593960677728424,3,6951.64351854209,"251,501,750",0.00593960677620422,3,6951.64351854209,"251,501,750",0.00593960677694318,3,6951.64351854208,"251,501,750",0.00593960677705687,3,6951.64351854209,"251,501,750",0.00593960677574947,3,6951.64351854209,"103,251,405,501,616,750,885",7,98.2977735970796,"103,251,405,501,616,750,885",7,98.2977735970796,"103,251,405,501,616,750,885",7,98.2977735970796
"251,501,751",0.005,3,6974.95577710477,"251,488,489,498,501,508,751",0.00586248464996055,7,7070.27609692672,"251,488,508,751",0.00426011593170564,4,6973.51854816454,"251,488,508,751",0.00429644515107735,4,6973.39656594984,"251,488,508,751",0.00429644515073629,4,6973.39656594984,"251,488,508,751",0.00429644514948573,4,6973.39656594984,"251,508,751",0.00361592470878502,3,6973.14724095368,"251,508,751",0.00390557905185736,3,6972.38612822582,"251,508,751",0.00390557904924257,3,6972.38612822583,"251,508,751",0.00390557905245422,3,6972.38612822582,"251,508,751",0.00390557905069207,3,6972.38612822583,"251,508,751",0.00390557905123209,3,6972.38612822583,"67,251,338,501,625,751,897",7,96.7212082670391,"67,251,338,501,625,751,897",7,96.7212082670391,"106,251,338,501,645,751,897",7,97.2679349751507
"251,501,751",0.005,3,6992.32055028981,"247,255,256,448,453,501,504,751,755,756",0.00638453236957046,10,7124.08066448604,"255,501,751",0.00491864658098878,3,6980.67642681072,"255,501,751",0.00465721665979234,3,6979.83935855903,"255,501,751",0.00465721666911466,3,6979.83935855905,"255,501,751",0.00465721666161133,3,6979.83935855904,"255,501,751",0.00465721666195239,3,6979.83935855903,"255,501,751",0.00465721666047446,3,6979.83935855902,"255,501,751",0.00465721665808704,3,6979.83935855903,"255,501,751",0.0046572166636577,3,6979.83935855904,"255,501,751",0.00465721666593143,3,6979.83935855904,"255,501,751",0.00465721666604512,3,6979.83935855904,"88,255,501,604,751,846",6,112.781131352843,"88,255,501,604,712,755,846",7,116.871470918821,"88,255,501,604,755,846",6,116.76967581306
"251,501,751",0.005,3,6909.87735705408,"249,251,497,501,751",0.00646114625388825,5,6963.57376352124,"251,501,751",0.00523827155533443,3,6900.4300896057,"251,501,751",0.00518915464270643,3,6900.39047402796,"251,501,751",0.00518915464179694,3,6900.39047402796,"251,501,751",0.005189154642138,3,6900.39047402796,"251,501,751",0.005189154642138,3,6900.39047402796,"251,501,751",0.00518915464202431,3,6900.39047402796,"251,501,751",0.00518915464264959,3,6900.39047402796,"251,501,751",0.00518915464247906,3,6900.39047402796,"251,501,751",0.00518915464299065,3,6900.39047402796,"251,501,751",0.00518915464185378,3,6900.39047402796,"107,251,324,501,649,751,860",7,41.8508186152435,"107,251,324,501,649,751,860",7,41.8508186152435,"107,251,324,501,649,751,860",7,41.8508186152435
"251,501,751",0.005,3,6994.73284145896,"244,245,248,250,251,472,491,501,520,751",0.0059229082620964,10,7099.77111369757,"250,501,751",0.00502871290033492,3,6991.75759947608,"250,501,751",0.00493602560443757,3,6991.62879992168,"250,501,751",0.00493602560407697,3,6991.62879992168,"250,501,751",0.00493602560249956,3,6991.62879992168,"250,501,751",0.00493602560300227,3,6991.62879992168,"250,501,751",0.00493602560220291,3,6991.62879992167,"250,501,751",0.00493602560407697,3,6991.62879992168,"250,501,751",0.00493602560272338,3,6991.62879992168,"250,501,751",0.00493602560262213,3,6991.62879992168,"250,501,751",0.00493602560275713,3,6991.62879992168,"117,250,426,501,618,751,873",7,119.454628352501,"117,250,426,501,618,751,873",7,119.454628352501,"117,250,426,501,618,751,873",7,119.454628352501
"251,501,751",0.005,3,6998.41423038114,"249,251,486,501,503,742,749,751",0.00536366120181338,8,7081.39767233151,"251,501,751",0.00440670933663715,3,6992.38089104933,"251,501,751",0.00439076283963836,3,6992.37621016896,"251,501,751",0.00439076284122997,3,6992.37621016897,"251,501,751",0.00439076284111629,3,6992.37621016897,"251,501,751",0.00439076284168472,3,6992.37621016898,"251,501,751",0.00439076283884255,3,6992.37621016896,"251,501,751",0.0043907628383878,3,6992.37621016897,"251,501,751",0.00439076284202578,3,6992.37621016897,"251,501,751",0.00439076283872886,3,6992.37621016898,"251,501,751",0.00439076284259422,3,6992.37621016898,"149,251,401,403,501,517,627,751,862",9,125.090959441685,"149,251,369,501,613,751,862",7,125.46773924302,"251,369,501,613,751",5,137.995768928474
"251,501,751",0.005,3,6937.43573827787,"251,473,484,495,501,506,541,549,743,751,754,755,757",0.00625584332696709,13,7118.07850510921,"251,501,743,754",0.00435002032564271,4,6934.56205444861,"251,501,754",0.00433372907769805,3,6928.28395717348,"251,501,754",0.00422839030452844,3,6928.04796065052,"251,501,754",0.00422839029948358,3,6928.0479606505,"251,501,754",0.00422839030431527,3,6928.04796065052,"251,501,754",0.00422839029516348,3,6928.04796065048,"251,501,754",0.00422839030137363,3,6928.04796065051,"251,501,754",0.00422839030508266,3,6928.04796065053,"251,501,754",0.00422839030518214,3,6928.04796065051,"251,501,754",0.00422839030701534,3,6928.04796065053,"91,251,373,501,690,754,881",7,38.2094785734882,"91,251,373,501,690,743,760",7,47.3801475649031,"91,251,373,501,555,577,690,743,760",9,52.5537189003481
"251,501,751",0.005,3,6904.92514775449,"251,279,495,501,506,745,747,752,754,755",0.00640457497417834,10,7022.91499160822,"251,501,754",0.00604047747721764,3,6911.67058236265,"251,501,754",0.00516676253789519,3,6899.35954538408,"251,501,754",0.00516676253732676,3,6899.35954538407,"251,501,754",0.00516676253550777,3,6899.35954538408,"251,501,754",0.00516676253675833,3,6899.35954538408,"251,501,754",0.00516676253709939,3,6899.35954538408,"251,501,754",0.00516676253721307,3,6899.35954538407,"251,501,754",0.00516676253800888,3,6899.35954538408,"251,501,754",0.00516676253800888,3,6899.35954538407,"251,501,754",0.00516676253675833,3,6899.35954538407,"68,208,251,282,415,501,623,754,937",9,38.6322265644596,"68,208,251,282,415,501,623,747,755,937",10,41.3778375941753,"68,208,251,282,467,501,623,747,755,937",10,44.7790280682059
"251,501,751",0.005,3,6930.9973598966,"250,251,483,501,736,751,752,755",0.00645438547232664,8,6992.9147852289,"250,501,755",0.00633575983334259,3,6926.06121207652,"250,501,755",0.00572308810801717,3,6922.1758720825,"250,501,755",0.00572308810987879,3,6922.1758720825,"250,501,755",0.00572308810733505,3,6922.1758720825,"250,501,755",0.00572308810759084,3,6922.1758720825,"250,501,755",0.0057230881076619,3,6922.1758720825,"250,501,755",0.00572308810919667,3,6922.1758720825,"250,501,755",0.00572308810935299,3,6922.17587208249,"250,501,755",0.00572308810953773,3,6922.1758720825,"250,501,755",0.00572308811102987,3,6922.1758720825,"188,250,369,501,522,736,755,904",8,74.5403135291254,"188,251,369,501,522,614,736,755,904",9,78.4246316615114,"188,251,369,501,522,614,755,904",8,79.9388679037049
"251,501,751",0.005,3,6990.07917637468,"173,251,478,489,500,501,505,743,744,746,747,748,749,752,764",0.00693906556930666,15,7125.33556189394,"173,251,500,747",0.00651029783828184,4,6977.5957782981,"173,251,500,747",0.00658181788580465,4,6970.35669991119,"173,251,500,747",0.0065818178810298,4,6970.3566999112,"173,251,500,747",0.0065818178810298,4,6970.3566999112,"173,251,500,747",0.00658181789239849,4,6970.3566999112,"173,251,500,747",0.00658181788898788,4,6970.3566999112,"173,251,500,747",0.00658181788398566,4,6970.3566999112,"173,251,500,747",0.00658181788876051,4,6970.3566999112,"173,251,500,747",0.00658181787966556,4,6970.3566999112,"173,251,500,747",0.00658181788148455,4,6970.3566999112,"97,251,408,500,608,747,894",7,109.638126121325,"97,251,408,500,608,746,894",7,110.549751462583,"97,251,408,500,608,746,894",7,110.549751462583
"251,501,751",0.005,3,7063.49144898536,"251,498,499,500,531,539,751",0.00692136391443092,7,7158.38031528945,"251,499,751",0.00513450342221953,3,7055.2956608221,"251,499,751",0.00509801336525422,3,7054.61187353926,"251,499,751",0.00509801336474263,3,7054.61187353927,"251,499,751",0.00509801336565213,3,7054.61187353927,"251,499,751",0.00509801336551002,3,7054.61187353926,"251,499,751",0.00509801336610687,3,7054.61187353927,"251,499,751",0.00509801336556686,3,7054.61187353927,"251,499,751",0.00509801336397525,3,7054.61187353927,"251,499,751",0.00509801336707321,3,7054.61187353926,"251,499,751",0.00509801336320786,3,7054.61187353927,"217,251,375,499,627,751,889",7,177.578200098958,"217,251,375,499,627,751,889",7,177.578200098958,"217,251,375,499,627,751,889",7,177.578200098958
"251,501,751",0.005,3,7000.12110943978,"217,251,253,473,490,493,498,501,503,510,593,737,749,755",0.00601291475788815,14,7124.04462313555,"253,501,755",0.00537692429884699,3,6996.15068908492,"253,501,755",0.00515321574535758,3,6988.32101750652,"253,501,755",0.00515321574528653,3,6988.32101750651,"253,501,755",0.00515321574584075,3,6988.32101750651,"253,501,755",0.00515321574619602,3,6988.32101750651,"253,501,755",0.00515321574653708,3,6988.32101750651,"253,501,755",0.0051532157459118,3,6988.32101750651,"253,501,755",0.00515321574882503,3,6988.32101750651,"253,501,755",0.00515321574757447,3,6988.32101750651,"253,501,755",0.00515321574879661,3,6988.32101750651,"63,217,253,372,501,552,737,755,903",9,134.347840747413,"115,217,253,372,501,650,755,903",8,137.995254509545,"115,253,404,501,650,755,903",7,140.356942516291
"251,501,751",0.005,3,7012.86513264793,"239,251,500,504,513,515,751,755,783",0.00612882686141612,9,7098.16177158744,"251,500,751",0.00562726223266772,3,7007.85566548437,"251,500,751",0.00537027618215972,3,7006.95538425394,"251,500,751",0.00537027618341028,3,7006.95538425393,"251,500,751",0.00537027618170498,3,7006.95538425394,"251,500,751",0.0053702761850019,3,7006.95538425393,"251,500,751",0.00537027618454715,3,7006.95538425393,"251,500,751",0.00537027618045442,3,7006.95538425394,"251,500,751",0.00537027619040202,3,7006.95538425392,"251,500,751",0.0053702761836945,3,7006.95538425394,"251,500,751",0.00537027618608192,3,7006.95538425393,"215,251,372,467,500,659,751,881",8,150.110498559408,"215,251,377,467,500,659,751,881",8,150.390981194604,"215,251,377,467,500,659,751,881",8,150.390981194604
"251,501,751",0.005,3,7021.64139558745,"253,447,467,501,503,507,589,751,761",0.00745872391956057,9,7148.95827920448,"253,501,751,761",0.00534027069315353,4,7016.26550424872,"253,501,751,761",0.00519972588688739,4,7016.01853861469,"253,501,751,761",0.0051997258893885,4,7016.0185386147,"253,501,751,761",0.00519972588643264,4,7016.0185386147,"253,501,751,761",0.0051997258816578,4,7016.0185386147,"253,501,751,761",0.00519972588870638,4,7016.01853861469,"253,501,751,761",0.00519972588415891,4,7016.0185386147,"253,501,751,761",0.00519972588893375,4,7016.0185386147,"253,501,751,761",0.00519972588643264,4,7016.0185386147,"253,501,751,761",0.00519972588643264,4,7016.0185386147,"134,253,352,501,529,751,823,958",8,132.102400068655,"134,253,352,501,529,751,823,958",8,132.102400068655,"134,253,352,501,751,823,958",7,134.284545426639
"251,501,751",0.005,3,6995.96181006531,"246,251,255,492,501,511,751",0.00639633505148591,7,7059.24402189795,"255,501,751",0.00591565218180789,3,6989.73449267178,"255,501,751",0.00540130932630612,3,6986.86666873181,"255,501,751",0.00540130932926198,3,6986.8666687318,"255,501,751",0.00540130932755667,3,6986.8666687318,"255,501,751",0.00540130932585137,3,6986.86666873182,"255,501,751",0.00540130932914829,3,6986.8666687318,"255,501,751",0.00540130932528294,3,6986.86666873182,"255,501,751",0.00540130932767036,3,6986.86666873181,"255,501,751",0.00540130932630612,3,6986.86666873181,"255,501,751",0.00540130932721561,3,6986.86666873181,"138,251,366,501,594,751,936",7,131.959018751772,"138,255,366,501,594,751,936",7,132.207562471127,"138,255,366,501,594,751,936",7,132.207562471127
"251,501,751",0.005,3,7000.52335901596,"246,247,251,252,467,499,501,751,753",0.00699813747414175,9,7143.13526892653,"247,501,751",0.00530879673060017,3,6990.96782645067,"247,501,751",0.00510889187587431,3,6990.57730699837,"247,501,751",0.00510889187519219,3,6990.57730699836,"247,501,751",0.00510889187610168,3,6990.57730699837,"247,501,751",0.0051088918767838,3,6990.57730699835,"247,501,751",0.00510889187519219,3,6990.57730699836,"247,501,751",0.00510889187746593,3,6990.57730699835,"247,501,751",0.00510889187541956,3,6990.57730699836,"247,501,751",0.00510889187587431,3,6990.57730699835,"247,501,751",0.00510889187519219,3,6990.57730699836,"149,247,315,501,553,697,751,909",8,126.19958756716,"149,247,315,501,553,697,751,909",8,126.19958756716,"149,247,315,501,553,697,751,909",8,126.19958756716
"251,501,751",0.005,3,6917.42758066716,"246,251,494,501,504,507,752,768",0.00570372471094507,8,6979.61058364688,"251,501,752",0.00524725707231401,3,6910.35240498498,"251,501,752",0.00513669135726175,3,6909.53249166609,"251,501,752",0.00513669135609646,3,6909.53249166608,"251,501,752",0.0051366913560112,3,6909.53249166609,"251,501,752",0.00513669135612488,3,6909.53249166609,"251,501,752",0.00513669135623857,3,6909.53249166609,"251,501,752",0.00513669135558487,3,6909.53249166609,"251,501,752",0.00513669135817124,3,6909.5324916661,"251,501,752",0.00513669135436274,3,6909.53249166608,"251,501,752",0.00513669135819967,3,6909.5324916661,"129,251,437,501,569,752,844",7,52.987464211754,"129,251,437,501,569,752,844",7,52.987464211754,"129,251,437,501,569,752,844",7,52.987464211754
"251,501,751",0.005,3,6961.42084101953,"245,248,251,496,498,501,515,516,524,747,749,752,779,780",0.00600234964636488,14,7121.70078142296,"251,498,752",0.00525372955224154,3,6955.21175201784,"251,498,752",0.00481909363294136,3,6952.60896968886,"251,498,752",0.00481909363419192,3,6952.60896968886,"251,498,752",0.00481909363322558,3,6952.60896968885,"251,498,752",0.00481909363407823,3,6952.60896968886,"251,498,752",0.00481909363356664,3,6952.60896968886,"251,498,752",0.00481909363402138,3,6952.60896968885,"251,498,752",0.00481909363328242,3,6952.60896968885,"251,498,752",0.00481909363316873,3,6952.60896968886,"251,498,752",0.00481909363441929,3,6952.60896968886,"76,251,289,457,498,629,749,780,970",9,87.4690694152072,"76,251,289,457,498,629,749,780,970",9,87.4690694152072,"76,251,457,498,629,749,780,970",8,89.7805977190882
"251,501,751",0.005,3,6950.67410146982,"249,251,253,501,519,750,751,764,769",0.00707510458837021,9,7060.38622890115,"253,501,751",0.00601876578410316,3,6941.38160556777,"253,501,751",0.00578681045924238,3,6940.88392801282,"253,501,751",0.00578681045753708,3,6940.88392801282,"253,501,751",0.00578681045986766,3,6940.88392801282,"253,501,751",0.00578681045767919,3,6940.88392801282,"253,501,751",0.00578681045838973,3,6940.88392801282,"253,501,751",0.0057868104591287,3,6940.88392801282,"253,501,751",0.00578681045861711,3,6940.88392801281,"253,501,751",0.0057868104582192,3,6940.88392801282,"253,501,751",0.00578681046094769,3,6940.88392801283,"78,249,299,419,501,655,751,815",8,75.6903067661274,"78,251,300,419,501,655,751,815",8,76.5583705788541,"78,251,300,419,501,655,751,815",8,76.5583705788541
"251,501,751",0.005,3,7011.99033617575,"243,244,251,501,502,503,506,511,521,751,752",0.00655920499596651,11,7149.59584924246,"251,503,751",0.00523532889382042,3,7003.65972845244,"251,503,751",0.00514718790509651,3,7003.51931106458,"251,503,751",0.00514718790361859,3,7003.51931106457,"251,503,751",0.00514718789998061,3,7003.51931106457,"251,503,751",0.00514718790373227,3,7003.51931106457,"251,503,751",0.00514718790225434,3,7003.51931106457,"251,503,751",0.00514718790020798,3,7003.51931106457,"251,503,751",0.00514718790475545,3,7003.51931106457,"251,503,751",0.00514718790395965,3,7003.51931106457,"251,503,751",0.00514718790191328,3,7003.51931106457,"123,251,357,503,639,751,888",7,142.757091097812,"123,251,357,503,639,751,888",7,142.757091097812,"123,251,357,503,639,751,888",7,142.757091097812
"251,501,751",0.005,3,7033.15814439595,"251,254,438,443,501,750,751,773",0.00632144468631027,8,7107.53762979473,"251,501,751",0.00541854781383582,3,7031.44539411897,"251,501,751",0.00523187983481198,3,7031.08993904754,"251,501,751",0.00523187983049188,3,7031.08993904753,"251,501,751",0.00523187983322036,3,7031.08993904754,"251,501,751",0.00523187983003713,3,7031.08993904752,"251,501,751",0.00523187983071925,3,7031.08993904754,"251,501,751",0.00523187983435723,3,7031.08993904753,"251,501,751",0.00523187983299299,3,7031.08993904754,"251,501,751",0.00523187983094663,3,7031.08993904753,"251,501,751",0.00523187982935501,3,7031.08993904752,"89,251,358,501,596,751,933",7,160.573901297383,"89,251,358,501,596,750,838,933",8,161.979012463856,"89,251,358,501,596,750,933",7,161.780337050283
"251,501,751",0.005,3,7016.94226057699,"249,251,252,430,485,501,516,554,750,755",0.00639851995995856,10,7122.63511673235,"251,501,750",0.00545384850325783,3,7012.91848865698,"251,501,750",0.00516620237589572,3,7012.05628127199,"251,501,750",0.00516620237930632,3,7012.05628127198,"251,501,750",0.0051662023777147,3,7012.05628127198,"251,501,750",0.00516620237657784,3,7012.056281272,"251,501,750",0.00516620237566834,3,7012.05628127199,"251,501,750",0.00516620237816945,3,7012.05628127199,"251,501,750",0.00516620237589572,3,7012.05628127198,"251,501,750",0.00516620237680521,3,7012.05628127199,"251,501,750",0.00516620237953369,3,7012.05628127199,"80,251,325,501,630,750,865",7,133.65421308356,"80,251,325,501,630,750,865",7,133.65421308356,"80,251,325,501,639,750,865",7,135.836686229508
"251,501,751",0.005,3,6949.08915785337,"249,251,501,750,751",0.00660589376526781,5,7018.97908179835,"249,501,751",0.00576312753008671,3,6946.03422875677,"249,501,751",0.00514012856754477,3,6942.45909037457,"249,501,751",0.00514012856186043,3,6942.45909037456,"249,501,751",0.00514012857004588,3,6942.45909037457,"249,501,751",0.00514012856777215,3,6942.45909037456,"249,501,751",0.0051401285673174,3,6942.45909037456,"249,501,751",0.00514012856527104,3,6942.45909037457,"249,501,751",0.00514012856345205,3,6942.45909037456,"249,501,751",0.00514012857118275,3,6942.45909037456,"249,501,751",0.00514012856595316,3,6942.45909037456,"150,251,433,501,558,751,910",7,80.1861812378408,"150,249,298,501,558,750,910",7,83.216610703832,"150,249,298,501,558,750,910",7,83.216610703832
"251,501,751",0.005,3,7012.8439683987,"250,252,253,463,466,467,501,502,508,509,511,751,752,762",0.00626377915270936,14,7179.37542751055,"252,502,751",0.00484025074240318,3,7006.64030168982,"252,502,751",0.00459544893207144,3,7004.64640139499,"252,502,751",0.00459544893116195,3,7004.64640139499,"252,502,751",0.0045954489272966,3,7004.64640139498,"252,502,751",0.0045954489263871,3,7004.64640139498,"252,502,751",0.00459544892752397,3,7004.64640139498,"252,502,751",0.00459544893184407,3,7004.64640139499,"252,502,751",0.00459544892866084,3,7004.64640139497,"252,502,751",0.00459544892797872,3,7004.64640139498,"252,502,751",0.0045954489316167,3,7004.64640139499,"156,252,358,502,681,751,796,932",8,138.386564839629,"156,252,358,502,681,751,856",7,138.638236098595,"252,358,502,681,751,856",6,140.971378086582
"251,501,751",0.005,3,7020.13652456665,"249,251,462,478,500,501,740,751,753,754",0.00573144128095509,10,7138.75960281085,"251,500,751",0.0048330322696992,3,7015.04150791734,"251,500,751",0.00446117999893899,3,7013.6006399403,"251,500,751",0.00446118000334435,3,7013.6006399403,"251,500,751",0.00446117999910952,3,7013.6006399403,"251,500,751",0.00446117999571312,3,7013.6006399403,"251,500,751",0.00446117999950742,3,7013.6006399403,"251,500,751",0.00446117999571312,3,7013.6006399403,"251,500,751",0.00446117999837055,3,7013.60063994031,"251,500,751",0.00446117999530101,3,7013.60063994029,"251,500,751",0.00446117999530101,3,7013.60063994031,"251,386,500,631,751,902",6,130.165902089492,"251,386,500,631,753,902",6,131.021537860675,"251,386,500,631,753,902",6,131.021537860675
"251,501,751",0.005,3,6965.47733641892,"249,251,256,443,467,478,501,504,531,750",0.00773223824572199,10,7079.49670684458,"249,501,750",0.0063360617572147,3,6950.57987069792,"249,501,750",0.00592747849961545,3,6948.96118479083,"249,501,750",0.00592747850001335,3,6948.96118479083,"249,501,750",0.00592747849938808,3,6948.96118479082,"249,501,750",0.00592747849984282,3,6948.96118479083,"249,501,750",0.00592747849398795,3,6948.96118479085,"249,501,750",0.00592747849933123,3,6948.96118479083,"249,501,750",0.00592747850097969,3,6948.96118479082,"249,501,750",0.00592747849694381,3,6948.96118479083,"249,501,750",0.00592747850018388,3,6948.96118479082,"80,249,353,501,580,724,750,793",8,90.260806147731,"80,249,353,501,580,724,750,793",8,90.260806147731,"80,249,353,501,580,724,750,793",8,90.260806147731
"251,501,751",0.005,3,6965.42655264138,"108,251,493,501,507,747,750,765,806",0.00543015587047074,9,7036.34721149478,"251,501,750",0.00461311607175678,3,6951.72035867616,"251,501,750",0.00453390452065284,3,6951.46066452488,"251,501,750",0.00453390452292657,3,6951.46066452487,"251,501,750",0.00453390452383607,3,6951.46066452488,"251,501,750",0.00453390452133496,3,6951.46066452488,"251,501,750",0.00453390452110758,3,6951.46066452488,"251,501,750",0.00453390451997072,3,6951.46066452487,"251,501,750",0.00453390451746961,3,6951.46066452487,"251,501,750",0.00453390452224445,3,6951.46066452488,"251,501,750",0.00453390452497294,3,6951.46066452489,"170,251,338,501,562,750,873",7,90.0070958609531,"170,251,338,501,562,750,873",7,90.0070958609531,"251,338,501,562,750,873",6,90.7066907115567
"251,501,751",0.005,3,6955.06869908815,"251,482,485,500,501,503,506,751,752,757",0.00758559054897704,10,7100.88335071087,"251,500,503,506,751",0.00591261813894357,5,6971.22037820843,"251,500,751",0.00563190319832822,3,6952.7442218046,"251,500,751",0.00575514522891627,3,6950.53066978248,"251,500,751",0.00575514522493723,3,6950.53066978246,"251,500,751",0.00575514522664253,3,6950.53066978247,"251,500,751",0.00575514522721097,3,6950.53066978248,"251,500,751",0.00575514522596041,3,6950.53066978247,"251,500,751",0.00575514522772256,3,6950.53066978248,"251,500,751",0.00575514522635832,3,6950.53066978247,"251,500,751",0.00575514522686991,3,6950.53066978247,"137,251,383,503,643,751,792,892",8,88.8748460437173,"137,251,383,503,643,751,792,892",8,88.8748460437173,"137,251,383,503,643,751,792,892",8,88.8748460437173
"251,501,751",0.005,3,6972.67786898329,"248,249,250,486,493,494,500,501,502,506,743,751,754,760",0.00720712210857645,14,7153.19577825029,"250,506,751",0.00599957637417837,3,6960.93780241981,"250,506,751",0.00553110729421589,3,6958.0825189664,"250,506,751",0.0055311072958075,3,6958.08251896641,"250,506,751",0.00553110729944548,3,6958.08251896641,"250,506,751",0.00553110729626225,3,6958.08251896641,"250,506,751",0.00553110729330639,3,6958.08251896641,"250,506,751",0.00553110729990023,3,6958.0825189664,"250,506,751",0.00553110729262427,3,6958.08251896641,"250,506,751",0.00553110728944104,3,6958.08251896643,"250,506,751",0.00553110729376114,3,6958.08251896642,"194,250,318,506,531,664,751,821",8,99.625857269842,"194,250,344,502,664,751,821",7,102.965385538471,"194,250,318,506,664,751,821",7,103.11276223256
"251,501,751",0.005,3,6982.1181343125,"251,252,253,501,504,508,510,744,746,750,751,752,763",0.00501860921235924,13,7116.4835278796,"252,501,750,751",0.00443783671508031,4,6987.09998126277,"252,501,750,751",0.00429801781073065,4,6986.84146413674,"252,501,750",0.00508520558361647,3,6979.96158551675,"252,501,750",0.0043244224817923,3,6974.21532687217,"252,501,750",0.00432442248236073,3,6974.21532687216,"252,501,750",0.00432442247951856,3,6974.21532687215,"252,501,750",0.00432442248304286,3,6974.21532687216,"252,501,750",0.00432442247997331,3,6974.21532687216,"252,501,750",0.00432442248372498,3,6974.21532687216,"252,501,750",0.00432442248304286,3,6974.21532687216,"43,252,453,501,630,751,965",7,107.057984487307,"43,252,453,501,630,750,965",7,107.256378218546,"43,252,453,501,566,750,965",7,107.442938990486
"251,501,751",0.005,3,6967.8417594239,"243,251,451,484,497,499,501,562,749,750,751",0.00612441392075003,11,7069.20715939534,"251,501,749",0.00533525793206426,3,6960.94226660474,"251,501,749",0.00510976877190939,3,6959.92074770655,"251,501,749",0.00510976877121128,3,6959.92074770654,"251,501,749",0.00510976876872438,3,6959.92074770654,"251,501,749",0.00510976877074055,3,6959.92074770655,"251,501,749",0.00510976877147241,3,6959.92074770655,"251,501,749",0.00510976877161452,3,6959.92074770655,"251,501,749",0.00510976877167136,3,6959.92074770655,"251,501,749",0.00510976877104964,3,6959.92074770655,"251,501,749",0.00510976877142978,3,6959.92074770655,"125,251,371,501,642,749,853",7,92.1624522727571,"125,251,371,501,642,750,853",7,92.2817112277679,"125,251,371,501,642,750,853",7,92.2817112277679
"251,501,751",0.005,3,6946.96824026867,"251,492,496,500,501,553,577,751,752",0.0063908849794257,9,7044.12417950047,"251,501,751",0.00479921162502583,3,6949.29632847079,"251,501,751",0.00472901059641782,3,6946.32675157425,"251,501,751",0.00472901059505358,3,6946.32675157424,"251,501,751",0.00472901059846419,3,6946.32675157425,"251,501,751",0.0047290105966452,3,6946.32675157424,"251,501,751",0.00472901059778207,3,6946.32675157425,"251,501,751",0.00472901059619045,3,6946.32675157424,"251,501,751",0.00472901059630414,3,6946.32675157424,"251,501,751",0.00472901059323459,3,6946.32675157423,"251,501,751",0.00472901059641782,3,6946.32675157425,"109,251,421,500,698,751,839",7,79.273626391693,"109,251,421,501,698,751,839",7,79.7938402400191,"109,251,421,500,698,751,839",7,79.273626391693
"251,501,751",0.005,3,7007.33383048703,"248,250,251,252,482,501,506,517,519,525,528,542,556,751,753",0.00593579987075799,15,7188.23642410237,"251,501,751",0.00446130856561226,3,6998.14085789226,"251,501,751",0.00436144654281888,3,6997.97204927587,"251,501,751",0.00436144653963564,3,6997.97204927587,"251,501,751",0.00436144654804847,3,6997.97204927586,"251,501,751",0.004361446543501,3,6997.97204927587,"251,501,751",0.00436144654168201,3,6997.97204927587,"251,501,751",0.00436144654895797,3,6997.97204927586,"251,501,751",0.00436144654327362,3,6997.97204927587,"251,501,751",0.0043614465382714,3,6997.97204927588,"251,501,751",0.00436144653963564,3,6997.97204927588,"109,251,386,501,645,751,816",7,128.722884794277,"109,251,386,501,645,751,816",7,128.722884794277,"109,251,386,501,645,751,816",7,128.722884794277
"251,501,751",0.005,3,6906.07227496573,"228,250,251,414,430,497,499,500,504,532,749",0.00575950211206419,11,7010.02493452114,"250,500,749",0.00489990794560728,3,6895.53574322906,"250,500,749",0.00477685484453138,3,6891.05554503781,"250,500,749",0.00477685484083656,3,6891.05554503782,"250,500,749",0.00477685484077971,3,6891.05554503782,"250,500,749",0.00477685484134815,3,6891.05554503781,"250,500,749",0.00477685484276923,3,6891.05554503781,"250,500,749",0.00477685484185974,3,6891.05554503781,"250,500,749",0.00477685484447454,3,6891.05554503782,"250,500,749",0.00477685484129131,3,6891.05554503781,"250,500,749",0.00477685484578194,3,6891.05554503782,"146,250,382,500,643,749,876",7,27.054849187004,"146,251,382,500,643,749,876",7,27.8203496477494,"146,251,382,500,643,749,876",7,27.8203496477494
"251,501,751",0.005,3,7049.79398020943,"251,500,501,502,742,745,748,751,752",0.00654199464850931,9,7183.73419392729,"251,501,751",0.00488772986460846,3,7042.10382733275,"251,501,751",0.00483138453894215,3,7042.05923751366,"251,501,751",0.00483138454326225,3,7042.05923751365,"251,501,751",0.0048313845384874,3,7042.05923751365,"251,501,751",0.00483138453985165,3,7042.05923751366,"251,501,751",0.00483138453712316,3,7042.05923751366,"251,501,751",0.00483138453916953,3,7042.05923751365,"251,501,751",0.00483138454189801,3,7042.05923751365,"251,501,751",0.00483138453962427,3,7042.05923751365,"251,501,751",0.00483138454007902,3,7042.05923751366,"111,251,427,501,679,751,895",7,192.107031635574,"111,251,427,501,679,751,895",7,192.107031635574,"111,251,427,501,679,751,895",7,192.107031635574
"251,501,751",0.005,3,6951.72610999874,"247,248,249,251,254,486,501,503,751",0.00528975566808596,9,7040.02385874447,"251,501,751",0.0044141224574008,3,6940.96713670129,"251,501,751",0.00431737721201353,3,6940.8264823356,"251,501,751",0.00431737721542413,3,6940.82648233561,"251,501,751",0.00431737721201353,3,6940.8264823356,"251,501,751",0.0043173772122409,3,6940.8264823356,"251,501,751",0.0043173772122409,3,6940.8264823356,"251,501,751",0.00431737721542413,3,6940.8264823356,"251,501,751",0.00431737721428726,3,6940.8264823356,"251,501,751",0.00431737721201353,3,6940.8264823356,"251,501,751",0.00431737721610625,3,6940.82648233561,"182,251,437,501,552,751,860",7,58.875526185116,"182,251,437,501,552,751,860",7,58.875526185116,"182,251,437,501,552,751,860",7,58.875526185116
"251,501,751",0.005,3,6975.1958527659,"250,251,483,484,501,505,506,751,752,757",0.00693299010534555,10,7074.63331169997,"251,501,506,752",0.00594244671651346,4,6978.22992474897,"251,501,506,752",0.00584881436871578,4,6977.43957048137,"251,501,752",0.00544539297416735,3,6972.93030386864,"251,501,752",0.00571992200406323,3,6969.3566010889,"251,501,752",0.00571992200531378,3,6969.35660108891,"251,501,752",0.00571992200451797,3,6969.35660108891,"251,501,752",0.00571992200474535,3,6969.35660108891,"251,501,752",0.00571992200588222,3,6969.35660108891,"251,501,752",0.00571992200235792,3,6969.35660108891,"251,501,752",0.00571992200736014,3,6969.3566010889,"99,251,385,505,561,648,752,898",8,105.435560531848,"99,251,385,505,561,648,752,898",8,105.435560531848,"99,251,385,505,561,648,752,898",8,105.435560531848
"251,501,751",0.005,3,6965.92537052207,"249,251,501,502,503,504,518,751,762",0.0066300491358219,9,7058.27650982455,"251,502,751",0.00573291961814061,3,6961.84509544466,"251,502,751",0.00555172553223007,3,6960.61931536433,"251,502,751",0.0055517255320027,3,6960.61931536432,"251,502,751",0.00555172553154795,3,6960.61931536432,"251,502,751",0.00555172553291219,3,6960.61931536433,"251,502,751",0.00555172553154795,3,6960.61931536433,"251,502,751",0.00555172553154795,3,6960.61931536433,"251,502,751",0.00555172553166164,3,6960.61931536432,"251,502,751",0.00555172553075214,3,6960.61931536433,"251,502,751",0.00555172553188901,3,6960.61931536433,"83,251,332,436,502,619,751,797,931",9,108.159371912336,"83,251,332,436,502,619,751,877",8,109.459237118069,"83,251,436,502,619,751,877",7,110.058144225178
"251,501,751",0.005,3,6953.81918118827,"248,250,251,501,502,751,752",0.00643396633122442,7,7064.1727853956,"251,502,751",0.00485169804790279,3,6950.5595752566,"251,502,751",0.00480058626534197,3,6950.51809990907,"251,502,751",0.00480058626875258,3,6950.51809990908,"251,502,751",0.00480058626602409,3,6950.51809990907,"251,502,751",0.00480058626306823,3,6950.51809990908,"251,502,751",0.00480058626602409,3,6950.51809990907,"251,502,751",0.00480058626670621,3,6950.51809990908,"251,502,751",0.00480058626602409,3,6950.51809990908,"251,502,751",0.00480058626966207,3,6950.51809990908,"251,502,751",0.00480058626193137,3,6950.51809990907,"146,251,340,453,502,635,751,900",8,93.4531940456126,"146,251,340,453,502,635,751,900",8,93.4531940456126,"146,251,340,453,502,635,751,900",8,93.4531940456126
"251,501,751",0.005,3,6988.5399162563,"250,486,491,498,501,505,745,749",0.00703426133313645,8,7059.66116575438,"250,498,749",0.0060918531414062,3,6967.75267020457,"250,498,749",0.00565313298948707,3,6963.48301302339,"250,498,749",0.00565313298937338,3,6963.48301302339,"250,498,749",0.00565313298846389,3,6963.48301302339,"250,498,749",0.00565313299141974,3,6963.4830130234,"250,498,749",0.0056531329883502,3,6963.48301302339,"250,498,749",0.00565313299051025,3,6963.4830130234,"250,498,749",0.00565313298869126,3,6963.4830130234,"250,498,749",0.0056531329883502,3,6963.48301302339,"250,498,749",0.00565313298823651,3,6963.48301302339,"42,171,250,431,498,584,749,831,949",9,111.43858145135,"50,250,431,498,584,749,832,949",8,111.758509521695,"50,250,431,498,584,749,832,949",8,111.758509521695
"251,501,751",0.005,3,6950.13589468722,"239,250,463,466,493,501,751",0.0064808730792175,7,7016.46148276338,"250,501,751",0.00550488255731614,3,6943.02442689342,"250,501,751",0.00541027766241879,3,6942.90025760925,"250,501,751",0.0054102776658294,3,6942.90025760925,"250,501,751",0.00541027766764839,3,6942.90025760925,"250,501,751",0.00541027766560203,3,6942.90025760926,"250,501,751",0.00541027766628415,3,6942.90025760926,"250,501,751",0.00541027766730733,3,6942.90025760925,"250,501,751",0.0054102776658294,3,6942.90025760926,"250,501,751",0.00541027766230511,3,6942.90025760925,"250,501,751",0.00541027766571571,3,6942.90025760925,"162,250,395,501,592,751,794",7,96.9673305830398,"162,250,395,501,592,751,794",7,96.9673305830398,"162,250,395,501,592,751,794",7,96.9673305830398
"251,501,751",0.005,3,6920.51305195731,"248,251,447,491,501,502,513,751,756",0.00704431064262092,9,7059.80960087312,"251,491,513,751",0.00574671238791646,4,6930.13816831721,"251,491,513,751",0.00527309978843856,4,6920.36210038697,"251,491,751",0.00490462227208956,3,6920.11767125654,"251,491,751",0.00485962228323708,3,6919.99839639556,"251,491,751",0.00485962228096334,3,6919.99839639556,"251,491,751",0.00485962228892142,3,6919.99839639554,"251,491,751",0.00485962228551081,3,6919.99839639555,"251,491,751",0.00485962227573374,3,6919.99839639557,"251,491,751",0.00485962228073597,3,6919.99839639557,"251,491,751",0.00485962227505162,3,6919.99839639557,"52,177,251,342,491,664,751,794",8,37.762684348169,"52,177,251,342,491,678,756,871",8,39.570656330037,"52,177,251,342,491,678,756,871",8,39.570656330037
"251,501,751",0.005,3,6989.10433932716,"240,241,251,257,258,502,506,751,752",0.00526201286669948,9,7095.93021222425,"251,502,751",0.00424766966198628,3,6978.97236325593,"251,502,751",0.00399448637685508,3,6977.87182330437,"251,502,751",0.00399448637537715,3,6977.87182330437,"251,502,751",0.00399448637571821,3,6977.87182330437,"251,502,751",0.00399448637628664,3,6977.87182330437,"251,502,751",0.00399448637810563,3,6977.87182330437,"251,502,751",0.00399448637657086,3,6977.87182330437,"251,502,751",0.00399448637804879,3,6977.87182330437,"251,502,751",0.00399448637634348,3,6977.87182330437,"251,502,751",0.00399448637725298,3,6977.87182330437,"124,251,502,622,751,881",6,120.631252241219,"124,251,502,622,751,881",6,120.631252241219,"124,251,502,622,751,881",6,120.631252241219
"251,501,751",0.005,3,6985.90298263759,"244,246,251,500,501,742,751,780,791",0.00660368946519847,9,7080.21076410511,"251,501,742,751",0.00604207300843958,4,6991.22318902779,"251,501,751",0.00610548841628731,3,6981.8915061522,"251,501,751",0.00578671543548671,3,6980.99261461361,"251,501,751",0.00578671542917709,3,6980.99261461362,"251,501,751",0.00578671543236032,3,6980.99261461361,"251,501,751",0.00578671543190558,3,6980.9926146136,"251,501,751",0.00578671543673727,3,6980.99261461361,"251,501,751",0.00578671543253085,3,6980.9926146136,"251,501,751",0.00578671543525934,3,6980.99261461361,"251,501,751",0.0057867154356004,3,6980.99261461361,"53,251,397,501,599,742,801",7,113.872521475469,"53,251,397,501,599,742,801",7,113.872521475469,"53,251,397,501,599,742,801",7,113.872521475469
"251,501,751",0.005,3,6970.15580073059,"251,501,751,759,763",0.00557210702359812,5,7026.65879517973,"251,501,751",0.00438281616625991,3,6963.86679192082,"251,501,751",0.00433796898888841,3,6963.83355395292,"251,501,751",0.0043379689907074,3,6963.83355395292,"251,501,751",0.00433796899457276,3,6963.83355395292,"251,501,751",0.00433796899298114,3,6963.83355395292,"251,501,751",0.00433796898888841,3,6963.83355395291,"251,501,751",0.00433796899389063,3,6963.83355395292,"251,501,751",0.00433796898979791,3,6963.83355395292,"251,501,751",0.00433796899184427,3,6963.83355395291,"251,501,751",0.0043379689916169,3,6963.83355395291,"75,251,393,501,608,751,905",7,87.6955685944151,"75,251,393,501,608,751,905",7,87.6955685944151,"151,251,393,501,608,751",6,88.9140146464454
"251,501,751",0.005,3,7040.03286545722,"248,251,494,496,497,499,501,505,751,752",0.00544872792554607,10,7155.8033929444,"251,501,751",0.00414717090694721,3,7031.48622515332,"251,501,751",0.0041346396874955,3,7031.21024593375,"251,501,751",0.00413463968692706,3,7031.21024593375,"251,501,751",0.00413463968954186,3,7031.21024593374,"251,501,751",0.00413463968988292,3,7031.21024593375,"251,501,751",0.00413463968840499,3,7031.21024593375,"251,501,751",0.004134639686586,3,7031.21024593374,"251,501,751",0.00413463968908711,3,7031.21024593373,"251,501,751",0.00413463968715444,3,7031.21024593374,"251,501,751",0.00413463968851868,3,7031.21024593374,"173,251,458,497,702,751,849",7,164.11922683286,"173,251,351,499,702,751,849",7,164.148721073996,"173,251,501,702,751,825",6,164.699026273881
"251,501,751",0.005,3,6983.221036501,"251,252,492,494,500,501,504,506,751,752",0.0059968574007668,10,7099.05677712752,"251,500,751",0.00480298108442794,3,6976.41494504699,"251,500,751",0.00476767631175186,3,6976.27587988449,"251,500,751",0.00476767631209292,3,6976.27587988449,"251,500,751",0.00476767631078552,3,6976.27587988449,"251,500,751",0.00476767631078552,3,6976.27587988449,"251,500,751",0.00476767630970549,3,6976.27587988449,"251,500,751",0.00476767631089921,3,6976.27587988449,"251,500,751",0.00476767631214976,3,6976.27587988449,"251,500,751",0.00476767631112658,3,6976.27587988449,"251,500,751",0.00476767631089921,3,6976.27587988449,"149,251,428,500,601,751,803",7,104.583248998963,"149,252,428,500,601,751,803",7,104.948074757127,"149,252,428,500,601,751,803",7,104.948074757127
"251,501,751",0.005,3,6951.09255892834,"251,252,459,488,500,502,508,751,752",0.00669636011666865,9,7045.00449611369,"251,500,502,751",0.00556919241436125,4,6952.49734615487,"251,500,751",0.00552381331219002,3,6949.94563501904,"251,500,751",0.00542518961957205,3,6940.61512928691,"251,500,751",0.00542518961962889,3,6940.61512928691,"251,500,751",0.00542518961707094,3,6940.61512928691,"251,500,751",0.00542518961945836,3,6940.61512928691,"251,500,751",0.00542518961996995,3,6940.61512928691,"251,500,751",0.0054251896187194,3,6940.61512928691,"251,500,751",0.0054251896213342,3,6940.61512928691,"251,500,751",0.00542518962247106,3,6940.61512928692,"132,251,300,502,641,751,921",7,80.2263779658407,"132,251,300,502,641,751,921",7,80.2263779658407,"132,251,300,502,641,751,921",7,80.2263779658407
"251,501,751",0.005,3,6974.53509817784,"251,254,459,475,491,500,501,514,516,747,749",0.00733398686459322,11,7090.72918537056,"251,501,749",0.00605236503734114,3,6963.3823315874,"251,501,749",0.00580582675635107,3,6960.23797827826,"251,501,749",0.0058058267541626,3,6960.23797827826,"251,501,749",0.00580582675524262,3,6960.23797827826,"251,501,749",0.00580582675640791,3,6960.23797827825,"251,501,749",0.0058058267567774,3,6960.23797827825,"251,501,749",0.00580582675575421,3,6960.23797827826,"251,501,749",0.00580582675475945,3,6960.23797827825,"251,501,749",0.00580582675629423,3,6960.23797827825,"251,501,749",0.00580582675433313,3,6960.23797827826,"32,86,251,316,501,564,679,749,940",9,117.757229279389,"32,86,251,316,500,639,749,940",8,119.610722761696,"86,251,316,500,639,749,940",7,120.392771310882
"251,501,751",0.005,3,7009.65274897963,"251,252,497,501,516,750,759,764",0.00564706143195739,8,7082.97969267149,"252,501,750",0.00494330388320909,3,7003.38209541225,"252,501,750",0.00469309823596268,3,7000.67383192691,"252,501,750",0.00469309823687218,3,7000.67383192692,"252,501,750",0.00469309823937329,3,7000.67383192691,"252,501,750",0.0046930982366448,3,7000.67383192691,"252,501,750",0.00469309823687218,3,7000.67383192692,"252,501,750",0.00469309823437107,3,7000.67383192692,"252,501,750",0.00469309823596268,3,7000.67383192691,"252,501,750",0.00469309823482581,3,7000.67383192691,"252,501,750",0.00469309823505319,3,7000.67383192691,"93,252,380,501,640,750,831",7,127.868904227558,"93,252,380,501,640,750,831",7,127.868904227558,"93,252,380,501,640,750,831",7,127.868904227558
"251,501,751",0.005,3,6984.69057821612,"235,247,249,252,429,485,504,750,751,752,761,796",0.00718913277825086,12,7113.46649660497,"252,504,750",0.00642238459888614,3,6971.67097252148,"252,504,750",0.00589584611027042,3,6969.30746483744,"252,504,750",0.00589584610981567,3,6969.30746483744,"252,504,750",0.00589584611004304,3,6969.30746483744,"252,504,750",0.00589584611618213,3,6969.30746483745,"252,504,750",0.0058958461086788,3,6969.30746483744,"252,504,750",0.00589584610936092,3,6969.30746483744,"252,504,750",0.00589584611277153,3,6969.30746483746,"252,504,750",0.00589584610640506,3,6969.30746483744,"252,504,750",0.00589584611231678,3,6969.30746483745,"143,252,343,504,659,750,796,933",8,116.06539652484,"143,252,343,504,659,751,818,933",8,119.637046922197,"143,252,343,504,659,751,818,933",8,119.637046922197
"251,501,751",0.005,3,6996.15855749725,"245,251,254,472,475,500,501,502,508,509,529,750,751,755",0.00626907396931772,14,7152.90612593427,"251,500,751",0.00527159932791634,3,6985.88264457843,"251,500,751",0.00516057147709719,3,6985.63975830888,"251,500,751",0.0051605714788025,3,6985.63975830889,"251,500,751",0.00516057147641507,3,6985.63975830888,"251,500,751",0.00516057147391396,3,6985.63975830887,"251,500,751",0.00516057147686982,3,6985.63975830888,"251,500,751",0.00516057147732457,3,6985.63975830888,"251,500,751",0.00516057147323184,3,6985.63975830888,"251,500,751",0.00516057147937093,3,6985.63975830889,"251,500,751",0.00516057147732457,3,6985.63975830888,"166,251,353,500,624,751,877",7,121.720756490903,"166,251,353,500,624,750,877",7,122.791157670159,"166,251,353,500,624,750,877",7,122.791157670159
"251,501,751",0.005,3,6931.34190969829,"241,247,250,251,470,501,506,510,751,754",0.00649592626250318,10,7042.58727682229,"250,501,506,751",0.00545919100450004,4,6938.1986695374,"250,501,751",0.00514803246381626,3,6926.82373457644,"250,501,751",0.00508242597711272,3,6926.39159505064,"250,501,751",0.0050824259746116,3,6926.39159505064,"250,501,751",0.00508242597756746,3,6926.39159505065,"250,501,751",0.00508242597301999,3,6926.39159505064,"250,501,751",0.00508242597301999,3,6926.39159505064,"250,501,751",0.00508242597620322,3,6926.39159505063,"250,501,751",0.00508242597529373,3,6926.39159505064,"250,501,751",0.00508242597415686,3,6926.39159505064,"179,250,350,506,599,751,927",7,70.6107670965728,"210,251,350,506,599,751,927",7,70.7352971384844,"210,251,350,506,599,751,927",7,70.7352971384844
"251,501,751",0.005,3,6960.90625227085,"251,253,257,448,454,458,475,501,512,523,724,749,752,754,775",0.00525112327751318,15,7109.0400305307,"251,501,754",0.00545832193325687,3,6966.08010848438,"251,501,754",0.00461109834222926,3,6956.90449368222,"251,501,754",0.0046110983462083,3,6956.90449368224,"251,501,754",0.00461109834041027,3,6956.90449368223,"251,501,754",0.00461109834370719,3,6956.90449368223,"251,501,754",0.00461109834211557,3,6956.90449368223,"251,501,754",0.00461109834245663,3,6956.90449368222,"251,501,754",0.00461109833859128,3,6956.90449368223,"251,501,754",0.00461109834507143,3,6956.90449368224,"251,501,754",0.00461109834166083,3,6956.90449368223,"140,251,372,501,592,724,754,943",8,90.4539277112589,"140,253,372,501,592,724,754,943",8,93.2590342158341,"140,253,372,501,592,724,754,943",8,93.2590342158341
"251,501,751",0.005,3,6966.01040310966,"251,501,502,511,751",0.00683626707510003,5,7053.75152054924,"251,502,751",0.00505125271388711,3,6959.08495110523,"251,502,751",0.0050194154463353,3,6959.0665414288,"251,502,751",0.00501941544553949,3,6959.0665414288,"251,502,751",0.00501941544610792,3,6959.0665414288,"251,502,751",0.00501941544747217,3,6959.06654142881,"251,502,751",0.00501941544565318,3,6959.06654142881,"251,502,751",0.00501941544644898,3,6959.0665414288,"251,502,751",0.00501941544656267,3,6959.0665414288,"251,502,751",0.00501941544474368,3,6959.06654142881,"251,502,751",0.00501941544462999,3,6959.0665414288,"114,251,336,502,697,751,914",7,79.8974793137312,"114,251,336,502,697,751,914",7,79.8974793137312,"114,251,336,502,697,751,914",7,79.8974793137312
"251,501,751",0.005,3,6989.35016559227,"251,253,454,458,496,501,549,558,726,750,751",0.00616611240119611,11,7100.45064922889,"251,501,750",0.00552950656161423,3,6985.34543092326,"251,501,750",0.00491024411842274,3,6981.20491189186,"251,501,750",0.00491024411774062,3,6981.20491189185,"251,501,750",0.00491024411887749,3,6981.20491189185,"251,501,750",0.00491024411569426,3,6981.20491189186,"251,501,750",0.00491024411865012,3,6981.20491189187,"251,501,750",0.0049102441170585,3,6981.20491189185,"251,501,750",0.00491024412024173,3,6981.20491189186,"251,501,750",0.00491024411819537,3,6981.20491189186,"251,501,750",0.00491024411728587,3,6981.20491189186,"86,251,362,501,690,750,835,983",8,112.008166689603,"86,251,362,501,690,750,835,983",8,112.008166689603,"86,251,362,501,690,750,835,983",8,112.008166689603
"251,501,751",0.005,3,7018.01874581679,"249,251,479,494,501,506,525,536,751,752",0.00667097513685706,10,7153.72371364191,"251,501,751",0.00509964847004557,3,7017.07156271105,"251,501,751",0.00503093831163923,3,7017.01103207493,"251,501,751",0.0050309383122645,3,7017.01103207493,"251,501,751",0.00503093831394138,3,7017.01103207493,"251,501,751",0.00503093831141185,3,7017.01103207493,"251,501,751",0.00503093831223608,3,7017.01103207493,"251,501,751",0.00503093831109921,3,7017.01103207493,"251,501,751",0.00503093831092868,3,7017.01103207493,"251,501,751",0.00503093831104237,3,7017.01103207493,"251,501,751",0.00503093831067289,3,7017.01103207493,"85,251,333,501,605,751,810",7,155.832850850441,"85,251,333,501,605,751,810",7,155.832850850441,"85,251,333,501,605,751,810",7,155.832850850441
"251,501,751",0.005,3,6955.2431645147,"247,251,252,432,488,501,507,751",0.00589603174955313,8,7044.24961377146,"251,501,751",0.00478538637924792,3,6951.7936919451,"251,501,751",0.00474736388981893,3,6951.77203911241,"251,501,751",0.00474736388538514,3,6951.77203911242,"251,501,751",0.00474736388788625,3,6951.77203911242,"251,501,751",0.00474736388356615,3,6951.77203911242,"251,501,751",0.00474736388618095,3,6951.77203911242,"251,501,751",0.00474736388777256,3,6951.77203911241,"251,501,751",0.00474736388470302,3,6951.77203911242,"251,501,751",0.00474736388436196,3,6951.77203911242,"251,501,751",0.00474736388515776,3,6951.77203911242,"60,251,335,501,564,663,751,844",8,88.6172781639029,"60,251,335,501,564,663,751,844",8,88.6172781639029,"60,251,335,501,564,663,751,844",8,88.6172781639029
"251,501,751",0.005,3,6967.19051941027,"239,240,251,255,256,485,501,752",0.00574366702264877,8,7027.62656980969,"251,501,752",0.00536159033161072,3,6958.46089991617,"251,501,752",0.00509097334718343,3,6957.37131991069,"251,501,752",0.00509097334820661,3,6957.3713199107,"251,501,752",0.00509097334598972,3,6957.3713199107,"251,501,752",0.00509097334724028,3,6957.37131991069,"251,501,752",0.00509097334644447,3,6957.3713199107,"251,501,752",0.0050909733479224,3,6957.37131991069,"251,501,752",0.00509097334655815,3,6957.3713199107,"251,501,752",0.00509097334746765,3,6957.37131991069,"251,501,752",0.00509097334724028,3,6957.3713199107,"115,251,395,501,582,752,878",7,92.5784464132829,"115,256,395,501,582,752,878",7,96.035043791458,"115,256,395,501,582,752,878",7,96.035043791458
"251,501,751",0.005,3,7008.01438610281,"247,251,493,499,500,501,587,751,756,772",0.00572277307378269,10,7110.87430782386,"251,501,751",0.00467267899159355,3,6998.26315095137,"251,501,751",0.0045712391257792,3,6996.8677613267,"251,501,751",0.00457123912009486,3,6996.86776132671,"251,501,751",0.0045712391257792,3,6996.8677613267,"251,501,751",0.00457123912600657,3,6996.8677613267,"251,501,751",0.00457123912600657,3,6996.8677613267,"251,501,751",0.00457123912100435,3,6996.86776132671,"251,501,751",0.0045712391257792,3,6996.8677613267,"251,501,751",0.0045712391223686,3,6996.8677613267,"251,501,751",0.00457123911964011,3,6996.86776132672,"114,251,360,500,660,751,772",7,132.991485305039,"114,251,360,500,660,751,772",7,132.991485305039,"114,251,360,500,660,751,772,935",8,134.758664793627
"251,501,751",0.005,3,6963.15477614284,"251,253,257,481,500,501,509,522,547,751,753,754",0.00597642822462019,12,7114.05903110642,"251,501,751",0.00506398713974954,3,6963.82554595631,"251,501,751",0.0046579572277803,3,6962.00681053576,"251,501,751",0.00465795722971298,3,6962.00681053576,"251,501,751",0.00465795723084984,3,6962.00681053576,"251,501,751",0.00465795723073616,3,6962.00681053576,"251,501,751",0.00465795722971298,3,6962.00681053576,"251,501,751",0.00465795723136143,3,6962.00681053576,"251,501,751",0.00465795722709818,3,6962.00681053576,"251,501,751",0.00465795723045194,3,6962.00681053576,"251,501,751",0.00465795723033825,3,6962.00681053576,"89,251,352,501,628,751,848",7,94.9259556839607,"89,251,352,501,628,751,848",7,94.9259556839607,"89,251,352,501,628,751,848",7,94.9259556839607
"251,501,751",0.005,3,6975.93191500168,"245,251,262,501,515,524,746,751",0.00602710705389765,8,7052.39541954351,"251,501,746",0.00568539495281457,3,6969.72544413632,"251,501,746",0.00507130281022549,3,6965.91819872568,"251,501,746",0.00507130281204448,3,6965.9181987257,"251,501,746",0.00507130281022549,3,6965.91819872569,"251,501,746",0.00507130281113498,3,6965.91819872569,"251,501,746",0.00507130281386347,3,6965.91819872569,"251,501,746",0.00507130280817913,3,6965.91819872568,"251,501,746",0.00507130281363609,3,6965.91819872567,"251,501,746",0.00507130281022549,3,6965.91819872568,"251,501,746",0.00507130281249923,3,6965.91819872569,"147,251,375,501,597,746,837",7,85.6597687283106,"147,251,375,501,597,746,837",7,85.6597687283106,"147,251,375,501,597,746,837",7,85.6597687283106
"251,501,751",0.005,3,6938.39201512618,"247,250,251,500,501,518,751,756",0.00594209649467348,8,7028.03193007169,"250,501,751",0.00489422989349866,3,6932.34909851493,"250,501,751",0.00462043788890638,3,6930.95673197544,"250,501,751",0.00462043788765583,3,6930.95673197544,"250,501,751",0.00462043788799689,3,6930.95673197543,"250,501,751",0.00462043788629159,3,6930.95673197544,"250,501,751",0.00462043789254436,3,6930.95673197544,"250,501,751",0.00462043788424522,3,6930.95673197544,"250,501,751",0.00462043789038431,3,6930.95673197544,"250,501,751",0.00462043789118012,3,6930.95673197543,"250,501,751",0.00462043788538209,3,6930.95673197544,"132,250,393,501,591,751,875",7,65.7139445254438,"132,250,393,501,591,751,875",7,65.7139445254438,"132,250,393,501,591,751,875",7,65.7139445254438
"251,501,751",0.005,3,6985.11839314755,"251,262,495,501,531,751,754,760",0.00758413231624939,8,7090.02753166823,"251,501,751",0.00618137961601454,3,6977.17062001721,"251,501,751",0.00575291576144446,3,6975.00234713304,"251,501,751",0.00575291575826123,3,6975.00234713303,"251,501,751",0.00575291576349083,3,6975.00234713305,"251,501,751",0.00575291576212658,3,6975.00234713303,"251,501,751",0.00575291576349083,3,6975.00234713305,"251,501,751",0.00575291576167184,3,6975.00234713304,"251,501,751",0.00575291576167184,3,6975.00234713303,"251,501,751",0.00575291575780648,3,6975.00234713303,"251,501,751",0.00575291575985285,3,6975.00234713303,"124,251,333,484,495,601,751,880",8,106.560571366546,"124,251,333,484,501,590,751,880",8,107.3880605576,"124,251,333,484,501,590,751,880",8,107.3880605576
"251,501,751",0.005,3,7028.26820689313,"249,250,251,254,256,483,488,498,499,501,508,521,751,756",0.00512586278752057,14,7174.66024184896,"249,251,256,499,521,751",0.00443675840357147,6,7056.85164221223,"251,499,751",0.00454349298683708,3,7026.10105586179,"251,499,751",0.00429895234870306,3,7023.49650213114,"251,499,751",0.00429895234779356,3,7023.49650213114,"251,499,751",0.00429895234824831,3,7023.49650213114,"251,499,751",0.00429895234802094,3,7023.49650213114,"251,499,751",0.00429895234995361,3,7023.49650213114,"251,499,751",0.00429895234893043,3,7023.49650213114,"251,499,751",0.00429895234847568,3,7023.49650213114,"251,499,751",0.00429895234779356,3,7023.49650213114,"135,251,350,499,629,751,856",7,162.664294714331,"135,251,350,499,629,751,856",7,162.664294714331,"135,251,350,499,751,856",6,167.063889589467
"251,501,751",0.005,3,6916.08396299648,"250,251,254,472,488,493,501,750,752,754,755,756,768,791",0.00578733265416911,14,7068.9585803591,"254,501,750",0.00559011481151562,3,6914.27462130285,"254,501,750",0.00494851052400207,3,6909.78202451547,"254,501,750",0.00494851051990934,3,6909.78202451546,"254,501,750",0.00494851052161465,3,6909.78202451547,"254,501,750",0.00494851051843141,3,6909.78202451547,"254,501,750",0.00494851051843141,3,6909.78202451546,"254,501,750",0.0049485105228652,3,6909.78202451547,"254,501,750",0.00494851051820404,3,6909.78202451547,"254,501,750",0.00494851052422944,3,6909.78202451547,"254,501,750",0.0049485105237747,3,6909.78202451547,"85,251,385,501,614,750,791,961",8,57.7084844132618,"85,254,385,501,614,752,791,961",8,60.1419372223609,"85,254,385,501,614,752,791",7,61.264119981729
"251,501,751",0.005,3,6899.52332258825,"209,243,251,501,505,752",0.00692163974251989,6,7011.5241122526,"209,251,501,752",0.00466916998959951,4,6892.68686926449,"251,501,752",0.00521431709758283,3,6892.32363015246,"251,501,752",0.00513918717294769,3,6892.25550690078,"251,501,752",0.00513918716271588,3,6892.25550690074,"251,501,752",0.00513918717181082,3,6892.25550690077,"251,501,752",0.00513918716726335,3,6892.25550690076,"251,501,752",0.00513918716226113,3,6892.25550690074,"251,501,752",0.00513918716840022,3,6892.25550690076,"251,501,752",0.00513918716453487,3,6892.25550690074,"251,501,752",0.00513918716044214,3,6892.25550690074,"82,209,251,450,501,565,712,752,889",9,26.4050111222404,"158,251,450,501,565,712,752,889",8,29.0897710160835,"158,251,450,501,565,712,752,889",8,29.0897710160835
"251,501,751",0.005,3,6944.44505079326,"242,249,251,271,274,456,490,491,501,751,753",0.00556204864618304,11,7050.6321841586,"249,501,751",0.00481069204580013,3,6935.42628277883,"249,501,751",0.00463294906674805,3,6934.7724767658,"249,501,751",0.00463294906424694,3,6934.77247676579,"249,501,751",0.00463294906561118,3,6934.77247676581,"249,501,751",0.00463294906697543,3,6934.7724767658,"249,501,751",0.00463294906674805,3,6934.7724767658,"249,501,751",0.00463294906492906,3,6934.7724767658,"249,501,751",0.00463294906424694,3,6934.7724767658,"249,501,751",0.00463294906401957,3,6934.7724767658,"249,501,751",0.00463294906333745,3,6934.7724767658,"165,249,358,501,616,751,839",7,67.7679963106384,"165,249,358,501,616,751,839",7,67.7679963106384,"165,249,362,501,616,751,839",7,67.7911278289533
"251,501,751",0.005,3,6915.05055991476,"250,251,451,459,466,499,501,520,531,751,752,757",0.00669933243899212,12,7040.03848150262,"251,501,752",0.00605752773526934,3,6920.07607202815,"251,501,752",0.00525694476998225,3,6910.9085410745,"251,501,752",0.00525694476829116,3,6910.9085410745,"251,501,752",0.00525694476764101,3,6910.9085410745,"251,501,752",0.00525694476930368,3,6910.90854107449,"251,501,752",0.0052569447703766,3,6910.9085410745,"251,501,752",0.00525694477022384,3,6910.9085410745,"251,501,752",0.00525694477013147,3,6910.9085410745,"251,501,752",0.00525694476987922,3,6910.90854107449,"251,501,752",0.00525694477035884,3,6910.9085410745,"140,251,376,501,668,752,873",7,41.9359078673096,"136,250,376,501,668,752,873",7,42.1876566011387,"136,250,376,501,668,752,873",7,42.1876566011387
"251,501,751",0.005,3,6949.40610536509,"241,249,253,493,495,499,501,502,748,752",0.00518103355320423,10,7035.55455250756,"249,502,748,752",0.00480274864419666,4,6948.64302403282,"249,502,748",0.004742403859128,3,6937.34290952228,"249,502,748",0.00460666749629511,3,6937.02078706116,"249,502,748",0.00460666749709092,3,6937.02078706115,"249,502,748",0.00460666749527193,3,6937.02078706116,"249,502,748",0.00460666749726145,3,6937.02078706115,"249,502,748",0.00460666749657933,3,6937.02078706115,"249,502,748",0.00460666749555615,3,6937.02078706115,"249,502,748",0.00460666749686355,3,6937.02078706115,"249,502,748",0.00460666749703408,3,6937.02078706115,"143,249,329,502,540,748,822",7,68.1189408316117,"143,249,329,502,540,748,822",7,68.1189408316117,"143,249,329,502,540,748,822",7,68.1189408316117
"251,501,751",0.005,3,7026.03729179965,"251,253,260,474,501,502,521,534,751,758",0.00529750047745376,10,7130.00477947307,"251,501,751",0.00436375934516746,3,7021.81671112735,"251,501,751",0.00431560228169978,3,7021.75456863225,"251,501,751",0.00431560227783443,3,7021.75456863224,"251,501,751",0.00431560228420089,3,7021.75456863224,"251,501,751",0.00431560228374614,3,7021.75456863224,"251,501,751",0.00431560228283665,3,7021.75456863224,"251,501,751",0.00431560228101766,3,7021.75456863225,"251,501,751",0.00431560228010816,3,7021.75456863224,"251,501,751",0.00431560228169978,3,7021.75456863224,"251,501,751",0.00431560228511039,3,7021.75456863225,"251,423,501,657,751,858,981",7,157.99801823848,"251,423,501,657,751,858,981",7,157.99801823848,"251,423,501,657,751,858,981",7,157.99801823848
"251,501,751",0.005,3,6931.91332743394,"246,250,251,473,500,501,502,523,524,750,751,753",0.0055364278995568,12,7057.50143269333,"250,502,751",0.00496259225733474,3,6933.86890317846,"250,502,751",0.0047202570088059,3,6931.44607868088,"250,502,751",0.0047202570097154,3,6931.44607868088,"250,502,751",0.0047202570097154,3,6931.44607868087,"250,502,751",0.00472025700653217,3,6931.44607868088,"250,502,751",0.00472025701198914,3,6931.44607868088,"250,502,751",0.00472025701039752,3,6931.44607868088,"250,502,751",0.00472025700812378,3,6931.44607868087,"250,502,751",0.00472025701130701,3,6931.44607868087,"250,502,751",0.00472025700789641,3,6931.44607868087,"125,250,350,501,675,751,894",7,66.1907166411215,"125,250,350,501,675,751,894",7,66.1907166411215,"125,250,350,501,675,751,894",7,66.1907166411215
"251,501,751",0.005,3,7044.30575608526,"251,492,496,500,503,510,514,524,750,755",0.00718386080853704,10,7185.26759889053,"251,503,510,750",0.0055656074200383,4,7048.01213669334,"251,503,750",0.0053323721129993,3,7037.34234640036,"251,503,750",0.00527949417395073,3,7037.15605242045,"251,503,750",0.00527949417650869,3,7037.15605242046,"251,503,750",0.00527949417459022,3,7037.15605242045,"251,503,750",0.00527949417295597,3,7037.15605242045,"251,503,750",0.00527949417564182,3,7037.15605242045,"251,503,750",0.00527949417289913,3,7037.15605242045,"251,503,750",0.00527949417358125,3,7037.15605242045,"251,503,750",0.00527949417689238,3,7037.15605242046,"74,251,361,503,583,750,866",7,170.760287184773,"74,251,361,503,583,705,755,866",8,176.532138000657,"74,251,361,503,583,755,866",7,177.308757726903
"251,501,751",0.005,3,6969.64349691976,"250,251,499,501,506,510,751,752",0.00750456626186268,8,7111.13311759371,"250,501,751,752",0.00578364270795104,4,6974.84699614678,"250,501,752",0.00587326292771697,3,6962.2870902104,"250,501,752",0.00546830099131152,3,6960.97171854611,"250,501,752",0.00546830098869672,3,6960.97171854612,"250,501,752",0.00546830098960621,3,6960.97171854612,"250,501,752",0.00546830098790091,3,6960.97171854612,"250,501,752",0.00546830098892409,3,6960.97171854612,"250,501,752",0.00546830098767354,3,6960.97171854613,"250,501,752",0.00546830098915147,3,6960.97171854612,"250,501,752",0.00546830098835566,3,6960.97171854611,"132,251,412,501,599,751,910",7,96.9942138467427,"132,250,412,501,599,751,910",7,97.1982762412242,"132,250,412,501,599,751,910",7,97.1982762412242
"251,501,751",0.005,3,6954.07658057782,"251,252,256,262,477,492,501,751",0.00577993532584247,8,7036.04034143535,"251,501,751",0.00537408558390719,3,6954.89696979228,"251,501,751",0.0048383630366969,3,6951.42256997861,"251,501,751",0.00483836303715165,3,6951.42256997862,"251,501,751",0.00483836303465054,3,6951.42256997862,"251,501,751",0.00483836302942094,3,6951.42256997863,"251,501,751",0.00483836303192205,3,6951.42256997862,"251,501,751",0.00483836303692427,3,6951.42256997861,"251,501,751",0.00483836302782933,3,6951.42256997863,"251,501,751",0.00483836303260417,3,6951.42256997862,"251,501,751",0.00483836303374104,3,6951.42256997862,"58,251,340,501,613,751,792",7,89.541299292114,"149,256,353,501,613,751,792",7,94.2213193756546,"149,256,353,501,613,751,792",7,94.2213193756546
"251,501,751",0.005,3,6979.87143500557,"252,483,487,493,499,500,504,520,527,751,759,778",0.00587993346213091,12,7101.01069825083,"252,499,751",0.00482841949184153,3,6970.36665807271,"252,499,751",0.00488335826326097,3,6968.80746729416,"252,499,751",0.00488335826417047,3,6968.80746729416,"252,499,751",0.00488335826826319,3,6968.80746729418,"252,499,751",0.0048833582673537,3,6968.80746729417,"252,499,751",0.00488335825916825,3,6968.80746729416,"252,499,751",0.00488335826507996,3,6968.80746729418,"252,499,751",0.00488335826189673,3,6968.80746729417,"252,499,751",0.00488335826189673,3,6968.80746729417,"252,499,751",0.00488335826417047,3,6968.80746729417,"141,252,378,500,644,751,882",7,105.932661041913,"141,252,378,500,644,751,882",7,105.932661041913,"141,252,378,500,644,751,882",7,105.932661041913
"251,501,751",0.005,3,6932.56308710688,"251,488,501,502,753,756",0.00728209914641837,6,7035.38554195648,"251,501,753",0.00555200227605171,3,6924.8410463225,"251,501,753",0.00545525189834802,3,6924.74060967423,"251,501,753",0.00545525189976911,3,6924.74060967423,"251,501,753",0.00545525189880277,3,6924.74060967422,"251,501,753",0.00545525189721116,3,6924.74060967422,"251,501,753",0.0054552518968701,3,6924.74060967422,"251,501,753",0.00545525190312287,3,6924.74060967424,"251,501,753",0.00545525189971227,3,6924.74060967422,"251,501,753",0.0054552519015881,3,6924.74060967423,"251,501,753",0.00545525189851856,3,6924.74060967422,"69,209,251,387,501,550,685,753,806",9,68.3219382233602,"69,209,251,387,501,570,685,753,806",9,69.5667476857688,"69,219,251,387,501,570,685,753,806",9,71.06745635153
"251,501,751",0.005,3,6996.21929129379,"251,253,474,499,501,740,751",0.00638639539296353,7,7069.28598332377,"253,501,751",0.00520275226926838,3,6989.81151669883,"253,501,751",0.00507040669501546,3,6989.36944650647,"253,501,751",0.00507040669575442,3,6989.36944650647,"253,501,751",0.00507040670007452,3,6989.36944650646,"253,501,751",0.00507040669331015,3,6989.36944650647,"253,501,751",0.00507040669723235,3,6989.36944650646,"253,501,751",0.00507040669564073,3,6989.36944650647,"253,501,751",0.00507040669655023,3,6989.36944650647,"253,501,751",0.00507040669723235,3,6989.36944650647,"253,501,751",0.00507040669569758,3,6989.36944650647,"149,253,365,501,557,751,869",7,121.618441434737,"149,253,365,501,557,751,869",7,121.618441434737,"149,253,365,501,557,751,961",7,123.379827635086
"251,501,751",0.005,3,6948.69431436507,"204,250,442,487,489,501,525,534,626,740,751,752,767",0.00502330666195187,13,7062.8276444933,"250,501,740,751",0.00438576454297594,4,6945.89134159053,"250,501,751",0.00453742145314289,3,6938.44102956383,"250,501,751",0.0042210507868109,3,6937.16301515475,"250,501,751",0.00422105078442348,3,6937.16301515474,"250,501,751",0.00422105078624247,3,6937.16301515474,"250,501,751",0.00422105078840252,3,6937.16301515475,"250,501,751",0.00422105078885727,3,6937.16301515475,"250,501,751",0.00422105078612878,3,6937.16301515474,"250,501,751",0.00422105078624247,3,6937.16301515474,"250,501,751",0.00422105078521929,3,6937.16301515474,"118,250,384,501,653,739,740,767,879",9,64.6966815033918,"118,250,384,501,653,751,879",7,67.7400480921661,"118,250,384,501,739,740,751,879",8,68.8062687130735
"251,501,751",0.005,3,6999.5673301418,"251,254,486,501,509,751",0.00623434272279472,6,7061.04635505713,"251,501,751",0.00502345551390317,3,6991.9954781462,"251,501,751",0.00500097464268312,3,6991.98805151449,"251,501,751",0.00500097464075044,3,6991.98805151447,"251,501,751",0.00500097464001148,3,6991.98805151447,"251,501,751",0.00500097464376314,3,6991.98805151449,"251,501,751",0.00500097464126203,3,6991.98805151448,"251,501,751",0.00500097464342208,3,6991.98805151448,"251,501,751",0.00500097463751037,3,6991.98805151447,"251,501,751",0.00500097463694193,3,6991.98805151449,"251,501,751",0.00500097463489557,3,6991.98805151449,"161,251,344,501,588,751,957",7,119.399978089388,"161,251,344,501,588,751,957",7,119.399978089388,"161,251,344,501,588,751,957",7,119.399978089388
"251,501,751",0.005,3,7071.16592976961,"244,250,252,480,491,492,493,495,497,501,505,746,751,756",0.00717463865620612,14,7215.3825377533,"252,501,751",0.0066623463232719,3,7057.50522181417,"252,501,751",0.00627296197218818,3,7056.18037474182,"252,501,751",0.00627296197082394,3,7056.18037474182,"252,501,751",0.00627296197173343,3,7056.18037474181,"252,501,751",0.00627296197446192,3,7056.18037474182,"252,501,751",0.00627296197264293,3,7056.18037474181,"252,501,751",0.0062729619737798,3,7056.18037474182,"252,501,751",0.00627296197332505,3,7056.18037474183,"252,501,751",0.00627296197150606,3,7056.18037474181,"252,501,751",0.00627296197105131,3,7056.18037474181,"111,252,344,501,538,634,751,894",8,192.650818488672,"111,252,344,501,620,751,894",7,191.693894226637,"111,252,344,501,620,751,894",7,191.693894226637
"251,501,751",0.005,3,6954.15029338013,"245,251,252,498,500,501,503,508,749,751,760",0.0061518792273663,11,7054.6952416441,"251,503,749",0.00590605026517594,3,6943.96849032035,"251,503,749",0.00578759191516038,3,6943.78844032267,"251,503,749",0.00578759191334139,3,6943.78844032267,"251,503,749",0.00578759191368246,3,6943.78844032267,"251,503,749",0.00578759191356877,3,6943.78844032266,"251,503,749",0.00578759191265927,3,6943.78844032266,"251,503,749",0.00578759191300033,3,6943.78844032266,"251,503,749",0.00578759191481932,3,6943.78844032267,"251,503,749",0.00578759191231821,3,6943.78844032266,"251,503,749",0.00578759191334139,3,6943.78844032266,"119,251,409,503,616,749,925",7,84.2379963988787,"119,251,409,503,616,749,925",7,84.2379963988787,"119,251,409,503,616,749,925",7,84.2379963988787
"251,501,751",0.005,3,6999.00186408591,"251,478,501,750,751,752",0.00559339279810938,6,7067.05920673112,"251,501,750,752",0.0043372143899223,4,7006.53245655845,"251,501,750",0.00541555351759128,3,7005.53530928111,"251,501,750",0.00434586521162545,3,6994.79041569287,"251,501,750",0.00434586520378106,3,6994.79041569287,"251,501,750",0.00434586520486109,3,6994.79041569287,"251,501,750",0.00434586520633902,3,6994.79041569287,"251,501,750",0.00434586520463371,3,6994.79041569287,"251,501,750",0.00434586520247366,3,6994.79041569287,"251,501,750",0.00434586520554321,3,6994.79041569287,"251,501,750",0.00434586520838538,3,6994.79041569287,"169,251,413,501,582,751,875",7,129.900145477593,"169,251,413,501,582,750,875",7,130.570020574838,"169,251,501,582,750,875",6,131.100862251164
"251,501,751",0.005,3,6977.96252485376,"251,252,489,494,502,514,751,756",0.00520604667258557,8,7053.44489038263,"251,494,751",0.00385815999239594,3,6965.14396562484,"251,494,751",0.00388582860838265,3,6963.21635375001,"251,494,751",0.00388582860554048,3,6963.21635375001,"251,494,751",0.00388582860701841,3,6963.21635375002,"251,494,751",0.00388582860804159,3,6963.21635375003,"251,494,751",0.00388582860644997,3,6963.21635375001,"251,494,751",0.00388582860497205,3,6963.21635375002,"251,494,751",0.00388582860474467,3,6963.21635375002,"251,494,751",0.00388582860758684,3,6963.21635375003,"251,494,751",0.0038858286071321,3,6963.21635375001,"174,251,373,494,658,751,877",7,81.6020078123042,"174,251,373,494,658,751,877",7,81.6020078123042,"174,251,373,494,751,877",6,84.8120257067905
"251,501,751",0.005,3,7028.72886882643,"248,249,257,499,501,516,549,751",0.00633343123107355,8,7114.26270804545,"248,501,751",0.00514438931828748,3,7016.4731906074,"248,501,751",0.0048358482138694,3,7015.29213364175,"248,501,751",0.00483584821784844,3,7015.29213364175,"248,501,751",0.0048358482164842,3,7015.29213364175,"248,501,751",0.00483584821364203,3,7015.29213364175,"248,501,751",0.00483584821534733,3,7015.29213364174,"248,501,751",0.00483584821227779,3,7015.29213364175,"248,501,751",0.00483584821102723,3,7015.29213364175,"248,501,751",0.00483584821625683,3,7015.29213364175,"248,501,751",0.00483584821091355,3,7015.29213364175,"85,248,312,460,501,649,751,835",8,146.206099765296,"85,248,370,460,501,649,751,835",8,148.850371250813,"85,248,370,460,501,649,751,835",8,148.850371250813
"251,501,751",0.005,3,6958.64537916213,"252,456,457,497,501,512,749,750,751,752",0.00618169784592465,10,7083.98961024598,"252,501,749",0.00469295337879214,3,6946.41504340607,"252,501,749",0.00450299856455446,3,6945.61119412284,"252,501,749",0.00450299856273547,3,6945.61119412284,"252,501,749",0.00450299856819244,3,6945.61119412282,"252,501,749",0.00450299856660082,3,6945.61119412282,"252,501,749",0.00450299856728295,3,6945.61119412282,"252,501,749",0.00450299856546396,3,6945.61119412283,"252,501,749",0.00450299856341759,3,6945.61119412284,"252,501,749",0.00450299856546396,3,6945.61119412283,"252,501,749",0.00450299856046174,3,6945.61119412284,"97,252,334,501,693,750,826",7,89.1675776485366,"97,252,334,501,693,749,826",7,89.318993804657,"97,252,334,501,693,749,826,905",8,93.3099885872572
"251,501,751",0.005,3,7019.96175289117,"232,252,255,256,501,504,506,752",0.006015226654713,8,7085.95264893752,"252,501,752",0.00527869346845184,3,7001.23274884451,"252,501,752",0.0051378386856432,3,7000.98850221335,"252,501,752",0.00513783868680849,3,7000.98850221335,"252,501,752",0.00513783868618321,3,7000.98850221335,"252,501,752",0.00513783868672322,3,7000.98850221335,"252,501,752",0.005137838686439,3,7000.98850221335,"252,501,752",0.00513783868322735,3,7000.98850221334,"252,501,752",0.00513783868510318,3,7000.98850221335,"252,501,752",0.00513783868575688,3,7000.98850221335,"252,501,752",0.00513783868658111,3,7000.98850221334,"196,255,387,501,654,752,937",7,141.61949889269,"196,255,387,501,654,752,937",7,141.61949889269,"196,255,387,501,654,752,937",7,141.61949889269
"251,501,751",0.005,3,6908.54480398234,"247,248,249,251,499,500,501,502,751,752",0.00621730484350439,10,7029.73145416396,"251,499,502,751",0.00523778427316839,4,6919.28024556627,"251,499,502,751",0.0051425325909676,4,6919.0387620773,"251,499,502,751",0.00514253258997284,4,6919.0387620773,"251,499,502,751",0.00514253259002968,4,6919.0387620773,"251,499,502,751",0.00514253259037075,4,6919.0387620773,"251,499,751",0.00417763320383156,3,6916.17019508657,"251,499,751",0.00507333852601223,3,6908.11708136979,"251,499,751",0.00507333852510273,3,6908.11708136978,"251,499,751",0.00507333852646697,3,6908.11708136979,"251,499,751",0.00507333852527326,3,6908.11708136979,"174,251,378,500,584,751,860",7,50.225660287386,"174,251,378,500,584,752,860",7,51.4308238605317,"174,251,378,500,584,752,860",7,51.4308238605317
"251,501,751",0.005,3,6952.92728737642,"250,475,492,501,503,504,517,749,750",0.00622212592171239,9,7058.22200099587,"250,501,750",0.00478202043032514,3,6942.54573455255,"250,501,750",0.00470411398604333,3,6942.37358801562,"250,501,750",0.00470411398240535,3,6942.37358801563,"250,501,750",0.00470411398774863,3,6942.37358801562,"250,501,750",0.00470411398706651,3,6942.37358801563,"250,501,750",0.00470411398433803,3,6942.37358801563,"250,501,750",0.00470411398206429,3,6942.37358801562,"250,501,750",0.00470411397922212,3,6942.37358801562,"250,501,750",0.00470411399593408,3,6942.37358801564,"250,501,750",0.00470411397751682,3,6942.37358801562,"115,250,407,501,661,750,905",7,78.7447476745411,"115,250,407,501,661,750,905",7,78.7447476745411,"115,250,501,661,750,834",6,79.8608134778376
"251,501,751",0.005,3,6941.10627780103,"251,476,489,501,504,505,512,531,545,746,751,755,757",0.00662928688674648,13,7087.67375469748,"251,501,746,757",0.00536672628630337,4,6940.3752920799,"251,501,746,757",0.00517121318192633,4,6939.83654219546,"251,501,746,757",0.00517121318238108,4,6939.83654219546,"251,501,746,757",0.00517121318147158,4,6939.83654219546,"251,501,746,757",0.00517121318465481,4,6939.83654219545,"251,501,757",0.00602939348219957,3,6939.09279817842,"251,501,757",0.00542008628428732,3,6935.7639215825,"251,501,757",0.005420086284401,3,6935.76392158251,"251,501,757",0.00542008628303676,3,6935.76392158251,"251,501,757",0.0054200862836052,3,6935.76392158251,"122,251,406,501,645,751,854",7,74.3816378311323,"122,251,406,501,645,746,847",7,78.3706588069655,"122,251,406,501,645,746,847",7,78.3706588069655
"251,501,751",0.005,3,6955.23354483895,"233,251,500,501,503,504,744,751,805",0.00562111212228512,9,7046.07961608273,"251,500,751",0.00487222674661029,3,6949.95712061089,"251,500,751",0.00479602942238702,3,6949.67990786969,"251,500,751",0.00479602942636606,3,6949.6799078697,"251,500,751",0.00479602942318283,3,6949.67990786969,"251,500,751",0.00479602942233018,3,6949.67990786969,"251,500,751",0.00479602942619553,3,6949.6799078697,"251,500,751",0.0047960294238081,3,6949.67990786969,"251,500,751",0.00479602942227333,3,6949.67990786969,"251,500,751",0.00479602942329651,3,6949.67990786969,"251,500,751",0.00479602942426285,3,6949.67990786969,"138,251,467,500,612,751,805",7,84.8203485851894,"138,251,467,500,612,751,805",7,84.8203485851894,"138,251,467,500,612,751,805",7,84.8203485851894
"251,501,751",0.005,3,6887.14115663956,"251,501,747,751",0.00675356565656719,4,6981.22332913281,"251,501,751",0.00490559352005184,3,6883.31762408183,"251,501,751",0.00486472065571125,3,6883.29762975239,"251,501,751",0.00486472065511262,3,6883.29762975239,"251,501,751",0.00486472065548743,3,6883.29762975239,"251,501,751",0.0048647206559404,3,6883.29762975239,"251,501,751",0.00486472065532223,3,6883.29762975239,"251,501,751",0.00486472065554782,3,6883.29762975239,"251,501,751",0.00486472065577342,3,6883.29762975239,"251,501,751",0.00486472065554249,3,6883.29762975239,"251,501,751",0.00486472065594218,3,6883.29762975239,"115,251,320,501,702,751,880",7,27.2691689680824,"115,251,320,501,702,751,880",7,27.2691689680824,"115,251,320,501,702,751,880",7,27.2691689680824
"251,501,751",0.005,3,6999.30693678809,"235,245,249,251,413,438,452,454,500,527,738,749,751,754,755",0.0056256768670252,15,7153.96608976551,"249,500,749,755",0.00469287013637716,4,6994.50073278226,"249,500,749",0.00479804513788876,3,6985.23668118435,"249,500,749",0.0044078599389144,3,6983.78976528153,"249,500,749",0.00440785994646037,3,6983.78976528153,"249,500,749",0.00440785994529508,3,6983.78976528152,"249,500,749",0.00440785994214027,3,6983.78976528153,"249,500,749",0.00440785993520537,3,6983.78976528152,"249,500,749",0.00440785993823228,3,6983.78976528154,"249,500,749",0.0044078599381186,3,6983.78976528152,"249,500,749",0.00440785994076182,3,6983.78976528153,"151,153,249,500,666,749,815",7,111.642022051904,"151,153,249,500,666,754,822",7,115.818098770406,"151,153,249,500,666,754,822",7,115.818098770406
"251,501,751",0.005,3,6981.32798728403,"238,251,488,493,497,501,750,751",0.00691383648118948,8,7076.34716122842,"251,493,501,751",0.00559113568088127,4,6978.66331370144,"251,501,751",0.00560587594066224,3,6974.0122744134,"251,501,751",0.00536272342035749,3,6971.83381716103,"251,501,751",0.00536272342445021,3,6971.83381716102,"251,501,751",0.00536272342081223,3,6971.83381716102,"251,501,751",0.00536272342126698,3,6971.83381716103,"251,501,751",0.0053627234228586,3,6971.83381716103,"251,501,751",0.00536272342376809,3,6971.83381716103,"251,501,751",0.0053627234228586,3,6971.83381716103,"251,501,751",0.00536272342695132,3,6971.83381716104,"104,251,422,493,664,751,848",7,118.335516785908,"104,251,422,501,664,750,848",7,121.122195624811,"104,251,422,497,664,750,848",7,119.35766029169
"251,501,751",0.005,3,6835.66504549393,"212,251,256,499,501,506,560,752,757",0.00746220059180844,9,6943.78661195217,"251,499,506,752",0.00607051673385804,4,6834.68435041582,"251,499,506,752",0.00588735668475413,4,6832.63690900173,"251,499,506,752",0.00588735667747817,4,6832.63690900174,"251,499,752",0.00535590645081704,3,6831.60986060237,"251,499,752",0.00571398148778129,3,6827.25521280486,"251,499,752",0.00571398148334751,3,6827.25521280486,"251,499,752",0.00571398148698548,3,6827.25521280486,"251,499,752",0.00571398148903185,3,6827.25521280485,"251,499,752",0.00571398148084639,3,6827.25521280486,"251,499,752",0.00571398148334751,3,6827.25521280486,"76,178,251,425,501,643,752,836",8,-33.9708096680318,"136,251,425,501,643,752,836",7,-28.8103145143382,"136,251,425,501,643,752,836",7,-28.8103145143382
"251,501,751",0.005,3,6981.78616333815,"250,257,501,505,509,512,513,750,751,753,754,763",0.00587566700487524,12,7097.43007588581,"250,501,750",0.0058466049373797,3,6976.09864162257,"250,501,750",0.00519438019361176,3,6971.71042061734,"250,501,750",0.0051943801911675,3,6971.71042061734,"250,501,750",0.00519438019872767,3,6971.71042061735,"250,501,750",0.00519438019781818,3,6971.71042061734,"250,501,750",0.00519438019306465,3,6971.71042061734,"250,501,750",0.00519438019401677,3,6971.71042061734,"250,501,750",0.00519438019224042,3,6971.71042061734,"250,501,750",0.00519438019707211,3,6971.71042061735,"250,501,750",0.00519438019584997,3,6971.71042061735,"111,250,415,501,652,751,862",7,109.737748905617,"111,250,415,501,652,751,862",7,109.737748905617,"111,250,415,501,652,751,862",7,109.737748905617
"251,501,751",0.005,3,6939.82506021123,"240,248,252,489,501,522,750",0.00598778072948729,7,6987.82915432613,"252,501,750",0.00537349376434045,3,6927.35841444415,"252,501,750",0.00533924772247521,3,6927.34006872205,"252,501,750",0.00533924772081965,3,6927.34006872205,"252,501,750",0.0053392477215444,3,6927.34006872205,"252,501,750",0.00533924772157282,3,6927.34006872205,"252,501,750",0.0053392477182688,3,6927.34006872205,"252,501,750",0.00533924772305075,3,6927.34006872205,"252,501,750",0.00533924772136677,3,6927.34006872205,"252,501,750",0.00533924772006647,3,6927.34006872205,"252,501,750",0.00533924772287312,3,6927.34006872205,"143,252,409,501,647,750,850",7,66.1850114333586,"143,252,409,501,647,750,850",7,66.1850114333586,"143,252,409,501,647,750,850",7,66.1850114333586
"251,501,751",0.005,3,6993.38394845679,"251,426,459,491,501,506,749,750,751",0.00640547954049555,9,7084.70083229024,"251,501,750",0.00533469185036527,3,6990.56915146538,"251,501,750",0.00507385231855623,3,6989.4030378197,"251,501,750",0.00507385231704987,3,6989.40303781971,"251,501,750",0.00507385231966467,3,6989.40303781971,"251,501,750",0.00507385231898255,3,6989.40303781971,"251,501,750",0.00507385231805885,3,6989.4030378197,"251,501,750",0.00507385231727725,3,6989.4030378197,"251,501,750",0.00507385231780305,3,6989.40303781971,"251,501,750",0.00507385231928098,3,6989.40303781972,"251,501,750",0.0050738523174762,3,6989.40303781971,"95,251,320,506,514,673,750,888",8,116.32890212884,"95,251,320,501,607,750,888",7,116.757032881912,"95,251,320,501,607,750,888",7,116.757032881912
"251,501,751",0.005,3,6965.05918935511,"246,248,249,251,252,499,501,506,514,526,748",0.00677301901349806,11,7066.45764982692,"246,501,514,748",0.00591823225562358,4,6949.2006023039,"246,501,514,748",0.00568258813748578,4,6947.24201654928,"246,501,514,748",0.00568258814257327,4,6947.24201654926,"246,501,514,748",0.00568258813714472,4,6947.24201654928,"246,501,514,748",0.00568258814123745,4,6947.24201654927,"246,501,514,748",0.00568258813578048,4,6947.24201654928,"246,501,748",0.00507759762054599,3,6947.00817472423,"246,501,748",0.00538585920440828,3,6945.99246618924,"246,501,748",0.00538585919815551,3,6945.99246618924,"246,501,748",0.00538585920713677,3,6945.99246618923,"164,249,404,501,595,748,845,951",8,72.9272934157369,"164,249,404,506,595,748,845,951",8,74.186889838549,"164,249,404,501,595,748,845,951",8,72.9272934157369
"251,501,751",0.005,3,7033.74441243802,"245,251,500,501,502,752",0.00631008792715397,6,7101.9199518818,"251,500,752",0.00533291299850266,3,7036.95535729568,"251,500,752",0.00506270998241236,3,7031.25567846627,"251,500,752",0.00506270997831963,3,7031.25567846627,"251,500,752",0.00506270998286711,3,7031.25567846627,"251,500,752",0.00506270998195761,3,7031.25567846627,"251,500,752",0.00506270998309448,3,7031.25567846626,"251,500,752",0.00506270998082074,3,7031.25567846627,"251,500,752",0.00506270998082074,3,7031.25567846627,"251,500,752",0.00506270998605034,3,7031.25567846627,"251,500,752",0.00506270998582296,3,7031.25567846627,"131,251,356,501,556,752,854",7,170.661789100359,"131,251,356,501,556,752,854",7,170.661789100359,"131,251,356,501,556,752,854",7,170.661789100359
"251,501,751",0.005,3,6982.45228005819,"224,251,469,476,495,497,501,502,524,743,750,751",0.00655899594345259,12,7120.56353123003,"251,501,751",0.00562482340997688,3,6985.37357129526,"251,501,751",0.00515660994367058,3,6981.08166505069,"251,501,751",0.00515660994842411,3,6981.08166505067,"251,501,751",0.00515660994718777,3,6981.08166505067,"251,501,751",0.00515660994450902,3,6981.08166505068,"251,501,751",0.00515660994298846,3,6981.08166505068,"251,501,751",0.0051566099468325,3,6981.08166505068,"251,501,751",0.00515660994134711,3,6981.08166505069,"251,501,751",0.00515660994411112,3,6981.08166505068,"251,501,751",0.00515660994664776,3,6981.08166505068,"107,251,325,501,660,750,838",7,118.513965677423,"107,251,325,501,660,751,838",7,118.536519004764,"107,251,325,501,660,751,838",7,118.536519004764
"251,501,751",0.005,3,7047.96982759616,"242,251,252,495,501,507,752",0.00600860684471591,7,7117.91218862175,"252,501,752",0.00500705912547223,3,7040.38234636823,"252,501,752",0.00485738184558577,3,7040.07963681316,"252,501,752",0.00485738184683633,3,7040.07963681315,"252,501,752",0.00485738184734792,3,7040.07963681316,"252,501,752",0.00485738184700686,3,7040.07963681315,"252,501,752",0.00485738184757529,3,7040.07963681316,"252,501,752",0.00485738184490365,3,7040.07963681315,"252,501,752",0.00485738184734792,3,7040.07963681316,"252,501,752",0.00485738184558577,3,7040.07963681315,"252,501,752",0.0048573818483711,3,7040.07963681315,"127,252,446,501,684,752,879",7,180.465188320569,"127,251,446,501,684,752,879",7,181.480102562828,"127,251,446,501,684,752,879",7,181.480102562828
"251,501,751",0.005,3,6989.20276173487,"250,252,478,500,501,523,751,760",0.00786008091954393,8,7100.35064326371,"252,501,751",0.00649100364367617,3,6978.61061652017,"252,501,751",0.00622751517500638,3,6978.00165344933,"252,501,751",0.00622751517500638,3,6978.00165344933,"252,501,751",0.00622751517716643,3,6978.00165344933,"252,501,751",0.00622751517648431,3,6978.00165344933,"252,501,751",0.00622751517602956,3,6978.00165344933,"252,501,751",0.00622751517648431,3,6978.00165344933,"252,501,751",0.00622751517705275,3,6978.00165344933,"252,501,751",0.00622751517966754,3,6978.00165344933,"252,501,751",0.00622751517546113,3,6978.00165344932,"99,252,360,501,633,751,908",7,124.666983493347,"99,250,360,501,633,751,908",7,125.196305629895,"99,250,360,501,633,751,908",7,125.196305629895
"251,501,751",0.005,3,6974.57247227741,"251,252,477,495,498,501,502,503,508,509,517,541,751",0.00675670435350109,13,7142.97297890159,"252,498,751",0.0051374165646449,3,6970.95840121412,"252,498,751",0.00499789002021984,3,6970.33589163123,"252,498,751",0.00499789002169777,3,6970.33589163123,"252,498,751",0.00499789001999247,3,6970.33589163123,"252,498,751",0.00499789001931035,3,6970.33589163123,"252,498,751",0.00499789001840086,3,6970.33589163123,"252,498,751",0.00499789002044722,3,6970.33589163123,"252,498,751",0.00499789001942404,3,6970.33589163123,"252,498,751",0.00499789001987878,3,6970.33589163123,"252,498,751",0.00499789001999247,3,6970.33589163123,"114,251,300,501,641,751,917",7,106.263608237846,"114,252,300,501,641,751,917",7,106.386576485221,"114,252,300,501,641,751,917",7,106.386576485221
"251,501,751",0.005,3,6972.98952481011,"251,256,264,486,497,501,566,750",0.0062955299663791,8,7039.22801063686,"251,501,750",0.00549426262611464,3,6962.27202061045,"251,501,750",0.00514195186224741,3,6960.89684025406,"251,501,750",0.00514195186079791,3,6960.89684025407,"251,501,750",0.00514195186281585,3,6960.89684025406,"251,501,750",0.00514195186381061,3,6960.89684025407,"251,501,750",0.00514195186111055,3,6960.89684025406,"251,501,750",0.00514195186005894,3,6960.89684025407,"251,501,750",0.0051419518613095,3,6960.89684025406,"251,501,750",0.00514195186295796,3,6960.89684025407,"251,501,750",0.00514195186244637,3,6960.89684025406,"169,256,365,501,668,750,916",7,111.544022370478,"135,251,365,501,668,750,916",7,111.923305861057,"169,256,365,501,668,750,916",7,111.544022370478
"251,501,751",0.005,3,6955.69486022212,"221,225,245,246,250,251,252,419,497,500,506,606,743,744,747,750,753",0.00564835935202133,17,7126.67367506796,"252,500,753",0.00512947816914421,3,6947.85460895196,"252,500,753",0.00483657161297313,3,6946.39004947327,"252,500,753",0.00483657161271734,3,6946.39004947326,"252,500,753",0.00483657161391105,3,6946.39004947327,"252,500,753",0.00483657161493423,3,6946.39004947326,"252,500,753",0.00483657161337104,3,6946.39004947327,"252,500,753",0.0048365716147637,3,6946.39004947326,"252,500,753",0.00483657161629847,3,6946.39004947326,"252,500,753",0.00483657161320051,3,6946.39004947326,"252,500,753",0.00483657161075624,3,6946.39004947327,"193,252,372,500,667,753,900",7,71.7821053348533,"193,250,372,500,667,744,753,891",8,79.4797351134534,"193,250,372,500,667,744,753,891",8,79.4797351134534
"251,501,751",0.005,3,6905.83624561713,"250,251,501,505,509,510,522,524,748,751,752",0.00593339775270111,11,7034.74985490347,"250,251,501,748,752",0.00485491345687697,5,6921.58442774465,"251,501,748,752",0.00485955811426664,4,6908.76100147362,"251,501,752",0.00515821490756186,3,6901.12107001701,"251,501,752",0.0046998825346774,3,6899.29655130188,"251,501,752",0.00469988253626901,3,6899.29655130187,"251,501,752",0.0046998825346774,3,6899.29655130186,"251,501,752",0.00469988253445002,3,6899.29655130187,"251,501,752",0.0046998825346774,3,6899.29655130188,"251,501,752",0.00469988253740588,3,6899.29655130187,"251,501,752",0.0046998825346774,3,6899.29655130187,"150,250,315,496,501,640,751,887",8,36.7220794817051,"150,250,325,496,501,640,748,887",8,39.9888199885776,"150,250,325,496,501,640,748,887",8,39.9888199885776
"251,501,751",0.005,3,6897.71141039493,"250,251,253,255,258,468,501,510,750,751",0.00580676682662079,10,7022.58871055056,"250,501,751",0.005195997205738,3,6898.72465207701,"250,501,751",0.00454710346237479,3,6894.61193345265,"250,501,751",0.00454710345987368,3,6894.61193345264,"250,501,751",0.00454710346066949,3,6894.61193345264,"250,501,751",0.00454710346271585,3,6894.61193345264,"250,501,751",0.0045471034605558,3,6894.61193345264,"250,501,751",0.00454710346339797,3,6894.61193345264,"250,501,751",0.00454710346101055,3,6894.61193345264,"250,501,751",0.00454710346169267,3,6894.61193345265,"250,501,751",0.00454710346101055,3,6894.61193345264,"120,250,271,501,563,750,882",7,24.9516748615883,"120,255,438,501,563,751,882",7,29.0990042573388,"120,255,271,501,563,751,882",7,31.3330348464278
"251,501,751",0.005,3,6879.48056389779,"229,236,251,454,481,501,502,565,751",0.00660673268548922,9,6983.23024056363,"251,501,751",0.00531362785897971,3,6868.13029286296,"251,501,751",0.00519770755637733,3,6867.90584252494,"251,501,751",0.00519770755501309,3,6867.90584252493,"251,501,751",0.00519770755694576,3,6867.90584252494,"251,501,751",0.00519770755296672,3,6867.90584252494,"251,501,751",0.00519770755398991,3,6867.90584252493,"251,501,751",0.00519770755455834,3,6867.90584252494,"251,501,751",0.00519770755410359,3,6867.90584252494,"251,501,751",0.00519770755478571,3,6867.90584252493,"251,501,751",0.00519770755501309,3,6867.90584252493,"227,251,334,501,683,751,794,957",8,7.48921131944088,"227,251,334,501,683,751,902",7,9.06443211678055,"227,251,334,501,683,751,902",7,9.06443211678055
"251,501,751",0.005,3,6981.59661015139,"236,251,254,484,500,501,504,738,745,751,755,757,889",0.00560199336392822,13,7125.65345981218,"251,254,500,757",0.00498414788848091,4,6988.31800841457,"251,500,757",0.00504696695262752,3,6977.13391342538,"251,500,757",0.00456771089959854,3,6974.80749142521,"251,500,757",0.00456771090505551,3,6974.80749142521,"251,500,757",0.00456771090323652,3,6974.80749142519,"251,500,757",0.00456771090823874,3,6974.80749142521,"251,500,757",0.00456771090278177,3,6974.80749142518,"251,500,757",0.00456771091005773,3,6974.8074914252,"251,500,757",0.00456771090505551,3,6974.8074914252,"251,500,757",0.00456771090505551,3,6974.8074914252,"143,251,365,500,626,738,757",7,85.8670313408117,"143,254,372,500,629,738,757",7,87.7111753710388,"143,254,365,500,629,738,757",7,87.854692811771
"251,501,751",0.005,3,6907.95522681576,"251,255,420,463,488,500,504,505,510,750,751",0.00606982494815582,11,7005.03546736416,"251,510,750",0.0054102216671717,3,6931.4051966477,"251,510,750",0.00457479935923732,3,6908.44384042354,"251,463,510,750",0.00492409715522659,4,6907.38088738933,"251,463,510,750",0.00529033111760503,4,6902.04583028862,"251,463,510,750",0.00529033111908295,4,6902.04583028862,"251,463,510,750",0.00529033111760503,4,6902.04583028862,"251,463,510,750",0.00529033111885558,4,6902.04583028862,"251,463,510,750",0.00529033111828715,4,6902.04583028863,"251,463,510,750",0.00529033111851452,4,6902.04583028862,"251,463,510,750",0.00529033111658184,4,6902.04583028863,"135,251,305,510,569,750,850",7,35.5375518654625,"135,251,351,500,569,750,850",7,36.8414045951577,"135,251,351,500,569,750,850",7,36.8414045951577
"251,501,751",0.005,3,6931.08256689206,"249,251,455,498,500,501,503,507,513,545,752,753",0.00641882476995992,12,7065.43347384544,"251,503,753",0.00471824944124407,3,6916.37473600508,"251,503,753",0.00476817225249263,3,6913.69689629191,"251,503,753",0.00476817225146945,3,6913.69689629192,"251,503,753",0.00476817224908203,3,6913.69689629192,"251,503,753",0.00476817225317475,3,6913.69689629191,"251,503,753",0.00476817225351581,3,6913.69689629191,"251,503,753",0.00476817225169682,3,6913.69689629191,"251,503,753",0.00476817225067364,3,6913.69689629191,"251,503,753",0.00476817225317475,3,6913.69689629191,"251,503,753",0.00476817225010521,3,6913.69689629191,"161,251,372,501,670,753,929",7,46.7527617608079,"161,251,372,501,670,753,929",7,46.7527617608079,"161,251,372,501,670,753,929",7,46.7527617608079
"251,501,751",0.005,3,6969.68063428497,"248,251,396,498,500,503,504,508,552,751,753",0.00711521209668691,11,7089.42421340234,"251,503,751",0.00586266814365274,3,6964.42184270401,"251,503,751",0.00554045133632252,3,6962.83159437338,"251,503,751",0.00554045133245716,3,6962.83159437339,"251,503,751",0.00554045133461721,3,6962.83159437338,"251,503,751",0.00554045133870994,3,6962.83159437338,"251,503,751",0.00554045133996049,3,6962.83159437339,"251,503,751",0.00554045133711832,3,6962.83159437338,"251,503,751",0.0055404513364362,3,6962.83159437338,"251,503,751",0.00554045133757307,3,6962.83159437337,"251,503,751",0.00554045133757307,3,6962.83159437338,"72,180,251,454,503,619,751,851",8,99.5442431337361,"72,180,251,454,503,619,751,851",8,99.5442431337361,"72,180,251,454,503,619,751,851",8,99.5442431337361
"251,501,751",0.005,3,7008.19879344327,"249,250,251,499,501,747,751",0.00569468172387393,7,7078.01629134939,"251,501,751",0.00473891518901024,3,6998.54338011464,"251,501,751",0.00453913179230124,3,6997.2047920266,"251,501,751",0.00453913178957276,3,6997.20479202659,"251,501,751",0.00453913179343811,3,6997.2047920266,"251,501,751",0.00453913179684872,3,6997.2047920266,"251,501,751",0.00453913179389286,3,6997.2047920266,"251,501,751",0.00453913179457498,3,6997.2047920266,"251,501,751",0.00453913179775821,3,6997.2047920266,"251,501,751",0.00453913179571185,3,6997.20479202659,"251,501,751",0.00453913179139175,3,6997.2047920266,"43,251,419,501,535,666,751,912",8,131.570300701098,"43,251,419,501,534,619,751,912",8,136.60976646523,"43,251,419,501,619,751",6,139.159648927019
"251,501,751",0.005,3,6928.35291363627,"251,497,501,503,512,514,751",0.00750787282324974,7,7041.29396108051,"251,501,751",0.00577289944031142,3,6922.73604169612,"251,501,751",0.00572583525603152,3,6922.70581856006,"251,501,751",0.00572583525694101,3,6922.70581856006,"251,501,751",0.00572583525642942,3,6922.70581856006,"251,501,751",0.00572583525802104,3,6922.70581856006,"251,501,751",0.00572583525586099,3,6922.70581856006,"251,501,751",0.00572583525415569,3,6922.70581856006,"251,501,751",0.00572583525642942,3,6922.70581856006,"251,501,751",0.00572583525540624,3,6922.70581856006,"251,501,751",0.00572583525517887,3,6922.70581856007,"69,224,251,351,501,582,751,907",8,73.4393458046763,"69,224,251,351,501,582,751,907",8,73.4393458046763,"69,251,351,501,582,751,907",7,74.2950113109571
"251,501,751",0.005,3,6943.90209396837,"237,248,254,473,488,500,501,502,750,752,767",0.00634003410563656,11,7063.37679904381,"254,502,750",0.00533493473338465,3,6932.14346436219,"254,502,750",0.0050870937714633,3,6930.20948985298,"254,502,750",0.00508709377174751,3,6930.20948985298,"254,502,750",0.00508709377157698,3,6930.20948985298,"254,502,750",0.00508709376634739,3,6930.20948985297,"254,502,750",0.00508709376685898,3,6930.20948985297,"254,502,750",0.00508709376930325,3,6930.20948985297,"254,502,750",0.00508709377430547,3,6930.20948985299,"254,502,750",0.00508709377066749,3,6930.20948985298,"254,502,750",0.00508709377407809,3,6930.20948985299,"73,237,254,388,501,629,750,789,924",9,75.6030602823566,"73,248,303,501,629,750,789,924",8,80.950979216081,"73,248,303,502,629,750,924",7,82.0268400250482
"251,501,751",0.005,3,6984.97260088921,"236,238,246,250,252,494,495,496,501,502,751,759",0.00517237258972338,12,7103.07166686386,"246,501,751",0.00523174308025174,3,6985.16781990182,"246,501,751",0.00461465421322629,3,6975.29868888022,"246,501,751",0.00461465421260101,3,6975.29868888021,"246,501,751",0.0046146542148179,3,6975.29868888022,"246,501,751",0.00461465421439158,3,6975.29868888022,"246,501,751",0.00461465421473264,3,6975.29868888022,"246,501,751",0.00461465421484632,3,6975.29868888023,"246,501,751",0.00461465421584108,3,6975.29868888023,"246,501,751",0.00461465421396525,3,6975.29868888021,"246,501,751",0.00461465421333997,3,6975.29868888021,"153,246,402,501,630,751,836",7,117.293381747347,"153,246,402,501,630,751,836",7,117.293381747347,"153,246,402,501,630,751,836",7,117.293381747347
"251,501,751",0.005,3,6912.52119771378,"251,466,479,496,501,503,507,509,751",0.00663971939267595,9,7006.42543023639,"251,501,751",0.00543785312290841,3,6908.01194813979,"251,501,751",0.005368239805568,3,6907.88123096028,"251,501,751",0.00536823980545432,3,6907.88123096029,"251,501,751",0.00536823980499957,3,6907.88123096029,"251,501,751",0.00536823980715962,3,6907.88123096029,"251,501,751",0.005368239805568,3,6907.88123096028,"251,501,751",0.00536823980329427,3,6907.88123096029,"251,501,751",0.00536823980522694,3,6907.88123096029,"251,501,751",0.00536823980534063,3,6907.8812309603,"251,501,751",0.00536823980602275,3,6907.88123096028,"148,251,377,501,538,661,751,891",8,45.0521101117919,"148,251,377,501,609,751,891",7,47.1529556212956,"92,251,377,501,538,609,751,891",8,47.0345258329729
"251,501,751",0.005,3,6964.31903216495,"251,404,476,501,503,750,751,752",0.00632377761110764,8,7066.4586167892,"251,501,751",0.00475406665075031,3,6960.52782678539,"251,501,751",0.00462428558398039,3,6960.0001320178,"251,501,751",0.00462428557943292,3,6960.00013201779,"251,501,751",0.00462428558511726,3,6960.00013201779,"251,501,751",0.00462428558022873,3,6960.00013201779,"251,501,751",0.00462428558443514,3,6960.0001320178,"251,501,751",0.00462428558227509,3,6960.0001320178,"251,501,751",0.0046242855813656,3,6960.00013201779,"251,501,751",0.00462428558420777,3,6960.0001320178,"251,501,751",0.00462428558091085,3,6960.00013201779,"146,251,503,601,751,931",6,91.8475112071565,"146,251,501,601,751,931",6,92.0917017810571,"146,251,503,601,751,931",6,91.8475112071565
"251,501,751",0.005,3,6925.82245916915,"249,251,254,483,487,501,748,751",0.00635092019635697,8,7035.60667989729,"249,251,501,751",0.00512633382034529,4,6934.71580877196,"249,501,751",0.00485990765740989,3,6921.23493575188,"249,501,751",0.00472890651600103,3,6921.06385125471,"249,501,751",0.00472890651554628,3,6921.0638512547,"249,501,751",0.00472890651577365,3,6921.06385125471,"249,501,751",0.00472890651645577,3,6921.0638512547,"249,501,751",0.00472890651918426,3,6921.0638512547,"249,501,751",0.00472890651850214,3,6921.06385125469,"249,501,751",0.00472890651691052,3,6921.06385125471,"249,501,751",0.00472890651418204,3,6921.06385125471,"113,249,288,501,517,605,751,916",8,55.6076913106459,"113,251,288,501,542,751,916",7,59.4265428499204,"113,251,288,501,542,605,751,916",8,59.8052539619739
"251,501,751",0.005,3,6916.83295540352,"237,252,470,501,533,744,749,751,755,782",0.00563286070787696,10,6992.4680366709,"252,501,744",0.00545175138959562,3,6904.95216527766,"252,501,744",0.00496206474282912,3,6901.87389393221,"252,501,744",0.00496206474487548,3,6901.87389393221,"252,501,744",0.00496206474533023,3,6901.8738939322,"252,501,744",0.00496206474487548,3,6901.8738939322,"252,501,744",0.00496206474328387,3,6901.8738939322,"252,501,744",0.00496206474351124,3,6901.8738939322,"252,501,744",0.00496206474169225,3,6901.87389393221,"252,501,744",0.004962064742147,3,6901.87389393221,"252,501,744",0.00496206473896377,3,6901.8738939322,"178,252,380,501,607,744,816",7,42.9643026162933,"178,252,380,501,607,751,816",7,45.5003909958379,"178,252,380,501,607,751,816",7,45.5003909958379
"251,501,751",0.005,3,6932.90577715011,"251,489,491,498,501,508,751,756",0.00595260569313576,8,7031.86988323991,"251,498,751",0.00461744867533729,3,6926.13461087961,"251,498,751",0.00455780523812229,3,6925.85854546014,"251,498,751",0.00455780523334744,3,6925.85854546014,"251,498,751",0.0045578052363033,3,6925.85854546014,"251,498,751",0.00455780523016421,3,6925.85854546011,"251,498,751",0.00455780523448431,3,6925.85854546013,"251,498,751",0.00455780523448431,3,6925.85854546014,"251,498,751",0.00455780523607593,3,6925.85854546013,"251,498,751",0.00455780523448431,3,6925.85854546013,"251,498,751",0.00455780523312007,3,6925.85854546014,"183,251,463,498,588,751,866",7,56.9667381495997,"183,251,463,498,588,751,866",7,56.9667381495997,"183,251,463,498,588,751,866",7,56.9667381495997
"251,501,751",0.005,3,6963.7626064147,"217,232,251,253,269,501,504,513,519,522,751,754,755",0.00587207604733509,13,7095.92341728844,"251,501,755",0.00536837885872739,3,6958.31101746994,"251,501,755",0.00512797722514952,3,6957.03672646685,"251,501,755",0.00512797722287578,3,6957.03672646686,"251,501,755",0.00512797722810538,3,6957.03672646684,"251,501,755",0.00512797722583164,3,6957.03672646686,"251,501,755",0.00512797722264841,3,6957.03672646685,"251,501,755",0.00512797722492214,3,6957.03672646685,"251,501,755",0.00512797722856012,3,6957.03672646684,"251,501,755",0.00512797722128417,3,6957.03672646687,"251,501,755",0.00512797722856012,3,6957.03672646684,"45,210,251,371,504,583,755,909",8,87.451683463381,"45,208,251,371,504,583,755,909",8,87.5686652118657,"45,208,251,371,504,583,755,909",8,87.5686652118657
"251,501,751",0.005,3,6893.07073854544,"250,501,505,536,537,567,742,751",0.00597254560231388,8,6969.73410220314,"250,501,751",0.00502085365071826,3,6887.82399551499,"250,501,751",0.00497558617805376,3,6887.77803658206,"250,501,751",0.0049755861777127,3,6887.77803658206,"250,501,751",0.00497558617782639,3,6887.77803658207,"250,501,751",0.0049755861781106,3,6887.77803658207,"250,501,751",0.00497558617936116,3,6887.77803658207,"250,501,751",0.0049755861777127,3,6887.77803658206,"250,501,751",0.0049755861781106,3,6887.77803658207,"250,501,751",0.00497558617873588,3,6887.77803658207,"250,501,751",0.00497558617776954,3,6887.77803658206,"112,250,356,501,634,751,896",7,20.0967271148331,"112,250,356,501,634,751,896",7,20.0967271148331,"112,250,356,501,634,751,896",7,20.0967271148331
"251,501,751",0.005,3,6950.83613141988,"251,255,495,498,501,509,510,512,575,747,750,769",0.00641354585552816,12,7068.20406836332,"251,501,750",0.00559615345697096,3,6940.4611434739,"251,501,750",0.00522813158751476,3,6938.60039215174,"251,501,750",0.00522813158589472,3,6938.60039215173,"251,501,750",0.00522813158549682,3,6938.60039215173,"251,501,750",0.00522813158487154,3,6938.60039215172,"251,501,750",0.00522813158632105,3,6938.60039215173,"251,501,750",0.00522813158580946,3,6938.60039215173,"251,501,750",0.00522813158472943,3,6938.60039215173,"251,501,750",0.00522813158543997,3,6938.60039215173,"251,501,750",0.00522813158526944,3,6938.60039215172,"113,251,372,501,635,750,922",7,73.4347281796709,"113,251,372,501,635,750,922",7,73.4347281796709,"113,251,372,501,635,750,922",7,73.4347281796709
"251,501,751",0.005,3,6939.49641765375,"250,251,254,448,501,741,751,753",0.00565119856920392,8,7010.17352949767,"254,501,751",0.00537324157615487,3,6935.62010613728,"254,501,751",0.00504261663560202,3,6934.48551629574,"254,501,751",0.0050426166349199,3,6934.48551629574,"254,501,751",0.00504261663534622,3,6934.48551629575,"254,501,751",0.00504261663568728,3,6934.48551629574,"254,501,751",0.00504261663617045,3,6934.48551629575,"254,501,751",0.00504261663355566,3,6934.48551629574,"254,501,751",0.00504261663545991,3,6934.48551629574,"254,501,751",0.00504261663568728,3,6934.48551629575,"254,501,751",0.00504261663642625,3,6934.48551629574,"132,254,396,501,526,648,751,881",8,72.0088419098118,"132,254,396,501,526,648,751,881",8,72.0088419098118,"132,254,396,501,526,648,751,881",8,72.0088419098118
"251,501,751",0.005,3,6989.34600100055,"251,487,501,512,525,529,750,751,754",0.00678057918937432,9,7121.41912674881,"251,501,754",0.00522394281367437,3,6990.01288217742,"251,501,754",0.00493015963392664,3,6989.08624067067,"251,501,754",0.00493015963324452,3,6989.08624067067,"251,501,754",0.00493015963301714,3,6989.08624067068,"251,501,754",0.00493015963347189,3,6989.08624067067,"251,501,754",0.00493015962915179,3,6989.08624067066,"251,501,754",0.00493015963347189,3,6989.08624067066,"251,501,754",0.00493015963392664,3,6989.08624067066,"251,501,754",0.00493015963506351,3,6989.08624067066,"251,501,754",0.00493015963324452,3,6989.08624067066,"134,251,394,501,605,750,798,932",8,123.950982510521,"134,251,394,501,605,750,798,932",8,123.950982510521,"134,251,394,501,605,750,781,932",8,124.336578924397
"251,501,751",0.005,3,7010.37887490287,"240,251,499,501,510,512,750,752,756",0.00647892599926079,9,7113.73324615847,"251,501,510,750",0.00552469534918786,4,7015.74964829474,"251,501,510,750",0.005295825460419,4,7014.03456542675,"251,501,750",0.00482755151094061,3,7011.31582530427,"251,501,750",0.00509858057829404,3,7007.5593312128,"251,501,750",0.00509858057692979,3,7007.55933121281,"251,501,750",0.00509858057835088,3,7007.55933121281,"251,501,750",0.00509858057721401,3,7007.5593312128,"251,501,750",0.00509858057596346,3,7007.55933121281,"251,501,750",0.00509858057835088,3,7007.5593312128,"251,501,750",0.00509858057800982,3,7007.5593312128,"117,251,390,501,667,752,823",7,127.081446824928,"117,251,390,501,667,752,823",7,127.081446824928,"117,251,390,501,667,752,821",7,127.082013448728
"251,501,751",0.005,3,6874.40583569567,"243,251,475,493,496,499,501,502,750,753",0.00718645768276712,10,6989.16302865108,"251,493,502,753",0.00608717104136283,4,6872.11265493536,"251,502,753",0.00588250762329879,3,6865.30421136354,"251,502,753",0.00578006018723709,3,6864.44773773812,"251,502,753",0.00578006018928345,3,6864.44773773811,"251,502,753",0.00578006019019294,3,6864.44773773812,"251,502,753",0.00578006018985188,3,6864.44773773811,"251,502,753",0.00578006018996557,3,6864.44773773812,"251,502,753",0.00578006018928345,3,6864.44773773812,"251,502,753",0.00578006019019294,3,6864.44773773812,"251,502,753",0.00578006018564547,3,6864.44773773811,"188,251,347,501,621,753,873",7,2.89257699576945,"188,251,347,501,621,753,873",7,2.89257699576945,"188,251,347,501,621,753,873",7,2.89257699576945
"251,501,751",0.005,3,6947.4852273228,"243,251,252,487,496,501,525,751,752",0.00622277650407008,9,7048.615654069,"251,501,751",0.00521681669630083,3,6944.9499928304,"251,501,751",0.00510537898578668,3,6944.80156706191,"251,501,751",0.00510537899203946,3,6944.80156706193,"251,501,751",0.00510537898828779,3,6944.80156706191,"251,501,751",0.00510537899033415,3,6944.80156706192,"251,501,751",0.00510537898430875,3,6944.80156706191,"251,501,751",0.00510537898726461,3,6944.80156706191,"251,501,751",0.00510537898953835,3,6944.80156706192,"251,501,751",0.005105378983854,3,6944.80156706191,"251,501,751",0.00510537899294895,3,6944.80156706194,"96,251,411,501,657,751,876",7,78.2965900939056,"96,251,411,501,657,751,876",7,78.2965900939056,"92,251,411,501,657,751,876",7,78.4416972560636
"251,501,751",0.005,3,6981.2352900424,"251,501,541,740,751,752",0.00577648860932515,6,7019.83966639107,"251,501,751",0.00535287672805042,3,6973.28873302367,"251,501,751",0.00519351876915235,3,6972.93259239348,"251,501,751",0.00519351877014711,3,6972.93259239348,"251,501,751",0.00519351876926604,3,6972.93259239348,"251,501,751",0.00519351876790179,3,6972.93259239348,"251,501,751",0.00519351877097134,3,6972.93259239349,"251,501,751",0.00519351877117029,3,6972.93259239349,"251,501,751",0.00519351876818601,3,6972.93259239348,"251,501,751",0.00519351877094292,3,6972.93259239349,"251,501,751",0.00519351876847023,3,6972.93259239348,"134,251,424,501,626,751,860",7,114.66729258748,"134,251,424,501,626,751,860",7,114.66729258748,"134,251,424,501,626,751,860",7,114.66729258748
"251,501,751",0.005,3,6996.91232643699,"250,251,487,498,501,552,752",0.00637919205366578,7,7068.4405428634,"251,501,752",0.00515067232822217,3,6988.3525752208,"251,501,752",0.00511810114466341,3,6988.33637045795,"251,501,752",0.00511810114761927,3,6988.33637045795,"251,501,752",0.00511810114540238,3,6988.33637045795,"251,501,752",0.00511810115193937,3,6988.33637045795,"251,501,752",0.00511810114989301,3,6988.33637045794,"251,501,752",0.00511810114955195,3,6988.33637045794,"251,501,752",0.00511810114892667,3,6988.33637045794,"251,501,752",0.00511810114705084,3,6988.33637045794,"251,501,752",0.00511810115245096,3,6988.33637045794,"103,251,311,446,501,598,752,962",8,140.174015215637,"103,251,311,446,501,598,752,962",8,140.174015215637,"103,251,311,446,501,598,752,962",8,140.174015215637
"251,501,751",0.005,3,6885.12036815911,"251,494,495,498,501,513,751",0.00623246144401985,7,6998.49421489863,"251,501,751",0.00459415038276679,3,6882.40060761621,"251,501,751",0.00450119642192123,3,6882.14931291273,"251,501,751",0.00450119641777166,3,6882.14931291272,"251,501,751",0.00450119641646426,3,6882.14931291271,"251,501,751",0.00450119641862431,3,6882.14931291272,"251,501,751",0.00450119641987486,3,6882.14931291272,"251,501,751",0.00450119641504317,3,6882.14931291271,"251,501,751",0.00450119641794219,3,6882.14931291272,"251,501,751",0.00450119641794219,3,6882.14931291272,"251,501,751",0.00450119641492949,3,6882.1493129127,"251,361,501,711,751,925",6,16.1553671744893,"251,361,501,711,751,925",6,16.1553671744893,"134,251,361,501,555,711,751,925",8,15.6357543011698
"251,501,751",0.005,3,6958.66962327385,"243,251,501,503,751,752",0.00604654575971944,6,7015.38216691928,"251,503,751",0.00508915809944979,3,6950.31942832929,"251,503,751",0.00501071305377357,3,6950.22438552719,"251,503,751",0.00501071305513781,3,6950.22438552719,"251,503,751",0.00501071305559256,3,6950.2243855272,"251,503,751",0.00501071305797999,3,6950.2243855272,"251,503,751",0.0050107130535462,3,6950.22438552719,"251,503,751",0.00501071305536519,3,6950.22438552719,"251,503,751",0.00501071305581994,3,6950.22438552719,"251,503,751",0.00501071305650206,3,6950.2243855272,"251,503,751",0.00501071305581994,3,6950.22438552719,"127,251,370,503,602,751,939",7,96.511928659207,"127,251,370,503,602,751,939",7,96.511928659207,"127,251,370,503,602,751,939",7,96.511928659207
"251,501,751",0.005,3,6963.128008225,"251,253,501,503,504,507,751,787",0.00573541803677169,8,7039.60650110169,"251,501,751",0.00492380183545313,3,6957.60941515602,"251,501,751",0.00486521607474976,3,6957.34604081189,"251,501,751",0.0048652160731013,3,6957.34604081189,"251,501,751",0.00486521607418132,3,6957.34604081188,"251,501,751",0.00486521607378342,3,6957.34604081189,"251,501,751",0.00486521607145284,3,6957.34604081189,"251,501,751",0.00486521607207812,3,6957.34604081189,"251,501,751",0.00486521607321498,3,6957.34604081189,"251,501,751",0.00486521607543188,3,6957.34604081188,"251,501,751",0.00486521607241918,3,6957.34604081189,"109,251,417,503,543,751,855",7,101.302267516977,"109,251,417,501,684,751,855",7,101.677390831524,"109,251,417,501,543,751,787",7,102.234696319147
"251,501,751",0.005,3,6909.17783132418,"246,248,251,261,501,502,513,744,746,751,760,767",0.0061851389483893,12,7031.32014942953,"248,501,751",0.00638193879266457,3,6909.36062170721,"248,501,751",0.00563886000926767,3,6902.87875691586,"248,501,751",0.00563886000233277,3,6902.87875691584,"248,501,751",0.00563886001017717,3,6902.87875691586,"248,501,751",0.00563886000517494,3,6902.87875691584,"248,501,751",0.0056388600064255,3,6902.87875691586,"248,501,751",0.00563886000551601,3,6902.87875691585,"248,501,751",0.00563886000574338,3,6902.87875691585,"248,501,751",0.00563886000256015,3,6902.87875691584,"248,501,751",0.00563886000585707,3,6902.87875691585,"169,248,340,459,501,588,751,803",8,59.5429159252973,"169,248,340,459,501,588,746,803",8,60.6429789052898,"169,248,340,459,501,588,746,803",8,60.6429789052898
"251,501,751",0.005,3,6921.59874836601,"242,251,252,255,501,503,504,508,746,750,751,775,776",0.00587580828020254,13,7066.41109365445,"251,501,750",0.00522028389421004,3,6915.62943695015,"251,501,750",0.00507576457822885,3,6915.3837126138,"251,501,750",0.00507576458152576,3,6915.38371261377,"251,501,750",0.00507576458334475,3,6915.38371261378,"251,501,750",0.00507576458539112,3,6915.38371261377,"251,501,750",0.00507576458448162,3,6915.38371261376,"251,501,750",0.00507576458391319,3,6915.38371261378,"251,501,750",0.00507576458459531,3,6915.38371261378,"251,501,750",0.00507576458050258,3,6915.38371261378,"251,501,750",0.00507576458425425,3,6915.38371261377,"175,251,399,501,558,750,776,945",8,55.2831652755851,"175,251,399,501,558,751,874",7,58.2979953231549,"175,251,399,501,558,751,874",7,58.2979953231549
"251,501,751",0.005,3,6908.83072398579,"236,255,260,501,751,757",0.00537820733824854,6,6944.84216954188,"255,501,751",0.00491223804168252,3,6893.38005036973,"255,501,751",0.00475213705261549,3,6893.05853106212,"255,501,751",0.00475213705329761,3,6893.05853106213,"255,501,751",0.00475213705102387,3,6893.05853106213,"255,501,751",0.00475213705170599,3,6893.05853106212,"255,501,751",0.00475213705045544,3,6893.05853106213,"255,501,751",0.00475213705307024,3,6893.05853106213,"255,501,751",0.00475213705170599,3,6893.05853106213,"255,501,751",0.00475213705318392,3,6893.05853106212,"255,501,751",0.00475213705193337,3,6893.05853106212,"217,255,381,501,672,751,883",7,35.5265520071666,"217,255,381,501,672,751,883",7,35.5265520071666,"217,255,381,501,672,751,883",7,35.5265520071666
"251,501,751",0.005,3,6980.38770515752,"251,475,498,501,508,511,727,751",0.00638444600668495,8,7046.3519953451,"251,498,501,751",0.00567077429696689,4,6984.75441572265,"251,498,501,751",0.00565268329206395,4,6984.65712816415,"251,501,751",0.00539026187719815,3,6974.87498423895,"251,501,751",0.00558132053892898,3,6973.77059063432,"251,501,751",0.00558132053892898,3,6973.77059063433,"251,501,751",0.00558132054108903,3,6973.77059063431,"251,501,751",0.00558132053728052,3,6973.77059063432,"251,501,751",0.00558132053813317,3,6973.77059063432,"251,501,751",0.00558132053728052,3,6973.77059063432,"251,501,751",0.00558132053773527,3,6973.77059063432,"123,251,300,490,498,660,751,903",8,132.120675614299,"123,251,379,501,660,751,903",7,133.667648149141,"123,251,287,501,660,751,903",7,138.93574002856
"251,501,751",0.005,3,6997.98189217204,"252,254,489,496,501,503,505,748,751",0.00627627538859122,9,7100.53582818534,"252,501,751",0.00544828005467389,3,6997.85215615236,"252,501,751",0.00504146313620955,3,6994.08178582361,"252,501,751",0.00504146313609586,3,6994.08178582361,"252,501,751",0.00504146313499452,3,6994.08178582361,"252,501,751",0.0050414631369343,3,6994.08178582361,"252,501,751",0.00504146313139562,3,6994.08178582361,"252,501,751",0.005041463135229,3,6994.08178582361,"252,501,751",0.00504146313738195,3,6994.08178582361,"252,501,751",0.00504146313777274,3,6994.08178582361,"252,501,751",0.00504146313592178,3,6994.08178582361,"54,184,252,279,503,595,751,880",8,130.337852009636,"54,184,254,279,501,595,751,880",8,131.802610285416,"54,184,254,279,501,595,751,880",8,131.802610285416
"251,501,751",0.005,3,6987.12932629847,"251,253,257,472,475,490,499,500,501,519,522,540,751",0.00539172225174552,13,7124.24288322031,"251,501,751",0.00455406756661419,3,6985.18875983307,"251,501,751",0.00449470714530492,3,6984.84788310723,"251,501,751",0.00449470714314487,3,6984.84788310723,"251,501,751",0.00449470714178063,3,6984.84788310722,"251,501,751",0.00449470714217853,3,6984.84788310723,"251,501,751",0.00449470714615757,3,6984.84788310724,"251,501,751",0.00449470714399752,3,6984.84788310723,"251,501,751",0.00449470714530492,3,6984.84788310723,"251,501,751",0.00449470714257643,3,6984.84788310723,"251,501,751",0.00449470714257643,3,6984.84788310723,"37,251,400,501,630,751,909",7,124.931728983659,"37,251,400,501,630,751,909",7,124.931728983659,"37,251,400,501,630,751,909",7,124.931728983659
"251,501,751",0.005,3,6940.54252178554,"247,251,501,504,507,512,751,754",0.00592603809353481,8,7041.06541834922,"251,501,512,751",0.00461050523023391,4,6941.33230332244,"251,501,751",0.00430681511429325,3,6934.6444178931,"251,501,751",0.00436640129245387,3,6933.66022214686,"251,501,751",0.00436640129768346,3,6933.66022214683,"251,501,751",0.00436640129540973,3,6933.66022214685,"251,501,751",0.00436640129631922,3,6933.66022214685,"251,501,751",0.00436640129268124,3,6933.66022214685,"251,501,751",0.00436640129700134,3,6933.66022214685,"251,501,751",0.00436640129313599,3,6933.66022214685,"251,501,751",0.00436640129290861,3,6933.66022214686,"130,251,412,504,562,751,872",7,68.4620889202149,"130,251,412,504,562,751,872",7,68.4620889202149,"130,251,412,501,561,751,872",7,69.0843873707699
"251,501,751",0.005,3,6935.13142935388,"251,252,433,480,501,503,520,578,751,754,760",0.00659428348787532,11,7056.0758811809,"251,501,751",0.00525674753378905,3,6930.78130720634,"251,501,751",0.00506447285394105,3,6930.25205448862,"251,501,751",0.00506447285257681,3,6930.25205448865,"251,501,751",0.0050644728543958,3,6930.25205448863,"251,501,751",0.00506447285848852,3,6930.25205448861,"251,501,751",0.00506447285803378,3,6930.25205448861,"251,501,751",0.00506447285416842,3,6930.25205448863,"251,501,751",0.00506447285462317,3,6930.25205448862,"251,501,751",0.00506447285507792,3,6930.25205448862,"251,501,751",0.00506447285917064,3,6930.25205448861,"50,217,218,251,367,501,644,751,826,966",10,72.2107211030326,"153,251,367,501,644,751,829,966",8,76.5899015939045,"153,251,367,501,644,751,829,966",8,76.5899015939045
"251,501,751",0.005,3,6986.64515043349,"250,251,489,500,519,750,751",0.00633528247582765,7,7078.95032072266,"250,500,751",0.00509708637111202,3,6982.46914244066,"250,500,751",0.00456561416607008,3,6977.47476610184,"250,500,751",0.00456561416550164,3,6977.47476610184,"250,500,751",0.00456561416777538,3,6977.47476610184,"250,500,751",0.00456561416811644,3,6977.47476610184,"250,500,751",0.00456561416629745,3,6977.47476610184,"250,500,751",0.00456561416641114,3,6977.47476610184,"250,500,751",0.0045656141658427,3,6977.47476610184,"250,500,751",0.00456561416788906,3,6977.47476610184,"250,500,751",0.00456561416652482,3,6977.47476610184,"133,250,408,500,560,750,826",7,114.413723082054,"133,250,408,500,560,751,826",7,114.90700877046,"133,250,408,500,560,751,826",7,114.90700877046
"251,501,751",0.005,3,6972.49163924827,"250,252,255,452,481,500,501,751",0.00656559926575297,8,7061.03216878127,"252,501,751",0.00584468854488537,3,6973.78527711221,"252,501,751",0.00525361079130492,3,6968.45433802669,"252,501,751",0.00525361079170282,3,6968.45433802669,"252,501,751",0.0052536107914186,3,6968.45433802669,"252,501,751",0.00525361079045226,3,6968.45433802668,"252,501,751",0.00525361079283969,3,6968.45433802669,"252,501,751",0.00525361079056595,3,6968.45433802668,"252,501,751",0.00525361079079332,3,6968.45433802669,"252,501,751",0.00525361079107754,3,6968.45433802669,"252,501,751",0.00525361078857643,3,6968.45433802668,"106,252,287,501,589,751,851",7,102.964131855631,"106,255,287,500,589,751,851",7,108.807945442734,"106,255,287,501,589,751,851",7,108.212890579704
"251,501,751",0.005,3,6996.58818313169,"251,253,501,502,507,557,751",0.00657363745372941,7,7075.44967395101,"251,501,751",0.00525475898376577,3,6990.06021268251,"251,501,751",0.00510862075301083,3,6989.73796408366,"251,501,751",0.00510862075221502,3,6989.73796408366,"251,501,751",0.00510862075176028,3,6989.73796408366,"251,501,751",0.00510862074562119,3,6989.73796408366,"251,501,751",0.00510862075187396,3,6989.73796408367,"251,501,751",0.0051086207481223,3,6989.73796408367,"251,501,751",0.00510862075062341,3,6989.73796408366,"251,501,751",0.00510862074857705,3,6989.73796408367,"251,501,751",0.00510862075767199,3,6989.73796408367,"122,251,375,501,602,751,871",7,121.224775551978,"122,251,375,501,602,751,871",7,121.224775551978,"122,251,375,501,602,751,871",7,121.224775551978
"251,501,751",0.005,3,6968.39466919005,"245,251,501,540,550,745,746,748,751",0.0073975317196105,9,7117.077548318,"251,501,751",0.00637286327436723,3,6971.61620452857,"251,501,751",0.00547274132842123,3,6964.69516865313,"251,501,751",0.00547274132978547,3,6964.69516865313,"251,501,751",0.0054727413329687,3,6964.69516865313,"251,501,751",0.00547274133092234,3,6964.69516865312,"251,501,751",0.00547274133092234,3,6964.69516865313,"251,501,751",0.00547274132614749,3,6964.69516865314,"251,501,751",0.00547274133092234,3,6964.69516865312,"251,501,751",0.00547274133160446,3,6964.69516865312,"251,501,751",0.00547274132819385,3,6964.69516865312,"100,251,403,499,501,680,751,864",8,77.9067449647762,"100,251,403,499,501,680,745,864",8,81.3368663048697,"100,251,403,501,680,745,864",7,81.7780396443562
"251,501,751",0.005,3,6938.13149910909,"250,251,252,468,493,500,501,502,504,751",0.00617815594956353,10,7060.23320901876,"250,502,751",0.00478248006889067,3,6934.97676735936,"250,502,751",0.00476182744063298,3,6934.63900199374,"250,502,751",0.00476182743618498,3,6934.63900199373,"250,502,751",0.00476182743655447,3,6934.63900199372,"250,502,751",0.0047618274345081,3,6934.63900199371,"250,502,751",0.00476182743945348,3,6934.63900199373,"250,502,751",0.00476182743432336,3,6934.63900199371,"250,502,751",0.00476182743467863,3,6934.63900199372,"250,502,751",0.00476182744151405,3,6934.63900199374,"250,502,751",0.00476182743629867,3,6934.63900199372,"89,250,367,502,527,618,751,908",8,72.3604012190534,"89,250,367,501,527,618,751,908",8,73.9738713522935,"89,250,367,502,527,618,751,934",8,73.1219851514431
"251,501,751",0.005,3,6972.15771390342,"250,251,252,490,496,499,505,534,569,751,752",0.00717995870755997,11,7116.59075380622,"250,499,751",0.00586834981333496,3,6966.63660664478,"250,499,751",0.00513780495793103,3,6960.64090748947,"250,499,751",0.00513780495656679,3,6960.64090748948,"250,499,751",0.00513780495452043,3,6960.64090748948,"250,499,751",0.00513780495815841,3,6960.64090748947,"250,499,751",0.0051378049556573,3,6960.64090748947,"250,499,751",0.00513780495497518,3,6960.64090748948,"250,499,751",0.00513780495747629,3,6960.64090748947,"250,499,751",0.00513780495724891,3,6960.64090748948,"250,499,751",0.00513780495747629,3,6960.64090748948,"81,251,370,499,597,751,857",7,96.9477743794446,"81,252,370,499,597,752,857",7,99.5434055270778,"81,252,370,499,597,752,857",7,99.5434055270778
"251,501,751",0.005,3,7028.45632709807,"251,252,253,488,498,501,507,509,521,528,534,751,753,771",0.00689862124993181,14,7184.41003858806,"251,501,753",0.00664887712662711,3,7045.18901548488,"251,501,753",0.00550931866665809,3,7023.78875840741,"251,501,753",0.00550931866734021,3,7023.78875840741,"251,501,753",0.00550931866597597,3,7023.78875840742,"251,501,753",0.00550931866734021,3,7023.78875840742,"251,501,753",0.00550931866415698,3,7023.78875840741,"251,501,753",0.00550931866870446,3,7023.78875840742,"251,501,753",0.00550931866233799,3,7023.78875840742,"251,501,753",0.00550931866847708,3,7023.78875840742,"251,501,753",0.00550931866643072,3,7023.78875840741,"96,251,365,501,674,753,827",7,162.38174787773,"96,252,365,501,674,753,827",7,163.870896234235,"96,252,365,501,567,753,827",7,166.027208587261
"251,501,751",0.005,3,6969.81935745065,"250,251,478,479,495,500,502,504,507,529,539,751,753",0.00631038637565237,13,7123.57975747088,"250,500,753",0.00479615757321819,3,6959.63148610621,"250,500,753",0.00476902037831011,3,6958.36423192251,"250,500,753",0.00476902037647691,3,6958.3642319225,"250,500,753",0.00476902037634902,3,6958.3642319225,"250,500,753",0.0047690203747574,3,6958.3642319225,"250,500,753",0.00476902037170207,3,6958.36423192249,"250,500,753",0.00476902037444476,3,6958.3642319225,"250,500,753",0.00476902037467214,3,6958.36423192249,"250,500,753",0.00476902037542531,3,6958.36423192249,"250,500,753",0.00476902038017174,3,6958.3642319225,"140,250,324,500,601,751,893",7,93.4110426180018,"140,250,324,500,601,753,893",7,93.4123012768403,"140,250,324,500,601,753,893",7,93.4123012768403
"251,501,751",0.005,3,6931.23728333926,"251,253,496,497,501,541,751",0.00690270803939403,7,7032.3520199714,"251,497,501,751",0.0052797574093792,4,6932.82342722466,"251,497,751",0.0051537228120942,3,6926.19559829686,"251,497,751",0.00518441501522109,3,6922.15746934086,"251,497,751",0.00518441501689797,3,6922.15746934085,"251,497,751",0.00518441501476634,3,6922.15746934085,"251,497,751",0.00518441501763694,3,6922.15746934086,"251,497,751",0.00518441501331684,3,6922.15746934085,"251,497,751",0.00518441501419791,3,6922.15746934085,"251,497,751",0.00518441501476634,3,6922.15746934086,"251,497,751",0.00518441501402738,3,6922.15746934085,"182,251,299,497,639,751,897",7,58.2340908948783,"182,251,299,497,639,751,897",7,58.2340908948783,"182,251,299,497,639,751,897",7,58.2340908948783
"251,501,751",0.005,3,6992.20884864431,"234,235,251,455,493,501,748,750,752",0.00734561918599121,9,7081.42076117645,"251,501,752",0.00676012148334363,3,6983.38195350969,"251,501,752",0.00635109484013729,3,6981.8153997915,"251,501,752",0.00635109483668405,3,6981.8153997915,"251,501,752",0.00635109483986728,3,6981.8153997915,"251,501,752",0.00635109484138784,3,6981.8153997915,"251,501,752",0.00635109484009465,3,6981.81539979149,"251,501,752",0.0063510948465748,3,6981.81539979148,"251,501,752",0.0063510948406773,3,6981.8153997915,"251,501,752",0.00635109484299367,3,6981.81539979149,"251,501,752",0.00635109483854567,3,6981.81539979149,"65,174,251,421,501,627,752,864",8,135.377664229685,"65,174,251,421,501,602,748,864",8,135.729540178155,"72,174,251,421,501,602,748,864",8,135.763458879785
"251,501,751",0.005,3,6983.33246876688,"251,465,498,502,507,749,751",0.00621127089031445,7,7044.4717720467,"251,498,502,751",0.00511943545779991,4,6986.13962961493,"251,498,502,751",0.00503474946152976,4,6985.57388042479,"251,498,502,751",0.00503474946178555,4,6985.57388042479,"251,498,502,751",0.0050347494635477,4,6985.57388042479,"251,498,502,751",0.00503474946266663,4,6985.57388042479,"251,498,751",0.00404920990045875,3,6983.21202265816,"251,498,751",0.00493462618499129,3,6975.97848843697,"251,498,751",0.00493462618288808,3,6975.97848843698,"251,498,751",0.00493462618328599,3,6975.97848843698,"251,498,751",0.00493462618521866,3,6975.97848843698,"112,251,401,498,633,751,848",7,111.455989821587,"112,251,401,498,633,749,848",7,113.145519482188,"112,251,401,502,633,749,848",7,113.78154565202
"251,501,751",0.005,3,7043.23294634236,"250,251,257,493,494,498,499,501,505,733,749,750,751",0.00635478462695197,13,7175.92415021124,"251,501,750",0.00584431552903694,3,7034.02857015155,"251,501,750",0.00550503374058343,3,7032.13367467499,"251,501,750",0.00550503374029921,3,7032.133674675,"251,501,750",0.00550503373990131,3,7032.13367467499,"251,501,750",0.00550503374052658,3,7032.13367467499,"251,501,750",0.00550503374194767,3,7032.13367467499,"251,501,750",0.00550503374143608,3,7032.13367467499,"251,501,750",0.00550503374143608,3,7032.133674675,"251,501,750",0.00550503373973078,3,7032.133674675,"251,501,750",0.00550503374126555,3,7032.13367467499,"192,251,378,501,673,750,921",7,181.721579879248,"192,257,447,501,673,750,921",7,182.687993279386,"192,257,447,501,673,750,839",7,182.800088407254
"251,501,751",0.005,3,7025.17641225135,"248,489,501,502,538,751",0.00638703898805057,6,7103.34246102434,"248,502,751",0.00467285131251469,3,7007.4878756388,"248,502,751",0.00465142993503551,3,7007.47332060901,"248,502,751",0.00465142993810505,3,7007.47332060901,"248,502,751",0.00465142993685449,3,7007.47332060901,"248,502,751",0.00465142993446707,3,7007.47332060901,"248,502,751",0.0046514299342397,3,7007.47332060901,"248,502,751",0.00465142993969667,3,7007.47332060901,"248,502,751",0.00465142993901454,3,7007.47332060901,"248,502,751",0.00465142993674081,3,7007.47332060901,"248,502,751",0.00465142993355758,3,7007.47332060901,"179,248,323,502,643,751,867",7,140.194616640802,"179,248,323,502,643,751,867",7,140.194616640802,"179,248,323,502,643,751,867",7,140.194616640802
"251,501,751",0.005,3,6914.62672103275,"239,251,252,402,404,501,503,751,752,754",0.00658115934366861,10,7030.55364938535,"252,501,751",0.00550587297305995,3,6908.73747624678,"252,501,751",0.00528807277609653,3,6908.2513051975,"252,501,751",0.00528807277154905,3,6908.25130519749,"252,501,751",0.00528807277859764,3,6908.25130519749,"252,501,751",0.00528807277427754,3,6908.2513051975,"252,501,751",0.00528807277655127,3,6908.25130519749,"252,501,751",0.00528807277859764,3,6908.25130519749,"252,501,751",0.00528807277382279,3,6908.25130519749,"252,501,751",0.00528807277768814,3,6908.2513051975,"252,501,751",0.00528807277609653,3,6908.25130519749,"67,164,252,433,501,644,751,859",8,54.4437982911044,"134,251,433,501,644,751,859",7,59.0137427491063,"134,251,433,501,644,751,859",7,59.0137427491063
"251,501,751",0.005,3,6998.55592736987,"251,485,495,501,507,751,752",0.00656076129184934,7,7076.18227550799,"251,501,752",0.0052423569124828,3,6986.82516146373,"251,501,752",0.00520927907290257,3,6986.80608753705,"251,501,752",0.0052092790717657,3,6986.80608753705,"251,501,752",0.00520927907210676,3,6986.80608753705,"251,501,752",0.00520927907256151,3,6986.80608753705,"251,501,752",0.00520927907278888,3,6986.80608753705,"251,501,752",0.00520927907187939,3,6986.80608753705,"251,501,752",0.00520927907210676,3,6986.80608753705,"251,501,752",0.00520927907165202,3,6986.80608753705,"251,501,752",0.00520927907312995,3,6986.80608753705,"147,251,361,501,638,752,820",7,131.844532247526,"147,251,361,501,638,752,820",7,131.844532247526,"147,251,361,501,659,752,818",7,132.158041799868
"251,501,751",0.005,3,6923.05749070282,"242,249,250,251,253,465,501,502,505,517,584,750,751,767",0.00491047530714051,14,7071.68939765283,"250,502,751",0.00427263950529232,3,6916.2889438353,"250,502,751",0.00412139138963331,3,6915.38944537135,"250,502,751",0.00412139138735958,3,6915.38944537135,"250,502,751",0.00412139139008806,3,6915.38944537136,"250,502,751",0.00412139138986069,3,6915.38944537135,"250,502,751",0.00412139138997437,3,6915.38944537135,"250,502,751",0.00412139138940594,3,6915.38944537136,"250,502,751",0.00412139138986069,3,6915.38944537136,"250,502,751",0.00412139138815538,3,6915.38944537135,"250,502,751",0.00412139139042912,3,6915.38944537136,"69,250,400,502,656,751,842,991",8,52.2836342883289,"69,251,400,502,656,751,842,991",8,52.8724970157883,"69,251,400,502,656,751,842,991",8,52.8724970157883
"251,501,751",0.005,3,7029.98740223559,"251,501,751,753,764",0.00665884508982729,5,7076.58860143129,"251,501,751,764",0.00539311711092285,4,7031.83696515548,"251,501,751",0.00642794549091422,3,7030.7159578657,"251,501,751",0.00562227173325235,3,7025.39913184218,"251,501,751",0.00562227172796591,3,7025.39913184217,"251,501,751",0.00562227172785223,3,7025.39913184218,"251,501,751",0.00562227172933016,3,7025.39913184218,"251,501,751",0.00562227172631746,3,7025.39913184217,"251,501,751",0.00562227173103546,3,7025.39913184218,"251,501,751",0.00562227173120599,3,7025.39913184217,"251,501,751",0.00562227172847751,3,7025.39913184217,"109,251,384,472,501,590,751,841",8,160.865037296769,"109,251,384,472,501,590,754,841",8,163.379213039367,"109,251,384,501,590,754,841",7,163.629973716245
"251,501,751",0.005,3,6954.05890164242,"251,502,503,507,513,516,541,751,752,753",0.00595847472600588,10,7084.64537343492,"251,502,516,751",0.00403074612273839,4,6937.21762021844,"251,502,516,751",0.00412545305544844,4,6935.94589550167,"251,516,751",0.00336127724785834,3,6934.92414394444,"251,516,751",0.00382928769538096,3,6932.36155306987,"251,516,751",0.0038292876976547,3,6932.36155306988,"251,516,751",0.00382928769629045,3,6932.36155306987,"251,516,751",0.00382928770083793,3,6932.36155306989,"251,516,751",0.0038292876967452,3,6932.36155306987,"251,516,751",0.00382928770311167,3,6932.3615530699,"251,516,751",0.0038292876967452,3,6932.36155306986,"251,383,507,751,864",5,40.0006615652632,"251,377,513,751,864",5,42.6774533478859,"251,383,507,751,864",5,40.0006615652632
"251,501,751",0.005,3,6992.38245869253,"251,501,503,508,751",0.00605104920344493,5,7061.33906756679,"251,501,751",0.00459750512277381,3,6988.92051434952,"251,501,751",0.00458800980118306,3,6988.91870967721,"251,501,751",0.00458800980447997,3,6988.91870967721,"251,501,751",0.00458800980288836,3,6988.91870967721,"251,501,751",0.00458800980391154,3,6988.91870967721,"251,501,751",0.00458800980447997,3,6988.9187096772,"251,501,751",0.00458800980288836,3,6988.91870967721,"251,501,751",0.00458800980538947,3,6988.91870967721,"251,501,751",0.00458800980231992,3,6988.91870967721,"251,501,751",0.00458800980266099,3,6988.91870967721,"117,251,368,501,662,751,856",7,130.89577231605,"117,251,368,501,662,751,856",7,130.89577231605,"117,251,368,501,662,751,856",7,130.89577231605
"251,501,751",0.005,3,6951.35417019652,"250,251,496,501,503,504,515,747,750,751,755",0.00699860221300368,11,7115.22973450297,"251,501,751",0.00546379794046487,3,6950.94626096284,"251,501,751",0.0052821641906589,3,6949.93413384153,"251,501,751",0.00528216419429688,3,6949.93413384153,"251,501,751",0.00528216419503584,3,6949.93413384153,"251,501,751",0.00528216419321685,3,6949.93413384153,"251,501,751",0.00528216419287579,3,6949.93413384152,"251,501,751",0.00528216419051679,3,6949.93413384153,"251,501,751",0.0052821641919663,3,6949.93413384153,"251,501,751",0.00528216419316001,3,6949.93413384153,"251,501,751",0.00528216419219367,3,6949.93413384153,"122,251,415,501,611,751,814",7,92.3724353984108,"122,251,415,501,611,750,814",7,92.5230580886776,"122,251,415,501,611,750,814",7,92.5230580886776
"251,501,751",0.005,3,6954.9131172254,"251,494,500,501,751,767",0.00761183328446954,6,7094.54872465662,"251,501,751,767",0.00523829026325125,4,6957.14033715496,"251,501,751",0.00580721344888334,3,6953.7329054307,"251,501,751",0.00547775198953053,3,6952.75784650837,"251,501,751",0.00547775199136373,3,6952.75784650836,"251,501,751",0.00547775198749837,3,6952.75784650836,"251,501,751",0.00547775198877735,3,6952.75784650836,"251,501,751",0.00547775198592097,3,6952.75784650836,"251,501,751",0.00547775198860682,3,6952.75784650837,"251,501,751",0.00547775198830839,3,6952.75784650837,"251,501,751",0.00547775198930315,3,6952.75784650837,"137,251,402,501,630,751,773,973",8,95.7005882845414,"137,251,402,501,630,751,772,835,973",9,101.035513033388,"137,251,402,501,630,751,767,835,973",9,101.456359514154
"251,501,751",0.005,3,6985.70344143432,"211,216,250,251,252,414,472,473,475,501,749,751",0.00600817999434198,12,7120.4564460704,"251,501,751",0.00485176598005651,3,6982.2090441331,"251,501,751",0.00461462400367704,3,6981.3825470253,"251,501,751",0.00461462399810638,3,6981.38254702531,"251,501,751",0.00461462399571896,3,6981.38254702531,"251,501,751",0.00461462400083487,3,6981.3825470253,"251,501,751",0.00461462399867482,3,6981.3825470253,"251,501,751",0.0046146239979927,3,6981.38254702531,"251,501,751",0.00461462399924325,3,6981.38254702531,"251,501,751",0.00461462399924325,3,6981.38254702531,"251,501,751",0.00461462400515497,3,6981.3825470253,"211,251,501,597,751,897",6,109.335173825897,"211,251,501,597,751,897",6,109.335173825897,"211,251,501,597,751,897",6,109.335173825897
"251,501,751",0.005,3,6964.28405739522,"237,251,498,501,750,752,754",0.00596008335600349,7,7052.68939586497,"251,498,501,752",0.00533858229378763,4,6979.21419595977,"251,498,752",0.00466622150398522,3,6959.37448452559,"251,498,752",0.00458577053427869,3,6959.17099957248,"251,498,752",0.00458577053189127,3,6959.17099957248,"251,498,752",0.00458577053280076,3,6959.17099957249,"251,498,752",0.00458577053211864,3,6959.17099957249,"251,498,752",0.00458577053325551,3,6959.17099957248,"251,498,752",0.00458577053280076,3,6959.17099957248,"251,498,752",0.00458577053257339,3,6959.17099957249,"251,498,752",0.00458577053405132,3,6959.17099957249,"91,92,251,390,501,597,752,842",8,101.581479722196,"91,251,390,498,597,752,842",7,102.509778469151,"91,251,390,498,597,752,842",7,102.509778469151
"251,501,751",0.005,3,6878.82666415788,"249,251,253,501,503,514,516,751",0.00593963021322065,8,6963.0639803683,"249,501,751",0.0051139791133297,3,6871.0049599921,"249,501,751",0.00489862677190238,3,6870.24185439353,"249,501,751",0.00489862676576329,3,6870.24185439353,"249,501,751",0.00489862676780965,3,6870.24185439352,"249,501,751",0.00489862677144763,3,6870.24185439351,"249,501,751",0.0048986267769046,3,6870.24185439354,"249,501,751",0.0048986267682644,3,6870.24185439353,"249,501,751",0.00489862676871915,3,6870.24185439353,"249,501,751",0.00489862677372137,3,6870.24185439353,"249,501,751",0.00489862676940127,3,6870.24185439354,"159,251,408,501,626,751,891",7,-2.39999415689554,"159,251,408,501,626,751,891",7,-2.39999415689554,"159,251,408,501,626,751,891",7,-2.39999415689554
"251,501,751",0.005,3,6952.52631931215,"248,251,499,501,751",0.00554685701624935,5,6992.44236578593,"248,499,751",0.00459183691878336,3,6943.42149139827,"248,499,751",0.00454126278304881,3,6943.35651808078,"248,499,751",0.00454126278424252,3,6943.35651808078,"248,499,751",0.00454126278503833,3,6943.35651808079,"248,499,751",0.00454126278509517,3,6943.35651808079,"248,499,751",0.00454126278725522,3,6943.35651808079,"248,499,751",0.00454126278412883,3,6943.35651808078,"248,499,751",0.00454126278128666,3,6943.35651808078,"248,499,751",0.00454126278134351,3,6943.35651808078,"248,499,751",0.00454126278299197,3,6943.35651808079,"89,248,390,499,574,751,869",7,67.761722313531,"89,248,390,499,574,751,869",7,67.761722313531,"89,248,390,499,574,751,869",7,67.761722313531
"251,501,751",0.005,3,6936.58237356049,"251,501,502,508,514,515,528,529,753",0.00781784125312717,9,7074.37747848126,"251,502,753",0.00595462615835537,3,6920.98363973087,"251,502,753",0.00591979803555905,3,6920.97063539695,"251,502,753",0.00591979803783279,3,6920.97063539696,"251,502,753",0.00591979803237582,3,6920.97063539694,"251,502,753",0.00591979803510431,3,6920.97063539694,"251,502,753",0.00591979803283057,3,6920.97063539696,"251,502,753",0.00591979803828754,3,6920.97063539696,"251,502,753",0.00591979803737804,3,6920.97063539694,"251,502,753",0.00591979803874228,3,6920.97063539696,"251,502,753",0.00591979804283501,3,6920.97063539695,"71,193,251,377,502,615,753,809",8,71.4046327833356,"71,193,251,377,502,615,753,809",8,71.4046327833356,"71,193,251,377,502,615,753,809",8,71.4046327833356
"251,501,751",0.005,3,6874.86802581832,"251,256,458,501,502,508,751",0.00644908936615806,7,6963.81625114137,"251,501,751",0.00519155929697092,3,6873.19867894359,"251,501,751",0.00504661138002627,3,6872.85438415593,"251,501,751",0.00504661137911677,3,6872.85438415592,"251,501,751",0.0050466113784915,3,6872.85438415593,"251,501,751",0.00504661137900309,3,6872.85438415593,"251,501,751",0.00504661137974205,3,6872.85438415592,"251,501,751",0.00504661137957152,3,6872.85438415593,"251,501,751",0.00504661137837781,3,6872.85438415593,"251,501,751",0.00504661137752516,3,6872.85438415593,"251,501,751",0.00504661137877571,3,6872.85438415593,"169,251,376,501,646,751,909",7,11.539832978265,"169,256,376,501,646,751,909",7,15.970403595069,"169,256,376,501,646,751,909",7,15.970403595069
"251,501,751",0.005,3,6949.6519700211,"251,252,501,502,751,752,753,755",0.00592487667279567,8,7026.07862781871,"251,501,751,755",0.00517026883832781,4,6954.39672398966,"251,501,751,755",0.00503280719350926,4,6954.16485281046,"251,501,751",0.00570197133917132,3,6947.0949572837,"251,501,751",0.00512420927027259,3,6944.06725234027,"251,501,751",0.00512420926697568,3,6944.06725234027,"251,501,751",0.00512420926748727,3,6944.06725234027,"251,501,751",0.00512420926828307,3,6944.06725234027,"251,501,751",0.00512420927123893,3,6944.06725234027,"251,501,751",0.00512420927339898,3,6944.06725234027,"251,501,751",0.00512420926953363,3,6944.06725234027,"102,251,415,501,597,752,845",7,90.0747100145733,"102,251,415,501,597,752,845",7,90.0747100145733,"102,251,415,501,597,752,845",7,90.0747100145733
"251,501,751",0.005,3,6967.50323197707,"240,250,251,437,492,496,501,505,751,754,755,779",0.0056046255554242,12,7107.3829484695,"250,496,501,751,754",0.00438250042805361,5,6979.45107409332,"250,496,501,751,754",0.00431173433334812,5,6979.28001517766,"250,496,501,751,754",0.00431173433766822,5,6979.28001517766,"250,496,751,754",0.00408970106808466,4,6978.76371322206,"250,496,754",0.00427442796341559,3,6959.26622469173,"250,496,754",0.00428036512414312,3,6959.15871399637,"250,496,754",0.00428036512141463,3,6959.15871399638,"250,496,754",0.00428036512300625,3,6959.15871399638,"250,496,754",0.00428036512164201,3,6959.15871399638,"250,496,754",0.00428036512198307,3,6959.15871399638,"219,250,354,496,635,751,820",7,95.2898863077003,"219,250,354,496,635,751,820",7,95.2898863077003,"219,250,354,496,635,751,820",7,95.2898863077003
"251,501,751",0.005,3,6993.67985732741,"239,246,249,265,268,462,497,500,501,503,544,751",0.00567117973495641,12,7101.70051722566,"249,503,544,751",0.00493910113882179,4,6990.58294736591,"249,503,751",0.00457297810630322,3,6977.46095372325,"249,503,751",0.00455652114170514,3,6977.41078268903,"249,503,751",0.00455652114551365,3,6977.41078268902,"249,503,751",0.00455652114079564,3,6977.41078268901,"249,503,751",0.00455652114920847,3,6977.41078268903,"249,503,751",0.00455652114289885,3,6977.41078268902,"249,503,751",0.00455652114301253,3,6977.41078268903,"249,503,751",0.00455652114136408,3,6977.41078268903,"249,503,751",0.0045565211454568,3,6977.41078268903,"167,249,346,501,587,751,853",7,115.17551795043,"167,249,346,501,587,751,853",7,115.17551795043,"167,249,346,501,586,751,853",7,115.285160196775
"251,501,751",0.005,3,6961.56983535657,"248,250,251,457,501,503,512,523,550,751,752",0.00637067869420325,11,7081.23440116046,"250,501,752",0.00553712316153161,3,6960.07470679568,"250,501,752",0.00496877232731097,3,6956.14681683392,"250,501,752",0.00496877232573356,3,6956.14681683392,"250,501,752",0.00496877232717952,3,6956.14681683392,"250,501,752",0.00496877232196768,3,6956.14681683392,"250,501,752",0.00496877232393589,3,6956.14681683392,"250,501,752",0.00496877232313653,3,6956.14681683392,"250,501,752",0.00496877232566606,3,6956.14681683392,"250,501,752",0.0049687723268349,3,6956.14681683392,"250,501,752",0.00496877232702675,3,6956.14681683393,"102,250,321,501,628,752,846",7,71.4080816966176,"102,250,321,501,628,751,846",7,71.7112764329727,"102,250,321,501,628,751,846",7,71.7112764329727
"251,501,751",0.005,3,6879.02875275255,"251,500,501,502,504,741,751,753",0.00587408910506645,8,6958.94825296894,"251,502,751",0.00510736348313224,3,6877.39293881419,"251,502,751",0.00505908397650079,3,6876.90679081215,"251,502,751",0.00505908397922927,3,6876.90679081214,"251,502,751",0.00505908397880295,3,6876.90679081214,"251,502,751",0.00505908397891664,3,6876.90679081214,"251,502,751",0.0050590839792577,3,6876.90679081214,"251,502,751",0.00505908398158828,3,6876.90679081214,"251,502,751",0.00505908397982613,3,6876.90679081214,"251,502,751",0.0050590839776945,3,6876.90679081215,"251,502,751",0.00505908398033772,3,6876.90679081214,"141,251,360,502,587,751,914",7,17.5605069811999,"141,251,360,502,587,751,914",7,17.5605069811999,"141,251,360,502,587,751,914",7,17.5605069811999
"251,501,751",0.005,3,6987.5301027332,"250,251,432,483,501,509,521,533,542,743,749,751",0.00530774178017877,12,7095.14862739453,"251,501,749",0.00444214761393607,3,6974.56615000966,"251,501,749",0.00431482603806683,3,6974.22659006927,"251,501,749",0.0043148260396016,3,6974.22659006927,"251,501,749",0.00431482603653205,3,6974.22659006927,"251,501,749",0.00431482603971529,3,6974.22659006927,"251,501,749",0.00431482603886263,3,6974.22659006927,"251,501,749",0.00431482603476991,3,6974.22659006927,"251,501,749",0.00431482604164796,3,6974.22659006928,"251,501,749",0.00431482603863526,3,6974.22659006928,"251,501,749",0.00431482603772577,3,6974.22659006927,"71,251,340,501,601,749,920",7,106.235619768269,"71,251,340,501,601,749,920",7,106.235619768269,"71,251,340,501,601,749,920",7,106.235619768269
"251,501,751",0.005,3,7014.67063599851,"251,500,501,511,562,749,752,759",0.00643346271543358,8,7090.34872678335,"251,501,749,752",0.00547513406693793,4,7017.51187501328,"251,501,752",0.0056218823101437,3,7006.38841034095,"251,501,752",0.00538990541431719,3,7005.80999343598,"251,501,752",0.0053899054147151,3,7005.80999343598,"251,501,752",0.00538990541335085,3,7005.80999343598,"251,501,752",0.00538990541522669,3,7005.80999343598,"251,501,752",0.00538990541539722,3,7005.80999343598,"251,501,752",0.00538990541613618,3,7005.80999343598,"251,501,752",0.00538990541437404,3,7005.80999343599,"251,501,752",0.0053899054155109,3,7005.80999343598,"83,251,334,466,500,619,752,867",8,151.599216852679,"83,251,361,466,501,619,749,867",8,154.543735458872,"83,251,361,501,619,749,867",7,154.63335962556
"251,501,751",0.005,3,6934.94983638133,"251,254,500,501,512,565,751,752",0.00617921129414761,8,7053.69079972108,"251,254,500,751",0.00472940669933566,4,6941.78103369826,"254,500,751",0.0044286152344373,3,6927.34478649058,"254,500,751",0.00432322148478908,3,6927.20308803684,"254,500,751",0.00432322148524383,3,6927.20308803683,"254,500,751",0.00432322148410696,3,6927.20308803683,"254,500,751",0.0043232214897913,3,6927.20308803682,"254,500,751",0.00432322148865443,3,6927.20308803684,"254,500,751",0.00432322148592595,3,6927.20308803685,"254,500,751",0.00432322148319747,3,6927.20308803684,"254,500,751",0.00432322148524383,3,6927.20308803684,"195,254,420,500,751,873",6,60.6483903246369,"172,251,420,500,751,873",6,64.1544612538135,"172,251,420,500,620,751,873",7,64.1195018221136
"251,501,751",0.005,3,6883.72430796435,"251,252,428,492,501,751,752",0.0059319030823493,7,6957.8282531901,"252,501,751",0.00483329987548353,3,6879.82642622477,"252,501,751",0.00474771644074161,3,6879.72752687485,"252,501,751",0.00474771644233322,3,6879.72752687484,"252,501,751",0.00474771643852471,3,6879.72752687484,"252,501,751",0.00474771643590992,3,6879.72752687485,"252,501,751",0.00474771643806997,3,6879.72752687484,"252,501,751",0.00474771643909315,3,6879.72752687485,"252,501,751",0.00474771644000264,3,6879.72752687485,"252,501,751",0.00474771643892262,3,6879.72752687485,"252,501,751",0.00474771643926368,3,6879.72752687484,"154,252,338,501,605,751,883",7,2.31551224998155,"154,252,338,501,605,751,883",7,2.31551224998155,"154,252,338,501,605,751,883",7,2.31551224998155
"251,501,751",0.005,3,6914.60380742181,"251,477,479,501,751",0.00622619940149043,5,6954.20671506095,"251,501,751",0.00525532828649915,3,6912.8060036515,"251,501,751",0.00517849368820696,3,6912.68589970501,"251,501,751",0.00517849368741115,3,6912.68589970501,"251,501,751",0.00517849368866171,3,6912.685899705,"251,501,751",0.00517849368684272,3,6912.68589970501,"251,501,751",0.00517849368650166,3,6912.685899705,"251,501,751",0.0051784936861606,3,6912.685899705,"251,501,751",0.00517849368888908,3,6912.685899705,"251,501,751",0.00517849368536479,3,6912.685899705,"251,501,751",0.0051784936895712,3,6912.68589970501,"137,251,386,501,631,751,884",7,46.0880541554135,"137,251,386,501,631,751,884",7,46.0880541554135,"137,251,386,501,631,751,871",7,46.2587971323403
"251,501,751",0.005,3,6960.75013892933,"249,252,253,500,501,504,508,750,751",0.00621278263325374,9,7081.7212615546,"252,501,751",0.00508802301205426,3,6953.77825519898,"252,501,751",0.00459726396533289,3,6947.35621342109,"252,501,751",0.004597263967834,3,6947.35621342108,"252,501,751",0.00459726396396865,3,6947.35621342109,"252,501,751",0.00459726396556026,3,6947.35621342109,"252,501,751",0.00459726396988036,3,6947.35621342108,"252,501,751",0.00459726396510552,3,6947.35621342109,"252,501,751",0.00459726396465077,3,6947.35621342108,"252,501,751",0.00459726396533289,3,6947.35621342109,"252,501,751",0.00459726396737925,3,6947.35621342109,"33,223,252,358,467,501,605,751,890",9,90.3006645481977,"33,249,358,467,501,605,751,890",8,92.3542159017784,"33,249,358,501,605,751",6,96.7627319577164
"251,501,751",0.005,3,6968.94621161057,"248,250,251,480,493,501,502,530,745,747,750,752,770,778",0.00590496433307862,14,7107.57113071381,"248,493,502,747",0.00539647222109632,4,6963.63013613468,"248,493,502,747",0.00522937887289244,4,6962.56961297751,"248,502,747",0.00478503104886461,3,6959.00022349308,"248,502,747",0.00503757819622654,3,6955.77563576428,"248,502,747",0.00503757819622654,3,6955.77563576428,"248,502,747",0.00503757819724973,3,6955.77563576428,"248,502,747",0.00503757819508968,3,6955.77563576429,"248,502,747",0.00503757819474861,3,6955.77563576429,"248,502,747",0.00503757819645392,3,6955.77563576428,"248,502,747",0.00503757819611286,3,6955.77563576428,"166,248,375,501,638,747,778,969",8,90.5846885046621,"166,248,375,501,638,750,811",7,95.7138962735603,"166,248,375,501,638,750,811",7,95.7138962735603
"251,501,751",0.005,3,7023.9431293137,"250,251,500,501,505,508,535,751",0.00633589715830184,8,7110.37578356666,"251,501,751",0.00535968730421797,3,7017.25000977918,"251,501,751",0.0051413723161731,3,7016.72589006535,"251,501,751",0.00514137231566151,3,7016.72589006535,"251,501,751",0.00514137231688365,3,7016.72589006535,"251,501,751",0.00514137231733839,3,7016.72589006535,"251,501,751",0.0051413723174805,3,7016.72589006535,"251,501,751",0.00514137231580362,3,7016.72589006536,"251,501,751",0.00514137231605942,3,7016.72589006536,"251,501,751",0.00514137231594573,3,7016.72589006535,"251,501,751",0.00514137231560467,3,7016.72589006535,"137,251,380,501,628,751,922",7,153.320294236166,"137,251,380,501,628,751,922",7,153.320294236166,"137,251,380,501,628,751,922",7,153.320294236166
"251,501,751",0.005,3,6821.65172275392,"247,250,251,475,477,499,501,514,746,750",0.00603094872231708,10,6928.97135127095,"250,501,750",0.00530714059975309,3,6815.88537727415,"250,501,750",0.00512285400389062,3,6815.42401625468,"250,501,750",0.0051228540016311,3,6815.42401625468,"250,501,750",0.00512285400053686,3,6815.42401625469,"250,501,750",0.00512285400298113,3,6815.42401625468,"250,501,750",0.00512285400167373,3,6815.42401625468,"250,501,750",0.00512285400366325,3,6815.42401625468,"250,501,750",0.00512285400144636,3,6815.42401625468,"250,501,750",0.00512285400200058,3,6815.42401625468,"250,501,750",0.00512285400096319,3,6815.42401625468,"118,250,402,501,609,750,873",7,-46.306775533394,"118,250,402,501,609,750,873",7,-46.306775533394,"118,250,402,501,609,750,873",7,-46.306775533394
"251,501,751",0.005,3,6995.55180866349,"250,251,468,480,501,508,519,751",0.00633432977302241,8,7110.96342810796,"250,501,751",0.00460556255097653,3,6991.9140408049,"250,501,751",0.00436965671602865,3,6990.54723341161,"250,501,751",0.00436965671494862,3,6990.54723341161,"250,501,751",0.0043696567159718,3,6990.5472334116,"250,501,751",0.00436965670812741,3,6990.54723341162,"250,501,751",0.00436965671204961,3,6990.54723341161,"250,501,751",0.0043696567159718,3,6990.5472334116,"250,501,751",0.00436965670960534,3,6990.54723341162,"250,501,751",0.00436965671955294,3,6990.5472334116,"250,501,751",0.00436965671250435,3,6990.54723341162,"91,190,251,501,634,751,875",7,120.669556423957,"91,190,251,501,634,751,875",7,120.669556423957,"91,251,501,683,751,875",6,121.51693662577
"251,501,751",0.005,3,6940.00139781613,"250,251,501,751",0.00694618681425558,4,6988.23252667829,"250,501,751",0.00551855355272762,3,6927.4806905585,"250,501,751",0.00551526155366367,3,6927.48056503399,"250,501,751",0.00551526155457317,3,6927.48056503398,"250,501,751",0.0055152615534363,3,6927.48056503398,"250,501,751",0.00551526155366367,3,6927.48056503398,"250,501,751",0.00551526155502791,3,6927.48056503399,"250,501,751",0.00551526155434579,3,6927.48056503398,"250,501,751",0.00551526155116256,3,6927.48056503398,"250,501,751",0.00551526155002569,3,6927.48056503398,"250,501,751",0.00551526155525529,3,6927.48056503398,"96,250,423,501,617,705,751,809",8,61.1512291598593,"96,250,423,501,617,705,751,809",8,61.1512291598593,"96,250,423,501,617,705,751,809",8,61.1512291598593
"251,501,751",0.005,3,6916.39019667444,"246,250,253,254,479,487,490,495,497,500,501,523,540,751,757",0.00736783539308721,15,7119.50787841629,"246,250,501,751",0.00598938736469159,4,6925.41935186535,"246,501,751",0.00616589113467151,3,6917.05860970926,"246,501,751",0.00570670308467117,3,6915.08231417956,"246,501,751",0.00570670308421642,3,6915.08231417956,"246,501,751",0.00570670308501223,3,6915.08231417956,"246,501,751",0.00570670308683122,3,6915.08231417956,"246,501,751",0.00570670308728596,3,6915.08231417956,"246,501,751",0.00570670308364798,3,6915.08231417956,"246,501,751",0.00570670308603541,3,6915.08231417956,"246,501,751",0.00570670308728596,3,6915.08231417956,"86,250,363,501,637,751,847",7,61.4380448674564,"86,209,253,363,501,637,751,847",8,62.0503925315881,"86,209,253,363,500,637,751,847",8,62.1111545689992
"251,501,751",0.005,3,6897.13223756871,"251,253,254,423,477,493,498,501,502,518,744,751,756",0.0058300773300333,13,7032.29687190185,"251,498,502,751",0.00498756205964648,4,6903.32661183225,"251,498,751",0.0047329209283757,3,6894.48533233795,"251,498,751",0.00491339779847978,3,6893.31875819825,"251,498,751",0.00491339779822753,3,6893.31875819825,"251,498,751",0.00491339779790601,3,6893.31875819824,"251,498,751",0.00491339779710665,3,6893.31875819824,"251,498,751",0.00491339779656131,3,6893.31875819824,"251,498,751",0.00491339779714396,3,6893.31875819824,"251,498,751",0.00491339779871959,3,6893.31875819825,"251,498,751",0.00491339780012468,3,6893.31875819825,"98,251,346,501,691,751,859",7,36.0489151198399,"98,251,346,501,691,751,859",7,36.0489151198399,"98,251,346,501,691,751,859",7,36.0489151198399
"251,501,751",0.005,3,6962.41187341328,"248,251,500,514,542,607,739,752,754",0.0060934254918507,9,7036.06048051041,"251,500,739,752",0.00520704736559697,4,6957.6995311499,"251,500,752",0.0056797092225104,3,6952.25568332972,"251,500,752",0.00531330734985365,3,6950.99492461934,"251,500,752",0.00531330735255372,3,6950.99492461934,"251,500,752",0.00531330734934206,3,6950.99492461934,"251,500,752",0.00531330734686937,3,6950.99492461933,"251,500,752",0.0053133073505642,3,6950.99492461933,"251,500,752",0.00531330735289478,3,6950.99492461934,"251,500,752",0.00531330734382825,3,6950.99492461933,"251,500,752",0.00531330735067788,3,6950.99492461934,"102,251,387,500,663,752,825",7,92.7039153326077,"102,251,387,500,650,739,752,815",8,94.8322428174603,"102,251,387,500,650,739,752,815",8,94.8322428174603
"251,501,751",0.005,3,6875.48015265331,"214,251,482,501,502,509,751,754",0.00569627549866022,8,6963.14243917489,"251,501,751",0.00509833595802862,3,6879.48846800195,"251,501,751",0.00471102855955905,3,6873.52949142275,"251,501,751",0.0047110285602274,3,6873.52949142275,"251,501,751",0.00471102855878189,3,6873.52949142276,"251,501,751",0.00471102855522074,3,6873.52949142275,"251,501,751",0.00471102855573722,3,6873.52949142275,"251,501,751",0.00471102855796654,3,6873.52949142276,"251,501,751",0.00471102855735592,3,6873.52949142275,"251,501,751",0.004711028554619,3,6873.52949142275,"251,501,751",0.00471102855638381,3,6873.52949142275,"104,251,423,501,579,751,883",7,4.18745961212194,"104,251,423,501,579,751,883",7,4.18745961212194,"104,251,423,501,579,751,883",7,4.18745961212194
"251,501,751",0.005,3,6943.42575560416,"251,501,528,573,741,751",0.00541373898326822,6,6989.94570286261,"251,501,751",0.00458570989431457,3,6937.003301781,"251,501,751",0.0045590099163388,3,6936.98863329691,"251,501,751",0.00455900992043153,3,6936.98863329692,"251,501,751",0.00455900992043153,3,6936.98863329692,"251,501,751",0.00455900991815779,3,6936.98863329691,"251,501,751",0.00455900992122734,3,6936.98863329692,"251,501,751",0.00455900992088628,3,6936.98863329691,"251,501,751",0.00455900991883991,3,6936.98863329691,"251,501,751",0.00455900992202315,3,6936.98863329691,"251,501,751",0.00455900992031784,3,6936.98863329692,"150,251,361,501,614,751,896",7,69.4116268768487,"150,251,361,501,614,751,896",7,69.4116268768487,"251,361,501,614,751,896",6,72.9201639307365
"251,501,751",0.005,3,7061.49961082209,"247,251,486,500,501,514,743,750,751",0.006540414760462,9,7193.8712149973,"251,500,750",0.00509082126360519,3,7059.81151664561,"251,500,750",0.00479585061695695,3,7058.87489511686,"251,500,750",0.00479585061400109,3,7058.87489511685,"251,500,750",0.00479585061923068,3,7058.87489511687,"251,500,750",0.00479585061627483,3,7058.87489511686,"251,500,750",0.00479585061934437,3,7058.87489511686,"251,500,750",0.00479585061570639,3,7058.87489511686,"251,500,750",0.0047958506165022,3,7058.87489511686,"251,500,750",0.00479585061024942,3,7058.87489511685,"251,500,750",0.00479585062366447,3,7058.87489511687,"82,251,367,500,596,750,838",7,190.699702767969,"82,251,367,500,596,750,838",7,190.699702767969,"82,251,367,500,596,750,838",7,190.699702767969
"251,501,751",0.005,3,6940.13054824267,"251,446,455,489,491,492,501,509,511,751,752",0.00697714691789778,11,7065.76319863026,"251,501,752",0.00585120979617203,3,6935.77190289513,"251,501,752",0.00551409971417796,3,6934.25675519032,"251,501,752",0.00551409971642328,3,6934.25675519032,"251,501,752",0.0055140997155422,3,6934.25675519032,"251,501,752",0.00551409971756014,3,6934.25675519032,"251,501,752",0.00551409971434849,3,6934.25675519032,"251,501,752",0.00551409971454744,3,6934.25675519032,"251,501,752",0.00551409971895281,3,6934.25675519032,"251,501,752",0.0055140997184128,3,6934.25675519032,"251,501,752",0.00551409971463271,3,6934.25675519032,"49,186,251,350,501,636,751,828",8,92.0263227288279,"141,251,350,501,636,751,828",7,95.5007704015219,"141,251,296,501,636,751,828",7,95.8100250294383
"251,501,751",0.005,3,6993.53707466273,"239,249,251,252,501,507,749,750,751,756",0.00536511030206506,10,7086.71468641434,"252,501,751",0.00557675013482328,3,6993.32964443028,"252,501,751",0.00478921378992528,3,6986.47631146098,"252,501,751",0.00478921379038003,3,6986.47631146097,"252,501,751",0.00478921378765155,3,6986.47631146098,"252,501,751",0.00478921378901579,3,6986.47631146098,"252,501,751",0.00478921378992528,3,6986.47631146098,"252,501,751",0.00478921378787892,3,6986.47631146097,"252,501,751",0.00478921378696943,3,6986.47631146099,"252,501,751",0.00478921379288114,3,6986.47631146098,"252,501,751",0.00478921378856104,3,6986.47631146098,"160,252,431,501,625,751,844",7,121.153167358216,"160,251,431,501,625,751,844",7,121.297049488341,"160,239,243,251,431,501,625,751,844",9,126.140603351367
"251,501,751",0.005,3,6946.21074375848,"248,250,496,499,501,502,751,752",0.00676601802383985,8,7059.20197149405,"250,501,751",0.00530006266572544,3,6940.51637206306,"250,501,751",0.00525886660503921,3,6940.49467805845,"250,501,751",0.0052588666068582,3,6940.49467805844,"250,501,751",0.00525886660799506,3,6940.49467805844,"250,501,751",0.00525886661322466,3,6940.49467805844,"250,501,751",0.00525886660663082,3,6940.49467805844,"250,501,751",0.00525886660731294,3,6940.49467805844,"250,501,751",0.00525886660776769,3,6940.49467805845,"250,501,751",0.00525886660867719,3,6940.49467805844,"250,501,751",0.00525886660754032,3,6940.49467805844,"111,250,334,501,632,751,861",7,81.1463165134148,"111,250,334,501,632,751,861",7,81.1463165134148,"111,250,334,501,632,751,861",7,81.1463165134148
"251,501,751",0.005,3,6958.40633211549,"251,258,265,492,497,501,502,512,522,544,751",0.00607369942187044,11,7074.53787939946,"251,501,751",0.00520404135382247,3,6958.2161005181,"251,501,751",0.00514903168069736,3,6957.59958795177,"251,501,751",0.00514903168854176,3,6957.59958795177,"251,501,751",0.00514903169297554,3,6957.59958795178,"251,501,751",0.00514903168706383,3,6957.59958795177,"251,501,751",0.00514903168888282,3,6957.59958795177,"251,501,751",0.00514903168785964,3,6957.59958795177,"251,501,751",0.00514903168751858,3,6957.59958795177,"251,501,751",0.00514903169104287,3,6957.59958795177,"251,501,751",0.00514903168479009,3,6957.59958795177,"130,251,319,402,501,608,751,862",8,92.7450553449928,"130,251,258,401,501,608,751,862",8,102.423392731822,"130,251,258,401,501,608,751,862",8,102.423392731822
"251,501,751",0.005,3,6921.03219992242,"246,251,261,484,500,505,554,746,751,752,775",0.00585721745162106,11,7022.48363115477,"251,500,505,752",0.00545917831392097,4,6926.70748290163,"251,500,752",0.00522919706869271,3,6915.72014052683,"251,500,752",0.00516849536232427,3,6915.45953929937,"251,500,752",0.00516849536425695,3,6915.45953929936,"251,500,752",0.00516849536437064,3,6915.45953929936,"251,500,752",0.00516849536368851,3,6915.45953929936,"251,500,752",0.0051684953620969,3,6915.45953929937,"251,500,752",0.00516849536459801,3,6915.45953929936,"251,500,752",0.0051684953638022,3,6915.45953929936,"251,500,752",0.00516849536312008,3,6915.45953929936,"118,251,350,500,627,752,899",7,60.5836473004854,"118,251,350,500,627,752,899",7,60.5836473004854,"118,251,350,500,627,752,899",7,60.5836473004854
"251,501,751",0.005,3,7009.93911469374,"249,251,446,469,500,501,508,524,552,751,752",0.00690432073023284,11,7138.36914321351,"251,500,751",0.0055354626844067,3,7007.24697246275,"251,500,751",0.00528534924938391,3,7006.36796047822,"251,500,751",0.00528534924745123,3,7006.36796047822,"251,500,751",0.00528534924985286,3,7006.36796047821,"251,500,751",0.00528534924962549,3,7006.36796047821,"251,500,751",0.00528534924692543,3,7006.36796047821,"251,500,751",0.00528534924749386,3,7006.36796047821,"251,500,751",0.0052853492516008,3,7006.36796047821,"251,500,751",0.00528534925116026,3,7006.36796047822,"251,500,751",0.00528534924658437,3,7006.36796047822,"58,215,251,362,500,608,751,850",8,136.864704396733,"65,215,251,362,500,608,751,850",8,137.186167929419,"65,251,362,500,608,751,850",7,137.000969072165
"251,501,751",0.005,3,6885.72245374942,"252,253,254,496,498,501,503,508,750,751",0.00650031812271251,10,7034.85167398906,"252,501,751",0.00513356994392726,3,6882.70199712906,"252,501,751",0.00486522504037382,3,6881.77463611028,"252,501,751",0.00486522504173806,3,6881.77463611029,"252,501,751",0.00486522503855483,3,6881.77463611029,"252,501,751",0.00486522504423917,3,6881.77463611029,"252,501,751",0.00486522503673584,3,6881.77463611028,"252,501,751",0.00486522503900958,3,6881.77463611029,"252,501,751",0.00486522503810008,3,6881.77463611028,"252,501,751",0.00486522503787271,3,6881.77463611028,"252,501,751",0.00486522504014645,3,6881.77463611028,"159,253,341,501,545,751,938",7,11.2289282960738,"159,252,341,501,545,750,863",7,11.5528572262662,"159,252,341,501,545,750,863",7,11.5528572262662
"251,501,751",0.005,3,6926.66033546788,"250,251,419,420,433,501,503,523,543,751",0.00626240484509251,10,7037.19476801682,"251,501,751",0.00501628828687848,3,6924.65640101087,"251,501,751",0.00490276825138216,3,6924.41490943176,"251,501,751",0.00490276824836946,3,6924.41490943176,"251,501,751",0.00490276825001792,3,6924.41490943176,"251,501,751",0.0049027682463231,3,6924.41490943177,"251,501,751",0.0049027682459252,3,6924.41490943178,"251,501,751",0.00490276825160954,3,6924.41490943176,"251,501,751",0.00490276824962002,3,6924.41490943176,"251,501,751",0.0049027682446178,3,6924.41490943177,"251,501,751",0.00490276824700522,3,6924.41490943177,"95,251,317,501,604,751,911",7,70.2802741540281,"95,251,317,501,604,751,911",7,70.2802741540281,"95,251,317,501,604,751,911",7,70.2802741540281
"251,501,751",0.005,3,6902.31287070034,"251,501,503,504,505,519,534,536,751,755,760,763",0.0064246067071557,12,7064.07116569903,"251,501,751",0.00493725729157024,3,6899.56200306179,"251,501,751",0.00486512955345905,3,6899.46617401724,"251,501,751",0.00486512955380011,3,6899.46617401724,"251,501,751",0.00486512955277693,3,6899.46617401723,"251,501,751",0.00486512955448223,3,6899.46617401723,"251,501,751",0.00486512955402748,3,6899.46617401723,"251,501,751",0.00486512955380011,3,6899.46617401723,"251,501,751",0.00486512955357274,3,6899.46617401724,"251,501,751",0.00486512955380011,3,6899.46617401723,"251,501,751",0.00486512955368642,3,6899.46617401723,"129,251,369,501,680,751,810",7,33.9721454040626,"129,251,369,501,680,751,810",7,33.9721454040626,"129,251,369,501,680,751,810",7,33.9721454040626
"251,501,751",0.005,3,7029.27231382296,"251,254,468,501,508,750,752",0.00660929099392218,7,7121.28770452932,"251,254,501,752",0.00555612922705695,4,7035.25252252633,"251,501,752",0.00552621733290224,3,7023.44556538326,"251,501,752",0.00511775262696677,3,7022.13927464635,"251,501,752",0.00511775262835943,3,7022.13927464635,"251,501,752",0.00511775262898471,3,7022.13927464635,"251,501,752",0.0051177526249204,3,7022.13927464634,"251,501,752",0.00511775262159506,3,7022.13927464634,"251,501,752",0.00511775262443724,3,7022.13927464634,"251,501,752",0.00511775262594359,3,7022.13927464634,"251,501,752",0.00511775262739309,3,7022.13927464635,"83,251,361,501,657,752,849",7,151.763188688482,"83,251,361,501,657,750,849",7,152.371210432686,"83,251,361,501,657,750,849",7,152.371210432686
"251,501,751",0.005,3,6925.34633354354,"251,253,259,261,268,500,501,502,545,748,751",0.0053192942959145,11,7045.15827874172,"251,501,751",0.00452240286176947,3,6920.87164616636,"251,501,751",0.00434337518763073,3,6920.03021203282,"251,501,751",0.00434337519592987,3,6920.03021203284,"251,501,751",0.00434337519433826,3,6920.03021203283,"251,501,751",0.00434337519661199,3,6920.03021203285,"251,501,751",0.00434337519115503,3,6920.03021203284,"251,501,751",0.00434337519774886,3,6920.03021203285,"251,501,751",0.00434337519115503,3,6920.03021203284,"251,501,751",0.00434337519263296,3,6920.03021203284,"251,501,751",0.00434337518865392,3,6920.03021203282,"251,419,501,617,751,910",6,53.9358317395101,"251,259,419,501,617,751,910",7,56.8936822896283,"251,259,419,501,617,751,910",7,56.8936822896283
"251,501,751",0.005,3,6985.95512146789,"250,251,252,468,500,502,521,577,597,749,758,766",0.00636119120309658,12,7097.70599583348,"251,502,749",0.0054236451541347,3,6969.39043224124,"251,502,749",0.00534875068799692,3,6969.30088945283,"251,502,749",0.00534875068356313,3,6969.30088945284,"251,502,749",0.0053487506864053,3,6969.30088945284,"251,502,749",0.00534875068867904,3,6969.30088945283,"251,502,749",0.00534875068265364,3,6969.30088945284,"251,502,749",0.0053487506933402,3,6969.30088945282,"251,502,749",0.00534875068788323,3,6969.30088945283,"251,502,749",0.00534875068924748,3,6969.30088945283,"251,502,749",0.00534875068708743,3,6969.30088945283,"45,152,251,325,502,613,749,906",8,119.70432817036,"77,251,325,502,613,749,906",7,122.388109048365,"77,251,325,502,613,749,906",7,122.388109048365
"251,501,751",0.005,3,6912.29085261725,"240,241,245,251,252,481,492,500,510,544,751",0.00708755051540403,11,7030.97340085017,"251,500,751",0.00598859316300704,3,6900.00063606355,"251,500,751",0.00584502735457007,3,6899.75809498558,"251,500,751",0.00584502735320583,3,6899.75809498558,"251,500,751",0.00584502734888573,3,6899.75809498559,"251,500,751",0.00584502735047734,3,6899.75809498558,"251,500,751",0.00584502735093209,3,6899.75809498559,"251,500,751",0.00584502735275108,3,6899.75809498558,"251,500,751",0.00584502735479744,3,6899.75809498559,"251,500,751",0.00584502735206896,3,6899.75809498558,"251,500,751",0.00584502735366058,3,6899.75809498558,"112,251,391,500,565,751,865",7,44.9838476380997,"112,251,391,500,565,751,865",7,44.9838476380997,"112,251,391,500,565,751,865",7,44.9838476380997
"251,501,751",0.005,3,6963.95715828792,"238,251,255,476,477,494,500,501,513,518,554,744,751,754",0.00609103928043669,14,7134.86598697593,"251,501,751",0.00484609699852458,3,6963.79297896897,"251,501,751",0.00461297979790792,3,6962.55451412828,"251,501,751",0.00461297979472469,3,6962.55451412828,"251,501,751",0.00461297979381519,3,6962.55451412827,"251,501,751",0.00461297979267832,3,6962.55451412826,"251,501,751",0.0046129797963163,3,6962.55451412826,"251,501,751",0.00461297979404257,3,6962.55451412828,"251,501,751",0.00461297979677105,3,6962.55451412827,"251,501,751",0.00461297978926772,3,6962.55451412828,"251,501,751",0.00461297979654368,3,6962.55451412828,"146,251,342,501,673,751,815",7,94.4060449642007,"146,251,342,501,673,751,815",7,94.4060449642007,"146,251,342,501,673,751,815",7,94.4060449642007
"251,501,751",0.005,3,6973.65020224237,"193,251,255,500,501,751,752",0.00619431551512888,7,7042.05103067847,"251,500,751",0.00584847094601864,3,6974.6392353881,"251,500,751",0.00535212840389586,3,6970.61582189875,"251,500,751",0.00535212840253162,3,6970.61582189873,"251,500,751",0.00535212839843889,3,6970.61582189873,"251,500,751",0.00535212840071263,3,6970.61582189874,"251,500,751",0.00535212840366849,3,6970.61582189873,"251,500,751",0.00535212840298637,3,6970.61582189873,"251,500,751",0.0053521284061696,3,6970.61582189874,"251,500,751",0.00535212840298637,3,6970.61582189874,"251,500,751",0.00535212839798415,3,6970.61582189872,"62,170,255,413,500,582,751,919",8,103.790113691165,"62,170,255,413,500,582,751,919",8,103.790113691165,"62,170,255,413,500,582,751,919",8,103.790113691165
"251,501,751",0.005,3,6948.34189528657,"223,226,251,257,428,492,493,500,503,505,751,752",0.00633234637885824,12,7066.79799771969,"251,500,752",0.00628684452603745,3,6946.6508366952,"251,500,752",0.00564242677887019,3,6941.15510715818,"251,500,752",0.0056424267762554,3,6941.15510715818,"251,500,752",0.00564242677977969,3,6941.15510715818,"251,500,752",0.00564242677696594,3,6941.15510715818,"251,500,752",0.0056424267813713,3,6941.15510715818,"251,500,752",0.00564242677685225,3,6941.15510715818,"251,500,752",0.00564242677742069,3,6941.15510715818,"251,500,752",0.00564242677980811,3,6941.15510715818,"251,500,752",0.00564242677733542,3,6941.15510715818,"14,223,251,357,500,610,752,906",8,96.234006130514,"14,223,251,357,500,610,751,888",8,96.449634659351,"223,251,357,500,610,751,888",7,97.239867708666
"251,501,751",0.005,3,6980.05786545997,"250,449,482,500,501,521,522,526,752,791",0.00633212701249923,10,7086.42242629955,"250,500,752",0.00484449802194787,3,6963.52640338935,"250,500,752",0.00480446461581023,3,6963.43334808052,"250,500,752",0.00480446461455967,3,6963.43334808052,"250,500,752",0.00480446461598076,3,6963.43334808052,"250,500,752",0.00480446461461652,3,6963.43334808052,"250,500,752",0.00480446461626497,3,6963.43334808053,"250,500,752",0.00480446461313859,3,6963.43334808053,"250,500,752",0.00480446461581023,3,6963.43334808052,"250,500,752",0.00480446461410492,3,6963.43334808052,"250,500,752",0.00480446461399124,3,6963.43334808052,"125,250,347,500,613,752,791",7,94.4430815895769,"125,250,347,500,613,752,791",7,94.4430815895769,"125,250,347,500,613,752,791",7,94.4430815895769
"251,501,751",0.005,3,6924.06853292088,"251,440,466,492,498,500,502,751,755,759",0.00636560134466256,10,7011.65750380972,"251,498,500,502,751",0.00554762409450584,5,6943.68461929043,"251,498,751",0.00542252938341194,3,6916.34876966039,"251,498,751",0.00545571711576564,3,6916.28041021227,"251,498,751",0.00545571711792569,3,6916.28041021227,"251,498,751",0.00545571711792569,3,6916.28041021227,"251,498,751",0.00545571711781201,3,6916.28041021227,"251,498,751",0.00545571711667514,3,6916.28041021228,"251,498,751",0.00545571711792569,3,6916.28041021227,"251,498,751",0.00545571711906256,3,6916.28041021228,"251,498,751",0.00545571711849413,3,6916.28041021228,"92,251,302,500,596,751,898",7,54.08444008004,"92,251,302,498,596,755,898",7,57.0598339001382,"92,251,302,500,596,755,898",7,55.9352441371532
"251,501,751",0.005,3,6940.71088534335,"251,498,502,537,538,555,751",0.00658146088127196,7,7006.55172008597,"251,498,502,751",0.00529501347833082,4,6935.5613372896,"251,498,502,751",0.00527684784597959,4,6935.52918069136,"251,502,751",0.00482993931380102,3,6927.51244912593,"251,502,751",0.00519369705802261,3,6924.82415630772,"251,502,751",0.00519369705802261,3,6924.82415630773,"251,502,751",0.00519369705802261,3,6924.82415630772,"251,502,751",0.00519369706370695,3,6924.82415630772,"251,502,751",0.0051936970598416,3,6924.82415630773,"251,502,751",0.00519369706006897,3,6924.82415630771,"251,502,751",0.00519369706211533,3,6924.82415630773,"132,251,350,502,684,751,894",7,54.4778657495945,"132,251,350,502,684,751,894",7,54.4778657495945,"132,251,350,502,684,751,894",7,54.4778657495945
"251,501,751",0.005,3,7057.15534232359,"241,242,243,251,502,748,751",0.00558808436165262,7,7150.93802101275,"251,502,748,751",0.00457263964687324,4,7056.39961882143,"251,502,748,751",0.0039299315290794,4,7052.75652266247,"251,502,748,751",0.00392993152828359,4,7052.75652266248,"251,502,748,751",0.00392993152683409,4,7052.75652266248,"251,502,748",0.00473075824828794,3,7046.43358268877,"251,502,748",0.00400795139161246,3,7042.1347791509,"251,502,748",0.00400795138814501,3,7042.1347791509,"251,502,748",0.00400795138925346,3,7042.1347791509,"251,502,748",0.00400795138868503,3,7042.1347791509,"251,502,748",0.00400795139112929,3,7042.1347791509,"65,229,251,458,502,524,748,865",8,157.534010300495,"65,243,251,458,502,524,748,865",8,161.722452714147,"65,243,251,458,502,524,748,865",8,161.722452714147
"251,501,751",0.005,3,6950.015612351,"251,500,501,506,515,751,752,759",0.00726658642342853,8,7068.70749498249,"251,500,501,751",0.0056759573755337,4,6960.3357090362,"251,501,751",0.00558889154469085,3,6947.06301758266,"251,501,751",0.00557438946367901,3,6947.02422333711,"251,501,751",0.00557438946529505,3,6947.02422333711,"251,501,751",0.00557438946251216,3,6947.02422333711,"251,501,751",0.00557438946181295,3,6947.02422333711,"251,501,751",0.00557438946309836,3,6947.02422333711,"251,501,751",0.00557438946245887,3,6947.02422333711,"251,501,751",0.00557438946407647,3,6947.02422333711,"251,501,751",0.00557438946203632,3,6947.02422333711,"118,251,367,501,608,751,866",7,85.0582700763218,"118,251,367,501,608,751,866",7,85.0582700763218,"118,251,367,501,608,751,866",7,85.0582700763218
"251,501,751",0.005,3,6951.56761697268,"250,251,500,501,587,751,760,774",0.00655286408491496,8,7028.48389957795,"251,500,751",0.00562897302661082,3,6946.9224231357,"251,500,751",0.00538819009175028,3,6946.19710499677,"251,500,751",0.00538819009271662,3,6946.19710499677,"251,500,751",0.00538819009277346,3,6946.19710499677,"251,500,751",0.00538819009055657,3,6946.19710499677,"251,500,751",0.00538819009010182,3,6946.19710499678,"251,500,751",0.00538819009294399,3,6946.19710499678,"251,500,751",0.005388190091125,3,6946.19710499676,"251,500,751",0.00538819009305768,3,6946.19710499677,"251,500,751",0.0053881900907271,3,6946.19710499677,"136,251,384,500,633,751,834",7,92.1128286296741,"136,251,384,500,633,751,834",7,92.1128286296741,"136,251,384,500,633,751,834",7,92.1128286296741
"251,501,751",0.005,3,6973.47374232683,"244,250,252,483,489,500,504,514,751",0.00662835700033512,9,7060.48089397211,"250,500,504,751",0.00585066898402636,4,6977.02315275037,"250,500,751",0.00553255560867902,3,6962.74621982095,"250,500,751",0.00548590595088155,3,6962.69441290788,"250,500,751",0.00548590594622039,3,6962.69441290789,"250,500,751",0.00548590595062576,3,6962.69441290789,"250,500,751",0.00548590594985837,3,6962.69441290789,"250,500,751",0.00548590594397508,3,6962.69441290789,"250,500,751",0.00548590595065418,3,6962.69441290788,"250,500,751",0.00548590594784043,3,6962.69441290789,"250,500,751",0.0054859059459646,3,6962.69441290788,"70,158,250,418,500,553,751,819",8,107.825749790838,"94,250,418,500,553,751,819",7,108.042587761427,"94,250,418,500,553,751,819",7,108.042587761427
"251,501,751",0.005,3,7023.2823818005,"238,249,250,251,258,501,519,577,591,593,748,749,751,763,764,793",0.00476541621020105,16,7188.4364325222,"251,501,593,751",0.00440113780811625,4,7011.32825554082,"251,501,751",0.00372948877892188,3,7008.60016066816,"251,501,751",0.00362527751017394,3,7008.45114966768,"251,501,751",0.00362527751108344,3,7008.45114966768,"251,501,751",0.00362527750858233,3,7008.45114966767,"251,501,751",0.00362527751017394,3,7008.45114966768,"251,501,751",0.0036252775097192,3,7008.45114966768,"251,501,751",0.00362527751153819,3,7008.45114966768,"251,501,751",0.00362527750858233,3,7008.45114966768,"251,501,751",0.0036252775097192,3,7008.45114966767,"87,250,433,501,749,793,972",7,133.047831120912,"87,251,433,501,751,825",6,133.798370829361,"251,433,501,751,825",5,135.370380004476
"251,501,751",0.005,3,6958.92373110533,"241,247,248,250,468,488,490,493,502,512,751,756",0.00612404397904467,12,7077.76676010139,"250,502,751",0.00515472499137611,3,6946.45576365906,"250,502,751",0.00486539463468548,3,6944.59610004522,"250,502,751",0.00486539463377598,3,6944.59610004522,"250,502,751",0.0048653946344581,3,6944.59610004522,"250,502,751",0.00486539462831902,3,6944.59610004525,"250,502,751",0.00486539462991063,3,6944.59610004524,"250,502,751",0.00486539463650447,3,6944.59610004523,"250,502,751",0.00486539463309386,3,6944.59610004523,"250,502,751",0.00486539463627709,3,6944.59610004522,"250,502,751",0.00486539463082013,3,6944.59610004523,"59,248,386,502,646,751,881",7,68.5974200107887,"59,250,386,502,646,751,881",7,69.1502289850617,"59,250,386,502,646,751,881",7,69.1502289850617
"251,501,751",0.005,3,6898.98959140916,"251,258,501,503,508,561,750,751,753",0.0060740707146492,9,6990.40928587406,"251,501,751",0.00520935238532459,3,6895.71233604412,"251,501,751",0.00514670142628205,3,6895.64909390999,"251,501,751",0.00514670142798736,3,6895.64909390998,"251,501,751",0.00514670142889685,3,6895.64909390999,"251,501,751",0.00514670142338304,3,6895.64909390999,"251,501,751",0.00514670142929475,3,6895.64909390999,"251,501,751",0.00514670142992003,3,6895.64909390998,"251,501,751",0.0051467014276463,3,6895.64909390998,"251,501,751",0.00514670142451991,3,6895.64909390999,"251,501,751",0.00514670142730523,3,6895.64909390998,"94,251,407,501,626,751,836,992",8,32.4165739698345,"94,251,407,501,626,751,857,992",8,33.1046349168129,"94,251,303,407,501,626,751,857,992",9,32.8203288987605
"251,501,751",0.005,3,6988.71469171045,"247,251,498,502,510,511,749,751,752,754",0.00697688071762818,10,7120.23693102779,"251,502,752",0.0059408969790683,3,6986.20581959682,"251,502,752",0.00537599428737324,3,6982.08244672018,"251,502,752",0.0053759942856111,3,6982.08244672018,"251,502,752",0.00537599428833958,3,6982.08244672018,"251,502,752",0.00537599428396264,3,6982.08244672017,"251,502,752",0.0053759942877143,3,6982.08244672018,"251,502,752",0.00537599428436054,3,6982.08244672018,"251,502,752",0.00537599428737324,3,6982.08244672018,"251,502,752",0.00537599428703218,3,6982.08244672018,"251,502,752",0.00537599428436054,3,6982.08244672018,"98,251,401,502,591,751,894",7,131.255798065476,"98,251,401,502,591,752,894",7,131.432292673656,"98,251,401,502,591,752,894",7,131.432292673656
"251,501,751",0.005,3,6981.3422321617,"245,250,253,255,491,501,751",0.00585377880700879,7,7046.2966095771,"245,501,751",0.00521946777758027,3,6975.8069429306,"245,501,751",0.00498180796242155,3,6975.145474784,"245,501,751",0.00498180796310367,3,6975.145474784,"245,501,751",0.00498180795469084,3,6975.14547478399,"245,501,751",0.00498180796446791,3,6975.145474784,"245,501,751",0.00498180796696902,3,6975.14547478401,"245,501,751",0.00498180796492266,3,6975.145474784,"245,501,751",0.00498180796583215,3,6975.14547478401,"245,501,751",0.0049818079653774,3,6975.145474784,"245,501,751",0.00498180796219417,3,6975.145474784,"156,245,347,501,558,751,864",7,114.750693986925,"156,245,347,501,558,751,864",7,114.750693986925,"156,245,347,501,558,751,864",7,114.750693986925
"251,501,751",0.005,3,6940.64575625782,"250,431,433,466,469,499,500,501,745,746,752",0.00504602057215915,11,7049.78231944378,"250,501,752",0.00409199166338448,3,6926.24560460933,"250,501,752",0.00374978204698137,3,6922.22989336949,"250,501,752",0.00374978204868667,3,6922.22989336949,"250,501,752",0.00374978204652662,3,6922.22989336949,"250,501,752",0.00374978204834561,3,6922.22989336949,"250,501,752",0.00374978204629924,3,6922.22989336949,"250,501,752",0.0037497820466403,3,6922.22989336949,"250,501,752",0.00374978204811823,3,6922.22989336949,"250,501,752",0.00374978204766349,3,6922.2298933695,"250,501,752",0.00374978204936879,3,6922.22989336948,"70,250,374,501,552,746,853",7,54.8580019409774,"70,250,374,501,609,752,853",7,58.2512579776343,"70,250,374,501,609,752,853",7,58.2512579776343
"251,501,751",0.005,3,6988.81582271467,"251,500,501,751,752",0.00648576517901224,5,7065.74141555514,"251,500,752",0.0055958460570392,3,6991.07803762708,"251,500,752",0.00480129749572686,3,6979.25130032112,"251,500,752",0.00480129749254363,3,6979.25130032112,"251,500,752",0.00480129749640898,3,6979.25130032111,"251,500,752",0.00480129749640898,3,6979.25130032111,"251,500,752",0.00480129749140676,3,6979.25130032113,"251,500,752",0.00480129749163414,3,6979.25130032112,"251,500,752",0.0048012974980006,3,6979.25130032111,"251,500,752",0.00480129749231626,3,6979.25130032112,"251,500,752",0.004801297492771,3,6979.25130032112,"18,195,251,417,500,610,752,940",8,110.41380857676,"94,195,251,417,500,610,752,940",8,113.974484440241,"94,195,251,417,501,610,752,940",8,114.004112192143
"251,501,751",0.005,3,6960.83183597566,"246,251,489,501,751,752",0.00655642277506121,6,7062.84189657816,"251,501,751",0.00483956298581407,3,6957.75649060559,"251,501,751",0.00478694869231301,3,6957.72069208767,"251,501,751",0.00478694868822029,3,6957.72069208768,"251,501,751",0.00478694869140352,3,6957.72069208768,"251,501,751",0.0047869486854918,3,6957.72069208768,"251,501,751",0.00478694868844766,3,6957.72069208768,"251,501,751",0.00478694868526443,3,6957.72069208769,"251,501,751",0.00478694869663311,3,6957.72069208767,"251,501,751",0.00478694868685604,3,6957.72069208768,"251,501,751",0.00478694868776554,3,6957.72069208768,"117,251,447,501,525,751,853",7,75.4286654814564,"117,251,447,501,525,751,853",7,75.4286654814564,"117,251,447,501,525,751,853",7,75.4286654814564
"251,501,751",0.005,3,6968.63447691972,"245,250,252,253,255,259,484,488,500,501,582,750,753,764",0.00576877273109273,14,7110.60119830732,"253,501,750",0.0051153895711404,3,6957.25482426134,"253,501,750",0.00481788370562028,3,6955.79061522823,"253,501,750",0.00481788370357392,3,6955.79061522824,"253,501,750",0.00481788370516553,3,6955.79061522823,"253,501,750",0.00481788370584765,3,6955.79061522824,"253,501,750",0.00481788370516553,3,6955.79061522823,"253,501,750",0.00481788370266442,3,6955.79061522823,"253,501,750",0.00481788370539291,3,6955.79061522822,"253,501,750",0.0048178837028918,3,6955.79061522823,"253,501,750",0.00481788370493816,3,6955.79061522824,"138,253,374,501,612,750,881",7,83.0384978768933,"138,253,374,501,612,750,881",7,83.0384978768933,"138,253,374,501,612,750,881",7,83.0384978768933
"251,501,751",0.005,3,6994.40670612544,"251,488,491,499,502,506,750",0.00670181716823057,7,7086.54442442947,"251,502,750",0.00506263424463307,3,6980.31063155521,"251,502,750",0.00499747828735204,3,6980.17814599929,"251,502,750",0.00499747828456671,3,6980.1781459993,"251,502,750",0.00499747828348669,3,6980.1781459993,"251,502,750",0.00499747828479409,3,6980.1781459993,"251,502,750",0.00499747828382775,3,6980.1781459993,"251,502,750",0.00499747828291825,3,6980.17814599931,"251,502,750",0.00499747828058767,3,6980.17814599932,"251,502,750",0.00499747828320247,3,6980.1781459993,"251,502,750",0.00499747828416881,3,6980.1781459993,"126,251,367,502,683,750,875",7,102.604758196394,"126,251,367,502,683,750,875",7,102.604758196394,"126,251,367,502,683,750,875",7,102.604758196394
"251,501,751",0.005,3,6893.79584821098,"251,490,492,500,504,506,515,522,587,751",0.00714309313176216,10,7018.11104671158,"251,500,751",0.00560976733535818,3,6885.28437270955,"251,500,751",0.00554169831250814,3,6885.04229167631,"251,500,751",0.00554169830716486,3,6885.04229167633,"251,500,751",0.00554169830818804,3,6885.04229167632,"251,500,751",0.00554169831222392,3,6885.04229167632,"251,500,751",0.00554169830949544,3,6885.04229167632,"251,500,751",0.00554169830841541,3,6885.04229167632,"251,500,751",0.00554169831051862,3,6885.04229167632,"251,500,751",0.00554169831097337,3,6885.04229167632,"251,500,751",0.00554169831080284,3,6885.04229167632,"169,251,412,500,646,751,872",7,31.0643265147012,"169,251,412,500,646,751,872",7,31.0643265147012,"169,251,412,500,646,751,872",7,31.0643265147012
"251,501,751",0.005,3,6937.96007411638,"247,249,251,480,487,489,501,504,509,545,751,763",0.00595970857901278,12,7074.41034006543,"251,501,751",0.00497817671109964,3,6936.75889714828,"251,501,751",0.0048040320598417,3,6936.2388346455,"251,501,751",0.00480403205961433,3,6936.2388346455,"251,501,751",0.00480403205938695,3,6936.2388346455,"251,501,751",0.00480403206131963,3,6936.23883464551,"251,501,751",0.00480403206166069,3,6936.2388346455,"251,501,751",0.00480403206052382,3,6936.2388346455,"251,501,751",0.00480403206006907,3,6936.2388346455,"251,501,751",0.00480403206075119,3,6936.2388346455,"251,501,751",0.00480403205745428,3,6936.2388346455,"114,251,391,501,627,751,881",7,61.5253188523939,"114,251,391,501,627,751,881",7,61.5253188523939,"114,251,391,501,627,751,881",7,61.5253188523939
"251,501,751",0.005,3,7007.69485859646,"250,251,497,501,516,518,754,769,778",0.0069824515673932,9,7147.30784560905,"250,501,754",0.00528918653142742,3,6996.98437983159,"250,501,754",0.00506499030583135,3,6996.4487592787,"250,501,754",0.00506499030355761,3,6996.4487592787,"250,501,754",0.00506499031265256,3,6996.44875927871,"250,501,754",0.00506499031265256,3,6996.44875927871,"250,501,754",0.00506499031583579,3,6996.44875927871,"250,501,754",0.00506499030946933,3,6996.44875927871,"250,501,754",0.00506499031901902,3,6996.44875927871,"250,501,754",0.00506499030037438,3,6996.44875927871,"250,501,754",0.00506499031037882,3,6996.44875927871,"225,251,395,501,608,754,825,936",8,135.942529759052,"225,251,395,501,608,754,875",7,137.030515203611,"225,251,395,501,608,754,875",7,137.030515203611
"251,501,751",0.005,3,6942.07643664168,"251,252,484,497,498,500,501,751",0.00694528411217892,8,7059.80822334847,"252,501,751",0.00536838165072611,3,6938.02663268135,"252,501,751",0.00534508027967081,3,6938.01721156309,"252,501,751",0.00534508027861921,3,6938.01721156309,"252,501,751",0.00534508027859078,3,6938.01721156309,"252,501,751",0.00534508027859078,3,6938.01721156309,"252,501,751",0.00534508027861921,3,6938.01721156309,"252,501,751",0.00534508027715549,3,6938.01721156309,"252,501,751",0.00534508027830657,3,6938.01721156309,"252,501,751",0.00534508027950028,3,6938.0172115631,"252,501,751",0.00534508027945765,3,6938.01721156309,"116,252,348,501,541,723,751,912",8,81.2319310902909,"116,252,348,501,529,652,751,912",8,86.1962381609147,"116,252,348,501,529,652,751,912",8,86.1962381609147
"251,501,751",0.005,3,7043.72074297271,"249,250,251,252,434,449,464,501,503,509,511,750,753",0.00650406019353238,13,7189.1077571987,"249,501,750",0.00565861213515516,3,7042.50313285668,"249,501,750",0.00527104676049576,3,7040.68724977796,"249,501,750",0.00527104675969995,3,7040.68724977796,"249,501,750",0.00527104676220106,3,7040.68724977796,"249,501,750",0.00527104676083682,3,7040.68724977797,"249,501,750",0.00527104676129157,3,7040.68724977795,"249,501,750",0.00527104675833571,3,7040.68724977796,"249,501,750",0.00527104675822202,3,7040.68724977796,"249,501,750",0.00527104676072313,3,7040.68724977796,"249,501,750",0.0052710467592452,3,7040.68724977796,"134,250,366,501,658,750,854",7,165.41780918249,"134,249,366,501,658,750,854",7,166.137287757719,"134,249,366,501,658,750,854",7,166.137287757719
"251,501,751",0.005,3,6984.49917242103,"251,252,478,483,497,500,501,503,505,506,749,752,756",0.00630345425213881,13,7119.69376905804,"251,500,749",0.00547067724644874,3,6974.5281101911,"251,500,749",0.00523672006831576,3,6972.95524307755,"251,500,749",0.00523672006717889,3,6972.95524307755,"251,500,749",0.0052367200679747,3,6972.95524307755,"251,500,749",0.00523672006820207,3,6972.95524307755,"251,500,749",0.00523672006695152,3,6972.95524307755,"251,500,749",0.0052367200705895,3,6972.95524307754,"251,500,749",0.00523672006842945,3,6972.95524307755,"251,500,749",0.00523672006888419,3,6972.95524307755,"251,500,749",0.00523672006945263,3,6972.95524307754,"102,251,381,500,625,749,907",7,110.294495230427,"102,251,381,500,625,749,907",7,110.294495230427,"102,251,381,500,625,749,907",7,110.294495230427
"251,501,751",0.005,3,6982.37062033414,"249,251,480,481,500,501,536,749,750",0.00649982508646208,9,7071.17709999709,"249,501,749",0.0058225607625989,3,6973.55581471968,"249,501,749",0.00536798045088033,3,6971.39532910676,"249,501,749",0.00536798045156245,3,6971.39532910676,"249,501,749",0.00536798045110771,3,6971.39532910677,"249,501,749",0.00536798045247195,3,6971.39532910676,"249,501,749",0.00536798045065296,3,6971.39532910676,"249,501,749",0.0053679804520172,3,6971.39532910675,"249,501,749",0.0053679804520172,3,6971.39532910676,"249,501,749",0.00536798045133508,3,6971.39532910676,"249,501,749",0.00536798045247195,3,6971.39532910676,"101,249,391,501,660,749,852",7,96.8683034707199,"101,251,391,501,660,749,852",7,97.5747136873945,"101,251,391,501,660,749,852",7,97.5747136873945
"251,501,751",0.005,3,6987.01618271574,"235,251,475,491,498,501,504,521,543,575,751",0.00598283454840792,11,7091.53482783933,"251,491,504,751",0.00479757744048696,4,6995.02233637111,"251,491,504,751",0.00508045213833498,4,6992.44045380064,"251,504,751",0.0042025874212826,3,6990.9025797352,"251,504,751",0.00483044747137897,3,6986.73344472956,"251,504,751",0.0048304474702421,3,6986.73344472955,"251,504,751",0.00483044747069685,3,6986.73344472956,"251,504,751",0.00483044746887786,3,6986.73344472955,"251,504,751",0.00483044746887786,3,6986.73344472955,"251,504,751",0.00483044746955998,3,6986.73344472956,"251,504,751",0.00483044746819574,3,6986.73344472955,"141,251,421,498,653,751,850",7,109.202797220154,"141,251,421,501,653,751,850",7,110.03521684137,"141,251,421,498,653,751,850",7,109.202797220154
"251,501,751",0.005,3,6913.82415537128,"251,459,499,501,503,750,751",0.0056241350506756,7,6986.07820728649,"251,501,751",0.00435106217187261,3,6911.04140618637,"251,501,751",0.00432685196105287,3,6910.41463710288,"251,501,751",0.00432685196213289,3,6910.41463710289,"251,501,751",0.00432685196150761,3,6910.41463710289,"251,501,751",0.00432685196326976,3,6910.41463710289,"251,501,751",0.00432685196275817,3,6910.41463710289,"251,501,751",0.00432685196247395,3,6910.41463710288,"251,501,751",0.00432685196236026,3,6910.4146371029,"251,501,751",0.00432685196230342,3,6910.41463710289,"251,501,751",0.00432685196275817,3,6910.4146371029,"97,251,381,501,664,751,888",7,37.7400751762356,"97,251,381,501,664,751,888",7,37.7400751762356,"97,251,381,501,664,751,888",7,37.7400751762356
"251,501,751",0.005,3,7025.9108893236,"251,477,487,497,501,523,524,750,751",0.00595366029837905,9,7112.84135228941,"251,501,751",0.00498240569155568,3,7019.96222102069,"251,501,751",0.0049592061847457,3,7019.95112891478,"251,501,751",0.00495920618713312,3,7019.95112891478,"251,501,751",0.00495920618542782,3,7019.95112891478,"251,501,751",0.00495920618485939,3,7019.95112891477,"251,501,751",0.00495920618588257,3,7019.95112891478,"251,501,751",0.00495920618599626,3,7019.95112891477,"251,501,751",0.00495920618622363,3,7019.95112891478,"251,501,751",0.0049592061856552,3,7019.95112891477,"251,501,751",0.00495920618667838,3,7019.95112891478,"166,251,393,501,655,751,885",7,152.575835054974,"166,251,393,501,655,751,885",7,152.575835054974,"166,251,393,501,655,751,885",7,152.575835054974
"251,501,751",0.005,3,6980.84394149501,"251,253,478,500,502,503,545,551,751",0.00674413927590573,9,7067.48965875293,"251,502,545,751",0.00576159573272055,4,6977.82764482651,"251,502,751",0.00535620244913731,3,6974.79670932165,"251,502,751",0.00525911038238477,3,6974.56300535376,"251,502,751",0.00525911038363532,3,6974.56300535375,"251,502,751",0.00525911038363532,3,6974.56300535375,"251,502,751",0.00525911038352164,3,6974.56300535375,"251,502,751",0.00525911038210055,3,6974.56300535376,"251,502,751",0.00525911038261214,3,6974.56300535376,"251,502,751",0.00525911038397639,3,6974.56300535375,"251,502,751",0.00525911038437429,3,6974.56300535375,"144,251,387,502,669,751,907",7,95.2575101070909,"144,253,387,502,669,751,907",7,96.8071128559995,"144,253,387,502,669,751,907",7,96.8071128559995
"251,501,751",0.005,3,6954.14153832024,"251,501,503,504,508,741,749,751",0.00676619766434274,8,7026.25577274196,"251,501,751",0.00606876606629551,3,6948.10764503877,"251,501,751",0.00590766736895721,3,6947.58250536466,"251,501,751",0.00590766736948302,3,6947.58250536466,"251,501,751",0.00590766736966776,3,6947.58250536466,"251,501,751",0.00590766737042093,3,6947.58250536467,"251,501,751",0.00590766737069094,3,6947.58250536466,"251,501,751",0.00590766736929828,3,6947.58250536466,"251,501,751",0.00590766737064831,3,6947.58250536466,"251,501,751",0.00590766737070515,3,6947.58250536466,"251,501,751",0.00590766737010829,3,6947.58250536466,"101,251,350,501,570,751,831,939",8,112.83770677121,"101,251,350,501,570,751,911",7,113.638270716108,"101,251,350,501,570,751,911",7,113.638270716108
"251,501,751",0.005,3,7000.37005412468,"250,251,254,454,499,502,504,751",0.00637164369024947,8,7085.92557914397,"254,502,751",0.00543607006991774,3,6991.14728650179,"254,502,751",0.00522194994306325,3,6990.6349872987,"254,502,751",0.00522194994465487,3,6990.6349872987,"254,502,751",0.00522194994238113,3,6990.6349872987,"254,502,751",0.00522194994306325,3,6990.6349872987,"254,502,751",0.00522194994601911,3,6990.63498729869,"254,502,751",0.00522194993874315,3,6990.63498729869,"254,502,751",0.00522194994465487,3,6990.6349872987,"254,502,751",0.00522194994329062,3,6990.63498729869,"254,502,751",0.00522194994078951,3,6990.6349872987,"54,204,254,395,502,653,751,831",8,132.416850082062,"139,251,395,502,653,751,831",7,140.349032800122,"139,251,395,502,653,751,831",7,140.349032800122
"251,501,751",0.005,3,6866.93725651704,"247,251,386,495,500,501,503,506,509,520,528,746,750,752,754",0.00482836491886126,15,7015.62321280287,"251,501,750",0.00390879253531103,3,6863.43507774712,"251,501,750",0.00406752149511237,3,6854.80866984718,"251,501,750",0.00406752148931434,3,6854.80866984718,"251,501,750",0.00406752149374813,3,6854.80866984717,"251,501,750",0.00406752149170176,3,6854.80866984718,"251,501,750",0.00406752149499868,3,6854.80866984717,"251,501,750",0.00406752148999646,3,6854.80866984717,"251,501,750",0.00406752149352075,3,6854.80866984717,"251,501,750",0.00406752149181545,3,6854.80866984718,"251,501,750",0.00406752149761348,3,6854.80866984718,"48,251,501,623,750,853",6,-12.0847227951732,"48,251,501,623,750,853",6,-12.0847227951732,"48,251,501,623,750,853",6,-12.0847227951732
"251,501,751",0.005,3,6982.14678966938,"247,250,251,252,501,503,580,751",0.00527139638662547,8,7062.37769848481,"250,501,751",0.00417961075452147,3,6970.13463443415,"250,501,751",0.0040698582865312,3,6969.98940609192,"250,501,751",0.0040698582857354,3,6969.98940609191,"250,501,751",0.00406985828584908,3,6969.98940609192,"250,501,751",0.004069858289146,3,6969.98940609191,"250,501,751",0.00406985828755439,3,6969.98940609191,"250,501,751",0.004069858289146,3,6969.98940609192,"250,501,751",0.00406985828789545,3,6969.98940609192,"250,501,751",0.00406985828994181,3,6969.98940609191,"250,501,751",0.00406985828903231,3,6969.98940609191,"110,250,306,501,641,751,894",7,106.549193005747,"110,250,306,501,641,751,894",7,106.549193005747,"110,250,306,501,641,751,894",7,106.549193005747
"251,501,751",0.005,3,6915.12667440096,"222,250,251,252,254,255,495,500,501,531,751,753",0.00661430587122734,12,7057.3097929247,"254,500,751",0.00624899307013008,3,6918.96436243177,"254,500,751",0.00546355753374197,3,6909.42854459451,"254,500,751",0.00546355753033137,3,6909.42854459451,"254,500,751",0.00546355753374197,3,6909.42854459451,"254,500,751",0.00546355753146823,3,6909.4285445945,"254,500,751",0.00546355753419672,3,6909.42854459451,"254,500,751",0.00546355753305985,3,6909.4285445945,"254,500,751",0.00546355753465147,3,6909.42854459452,"254,500,751",0.00546355753283248,3,6909.42854459451,"254,500,751",0.00546355753055874,3,6909.4285445945,"200,254,434,500,598,751,939",7,53.3739514850943,"200,251,434,500,598,751,939",7,57.4359851422573,"200,251,434,500,598,751,939",7,57.4359851422573
"251,501,751",0.005,3,6907.24966948978,"250,259,262,441,470,471,494,501,747,750,751",0.00634271412488754,11,7015.69051495249,"250,262,501,751",0.00534653098078936,4,6906.63394654517,"250,262,501,751",0.0049665477832694,4,6905.08573698446,"250,262,501,751",0.00496654778113777,4,6905.08573698446,"262,501,751",0.00570042908218827,3,6902.3204602072,"262,501,751",0.00521430845680199,3,6900.11572938977,"262,501,751",0.00521430845964416,3,6900.11572938978,"262,501,751",0.00521430845521037,3,6900.11572938977,"262,501,751",0.00521430845907572,3,6900.11572938978,"262,501,751",0.00521430845771148,3,6900.11572938978,"262,501,751",0.00521430846117893,3,6900.11572938979,"133,259,319,501,580,751,884",7,22.6196011351217,"133,259,319,501,580,747,884",7,26.1154565839853,"133,259,319,501,580,747,884",7,26.1154565839853
"251,501,751",0.005,3,6944.71641119464,"251,496,501,508,531,550,750,751",0.00551712012290704,8,7031.68184849878,"251,501,750",0.00428009036011337,3,6936.78350844568,"251,501,750",0.00425456191817733,3,6936.75980139096,"251,501,750",0.00425456191624465,3,6936.75980139097,"251,501,750",0.00425456191726783,3,6936.75980139097,"251,501,750",0.00425456192011,3,6936.75980139096,"251,501,750",0.00425456191635834,3,6936.75980139097,"251,501,750",0.00425456191897314,3,6936.75980139097,"251,501,750",0.00425456191794995,3,6936.75980139097,"251,501,750",0.00425456191351617,3,6936.75980139097,"251,501,750",0.00425456191806364,3,6936.75980139096,"185,251,371,501,750,892",6,56.9302678764849,"185,251,371,501,750,892",6,56.9302678764849,"185,251,371,501,750,892",6,56.9302678764849
"251,501,751",0.005,3,7018.48456433278,"248,251,497,500,501,504,537,581,751,754,757",0.00523976651579914,11,7129.72027323217,"251,500,754",0.00455585128062882,3,7011.02127293653,"251,500,754",0.00425471268797412,3,7006.08166836642,"251,500,754",0.0042547126888623,3,7006.08166836641,"251,500,754",0.00425471268876282,3,7006.08166836642,"251,500,754",0.00425471269074879,3,7006.08166836642,"251,500,754",0.00425471268859585,3,7006.08166836641,"251,500,754",0.00425471269041128,3,7006.08166836642,"251,500,754",0.00425471269090866,3,7006.08166836641,"251,500,754",0.00425471268976469,3,7006.08166836642,"251,500,754",0.00425471269048234,3,7006.08166836642,"130,251,373,500,661,754,907",7,143.568219874107,"91,248,362,500,661,754,907",7,143.678637648913,"91,248,362,500,661,754,907",7,143.678637648913
"251,501,751",0.005,3,7044.89254706102,"251,252,494,501,524,746,749,751,752",0.00542797063245653,9,7139.72566637359,"251,501,751",0.00441937961140136,3,7040.54224068797,"251,501,751",0.00438718919421905,3,7040.52551294182,"251,501,751",0.00438718919387799,3,7040.52551294181,"251,501,751",0.00438718919421905,3,7040.52551294182,"251,501,751",0.00438718919433274,3,7040.52551294181,"251,501,751",0.00438718919285481,3,7040.5255129418,"251,501,751",0.00438718919660648,3,7040.52551294182,"251,501,751",0.00438718919365062,3,7040.52551294181,"251,501,751",0.00438718919308218,3,7040.52551294181,"251,501,751",0.00438718919330956,3,7040.52551294181,"51,251,376,501,591,751,941",7,169.773310949205,"51,251,376,501,591,751,941",7,169.773310949205,"51,251,376,501,591,751,941",7,169.773310949205
"251,501,751",0.005,3,6908.15536205143,"252,259,500,518,520,547,749,750,757",0.00643139918250167,9,6994.50989199,"252,500,749",0.00558969562990051,3,6890.29711550108,"252,500,749",0.00522381262128327,3,6888.7073704687,"252,500,749",0.00522381262170072,3,6888.7073704687,"252,500,749",0.00522381262024799,3,6888.70737046871,"252,500,749",0.00522381261995378,3,6888.7073704687,"252,500,749",0.00522381262181018,3,6888.70737046871,"252,500,749",0.00522381262006125,3,6888.70737046871,"252,500,749",0.00522381261989483,3,6888.7073704687,"252,500,749",0.00522381261976571,3,6888.7073704687,"252,500,749",0.00522381262326802,3,6888.70737046871,"151,252,385,500,619,749,910",7,27.2107799625038,"151,252,385,500,619,750,910",7,27.9585383532732,"151,252,385,458,500,677,750,910",8,27.9243643909187
"251,501,751",0.005,3,6940.02346986176,"251,259,262,498,501,564,749,752,753",0.00515047454392467,9,7015.64350177437,"251,501,753",0.00459947294025038,3,6931.18886818712,"251,501,753",0.00430846062510958,3,6929.99173023969,"251,501,753",0.00430846062293532,3,6929.9917302397,"251,501,753",0.00430846062546485,3,6929.9917302397,"251,501,753",0.00430846062198319,3,6929.9917302397,"251,501,753",0.00430846062168476,3,6929.9917302397,"251,501,753",0.00430846062324796,3,6929.99173023971,"251,501,753",0.00430846062340428,3,6929.99173023971,"251,501,753",0.00430846061970946,3,6929.9917302397,"251,501,753",0.0043084606230348,3,6929.9917302397,"82,251,409,501,519,752,866",7,69.7913939385563,"82,251,409,501,519,752,866",7,69.7913939385563,"82,251,409,501,752,866,953,956",8,76.1249124600029
"251,501,751",0.005,3,6956.27383777868,"251,501,619,751,752,758",0.00638495236211093,6,7019.486107226,"251,501,751",0.00518149918365208,3,6948.18432474571,"251,501,751",0.00509961030365997,3,6948.11041562135,"251,501,751",0.00509961030536528,3,6948.11041562136,"251,501,751",0.00509961030491053,3,6948.11041562136,"251,501,751",0.005099610300022,3,6948.11041562135,"251,501,751",0.00509961030627477,3,6948.11041562136,"251,501,751",0.00509961030582002,3,6948.11041562137,"251,501,751",0.00509961030854851,3,6948.11041562137,"251,501,751",0.00509961030388735,3,6948.11041562135,"251,501,751",0.00509961030456947,3,6948.11041562135,"145,251,365,501,560,751,833,942",8,81.5153016814158,"145,251,365,501,560,751,833,942",8,81.5153016814158,"145,251,365,501,560,751,833",7,83.0004564769557
"251,501,751",0.005,3,7035.18744100883,"248,251,501,504,505,512,749,752,754,757,760",0.00632720136755094,11,7152.71173622867,"251,501,749",0.00544123031539021,3,7026.57032035447,"251,501,749",0.00530677488307362,3,7026.33412619649,"251,501,749",0.00530677488023145,3,7026.33412619649,"251,501,749",0.00530677487920827,3,7026.33412619649,"251,501,749",0.0053067748823915,3,7026.3341261965,"251,501,749",0.00530677488193675,3,7026.3341261965,"251,501,749",0.0053067748789809,3,7026.33412619649,"251,501,749",0.00530677488216413,3,7026.33412619649,"251,501,749",0.00530677487966302,3,7026.33412619649,"251,501,749",0.0053067748806862,3,7026.33412619649,"155,251,354,501,598,749,854,944",8,170.271047744282,"155,251,354,501,598,752,868",7,172.525717729545,"155,251,354,501,598,752,868",7,172.525717729545
"251,501,751",0.005,3,6989.99217691733,"251,252,254,493,494,501,507,510,732,751,757",0.00564595862848687,11,7086.51243126361,"251,507,751,757",0.0052020964813727,4,6991.96978140259,"251,507,751",0.00516979328262048,3,6980.34119776817,"251,507,751",0.00502586994658762,3,6980.02819995386,"251,507,751",0.00502586994658762,3,6980.02819995386,"251,507,751",0.00502586994840661,3,6980.02819995387,"251,507,751",0.00502586994874767,3,6980.02819995386,"251,507,751",0.00502586994215383,3,6980.02819995387,"251,507,751",0.0050258699485203,3,6980.02819995386,"251,507,751",0.00502586994977085,3,6980.02819995386,"251,507,751",0.00502586994533707,3,6980.02819995387,"151,251,381,507,608,751,851",7,111.08598610748,"151,251,381,507,608,751,851",7,111.08598610748,"151,251,381,507,608,751,851",7,111.08598610748
"251,501,751",0.005,3,6970.7104838527,"251,472,496,498,499,501,536,748,751,752,762",0.00528663528213626,11,7086.87009517464,"251,501,752",0.00428595108578595,3,6963.8268701895,"251,501,752",0.00425657978933229,3,6963.02942959422,"251,501,752",0.00425657978819542,3,6963.02942959423,"251,501,752",0.00425657978569431,3,6963.02942959422,"251,501,752",0.00425657978933229,3,6963.02942959422,"251,501,752",0.00425657978569431,3,6963.02942959422,"251,501,752",0.00425657978569431,3,6963.02942959422,"251,501,752",0.0042565797875133,3,6963.02942959422,"251,501,752",0.00425657978887755,3,6963.02942959423,"251,501,752",0.00425657978660381,3,6963.02942959422,"91,251,349,498,640,752,896",7,94.4078161557471,"91,251,349,498,640,752,896",7,94.4078161557471,"91,251,349,498,640,752,896",7,94.4078161557471
"251,501,751",0.005,3,7002.2707700322,"242,250,492,501,502,504,514,751,756",0.00606920907865365,9,7104.90660514662,"250,492,502,751",0.00466964209583602,4,7004.30927291866,"250,502,751",0.00447899480722051,3,6993.14308994979,"250,502,751",0.0046241887605663,3,6992.67336924788,"250,502,751",0.00462418875567777,3,6992.67336924788,"250,502,751",0.00462418875829257,3,6992.67336924789,"250,502,751",0.00462418876238529,3,6992.67336924789,"250,502,751",0.00462418875931575,3,6992.67336924789,"250,502,751",0.00462418875635989,3,6992.67336924787,"250,502,751",0.00462418875567777,3,6992.67336924787,"250,502,751",0.00462418875863363,3,6992.67336924788,"129,250,421,502,593,751,837",7,126.772837971504,"129,250,421,502,593,751,837",7,126.772837971504,"129,250,421,502,593,751,837",7,126.772837971504
"251,501,751",0.005,3,6962.90389378903,"249,250,254,261,274,501,751,752",0.00522311124743308,8,7056.85875475291,"249,501,752",0.0044483383250129,3,6955.07246454917,"249,501,752",0.0039850982188965,3,6952.81078096974,"249,501,752",0.00398509821514483,3,6952.81078096974,"249,501,752",0.00398509821685014,3,6952.81078096975,"249,501,752",0.00398509822344397,3,6952.81078096976,"249,501,752",0.00398509822014705,3,6952.81078096974,"249,501,752",0.0039850982206018,3,6952.81078096975,"249,501,752",0.00398509822037443,3,6952.81078096975,"249,501,752",0.00398509822264816,3,6952.81078096975,"249,501,752",0.00398509821821438,3,6952.81078096975,"249,274,423,501,662,752,849",7,86.6944752753722,"254,282,501,662,752,849",6,97.2290950944822,"254,282,501,662,752,906",6,97.4154617715355
"251,501,751",0.005,3,6920.54564199166,"250,251,498,501,503,504,750,751,752,801,804",0.00589754542546471,11,7046.87840774675,"250,501,750",0.00581829076098342,3,6925.74896904994,"250,501,750",0.00501131381572835,3,6918.16244463799,"250,501,750",0.00501131381754734,3,6918.16244463798,"250,501,750",0.00501131381868421,3,6918.16244463798,"250,501,750",0.00501131382004845,3,6918.16244463797,"250,501,750",0.00501131382254956,3,6918.16244463796,"250,501,750",0.00501131381800209,3,6918.16244463798,"250,501,750",0.00501131382004845,3,6918.16244463797,"250,501,750",0.00501131381709259,3,6918.16244463798,"250,501,750",0.00501131381572835,3,6918.16244463798,"137,251,412,501,560,750,842",7,52.2025414841195,"137,251,412,501,560,751,842",7,53.4120349867149,"137,251,412,501,560,751,842",7,53.4120349867149
"251,501,751",0.005,3,6938.71064806445,"248,251,265,501,505,553,714,746,751,752",0.00536777076100958,10,7033.02592101954,"251,501,751",0.00525569622698029,3,6940.24861097473,"251,501,751",0.00470556020476265,3,6936.34305305783,"251,501,751",0.00470556020589952,3,6936.34305305783,"251,501,751",0.00470556020669533,3,6936.34305305783,"251,501,751",0.00470556020555846,3,6936.34305305784,"251,501,751",0.00470556020828694,3,6936.34305305784,"251,501,751",0.00470556020805957,3,6936.34305305784,"251,501,751",0.00470556020737745,3,6936.34305305784,"251,501,751",0.00470556020612689,3,6936.34305305783,"251,501,751",0.00470556020646795,3,6936.34305305784,"141,251,421,501,714,751,860",7,76.8147782133848,"141,251,421,501,714,751,860",7,76.8147782133848,"141,251,421,501,714,751,860",7,76.8147782133848
"251,501,751",0.005,3,6960.8502395491,"251,488,501,508,511,519,751",0.00725032206734379,7,7068.93176294825,"251,501,751",0.00554972061631583,3,6955.35339418158,"251,501,751",0.00546377299826728,3,6955.26046931466,"251,501,751",0.00546377299735779,3,6955.26046931466,"251,501,751",0.0054637730002568,3,6955.26046931466,"251,501,751",0.00546377299713041,3,6955.26046931466,"251,501,751",0.00546377299701673,3,6955.26046931466,"251,501,751",0.00546377299650514,3,6955.26046931467,"251,501,751",0.00546377299548195,3,6955.26046931466,"251,501,751",0.00546377300207579,3,6955.26046931467,"251,501,751",0.00546377299809675,3,6955.26046931466,"132,251,377,501,558,751,897",7,78.0458686420957,"132,251,377,501,558,751,897",7,78.0458686420957,"132,251,377,501,558,751,897",7,78.0458686420957
"251,501,751",0.005,3,6999.60231825116,"251,491,501,530,531,743,751",0.00527959565703931,7,7059.80020548684,"251,501,751",0.00424338372357864,3,6980.29491857042,"251,501,751",0.00409958829734614,3,6979.85432412333,"251,501,751",0.00409958829973356,3,6979.85432412334,"251,501,751",0.00409958829859669,3,6979.85432412334,"251,501,751",0.00409958829893775,3,6979.85432412334,"251,501,751",0.00409958830087043,3,6979.85432412334,"251,501,751",0.00409958829689139,3,6979.85432412333,"251,501,751",0.00409958830018831,3,6979.85432412334,"251,501,751",0.00409958830064306,3,6979.85432412333,"251,501,751",0.00409958830030199,3,6979.85432412334,"100,251,419,501,568,751,836",7,106.818475190234,"100,251,419,501,568,751,836",7,106.818475190234,"100,251,419,501,751,836",6,108.609100063861
"251,501,751",0.005,3,7002.5080461763,"228,251,487,488,500,501,502,503,750",0.00744189286846791,9,7147.98018438723,"251,501,750",0.00546144128779781,3,6993.61432497861,"251,501,750",0.00534595546797121,3,6992.22829508581,"251,501,750",0.00534595546569747,3,6992.22829508581,"251,501,750",0.00534595546615222,3,6992.22829508581,"251,501,750",0.00534595546296899,3,6992.22829508582,"251,501,750",0.00534595546751646,3,6992.2282950858,"251,501,750",0.00534595546592484,3,6992.22829508581,"251,501,750",0.00534595546865333,3,6992.2282950858,"251,501,750",0.00534595546660696,3,6992.22829508581,"251,501,750",0.00534595546478797,3,6992.22829508582,"59,226,251,392,501,612,750,928",8,122.534849483532,"59,226,251,392,501,612,750,928",8,122.534849483532,"109,226,251,392,501,612,750,928",8,123.478953588288
"251,501,751",0.005,3,6990.46879336934,"250,251,500,501,502,515,747,751,756",0.00581143560357145,9,7098.62817055,"251,502,751",0.00468136980620072,3,6984.95436281334,"251,502,751",0.00451669999778379,3,6984.4287867855,"251,502,751",0.00451669999698798,3,6984.4287867855,"251,502,751",0.00451669999641955,3,6984.42878678551,"251,502,751",0.00451669999414581,3,6984.4287867855,"251,502,751",0.00451669999562374,3,6984.4287867855,"251,502,751",0.00451669999323631,3,6984.42878678549,"251,502,751",0.0045166999950553,3,6984.4287867855,"251,502,751",0.00451669999562374,3,6984.4287867855,"251,502,751",0.00451669999539636,3,6984.4287867855,"20,251,389,502,619,751,865",7,117.331201098703,"20,251,389,502,619,751,865",7,117.331201098703,"20,251,389,502,619,751,865",7,117.331201098703
"251,501,751",0.005,3,6976.53191945407,"251,254,256,475,477,484,488,490,501,511,517,533,751",0.00563281395809967,13,7121.36979789377,"251,501,751",0.00452626285114184,3,6973.36854644746,"251,501,751",0.00428745677685333,3,6971.67472130356,"251,501,751",0.00428745677577331,3,6971.67472130355,"251,501,751",0.00428745677753545,3,6971.67472130356,"251,501,751",0.00428745677691018,3,6971.67472130356,"251,501,751",0.00428745677730808,3,6971.67472130356,"251,501,751",0.00428745677753545,3,6971.67472130356,"251,501,751",0.00428745677736492,3,6971.67472130356,"251,501,751",0.00428745677770598,3,6971.67472130356,"251,501,751",0.0042874567766828,3,6971.67472130356,"82,251,409,501,597,602,751,856",8,95.8880900428438,"82,251,409,501,597,602,751,856",8,95.8880900428438,"82,251,409,501,597,602,751,856",8,95.8880900428438
"251,501,751",0.005,3,6984.76086882184,"251,393,477,488,490,491,500,501,516,545,548,751",0.00722658724934048,12,7140.59289085558,"251,501,751",0.00544154945793224,3,6980.6774776666,"251,501,751",0.00535002116544487,3,6980.52739052794,"251,501,751",0.00535002116067003,3,6980.52739052796,"251,501,751",0.00535002116499013,3,6980.52739052794,"251,501,751",0.00535002116396694,3,6980.52739052795,"251,501,751",0.00535002116533119,3,6980.52739052795,"251,501,751",0.00535002116919654,3,6980.52739052794,"251,501,751",0.00535002116010159,3,6980.52739052795,"251,501,751",0.00535002116271639,3,6980.52739052795,"251,501,751",0.00535002116794598,3,6980.52739052794,"152,251,421,501,616,751,852,957",8,114.546693134146,"152,251,421,501,616,751,852,954",8,114.71681816879,"152,251,421,501,616,751,954",7,114.88575110999
"251,501,751",0.005,3,6986.2803683769,"251,398,479,493,502,515,527,539,749,751",0.00694003878403273,10,7088.98624516521,"251,502,751",0.00545659049183607,3,6976.65454569131,"251,502,751",0.00523660340236085,3,6975.7149503331,"251,502,751",0.00523660340270191,3,6975.7149503331,"251,502,751",0.00523660340111029,3,6975.71495033311,"251,502,751",0.00523660340747676,3,6975.71495033311,"251,502,751",0.00523660339940499,3,6975.7149503331,"251,502,751",0.0052366033992913,3,6975.71495033311,"251,502,751",0.00523660339860918,3,6975.7149503331,"251,502,751",0.00523660340122398,3,6975.71495033311,"251,502,751",0.0052366033992913,3,6975.71495033311,"31,143,251,336,502,625,751,893",8,115.115919026262,"31,143,251,336,502,625,751,893",8,115.115919026262,"30,143,251,336,502,625,751,802,823,893",10,118.499183255033
"251,501,751",0.005,3,6956.36657945688,"247,250,251,259,497,498,503,507,508,748,751,752,757",0.00652251772670944,13,7130.86508754834,"247,251,497,507,751",0.00517607357768862,5,6969.5186020484,"251,497,507,751",0.00518929065307084,4,6958.04666514292,"251,507,751",0.00502265207671292,3,6954.70892568914,"251,507,751",0.00486669159297608,3,6952.33472197177,"251,507,751",0.00486669159183921,3,6952.33472197177,"251,507,751",0.00486669159081603,3,6952.33472197178,"251,507,751",0.00486669159331714,3,6952.33472197177,"251,507,751",0.0048666915884286,3,6952.33472197177,"251,507,751",0.00486669159161183,3,6952.33472197177,"251,507,751",0.0048666915927487,3,6952.33472197177,"160,251,359,503,576,751,902",7,84.7516199969677,"160,250,359,503,576,751,902",7,84.879105152281,"160,250,359,503,576,751,902",7,84.879105152281
"251,501,751",0.005,3,6919.44374872388,"245,249,251,254,500,501,502,504,752",0.00612751280654972,9,7035.58005512573,"251,500,504,752",0.00469309177114101,4,6916.75889185534,"251,500,752",0.00449585719475459,3,6907.11471481843,"251,500,752",0.00460276783058963,3,6906.29248458722,"251,500,752",0.00460276783218125,3,6906.29248458722,"251,500,752",0.0046027678300212,3,6906.29248458723,"251,500,752",0.00460276783093069,3,6906.29248458722,"251,500,752",0.00460276783104438,3,6906.29248458722,"251,500,752",0.00460276783161282,3,6906.29248458722,"251,500,752",0.004602767832636,3,6906.29248458722,"251,500,752",0.00460276783184019,3,6906.29248458722,"191,251,389,501,644,752,849",7,46.2068478061836,"191,251,389,501,644,752,849",7,46.2068478061836,"191,251,389,501,644,752,849",7,46.2068478061836
"251,501,751",0.005,3,6974.47981643635,"251,252,500,501,751,752,754,756",0.00606207761468383,8,7055.08085541305,"252,501,751,756",0.00508203562902587,4,6977.27299974514,"252,501,751,756",0.00501033068771467,4,6977.21030706376,"252,501,751,756",0.00501033069158002,4,6977.21030706374,"252,501,751",0.00612619441074999,3,6976.73594794925,"252,501,751",0.00512449943479968,3,6967.93318366195,"252,501,751",0.00512449943194685,3,6967.93318366194,"252,501,751",0.00512449943427655,3,6967.93318366195,"252,501,751",0.00512449943547026,3,6967.93318366194,"252,501,751",0.00512449943200991,3,6967.93318366194,"252,501,751",0.0051244994322586,3,6967.93318366195,"136,252,389,501,642,754,911",7,109.391385514862,"136,252,389,501,642,751,911",7,111.664313000143,"252,389,501,642,751,911",6,116.185922940536
"251,501,751",0.005,3,6989.96122960407,"250,490,501,504,508,510,751,771",0.00649763038037349,8,7097.70824973656,"250,501,751",0.00490785313737723,3,6981.57923832468,"250,501,751",0.00476629356466176,3,6980.35731603281,"250,501,751",0.00476629356579863,3,6980.3573160328,"250,501,751",0.00476629356534388,3,6980.3573160328,"250,501,751",0.00476629356761762,3,6980.35731603281,"250,501,751",0.00476629356670812,3,6980.35731603281,"250,501,751",0.00476629356375226,3,6980.35731603281,"250,501,751",0.004766293566026,3,6980.3573160328,"250,501,751",0.00476629356216065,3,6980.35731603281,"250,501,751",0.00476629356375226,3,6980.35731603281,"191,250,353,504,595,751,874",7,125.242063906675,"191,250,353,501,595,751,874",7,125.583235695528,"197,250,353,501,595,751,874",7,125.767031543244
"251,501,751",0.005,3,6972.33161993464,"226,251,253,254,494,496,501,502,504,510,748,750,751",0.00554804747899634,13,7110.25958628725,"254,502,750",0.00541232452746138,3,6977.7178725217,"254,502,750",0.0046750560298222,3,6962.74910132651,"254,502,750",0.00467505603095907,3,6962.74910132652,"254,502,750",0.00467505602823058,3,6962.74910132651,"254,502,750",0.00467505603004957,3,6962.74910132653,"254,502,750",0.0046750560298222,3,6962.74910132651,"254,502,750",0.00467505603164119,3,6962.74910132651,"254,502,750",0.00467505602732109,3,6962.74910132651,"254,502,750",0.00467505603118644,3,6962.74910132651,"254,502,750",0.00467505602845796,3,6962.74910132651,"93,251,341,502,592,750,894",7,84.4196537643436,"93,251,341,502,592,750,894",7,84.4196537643436,"88,226,238,251,341,502,592,750,894",9,88.4351786763947
"251,501,751",0.005,3,7054.18493291065,"250,489,494,501,526,532,750,751,753,755",0.00647377998461119,10,7154.15825981078,"250,501,753",0.00544274635668436,3,7038.86716336344,"250,501,753",0.005303389705911,3,7038.668924197,"250,501,753",0.00530338970541895,3,7038.668924197,"250,501,753",0.00530338970238671,3,7038.668924197,"250,501,753",0.0053033896995925,3,7038.668924197,"250,501,753",0.00530338970447926,3,7038.668924197,"250,501,753",0.00530338970220375,3,7038.668924197,"250,501,753",0.00530338970179163,3,7038.668924197,"250,501,753",0.00530338970286988,3,7038.668924197,"250,501,753",0.00530338970192308,3,7038.668924197,"143,250,343,501,659,753,895",7,182.692721135113,"143,250,343,501,659,753,895",7,182.692721135113,"143,250,343,501,659,753,895",7,182.692721135113
"251,501,751",0.005,3,6990.19095133733,"252,253,256,492,501,503,511,526,527,528,751",0.0065038240351744,11,7133.28353649129,"253,501,751",0.00485997337852424,3,6981.23968310524,"253,501,751",0.00479302895690062,3,6981.15403418323,"253,501,751",0.00479302896008385,3,6981.15403418322,"253,501,751",0.00479302896008385,3,6981.15403418323,"253,501,751",0.00479302896281234,3,6981.15403418323,"253,501,751",0.00479302896576819,3,6981.15403418324,"253,501,751",0.00479302895758274,3,6981.15403418323,"253,501,751",0.00479302895826486,3,6981.15403418323,"253,501,751",0.00479302896190284,3,6981.15403418323,"253,501,751",0.00479302896008385,3,6981.15403418322,"76,253,392,501,653,751,878",7,94.862872310867,"76,253,392,501,653,751,878",7,94.862872310867,"76,253,392,501,653,751,878",7,94.862872310867
"251,501,751",0.005,3,6926.98350560974,"251,487,500,507,512,745,751",0.00586514973632376,7,7005.69919406451,"251,500,751",0.00441359980908004,3,6908.78125194784,"251,500,751",0.00439324960524254,3,6908.76540825741,"251,500,751",0.00439324960626572,3,6908.76540825741,"251,500,751",0.00439324960603834,3,6908.76540825741,"251,500,751",0.00439324960546991,3,6908.76540825741,"251,500,751",0.00439324960546991,3,6908.76540825741,"251,500,751",0.00439324960626572,3,6908.76540825741,"251,500,751",0.00439324960649309,3,6908.76540825741,"251,500,751",0.00439324960478779,3,6908.76540825741,"251,500,751",0.00439324960501516,3,6908.76540825741,"76,251,402,500,621,751,807",7,44.5390824917878,"76,251,402,500,621,751,807",7,44.5390824917878,"76,251,402,500,621,751,807",7,44.5390824917878
"251,501,751",0.005,3,6950.790837783,"248,251,252,254,500,502,746,748,751,753",0.00482564279860298,10,7045.36516909386,"251,500,753",0.0044001916556091,3,6941.63644552626,"251,500,753",0.00417781082670906,3,6941.09953309567,"251,500,753",0.00417781082375321,3,6941.09953309568,"251,500,753",0.00417781082761856,3,6941.09953309567,"251,500,753",0.00417781082602694,3,6941.09953309568,"251,500,753",0.00417781082761856,3,6941.09953309567,"251,500,753",0.00417781083011967,3,6941.09953309567,"251,500,753",0.00417781082784593,3,6941.09953309567,"251,500,753",0.00417781082375321,3,6941.09953309568,"251,500,753",0.00417781082830068,3,6941.09953309567,"173,252,429,500,578,751,843",7,72.97075399536,"173,252,429,500,578,753,843",7,74.3324839073054,"173,252,429,500,578,753",6,76.8681341461577
"251,501,751",0.005,3,6965.75219185878,"251,501,502,521,749,750,751,766,769",0.00614269312980157,9,7069.52210243884,"251,501,750,769",0.00479457007351418,4,6966.40873612105,"251,501,750",0.00539508526991927,3,6964.70412133596,"251,501,750",0.00506610769994517,3,6963.45821832456,"251,501,750",0.00506610770472002,3,6963.45821832455,"251,501,750",0.00506610770085467,3,6963.45821832456,"251,501,750",0.00506610770562952,3,6963.45821832455,"251,501,750",0.0050661076997178,3,6963.45821832456,"251,501,750",0.00506610770085467,3,6963.45821832456,"251,501,750",0.00506610770108204,3,6963.45821832456,"251,501,750",0.00506610770199154,3,6963.45821832456,"65,251,375,501,674,750,769,927",8,109.630759038306,"65,251,375,501,674,751,835",7,115.867875457236,"65,251,375,501,674,751,835",7,115.867875457236
"251,501,751",0.005,3,6995.96320802549,"250,251,420,472,476,499,501,519,721,751,762",0.00703372007509115,11,7101.88143236083,"250,501,751",0.00620616264973233,3,6988.31516089924,"250,501,751",0.00602953990660492,3,6987.96773697679,"250,501,751",0.00602953990637755,3,6987.96773697679,"250,501,751",0.00602953990734389,3,6987.96773697679,"250,501,751",0.00602953990360643,3,6987.96773697679,"250,501,751",0.00602953990450172,3,6987.96773697679,"250,501,751",0.00602953990275378,3,6987.96773697679,"250,501,751",0.00602953990435961,3,6987.96773697679,"250,501,751",0.00602953990407539,3,6987.96773697679,"250,501,751",0.00602953990731547,3,6987.96773697679,"48,208,250,341,501,570,668,751,799,971",10,127.421526971914,"48,208,250,341,501,570,660,751,881",9,130.382586151164,"48,208,250,341,501,570,660,751,881,971",10,133.792977823912
"251,501,751",0.005,3,6967.41370952514,"251,493,499,501,507,508,525,748,751,805",0.00572148415799153,10,7065.39363395487,"251,501,751",0.00509050540634046,3,6965.52850238848,"251,501,751",0.00501114438703573,3,6965.24488161409,"251,501,751",0.00501114438257352,3,6965.24488161408,"251,501,751",0.00501114438416513,3,6965.24488161408,"251,501,751",0.00501114438976421,3,6965.24488161409,"251,501,751",0.00501114438572833,3,6965.24488161408,"251,501,751",0.00501114439064528,3,6965.24488161409,"251,501,751",0.00501114438808733,3,6965.24488161409,"251,501,751",0.00501114438677993,3,6965.24488161409,"251,501,751",0.00501114438939473,3,6965.24488161409,"168,251,338,501,586,751,832",7,105.12970293972,"168,251,338,501,586,751,832",7,105.12970293972,"168,251,336,501,586,751,832",7,105.180351705952
"251,501,751",0.005,3,6942.86221733147,"250,251,252,464,499,500,503,520,750,751",0.0063285877230915,10,7045.90589011437,"250,500,750",0.00521508791716873,3,6929.75792426181,"250,500,750",0.00502141116817882,3,6928.3368944988,"250,500,750",0.00502141116391557,3,6928.33689449879,"250,500,750",0.005021411169202,3,6928.3368944988,"250,500,750",0.0050214111670988,3,6928.3368944988,"250,500,750",0.00502141116675774,3,6928.3368944988,"250,500,750",0.00502141116874726,3,6928.3368944988,"250,500,750",0.00502141116772408,3,6928.3368944988,"250,500,750",0.00502141116968517,3,6928.3368944988,"250,500,750",0.00502141116655879,3,6928.33689449879,"115,250,337,500,589,750,905",7,64.2248822828342,"115,250,337,500,589,750,905",7,64.2248822828342,"115,250,337,500,589,750,905",7,64.2248822828342
"251,501,751",0.005,3,7054.61817807467,"246,250,252,256,490,501,520,750,751",0.00648048196627123,9,7192.22372595928,"252,501,751",0.00483438469653873,3,7051.46545454164,"252,501,751",0.00460790980993761,3,7050.88189613922,"252,501,751",0.00460790980561751,3,7050.88189613923,"252,501,751",0.00460790981039235,3,7050.88189613922,"252,501,751",0.00460790980834599,3,7050.88189613923,"252,501,751",0.00460790980379852,3,7050.88189613923,"252,501,751",0.00460790980948286,3,7050.88189613921,"252,501,751",0.00460790980539013,3,7050.88189613923,"252,501,751",0.00460790981061973,3,7050.88189613921,"252,501,751",0.0046079098108471,3,7050.88189613922,"89,252,356,501,535,723,751,917",8,170.152188308351,"89,252,356,501,535,723,750,841",8,172.577183137097,"89,252,356,501,535,725,750,841",8,172.934613991245
"251,501,751",0.005,3,6863.45975731845,"247,249,252,253,438,485,490,499,500,501,749,751,752",0.0060754202030277,13,7009.65330329527,"247,252,499,501,752",0.0050687370421507,5,6881.06441747167,"252,499,501,752",0.00515825644149451,4,6872.06119032604,"252,499,501,752",0.00505141949434694,4,6870.76881053095,"252,499,752",0.00489726491473775,3,6858.82322349828,"252,499,752",0.00501073428648106,3,6858.51561830234,"252,499,752",0.00501073428776003,3,6858.51561830234,"252,499,752",0.00501073428671554,3,6858.51561830234,"252,499,752",0.00501073428691449,3,6858.51561830234,"252,499,752",0.00501073428773872,3,6858.51561830234,"252,499,752",0.00501073428789504,3,6858.51561830234,"87,252,350,500,574,677,752,860",8,-8.89448463722739,"87,252,350,499,574,677,752,860",8,-8.55607647261844,"87,252,350,499,574,677,752,860",8,-8.55607647261844
"251,501,751",0.005,3,6964.49017160449,"250,251,253,411,427,490,499,505,511,533,752",0.00615781831558891,11,7063.07481002532,"250,499,752",0.00550671537039599,3,6953.988007129,"250,499,752",0.0051141886092051,3,6951.88179230824,"250,499,752",0.00511418861022828,3,6951.88179230825,"250,499,752",0.0051141886100009,3,6951.88179230825,"250,499,752",0.00511418860784085,3,6951.88179230825,"250,499,752",0.00511418861204727,3,6951.88179230824,"250,499,752",0.00511418860909141,3,6951.88179230825,"250,499,752",0.00511418861068302,3,6951.88179230825,"250,499,752",0.00511418860840929,3,6951.88179230825,"250,499,752",0.00511418861250201,3,6951.88179230824,"58,251,380,499,616,752,878",7,79.0434878202237,"58,251,380,499,616,752,878",7,79.0434878202237,"58,251,380,499,616,752,878",7,79.0434878202237
"251,501,751",0.005,3,6960.64160634346,"251,485,501,502,506,519,751,756,757",0.00701115545969188,9,7062.16468270874,"251,485,502,751,756",0.00581522827928573,5,6971.564284328,"251,502,751",0.00548279397726804,3,6947.77112306022,"251,502,751",0.00534988834190542,3,6947.50892466206,"251,502,751",0.00534988834059802,3,6947.50892466207,"251,502,751",0.00534988834389494,3,6947.50892466206,"251,502,751",0.00534988834395179,3,6947.50892466207,"251,502,751",0.00534988834332651,3,6947.50892466206,"251,502,751",0.00534988834332651,3,6947.50892466207,"251,502,751",0.00534988834110962,3,6947.50892466207,"251,502,751",0.00534988834128015,3,6947.50892466207,"85,251,355,506,553,664,756,926",8,91.8204153234129,"85,251,355,502,608,751,926",7,94.3509599287259,"85,251,355,502,608,751,926",7,94.3509599287259
"251,501,751",0.005,3,6975.99058072076,"251,252,434,490,501,503,506,512,741,749,751,755",0.00571745032299025,12,7113.02190631279,"251,501,751",0.00446665516445002,3,6971.23487448514,"251,501,751",0.00436499024258049,3,6970.50689080576,"251,501,751",0.00436499024326261,3,6970.50689080576,"251,501,751",0.00436499024348998,3,6970.50689080576,"251,501,751",0.00436499024394473,3,6970.50689080576,"251,501,751",0.00436499024439948,3,6970.50689080576,"251,501,751",0.00436499024360367,3,6970.50689080575,"251,501,751",0.00436499024451317,3,6970.50689080577,"251,501,751",0.00436499024371736,3,6970.50689080576,"251,501,751",0.00436499024269418,3,6970.50689080576,"71,251,368,501,664,751,877",7,100.340059747147,"71,251,368,501,664,751,877",7,100.340059747147,"71,251,368,501,664,751,877",7,100.340059747147
"251,501,751",0.005,3,6962.27069915604,"240,247,249,251,252,483,501,507,752",0.00641549264392273,9,7103.03121028787,"251,501,752",0.00481712841189505,3,6956.36648359986,"251,501,752",0.00464711422879467,3,6956.04041901465,"251,501,752",0.00464711422379245,3,6956.04041901465,"251,501,752",0.00464711422629356,3,6956.04041901465,"251,501,752",0.00464711422561143,3,6956.04041901465,"251,501,752",0.00464711422811255,3,6956.04041901465,"251,501,752",0.0046471142267483,3,6956.04041901465,"251,501,752",0.00464711422538406,3,6956.04041901465,"251,501,752",0.00464711422743042,3,6956.04041901465,"251,501,752",0.00464711422356507,3,6956.04041901465,"174,252,438,501,665,752,919",7,95.0850048613421,"174,252,438,501,665,752,919",7,95.0850048613421,"174,252,438,501,665,752,820",7,96.3543486088557
"251,501,751",0.005,3,6959.57637457883,"246,252,263,266,476,495,501,751",0.00657443324252663,8,7057.74673324275,"252,501,751",0.0055783175065919,3,6954.73351369285,"252,501,751",0.0051774501682584,3,6952.9130134309,"252,501,751",0.00517745016848577,3,6952.9130134309,"252,501,751",0.00517745016689415,3,6952.9130134309,"252,501,751",0.00517745016746259,3,6952.91301343089,"252,501,751",0.0051774501673489,3,6952.9130134309,"252,501,751",0.00517745016496148,3,6952.91301343089,"252,501,751",0.00517745016803102,3,6952.9130134309,"252,501,751",0.00517745016723521,3,6952.9130134309,"252,501,751",0.00517745016530254,3,6952.91301343089,"67,246,266,392,501,642,751,824",8,93.717972184517,"67,252,266,392,501,642,751,824",8,97.4628941780576,"67,252,266,392,501,646,751,824",8,97.4707709310485
"251,501,751",0.005,3,6954.33920601886,"246,248,250,494,501,751,752,753",0.00515776289609088,8,7034.96397373806,"250,501,751",0.00418685091846111,3,6940.61921645361,"250,501,751",0.00405693149151392,3,6940.3454632822,"250,501,751",0.00405693149060442,3,6940.3454632822,"250,501,751",0.00405693149537927,3,6940.3454632822,"250,501,751",0.00405693149287816,3,6940.3454632822,"250,501,751",0.00405693149196866,3,6940.3454632822,"250,501,751",0.00405693149378765,3,6940.3454632822,"250,501,751",0.00405693149151392,3,6940.3454632822,"250,501,751",0.00405693149810775,3,6940.3454632822,"250,501,751",0.00405693149219604,3,6940.3454632822,"185,250,401,501,554,751,966",7,65.6776729803056,"185,250,401,501,554,751,966",7,65.6776729803056,"185,250,401,501,554,751,966",7,65.6776729803056
"251,501,751",0.005,3,6951.82346971766,"249,251,467,494,500,519,741,751,752",0.00602623498466398,9,7034.46205729963,"249,500,751",0.00540840222475982,3,6945.31797180268,"249,500,751",0.00523790259810668,3,6944.90682140122,"249,500,751",0.00523790259816352,3,6944.90682140122,"249,500,751",0.0052379025983909,3,6944.90682140121,"249,500,751",0.00523790259847616,3,6944.90682140122,"249,500,751",0.00523790259858985,3,6944.90682140122,"249,500,751",0.00523790259768035,3,6944.90682140121,"249,500,751",0.00523790259895933,3,6944.90682140121,"249,500,751",0.0052379025978793,3,6944.90682140122,"249,500,751",0.00523790259810668,3,6944.90682140122,"83,249,367,500,643,751,864",7,87.6157792260052,"83,249,367,500,643,751,864",7,87.6157792260052,"158,249,367,500,643,751,864",7,87.9617668369475
"251,501,751",0.005,3,6895.3599921984,"251,469,501,502,751",0.00647957491705467,5,6935.88830611441,"251,501,751",0.00536758391694853,3,6882.63960393616,"251,501,751",0.00527294291812382,3,6882.10175929445,"251,501,751",0.00527294292062493,3,6882.10175929446,"251,501,751",0.00527294292119337,3,6882.10175929445,"251,501,751",0.00527294292085231,3,6882.10175929445,"251,501,751",0.00527294292164812,3,6882.10175929445,"251,501,751",0.00527294291869226,3,6882.10175929445,"251,501,751",0.00527294291846488,3,6882.10175929445,"251,501,751",0.00527294291891963,3,6882.10175929445,"251,501,751",0.005272942920966,3,6882.10175929446,"132,251,372,501,628,751,850",7,17.7572352060266,"132,251,372,501,628,751,850",7,17.7572352060266,"132,251,372,501,628,751,850",7,17.7572352060266
"251,501,751",0.005,3,6926.94015365562,"249,250,251,494,501,749,751,752,759",0.00678535740156569,9,7037.80624265399,"249,501,751",0.005936879272929,3,6923.48560933708,"249,501,751",0.00558776561135074,3,6922.4009515737,"249,501,751",0.00558776561044124,3,6922.4009515737,"249,501,751",0.00558776561413606,3,6922.4009515737,"249,501,751",0.00558776561419291,3,6922.40095157369,"249,501,751",0.00558776561277182,3,6922.40095157369,"249,501,751",0.00558776561197601,3,6922.4009515737,"249,501,751",0.00558776561316973,3,6922.4009515737,"249,501,751",0.00558776561527293,3,6922.4009515737,"249,501,751",0.00558776561407922,3,6922.4009515737,"123,249,313,465,501,579,751,873",8,62.8931308147884,"123,251,343,501,579,751,873",7,66.3828253127347,"123,251,343,501,579,751,873",7,66.3828253127347
"251,501,751",0.005,3,7034.26035217529,"250,251,492,501,502,504,505,523,540,747,751,752,755",0.00710637705924628,13,7199.65721397308,"251,501,751",0.00577823840984224,3,7030.34391562504,"251,501,751",0.00565793415189784,3,7030.19302257285,"251,501,751",0.00565793415439895,3,7030.19302257285,"251,501,751",0.00565793415235259,3,7030.19302257285,"251,501,751",0.0056579341539442,3,7030.19302257284,"251,501,751",0.00565793415599057,3,7030.19302257285,"251,501,751",0.00565793415326208,3,7030.19302257285,"251,501,751",0.00565793415462632,3,7030.19302257285,"251,501,751",0.00565793415462632,3,7030.19302257284,"251,501,751",0.00565793415576319,3,7030.19302257285,"72,251,443,501,598,702,751,839",8,155.992265122837,"72,251,443,501,598,702,751,839",8,155.992265122837,"72,251,443,501,598,702,751,839",8,155.992265122837
"251,501,751",0.005,3,7095.52672415826,"251,500,502,509,511,752",0.0075711890872217,6,7189.91898822601,"251,502,752",0.00574428527758545,3,7084.88100764563,"251,502,752",0.00571556774017421,3,7084.87338907894,"251,502,752",0.00571556773952051,3,7084.87338907894,"251,502,752",0.00571556773838364,3,7084.87338907894,"251,502,752",0.00571556773821311,3,7084.87338907893,"251,502,752",0.0057155677383268,3,7084.87338907893,"251,502,752",0.00571556773855417,3,7084.87338907894,"251,502,752",0.00571556773716151,3,7084.87338907894,"251,502,752",0.00571556773829838,3,7084.87338907893,"251,502,752",0.00571556773784363,3,7084.87338907894,"169,251,375,502,638,752,890",7,216.183410010942,"169,251,375,502,638,752,890",7,216.183410010942,"169,251,375,502,638,752,890",7,216.183410010942
"251,501,751",0.005,3,7001.98170481293,"251,253,467,501,524,744,745,751",0.00700799845362792,8,7062.40001123611,"253,501,751",0.0063301926885934,3,6988.09580251619,"253,501,751",0.00620905709013415,3,6987.94048703577,"253,501,751",0.00620905708987835,3,6987.94048703578,"253,501,751",0.00620905708970782,3,6987.94048703576,"253,501,751",0.00620905708868464,3,6987.94048703577,"253,501,751",0.00620905708963677,3,6987.94048703577,"253,501,751",0.00620905709146997,3,6987.94048703578,"253,501,751",0.00620905709262104,3,6987.94048703577,"253,501,751",0.00620905709084469,3,6987.94048703577,"253,501,751",0.00620905709117154,3,6987.94048703577,"100,253,412,501,572,682,751,906",8,131.146633311252,"100,253,412,501,572,647,751,906",8,135.906773913978,"100,253,412,501,647,751,906",7,138.334634659844
"251,501,751",0.005,3,6977.56372351775,"251,252,499,501,751",0.00644963998845761,5,7039.59857679824,"252,499,501,751",0.00509909195270604,4,6985.51187281422,"252,501,751",0.00501283273956687,3,6975.93620902181,"252,501,751",0.00504967887979534,3,6973.68204618862,"252,501,751",0.00504967887877216,3,6973.68204618862,"252,501,751",0.00504967887854479,3,6973.68204618862,"252,501,751",0.00504967887831741,3,6973.68204618862,"252,501,751",0.00504967887797635,3,6973.68204618862,"252,501,751",0.00504967887809004,3,6973.68204618863,"252,501,751",0.00504967887513418,3,6973.68204618862,"252,501,751",0.00504967887763529,3,6973.68204618862,"133,252,346,501,605,751,801,976",8,118.393936979225,"133,252,346,501,605,751,900",7,118.363259988804,"133,252,346,501,605,751,900",7,118.363259988804
"251,501,751",0.005,3,7049.27032252447,"250,251,263,497,501,510,519,742,745,746,747,751,752",0.00510325773373154,13,7185.53806905849,"251,501,746,751",0.00444306425712946,4,7054.46098743415,"251,501,746,751",0.00429804309934777,4,7054.21884256252,"251,501,746",0.004935458794454,3,7047.13605053992,"251,501,746",0.00441426327555488,3,7044.58999125107,"251,501,746",0.00441426327470223,3,7044.58999125107,"251,501,746",0.00441426327595278,3,7044.58999125106,"251,501,746",0.00441426327447486,3,7044.58999125107,"251,501,746",0.0044142632719169,3,7044.58999125107,"251,501,746",0.00441426327055266,3,7044.58999125107,"251,501,746",0.00441426327458854,3,7044.58999125107,"155,251,431,501,664,747,908",7,174.387554700601,"155,251,431,501,664,751,908",7,174.786868621271,"155,251,431,501,664,751,908",7,174.786868621271
"251,501,751",0.005,3,6888.61606356958,"251,461,474,499,500,501,504,506,511,520,524,751,752",0.00645742418457374,13,7054.80803390542,"251,500,751",0.00496304758759932,3,6885.46493583588,"251,500,751",0.00492062006531644,3,6885.26044482888,"251,500,751",0.00492062006668068,3,6885.26044482888,"251,500,751",0.00492062006577119,3,6885.26044482888,"251,500,751",0.00492062006906811,3,6885.26044482888,"251,500,751",0.00492062006702175,3,6885.26044482888,"251,500,751",0.00492062006929548,3,6885.26044482889,"251,500,751",0.00492062006673753,3,6885.26044482888,"251,500,751",0.0049206200686702,3,6885.26044482888,"251,500,751",0.00492062006747649,3,6885.26044482889,"125,251,373,500,635,751,892",7,29.8559137403338,"125,251,373,500,635,751,892",7,29.8559137403338,"125,251,373,500,635,751,892",7,29.8559137403338
"251,501,751",0.005,3,6968.14149615375,"251,252,486,489,497,500,746,751,753,836",0.00570565043164305,10,7074.58247580429,"251,500,751",0.00490591448283722,3,6960.7161419809,"251,500,751",0.00477940309499417,3,6960.51593240146,"251,500,751",0.00477940309476679,3,6960.51593240145,"251,500,751",0.00477940309340255,3,6960.51593240145,"251,500,751",0.00477940309090144,3,6960.51593240144,"251,500,751",0.00477940310067851,3,6960.51593240146,"251,500,751",0.00477940310204275,3,6960.51593240147,"251,500,751",0.00477940309362992,3,6960.51593240145,"251,500,751",0.0047794030972679,3,6960.51593240146,"251,500,751",0.00477940309544891,3,6960.51593240145,"119,251,360,500,537,717,751,857",8,76.7665907227406,"119,252,360,500,537,717,751,857",8,78.5413510912983,"119,252,360,500,537,717,751,857",8,78.5413510912983
"251,501,751",0.005,3,6898.81896516425,"244,248,251,466,501,503,508,518,751,752,753",0.00714925389218363,11,7005.83213598775,"251,501,503,753",0.00648521231650195,4,6895.53130370567,"251,501,503,753",0.00629480973650473,4,6894.73639938305,"251,503,753",0.00627684480128962,3,6884.77773804783,"251,503,753",0.00624585215229763,3,6883.14590337028,"251,503,753",0.00624585215457136,3,6883.14590337028,"251,503,753",0.00624585215138813,3,6883.14590337029,"251,503,753",0.00624585215002389,3,6883.14590337028,"251,503,753",0.00624585215366187,3,6883.14590337028,"251,503,753",0.00624585215161551,3,6883.14590337027,"251,503,753",0.00624585215138813,3,6883.14590337028,"74,244,307,410,503,564,693,753,911",9,23.0492478401609,"74,251,307,410,503,573,693,753,911",9,24.54610834348,"74,251,307,410,503,573,693,753,911",9,24.54610834348
"251,501,751",0.005,3,6934.84717588725,"251,252,493,501,518,751,756",0.00663136744575398,7,7002.18565621037,"251,501,751",0.00587112601088587,3,6930.50527757201,"251,501,751",0.00576044513525125,3,6930.37046831719,"251,501,751",0.00576044513542178,3,6930.37046831719,"251,501,751",0.00576044513479651,3,6930.37046831719,"251,501,751",0.00576044513388701,3,6930.37046831719,"251,501,751",0.0057604451353081,3,6930.37046831718,"251,501,751",0.00576044513303436,3,6930.37046831719,"251,501,751",0.00576044513263646,3,6930.37046831719,"251,501,751",0.0057604451317838,3,6930.37046831719,"251,501,751",0.00576044513411438,3,6930.37046831719,"115,251,445,501,600,751,874",7,70.7128244674081,"115,251,445,501,600,751,874",7,70.7128244674081,"115,251,445,501,600,751,874",7,70.7128244674081
"251,501,751",0.005,3,6981.03509633102,"247,250,251,492,494,496,500,501,502,750",0.00740665947302786,10,7147.20741076072,"251,502,750",0.00554748587763185,3,6974.98271213151,"251,502,750",0.00540929045441178,3,6974.68389489061,"251,502,750",0.00540929045395703,3,6974.6838948906,"251,502,750",0.00540929045316122,3,6974.68389489061,"251,502,750",0.0054092904603235,3,6974.68389489062,"251,502,750",0.00540929045748132,3,6974.68389489061,"251,502,750",0.00540929045839082,3,6974.68389489061,"251,502,750",0.00540929045634446,3,6974.68389489061,"251,502,750",0.00540929045873188,3,6974.68389489061,"251,502,750",0.00540929045293385,3,6974.68389489061,"107,251,335,502,514,674,750,869",8,107.588189325982,"107,251,335,502,514,674,750,869",8,107.588189325982,"107,251,335,502,674,750,869",7,109.344181314526
"251,501,751",0.005,3,6978.41831987719,"247,248,251,274,470,486,498,501,505,506,751,752",0.0058201842189916,12,7107.04267952746,"251,501,751",0.00512534787820259,3,6974.81139348999,"251,501,751",0.00507836133651898,3,6974.75304539215,"251,501,751",0.00507836133583686,3,6974.75304539215,"251,501,751",0.00507836133765585,3,6974.75304539215,"251,501,751",0.00507836133867903,3,6974.75304539215,"251,501,751",0.0050783613381106,3,6974.75304539215,"251,501,751",0.00507836133560948,3,6974.75304539215,"251,501,751",0.00507836133572317,3,6974.75304539215,"251,501,751",0.00507836133560948,3,6974.75304539215,"251,501,751",0.00507836133674635,3,6974.75304539215,"124,251,417,501,608,751,912",7,117.659058796308,"124,251,417,501,608,751,912",7,117.659058796308,"124,251,417,501,608,751,912",7,117.659058796308
"251,501,751",0.005,3,6943.54505646733,"250,252,499,503,738,745,751,755",0.00493347493063312,8,7016.51816593366,"252,499,751",0.00408514559211064,3,6927.76925514319,"252,499,751",0.00396878173519375,3,6927.46233618774,"252,499,751",0.00396878173837698,3,6927.46233618774,"252,499,751",0.00396878174224233,3,6927.46233618774,"252,499,751",0.00396878173996859,3,6927.46233618773,"252,499,751",0.00396878173928647,3,6927.46233618774,"252,499,751",0.0039687817381496,3,6927.46233618774,"252,499,751",0.00396878174156021,3,6927.46233618773,"252,499,751",0.00396878173860435,3,6927.46233618774,"252,499,751",0.00396878174178758,3,6927.46233618774,"74,252,444,499,604,751,874",7,65.5745372494324,"74,252,444,499,604,751,874",7,65.5745372494324,"74,252,444,499,604,751,874",7,65.5745372494324
"251,501,751",0.005,3,6955.22332460409,"250,251,252,501,503,508,522,529,543,751,752",0.00584794340034522,11,7078.69656853038,"251,503,751",0.00461590170394572,3,6952.13771268416,"251,503,751",0.00452642646080879,3,6950.92486162934,"251,503,751",0.00452642646006983,3,6950.92486162934,"251,503,751",0.00452642645961508,3,6950.92486162934,"251,503,751",0.00452642645887612,3,6950.92486162934,"251,503,751",0.00452642645745503,3,6950.92486162934,"251,503,751",0.00452642645927402,3,6950.92486162934,"251,503,751",0.00452642645967192,3,6950.92486162934,"251,503,751",0.00452642645864874,3,6950.92486162935,"251,503,751",0.00452642646058142,3,6950.92486162934,"63,251,453,503,679,751,883",7,88.6401016948793,"63,251,453,503,679,751,883",7,88.6401016948793,"63,251,453,503,582,751,883",7,89.5868686791247
"251,501,751",0.005,3,6869.60348203067,"244,251,462,493,501,532,751",0.00536175545985476,7,6916.10819935747,"244,251,501,751",0.00452683086773031,4,6869.55104488254,"251,501,751",0.00478310600824749,3,6863.01545762586,"251,501,751",0.00455599383481531,3,6862.06340017224,"251,501,751",0.00455599383762906,3,6862.06340017224,"251,501,751",0.00455599383885119,3,6862.06340017224,"251,501,751",0.00455599383657745,3,6862.06340017224,"251,501,751",0.00455599383950489,3,6862.06340017224,"251,501,751",0.00455599383788485,3,6862.06340017224,"251,501,751",0.00455599384132388,3,6862.06340017224,"251,501,751",0.00455599383623639,3,6862.06340017223,"95,251,393,501,606,751,935",7,-6.8524988855782,"95,244,251,393,501,606,751,935",8,-4.1681799504459,"95,244,251,393,501,606,751,935",8,-4.1681799504459
"251,501,751",0.005,3,6971.34864005333,"241,249,250,252,439,493,501,751,752",0.00552542836524291,9,7063.9481764258,"252,501,752",0.00483534149679271,3,6962.1492147495,"252,501,752",0.00443293772834224,3,6960.37849904808,"252,501,752",0.00443293772854119,3,6960.37849904808,"252,501,752",0.00443293772893909,3,6960.37849904808,"252,501,752",0.00443293772901015,3,6960.37849904808,"252,501,752",0.00443293772706326,3,6960.37849904809,"252,501,752",0.0044329377294791,3,6960.37849904809,"252,501,752",0.00443293773024649,3,6960.37849904808,"252,501,752",0.00443293773030333,3,6960.37849904808,"252,501,752",0.0044329377294791,3,6960.37849904808,"132,252,403,501,604,752,847",7,100.238537659925,"132,252,403,501,604,752,847",7,100.238537659925,"132,252,403,501,604,752,847",7,100.238537659925
"251,501,751",0.005,3,6994.54584626797,"236,243,244,250,436,488,493,499,503,505,749,750",0.00692138499825424,12,7152.71204767556,"250,499,749",0.00529064231140851,3,6979.29008327175,"250,499,749",0.00489946559457001,3,6977.10922170531,"250,499,749",0.00489946559641743,3,6977.10922170531,"250,499,749",0.0048994655975685,3,6977.10922170531,"250,499,749",0.00489946559012202,3,6977.10922170532,"250,499,749",0.00489946559159995,3,6977.10922170531,"250,499,749",0.00489946558952516,3,6977.10922170531,"250,499,749",0.00489946558463663,3,6977.10922170532,"250,499,749",0.00489946559347578,3,6977.1092217053,"250,499,749",0.00489946559309209,3,6977.10922170531,"72,236,250,345,499,578,749,883",8,122.186951798097,"72,236,250,345,499,578,749,883",8,122.186951798097,"72,236,250,345,499,578,749,961",8,124.998595573042
"251,501,751",0.005,3,7048.01043643527,"174,250,258,480,481,499,501,751",0.00570413164947749,8,7112.11276894173,"250,501,751",0.00529919290528103,3,7043.24275908805,"250,501,751",0.00516620319622906,3,7042.81014169886,"250,501,751",0.00516620319600169,3,7042.81014169886,"250,501,751",0.00516620319281845,3,7042.81014169886,"250,501,751",0.00516620319008997,3,7042.81014169886,"250,501,751",0.00516620319645643,3,7042.81014169886,"250,501,751",0.00516620319691118,3,7042.81014169886,"250,501,751",0.00516620319577431,3,7042.81014169887,"250,501,751",0.00516620319577431,3,7042.81014169886,"250,501,751",0.00516620319827542,3,7042.81014169886,"174,250,364,501,630,751,982",7,172.074908268971,"174,250,364,501,630,751,982",7,172.074908268971,"174,250,364,501,630,751,837",7,174.189120878587
"251,501,751",0.005,3,6938.71257144408,"249,251,461,494,499,501,503,749,754,758",0.00603323604027622,10,7046.21063939966,"249,501,749",0.00538798390025693,3,6932.2786973391,"249,501,749",0.00500709580954238,3,6930.43469049096,"249,501,749",0.00500709580976975,3,6930.43469049096,"249,501,749",0.00500709580829182,3,6930.43469049097,"249,501,749",0.00500709581090662,3,6930.43469049096,"249,501,749",0.00500709580976975,3,6930.43469049096,"249,501,749",0.00500709580931501,3,6930.43469049096,"249,501,749",0.00500709580749602,3,6930.43469049097,"249,501,749",0.00500709580976975,3,6930.43469049096,"249,501,749",0.0050070958085192,3,6930.43469049097,"165,251,436,501,661,749,848",7,65.6033530662924,"165,249,436,501,661,749,848",7,66.5861005168269,"165,249,436,501,661,749,848",7,66.5861005168269
"251,501,751",0.005,3,6878.31507802616,"210,214,245,247,250,251,488,501,502,503,510,751,752",0.00655165884703396,13,7041.10525102807,"251,502,752",0.00591925000831129,3,6877.309707968,"251,502,752",0.00531029701891089,3,6872.01331400812,"251,502,752",0.0053102970195788,3,6872.01331400812,"251,502,752",0.00531029701872615,3,6872.01331400812,"251,502,752",0.00531029701815772,3,6872.01331400812,"251,502,752",0.00531029702553315,3,6872.01331400812,"251,502,752",0.0053102970249363,3,6872.01331400812,"251,502,752",0.00531029702254887,3,6872.01331400812,"251,502,752",0.00531029702226465,3,6872.01331400811,"251,502,752",0.00531029702109936,3,6872.01331400811,"147,250,351,502,612,751,892",7,15.5493714348076,"147,251,351,502,612,752,892",7,15.9930874616404,"147,251,351,502,612,752,892",7,15.9930874616404
"251,501,751",0.005,3,6973.74087576732,"248,250,251,260,467,497,501,505,750,754,759",0.00674007080509406,11,7074.0638974925,"251,501,754",0.00612455700595682,3,6959.57817113605,"251,501,754",0.00570706443579857,3,6957.38144719671,"251,501,754",0.00570706443733334,3,6957.3814471967,"251,501,754",0.00570706443528698,3,6957.38144719669,"251,501,754",0.00570706443511645,3,6957.3814471967,"251,501,754",0.00570706443687859,3,6957.3814471967,"251,501,754",0.00570706443693544,3,6957.3814471967,"251,501,754",0.00570706443511645,3,6957.38144719668,"251,501,754",0.0057070644359691,3,6957.3814471967,"251,501,754",0.00570706443397958,3,6957.3814471967,"104,251,345,501,579,754,890",7,102.115237768196,"104,251,345,501,579,754,890",7,102.115237768196,"104,251,345,501,579,754,890",7,102.115237768196
"251,501,751",0.005,3,6974.34246868888,"237,252,257,501,505,508,512,522,530,542,751",0.00585667214285955,11,7069.69146783174,"252,501,751",0.00511048630072239,3,6961.93301539816,"252,501,751",0.00485255534998737,3,6959.43138663614,"252,501,751",0.00485255535157898,3,6959.43138663614,"252,501,751",0.00485255534967473,3,6959.43138663614,"252,501,751",0.00485255534876523,3,6959.43138663614,"252,501,751",0.00485255535118108,3,6959.43138663613,"252,501,751",0.0048525553501579,3,6959.43138663614,"252,501,751",0.00485255535078317,3,6959.43138663614,"252,501,751",0.0048525553508116,3,6959.43138663614,"252,501,751",0.00485255534927682,3,6959.43138663614,"89,237,257,460,501,629,751,834",8,97.4417131413316,"89,252,407,505,584,751,834",7,98.9326931819617,"89,252,460,501,584,751,834",7,98.2511257959325
"251,501,751",0.005,3,6996.84318540026,"251,501,505,522,595,607,744,751",0.00676395515223282,8,7080.62743460012,"251,501,751",0.00581550831892996,3,7001.15067349814,"251,501,751",0.00537484410828074,3,6995.76017878109,"251,501,751",0.00537484411078185,3,6995.76017878109,"251,501,751",0.00537484410282377,3,6995.76017878107,"251,501,751",0.00537484411714831,3,6995.76017878108,"251,501,751",0.00537484410577963,3,6995.76017878108,"251,501,751",0.00537484410509751,3,6995.76017878108,"251,501,751",0.00537484411373771,3,6995.76017878108,"251,501,751",0.00537484411055448,3,6995.76017878109,"251,501,751",0.00537484410828074,3,6995.76017878108,"42,157,251,401,501,639,751,918",8,136.404548217545,"117,251,401,501,639,751,918",7,137.249255370756,"117,251,401,501,639,751,918",7,137.249255370756
"251,501,751",0.005,3,6896.25829558522,"235,250,253,489,501,528,535,737,751,752",0.00620946159635331,10,6990.61840795343,"253,501,752",0.00553922371121283,3,6887.90417902751,"253,501,752",0.00524675597410095,3,6886.809573365,"253,501,752",0.00524675597381674,3,6886.809573365,"253,501,752",0.00524675597452728,3,6886.809573365,"253,501,752",0.00524675597486834,3,6886.809573365,"253,501,752",0.00524675597367463,3,6886.809573365,"253,501,752",0.00524675597387358,3,6886.809573365,"253,501,752",0.00524675597483992,3,6886.809573365,"253,501,752",0.00524675597361779,3,6886.809573365,"253,501,752",0.00524675597410095,3,6886.809573365,"191,253,384,501,604,752,917",7,25.0371557364179,"191,250,319,501,604,752,917",7,27.8350644085292,"191,250,319,501,604,752,917",7,27.8350644085292
"251,501,751",0.005,3,6910.74293244999,"246,251,253,501,511,751",0.00680520804380813,6,6984.80120568985,"251,501,751",0.00555296097155444,3,6906.70123249519,"251,501,751",0.0055081695016427,3,6906.67892081601,"251,501,751",0.00550816950073321,3,6906.67892081602,"251,501,751",0.00550816950005109,3,6906.67892081601,"251,501,751",0.00550816950027846,3,6906.67892081601,"251,501,751",0.00550816950118795,3,6906.67892081602,"251,501,751",0.00550816949959634,3,6906.67892081601,"251,501,751",0.0055081695025522,3,6906.67892081601,"251,501,751",0.00550816950232482,3,6906.67892081601,"251,501,751",0.00550816950209745,3,6906.67892081601,"117,251,396,501,656,751,863,966",8,55.0548392460452,"117,251,396,501,656,751,916",7,56.752982724268,"117,251,396,501,656,751,916",7,56.752982724268
"251,501,751",0.005,3,7043.60848123945,"250,251,273,497,498,499,501,549,749,751,753,754,755,757",0.00510501200594853,14,7210.113668072,"251,498,749",0.00362775759115425,3,7031.43048968644,"251,498,749",0.00365192112692383,3,7030.3513275837,"251,498,749",0.00365192113849147,3,7030.35132758369,"251,498,749",0.00365192113221027,3,7030.35132758369,"251,498,749",0.00365192113061865,3,7030.35132758371,"251,498,749",0.00365192113078918,3,7030.3513275837,"251,498,749",0.00365192113201132,3,7030.3513275837,"251,498,749",0.00365192113306292,3,7030.3513275837,"251,498,749",0.00365192113294923,3,7030.35132758371,"251,498,749",0.00365192113587667,3,7030.35132758369,"126,251,282,499,749,921",6,139.230078512916,"126,251,282,499,749,921",6,139.230078512916,"126,251,282,499,749,921",6,139.230078512916
"251,501,751",0.005,3,6938.79154989358,"250,251,254,499,501,503,591,750,751",0.00520649125258568,9,7015.53552716101,"251,501,751",0.00450057185013707,3,6930.00094706708,"251,501,751",0.00441832231826293,3,6929.79929933239,"251,501,751",0.00441832231797872,3,6929.79929933238,"251,501,751",0.00441832232281041,3,6929.79929933238,"251,501,751",0.00441832231888821,3,6929.79929933238,"251,501,751",0.00441832232565258,3,6929.79929933237,"251,501,751",0.00441832232025245,3,6929.79929933237,"251,501,751",0.00441832231326071,3,6929.79929933239,"251,501,751",0.00441832231951349,3,6929.79929933237,"251,501,751",0.00441832231746713,3,6929.79929933238,"121,251,376,501,751,835",6,68.7754883262801,"121,251,376,501,751,835",6,68.7754883262801,"121,251,376,501,751,835",6,68.7754883262801
"251,501,751",0.005,3,6932.76996630697,"251,415,418,424,472,501,502,503,535,751",0.00818506880697933,10,7090.00294207312,"251,501,751",0.0060170351356888,3,6925.70532645036,"251,501,751",0.00580691941009721,3,6924.99897514438,"251,501,751",0.00580691940827823,3,6924.99897514437,"251,501,751",0.00580691940964247,3,6924.99897514439,"251,501,751",0.00580691941328045,3,6924.99897514439,"251,501,751",0.00580691941305307,3,6924.99897514438,"251,501,751",0.00580691941214358,3,6924.99897514438,"251,501,751",0.00580691941737317,3,6924.9989751444,"251,501,751",0.00580691941146146,3,6924.99897514438,"251,501,751",0.00580691940691398,3,6924.9989751444,"32,180,251,315,501,635,751,844",8,64.1562809485927,"126,251,315,501,635,751,844",7,67.6471572714213,"126,251,315,501,635,751,844",7,67.6471572714213
"251,501,751",0.005,3,6937.19491518389,"251,481,501,502,539,743,751,757",0.00597527075443636,8,7015.3702600447,"251,501,751",0.00500607462073438,3,6937.44731348835,"251,501,751",0.00473155596642609,3,6934.17300933779,"251,501,751",0.00473155596267442,3,6934.17300933779,"251,501,751",0.00473155596534607,3,6934.17300933779,"251,501,751",0.00473155596653978,3,6934.17300933779,"251,501,751",0.00473155596466394,3,6934.1730093378,"251,501,751",0.00473155596540291,3,6934.17300933779,"251,501,751",0.00473155596528922,3,6934.17300933779,"251,501,751",0.00473155596540291,3,6934.17300933779,"251,501,751",0.0047315559629018,3,6934.1730093378,"91,251,333,501,629,751,927",7,70.4309052439923,"91,251,333,501,629,751,927",7,70.4309052439923,"91,251,333,501,629,751,927",7,70.4309052439923
"251,501,751",0.005,3,6969.57738294948,"251,448,469,501,503,509,544,546,751,752",0.00764656783211758,10,7100.43621205657,"251,501,752",0.00578294970049492,3,6958.78406019012,"251,501,752",0.00558827765016167,3,6958.22703805364,"251,501,752",0.00558827764424995,3,6958.22703805363,"251,501,752",0.00558827765095747,3,6958.22703805363,"251,501,752",0.00558827764959323,3,6958.22703805363,"251,501,752",0.00558827765539126,3,6958.22703805363,"251,501,752",0.00558827765652813,3,6958.22703805363,"251,501,752",0.00558827764356783,3,6958.22703805363,"251,501,752",0.00558827764947955,3,6958.22703805363,"251,501,752",0.00558827765527757,3,6958.22703805362,"124,251,327,501,656,752,910",7,81.0963387162821,"124,251,327,501,656,752,910",7,81.0963387162821,"124,251,327,501,656,752,910",7,81.0963387162821
"251,501,751",0.005,3,6988.56767614823,"247,255,256,261,494,497,500,501,519,521,751,755",0.00625325796558863,12,7128.85065041057,"255,500,751",0.00572966535962244,3,6987.72125523494,"255,500,751",0.00501255097735238,3,6979.51915105414,"255,500,751",0.00501255097689763,3,6979.51915105414,"255,500,751",0.00501255097837556,3,6979.51915105414,"255,500,751",0.00501255097757975,3,6979.51915105414,"255,500,751",0.00501255097826187,3,6979.51915105414,"255,500,751",0.00501255097951243,3,6979.51915105414,"255,500,751",0.0050125509780345,3,6979.51915105414,"255,500,751",0.00501255097735238,3,6979.51915105414,"255,500,751",0.00501255097837556,3,6979.51915105414,"153,255,426,500,584,751,832,995",8,131.550880380939,"153,255,426,500,584,751,832,995",8,131.550880380939,"153,255,426,500,584,751,832",7,131.962568287429
"251,501,751",0.005,3,6972.66981045081,"250,251,252,253,453,494,501,512,751,752,755",0.00636766032226195,11,7096.57152064198,"251,501,755",0.00545091590465596,3,6966.4999907628,"251,501,755",0.00513696727046259,3,6965.46171075834,"251,501,755",0.00513696726904151,3,6965.46171075834,"251,501,755",0.00513696727199736,3,6965.46171075834,"251,501,755",0.00513696727068997,3,6965.46171075834,"251,501,755",0.0051369672708605,3,6965.46171075834,"251,501,755",0.00513696726989416,3,6965.46171075834,"251,501,755",0.0051369672678478,3,6965.46171075833,"251,501,755",0.00513696726949625,3,6965.46171075834,"251,501,755",0.00513696727194052,3,6965.46171075834,"56,251,355,501,627,755,925",7,106.035979767812,"56,251,355,501,627,752,925",7,108.597174492208,"55,251,355,501,627,752,925",7,108.628272344616
"251,501,751",0.005,3,6975.02922001326,"249,252,466,497,501,515,524,746,751,753,755,758,759",0.00573850477565951,13,7111.07133461128,"252,501,751",0.00534664394923511,3,6975.18690893413,"252,501,751",0.00478166921853283,3,6970.98207188202,"252,501,751",0.00478166921819177,3,6970.98207188202,"252,501,751",0.00478166921793597,3,6970.98207188201,"252,501,751",0.00478166921813492,3,6970.98207188202,"252,501,751",0.00478166921711174,3,6970.98207188202,"252,501,751",0.00478166921822019,3,6970.98207188202,"252,501,751",0.00478166921867494,3,6970.98207188202,"252,501,751",0.00478166921682753,3,6970.98207188201,"252,501,751",0.00478166921813492,3,6970.98207188202,"112,252,384,501,632,751,859",7,108.519345285728,"112,252,384,501,632,751,859",7,108.519345285728,"112,252,384,501,632,751,859",7,108.519345285728
"251,501,751",0.005,3,6973.41630502535,"250,251,461,475,493,494,498,501,502,751",0.00632107959108435,10,7081.16442510202,"251,502,751",0.00517879917021286,3,6972.89118675935,"251,502,751",0.0050204594895983,3,6972.23566105623,"251,502,751",0.00502045948982568,3,6972.23566105623,"251,502,751",0.00502045948817722,3,6972.23566105622,"251,502,751",0.00502045948891618,3,6972.23566105622,"251,502,751",0.00502045948840459,3,6972.23566105622,"251,502,751",0.0050204594882909,3,6972.23566105622,"251,502,751",0.00502045948993936,3,6972.23566105623,"251,502,751",0.00502045948897302,3,6972.23566105622,"251,502,751",0.00502045949056464,3,6972.23566105623,"131,251,340,502,561,751,920",7,103.547710042736,"131,251,340,501,561,751,920",7,104.477942862463,"131,251,340,502,561,751,920",7,103.547710042736
"251,501,751",0.005,3,6952.46044404959,"251,255,487,496,500,501,502,505,546,750,751",0.00725918070622208,11,7096.28640861508,"251,487,502,751",0.00565699293596837,4,6957.25979799106,"251,502,751",0.0054546346827342,3,6948.81856567467,"251,502,751",0.0054746133018287,3,6948.60122333066,"251,502,751",0.0054746133078541,3,6948.60122333064,"251,502,751",0.00547461331058258,3,6948.60122333065,"251,502,751",0.00547461330558036,3,6948.60122333065,"251,502,751",0.00547461331092364,3,6948.60122333065,"251,502,751",0.00547461330489824,3,6948.60122333065,"251,502,751",0.00547461331444794,3,6948.60122333063,"251,502,751",0.00547461330876359,3,6948.60122333065,"34,108,251,423,501,618,718,751,923",9,83.9882916910662,"82,251,423,501,618,718,751,923",8,84.8563870890493,"82,251,423,501,618,718,751,923",8,84.8563870890493
"251,501,751",0.005,3,6949.80581582207,"247,250,456,499,500,501,751,752",0.00650301283707729,8,7040.71743270948,"250,500,752",0.0053114916931782,3,6936.6397561471,"250,500,752",0.00506286785509279,3,6935.08613996563,"250,500,752",0.00506286785577491,3,6935.08613996563,"250,500,752",0.00506286785418329,3,6935.08613996563,"250,500,752",0.0050628678575939,3,6935.08613996563,"250,500,752",0.0050628678575939,3,6935.08613996563,"250,500,752",0.00506286785395592,3,6935.08613996563,"250,500,752",0.00506286785782127,3,6935.08613996562,"250,500,752",0.00506286785827602,3,6935.08613996563,"250,500,752",0.00506286785736653,3,6935.08613996563,"155,250,401,500,584,752,842",7,50.7100731443946,"155,250,401,500,584,752,842",7,50.7100731443946,"155,250,401,500,584,752,842",7,50.7100731443946
"251,501,751",0.005,3,6963.58363054262,"243,249,251,465,499,501,751",0.00543232174594559,7,7034.73181232852,"251,501,751",0.00443554385848011,3,6958.82388397869,"251,501,751",0.00440224803995946,3,6958.78146916573,"251,501,751",0.00440224804018683,3,6958.78146916573,"251,501,751",0.0044022480404142,3,6958.78146916573,"251,501,751",0.00440224804018683,3,6958.78146916573,"251,501,751",0.00440224803814047,3,6958.78146916573,"251,501,751",0.00440224804109632,3,6958.78146916571,"251,501,751",0.00440224804678067,3,6958.78146916571,"251,501,751",0.00440224803973208,3,6958.78146916573,"251,501,751",0.00440224804109632,3,6958.78146916573,"136,251,422,501,625,751,845",7,84.9581314004231,"136,251,422,501,625,751,845",7,84.9581314004231,"136,251,422,501,625,751,845",7,84.9581314004231
"251,501,751",0.005,3,6951.58288994509,"251,453,461,495,496,501,502,515,751,754,757,759",0.00580989756933897,12,7094.87654660952,"251,502,757",0.00466476936452483,3,6940.63648768823,"251,502,757",0.00440588006193583,3,6939.71909598179,"251,502,757",0.00440588006068527,3,6939.71909598179,"251,502,757",0.0044058800604579,3,6939.71909598179,"251,502,757",0.00440588005920735,3,6939.71909598179,"251,502,757",0.00440588006204952,3,6939.7190959818,"251,502,757",0.00440588006341376,3,6939.71909598179,"251,502,757",0.00440588006068527,3,6939.71909598179,"251,502,757",0.00440588005966209,3,6939.71909598179,"251,502,757",0.00440588006102634,3,6939.71909598179,"110,251,315,502,569,754,913",7,62.8121669808328,"110,251,315,502,569,757,913",7,62.9228597410015,"110,251,315,502,569,757,913",7,62.9228597410015
"251,501,751",0.005,3,6950.77379916477,"248,250,251,497,500,502,506,751,758",0.00760696587991224,9,7111.72902479336,"250,500,506,751",0.00589844018786074,4,6956.26847588367,"250,500,751",0.00571688583799238,3,6945.73711680173,"250,500,751",0.00551083121702121,3,6944.98770381525,"250,500,751",0.00551083121690752,3,6944.98770381525,"250,500,751",0.00551083121480432,3,6944.98770381525,"250,500,751",0.00551083121673699,3,6944.98770381525,"250,500,751",0.00551083121719174,3,6944.98770381525,"250,500,751",0.00551083121565697,3,6944.98770381525,"250,500,751",0.00551083121650962,3,6944.98770381525,"250,500,751",0.00551083121616856,3,6944.98770381526,"186,250,350,500,633,751,812,944",8,97.5473506077438,"186,251,350,500,633,751,867",7,101.525746006247,"186,251,350,500,633,751,867",7,101.525746006247
"251,501,751",0.005,3,7050.47202779671,"250,251,396,438,487,493,501,509,511,751",0.00636644199766309,10,7170.69926089309,"251,501,751",0.00488192134670261,3,7048.81843683229,"251,501,751",0.00482980111664403,3,7048.7442942698,"251,501,751",0.0048298011151661,3,7048.74429426979,"251,501,751",0.00482980111937252,3,7048.7442942698,"251,501,751",0.00482980111596191,3,7048.7442942698,"251,501,751",0.00482980111675772,3,7048.7442942698,"251,501,751",0.00482980111493873,3,7048.74429426979,"251,501,751",0.00482980111800827,3,7048.7442942698,"251,501,751",0.00482980111584822,3,7048.74429426979,"251,501,751",0.00482980111618929,3,7048.7442942698,"150,251,336,501,612,751,927",7,186.604126875053,"150,251,336,501,612,751,927",7,186.604126875053,"150,251,336,501,612,751,927",7,186.604126875053
"251,501,751",0.005,3,6919.92146044273,"252,254,482,499,500,501,504,509,513,521,522,745,750",0.00607260177645644,13,7073.40952147867,"252,499,750",0.00484591440753898,3,6909.05725281863,"252,499,750",0.00479070858209361,3,6908.65671189813,"252,499,750",0.00479070858277573,3,6908.65671189812,"252,499,750",0.00479070858141149,3,6908.65671189813,"252,499,750",0.00479070858351469,3,6908.65671189812,"252,499,750",0.00479070858396944,3,6908.65671189812,"252,499,750",0.00479070858624318,3,6908.65671189813,"252,499,750",0.00479070858493578,3,6908.65671189813,"252,499,750",0.00479070858544737,3,6908.65671189812,"252,499,750",0.00479070858453787,3,6908.65671189812,"119,252,458,499,572,750,889",7,41.5395242379655,"119,252,458,500,572,750,889",7,41.6635571855242,"119,252,458,500,572,750,889",7,41.6635571855242
"251,501,751",0.005,3,6965.46533244376,"248,250,251,490,497,499,500,501,747,751,752",0.00707898760352234,11,7125.49372775667,"250,497,747",0.00605630251948907,3,6962.73651919278,"250,497,747",0.00533003516805972,3,6956.54606271258,"250,497,747",0.00533003516885553,3,6956.54606271258,"250,497,747",0.00533003516464912,3,6956.54606271258,"250,497,747",0.00533003516840078,3,6956.54606271258,"250,497,747",0.00533003517010608,3,6956.54606271257,"250,497,747",0.0053300351690829,3,6956.54606271257,"250,497,747",0.00533003516464912,3,6956.54606271258,"250,497,747",0.00533003516339856,3,6956.54606271259,"250,497,747",0.00533003516851447,3,6956.54606271258,"126,250,363,499,572,747,901",7,105.696332834599,"126,250,363,499,572,747,901",7,105.696332834599,"126,250,363,499,572,747,901",7,105.696332834599
"251,501,751",0.005,3,7040.81374340547,"248,249,251,461,498,504,513,753,761",0.00681649481006891,9,7138.64455025779,"251,498,753",0.00543381709396695,3,7019.4339094127,"251,498,753",0.00529552575660681,3,7019.18674120904,"251,498,753",0.00529552576138166,3,7019.18674120904,"251,498,753",0.00529552575933529,3,7019.18674120904,"251,498,753",0.00529552575910792,3,7019.18674120904,"251,498,753",0.00529552575979004,3,7019.18674120905,"251,498,753",0.00529552576047216,3,7019.18674120904,"251,498,753",0.0052955257575163,3,7019.18674120904,"251,498,753",0.00529552575728893,3,7019.18674120903,"251,498,753",0.0052955257575163,3,7019.18674120905,"110,251,387,498,696,753,899",7,160.334486743508,"110,251,387,498,696,753,899",7,160.334486743508,"110,251,387,498,696,753,899",7,160.334486743508
"251,501,751",0.005,3,6884.55054795305,"250,251,257,399,418,467,502,503,516,519,527,536,749,751",0.00714724727090363,14,7023.10157083143,"251,502,749",0.00616426299524739,3,6869.29522168176,"251,502,749",0.00597644507718647,3,6868.50428144662,"251,502,749",0.00597644507570854,3,6868.50428144663,"251,502,749",0.00597644507792543,3,6868.50428144663,"251,502,749",0.00597644507423061,3,6868.50428144662,"251,502,749",0.00597644507900546,3,6868.50428144662,"251,502,749",0.00597644507707278,3,6868.50428144663,"251,502,749",0.00597644507428746,3,6868.50428144663,"251,502,749",0.00597644507673172,3,6868.50428144662,"251,502,749",0.00597644507548117,3,6868.50428144662,"133,251,304,446,502,646,749,867",8,5.23030222726619,"133,251,304,446,502,646,749,867",8,5.23030222726619,"133,251,304,446,503,646,749,867",8,5.71523127561686
"251,501,751",0.005,3,6983.22785301492,"239,241,249,250,254,500,501,502,504,518,522,751",0.00685422143591385,12,7115.35585165432,"250,501,751",0.00614044765042774,3,6972.37109221471,"250,501,751",0.00587143251976937,3,6971.51028374098,"250,501,751",0.00587143251945673,3,6971.51028374098,"250,501,751",0.00587143251985463,3,6971.51028374098,"250,501,751",0.00587143252011043,3,6971.51028374098,"250,501,751",0.00587143252084939,3,6971.51028374097,"250,501,751",0.00587143252016727,3,6971.51028374098,"250,501,751",0.00587143252090624,3,6971.51028374097,"250,501,751",0.00587143252107677,3,6971.51028374098,"250,501,751",0.00587143251982621,3,6971.51028374098,"171,250,396,501,617,751,821",7,118.146732998305,"159,241,271,396,501,617,751,821",8,120.982089409102,"171,241,271,396,501,617,751,821",8,121.010094484837
"251,501,751",0.005,3,6975.33359171247,"251,482,500,501,507,508,524,531,751,753,755,758,761",0.00598731290882327,13,7111.90737364783,"251,500,751",0.00573233008359319,3,6984.27249869769,"251,500,751",0.00513142797533757,3,6974.56701659896,"251,500,751",0.00513142797567863,3,6974.56701659896,"251,500,751",0.0051314279776113,3,6974.56701659897,"251,500,751",0.0051314279761618,3,6974.56701659896,"251,500,751",0.00513142797755446,3,6974.56701659897,"251,500,751",0.00513142797627548,3,6974.56701659896,"251,500,751",0.00513142797619022,3,6974.56701659896,"251,500,751",0.00513142797766815,3,6974.56701659897,"251,500,751",0.00513142797883344,3,6974.56701659897,"143,251,391,501,628,753,833",7,100.102153870663,"143,251,391,501,628,751,833",7,101.040894457436,"143,251,391,501,628,751,833",7,101.040894457436
"251,501,751",0.005,3,6943.28388481663,"250,500,501,508,751,754",0.00662463107294517,6,7044.87820343233,"250,501,751",0.00497573299057267,3,6938.66208417841,"250,501,751",0.00492322985969255,3,6938.62914555508,"250,501,751",0.00492322985787356,3,6938.62914555509,"250,501,751",0.00492322985926622,3,6938.62914555508,"250,501,751",0.00492322985875463,3,6938.62914555509,"250,501,751",0.00492322986091468,3,6938.62914555508,"250,501,751",0.00492322986063046,3,6938.62914555508,"250,501,751",0.00492322986074415,3,6938.62914555508,"250,501,751",0.00492322985918096,3,6938.62914555508,"250,501,751",0.00492322985906727,3,6938.62914555508,"113,250,424,501,563,751,889",7,66.7144395072961,"113,250,424,501,563,751,889",7,66.7144395072961,"113,250,424,501,563,751,889",7,66.7144395072961
"251,501,751",0.005,3,6915.48140264635,"251,501,503,511,751,758,760",0.00654561531282663,7,7007.60270315904,"251,501,751",0.00525069644235997,3,6913.69261262639,"251,501,751",0.00516202636305127,3,6913.531035208,"251,501,751",0.00516202636521132,3,6913.53103520801,"251,501,751",0.00516202636691662,3,6913.53103520801,"251,501,751",0.00516202636703031,3,6913.53103520801,"251,501,751",0.00516202636487026,3,6913.53103520801,"251,501,751",0.00516202636498395,3,6913.53103520801,"251,501,751",0.00516202636339233,3,6913.53103520801,"251,501,751",0.0051620263679398,3,6913.53103520801,"251,501,751",0.00516202636771243,3,6913.531035208,"132,251,397,501,607,751,951",7,43.2334179938924,"132,251,397,501,607,751,951",7,43.2334179938924,"132,251,397,501,607,751,951",7,43.2334179938924
"251,501,751",0.005,3,6916.68905501317,"251,483,502,513,582,747,751",0.0061450327670649,7,6981.46702269366,"251,502,751",0.00498828357934119,3,6910.60722688063,"251,502,751",0.00477090281683876,3,6909.6148609633,"251,502,751",0.00477090281513345,3,6909.61486096329,"251,502,751",0.0047709028159861,3,6909.61486096329,"251,502,751",0.00477090281868617,3,6909.61486096329,"251,502,751",0.00477090281732192,3,6909.61486096329,"251,502,751",0.00477090281445133,3,6909.61486096329,"251,502,751",0.00477090281393974,3,6909.61486096329,"251,502,751",0.00477090281391132,3,6909.61486096329,"251,502,751",0.00477090281595768,3,6909.6148609633,"171,251,339,502,672,751,924",7,44.1731136727997,"171,251,339,502,669,747,924",7,53.2578215772355,"171,251,458,502,672,747,924",7,55.9159577842228
"251,501,751",0.005,3,6889.54656051472,"251,257,492,501,503,515,548,570,751",0.00701739420006828,9,6977.7644206489,"251,501,751",0.00598176730604634,3,6882.27570803202,"251,501,751",0.00589248945732916,3,6882.15064358963,"251,501,751",0.00589248945465751,3,6882.15064358961,"251,501,751",0.00589248945767022,3,6882.15064358963,"251,501,751",0.00589248945352065,3,6882.15064358961,"251,501,751",0.00589248945639124,3,6882.15064358963,"251,501,751",0.0058924894563344,3,6882.15064358963,"251,501,751",0.0058924894564765,3,6882.15064358962,"251,501,751",0.00589248945735758,3,6882.15064358962,"251,501,751",0.00589248945406066,3,6882.15064358961,"154,251,352,501,634,751,888",7,15.8961596164289,"154,251,352,501,634,751,888",7,15.8961596164289,"154,251,352,501,634,751,888",7,15.8961596164289
"251,501,751",0.005,3,6920.88433874309,"247,250,251,253,474,498,502,512,520,527,751",0.00656480294067333,11,7059.27327852717,"253,502,751",0.00513775522580706,3,6916.89888911575,"253,502,751",0.00503442118038782,3,6916.61841328942,"253,502,751",0.00503442117981939,3,6916.61841328942,"253,502,751",0.00503442118311631,3,6916.61841328942,"253,502,751",0.00503442118038782,3,6916.61841328942,"253,502,751",0.00503442118027413,3,6916.61841328942,"253,502,751",0.00503442118220681,3,6916.61841328941,"253,502,751",0.00503442118050151,3,6916.61841328942,"253,502,751",0.00503442118084257,3,6916.61841328941,"253,502,751",0.00503442117936464,3,6916.61841328941,"135,253,354,502,640,751,885",7,54.1758127589992,"135,253,354,502,640,751,885",7,54.1758127589992,"135,253,354,502,640,751,885",7,54.1758127589992
"251,501,751",0.005,3,6912.77446657167,"251,484,499,501,503,751,785",0.0068739868552468,7,7004.26135657841,"251,503,751",0.00550609960942147,3,6907.52408706389,"251,503,751",0.00542554567742513,3,6907.39596017957,"251,503,751",0.00542554567833462,3,6907.39596017958,"251,503,751",0.00542554567702722,3,6907.39596017957,"251,503,751",0.00542554567691353,3,6907.39596017957,"251,503,751",0.00542554567628826,3,6907.39596017958,"251,503,751",0.00542554567822093,3,6907.39596017957,"251,503,751",0.00542554567856199,3,6907.39596017958,"251,503,751",0.00542554567790829,3,6907.39596017957,"251,503,751",0.00542554567725459,3,6907.39596017957,"108,251,402,503,624,751,785",7,48.1841032719419,"108,251,402,503,624,751,785",7,48.1841032719419,"108,251,402,503,624,751,785,967",8,48.0363198004302
"251,501,751",0.005,3,6938.78650718119,"253,499,501,516,517,751,765,767",0.0062931247839603,8,7015.08465542108,"253,501,751",0.00516840803540013,3,6924.30032766464,"253,501,751",0.00509835979985384,3,6923.87261683485,"253,501,751",0.00509835980235495,3,6923.87261683485,"253,501,751",0.00509835980235495,3,6923.87261683485,"253,501,751",0.00509835980349182,3,6923.87261683486,"253,501,751",0.00509835980440131,3,6923.87261683485,"253,501,751",0.00509835980440131,3,6923.87261683485,"253,501,751",0.00509835980212758,3,6923.87261683486,"253,501,751",0.00509835980576556,3,6923.87261683486,"253,501,751",0.00509835980531081,3,6923.87261683485,"122,253,376,501,628,751,813",7,65.1296198068936,"122,253,376,501,628,751,813",7,65.1296198068936,"122,253,376,501,628,751,813",7,65.1296198068936
"251,501,751",0.005,3,6963.01503436425,"251,252,254,501,523,751,755,760",0.00713470160141039,8,7073.92696013405,"251,501,751,755",0.00591393659747229,4,6971.29885143122,"251,501,755",0.00621834865713914,3,6962.08579318108,"251,501,755",0.00569821526886089,3,6960.01401137522,"251,501,755",0.00569821526783771,3,6960.01401137522,"251,501,755",0.00569821526874721,3,6960.01401137522,"251,501,755",0.00569821526692822,3,6960.01401137521,"251,501,755",0.00569821527085041,3,6960.01401137522,"251,501,755",0.00569821526579135,3,6960.01401137522,"251,501,755",0.00569821526766718,3,6960.01401137523,"251,501,755",0.00569821526635978,3,6960.01401137522,"78,252,394,501,535,751,887",7,83.4311898793253,"78,254,394,501,535,636,755,913",8,87.7263216281817,"78,254,394,501,535,636,755,913",8,87.7263216281817
"251,501,751",0.005,3,6957.93277833222,"243,249,250,251,483,486,497,500,501,502,741,743,747,750,751",0.00569032926024349,15,7115.27919548832,"249,501,751",0.00558285168709079,3,6956.68787003394,"249,501,751",0.00507445767967974,3,6952.42671806248,"249,501,751",0.00507445768215243,3,6952.42671806247,"249,501,751",0.00507445767649651,3,6952.42671806248,"249,501,751",0.00507445768064608,3,6952.42671806247,"249,501,751",0.00507445768144188,3,6952.42671806247,"249,501,751",0.00507445767592807,3,6952.42671806248,"249,501,751",0.00507445767823023,3,6952.42671806247,"249,501,751",0.00507445768104398,3,6952.42671806248,"249,501,751",0.00507445767652493,3,6952.42671806248,"147,250,416,500,634,750,872",7,84.5631962451774,"147,250,416,501,634,751,872",7,85.2407569048978,"147,250,416,501,634,751,872",7,85.2407569048978
"251,501,751",0.005,3,7015.47923295327,"250,251,494,500,529,749,754",0.00562371385085755,7,7077.06276251762,"250,500,749",0.00450517786208822,3,7001.09366889361,"250,500,749",0.00446260554139346,3,7001.05452849607,"250,500,749",0.00446260554088187,3,7001.05452849608,"250,500,749",0.00446260554309876,3,7001.05452849607,"250,500,749",0.0044626055414503,3,7001.05452849608,"250,500,749",0.00446260554321245,3,7001.05452849607,"250,500,749",0.0044626055414503,3,7001.05452849607,"250,500,749",0.00446260554162083,3,7001.05452849608,"250,500,749",0.00446260554292823,3,7001.05452849607,"250,500,749",0.00446260554253033,3,7001.05452849608,"173,250,458,500,624,749,942",7,132.2385596067,"173,250,458,500,624,749,942",7,132.2385596067,"173,250,458,500,624,749,942",7,132.2385596067
"251,501,751",0.005,3,6908.58641505743,"247,253,415,478,493,499,501,504,748,749,750,752",0.00647239704045704,12,7022.67784519152,"247,501,749",0.00623188258718993,3,6909.97875422235,"247,501,749",0.00521940762274072,3,6895.22647299437,"247,501,749",0.00521940761807956,3,6895.22647299437,"247,501,749",0.00521940761842062,3,6895.22647299437,"247,501,749",0.00521940762137647,3,6895.22647299437,"247,501,749",0.00521940761535107,3,6895.22647299435,"247,501,749",0.005219407616829,3,6895.22647299436,"247,501,749",0.00521940761705637,3,6895.22647299435,"247,501,749",0.00521940761796587,3,6895.22647299435,"247,501,749",0.00521940761762481,3,6895.22647299436,"83,247,344,501,559,749,887",7,36.770008378234,"83,247,344,501,559,749,887",7,36.770008378234,"83,247,344,501,559,749,887",7,36.770008378234
"251,501,751",0.005,3,6961.21265918585,"252,473,492,498,501,751,765",0.00602938944111504,7,7041.66008559268,"252,501,751",0.00477934298105627,3,6949.37446705998,"252,501,751",0.00463702239188479,3,6948.88015169762,"252,501,751",0.00463702239162899,3,6948.88015169761,"252,501,751",0.00463702239583541,3,6948.88015169763,"252,501,751",0.00463702239302166,3,6948.88015169761,"252,501,751",0.00463702239224006,3,6948.88015169762,"252,501,751",0.00463702239062002,3,6948.88015169763,"252,501,751",0.00463702239172847,3,6948.88015169762,"252,501,751",0.0046370223924248,3,6948.88015169763,"252,501,751",0.00463702239233954,3,6948.88015169762,"119,252,365,501,635,751,799",7,86.3741656147927,"119,252,365,501,635,751,799",7,86.3741656147927,"141,252,365,501,635,751,799",7,86.3929998026018
"251,501,751",0.005,3,6979.00786281008,"246,249,251,261,500,501,512,513,751",0.00605619856623028,9,7077.07993128047,"251,501,751",0.00579515285280101,3,6981.95935136641,"251,501,751",0.00510464194871612,3,6976.23841884244,"251,501,751",0.00510464194871612,3,6976.23841884244,"251,501,751",0.00510464194530551,3,6976.23841884243,"251,501,751",0.00510464194848874,3,6976.23841884243,"251,501,751",0.00510464194871612,3,6976.23841884244,"251,501,751",0.0051046419505351,3,6976.23841884244,"251,501,751",0.00510464194985298,3,6976.23841884244,"251,501,751",0.00510464194735187,3,6976.23841884244,"251,501,751",0.00510464194871612,3,6976.23841884244,"98,251,392,501,644,751,847",7,115.512495183806,"98,251,392,501,644,751,847",7,115.512495183806,"98,251,392,501,644,751,949",7,118.983929606229
"251,501,751",0.005,3,6943.68157056183,"245,251,255,486,496,501,546,751,752,758",0.00570372653808428,10,7039.4344498977,"245,251,501,752",0.00560676161802544,4,6953.64802770784,"245,251,501,752",0.00491416774042304,4,6948.35654096541,"251,501,752",0.00553639461674928,3,6940.87488125254,"251,501,752",0.00503086850575923,3,6938.61404261123,"251,501,752",0.00503086850583028,3,6938.61404261123,"251,501,752",0.00503086850789085,3,6938.61404261123,"251,501,752",0.00503086850752137,3,6938.61404261124,"251,501,752",0.00503086850627082,3,6938.61404261123,"251,501,752",0.00503086850574502,3,6938.61404261123,"251,501,752",0.00503086850726558,3,6938.61404261123,"118,251,321,462,501,618,752,900",8,77.6141547917107,"118,251,321,462,501,618,752,900",8,77.6141547917107,"118,251,321,462,501,618,752,900",8,77.6141547917107
"251,501,751",0.005,3,6948.42218024729,"250,251,258,441,486,497,501,503,511,751",0.00660569388650505,10,7074.30751117768,"251,501,751",0.0053710023599966,3,6944.2380693864,"251,501,751",0.00521169870605962,3,6943.87419704277,"251,501,751",0.00521169870719649,3,6943.87419704277,"251,501,751",0.00521169870594593,3,6943.87419704277,"251,501,751",0.00521169870640068,3,6943.87419704277,"251,501,751",0.00521169870753755,3,6943.87419704277,"251,501,751",0.00521169870696911,3,6943.87419704277,"251,501,751",0.00521169870821967,3,6943.87419704277,"251,501,751",0.00521169870651437,3,6943.87419704277,"251,501,751",0.00521169870662805,3,6943.87419704277,"137,251,411,501,595,751,859",7,74.8910956290649,"137,251,411,501,595,751,859",7,74.8910956290649,"137,251,411,501,595,751,859",7,74.8910956290649
"251,501,751",0.005,3,7031.0895525722,"251,446,494,499,501,752,764",0.00586132805746587,7,7100.42359307227,"251,501,752",0.00474838280245646,3,7024.25051601894,"251,501,752",0.00472130066095055,3,7024.22759185526,"251,501,752",0.00472130066504328,3,7024.22759185524,"251,501,752",0.00472130066186004,3,7024.22759185527,"251,501,752",0.00472130065367459,3,7024.22759185528,"251,501,752",0.00472130065731257,3,7024.22759185527,"251,501,752",0.00472130065503883,3,7024.22759185527,"251,501,752",0.00472130065640308,3,7024.22759185528,"251,501,752",0.0047213006614053,3,7024.22759185526,"251,501,752",0.00472130065549358,3,7024.22759185528,"152,251,387,501,618,752",6,153.919879586585,"152,251,387,501,618,752",6,153.919879586585,"152,251,387,501,618,752",6,153.919879586585
"251,501,751",0.005,3,6941.30037715378,"251,501,502,746,748,751",0.00545803937690088,6,7005.85437035621,"251,501,502,751",0.00437277683836241,4,6950.37157587136,"251,502,751",0.00383648393904939,3,6947.24007460553,"251,502,751",0.0043392466992915,3,6937.44273691143,"251,502,751",0.00433924669906413,3,6937.44273691143,"251,502,751",0.00433924669940519,3,6937.44273691144,"251,502,751",0.00433924669895044,3,6937.44273691143,"251,502,751",0.00433924670014415,3,6937.44273691143,"251,502,751",0.00433924669843885,3,6937.44273691143,"251,502,751",0.00433924669985993,3,6937.44273691143,"251,502,751",0.00433924669860938,3,6937.44273691143,"143,251,408,501,616,751,830",7,76.0399686302061,"143,251,408,502,616,751,830",7,76.1266514972653,"143,251,408,501,616,751,830",7,76.0399686302061
"251,501,751",0.005,3,6952.27089711172,"251,501,512,518,751,752",0.00675210014774388,6,7017.36122544476,"251,501,752",0.00560227782282675,3,6945.29785444922,"251,501,752",0.00534889491574527,3,6944.47478873251,"251,501,752",0.00534889491219256,3,6944.4747887325,"251,501,752",0.00534889491455156,3,6944.4747887325,"251,501,752",0.00534889491364207,3,6944.4747887325,"251,501,752",0.00534889491151044,3,6944.4747887325,"251,501,752",0.00534889491267573,3,6944.4747887325,"251,501,752",0.00534889491375575,3,6944.4747887325,"251,501,752",0.0053488949161716,3,6944.4747887325,"251,501,752",0.00534889491330101,3,6944.47478873251,"181,251,389,501,619,752,814,938",8,95.2259373954968,"181,251,389,501,619,752,814,938",8,95.2259373954968,"181,251,389,501,619,752,814,938",8,95.2259373954968
"251,501,751",0.005,3,6947.05464148063,"247,248,251,471,490,497,501,515,517,519,731,751",0.00701718419484911,12,7073.68899325618,"251,501,751",0.00599752720351419,3,6969.15662071734,"251,501,751",0.00546881677814685,3,6945.6986954202,"251,501,751",0.00546881678314907,3,6945.69869542021,"251,501,751",0.00546881677814685,3,6945.6986954202,"251,501,751",0.00546881677723736,3,6945.69869542019,"251,501,751",0.00546881677041615,3,6945.69869542017,"251,501,751",0.00546881678133009,3,6945.6986954202,"251,501,751",0.00546881677678261,3,6945.69869542019,"251,501,751",0.0054688167795111,3,6945.6986954202,"251,501,751",0.0054688167795111,3,6945.69869542021,"92,251,402,501,570,714,751,869,976",9,67.6235627373135,"92,251,402,501,638,751,930",7,73.1467904910801,"92,251,402,501,638,751,930",7,73.1467904910801
"251,501,751",0.005,3,6896.09594576885,"250,253,254,255,464,493,501,518,742,750,751,753,761",0.00649160967550679,13,7041.68784067944,"250,501,751",0.00581312485538198,3,6892.07296223195,"250,501,751",0.00559471441931046,3,6891.61240307167,"250,501,751",0.00559471441499036,3,6891.61240307167,"250,501,751",0.00559471441760516,3,6891.61240307167,"250,501,751",0.00559471441646829,3,6891.61240307167,"250,501,751",0.00559471441567248,3,6891.61240307167,"250,501,751",0.00559471441692304,3,6891.61240307167,"250,501,751",0.00559471441680935,3,6891.61240307167,"250,501,751",0.00559471441430824,3,6891.61240307167,"250,501,751",0.00559471441692304,3,6891.61240307167,"95,250,424,501,615,751,876",7,29.5546493875338,"95,250,424,501,615,750,876",7,30.6655290682256,"95,250,424,501,615,750,876",7,30.6655290682256
"251,501,751",0.005,3,6959.0462052203,"250,251,496,497,501,502,540,747,748,751",0.006254502992051,10,7061.9705359104,"250,502,748",0.00529965893938565,3,6948.81752708233,"250,502,748",0.00517507033714099,3,6948.42392701443,"250,502,748",0.00517507033600412,3,6948.42392701443,"250,502,748",0.00517507033594728,3,6948.42392701443,"250,502,748",0.00517507033554938,3,6948.42392701443,"250,502,748",0.00517507033640203,3,6948.42392701443,"250,502,748",0.00517507033702731,3,6948.42392701443,"250,502,748",0.00517507033634518,3,6948.42392701443,"250,502,748",0.00517507033805049,3,6948.42392701443,"250,502,748",0.00517507033657256,3,6948.42392701443,"121,250,343,502,681,748,827",7,86.9974735860333,"121,250,343,502,681,748,827",7,86.9974735860333,"121,250,343,502,681,748,827",7,86.9974735860333
"251,501,751",0.005,3,7008.21116890581,"228,251,452,478,484,491,493,501,750,751,754,755",0.00647938488478106,12,7176.51231459988,"251,501,750",0.00496856790153332,3,7007.75316599559,"251,501,750",0.00479285920950984,3,7007.40912201389,"251,501,750",0.00479285920950984,3,7007.40912201389,"251,501,750",0.00479285920860035,3,7007.40912201389,"251,501,750",0.00479285920837297,3,7007.40912201389,"251,501,750",0.00479285920803191,3,7007.40912201388,"251,501,750",0.00479285921235201,3,7007.40912201389,"251,501,750",0.00479285920871403,3,7007.40912201388,"251,501,750",0.00479285920905509,3,7007.40912201389,"251,501,750",0.0047928592064403,3,7007.40912201389,"157,251,417,501,644,750,857",7,139.06408823706,"157,251,417,501,644,750,857",7,139.06408823706,"157,251,417,501,644,750,857",7,139.06408823706
"251,501,751",0.005,3,7009.23371828828,"251,457,460,484,499,501,752",0.00620089165878228,7,7082.38886742331,"251,501,752",0.00479760094827833,3,6997.93280555835,"251,501,752",0.00475568145163763,3,6997.88821980734,"251,501,752",0.00475568145300187,3,6997.88821980734,"251,501,752",0.00475568145368399,3,6997.88821980733,"251,501,752",0.00475568145527561,3,6997.88821980733,"251,501,752",0.00475568145436611,3,6997.88821980733,"251,501,752",0.0047556814527745,3,6997.88821980733,"251,501,752",0.00475568145300187,3,6997.88821980733,"251,501,752",0.00475568145527561,3,6997.88821980732,"251,501,752",0.00475568145391136,3,6997.88821980733,"141,251,383,501,563,752,940",7,128.984846201101,"141,251,383,501,563,752,940",7,128.984846201101,"141,251,383,501,563,752,940",7,128.984846201101
"251,501,751",0.005,3,6945.72199522038,"244,251,252,484,501,502,503,514,515,520,751,754",0.00631675871047725,12,7091.07631108712,"251,501,751",0.00521637371293642,3,6943.761637438,"251,501,751",0.00512404803267863,3,6943.59113158258,"251,501,751",0.00512404803222388,3,6943.59113158258,"251,501,751",0.00512404803233757,3,6943.59113158258,"251,501,751",0.00512404803233757,3,6943.59113158258,"251,501,751",0.00512404803222388,3,6943.59113158258,"251,501,751",0.00512404803273547,3,6943.59113158258,"251,501,751",0.00512404803279231,3,6943.59113158258,"251,501,751",0.00512404803301969,3,6943.59113158258,"251,501,751",0.00512404803301969,3,6943.59113158258,"103,251,396,501,621,751,880",7,93.0326365619382,"103,251,396,501,621,751,880",7,93.0326365619382,"103,251,396,501,621,751,880",7,93.0326365619382
"251,501,751",0.005,3,7017.0295142414,"251,252,484,490,494,499,501,514,516,519,531,747,748,751,753",0.00628187371725705,15,7215.70773851881,"251,252,499,751",0.00486035122204167,4,7029.71795240071,"251,499,751",0.00458927274419014,3,7012.2224570305,"251,499,751",0.00449408537938278,3,7012.03454708982,"251,499,751",0.00449408538034912,3,7012.03454708982,"251,499,751",0.00449408538023543,3,7012.03454708982,"251,499,751",0.00449408537989437,3,7012.03454708982,"251,499,751",0.00449408537625639,3,7012.03454708983,"251,499,751",0.00449408537517636,3,7012.03454708983,"251,499,751",0.00449408537773432,3,7012.03454708983,"251,499,751",0.00449408537773432,3,7012.03454708983,"123,252,407,499,748,878",6,133.530155068471,"123,252,407,499,605,751,878",7,135.46635305053,"123,252,407,499,751,878",6,135.919084499949
"251,501,751",0.005,3,7009.31381083202,"251,497,501,507,513,515,750,751,754,756",0.00760911432251751,10,7172.58758716479,"251,507,751",0.00599715956561942,3,7000.0021764259,"251,507,751",0.00542617510438135,3,6995.96216246426,"251,507,751",0.0054261751082467,3,6995.96216246426,"251,507,751",0.00542617510870145,3,6995.96216246426,"251,507,751",0.00542617510915619,3,6995.96216246425,"251,507,751",0.00542617510483609,3,6995.96216246426,"251,507,751",0.00542617510847407,3,6995.96216246426,"251,507,751",0.00542617510642771,3,6995.96216246426,"251,507,751",0.0054261751082467,3,6995.96216246427,"251,507,751",0.00542617510801933,3,6995.96216246425,"114,251,332,507,612,750,817",7,131.960488588405,"114,251,332,507,612,750,817",7,131.960488588405,"114,251,332,507,612,750,817",7,131.960488588405
"251,501,751",0.005,3,6896.45637353365,"250,252,496,497,501,504,519,531,532,752",0.00759387732803361,10,7021.67305502248,"250,496,504,532,752",0.00607313508284607,5,6890.28866705729,"250,496,504,752",0.00565809057607468,4,6887.13248151837,"250,496,504,752",0.0057012534532013,4,6886.0366050802,"250,496,504,752",0.00570125345251918,4,6886.0366050802,"250,496,504,752",0.0057012534532013,4,6886.0366050802,"250,504,752",0.00508810345618343,3,6882.49680453138,"250,504,752",0.00551422996281486,3,6880.30716680741,"250,504,752",0.00551422996076849,3,6880.30716680742,"250,504,752",0.00551422996554334,3,6880.30716680742,"250,504,752",0.00551422996713496,3,6880.30716680742,"70,190,252,414,501,623,752,808,950",9,20.3296402152306,"70,190,250,414,504,623,752,808,950",9,20.7328122405046,"70,190,250,414,504,623,752,808,950",9,20.7328122405046
"251,501,751",0.005,3,6961.27792079251,"251,441,494,498,501,508,751,752,754",0.00625058758154621,9,7047.90822131577,"251,501,751",0.00536953120154926,3,6955.32177736082,"251,501,751",0.00530593980619844,3,6955.25961302851,"251,501,751",0.00530593980619844,3,6955.25961302852,"251,501,751",0.00530593980528895,3,6955.25961302852,"251,501,751",0.00530593980597107,3,6955.25961302852,"251,501,751",0.00530593980619844,3,6955.25961302852,"251,501,751",0.00530593980608476,3,6955.25961302852,"251,501,751",0.00530593980699425,3,6955.25961302852,"251,501,751",0.00530593980824481,3,6955.25961302852,"251,501,751",0.00530593980642582,3,6955.25961302852,"70,251,377,501,617,751,856",7,95.7435889791423,"70,251,377,501,617,751,856",7,95.7435889791423,"70,251,377,501,617,751,856",7,95.7435889791423
"251,501,751",0.005,3,7002.19257400547,"250,251,495,496,501,507,751,752",0.00588581666685631,8,7074.98136776472,"251,501,751",0.00490901549072784,3,6989.01630071218,"251,501,751",0.00484090516158456,3,6988.90419529563,"251,501,751",0.00484090516283512,3,6988.90419529563,"251,501,751",0.0048409051638583,3,6988.90419529563,"251,501,751",0.00484090516232352,3,6988.90419529563,"251,501,751",0.00484090516311933,3,6988.90419529563,"251,501,751",0.00484090516431304,3,6988.90419529563,"251,501,751",0.00484090516374461,3,6988.90419529563,"251,501,751",0.00484090516522254,3,6988.90419529563,"251,501,751",0.0048409051651657,3,6988.90419529563,"144,251,411,501,659,751,847",7,132.145379246947,"144,251,411,501,659,751,847",7,132.145379246947,"144,251,411,501,659,751,847",7,132.145379246947
"251,501,751",0.005,3,6951.40110043131,"251,252,254,442,499,501,546,566,750,751",0.00639764150330552,10,7055.62008663897,"254,501,751",0.00528416339223471,3,6943.82245517363,"254,501,751",0.00515593554880634,3,6943.61315899718,"254,501,751",0.00515593555096639,3,6943.61315899718,"254,501,751",0.00515593554698735,3,6943.61315899718,"254,501,751",0.00515593555062533,3,6943.61315899718,"254,501,751",0.00515593554880634,3,6943.61315899718,"254,501,751",0.00515593554766947,3,6943.61315899718,"254,501,751",0.00515593554971583,3,6943.61315899718,"254,501,751",0.00515593555005689,3,6943.61315899718,"254,501,751",0.00515593555062533,3,6943.61315899718,"88,254,362,501,674,751,862",7,71.5469668270487,"88,254,362,501,674,751,862",7,71.5469668270487,"88,254,362,501,674,751,862",7,71.5469668270487
"251,501,751",0.005,3,6994.65921609259,"250,251,252,499,501,508,536,744,751",0.0067049679433769,9,7115.47212663001,"252,501,751",0.00568053642762065,3,6991.20398899299,"252,501,751",0.00515811895485504,3,6987.91883505617,"252,501,751",0.00515811895850722,3,6987.91883505617,"252,501,751",0.00515811895876302,3,6987.91883505616,"252,501,751",0.00515811895673087,3,6987.91883505617,"252,501,751",0.00515811895941672,3,6987.91883505617,"252,501,751",0.00515811895918935,3,6987.91883505617,"252,501,751",0.00515811895440029,3,6987.91883505617,"252,501,751",0.00515811896025516,3,6987.91883505617,"252,501,751",0.00515811895521031,3,6987.91883505616,"109,252,361,501,623,744,827",7,123.195577107188,"109,252,361,501,623,744,827",7,123.195577107188,"109,252,361,501,624,744,827",7,123.197873332596
"251,501,751",0.005,3,7011.7781986124,"239,248,251,256,257,495,498,499,501,503,509,511,751,759",0.00654365646598472,14,7172.69441952611,"257,495,501,751",0.00577851298836618,4,7016.94093894498,"257,501,751",0.00550637185117813,3,7004.23645872771,"257,501,751",0.00542091061878764,3,7003.95908036416,"257,501,751",0.00542091061560441,3,7003.95908036417,"257,501,751",0.00542091061651391,3,7003.95908036416,"257,501,751",0.00542091061583179,3,7003.95908036417,"257,501,751",0.00542091061537704,3,7003.95908036417,"257,501,751",0.00542091061492229,3,7003.95908036417,"257,501,751",0.00542091061605916,3,7003.95908036417,"257,501,751",0.0054209106183329,3,7003.95908036416,"151,251,377,501,642,751,874",7,125.736427422766,"151,248,377,501,642,751,874",7,127.616944984692,"151,248,377,501,642,751,910",7,127.638373012192
"251,501,751",0.005,3,6916.97257228667,"251,254,497,500,501,502,503,750,751",0.00731339483071221,9,7044.0137280037,"251,501,502,751",0.00588545808989688,4,6925.02350838182,"251,502,751",0.00585419527848254,3,6912.36924946121,"251,502,751",0.00580451862285637,3,6912.19009094562,"251,502,751",0.00580451862785859,3,6912.1900909456,"251,502,751",0.00580451862706278,3,6912.1900909456,"251,502,751",0.00580451862729016,3,6912.1900909456,"251,502,751",0.00580451862240162,3,6912.19009094561,"251,502,751",0.00580451862353849,3,6912.19009094561,"251,502,751",0.0058045186243343,3,6912.19009094561,"251,502,751",0.00580451862387955,3,6912.19009094561,"218,251,387,502,630,751,842",7,56.1630849387426,"218,254,387,502,630,751,842",7,56.3851008913597,"218,254,387,502,630,751,842",7,56.3851008913597
"251,501,751",0.005,3,7013.10223699411,"251,252,499,500,502,508,512,750,752,753",0.0058762687927661,10,7133.5203934269,"251,499,750",0.00488408528902076,3,7006.4055749172,"251,499,750",0.00457512467407783,3,7005.21861573723,"251,499,750",0.00457512467376519,3,7005.21861573722,"251,499,750",0.00457512467845477,3,7005.21861573725,"251,499,750",0.00457512467382203,3,7005.21861573724,"251,499,750",0.00457512467723264,3,7005.21861573724,"251,499,750",0.00457512467251463,3,7005.21861573723,"251,499,750",0.0045751246732536,3,7005.21861573723,"251,499,750",0.00457512467726106,3,7005.21861573724,"251,499,750",0.00457512467709053,3,7005.21861573725,"133,251,360,499,608,752,871",7,141.119389183218,"133,251,360,499,608,750,871",7,141.387496351879,"133,251,360,499,608,750,871",7,141.387496351879
"251,501,751",0.005,3,6979.81562398224,"253,254,255,259,488,499,501,504,541,543,751",0.00675648580078566,11,7093.31407257616,"259,499,504,751",0.00630945846783754,4,6984.29248620693,"259,499,751",0.00575002069614588,3,6968.43671672123,"259,499,751",0.00559694677839568,3,6968.12366804292,"259,499,751",0.00559694677782724,3,6968.12366804291,"259,499,751",0.00559694677873674,3,6968.12366804292,"259,499,751",0.00559694678112416,3,6968.12366804292,"259,499,751",0.0055969467807831,3,6968.12366804292,"259,499,751",0.00559694678101047,3,6968.12366804292,"259,499,751",0.00559694677885042,3,6968.12366804292,"259,499,751",0.00559694677805461,3,6968.12366804291,"111,255,297,404,499,629,751,897",8,120.927573334326,"111,255,297,400,499,629,751,897",8,121.203782858815,"111,255,400,499,629,751,897",7,121.668789945184
"251,501,751",0.005,3,6918.23977857638,"251,472,483,501,510,513,523,748,751,753",0.00682604732072137,10,7063.08684414659,"251,501,753",0.00513730812855285,3,6913.95686237992,"251,501,753",0.00502254268301995,3,6913.75989853844,"251,501,753",0.0050225426817694,3,6913.75989853845,"251,501,753",0.00502254268108728,3,6913.75989853845,"251,501,753",0.00502254267938197,3,6913.75989853844,"251,501,753",0.00502254268131465,3,6913.75989853843,"251,501,753",0.00502254268290627,3,6913.75989853845,"251,501,753",0.00502254268245152,3,6913.75989853845,"251,501,753",0.00502254268188309,3,6913.75989853844,"251,501,753",0.00502254268336101,3,6913.75989853844,"55,251,397,501,677,753,892",7,55.2112164249641,"55,251,397,501,677,751,840",7,57.7012186357582,"55,251,397,501,677,751,840",7,57.7012186357582
"251,501,751",0.005,3,7034.17402761198,"251,252,470,487,501,518,528,751,754",0.00636803238622843,9,7130.12589532587,"251,501,751",0.00517288196280563,3,7031.8322780396,"251,501,751",0.00501746481483428,3,7031.45787983667,"251,501,751",0.00501746481767645,3,7031.45787983666,"251,501,751",0.00501746480437509,3,7031.45787983665,"251,501,751",0.00501746482142812,3,7031.45787983666,"251,501,751",0.00501746480960469,3,7031.45787983666,"251,501,751",0.00501746481278792,3,7031.45787983668,"251,501,751",0.00501746480414772,3,7031.45787983666,"251,501,751",0.00501746481221948,3,7031.45787983667,"251,501,751",0.00501746481619852,3,7031.45787983667,"124,251,311,501,640,751,852",7,174.402651065347,"124,252,311,501,640,751,852",7,175.931175517623,"124,252,311,501,640,751,973",7,177.941425382279
"251,501,751",0.005,3,6908.90226525116,"251,252,488,497,499,500,504,507,514,521,750,752",0.00582883025539964,12,7067.77560140036,"252,499,752",0.00407010354465142,3,6892.52783694677,"252,499,752",0.00410414556868356,3,6891.66509717079,"252,499,752",0.00410414557550477,3,6891.66509717077,"252,499,752",0.00410414557709638,3,6891.66509717076,"252,499,752",0.00410414557550477,3,6891.66509717077,"252,499,752",0.00410414557505002,3,6891.66509717076,"252,499,752",0.00410414557595952,3,6891.66509717077,"252,499,752",0.00410414557664164,3,6891.66509717077,"252,499,752",0.00410414557891537,3,6891.66509717075,"252,499,752",0.00410414557732376,3,6891.66509717076,"47,252,411,499,691,752,818",7,26.7098135930127,"47,252,411,500,691,752,818",7,26.7737855676854,"47,252,411,499,691,752,818",7,26.7098135930127
"251,501,751",0.005,3,6917.82575199197,"248,251,501,502,523,536,554,751,755,767",0.0064843545335011,10,7030.11204900663,"251,501,755",0.0054566438194313,3,6906.47768994063,"251,501,755",0.00527732401520117,3,6906.05825200417,"251,501,755",0.00527732401395061,3,6906.05825200417,"251,501,755",0.00527732401054001,3,6906.05825200417,"251,501,755",0.00527732401440536,3,6906.05825200418,"251,501,755",0.00527732401338218,3,6906.05825200417,"251,501,755",0.00527732401508748,3,6906.05825200418,"251,501,755",0.00527732401270006,3,6906.05825200417,"251,501,755",0.00527732401656541,3,6906.05825200417,"251,501,755",0.00527732401201794,3,6906.05825200417,"97,251,365,501,628,755,829",7,39.2008500268464,"97,251,365,501,628,755,829",7,39.2008500268464,"97,251,365,501,628,755,829",7,39.2008500268464
"251,501,751",0.005,3,7025.79149050026,"251,253,254,256,499,501,513,535,741,750,751,753",0.00634751776533626,12,7183.22027418653,"251,501,753",0.0058844335621776,3,7030.841869717,"251,501,753",0.00499106245140106,3,7024.02857073489,"251,501,753",0.00499106245162843,3,7024.0285707349,"251,501,753",0.0049910624527653,3,7024.02857073489,"251,501,753",0.00499106245117369,3,7024.02857073489,"251,501,753",0.00499106245015051,3,7024.02857073489,"251,501,753",0.00499106245219687,3,7024.02857073488,"251,501,753",0.00499106244980945,3,7024.02857073489,"251,501,753",0.00499106245242424,3,7024.02857073489,"251,501,753",0.00499106245071894,3,7024.02857073489,"151,253,445,501,582,699,751,837",8,158.786613657994,"151,251,445,501,582,699,750,837",8,161.150339682012,"151,251,445,501,582,750,837",7,161.365157107129
"251,501,751",0.005,3,6944.45758619995,"250,253,255,492,501,507,557,751,774,782",0.00553553798300511,10,7061.64725535767,"253,501,751",0.00435820326068177,3,6932.42593029086,"253,501,751",0.00425324770444319,3,6932.26151687289,"253,501,751",0.00425324770444319,3,6932.26151687289,"253,501,751",0.00425324770353369,3,6932.26151687289,"253,501,751",0.00425324770489793,3,6932.26151687288,"253,501,751",0.00425324770330632,3,6932.26151687289,"253,501,751",0.0042532477026242,3,6932.26151687289,"253,501,751",0.00425324770125995,3,6932.26151687289,"253,501,751",0.00425324770512531,3,6932.26151687289,"253,501,751",0.00425324770398844,3,6932.26151687289,"144,253,348,501,641,751,798,981",8,68.6069000684555,"144,253,348,501,641,751,798,981",8,68.6069000684555,"138,253,348,501,641,751,798,987",8,72.5289164850378
"251,501,751",0.005,3,6953.52779384161,"252,493,496,498,500,502,751,755",0.00609157943959611,8,7058.56491664301,"252,502,751",0.00457174336160937,3,6947.41361511531,"252,502,751",0.00455438641511438,3,6947.19303634758,"252,502,751",0.00455438641693337,3,6947.19303634758,"252,502,751",0.00455438641647862,3,6947.19303634758,"252,502,751",0.00455438642557357,3,6947.1930363476,"252,502,751",0.00455438642193559,3,6947.1930363476,"252,502,751",0.00455438642466407,3,6947.19303634759,"252,502,751",0.0045543864210261,3,6947.19303634759,"252,502,751",0.00455438642739256,3,6947.1930363476,"252,502,751",0.00455438642148084,3,6947.19303634759,"99,252,366,500,641,751",6,59.5803947538319,"99,252,366,500,641,751",6,59.5803947538319,"99,252,366,500,641,751",6,59.5803947538319
"251,501,751",0.005,3,6884.46819948209,"251,501,746,750,751,752",0.00566428581884891,6,6968.69637585669,"251,501,752",0.00460741754424358,3,6882.89554257258,"251,501,752",0.00429005130593777,3,6881.70304988033,"251,501,752",0.00429005130673358,3,6881.70304988034,"251,501,752",0.00429005130423247,3,6881.70304988034,"251,501,752",0.00429005130457353,3,6881.70304988034,"251,501,752",0.00429005130502828,3,6881.70304988033,"251,501,752",0.00429005130707464,3,6881.70304988034,"251,501,752",0.00429005130787045,3,6881.70304988034,"251,501,752",0.00429005130491459,3,6881.70304988034,"251,501,752",0.00429005130582408,3,6881.70304988034,"210,251,430,501,628,750,809",7,23.0350887260999,"210,251,430,501,628,751,809",7,23.4099410703447,"210,251,430,501,628,751,809,947",8,23.556534532577
"251,501,751",0.005,3,7014.89072818573,"251,501,506,508,513,747,748,750,752",0.00619615112074208,9,7102.3551151615,"251,501,752",0.00542854364183713,3,7009.85326867764,"251,501,752",0.00538628403237668,3,7009.82276572672,"251,501,752",0.00538628402942082,3,7009.82276572671,"251,501,752",0.00538628403578728,3,7009.82276572671,"251,501,752",0.00538628402987557,3,7009.82276572671,"251,501,752",0.00538628403101244,3,7009.82276572671,"251,501,752",0.00538628403260405,3,7009.82276572671,"251,501,752",0.00538628403283142,3,7009.82276572671,"251,501,752",0.00538628403101244,3,7009.82276572671,"251,501,752",0.00538628403169456,3,7009.82276572671,"141,251,376,501,624,752,921",7,144.200492075266,"141,251,376,501,624,752,921",7,144.200492075266,"141,251,376,501,624,752,921",7,144.200492075266
"251,501,751",0.005,3,6905.98018099304,"247,252,469,501,504,748,753",0.00633314955520985,7,6966.50549451925,"252,501,753",0.00554896802256396,3,6892.56904010423,"252,501,753",0.00527436973306153,3,6891.65307578893,"252,501,753",0.00527436973283416,3,6891.65307578893,"252,501,753",0.00527436972965093,3,6891.65307578892,"252,501,753",0.00527436973192467,3,6891.65307578892,"252,501,753",0.00527436972965093,3,6891.65307578892,"252,501,753",0.00527436973601739,3,6891.65307578892,"252,501,753",0.00527436973192467,3,6891.65307578892,"252,501,753",0.00527436973351628,3,6891.65307578893,"252,501,753",0.00527436973146992,3,6891.65307578893,"53,252,383,501,648,753,878",7,35.2272231102895,"53,252,383,501,648,748,878",7,39.7682034523636,"53,252,383,501,648,748,878",7,39.7682034523636
"251,501,751",0.005,3,6978.05149789121,"251,254,438,493,499,500,503,509,547,556,566,750,751,759",0.00642199357133101,14,7144.82546566078,"251,500,750",0.00481396608487858,3,6974.14976087423,"251,500,750",0.0045841363545935,3,6972.26778499196,"251,500,750",0.00458413635277452,3,6972.26778499196,"251,500,750",0.00458413635391138,3,6972.26778499196,"251,500,750",0.00458413635413876,3,6972.26778499195,"251,500,750",0.0045841363494776,3,6972.26778499196,"251,500,750",0.00458413635391138,3,6972.26778499196,"251,500,750",0.00458413635004603,3,6972.26778499197,"251,500,750",0.00458413635231977,3,6972.26778499196,"251,500,750",0.0045841363511829,3,6972.26778499196,"155,251,375,500,700,750,854",7,98.7766782231286,"155,251,375,500,700,750,854",7,98.7766782231286,"155,251,375,500,700,750,796,799,854",9,102.195129657934
"251,501,751",0.005,3,7015.70292237746,"209,251,482,485,487,501,505,518,521,751,756",0.00662281873622464,11,7129.86406569409,"251,501,751",0.00590836176773362,3,7012.79587351376,"251,501,751",0.0056868755706748,3,7011.49265545114,"251,501,751",0.00568687557124323,3,7011.49265545114,"251,501,751",0.00568687556999268,3,7011.49265545115,"251,501,751",0.00568687556931056,3,7011.49265545115,"251,501,751",0.00568687557340328,3,7011.49265545115,"251,501,751",0.00568687556862844,3,7011.49265545115,"251,501,751",0.00568687557090217,3,7011.49265545114,"251,501,751",0.00568687557112955,3,7011.49265545115,"251,501,751",0.00568687556919687,3,7011.49265545115,"162,251,400,501,645,751,846",7,151.677517671545,"162,251,400,501,645,751,846",7,151.677517671545,"162,251,400,501,645,751,846",7,151.677517671545
"251,501,751",0.005,3,6933.90725279389,"92,253,254,501,506,531,749,750,751",0.00582260895834356,9,7002.61527360917,"253,501,749",0.00559286240251653,3,6925.28015454064,"253,501,749",0.00498068530578488,3,6921.23547120258,"253,501,749",0.00498068530271533,3,6921.23547120259,"253,501,749",0.00498068530430695,3,6921.23547120259,"253,501,749",0.00498068530317008,3,6921.23547120258,"253,501,749",0.00498068530123741,3,6921.2354712026,"253,501,749",0.00498068530294271,3,6921.23547120259,"253,501,749",0.00498068530623963,3,6921.23547120258,"253,501,749",0.00498068530362483,3,6921.23547120259,"253,501,749",0.00498068530169215,3,6921.23547120259,"8,182,254,420,501,603,749,872",8,49.8056254731722,"8,182,254,420,501,603,751,872",8,51.2325012031251,"182,254,420,501,603,751,872",7,52.5678200209041
"251,501,751",0.005,3,7046.69765247134,"246,249,251,498,501,504,513,515,521,560,723,750,751",0.00505395216807897,13,7180.35216021895,"249,501,750",0.00475351122855397,3,7043.914046754,"249,501,750",0.00429609865327874,3,7040.42741337978,"249,501,750",0.00429609865111869,3,7040.42741337978,"249,501,750",0.00429609865305137,3,7040.42741337977,"249,501,750",0.00429609865032288,3,7040.42741337978,"249,501,750",0.00429609865214187,3,7040.42741337978,"249,501,750",0.00429609865077763,3,7040.42741337978,"249,501,750",0.00429609865168713,3,7040.42741337978,"249,501,750",0.00429609864600279,3,7040.42741337979,"249,501,750",0.00429609865089132,3,7040.42741337978,"90,249,379,501,678,750,909",7,163.632350156292,"90,249,379,501,678,750,909",7,163.632350156292,"249,379,501,678,750,909",6,167.907285049548
"251,501,751",0.005,3,6973.34775760881,"251,500,501,506,530,626,669,749,751,773,777",0.00558394210873331,11,7066.28521683999,"251,501,751",0.00500359572469181,3,6975.67876448019,"251,501,751",0.00476960820824837,3,6972.04918235805,"251,501,751",0.00476960821154528,3,6972.04918235805,"251,501,751",0.00476960820893049,3,6972.04918235805,"251,501,751",0.00476960820995367,3,6972.04918235805,"251,501,751",0.00476960820756624,3,6972.04918235805,"251,501,751",0.00476960821120422,3,6972.04918235804,"251,501,751",0.00476960820779362,3,6972.04918235805,"251,501,751",0.00476960820972629,3,6972.04918235805,"251,501,751",0.00476960820983998,3,6972.04918235805,"124,251,393,501,591,751,785,934",8,94.6902183495312,"124,251,393,501,591,751,785,934",8,94.6902183495312,"124,251,393,506,591,751,777,934",8,95.2718581701735
"251,501,751",0.005,3,6916.93710687629,"248,250,253,255,474,479,499,501,746,750",0.00647973411793608,10,7036.15106740441,"250,501,750",0.00544708890663075,3,6905.86904430112,"250,501,750",0.00514231812988428,3,6904.78196487831,"250,501,750",0.00514231813579599,3,6904.78196487831,"250,501,750",0.00514231813454544,3,6904.78196487831,"250,501,750",0.00514231813079377,3,6904.78196487831,"250,501,750",0.00514231813068009,3,6904.78196487831,"250,501,750",0.00514231812999796,3,6904.78196487831,"250,501,750",0.0051423181331812,3,6904.78196487831,"250,501,750",0.00514231813249907,3,6904.78196487831,"250,501,750",0.00514231813079377,3,6904.78196487831,"184,253,386,501,588,750,918",7,52.8766832585667,"184,253,386,501,588,750,918",7,52.8766832585667,"184,253,386,501,588,750,810",7,53.6108643281036
"251,501,751",0.005,3,6977.17943729997,"246,251,254,462,490,501,502,508,512,522,751",0.00685093724626002,11,7122.83762919332,"251,501,751",0.0055629053385315,3,6975.70145035843,"251,501,751",0.00530588393681565,3,6974.87029876611,"251,501,751",0.00530588393670196,3,6974.87029876611,"251,501,751",0.00530588393920307,3,6974.87029876611,"251,501,751",0.00530588393698618,3,6974.87029876612,"251,501,751",0.00530588393630406,3,6974.87029876612,"251,501,751",0.00530588393852095,3,6974.87029876611,"251,501,751",0.00530588393749777,3,6974.87029876611,"251,501,751",0.00530588393738408,3,6974.87029876611,"251,501,751",0.00530588393698618,3,6974.87029876611,"108,251,286,287,371,501,643,751,831",9,128.099148936151,"108,254,371,501,643,751,831",7,131.567671698116,"108,254,286,287,371,501,643,751,831,951",10,134.527023222772
"251,501,751",0.005,3,6885.09986724247,"223,251,266,485,501,502,503,534,750,754",0.00639153879202965,10,6983.63919662047,"251,501,750",0.00554614558635615,3,6880.3613589262,"251,501,750",0.00532955122513804,3,6877.46473915085,"251,501,750",0.00532955122360327,3,6877.46473915084,"251,501,750",0.00532955122371695,3,6877.46473915085,"251,501,750",0.00532955122167059,3,6877.46473915084,"251,501,750",0.005329551221159,3,6877.46473915084,"251,501,750",0.00532955122337589,3,6877.46473915084,"251,501,750",0.00532955122388748,3,6877.46473915085,"251,501,750",0.00532955122468329,3,6877.46473915084,"251,501,750",0.00532955122206849,3,6877.46473915084,"182,251,341,502,624,750,884",7,8.90186932122054,"182,251,341,501,624,750,884",7,9.04648517401965,"182,251,341,503,624,750,884",7,8.9188378254985
"251,501,751",0.005,3,6992.74372320182,"247,251,427,443,499,500,501,503,507,512,519,703,751,753,754",0.00623896915376678,15,7149.94914704982,"251,503,754",0.00628165213776398,3,6993.84095588798,"251,503,754",0.00544222197829089,3,6985.26803453807,"251,503,754",0.0054422219824973,3,6985.26803453807,"251,503,754",0.00544222197965513,3,6985.26803453807,"251,503,754",0.00544222197908669,3,6985.26803453807,"251,503,754",0.00544222197499397,3,6985.26803453807,"251,503,754",0.00544222197704033,3,6985.26803453807,"251,503,754",0.00544222197510765,3,6985.26803453807,"251,503,754",0.00544222197851826,3,6985.26803453806,"251,503,754",0.0054422219781772,3,6985.26803453807,"71,247,336,503,640,753,820",7,134.023370662217,"71,251,336,503,640,753,820",7,135.345590126166,"71,251,336,503,640,753,820",7,135.345590126166
"251,501,751",0.005,3,6977.02475058419,"251,259,454,500,501,746,751",0.0060167392756101,7,7054.83355578972,"251,500,751",0.00496740061204964,3,6974.50679627006,"251,500,751",0.00480012108668868,3,6973.89685008203,"251,500,751",0.00480012108839398,3,6973.89685008202,"251,500,751",0.00480012108930348,3,6973.89685008202,"251,500,751",0.00480012108725711,3,6973.89685008202,"251,500,751",0.00480012108600656,3,6973.89685008203,"251,500,751",0.00480012108646131,3,6973.89685008202,"251,500,751",0.00480012108748449,3,6973.89685008203,"251,500,751",0.00480012108589287,3,6973.89685008203,"251,500,751",0.00480012108657499,3,6973.89685008203,"45,251,369,500,723,751,909",7,109.574431451755,"45,251,369,500,723,751,909",7,109.574431451755,"45,251,369,500,723,751,909",7,109.574431451755
"251,501,751",0.005,3,6866.44061415076,"248,251,257,488,501,750,751,752,754",0.00579272766349349,9,6951.01548266668,"251,501,750",0.00489722662586503,3,6846.35332662458,"251,501,750",0.00473383945064606,3,6845.97915603216,"251,501,750",0.0047338394511008,3,6845.97915603215,"251,501,750",0.00473383945178292,3,6845.97915603217,"251,501,750",0.00473383944973656,3,6845.97915603217,"251,501,750",0.00473383945155555,3,6845.97915603216,"251,501,750",0.00473383945019131,3,6845.97915603216,"251,501,750",0.00473383944700808,3,6845.97915603217,"251,501,750",0.00473383945178292,3,6845.97915603217,"251,501,750",0.0047338394511008,3,6845.97915603216,"141,251,375,501,619,751,831",7,-11.2311313676531,"141,251,375,501,619,750,831",7,-11.2178970791101,"141,251,375,501,619,750,831",7,-11.2178970791101
"251,501,751",0.005,3,6925.96944136223,"242,245,249,251,466,501,521,524,747,751",0.00619806698500416,10,7049.29417222925,"251,501,751",0.00489814133989275,3,6921.35980739061,"251,501,751",0.00473297577773632,3,6920.99732952254,"251,501,751",0.00473297577977913,3,6920.99732952254,"251,501,751",0.00473297578003138,3,6920.99732952253,"251,501,751",0.00473297577969742,3,6920.99732952253,"251,501,751",0.00473297578004914,3,6920.99732952253,"251,501,751",0.0047329757780383,3,6920.99732952254,"251,501,751",0.00473297578250406,3,6920.99732952253,"251,501,751",0.00473297577884832,3,6920.99732952254,"251,501,751",0.00473297577850726,3,6920.99732952254,"148,251,420,501,641,751,884",7,56.1513903414345,"148,251,420,501,641,751,884",7,56.1513903414345,"148,251,420,501,641,751,884",7,56.1513903414345
"251,501,751",0.005,3,7049.91274595112,"245,248,251,495,500,501,751",0.00572119352736446,7,7100.0917215797,"251,501,751",0.00485426809675657,3,7031.47163774191,"251,501,751",0.00479769010063133,3,7031.3137864836,"251,501,751",0.00479769009165007,3,7031.31378648359,"251,501,751",0.00479769009187745,3,7031.31378648359,"251,501,751",0.00479769009562911,3,7031.31378648359,"251,501,751",0.00479769009665229,3,7031.3137864836,"251,501,751",0.00479769009460593,3,7031.3137864836,"251,501,751",0.00479769009437856,3,7031.3137864836,"251,501,751",0.00479769009415118,3,7031.3137864836,"251,501,751",0.004797690093128,3,7031.31378648359,"77,251,388,501,551,751,894",7,150.152325816552,"77,251,388,501,551,751,894",7,150.152325816552,"77,251,388,501,551,751,894",7,150.152325816552
"251,501,751",0.005,3,7016.79827333934,"195,250,251,480,483,485,501,538,751,752",0.00614525169488513,10,7120.1554933944,"251,501,751",0.00594126179323657,3,7023.36794437109,"251,501,751",0.00515233797098299,3,7015.74840057687,"251,501,751",0.00515233797013034,3,7015.74840057686,"251,501,751",0.00515233797069877,3,7015.74840057687,"251,501,751",0.00515233797075561,3,7015.74840057686,"251,501,751",0.00515233797211986,3,7015.74840057687,"251,501,751",0.00515233797058508,3,7015.74840057687,"251,501,751",0.00515233796961875,3,7015.74840057686,"251,501,751",0.0051523379704714,3,7015.74840057686,"251,501,751",0.00515233797092614,3,7015.74840057686,"195,251,340,501,559,751,923",7,146.45121048357,"195,251,340,501,559,751,923",7,146.45121048357,"195,251,340,501,559,751,923",7,146.45121048357
"251,501,751",0.005,3,6954.34921010887,"251,452,501,504,549,751,757",0.00713990261661273,7,7025.14989533109,"251,501,504,751",0.00592500554764722,4,6956.59802746937,"251,504,751",0.00597884998628345,3,6952.47576799132,"251,504,751",0.00571810141692322,3,6946.59497074711,"251,504,751",0.00571810141896958,3,6946.59497074711,"251,504,751",0.0057181014205612,3,6946.59497074711,"251,504,751",0.00571810141919696,3,6946.5949707471,"251,504,751",0.0057181014205612,3,6946.59497074711,"251,504,751",0.00571810141874221,3,6946.59497074711,"251,504,751",0.0057181014205612,3,6946.59497074711,"251,504,751",0.00571810142124332,3,6946.5949707471,"175,251,393,504,608,751,866",7,87.6315959810241,"175,251,393,504,608,751,866",7,87.6315959810241,"175,251,393,504,608,751,866",7,87.6315959810241
"251,501,751",0.005,3,7045.37462573763,"249,251,467,475,495,502,504,509,513,514,516,525,744,749,750,751",0.00630081740454203,16,7228.4142884133,"251,502,751",0.00505693967648726,3,7040.60316612617,"251,502,751",0.00493083248969707,3,7038.67916652528,"251,502,751",0.00493083248708227,3,7038.67916652528,"251,502,751",0.00493083248435378,3,7038.67916652528,"251,502,751",0.00493083248730964,3,7038.67916652528,"251,502,751",0.00493083248640015,3,7038.67916652527,"251,502,751",0.00493083248605909,3,7038.67916652528,"251,502,751",0.00493083248776439,3,7038.67916652527,"251,502,751",0.0049308324859454,3,7038.67916652528,"251,502,751",0.00493083248571803,3,7038.67916652527,"59,251,426,502,657,751,853",7,176.262908072857,"59,251,426,502,657,751,853",7,176.262908072857,"59,251,431,502,657,751,853",7,176.453865287894
"251,501,751",0.005,3,6962.24569005888,"251,254,483,499,501,751,755",0.00635612550468229,7,7055.29052018164,"251,499,751",0.00495678885605115,3,6957.78061941988,"251,499,751",0.00484843975657552,3,6957.42550341843,"251,499,751",0.00484843975793976,3,6957.42550341842,"251,499,751",0.00484843975680289,3,6957.42550341842,"251,499,751",0.0048484397558934,3,6957.42550341842,"251,499,751",0.00484843975475653,3,6957.42550341842,"251,499,751",0.00484843975634814,3,6957.42550341842,"251,499,751",0.00484843975248279,3,6957.42550341842,"251,499,751",0.00484843975521128,3,6957.42550341842,"251,499,751",0.00484843975521128,3,6957.42550341843,"151,251,352,499,639,751,839",7,96.0121603175923,"151,251,352,499,639,751,839",7,96.0121603175923,"151,251,352,499,639,751,839",7,96.0121603175923
"251,501,751",0.005,3,6916.14912246766,"244,249,250,252,256,258,474,490,499,500,501,717,739,751,752,756,762",0.00625750127433342,17,7111.51707991827,"250,256,500,752",0.00577679575043778,4,6918.1136566092,"256,500,752",0.00576395787689936,3,6908.37285527697,"256,500,752",0.00545865334333523,3,6907.55318612855,"256,500,752",0.00545865334515422,3,6907.55318612856,"256,500,752",0.00545865334720058,3,6907.55318612857,"256,500,752",0.00545865334629108,3,6907.55318612856,"256,500,752",0.00545865334606371,3,6907.55318612857,"256,500,752",0.00545865334151624,3,6907.55318612856,"256,500,752",0.00545865334106149,3,6907.55318612854,"256,500,752",0.00545865334083412,3,6907.55318612855,"220,256,379,500,515,691,752,914",8,39.9208034719615,"220,256,379,500,515,691,752,914",8,39.9208034719615,"220,256,379,500,515,691,752,914",8,39.9208034719615
"251,501,751",0.005,3,6971.64117007606,"252,435,451,501,502,514,751,756",0.00684290396219971,8,7057.26401402576,"252,502,751",0.00560054618410937,3,6963.52650605281,"252,502,751",0.00538571070880864,3,6962.21451868157,"252,502,751",0.00538571071017288,3,6962.21451868157,"252,502,751",0.00538571070812652,3,6962.21451868157,"252,502,751",0.0053857107117645,3,6962.21451868157,"252,502,751",0.00538571070949076,3,6962.21451868157,"252,502,751",0.00538571071267399,3,6962.21451868156,"252,502,751",0.00538571070994551,3,6962.21451868157,"252,502,751",0.00538571071108238,3,6962.21451868157,"252,502,751",0.00538571070880864,3,6962.21451868156,"125,252,357,502,615,751,960",7,91.5736455993519,"125,252,357,502,615,751,960",7,91.5736455993519,"125,252,357,502,615,751,960",7,91.5736455993519
"251,501,751",0.005,3,7000.05877300403,"251,252,440,479,485,499,501,502,743,751",0.00689870772472496,10,7150.08661647773,"251,501,751",0.00500961532663412,3,6996.28920849394,"251,501,751",0.00485862926350846,3,6995.76375341672,"251,501,751",0.00485862926510008,3,6995.76375341672,"251,501,751",0.00485862926413374,3,6995.76375341672,"251,501,751",0.00485862926566851,3,6995.76375341673,"251,501,751",0.00485862926589589,3,6995.76375341672,"251,501,751",0.00485862926419058,3,6995.76375341673,"251,501,751",0.00485862926566851,3,6995.76375341672,"251,501,751",0.00485862926714644,3,6995.76375341672,"251,501,751",0.00485862926419058,3,6995.76375341672,"63,251,316,501,684,751,874",7,137.120872211847,"63,251,316,501,684,751,874",7,137.120872211847,"63,251,316,501,684,751,874",7,137.120872211847
"251,501,751",0.005,3,6960.12011050786,"251,458,498,499,502,578,751,752",0.0069145466745813,8,7037.09378495789,"251,502,751",0.00580805212571706,3,6953.95094508839,"251,502,751",0.00564692564783553,3,6953.48274415622,"251,502,751",0.00564692565124613,3,6953.48274415623,"251,502,751",0.00564692564965451,3,6953.48274415623,"251,502,751",0.00564692565010926,3,6953.48274415622,"251,502,751",0.0056469256454481,3,6953.48274415623,"251,502,751",0.00564692565215563,3,6953.48274415623,"251,502,751",0.00564692564692603,3,6953.48274415623,"251,502,751",0.00564692564931345,3,6953.48274415622,"251,502,751",0.00564692565170088,3,6953.48274415622,"121,251,331,502,599,751,889",7,89.6166662959586,"121,251,331,502,599,751,889",7,89.6166662959586,"121,251,331,502,599,751,889",7,89.6166662959586
"251,501,751",0.005,3,6980.01359717922,"245,250,251,482,501,502,516,747,751,755",0.00615973107239127,10,7084.91088116607,"250,502,751",0.00534277519848287,3,6970.33145245044,"250,502,751",0.00515063630733185,3,6969.78947929916,"250,502,751",0.00515063630755922,3,6969.78947929915,"250,502,751",0.00515063630608129,3,6969.78947929916,"250,502,751",0.00515063630755922,3,6969.78947929915,"250,502,751",0.00515063630664973,3,6969.78947929916,"250,502,751",0.0051506363085824,3,6969.78947929915,"250,502,751",0.00515063631017402,3,6969.78947929915,"250,502,751",0.00515063630755922,3,6969.78947929915,"250,502,751",0.00515063630653604,3,6969.78947929915,"147,250,342,502,629,751,893",7,95.8532576519557,"147,250,342,502,629,751,893",7,95.8532576519557,"147,250,342,502,629,751,893",7,95.8532576519557
"251,501,751",0.005,3,7016.3513305334,"250,251,252,462,501,503,506,510,747,749,750,751,753",0.0069299367853951,13,7189.06190168607,"251,501,751",0.00554178531577747,3,7012.5010090277,"251,501,751",0.00529935649174713,3,7011.7407860725,"251,501,751",0.00529935648296482,3,7011.74078607248,"251,501,751",0.00529935648864917,3,7011.74078607249,"251,501,751",0.00529935648737019,3,7011.74078607248,"251,501,751",0.00529935648540909,3,7011.74078607249,"251,501,751",0.00529935648705755,3,7011.74078607249,"251,501,751",0.00529935648788178,3,7011.74078607248,"251,501,751",0.00529935648665965,3,7011.74078607249,"251,501,751",0.00529935648401643,3,7011.74078607248,"121,251,398,503,548,679,751,824",8,153.129655789368,"121,251,398,501,660,751,824",7,152.728356435312,"121,251,398,501,660,751,824",7,152.728356435312
"251,501,751",0.005,3,6985.59281426546,"249,251,252,492,501,508,751,764",0.00652645810021222,8,7090.85817342245,"252,501,751",0.00523125158580351,3,6982.59503571634,"252,501,751",0.00507366180869213,3,6982.28658989733,"252,501,751",0.00507366181130693,3,6982.28658989732,"252,501,751",0.00507366180880582,3,6982.28658989733,"252,501,751",0.00507366181028375,3,6982.28658989733,"252,501,751",0.00507366181051112,3,6982.28658989733,"252,501,751",0.00507366180846476,3,6982.28658989733,"252,501,751",0.00507366181017006,3,6982.28658989733,"252,501,751",0.00507366181107956,3,6982.28658989732,"252,501,751",0.00507366181176168,3,6982.28658989733,"136,252,436,501,692,751,825,946",8,116.273977826935,"136,251,436,501,692,751,924",7,118.02537206411,"136,251,436,501,692,751,924",7,118.02537206411
"251,501,751",0.005,3,6883.31394554736,"249,251,495,501,503,516,744,750,751,757,765",0.0053568812633081,11,6985.43940144425,"249,501,503,751",0.00474066436555588,4,6882.99598312757,"249,501,751",0.00412040970543505,3,6879.90193100873,"249,501,751",0.00464907847072146,3,6870.2539010174,"249,501,751",0.00464907847401837,3,6870.25390101739,"249,501,751",0.0046490784720857,3,6870.2539010174,"249,501,751",0.00464907847134673,3,6870.2539010174,"249,501,751",0.00464907847265413,3,6870.2539010174,"249,501,751",0.00464907847043724,3,6870.25390101739,"249,501,751",0.00464907847271098,3,6870.25390101739,"249,501,751",0.00464907847299519,3,6870.2539010174,"107,249,369,501,599,751,848",7,5.26918764234294,"107,251,369,501,599,751,848",7,8.46955156857847,"107,251,369,501,599,751,848",7,8.46955156857847
"251,501,751",0.005,3,6934.19819994521,"250,470,493,496,501,507,517,752",0.00518565489389508,8,7004.51980823989,"250,496,507,752",0.0039122693631674,4,6920.03958095767,"250,496,507,752",0.0039732329317192,4,6919.88711620957,"250,496,752",0.0032002014023891,3,6916.59969343282,"250,496,752",0.00376194312000931,3,6913.24168271808,"250,496,752",0.00376194312046406,3,6913.24168271808,"250,496,752",0.00376194311955456,3,6913.24168271808,"250,496,752",0.0037619431209188,3,6913.24168271807,"250,496,752",0.00376194311978193,3,6913.24168271807,"250,496,752",0.00376194312205567,3,6913.24168271806,"250,496,752",0.00376194311955456,3,6913.24168271807,"111,250,372,501,586,752",6,36.9187862935451,"111,250,372,496,586,752",6,37.7899227771724,"111,250,372,496,586,752",6,37.7899227771724
"251,501,751",0.005,3,6981.14261415992,"246,251,252,501,507,751,756,759",0.0061590526416798,8,7063.57735044876,"252,501,751",0.00536769419796585,3,6978.07178980103,"252,501,751",0.00530252191022676,3,6978.0251575555,"252,501,751",0.00530252191090888,3,6978.0251575555,"252,501,751",0.00530252191397843,3,6978.02515755551,"252,501,751",0.00530252191488792,3,6978.02515755551,"252,501,751",0.00530252191238681,3,6978.0251575555,"252,501,751",0.00530252191386474,3,6978.02515755551,"252,501,751",0.00530252190897621,3,6978.0251575555,"252,501,751",0.00530252191227312,3,6978.02515755551,"252,501,751",0.00530252191204575,3,6978.02515755551,"96,252,434,501,613,751,832",7,122.478975178324,"96,252,434,501,613,751,832",7,122.478975178324,"95,252,434,501,613,751,832",7,122.481445058548
"251,501,751",0.005,3,6975.72274579029,"246,250,251,500,503,505,506,749,751,753,767",0.0060618754048479,11,7113.57612973427,"251,503,749",0.00478769022557296,3,6963.484512211,"251,503,749",0.00467529386115763,3,6963.23528390416,"251,503,749",0.00467529386377242,3,6963.23528390416,"251,503,749",0.00467529386451139,3,6963.23528390416,"251,503,749",0.00467529386021971,3,6963.23528390416,"251,503,749",0.00467529386107236,3,6963.23528390417,"251,503,749",0.00467529386507982,3,6963.23528390415,"251,503,749",0.00467529386246503,3,6963.23528390416,"251,503,749",0.00467529386473876,3,6963.23528390415,"251,503,749",0.00467529386331768,3,6963.23528390416,"101,251,381,503,607,749,826",7,90.2061685487229,"101,251,381,503,607,749,826",7,90.2061685487229,"101,251,381,503,607,749,826",7,90.2061685487229
"251,501,751",0.005,3,6929.09339719544,"251,252,501,506,523,544,749,750,751,752,753",0.00557559379806627,11,7044.52261211439,"251,501,749,752",0.00485844361825448,4,6937.43479494461,"251,501,752",0.00502114013231173,3,6926.65288040214,"251,501,752",0.00471913859235812,3,6925.68111250048,"251,501,752",0.00471913859008438,3,6925.6811125005,"251,501,752",0.004719138591676,3,6925.68111250049,"251,501,752",0.00471913859645085,3,6925.6811125005,"251,501,752",0.00471913859997514,3,6925.68111250049,"251,501,752",0.00471913859815615,3,6925.6811125005,"251,501,752",0.00471913859679191,3,6925.68111250049,"251,501,752",0.00471913859963408,3,6925.68111250049,"153,251,427,501,576,749,791",7,64.8311422949585,"153,251,427,501,576,749,791",7,64.8311422949585,"153,251,427,501,576,749,791",7,64.8311422949585
"251,501,751",0.005,3,7049.06117282673,"202,225,245,248,254,274,464,491,496,498,501,522,751,752,756",0.00507237366628151,15,7186.28030756275,"202,254,498,752",0.00458081150583673,4,7036.58914076519,"202,254,498,752",0.00427310885836244,4,7035.23483499833,"202,254,498,752",0.00427310885790769,4,7035.23483499832,"202,254,498,752",0.00427310885847613,4,7035.23483499833,"202,254,498,752",0.00427310885813507,4,7035.23483499833,"202,254,498,752",0.00427310885722557,4,7035.23483499833,"202,254,498,752",0.00427310885893088,4,7035.23483499832,"202,254,498,752",0.00427310885677083,4,7035.23483499833,"202,254,498,752",0.0042731088569982,4,7035.23483499833,"202,254,498,752",0.00427310885881719,4,7035.23483499833,"129,202,254,417,498,623,752,897",8,170.941372016402,"129,202,248,274,417,498,623,752,897",9,178.667325102337,"129,202,248,274,417,498,623,752,897",9,178.667325102337
"251,501,751",0.005,3,6982.37105033686,"223,232,249,250,251,423,472,500,501,504,510,544,750,752",0.00563496319642882,14,7110.3427835376,"251,500,752",0.00511592942228767,3,6967.4313179595,"251,500,752",0.00482091297662813,3,6965.54877212701,"251,500,752",0.00482091297210908,3,6965.54877212703,"251,500,752",0.0048209129758039,3,6965.54877212701,"251,500,752",0.00482091297418386,3,6965.54877212702,"251,500,752",0.00482091297787869,3,6965.54877212702,"251,500,752",0.0048209129768555,3,6965.54877212702,"251,500,752",0.00482091297864607,3,6965.54877212702,"251,500,752",0.00482091297827659,3,6965.54877212702,"251,500,752",0.00482091297844712,3,6965.54877212701,"79,223,251,358,500,604,752,904",8,103.291146354969,"124,223,250,358,500,604,752,904",8,106.081794713828,"124,250,500,604,752,904",6,114.315066873182
"251,501,751",0.005,3,6845.17224610412,"251,252,497,501,506,750,751",0.0068814181221978,7,6946.23011194156,"252,501,750",0.00549215729595576,3,6839.59959518371,"252,501,750",0.00538471980870672,3,6839.46748952608,"252,501,750",0.00538471980938885,3,6839.46748952608,"252,501,750",0.00538471981348157,3,6839.46748952606,"252,501,750",0.0053847198123447,3,6839.46748952607,"252,501,750",0.0053847198089341,3,6839.46748952608,"252,501,750",0.00538471980620561,3,6839.46748952609,"252,501,750",0.00538471980688774,3,6839.46748952607,"252,501,750",0.0053847198089341,3,6839.46748952609,"252,501,750",0.00538471981052571,3,6839.46748952607,"155,252,348,501,538,684,750,877",8,-34.7112865586972,"155,252,348,501,538,684,750,877",8,-34.7112865586972,"155,252,348,501,538,750,877",7,-31.9672424335899
"251,501,751",0.005,3,6932.3073807022,"247,251,437,438,486,501,502,583,751,752",0.00614170784856183,10,7055.95867085141,"251,501,751",0.00492199937896003,3,6932.21709994883,"251,501,751",0.0045728190916664,3,6930.62692158526,"251,501,751",0.00457281909200746,3,6930.62692158527,"251,501,751",0.00457281909325801,3,6930.62692158526,"251,501,751",0.00457281909217799,3,6930.62692158525,"251,501,751",0.00457281909132534,3,6930.62692158526,"251,501,751",0.00457281909445172,3,6930.62692158526,"251,501,751",0.00457281909178008,3,6930.62692158526,"251,501,751",0.00457281909058637,3,6930.62692158526,"251,501,751",0.00457281909081375,3,6930.62692158527,"126,251,390,501,625,751,866",7,72.2788370329303,"126,251,390,501,625,751,866",7,72.2788370329303,"126,251,390,501,625,751,866",7,72.2788370329303
"251,501,751",0.005,3,7008.24673797823,"251,254,495,498,501,502,751",0.00647359928303809,7,7097.44532525935,"251,501,751",0.0052017656542819,3,7007.49129196403,"251,501,751",0.00513695833208719,3,7007.39890953051,"251,501,751",0.00513695832915975,3,7007.3989095305,"251,501,751",0.00513695833282615,3,7007.39890953052,"251,501,751",0.00513695833293984,3,7007.39890953051,"251,501,751",0.005136958330524,3,7007.39890953052,"251,501,751",0.00513695832861974,3,7007.39890953051,"251,501,751",0.00513695833160402,3,7007.39890953051,"251,501,751",0.00513695833035347,3,7007.39890953051,"251,501,751",0.00513695833123454,3,7007.39890953051,"150,251,366,501,702,751,866",7,144.401559490801,"150,251,366,501,702,751,866",7,144.401559490801,"150,251,366,501,702,751,866",7,144.401559490801
"251,501,751",0.005,3,6956.74055703637,"244,250,252,253,429,463,484,500,501,503,530,752",0.00709781382174883,12,7094.32314450685,"253,501,752",0.00659808967239589,3,6958.14862665967,"253,501,752",0.00569193015282304,3,6945.4522708945,"253,501,752",0.00569193015339147,3,6945.45227089449,"253,501,752",0.00569193015270935,3,6945.4522708945,"253,501,752",0.00569193015634733,3,6945.45227089449,"253,501,752",0.00569193015498309,3,6945.45227089449,"253,501,752",0.00569193015589258,3,6945.45227089449,"253,501,752",0.00569193015475572,3,6945.4522708945,"253,501,752",0.0056919301574842,3,6945.45227089449,"253,501,752",0.00569193015464203,3,6945.4522708945,"114,252,374,501,634,752,857",7,99.2306407683596,"114,253,374,501,634,752,857",7,99.9638478065131,"114,253,374,501,634,752,857",7,99.9638478065131
"251,501,751",0.005,3,6940.0265849656,"241,251,500,501,503,526,737,749,753",0.00640186425713012,9,7062.42227930191,"251,501,749",0.00497187853515884,3,6933.82055031617,"251,501,749",0.00483874433000266,3,6933.56417044386,"251,501,749",0.00483874432764366,3,6933.56417044386,"251,501,749",0.00483874432616573,3,6933.56417044386,"251,501,749",0.00483874432627941,3,6933.56417044386,"251,501,749",0.00483874432721733,3,6933.56417044386,"251,501,749",0.00483874432741628,3,6933.56417044386,"251,501,749",0.00483874432701838,3,6933.56417044386,"251,501,749",0.00483874432627941,3,6933.56417044386,"251,501,749",0.00483874432798472,3,6933.56417044386,"111,251,370,501,564,749,854",7,82.9274756930692,"111,251,370,501,564,749,854",7,82.9274756930692,"111,251,370,501,563,737,749,854",8,85.0670882707979
"251,501,751",0.005,3,7026.67435549989,"251,498,501,504,507,750,752,754",0.00715458817783408,8,7132.15268656013,"251,501,752",0.0060876143564443,3,7025.82581088938,"251,501,752",0.0055899829555808,3,7022.35828110108,"251,501,752",0.00558998295330707,3,7022.35828110108,"251,501,752",0.0055899829564903,3,7022.35828110108,"251,501,752",0.00558998296103777,3,7022.3582811011,"251,501,752",0.00558998295580818,3,7022.35828110109,"251,501,752",0.00558998295899141,3,7022.35828110109,"251,501,752",0.00558998295808192,3,7022.35828110109,"251,501,752",0.00558998295307969,3,7022.35828110107,"251,501,752",0.00558998295899141,3,7022.35828110109,"122,251,430,501,602,720,752,890",8,163.491355665658,"122,251,430,501,610,750,890",7,166.145296315094,"122,251,430,501,610,750,890",7,166.145296315094
"251,501,751",0.005,3,6983.034068306,"232,234,239,246,251,254,256,501,751",0.00620047730785432,9,7057.83926919765,"239,251,501,751",0.0060114956324147,4,6979.15096184571,"251,501,751",0.00591828499476854,3,6972.25302708728,"251,501,751",0.00564474949172098,3,6971.59656701113,"251,501,751",0.00564474948717351,3,6971.59656701113,"251,501,751",0.00564474949149361,3,6971.59656701114,"251,501,751",0.00564474949149361,3,6971.59656701114,"251,501,751",0.00564474948535452,3,6971.59656701113,"251,501,751",0.00564474948353553,3,6971.59656701113,"251,501,751",0.00564474948399028,3,6971.59656701114,"251,501,751",0.00564474949353997,3,6971.59656701113,"106,232,251,332,501,553,751,876",8,101.598355344239,"106,239,332,501,553,751,876",7,103.113665037586,"106,239,332,501,553,751,876",7,103.113665037586
"251,501,751",0.005,3,6879.71889783469,"250,251,494,495,501,507,523,751,752,754",0.00578631706163444,10,6983.97307999751,"251,501,751",0.00495536103132673,3,6878.29938599952,"251,501,751",0.0047645668063781,3,6877.11874171029,"251,501,751",0.00476456681365405,3,6877.11874171029,"251,501,751",0.0047645668106982,3,6877.11874171029,"251,501,751",0.00476456680910658,3,6877.1187417103,"251,501,751",0.00476456680683284,3,6877.11874171029,"251,501,751",0.00476456680956133,3,6877.11874171028,"251,501,751",0.00476456681160769,3,6877.11874171029,"251,501,751",0.00476456680887921,3,6877.11874171028,"251,501,751",0.00476456681024345,3,6877.11874171029,"8,95,251,397,501,596,751,838",8,-9.313930871026,"8,95,251,397,501,596,751,838",8,-9.313930871026,"8,95,251,397,501,596,751,838",8,-9.313930871026
"251,501,751",0.005,3,6949.1803025046,"132,246,251,253,256,260,275,467,472,492,495,501,521,546,743,750,751,752,754,953",0.0065196393296606,20,7142.16360383898,"251,501,751",0.0062861887608375,3,6961.79791816958,"251,501,751",0.00492611196207247,3,6943.6697439719,"251,501,751",0.00492611195627445,3,6943.66974397189,"251,501,751",0.00492611196593783,3,6943.66974397189,"251,501,751",0.00492611196286828,3,6943.6697439719,"251,501,751",0.00492611196207247,3,6943.6697439719,"251,501,751",0.00492611196082192,3,6943.66974397189,"251,501,751",0.00492611196229985,3,6943.6697439719,"251,501,751",0.00492611195820712,3,6943.66974397188,"251,501,751",0.00492611196116298,3,6943.66974397189,"109,251,382,501,667,751,895",7,78.4989727261771,"109,256,387,501,667,751,895",7,79.6571209873627,"109,256,387,501,667,751,895",7,79.6571209873627
"251,501,751",0.005,3,6985.91104524679,"250,251,252,254,258,401,483,485,501,507,534,746,750,755,757,758",0.00640823114099301,16,7168.10334864136,"250,501,755",0.00595386379525191,3,6991.00330336811,"250,501,755",0.00498579250269514,3,6980.7034923053,"250,501,755",0.00498579250508257,3,6980.70349230529,"250,501,755",0.00498579250644681,3,6980.7034923053,"250,501,755",0.00498579250428676,3,6980.70349230531,"250,501,755",0.00498579250030772,3,6980.70349230531,"250,501,755",0.00498579250542363,3,6980.7034923053,"250,501,755",0.00498579250474151,3,6980.7034923053,"250,501,755",0.00498579250008035,3,6980.7034923053,"250,501,755",0.00498579250690156,3,6980.7034923053,"109,250,278,501,643,755,855",7,116.238146638434,"109,252,278,501,643,755,855",7,119.692471950414,"109,252,278,501,643,755,855",7,119.692471950414
"251,501,751",0.005,3,6948.63221955253,"248,251,282,480,501,751",0.006019008832656,6,7009.37406742602,"251,501,751",0.00514022410899571,3,6946.45440764609,"251,501,751",0.00503069835529649,3,6946.31089683686,"251,501,751",0.00503069835927553,3,6946.31089683688,"251,501,751",0.00503069835506912,3,6946.31089683685,"251,501,751",0.00503069835688811,3,6946.31089683685,"251,501,751",0.00503069835995765,3,6946.31089683687,"251,501,751",0.00503069835961659,3,6946.31089683686,"251,501,751",0.00503069835847972,3,6946.31089683687,"251,501,751",0.00503069835722917,3,6946.31089683685,"251,501,751",0.00503069835671758,3,6946.31089683686,"145,251,366,497,501,592,751,871",8,76.8971082365393,"145,251,366,497,501,592,751,871",8,76.8971082365393,"143,251,366,501,592,751,871",7,81.1944896870944
"251,501,751",0.005,3,6942.65286640781,"247,253,256,499,500,501,508,746,751,754,755",0.00598726055176823,11,7044.7037340525,"247,501,508,755",0.00538553063652388,4,6939.17308584681,"247,501,755",0.0050911966920743,3,6931.62403974017,"247,501,755",0.00514179907507321,3,6928.90123747985,"247,501,755",0.00514179907700589,3,6928.90123747986,"247,501,755",0.00514179907825645,3,6928.90123747986,"247,501,755",0.00514179907774486,3,6928.90123747986,"247,501,755",0.00514179907700589,3,6928.90123747986,"247,501,755",0.00514179907484584,3,6928.90123747985,"247,501,755",0.00514179907837013,3,6928.90123747986,"247,501,755",0.00514179907569849,3,6928.90123747985,"167,247,296,501,685,755,906",7,81.4105910555651,"167,253,352,501,685,755,906",7,89.3869650608228,"167,253,352,501,685,755,906",7,89.3869650608228
"251,501,751",0.005,3,6985.58997700244,"192,232,250,251,498,502,506,543,750,757,758,764",0.00481253433588325,12,7090.1302388308,"251,498,750,758",0.0043111687572305,4,6975.01606209,"251,498,750,758",0.00409590384071433,4,6974.39621572238,"251,498,750,758",0.00409590384639867,4,6974.39621572237,"251,498,750,758",0.00409590384367019,4,6974.39621572237,"251,498,750,758",0.00409590384685342,4,6974.39621572237,"251,498,750,758",0.00409590384025958,4,6974.39621572236,"251,498,758",0.00502234765436154,3,6973.01746506909,"251,498,758",0.00429027468622401,3,6968.22342990631,"251,498,758",0.00429027468235865,3,6968.2234299063,"251,498,758",0.00429027468304078,3,6968.22342990631,"60,192,251,394,498,689,758",7,104.631862986193,"60,192,251,394,498,572,750,764",8,106.015935319118,"60,192,251,394,498,568,750,764",8,106.043160792039
"251,501,751",0.005,3,7058.43518151174,"252,254,501,751,767",0.0066079452294343,5,7144.76124065085,"252,501,751",0.00489396403947905,3,7050.28639713269,"252,501,751",0.00480684699831502,3,7050.21388397018,"252,501,751",0.00480684699967926,3,7050.21388397019,"252,501,751",0.00480684700399936,3,7050.21388397018,"252,501,751",0.00480684699990664,3,7050.21388397017,"252,501,751",0.00480684700308987,3,7050.21388397018,"252,501,751",0.00480684699808765,3,7050.21388397018,"252,501,751",0.00480684700149825,3,7050.21388397019,"252,501,751",0.00480684699649603,3,7050.21388397018,"252,501,751",0.00480684699899714,3,7050.21388397018,"143,252,395,501,600,751,865",7,186.970132397896,"143,252,395,501,600,751,865",7,186.970132397896,"143,252,395,501,600,751,865",7,186.970132397896
"251,501,751",0.005,3,6885.40515820155,"234,248,251,483,497,500,504,506,569,589,752",0.00661262532720376,11,7006.06454056448,"251,500,752",0.00523040931438828,3,6872.7149886279,"251,500,752",0.00511685338328414,3,6872.2221711765,"251,500,752",0.00511685338476207,3,6872.22217117651,"251,500,752",0.00511685338800214,3,6872.2221711765,"251,500,752",0.00511685338248833,3,6872.2221711765,"251,500,752",0.00511685339038957,3,6872.22217117652,"251,500,752",0.00511685338743371,3,6872.22217117651,"251,500,752",0.00511685338385257,3,6872.22217117651,"251,500,752",0.00511685338970744,3,6872.2221711765,"251,500,752",0.00511685338612631,3,6872.2221711765,"150,251,414,500,659,752,867",7,-3.93347058547806,"150,251,414,500,659,752,867",7,-3.93347058547806,"150,251,414,500,659,752,867",7,-3.93347058547806
"251,501,751",0.005,3,6904.83989251858,"250,251,497,500,501,502,503,739,747,751,756",0.00616081800745134,11,7064.2991742506,"251,500,751",0.00469456701030955,3,6896.0554627251,"251,500,751",0.00456114618283373,3,6895.77928195542,"251,500,751",0.00456114618573274,3,6895.77928195541,"251,500,751",0.00456114618760858,3,6895.77928195542,"251,500,751",0.0045611461807021,3,6895.77928195541,"251,500,751",0.00456114618544853,3,6895.77928195542,"251,500,751",0.00456114618445377,3,6895.77928195541,"251,500,751",0.00456114618249267,3,6895.77928195542,"251,500,751",0.00456114617800204,3,6895.77928195542,"251,500,751",0.0045611461856759,3,6895.77928195541,"97,251,444,500,575,739,756,912",8,20.1357236566036,"97,251,444,500,575,751,912",7,21.7189093357433,"97,251,444,500,575,739,751,912",8,20.7455530060129
"251,501,751",0.005,3,7056.57337569573,"240,251,253,266,283,486,501,503,504,748,751,755",0.005485112963596,12,7167.22407422665,"240,266,501,751",0.00507391692561935,4,7056.75696869711,"240,266,501,751",0.00477143983682886,4,7055.77775483411,"240,266,501,751",0.00477143983546462,4,7055.77775483411,"240,266,501,751",0.00477143983319088,4,7055.77775483411,"240,266,501,751",0.00477143983364563,4,7055.77775483411,"240,266,501,751",0.00477143983148558,4,7055.77775483411,"240,266,501,751",0.00477143983068977,4,7055.77775483411,"240,266,501,751",0.00477143983466881,4,7055.77775483411,"240,266,501,751",0.00477143983284982,4,7055.77775483411,"240,266,501,751",0.00477143983489618,4,7055.77775483411,"129,240,266,332,501,623,751,829",8,194.815234851248,"129,240,266,332,501,623,751,829",8,194.815234851248,"129,240,266,332,501,623,751,829",8,194.815234851248
"251,501,751",0.005,3,7000.95943264114,"244,251,490,501,502,504,508,750,751",0.00674963139967525,9,7108.65604879334,"251,501,751",0.00553563061872882,3,6996.83398566696,"251,501,751",0.00540665791404675,3,6996.47399698106,"251,501,751",0.00540665791520494,3,6996.47399698106,"251,501,751",0.00540665791388333,3,6996.47399698106,"251,501,751",0.00540665791391175,3,6996.47399698106,"251,501,751",0.00540665791343568,3,6996.47399698106,"251,501,751",0.00540665791373411,3,6996.47399698106,"251,501,751",0.00540665791224197,3,6996.47399698107,"251,501,751",0.00540665791224197,3,6996.47399698106,"251,501,751",0.00540665791482835,3,6996.47399698106,"122,251,419,501,599,751,873",7,145.523092072544,"122,251,419,501,599,750,873",7,146.353545716342,"122,251,419,501,599,750,873",7,146.353545716342
"251,501,751",0.005,3,6924.41879950701,"246,248,251,253,267,431,432,498,500,501,544,751,752,753",0.00574993009819786,14,7076.47800963257,"251,501,751",0.00510411762347287,3,6923.05537892491,"251,501,751",0.00487795186912113,3,6922.30196169766,"251,501,751",0.00487795187116749,3,6922.30196169766,"251,501,751",0.00487795187048537,3,6922.30196169767,"251,501,751",0.00487795187071274,3,6922.30196169767,"251,501,751",0.00487795187173593,3,6922.30196169766,"251,501,751",0.00487795187253173,3,6922.30196169767,"251,501,751",0.0048779518719633,3,6922.30196169766,"251,501,751",0.00487795187071274,3,6922.30196169767,"251,501,751",0.0048779518719633,3,6922.30196169766,"136,251,380,501,589,751,833",7,66.8661841415485,"136,253,380,501,589,752,833",7,69.8330491776951,"136,253,380,501,589,752,833",7,69.8330491776951
"251,501,751",0.005,3,6967.26875523365,"249,251,488,497,499,500,502,527,750,751,764",0.00638998298750718,11,7080.43361549374,"249,497,751",0.00519357532438173,3,6960.17086201108,"249,497,751",0.00509623008359,3,6957.21185703388,"249,497,751",0.00509623007897147,3,6957.21185703388,"249,497,751",0.00509623007831066,3,6957.21185703387,"249,497,751",0.00509623008081888,3,6957.21185703388,"249,497,751",0.00509623008085441,3,6957.21185703388,"249,497,751",0.00509623008207654,3,6957.21185703388,"249,497,751",0.00509623008160758,3,6957.21185703388,"249,497,751",0.00509623007867304,3,6957.21185703388,"249,497,751",0.00509623007897147,3,6957.21185703388,"112,249,316,450,497,621,751,880",8,101.902838467117,"112,249,396,499,621,751,880",7,104.674550253107,"112,249,396,499,621,751,880",7,104.674550253107
"251,501,751",0.005,3,6947.00163692405,"248,251,255,265,268,493,501,512,598,751,752",0.00586615681603398,11,7055.66466673201,"251,501,751",0.0054380508262743,3,6939.22681715214,"251,501,751",0.00506640469209868,3,6937.65898474538,"251,501,751",0.00506640469664615,3,6937.65898474537,"251,501,751",0.00506640469471348,3,6937.65898474538,"251,501,751",0.00506640469766933,3,6937.65898474537,"251,501,751",0.00506640469494085,3,6937.65898474538,"251,501,751",0.00506640469801039,3,6937.65898474538,"251,501,751",0.00506640469812408,3,6937.65898474537,"251,501,751",0.00506640469812408,3,6937.65898474537,"251,501,751",0.00506640469300817,3,6937.65898474538,"155,251,317,429,501,635,751,839",8,75.9140759883227,"155,251,317,429,501,635,751,839",8,75.9140759883227,"155,251,317,429,501,635,751,839",8,75.9140759883227
"251,501,751",0.005,3,6939.181999553,"246,249,251,252,275,371,428,470,498,499,500,750,751",0.00621897349341422,13,7066.28884559128,"249,500,751",0.00569815166555813,3,6929.54088061685,"249,500,751",0.00542633302106116,3,6928.77121742722,"249,500,751",0.00542633301946955,3,6928.77121742722,"249,500,751",0.00542633301941271,3,6928.77121742722,"249,500,751",0.00542633302282331,3,6928.77121742722,"249,500,751",0.00542633301912849,3,6928.77121742722,"249,500,751",0.00542633302106116,3,6928.77121742722,"249,500,751",0.00542633302026536,3,6928.77121742722,"249,500,751",0.00542633302037904,3,6928.77121742722,"249,500,751",0.00542633301867374,3,6928.77121742722,"91,249,275,449,500,538,682,751,882",9,81.5421018791461,"91,249,276,449,500,661,751,882",8,82.4511242347545,"91,249,276,449,500,661,751,825",8,83.691885438845
"251,501,751",0.005,3,6879.91992820829,"239,250,251,496,501,751,752,753,766,771",0.0057359164073378,10,6978.6117541806,"251,501,751",0.00531183812657734,3,6876.88440618799,"251,501,751",0.00522562953965377,3,6876.77858848376,"251,501,751",0.00522562953854533,3,6876.77858848375,"251,501,751",0.00522562953905692,3,6876.77858848376,"251,501,751",0.00522562953971062,3,6876.77858848376,"251,501,751",0.00522562954127381,3,6876.77858848376,"251,501,751",0.00522562954329175,3,6876.77858848376,"251,501,751",0.0052256295387727,3,6876.77858848376,"251,501,751",0.00522562953792005,3,6876.77858848376,"251,501,751",0.00522562954172856,3,6876.77858848376,"164,251,373,501,541,751,837",7,13.6381589439624,"164,251,373,501,541,751,837",7,13.6381589439624,"164,251,373,501,541,751,837",7,13.6381589439624
"251,501,751",0.005,3,6982.47298231951,"251,501,530,741,751,753",0.00579817493092723,6,7032.76972924755,"251,501,753",0.0051273258116959,3,6978.33752250634,"251,501,753",0.00499527917159483,3,6978.14061424335,"251,501,753",0.00499527916949163,3,6978.14061424336,"251,501,753",0.0049952791684116,3,6978.14061424336,"251,501,753",0.00499527916755895,3,6978.14061424336,"251,501,753",0.004995279165001,3,6978.14061424336,"251,501,753",0.00499527917699496,3,6978.14061424334,"251,501,753",0.00499527917165168,3,6978.14061424335,"251,501,753",0.00499527917767708,3,6978.14061424334,"251,501,753",0.00499527916778633,3,6978.14061424336,"165,251,432,501,638,753,850",7,109.633250928455,"165,251,432,501,638,751,850",7,110.207942696523,"165,251,432,501,638,751,850",7,110.207942696523
"251,501,751",0.005,3,6930.01496889294,"249,251,252,266,278,499,500,501,506,751,752,759",0.00654522505199925,12,7061.22856231622,"251,501,751",0.00624785448664471,3,6930.76371805209,"251,501,751",0.00569424953348251,3,6925.4672806983,"251,501,751",0.00569424953581309,3,6925.46728069828,"251,501,751",0.00569424953996266,3,6925.46728069828,"251,501,751",0.00569424952748553,3,6925.46728069831,"251,501,751",0.00569424953706365,3,6925.46728069829,"251,501,751",0.0056942495342499,3,6925.4672806983,"251,501,751",0.00569424953902475,3,6925.46728069827,"251,501,751",0.00569424953356778,3,6925.4672806983,"251,501,751",0.0056942495288782,3,6925.4672806983,"185,251,355,501,668,751,910",7,71.9707914743972,"185,251,355,501,668,751,910",7,71.9707914743972,"185,251,355,501,668,751,910",7,71.9707914743972
"251,501,751",0.005,3,6891.49803299537,"251,252,257,489,501,503,509,518,530,751",0.00651486701365425,10,7020.9306511976,"257,501,751",0.0053234606983195,3,6883.57366972853,"257,501,751",0.00507705869099089,3,6882.66195497111,"257,501,751",0.0050770586904793,3,6882.66195497111,"257,501,751",0.00507705869018087,3,6882.6619549711,"257,501,751",0.00507705868893031,3,6882.66195497111,"257,501,751",0.00507705869091983,3,6882.66195497111,"257,501,751",0.00507705869184354,3,6882.6619549711,"257,501,751",0.00507705868955559,3,6882.66195497111,"257,501,751",0.0050770586910051,3,6882.66195497111,"257,501,751",0.00507705868941348,3,6882.66195497111,"143,257,388,501,594,751,833",7,27.1748752056624,"143,252,318,501,594,751,833",7,32.0104207492076,"143,252,318,501,594,751,833",7,32.0104207492076
"251,501,751",0.005,3,6919.72299230916,"249,255,501,514,751,762,763",0.00596873415964261,7,6990.54668404084,"249,501,751",0.00519314486010645,3,6914.28609512598,"249,501,751",0.00502037171131124,3,6913.90616421474,"249,501,751",0.00502037171142492,3,6913.90616421475,"249,501,751",0.00502037171267548,3,6913.90616421475,"249,501,751",0.00502037171068596,3,6913.90616421475,"249,501,751",0.0050203717060248,3,6913.90616421475,"249,501,751",0.00502037171051543,3,6913.90616421475,"249,501,751",0.00502037170892381,3,6913.90616421475,"249,501,751",0.00502037171341444,3,6913.90616421474,"249,501,751",0.00502037171000384,3,6913.90616421474,"73,249,412,501,549,751,912",7,61.1034665285052,"73,249,412,501,549,751,912",7,61.1034665285052,"73,249,412,501,549,751,912",7,61.1034665285052
"251,501,751",0.005,3,6982.54520159003,"233,248,249,251,470,471,478,501,503,751,753,754,763",0.00574497608009565,13,7129.39332792897,"251,501,751",0.00486472233336269,3,6981.68910016054,"251,501,751",0.0046724662620328,3,6980.37387947814,"251,501,751",0.00467246625975906,3,6980.37387947814,"251,501,751",0.00467246626294229,3,6980.37387947815,"251,501,751",0.00467246626407916,3,6980.37387947814,"251,501,751",0.00467246626407916,3,6980.37387947814,"251,501,751",0.00467246626226017,3,6980.37387947814,"251,501,751",0.00467246626407916,3,6980.37387947814,"251,501,751",0.00467246626271492,3,6980.37387947814,"251,501,751",0.00467246626089593,3,6980.37387947815,"120,251,407,501,622,751,958",7,102.349977005679,"120,251,407,501,622,751,958",7,102.349977005679,"120,251,407,501,543,751,958",7,102.672552617152
"251,501,751",0.005,3,7051.15735800051,"250,251,474,492,499,501,751,755",0.00621787133071513,8,7161.43387422206,"250,501,751",0.00482736822632178,3,7050.53673888911,"250,501,751",0.00466558544319379,3,7050.24502822077,"250,501,751",0.0046655854422843,3,7050.24502822077,"250,501,751",0.00466558544296642,3,7050.24502822077,"250,501,751",0.00466558544273905,3,7050.24502822077,"250,501,751",0.00466558543728208,3,7050.24502822077,"250,501,751",0.00466558543955582,3,7050.24502822077,"250,501,751",0.00466558544160218,3,7050.24502822077,"250,501,751",0.00466558544182955,3,7050.24502822076,"250,501,751",0.00466558543932844,3,7050.24502822077,"160,162,251,412,501,636,751,797",8,180.409183757948,"172,250,412,501,636,751,797",7,184.912239267916,"172,250,412,501,636,751,797",7,184.912239267916
"251,501,751",0.005,3,6945.61711320603,"251,253,255,501,504,527,540,547,741,751",0.00648049290594386,10,7050.09029000873,"253,501,751",0.00555391182808631,3,6939.45315676912,"253,501,751",0.00544265414477218,3,6939.31328662069,"253,501,751",0.0054426541386331,3,6939.3132866207,"253,501,751",0.0054426541386331,3,6939.31328662071,"253,501,751",0.00544265413681411,3,6939.31328662069,"253,501,751",0.00544265414113421,3,6939.3132866207,"253,501,751",0.00544265414067946,3,6939.31328662069,"253,501,751",0.00544265414113421,3,6939.31328662069,"253,501,751",0.00544265414022471,3,6939.31328662069,"253,501,751",0.00544265413635936,3,6939.3132866207,"107,253,453,501,623,751,923",7,76.4719570854671,"107,253,453,501,623,751,923",7,76.4719570854671,"107,253,453,501,623,751,836,923",8,76.0291461606469
"251,501,751",0.005,3,6909.08360174714,"251,487,491,497,501,751,752,768",0.00605752797159991,8,6988.46886173978,"251,501,751",0.00527403973572506,3,6906.01448788752,"251,501,751",0.00520984147014389,3,6905.91262644205,"251,501,751",0.00520984147423661,3,6905.91262644204,"251,501,751",0.005209841472645,3,6905.91262644204,"251,501,751",0.0052098414683249,3,6905.91262644205,"251,501,751",0.00520984147059863,3,6905.91262644204,"251,501,751",0.00520984147287237,3,6905.91262644204,"251,501,751",0.00520984146923439,3,6905.91262644205,"251,501,751",0.00520984147491873,3,6905.91262644203,"251,501,751",0.00520984147241762,3,6905.91262644204,"133,251,418,501,589,751,829",7,36.3002632729409,"133,251,418,501,589,751,829",7,36.3002632729409,"133,251,418,501,589,751,829",7,36.3002632729409
"251,501,751",0.005,3,6889.76757116108,"251,495,501,526,751,752,774",0.00582971372637489,7,6976.9495911932,"251,501,751",0.00462572387615281,3,6886.30597139077,"251,501,751",0.00456149394685472,3,6886.2420701194,"251,501,751",0.00456149394765053,3,6886.2420701194,"251,501,751",0.00456149394765053,3,6886.2420701194,"251,501,751",0.00456149394651366,3,6886.2420701194,"251,501,751",0.00456149394588839,3,6886.2420701194,"251,501,751",0.00456149394668419,3,6886.2420701194,"251,501,751",0.00456149394674104,3,6886.2420701194,"251,501,751",0.00456149394810528,3,6886.2420701194,"251,501,751",0.00456149394696841,3,6886.2420701194,"59,251,318,501,602,751,863",7,12.7747937578226,"59,251,318,501,602,752,863",7,13.9158110666271,"59,251,318,501,602,752,863",7,13.9158110666271
"251,501,751",0.005,3,6975.96143991281,"249,251,482,500,501,748,750,751",0.00545365988118942,8,7066.64167131358,"251,501,750",0.0043255549808912,3,6969.41406746506,"251,501,750",0.00429075139284376,3,6969.39383093761,"251,501,750",0.00429075139034265,3,6969.39383093762,"251,501,750",0.00429075139273008,3,6969.39383093762,"251,501,750",0.00429075139301429,3,6969.39383093761,"251,501,750",0.00429075139108162,3,6969.39383093762,"251,501,750",0.00429075139403748,3,6969.39383093761,"251,501,750",0.00429075139301429,3,6969.39383093762,"251,501,750",0.00429075139221849,3,6969.39383093762,"251,501,750",0.00429075139074056,3,6969.39383093762,"183,251,420,501,576,750,888",7,105.507437651568,"183,251,420,501,576,750,888",7,105.507437651568,"183,251,420,501,576,750,888",7,105.507437651568
"251,501,751",0.005,3,6933.67947758998,"251,252,489,496,501,503,505,752,771",0.00595042695381858,9,7039.7304374391,"251,505,752",0.00498699664688048,3,6933.62914893835,"251,505,752",0.00441241971965325,3,6923.54232333378,"251,505,752",0.00441241972059117,3,6923.54232333378,"251,505,752",0.00441241971956798,3,6923.54232333378,"251,505,752",0.00441241971982378,3,6923.54232333378,"251,505,752",0.00441241971917008,3,6923.54232333378,"251,505,752",0.00441241971848796,3,6923.54232333378,"251,505,752",0.00441241971848796,3,6923.54232333377,"251,505,752",0.00441241972130171,3,6923.54232333378,"251,505,752",0.00441241972167119,3,6923.54232333377,"173,252,399,505,510,595,752,834",8,45.9540275932187,"173,251,399,503,595,752,834",7,50.6145345787675,"180,251,399,503,595,752,834",7,51.2955857254832
"251,501,751",0.005,3,6973.54006891894,"251,424,433,488,499,501,519,750,751,754",0.00675382125565112,10,7064.69452677689,"251,501,751,754",0.00595557532589531,4,6978.66899598687,"251,501,751",0.00642771398820468,3,6970.01557689996,"251,501,751",0.00580727120867636,3,6966.60364466785,"251,501,751",0.00580727120736896,3,6966.60364466785,"251,501,751",0.00580727120708475,3,6966.60364466785,"251,501,751",0.00580727120554997,3,6966.60364466786,"251,501,751",0.00580727120805108,3,6966.60364466786,"251,501,751",0.00580727120896058,3,6966.60364466786,"251,501,751",0.00580727120981323,3,6966.60364466785,"251,501,751",0.00580727120879005,3,6966.60364466785,"45,166,251,354,501,571,751,879",8,108.555860605409,"109,251,354,501,571,751,879",7,108.805474009879,"109,251,354,501,571,751,879",7,108.805474009879
"251,501,751",0.005,3,6999.63631577323,"250,251,451,463,469,501,504,751",0.0063561355106201,8,7114.86477191013,"251,501,751",0.00465439612312577,3,6994.34028841973,"251,501,751",0.00459283334376944,3,6994.28916785055,"251,501,751",0.00459283334899903,3,6994.28916785054,"251,501,751",0.00459283334627055,3,6994.28916785056,"251,501,751",0.00459283334285995,3,6994.28916785055,"251,501,751",0.00459283334763479,3,6994.28916785054,"251,501,751",0.00459283334627055,3,6994.28916785054,"251,501,751",0.00459283334558843,3,6994.28916785055,"251,501,751",0.00459283334990853,3,6994.28916785054,"251,501,751",0.00459283335354651,3,6994.28916785053,"58,251,397,501,601,751,850",7,110.82458150699,"58,251,397,501,601,751,850",7,110.82458150699,"58,251,397,501,601,751,850",7,110.82458150699
"251,501,751",0.005,3,6938.41453577939,"248,250,253,477,499,501,522,531,545,750,751",0.00643472905748777,11,7048.29048288741,"248,501,751",0.00561592573693943,3,6933.13166922607,"248,501,751",0.00537047113104192,3,6932.17220227297,"248,501,751",0.00537047113121245,3,6932.17220227297,"248,501,751",0.0053704711325767,3,6932.17220227297,"248,501,751",0.00537047113581677,3,6932.17220227298,"248,501,751",0.00537047113303144,3,6932.17220227298,"248,501,751",0.00537047113479359,3,6932.17220227298,"248,501,751",0.00537047112973452,3,6932.17220227296,"248,501,751",0.00537047113149667,3,6932.17220227297,"248,501,751",0.00537047113098508,3,6932.17220227297,"106,248,357,501,677,751,912",7,81.5464627670718,"106,248,357,501,677,751,912",7,81.5464627670718,"106,248,357,501,677,751,912",7,81.5464627670718
"251,501,751",0.005,3,6898.50980657119,"251,255,497,498,501,505,508,742,749,751",0.00599246878906768,10,6993.10132874043,"251,501,751",0.00537441071430146,3,6899.57773087687,"251,501,751",0.00525773589964584,3,6894.27297267163,"251,501,751",0.00525773590413647,3,6894.27297267163,"251,501,751",0.00525773589865108,3,6894.27297267164,"251,501,751",0.00525773590018585,3,6894.27297267163,"251,501,751",0.00525773590240274,3,6894.27297267164,"251,501,751",0.00525773590146483,3,6894.27297267163,"251,501,751",0.00525773590228906,3,6894.27297267164,"251,501,751",0.00525773590032796,3,6894.27297267163,"251,501,751",0.00525773590191957,3,6894.27297267163,"109,251,379,501,585,751,896",7,29.9484284207607,"109,251,379,501,585,751,896",7,29.9484284207607,"109,251,379,501,585,683,751,896",8,29.4117476144181
"251,501,751",0.005,3,6951.812721765,"251,485,489,491,501,503,515,523,751,755,761",0.00682775293675567,11,7117.70183386756,"251,491,515,751",0.00484643086102902,4,6960.43633046664,"251,491,515,751",0.00504943935247084,4,6952.79554637919,"251,491,515,751",0.0050494393554267,4,6952.79554637921,"251,491,515,751",0.00504943935588145,4,6952.79554637921,"251,491,515,751",0.00504943935588145,4,6952.79554637921,"251,491,515,751",0.00504943935474458,4,6952.79554637921,"251,491,515,751",0.0050494393545172,4,6952.7955463792,"251,491,515,751",0.00504943935406246,4,6952.7955463792,"251,491,515,751",0.0050494393554267,4,6952.79554637921,"251,491,515,751",0.0050494393545172,4,6952.7955463792,"52,251,394,503,674,751,885",7,77.5584330776597,"52,251,394,503,674,751,885",7,77.5584330776597,"52,251,394,503,674,751,885",7,77.5584330776597
"251,501,751",0.005,3,6934.2618951413,"250,256,475,484,501,503,514,749,750,755,756",0.00572535632275442,11,7037.00084903245,"250,503,749,756",0.00482735350830264,4,6926.75502767441,"250,503,749",0.00523550000900997,3,6918.75597062347,"250,503,749",0.00491057839881049,3,6917.46416406533,"250,503,749",0.00491057840318743,3,6917.46416406533,"250,503,749",0.00491057840091369,3,6917.46416406533,"250,503,749",0.00491057840247689,3,6917.46416406533,"250,503,749",0.00491057840182319,3,6917.46416406533,"250,503,749",0.00491057840025999,3,6917.46416406533,"250,503,749",0.00491057839983367,3,6917.46416406534,"250,503,749",0.00491057840227794,3,6917.46416406533,"135,250,398,503,593,750,910",7,54.3108697944603,"135,250,398,503,593,750,910",7,54.3108697944603,"135,250,398,503,593,750,910",7,54.3108697944603
"251,501,751",0.005,3,6970.22557091588,"251,468,486,500,501,503,750,751",0.00602660546042143,8,7059.79450112129,"251,501,750",0.00499826993335973,3,6967.73076475528,"251,501,750",0.00492262625567734,3,6967.65641284619,"251,501,750",0.00492262625363098,3,6967.6564128462,"251,501,750",0.00492262625550681,3,6967.6564128462,"251,501,750",0.00492262625539313,3,6967.65641284619,"251,501,750",0.00492262625812161,3,6967.65641284619,"251,501,750",0.00492262625624578,3,6967.65641284619,"251,501,750",0.00492262625658684,3,6967.65641284619,"251,501,750",0.00492262625795108,3,6967.65641284619,"251,501,750",0.0049226262552226,3,6967.65641284619,"128,251,389,501,625,750,933",7,72.7247459562953,"128,251,389,501,625,750,933",7,72.7247459562953,"128,251,389,501,625,750,933",7,72.7247459562953
"251,501,751",0.005,3,6912.72596152509,"250,251,500,502,505,506,517,752,755",0.00711104297789206,9,7042.31793121131,"250,500,752",0.00583160855901105,3,6909.52680900219,"250,500,752",0.00530602985446797,3,6903.02776246907,"250,500,752",0.0053060298525353,3,6903.02776246907,"250,500,752",0.00530602985264898,3,6903.02776246908,"250,500,752",0.00530602985378585,3,6903.02776246908,"250,500,752",0.00530602985242161,3,6903.02776246907,"250,500,752",0.00530602985276267,3,6903.02776246907,"250,500,752",0.00530602985287636,3,6903.02776246907,"250,500,752",0.00530602985344479,3,6903.02776246907,"250,500,752",0.00530602985344479,3,6903.02776246908,"153,250,409,500,625,752,929",7,33.6164761172989,"153,250,409,502,625,752,929",7,33.993307517441,"153,250,409,500,625,752,929",7,33.6164761172989
"251,501,751",0.005,3,7001.16010926156,"227,251,252,500,501,502,503,575,751",0.00639257936719487,9,7091.06725555953,"252,500,751",0.00557042259263524,3,6997.87376702614,"252,500,751",0.00541387669153338,3,6997.22461417895,"252,500,751",0.00541387669039651,3,6997.22461417895,"252,500,751",0.00541387668948702,3,6997.22461417895,"252,500,751",0.00541387669039651,3,6997.22461417896,"252,500,751",0.0054138766922155,3,6997.22461417895,"252,500,751",0.00541387669187444,3,6997.22461417895,"252,500,751",0.0054138766878954,3,6997.22461417895,"252,500,751",0.00541387669039651,3,6997.22461417896,"252,500,751",0.0054138766896007,3,6997.22461417896,"99,251,385,500,674,751,899",7,132.047503106474,"99,251,385,501,674,751,899",7,132.072791144411,"99,251,385,500,674,751,796",7,135.502261231564
"251,501,751",0.005,3,7028.43835400246,"218,245,251,478,496,499,500,501,505,751",0.00647836318334775,10,7156.90855657362,"245,251,501,505,751",0.00501458667877122,5,7044.27057618396,"245,251,501,751",0.00488085707116728,4,7030.83772724267,"245,251,501,751",0.00481963526978471,4,7030.72483957633,"245,251,501,751",0.00481963527023946,4,7030.72483957632,"251,501,751",0.00579318051331869,3,7028.29973113194,"251,501,751",0.00495288509256931,3,7021.79733041478,"251,501,751",0.00495288509075032,3,7021.79733041476,"251,501,751",0.00495288508756709,3,7021.79733041477,"251,501,751",0.00495288508392911,3,7021.79733041479,"251,501,751",0.0049528850943883,3,7021.79733041477,"113,218,251,442,501,598,751,887",8,151.004738140375,"121,245,283,442,501,598,751,887",8,154.769982857304,"121,245,442,501,598,751",6,155.152126311038
"251,501,751",0.005,3,6929.57987115152,"248,250,500,501,505,750",0.00627417516500288,6,6996.00284812927,"250,501,750",0.00502467941730399,3,6917.94423727743,"250,501,750",0.00498122245078517,3,6917.885140694,"250,501,750",0.00498122245203573,3,6917.885140694,"250,501,750",0.00498122245430946,3,6917.885140694,"250,501,750",0.00498122245158098,3,6917.885140694,"250,501,750",0.00498122244987568,3,6917.885140694,"250,501,750",0.00498122245374103,3,6917.88514069401,"250,501,750",0.00498122245430946,3,6917.885140694,"250,501,750",0.00498122245089886,3,6917.885140694,"250,501,750",0.00498122245408209,3,6917.88514069401,"107,250,373,501,626,750,900",7,52.9073397559526,"107,250,373,501,626,750,900",7,52.9073397559526,"107,250,373,501,626,750,900",7,52.9073397559526
"251,501,751",0.005,3,6882.39684389472,"252,254,259,480,481,490,501,502,504,748,752,753",0.00696464077715897,12,7035.24244724395,"254,259,501,502,752",0.00562343796784771,5,6894.23441757999,"254,259,502,752",0.00583405900218834,4,6882.8532641583,"254,259,502,752",0.00550082343837727,4,6881.48206763936,"254,259,502,752",0.00550082343928677,4,6881.48206763936,"254,502,752",0.00617738623526412,3,6874.83949471566,"254,502,752",0.00560240815127303,3,6871.68843569676,"254,502,752",0.00560240814780559,3,6871.68843569676,"254,502,752",0.00560240814786243,3,6871.68843569677,"254,502,752",0.00560240814860139,3,6871.68843569676,"254,502,752",0.00560240814840244,3,6871.68843569677,"161,254,350,502,617,752,885",7,-6.36746702775231,"161,254,350,502,617,752,885",7,-6.36746702775231,"161,254,350,502,617,752,885",7,-6.36746702775231
"251,501,751",0.005,3,7001.03403813085,"250,253,256,500,501,509,522,751,752,816",0.00579414280307492,10,7100.9779064323,"250,253,501,752",0.00521317189371559,4,7007.2854826539,"253,501,752",0.00520357249101432,3,6995.0252187121,"253,501,752",0.00504247525555994,3,6994.77232465711,"253,501,752",0.00504247525533257,3,6994.77232465711,"253,501,752",0.00504247525646944,3,6994.77232465711,"253,501,752",0.00504247525737893,3,6994.77232465711,"253,501,752",0.00504247525658312,3,6994.7723246571,"253,501,752",0.00504247525578732,3,6994.7723246571,"253,501,752",0.00504247525840211,3,6994.7723246571,"253,501,752",0.00504247525646944,3,6994.77232465711,"155,253,324,473,501,594,751,816,974",9,126.373184654763,"155,250,324,465,501,594,751,831,974",9,130.062366508809,"155,250,324,465,501,594,751,831,974",9,130.062366508809
"251,501,751",0.005,3,6890.79643342078,"251,257,500,501,507,752",0.00635317805110214,6,6933.90202316495,"251,501,752",0.00542830847734974,3,6872.87960384693,"251,501,752",0.00534533892098429,3,6872.72726300293,"251,501,752",0.00534533891848318,3,6872.72726300293,"251,501,752",0.00534533891939267,3,6872.72726300294,"251,501,752",0.00534533891893792,3,6872.72726300293,"251,501,752",0.00534533892007479,3,6872.72726300293,"251,501,752",0.00534533891575469,3,6872.72726300293,"251,501,752",0.00534533891529995,3,6872.72726300293,"251,501,752",0.00534533891780106,3,6872.72726300293,"251,501,752",0.00534533891529995,3,6872.72726300293,"151,251,383,501,585,752,832",7,7.99477878648628,"151,251,383,501,585,752,832",7,7.99477878648628,"151,251,383,501,585,752,832",7,7.99477878648628
"251,501,751",0.005,3,6967.76109770739,"251,252,468,501,518,521,751,752",0.00567510619202942,8,7056.69657078148,"251,501,752",0.00423985226684509,3,6959.36803848818,"251,501,752",0.00407324680296599,3,6958.39324099446,"251,501,752",0.00407324680535341,3,6958.39324099446,"251,501,752",0.00407324680234071,3,6958.39324099446,"251,501,752",0.00407324680387548,3,6958.39324099446,"251,501,752",0.0040732467985322,3,6958.39324099446,"251,501,752",0.0040732468021986,3,6958.39324099445,"251,501,752",0.00407324680214176,3,6958.39324099446,"251,501,752",0.00407324680333547,3,6958.39324099446,"251,501,752",0.00407324680671765,3,6958.39324099446,"251,364,501,646,752,913",6,87.5459629724844,"251,364,501,646,752,913",6,87.5459629724844,"251,364,501,646,752,946",6,90.8297082980055
"251,501,751",0.005,3,6991.38045740007,"235,238,248,251,501,502,749,751",0.00475480590580924,8,7052.90763271889,"248,502,751",0.00444040364771828,3,6981.46173253313,"248,502,751",0.00430097686190277,3,6980.9316018994,"248,502,751",0.00430097686065221,3,6980.93160189942,"248,502,751",0.00430097686463125,3,6980.93160189941,"248,502,751",0.00430097685428575,3,6980.9316018994,"248,502,751",0.00430097686713236,3,6980.93160189942,"248,502,751",0.0043009768658818,3,6980.93160189941,"248,502,751",0.0043009768598564,3,6980.9316018994,"248,502,751",0.00430097685849216,3,6980.93160189941,"248,502,751",0.00430097685564999,3,6980.9316018994,"96,248,388,502,617,751,900",7,110.722353785983,"96,248,388,502,617,751,900",7,110.722353785983,"34,248,388,502,617,751,900",7,116.230166911183
"251,501,751",0.005,3,7042.28958605579,"236,251,252,495,500,501,504,751,752,753,754",0.00715869711646869,11,7189.92339007729,"252,504,752",0.00579464854378886,3,7030.09084798002,"252,504,752",0.00549840836558458,3,7029.29445819531,"252,504,752",0.00549840837308791,3,7029.29445819529,"252,504,752",0.00549840836922256,3,7029.29445819529,"252,504,752",0.00549840836808569,3,7029.2944581953,"252,504,752",0.00549840836808569,3,7029.2944581953,"252,504,752",0.00549840837195105,3,7029.29445819529,"252,504,752",0.00549840836581196,3,7029.2944581953,"252,504,752",0.00549840836831307,3,7029.2944581953,"252,504,752",0.00549840837308791,3,7029.29445819529,"98,252,429,504,660,752,905",7,167.834204574331,"98,252,429,504,660,752,905",7,167.834204574331,"98,252,429,504,660,752,905",7,167.834204574331
"251,501,751",0.005,3,6871.44782976111,"251,492,501,503,521,751,753,756",0.00563342496072637,8,6962.50342843116,"251,501,751",0.0042930033849541,3,6858.99036577738,"251,501,751",0.00422340914773268,3,6858.77206545173,"251,501,751",0.00422340914477683,3,6858.77206545174,"251,501,751",0.004223409147619,3,6858.77206545173,"251,501,751",0.00422340914591369,3,6858.77206545173,"251,501,751",0.00422340914949483,3,6858.77206545173,"251,501,751",0.00422340914642528,3,6858.77206545173,"251,501,751",0.00422340914784637,3,6858.77206545173,"251,501,751",0.00422340914636844,3,6858.77206545173,"251,501,751",0.00422340914705056,3,6858.77206545173,"98,251,391,501,646,751,861",7,-10.0210934564852,"98,251,391,501,646,751,861",7,-10.0210934564852,"98,251,391,501,646,751,861",7,-10.0210934564852
"251,501,751",0.005,3,6923.8328007635,"251,252,471,498,501,504,511,516,730,751",0.00632597015629103,10,7045.46642892194,"252,498,511,751",0.00499947324394936,4,6929.901996202,"252,498,511,751",0.00490737868507473,4,6926.77468770146,"252,511,751",0.00443471381436954,3,6926.68670905628,"252,511,751",0.00459365775894404,3,6925.94829657778,"252,511,751",0.00459365775212283,3,6925.94829657775,"252,511,751",0.00459365775371445,3,6925.94829657777,"252,511,751",0.0045936577575798,3,6925.94829657777,"252,511,751",0.00459365775598819,3,6925.94829657777,"252,511,751",0.00459365775371445,3,6925.94829657776,"252,511,751",0.0045936577541692,3,6925.94829657776,"127,252,374,504,626,730,751,898",8,52.8264776906926,"127,251,333,504,626,730,751,898",8,53.3887897486415,"127,251,333,504,626,730,751,898",8,53.3887897486415
"251,501,751",0.005,3,6986.60158661666,"239,251,253,450,483,501,502,507,533,752,763",0.00578481558883095,11,7095.68232332532,"251,501,752",0.00564637427464514,3,6986.13569167131,"251,501,752",0.00495561797429735,3,6978.2899126091,"251,501,752",0.00495561797509316,3,6978.2899126091,"251,501,752",0.00495561797395629,3,6978.2899126091,"251,501,752",0.00495561797509316,3,6978.2899126091,"251,501,752",0.00495561797497947,3,6978.2899126091,"251,501,752",0.00495561797486578,3,6978.28991260909,"251,501,752",0.0049556179738426,3,6978.28991260909,"251,501,752",0.00495561797327417,3,6978.2899126091,"251,501,752",0.00495561797361523,3,6978.2899126091,"88,251,331,501,577,752,857",7,118.482698953186,"185,253,331,501,577,752,857",7,119.767979429298,"87,253,331,501,577,752,857",7,120.822610473642
"251,501,751",0.005,3,6862.43048475087,"249,251,252,416,481,485,491,499,501,502,517,750,753,754",0.0065208709765627,14,7068.45438064183,"252,491,499,750",0.00501227093511095,4,6869.57412450971,"252,499,750",0.00426390165678641,3,6855.31700790962,"252,499,750",0.00451977603754071,3,6848.42835959549,"252,499,750",0.00451977603145847,3,6848.42835959548,"252,499,750",0.00451977603305008,3,6848.42835959549,"252,499,750",0.00451977603668806,3,6848.42835959548,"252,499,750",0.00451977603401642,3,6848.42835959548,"252,499,750",0.00451977603492592,3,6848.42835959548,"252,499,750",0.00451977603498276,3,6848.42835959547,"252,499,750",0.00451977604043973,3,6848.42835959547,"141,252,330,499,672,753,844",7,-31.2480982127013,"141,252,330,499,672,750,829",7,-30.3878299101179,"141,252,325,499,672,750,829",7,-29.640805545905
"251,501,751",0.005,3,6978.91889298541,"251,252,253,494,496,501,502,516,596,751,757",0.00644757106669144,11,7111.83363083136,"252,501,757",0.00564764963113413,3,6993.19610848538,"252,501,757",0.00469260737210348,3,6972.41779925475,"252,501,757",0.0046926073713361,3,6972.41779925475,"252,501,757",0.00469260737096661,3,6972.41779925475,"252,501,757",0.00469260737284245,3,6972.41779925475,"252,501,757",0.00469260737187611,3,6972.41779925475,"252,501,757",0.00469260737761729,3,6972.41779925475,"252,501,757",0.00469260737022765,3,6972.41779925474,"252,501,757",0.00469260737071082,3,6972.41779925474,"252,501,757",0.00469260737295613,3,6972.41779925474,"167,252,412,496,751,941",6,90.1926265086622,"167,252,379,501,751,757,941",7,92.4964215453852,"167,252,379,501,757,941",6,93.3167122647804
"251,501,751",0.005,3,6962.1447843825,"251,253,501,502,507,569,744,750,751",0.00604931699427197,9,7046.01442400136,"251,501,751",0.00576430182919198,3,6960.82737672398,"251,501,751",0.00538188817212706,3,6958.65833489626,"251,501,751",0.00538188816860277,3,6958.65833489626,"251,501,751",0.00538188817337761,3,6958.65833489625,"251,501,751",0.00538188817224075,3,6958.65833489625,"251,501,751",0.00538188817405973,3,6958.65833489626,"251,501,751",0.00538188817428711,3,6958.65833489626,"251,501,751",0.00538188817235443,3,6958.65833489626,"251,501,751",0.00538188816985332,3,6958.65833489626,"251,501,751",0.00538188817167231,3,6958.65833489625,"130,251,458,501,613,750,895",7,97.2955566253135,"130,253,458,501,613,751,895",7,100.033733475334,"130,253,458,501,613,751,895",7,100.033733475334
"251,501,751",0.005,3,7081.57808282157,"237,250,251,263,498,501,503,556,750,753",0.00628864649797333,10,7206.58910441919,"251,501,503,753",0.00504988094230749,4,7088.09430233427,"251,501,753",0.00484540510505674,3,7075.15962562193,"251,501,753",0.00480069329350662,3,7075.06236692991,"251,501,753",0.00480069328819176,3,7075.06236692992,"251,501,753",0.00480069329165921,3,7075.06236692991,"251,501,753",0.00480069329134657,3,7075.06236692993,"251,501,753",0.00480069329137499,3,7075.06236692992,"251,501,753",0.0048006932878507,3,7075.06236692991,"251,501,753",0.00480069328984022,3,7075.06236692992,"251,501,753",0.00480069329171605,3,7075.06236692993,"103,251,407,501,716,753,830",7,209.950403167687,"103,250,407,501,750,830",6,210.757725261202,"103,250,407,501,750,830",6,210.757725261202
"251,501,751",0.005,3,6893.40157192516,"249,251,261,283,291,488,489,495,499,500,501,502,506,526,751",0.00531306097471237,15,7045.85378593089,"251,501,751",0.004629270266454,3,6891.98588774547,"251,501,751",0.00479813080073372,3,6890.07370320457,"251,501,751",0.00479813079436725,3,6890.07370320458,"251,501,751",0.0047981308008474,3,6890.07370320457,"251,501,751",0.00479813080209796,3,6890.07370320457,"251,501,751",0.0047981308008474,3,6890.07370320457,"251,501,751",0.00479813079664099,3,6890.07370320456,"251,501,751",0.00479813079823261,3,6890.07370320456,"251,501,751",0.00479813080164321,3,6890.07370320457,"251,501,751",0.00479813079925579,3,6890.07370320456,"122,251,291,426,501,607,751,894",8,13.6518355270327,"122,251,323,426,501,607,751,894",8,15.3500300327555,"122,251,323,501,607,751,894",7,17.02646978902
"251,501,751",0.005,3,7007.47236052452,"251,499,501,506,507,513,747,748,750,751",0.00579329460495853,10,7135.51170438226,"251,499,751",0.00439808327675536,3,7002.24702373178,"251,499,751",0.00429016666633992,3,7001.87976568146,"251,499,751",0.00429016666679467,3,7001.87976568146,"251,499,751",0.00429016666520306,3,7001.87976568145,"251,499,751",0.00429016666793154,3,7001.87976568145,"251,499,751",0.00429016666361144,3,7001.87976568146,"251,499,751",0.00429016666474831,3,7001.87976568146,"251,499,751",0.00429016666781785,3,7001.87976568145,"251,499,751",0.00429016666781785,3,7001.87976568146,"251,499,751",0.004290166664862,3,7001.87976568146,"68,251,418,499,592,751,975",7,132.901265428727,"68,251,418,499,592,751,975",7,132.901265428727,"68,251,418,499,592,751",6,132.621362881756
"251,501,751",0.005,3,6898.67991630041,"250,251,500,501,502,510,512,545,555,748,749,751,755",0.00746390326266546,13,7055.63621884931,"250,500,751,755",0.00636499205828506,4,6907.09462034182,"250,500,755",0.0069214604377222,3,6903.20710299505,"250,500,755",0.00594923465011035,3,6894.28157391132,"250,500,755",0.00594923465170196,3,6894.28157391132,"250,500,755",0.00594923464851873,3,6894.28157391133,"250,500,755",0.00594923465420307,3,6894.28157391132,"250,500,755",0.0059492346505651,3,6894.28157391134,"250,500,755",0.00594923465329358,3,6894.28157391133,"250,500,755",0.00594923464760924,3,6894.28157391133,"250,500,755",0.00594923464874611,3,6894.28157391133,"109,250,385,501,706,755,922",7,20.0531318300876,"109,250,385,501,706,751,792,922",8,20.2797667241523,"109,250,385,501,706,751,792,922",8,20.2797667241523
"251,501,751",0.005,3,6910.96763094959,"244,246,251,493,501,511,533,540,751,752,756",0.00579499447258484,11,7025.79064293603,"251,501,751",0.00511733655336194,3,6910.50355650103,"251,501,751",0.0050277328750986,3,6910.34065237175,"251,501,751",0.00502773287492807,3,6910.34065237175,"251,501,751",0.0050277328731233,3,6910.34065237175,"251,501,751",0.00502773287482149,3,6910.34065237175,"251,501,751",0.00502773287489965,3,6910.34065237175,"251,501,751",0.00502773287603652,3,6910.34065237175,"251,501,751",0.00502773287541124,3,6910.34065237175,"251,501,751",0.00502773287637048,3,6910.34065237175,"251,501,751",0.00502773287752155,3,6910.34065237176,"84,251,393,501,609,751,839,1000",8,44.6776593988829,"84,251,393,501,609,751,839,995",8,57.8027630731821,"84,251,393,501,609,751,839,1000",8,44.6776593988829
"251,501,751",0.005,3,7023.33518124408,"192,230,249,252,253,261,498,501,503,505,510,751,752",0.00555970102414688,13,7150.0702191084,"249,252,501,752",0.00555331057388099,4,7029.24486212936,"252,501,752",0.00537968349014873,3,7015.75243285195,"252,501,752",0.00521402330783711,3,7015.50585818958,"252,501,752",0.00521402330465387,3,7015.50585818957,"252,501,752",0.0052140233044265,3,7015.50585818958,"252,501,752",0.00521402330465387,3,7015.50585818957,"252,501,752",0.00521402330215276,3,7015.50585818957,"252,501,752",0.00521402330397175,3,7015.50585818957,"252,501,752",0.00521402330488125,3,7015.50585818957,"252,501,752",0.00521402330647286,3,7015.50585818957,"175,252,377,501,632,752,872",7,152.207738335104,"175,252,377,501,632,752,872",7,152.207738335104,"175,252,377,501,632,752,872",7,152.207738335104
"251,501,751",0.005,3,7013.66330783492,"251,258,501,511,523,751",0.00685276046250797,6,7076.5388839793,"251,501,751",0.0057991330697396,3,7004.36283298155,"251,501,751",0.00556983223159669,3,7003.80343755663,"251,501,751",0.0055698322313551,3,7003.80343755664,"251,501,751",0.00556983223168195,3,7003.80343755664,"251,501,751",0.00556983223104246,3,7003.80343755663,"251,501,751",0.00556983223254881,3,7003.80343755664,"251,501,751",0.00556983223159669,3,7003.80343755664,"251,501,751",0.00556983223202301,3,7003.80343755664,"251,501,751",0.0055698322308293,3,7003.80343755663,"251,501,751",0.00556983223256302,3,7003.80343755664,"95,251,427,501,680,751,867,997",8,155.52759678906,"150,258,427,501,680,751,867,997",8,158.949086460531,"150,258,427,501,680,751,867,997",8,158.949086460531
"251,501,751",0.005,3,6907.2664667119,"251,254,465,492,499,501,502,505,516,531,546,750",0.00687171605924986,12,7055.31765335075,"251,502,750",0.00534416511525189,3,6904.82318763373,"251,502,750",0.00535768900623451,3,6902.44129994081,"251,502,750",0.00535768900623096,3,6902.44129994081,"251,502,750",0.00535768900829508,3,6902.4412999408,"251,502,750",0.0053576890081885,3,6902.44129994081,"251,502,750",0.00535768900936445,3,6902.4412999408,"251,502,750",0.00535768900449723,3,6902.44129994081,"251,502,750",0.00535768900615635,3,6902.44129994081,"251,502,750",0.00535768900650451,3,6902.44129994081,"251,502,750",0.00535768900757388,3,6902.44129994081,"91,197,251,386,502,658,750,886",8,33.824589313218,"98,197,251,386,502,658,750,886",8,34.3606946747671,"98,197,251,386,502,658,750,886",8,34.3606946747671
"251,501,751",0.005,3,6967.59923611902,"242,251,253,254,494,497,500,501,508,509,751",0.00574447323260673,11,7083.1926376223,"254,501,751",0.00543168783102095,3,6968.37125192306,"254,501,751",0.00496575315240031,3,6965.12918157963,"254,501,751",0.00496575315058132,3,6965.12918157964,"254,501,751",0.00496575315069501,3,6965.12918157963,"254,501,751",0.00496575315114975,3,6965.12918157963,"254,501,751",0.00496575315035395,3,6965.12918157964,"254,501,751",0.00496575315035395,3,6965.12918157963,"254,501,751",0.00496575315171819,3,6965.12918157963,"254,501,751",0.00496575315001289,3,6965.12918157963,"254,501,751",0.00496575315114975,3,6965.12918157963,"98,253,389,501,594,751,959",7,113.405340690903,"98,254,389,501,594,751,959",7,114.56423885598,"98,254,389,501,594,751,959",7,114.56423885598
"251,501,751",0.005,3,7048.93429327304,"249,252,499,501,502,504,506,523,565,574,589,750,752",0.00738998748665313,13,7215.19260221628,"252,501,752",0.0057049057130533,3,7042.76912010236,"252,501,752",0.00550624736859962,3,7041.09402495276,"252,501,752",0.00550624736791749,3,7041.09402495276,"252,501,752",0.00550624736780381,3,7041.09402495277,"252,501,752",0.00550624736450689,3,7041.09402495277,"252,501,752",0.00550624736825856,3,7041.09402495277,"252,501,752",0.00550624736803118,3,7041.09402495277,"252,501,752",0.00550624736746275,3,7041.09402495277,"252,501,752",0.00550624736837224,3,7041.09402495277,"252,501,752",0.00550624736587113,3,7041.09402495276,"182,252,411,501,616,752,826,921",8,190.917445373284,"182,252,411,501,616,750,826,921",8,191.028859381011,"182,252,411,501,616,750,826,921",8,191.028859381011
"251,501,751",0.005,3,6939.94669727882,"248,249,251,498,500,501,502,530,541,546,751",0.00625163898424425,11,7040.64767529713,"251,501,530,751",0.00542440973430975,4,6938.0668538633,"251,501,751",0.00509299223737879,3,6934.12461095281,"251,501,751",0.00509406482211644,3,6933.98123573204,"251,501,751",0.00509406482348068,3,6933.98123573204,"251,501,751",0.00509406482316804,3,6933.98123573204,"251,501,751",0.00509406482257119,3,6933.98123573204,"251,501,751",0.00509406482251434,3,6933.98123573204,"251,501,751",0.00509406482291225,3,6933.98123573204,"251,501,751",0.00509406482238644,3,6933.98123573204,"251,501,751",0.00509406482504387,3,6933.98123573204,"94,251,375,501,605,751,888",7,65.8712144061452,"94,251,375,501,605,751,888",7,65.8712144061452,"94,251,375,501,605,751,888",7,65.8712144061452
"251,501,751",0.005,3,6950.83301645807,"251,383,474,475,477,500,501,537,751,755",0.0053392810456517,10,7042.85418612483,"251,501,751",0.00423362363088249,3,6945.55728889618,"251,501,751",0.00424798776330692,3,6945.33922008548,"251,501,751",0.00424798776631962,3,6945.33922008547,"251,501,751",0.00424798776535328,3,6945.33922008547,"251,501,751",0.00424798776717227,3,6945.33922008546,"251,501,751",0.00424798776791124,3,6945.33922008546,"251,501,751",0.00424798776404589,3,6945.33922008547,"251,501,751",0.00424798776882073,3,6945.33922008545,"251,501,751",0.00424798776387536,3,6945.33922008548,"251,501,751",0.00424798776660384,3,6945.33922008547,"168,251,323,501,601,751,880",7,82.4663412568842,"168,251,323,501,601,751,880",7,82.4663412568842,"168,251,501,601,751,880",6,85.3235667272151
"251,501,751",0.005,3,6950.53275052284,"246,247,251,500,501,504,509,751",0.00614860753824774,8,7039.9997758515,"251,500,751",0.00505715841562425,3,6944.43407561159,"251,500,751",0.00500127257966965,3,6944.37989538963,"251,500,751",0.00500127258512662,3,6944.37989538963,"251,500,751",0.0050012725792149,3,6944.37989538964,"251,500,751",0.0050012725861498,3,6944.37989538963,"251,500,751",0.00500127258114758,3,6944.37989538963,"251,500,751",0.00500127258006755,3,6944.37989538964,"251,500,751",0.00500127258160232,3,6944.37989538964,"251,500,751",0.00500127258103389,3,6944.37989538963,"251,500,751",0.00500127258444449,3,6944.37989538963,"212,251,376,500,551,751,869",7,75.1258789469998,"212,251,376,500,551,751,869",7,75.1258789469998,"212,251,376,500,551,751,869",7,75.1258789469998
"251,501,751",0.005,3,6938.88243991573,"249,252,491,501,502,506,527,750,751,752",0.00629875894491807,10,7074.34464116216,"252,502,750",0.00493315246903482,3,6936.5189211557,"252,502,750",0.00457012107217862,3,6934.12334810675,"252,502,750",0.00457012106854064,3,6934.12334810675,"252,502,750",0.00457012106763115,3,6934.12334810676,"252,502,750",0.00457012106831327,3,6934.12334810676,"252,502,750",0.00457012106945014,3,6934.12334810675,"252,502,750",0.00457012106740377,3,6934.12334810676,"252,502,750",0.00457012106876802,3,6934.12334810676,"252,502,750",0.00457012107035963,3,6934.12334810676,"252,502,750",0.0045701210671764,3,6934.12334810676,"162,252,388,502,667,751,925",7,64.1195328185475,"162,252,388,502,667,752,925",7,64.2051694475922,"162,252,388,502,667,752,925",7,64.2051694475922
"251,501,751",0.005,3,6940.76935109406,"210,251,282,499,501,505,751,753,795",0.00504239120944141,9,7005.29844718479,"251,501,751",0.00550957611597602,3,6938.68840477761,"251,501,751",0.00513660179530618,3,6934.45437980551,"251,501,751",0.00513660179144083,3,6934.4543798055,"251,501,751",0.00513660179144083,3,6934.4543798055,"251,501,751",0.00513660179166821,3,6934.45437980549,"251,501,751",0.00513660179325982,3,6934.4543798055,"251,501,751",0.00513660178848497,3,6934.4543798055,"251,501,751",0.00513660179030396,3,6934.4543798055,"251,501,751",0.00513660179416932,3,6934.4543798055,"251,501,751",0.00513660178962184,3,6934.45437980549,"210,251,359,501,580,751,795,865",8,67.8517398417154,"210,251,359,501,580,753,815",7,73.610892182663,"210,251,359,501,580,753,815",7,73.610892182663
"251,501,751",0.005,3,6961.51950896239,"251,492,501,503,505,513,524,751",0.00700765767807702,8,7080.67853306898,"251,501,751",0.00524757153083203,3,6959.29865870071,"251,501,751",0.00518806190461471,3,6959.20944688523,"251,501,751",0.00518806190143148,3,6959.20944688523,"251,501,751",0.00518806190529683,3,6959.20944688523,"251,501,751",0.00518806190393259,3,6959.20944688523,"251,501,751",0.00518806190165885,3,6959.20944688523,"251,501,751",0.00518806190575158,3,6959.20944688522,"251,501,751",0.00518806190529683,3,6959.20944688523,"251,501,751",0.00518806190506946,3,6959.20944688523,"251,501,751",0.00518806190734319,3,6959.20944688523,"92,251,401,501,570,751,935",7,81.2638055907431,"92,251,401,501,570,751,935",7,81.2638055907431,"92,251,401,501,570,751,935",7,81.2638055907431
"251,501,751",0.005,3,6970.39029581267,"246,251,255,256,257,480,501,750,751,757,761",0.00651228743068369,11,7107.40868354973,"251,501,750",0.00563194188059561,3,6966.78452347381,"251,501,750",0.00529380040288102,3,6965.71717474006,"251,501,750",0.00529380040114729,3,6965.71717474005,"251,501,750",0.00529380040040833,3,6965.71717474005,"251,501,750",0.00529380040043675,3,6965.71717474006,"251,501,750",0.00529380040148835,3,6965.71717474006,"251,501,750",0.00529380040350629,3,6965.71717474006,"251,501,750",0.00529380040327892,3,6965.71717474005,"251,501,750",0.00529380039759458,3,6965.71717474005,"251,501,750",0.00529380039964094,3,6965.71717474005,"178,256,401,501,647,750,840",7,102.655022678753,"178,256,401,501,647,750,840",7,102.655022678753,"178,256,401,501,647,750,840",7,102.655022678753
"251,501,751",0.005,3,6948.41039632142,"251,492,496,499,501,751",0.00580404419488368,6,7001.89074726439,"251,492,499,751",0.0047412793953027,4,6949.5907411498,"251,492,499,751",0.00474918551814813,4,6949.57759337067,"251,499,751",0.00424862054805743,3,6942.54065957548,"251,499,751",0.00460941843497606,3,6940.85177619879,"251,499,751",0.00460941843372551,3,6940.85177619879,"251,499,751",0.00460941843327076,3,6940.85177619878,"251,499,751",0.00460941843355498,3,6940.85177619879,"251,499,751",0.00460941843435078,3,6940.85177619879,"251,499,751",0.00460941843196336,3,6940.85177619878,"251,499,751",0.00460941843338445,3,6940.85177619879,"67,251,340,499,591,751,928",7,76.5599126107195,"67,251,340,496,616,751,928",7,76.6903761082464,"67,251,340,499,616,751,928",7,76.6744150626129
"251,501,751",0.005,3,6869.95064879881,"251,253,258,423,473,475,478,491,501,743,751",0.00614387717148533,11,6988.73832516396,"251,501,751",0.00492109279327433,3,6860.00268624655,"251,501,751",0.00478513199558694,3,6859.70420346016,"251,501,751",0.00478513199558694,3,6859.70420346016,"251,501,751",0.00478513199376795,3,6859.70420346016,"251,501,751",0.00478513199558694,3,6859.70420346016,"251,501,751",0.00478513199490482,3,6859.70420346016,"251,501,751",0.0047851319933132,3,6859.70420346014,"251,501,751",0.00478513199717856,3,6859.70420346017,"251,501,751",0.00478513199513219,3,6859.70420346015,"251,501,751",0.00478513199467745,3,6859.70420346016,"157,251,323,501,517,617,751,796",8,-23.4263530674153,"157,251,323,501,517,617,751,796",8,-23.4263530674153,"157,251,323,501,517,617,751,796",8,-23.4263530674153
"251,501,751",0.005,3,7042.12147355693,"201,250,251,502,516,522,558,748,751,756,757,759",0.00571394662147654,12,7166.6507593021,"251,502,751",0.00519432685457266,3,7035.67168604428,"251,502,751",0.00488845367589594,3,7034.73935941916,"251,502,751",0.00488845367873811,3,7034.73935941916,"251,502,751",0.00488845368010236,3,7034.73935941916,"251,502,751",0.00488845368123922,3,7034.73935941916,"251,502,751",0.00488845367612332,3,7034.73935941916,"251,502,751",0.00488845367942024,3,7034.73935941917,"251,502,751",0.0048884536797613,3,7034.73935941917,"251,502,751",0.00488845367703281,3,7034.73935941916,"251,502,751",0.0048884536754412,3,7034.73935941917,"142,251,353,502,631,751,861",7,161.164165602662,"142,250,353,502,631,751,861",7,161.511028334505,"142,250,353,502,631,751,860",7,161.513142291068
"251,501,751",0.005,3,6914.62028352544,"251,252,256,481,483,494,501,506,510,734,743,752,754,756,763",0.0063933543070587,15,7084.4414232069,"256,501,752",0.00631159566626863,3,6913.77165861921,"256,501,752",0.00546341245365884,3,6906.33972343524,"256,501,752",0.00546341245354515,3,6906.33972343524,"256,501,752",0.00546341245604626,3,6906.33972343524,"256,501,752",0.00546341245161247,3,6906.33972343525,"256,501,752",0.00546341245490939,3,6906.33972343524,"256,501,752",0.00546341245411358,3,6906.33972343524,"256,501,752",0.00546341245536414,3,6906.33972343525,"256,501,752",0.00546341245422727,3,6906.33972343525,"256,501,752",0.00546341245536414,3,6906.33972343525,"65,252,339,501,617,734,756,858",8,41.2883669354432,"65,251,339,501,617,743,763,858",8,42.7392607881965,"65,251,339,501,617,743,763,858",8,42.7392607881965
"251,501,751",0.005,3,6907.55190807573,"234,241,248,254,255,256,499,501,502,515,751",0.00552648900605378,11,7017.26478557664,"248,501,751",0.00509777848332815,3,6901.81409941991,"248,501,751",0.00500706137746334,3,6901.6915462521,"248,501,751",0.00500706137791809,3,6901.69154625211,"248,501,751",0.00500706137644016,3,6901.69154625211,"248,501,751",0.00500706137848652,3,6901.69154625211,"248,501,751",0.00500706137746334,3,6901.69154625211,"248,501,751",0.00500706138166975,3,6901.69154625211,"248,501,751",0.00500706138019182,3,6901.6915462521,"248,501,751",0.00500706137632647,3,6901.69154625211,"248,501,751",0.00500706137632647,3,6901.69154625211,"165,248,367,471,501,562,751,961",8,47.1273063576885,"165,254,367,471,501,562,751,961",8,54.9468968094931,"165,254,367,501,562,751,961",7,55.7571725544806
"251,501,751",0.005,3,6994.90803846861,"249,250,251,419,485,501,503,504,505,522,530,532,730,731,752,758",0.00643333197969914,16,7172.31053162622,"251,501,730,752",0.00516478881498351,4,6989.94860794872,"251,501,752",0.00524934958555019,3,6985.46774481903,"251,501,752",0.00509447214173137,3,6985.15542732653,"251,501,752",0.0050944721442609,3,6985.15542732653,"251,501,752",0.00509447214116293,3,6985.15542732653,"251,501,752",0.00509447214494302,3,6985.15542732653,"251,501,752",0.00509447214147557,3,6985.15542732653,"251,501,752",0.00509447214579567,3,6985.15542732653,"251,501,752",0.00509447213996922,3,6985.15542732653,"251,501,752",0.00509447214573883,3,6985.15542732654,"172,251,306,501,673,730,758,907",8,124.819569931111,"172,251,306,501,673,730,752,907",8,126.377642410047,"172,251,306,501,673,730,752,907",8,126.377642410047
"251,501,751",0.005,3,6981.57521653485,"243,251,458,496,500,501,540,749,750,758",0.00657009794664529,10,7093.45269868731,"251,501,749",0.00526638423845333,3,6966.22942796205,"251,501,749",0.00518229658384033,3,6966.13505907495,"251,501,749",0.00518229658804674,3,6966.13505907495,"251,501,749",0.00518229658702356,3,6966.13505907495,"251,501,749",0.00518229658736462,3,6966.13505907495,"251,501,749",0.00518229658349927,3,6966.13505907495,"251,501,749",0.00518229658804674,3,6966.13505907495,"251,501,749",0.00518229658941098,3,6966.13505907495,"251,501,749",0.00518229658850149,3,6966.13505907494,"251,501,749",0.00518229658372664,3,6966.13505907494,"185,251,423,501,635,749,799,948",8,104.039399104795,"185,251,423,501,635,749,883",7,106.869457953425,"185,251,423,501,635,749,883",7,106.869457953425
"251,501,751",0.005,3,6987.34711273989,"250,251,501,504,506,738,749,753,754",0.00639015884031423,9,7082.37528494922,"251,501,749",0.00546276641239781,3,6977.59773311321,"251,501,749",0.00537064365926834,3,6977.50752172821,"251,501,749",0.00537064365779041,3,6977.50752172822,"251,501,749",0.00537064365756303,3,6977.50752172822,"251,501,749",0.00537064365642616,3,6977.50752172821,"251,501,749",0.00537064365540298,3,6977.50752172821,"251,501,749",0.0053706436560851,3,6977.50752172821,"251,501,749",0.00537064365642616,3,6977.50752172821,"251,501,749",0.00537064365426611,3,6977.50752172821,"251,501,749",0.00537064365312925,3,6977.50752172821,"195,251,394,501,606,749,898",7,111.534668112532,"195,251,394,501,606,749,898",7,111.534668112532,"195,251,394,501,606,749,898",7,111.534668112532
"251,501,751",0.005,3,6962.08348341565,"248,251,470,480,500,501,517,523,751,752",0.00644399760301616,10,7063.66515840066,"251,501,751",0.00530737675521501,3,6956.85592376041,"251,501,751",0.005234162267456,3,6956.6097749895,"251,501,751",0.00523416226666019,3,6956.60977498949,"251,501,751",0.00523416226671703,3,6956.6097749895,"251,501,751",0.00523416226808128,3,6956.60977498949,"251,501,751",0.00523416226563701,3,6956.60977498949,"251,501,751",0.0052341622631359,3,6956.6097749895,"251,501,751",0.00523416226688756,3,6956.6097749895,"251,501,751",0.00523416226990027,3,6956.60977498949,"251,501,751",0.00523416226558017,3,6956.60977498949,"124,251,378,501,656,751,861",7,82.1039792076768,"124,251,378,501,656,751,861",7,82.1039792076768,"124,251,364,501,656,751,861",7,82.3201340248183
"251,501,751",0.005,3,6899.81773113673,"251,501,751",0.00691488339146099,3,6934.46903128168,"251,501,751",0.00564164694533635,3,6896.09555806049,"251,501,751",0.00564164694545004,3,6896.0955580605,"251,501,751",0.00564164694419948,3,6896.0955580605,"251,501,751",0.00564164694533635,3,6896.0955580605,"251,501,751",0.00564164694533635,3,6896.0955580605,"251,501,751",0.00564164694886064,3,6896.09555806049,"251,501,751",0.0056416469484059,3,6896.09555806049,"251,501,751",0.00564164694704166,3,6896.09555806049,"251,501,751",0.00564164694294893,3,6896.09555806051,"251,501,751",0.00564164694601847,3,6896.09555806049,"112,251,348,484,501,647,751,927",8,39.7060751312938,"112,251,348,484,501,647,751,927",8,39.7060751312938,"112,251,348,484,501,647,751,927",8,39.7060751312938
"251,501,751",0.005,3,6967.65500604512,"248,249,251,487,494,500,501,511,540,750,751,753",0.00609525203572856,12,7103.40617086421,"249,500,511,751",0.00519375128879726,4,6970.96441314776,"249,500,511,751",0.00474973437974085,4,6964.79213175785,"249,500,511,751",0.00474973438053666,4,6964.79213175786,"249,500,751",0.00395522144467935,3,6962.79800187402,"249,500,751",0.00453192965653938,3,6958.560775976,"249,500,751",0.00453192965636885,3,6958.56077597599,"249,500,751",0.00453192965778994,3,6958.560775976,"249,500,751",0.00453192965670991,3,6958.56077597599,"249,500,751",0.00453192965284456,3,6958.56077597599,"249,500,751",0.00453192965585726,3,6958.560775976,"83,249,424,500,667,751,791",7,77.4713392662449,"83,249,424,500,667,751,791",7,77.4713392662449,"83,249,324,478,500,667,751,791",8,81.0368365659474
"251,501,751",0.005,3,6992.36719876857,"246,250,254,417,438,496,500,502,504,538,540,751",0.00631016300878588,12,7104.71379894037,"254,500,751",0.00514996564679897,3,6976.37599661015,"254,500,751",0.00511772083040727,3,6976.14714252961,"254,500,751",0.00511772082841775,3,6976.14714252961,"254,500,751",0.00511772083256732,3,6976.14714252961,"254,500,751",0.00511772083103254,3,6976.14714252961,"254,500,751",0.00511772083336312,3,6976.14714252961,"254,500,751",0.00511772082972515,3,6976.14714252961,"254,500,751",0.00511772083592108,3,6976.14714252961,"254,500,751",0.0051177208339884,3,6976.1471425296,"254,500,751",0.00511772082824722,3,6976.14714252961,"140,254,459,500,597,751,854",7,112.274428383332,"140,254,459,500,597,751,854",7,112.274428383332,"140,254,459,502,597,751,854",7,114.158939394878
"251,501,751",0.005,3,6982.38234450615,"251,500,501,513,746,749,751",0.0069553982296445,7,7091.50733854983,"251,500,501,746",0.00536820133483664,4,6986.13694733312,"251,500,746",0.00529126444976255,3,6973.2865918172,"251,500,746",0.00519935909359731,3,6972.97172453452,"251,500,746",0.00519935909587104,3,6972.97172453451,"251,500,746",0.0051993590897888,3,6972.97172453453,"251,500,746",0.00519935908859508,3,6972.97172453452,"251,500,746",0.00519935909047092,3,6972.97172453452,"251,500,746",0.00519935909086882,3,6972.97172453452,"251,500,746",0.0051993590914941,3,6972.97172453452,"251,500,746",0.00519935909138041,3,6972.97172453452,"118,251,306,466,500,647,746,846",8,108.990683251894,"118,251,306,466,500,647,749,864",8,110.646039809409,"118,251,306,500,647,749,864",7,110.939966384558
"251,501,751",0.005,3,6996.74082835834,"245,251,253,475,479,486,497,503,504,517,751",0.00640900808054476,11,7105.77905690015,"251,504,751",0.00544421385222776,3,6990.95955716934,"251,504,751",0.00535224937836478,3,6990.29096361708,"251,504,751",0.00535224938018377,3,6990.29096361708,"251,504,751",0.00535224938177539,3,6990.29096361708,"251,504,751",0.00535224937745529,3,6990.29096361708,"251,504,751",0.0053522493773416,3,6990.29096361708,"251,504,751",0.00535224937972902,3,6990.29096361708,"251,504,751",0.0053522493807522,3,6990.29096361707,"251,504,751",0.00535224938086589,3,6990.29096361708,"251,504,751",0.00535224938223013,3,6990.29096361707,"145,251,385,503,638,751,846",7,124.591020674214,"145,251,385,503,638,751,846",7,124.591020674214,"145,251,385,503,638,751,846",7,124.591020674214
"251,501,751",0.005,3,6927.32870952437,"241,251,254,375,492,501,504,507,512,746,749,751",0.00604546144086614,12,7052.20050722741,"251,501,751",0.00535045801048884,3,6928.21931539654,"251,501,751",0.005017756546306,3,6926.83622001895,"251,501,751",0.00501775654471439,3,6926.83622001893,"251,501,751",0.00501775654880711,3,6926.83622001894,"251,501,751",0.00501775654425964,3,6926.83622001894,"251,501,751",0.00501775654653337,3,6926.83622001894,"251,501,751",0.00501775655267246,3,6926.83622001896,"251,501,751",0.00501775654425964,3,6926.83622001893,"251,501,751",0.00501775655039873,3,6926.83622001894,"251,501,751",0.00501775653971216,3,6926.83622001893,"71,251,400,501,606,749,885",7,52.059409110488,"71,251,400,501,606,751,885",7,52.0845357714679,"71,251,400,501,606,751,885",7,52.0845357714679
"251,501,751",0.005,3,6904.37501606215,"251,493,501,503,751,753,754",0.005669170581986,7,7023.08075345207,"251,501,751",0.00393766036609367,3,6895.39985996748,"251,501,751",0.00386055846679771,3,6895.06347727243,"251,501,751",0.00386055846583138,3,6895.06347727243,"251,501,751",0.00386055846526294,3,6895.06347727243,"251,501,751",0.00386055846571769,3,6895.06347727243,"251,501,751",0.00386055846531979,3,6895.06347727243,"251,501,751",0.00386055846713878,3,6895.06347727243,"251,501,751",0.00386055846554716,3,6895.06347727243,"251,501,751",0.00386055846571769,3,6895.06347727244,"251,501,751",0.00386055846577453,3,6895.06347727243,"158,251,311,501,622,751,884",7,24.0296363112959,"158,251,311,501,622,751,884",7,24.0296363112959,"158,251,311,501,622,751,884",7,24.0296363112959
"251,501,751",0.005,3,6897.51501316714,"251,254,261,494,498,501,516,751",0.00695573743160808,8,7003.11106527163,"251,501,751",0.00579848056400597,3,6896.22214397692,"251,501,751",0.00547083694105579,3,6894.67696068953,"251,501,751",0.0054708369487865,3,6894.67696068953,"251,501,751",0.00547083694560326,3,6894.67696068953,"251,501,751",0.00547083694651276,3,6894.67696068953,"251,501,751",0.00547083694742225,3,6894.67696068953,"251,501,751",0.00547083695015074,3,6894.67696068952,"251,501,751",0.00547083694696751,3,6894.67696068953,"251,501,751",0.00547083694742225,3,6894.67696068954,"251,501,751",0.00547083694810438,3,6894.67696068953,"116,251,361,501,611,751,788",7,0.181817930101431,"116,254,361,501,611,751,788",7,2.03081511648496,"116,254,361,501,611,751,788",7,2.03081511648496
"251,501,751",0.005,3,6971.40851547773,"251,252,441,494,501,739,746,752",0.00580004256582832,8,7059.53215295939,"252,501,752",0.00439262098767993,3,6959.95895991667,"252,501,752",0.00425317842112626,3,6959.53228526241,"252,501,752",0.00425317841885252,3,6959.53228526241,"252,501,752",0.00425317841782934,3,6959.53228526241,"252,501,752",0.00425317841896621,3,6959.53228526241,"252,501,752",0.00425317841123551,3,6959.5322852624,"252,501,752",0.00425317841669247,3,6959.53228526241,"252,501,752",0.0042531784190799,3,6959.53228526242,"252,501,752",0.00425317841487348,3,6959.53228526241,"252,501,752",0.00425317842317262,3,6959.53228526241,"138,252,307,501,669,752,905",7,98.3061029168139,"138,252,307,501,669,752,905",7,98.3061029168139,"138,252,393,501,669,752,905",7,99.4466540203266
"251,501,751",0.005,3,7036.57872389475,"252,253,499,501,502,503,751,755",0.00675461243604762,8,7154.0851410824,"252,501,751",0.00552749732346681,3,7033.92000693544,"252,501,751",0.00508421486509051,3,7030.89747859505,"252,501,751",0.00508421486410996,3,7030.89747859505,"252,501,751",0.00508421486681002,3,7030.89747859505,"252,501,751",0.00508421486762004,3,7030.89747859505,"252,501,751",0.00508421486675318,3,7030.89747859505,"252,501,751",0.00508421486491998,3,7030.89747859505,"252,501,751",0.00508421486692371,3,7030.89747859504,"252,501,751",0.00508421486652581,3,7030.89747859505,"252,501,751",0.00508421486648317,3,7030.89747859505,"111,253,415,501,629,751,869",7,158.146533941781,"111,253,415,501,629,751,869",7,158.146533941781,"111,253,415,501,629,751,869",7,158.146533941781
"251,501,751",0.005,3,6941.03469109036,"247,251,476,499,501,511,542,747,748,749,751",0.00718857152220471,11,7063.85779946153,"247,251,501,748,751",0.00603026647669358,5,6945.28638981945,"247,501,748",0.00604390082738219,3,6922.02238325276,"247,501,748",0.00576093894842258,3,6921.39293884872,"247,501,748",0.00576093894342035,3,6921.39293884872,"247,501,748",0.00576093894683096,3,6921.39293884872,"247,501,748",0.00576093894467091,3,6921.39293884872,"247,501,748",0.00576093894626253,3,6921.39293884872,"247,501,748",0.00576093893921394,3,6921.39293884871,"247,501,748",0.00576093894307929,3,6921.39293884872,"247,501,748",0.00576093894751308,3,6921.39293884871,"116,251,418,501,716,749,849",7,64.3818228724231,"116,247,418,501,716,748,849",7,67.2396478368372,"116,247,418,501,716,748,849",7,67.2396478368372
"251,501,751",0.005,3,6975.70400123363,"247,251,422,500,506,751",0.00588318845416357,6,7020.03285663474,"251,500,751",0.00503864562246343,3,6967.63502030966,"251,500,751",0.00497980135687624,3,6967.57065006177,"251,500,751",0.00497980135710361,3,6967.57065006177,"251,500,751",0.00497980135664887,3,6967.57065006177,"251,500,751",0.00497980135733099,3,6967.57065006177,"251,500,751",0.00497980135778574,3,6967.57065006177,"251,500,751",0.00497980135914998,3,6967.57065006178,"251,500,751",0.00497980135733099,3,6967.57065006178,"251,500,751",0.00497980135733099,3,6967.57065006177,"251,500,751",0.0049798013546025,3,6967.57065006176,"94,251,359,500,598,751,845",7,110.994736059616,"94,251,359,500,598,751,845",7,110.994736059616,"94,251,359,500,598,751,845",7,110.994736059616
"251,501,751",0.005,3,6896.69334146684,"241,244,250,433,444,487,501,502,530,535,555,571,751,763",0.00745729563682517,14,7068.86403736646,"250,501,751",0.00554690051256639,3,6894.29052927124,"250,501,751",0.00521878336939155,3,6890.85410587538,"250,501,751",0.0052187833698463,3,6890.85410587536,"250,501,751",0.00521878336961892,3,6890.85410587537,"250,501,751",0.00521878337075579,3,6890.85410587537,"250,501,751",0.00521878336689044,3,6890.85410587538,"250,501,751",0.00521878337189266,3,6890.85410587538,"250,501,751",0.00521878337234741,3,6890.85410587538,"250,501,751",0.0052187833689368,3,6890.85410587537,"250,501,751",0.00521878337007367,3,6890.85410587536,"77,205,250,309,501,663,751,893",8,19.0322466499093,"77,205,250,309,501,663,751,893",8,19.0322466499093,"77,250,309,501,663,751,893",7,20.3563730218431
"251,501,751",0.005,3,6936.26773750435,"246,249,251,500,501,502,515,526,531,751,752,760",0.00647428339276561,12,7108.54571023971,"251,500,752",0.00499331669372608,3,6938.53921480215,"251,500,752",0.00464916140806629,3,6930.84034539663,"251,500,752",0.00464916141164743,3,6930.84034539663,"251,500,752",0.00464916140980001,3,6930.84034539663,"251,500,752",0.00464916141090846,3,6930.84034539663,"251,500,752",0.00464916141116426,3,6930.84034539664,"251,500,752",0.00464916140863472,3,6930.84034539663,"251,500,752",0.00464916141201691,3,6930.84034539664,"251,500,752",0.00464916141008423,3,6930.84034539663,"251,500,752",0.00464916141173269,3,6930.84034539663,"75,251,418,501,667,752,843",7,75.638023371212,"75,251,418,501,667,752,843",7,75.638023371212,"75,251,418,501,752,843",6,79.0813188016158
"251,501,751",0.005,3,7003.68728660124,"247,251,447,501,751",0.00617927955310765,5,7059.3303185006,"251,501,751",0.00506048776682895,3,7003.25983503817,"251,501,751",0.00500341199277086,3,7003.22083657085,"251,501,751",0.00500341198958763,3,7003.22083657085,"251,501,751",0.00500341198913289,3,7003.22083657086,"251,501,751",0.0050034119907245,3,7003.22083657086,"251,501,751",0.00500341198890551,3,7003.22083657085,"251,501,751",0.00500341198867814,3,7003.22083657086,"251,501,751",0.0050034119907245,3,7003.22083657085,"251,501,751",0.00500341199004238,3,7003.22083657085,"251,501,751",0.00500341199026975,3,7003.22083657085,"165,251,397,501,651,751,876",7,133.564447823062,"165,251,397,501,651,751,876",7,133.564447823062,"165,251,397,501,651,751,876",7,133.564447823062
"251,501,751",0.005,3,7000.6412800871,"248,249,251,501,504,508,744,745,752,753",0.00686312964604834,10,7103.70158933707,"248,251,501,752,753",0.00598516495090647,5,7013.30273899572,"251,501,752",0.00637086211446128,3,6989.97770825263,"251,501,752",0.00590726983323807,3,6988.40696514394,"251,501,752",0.00590726983380651,3,6988.40696514393,"251,501,752",0.00590726983403388,3,6988.40696514394,"251,501,752",0.00590726983573918,3,6988.40696514394,"251,501,752",0.0059072698330107,3,6988.40696514394,"251,501,752",0.00590726983403388,3,6988.40696514393,"251,501,752",0.00590726983312439,3,6988.40696514394,"251,501,752",0.00590726983289701,3,6988.40696514394,"95,249,344,436,501,654,752,809",8,147.667201211096,"95,251,399,501,654,753,809",7,150.330207531806,"95,251,399,501,654,753,809",7,150.330207531806
"251,501,751",0.005,3,7006.74929304072,"251,496,501,544,750,751",0.00642190413118151,6,7072.33480147018,"251,501,751",0.00513780239924058,3,7002.76373644089,"251,501,751",0.0049430471054361,3,7002.27337487036,"251,501,751",0.00494304711055201,3,7002.27337487036,"251,501,751",0.00494304710736878,3,7002.27337487036,"251,501,751",0.00494304710981304,3,7002.27337487036,"251,501,751",0.00494304710725509,3,7002.27337487036,"251,501,751",0.00494304710799405,3,7002.27337487035,"251,501,751",0.00494304710566347,3,7002.27337487036,"251,501,751",0.004943047105834,3,7002.27337487035,"251,501,751",0.00494304710509504,3,7002.27337487036,"77,251,413,501,610,751,836",7,144.157262497062,"77,251,413,501,610,751,836",7,144.157262497062,"77,251,413,501,610,751,836",7,144.157262497062
"251,501,751",0.005,3,6931.707128048,"224,251,253,494,497,501,510,511,751,753",0.00613972985047395,10,7028.70055638699,"251,501,751",0.00543330659132746,3,6920.59600103146,"251,501,751",0.00530829659222161,3,6920.31710734315,"251,501,751",0.00530829659062999,3,6920.31710734315,"251,501,751",0.00530829658812888,3,6920.31710734317,"251,501,751",0.00530829658858363,3,6920.31710734316,"251,501,751",0.00530829658744676,3,6920.31710734315,"251,501,751",0.00530829658926575,3,6920.31710734316,"251,501,751",0.0053082965897205,3,6920.31710734316,"251,501,751",0.00530829659062999,3,6920.31710734316,"251,501,751",0.00530829658903838,3,6920.31710734316,"169,251,303,444,501,652,751,874",8,75.0091349859619,"169,251,303,444,501,652,751,874",8,75.0091349859619,"169,251,303,444,501,652,751,874",8,75.0091349859619
"251,501,751",0.005,3,6967.95647642546,"248,249,250,497,501,503,742,752,753",0.00609989081971462,9,7074.69888201796,"248,501,752",0.00503140867068291,3,6959.07431326136,"248,501,752",0.00483864307426541,3,6958.6323728313,"248,501,752",0.00483864307858551,3,6958.63237283131,"248,501,752",0.00483864307722126,3,6958.63237283131,"248,501,752",0.00483864307722126,3,6958.63237283131,"248,501,752",0.00483864307403803,3,6958.6323728313,"248,501,752",0.00483864307813076,3,6958.63237283131,"248,501,752",0.00483864307676652,3,6958.63237283131,"248,501,752",0.00483864307392435,3,6958.6323728313,"248,501,752",0.00483864307710758,3,6958.63237283131,"76,248,299,452,501,554,752,792",8,106.353298435636,"76,248,299,411,501,554,752,792",8,110.439690666413,"76,248,411,501,554,752,792",7,111.116406456312
"251,501,751",0.005,3,6930.47533882346,"251,458,498,499,502,737,751",0.00607418966878657,7,6987.53308224091,"251,502,751",0.00541000411087884,3,6925.78978175547,"251,502,751",0.00537031733286104,3,6925.74967103507,"251,502,751",0.00537031733271893,3,6925.74967103507,"251,502,751",0.00537031733269051,3,6925.74967103507,"251,502,751",0.00537031733405475,3,6925.74967103507,"251,502,751",0.00537031733288946,3,6925.74967103507,"251,502,751",0.00537031733243471,3,6925.74967103507,"251,502,751",0.00537031733246313,3,6925.74967103506,"251,502,751",0.0053703173332021,3,6925.74967103507,"251,502,751",0.00537031733078625,3,6925.74967103506,"66,251,392,502,660,751,901",7,73.0621211254287,"66,251,392,502,660,751,901",7,73.0621211254287,"66,251,392,502,660,751,901",7,73.0621211254287
"251,501,751",0.005,3,6955.00296005176,"247,251,254,468,495,501,502,748,749,751",0.00609535697630517,10,7081.34432117683,"251,501,748",0.00475629347424545,3,6947.90047304412,"251,501,748",0.00466416097257533,3,6947.77546148289,"251,501,748",0.00466416097428063,3,6947.77546148289,"251,501,748",0.00466416097359851,3,6947.77546148289,"251,501,748",0.00466416097098371,3,6947.77546148289,"251,501,748",0.00466416097075634,3,6947.77546148289,"251,501,748",0.00466416097166583,3,6947.77546148289,"251,501,748",0.00466416097177952,3,6947.77546148289,"251,501,748",0.00466416097473538,3,6947.77546148289,"251,501,748",0.00466416097257533,3,6947.77546148289,"202,251,328,501,559,660,748,906",8,84.3699096868772,"202,251,328,501,559,660,748,906",8,84.3699096868772,"202,251,328,501,559,662,748,906",8,84.4644522310053
"251,501,751",0.005,3,6951.30022789712,"250,252,492,493,501,521,752",0.00681584115191991,7,7031.1616823138,"252,501,752",0.00528721565894979,3,6934.88454612941,"252,501,752",0.00516321673943445,3,6934.57109106018,"252,501,752",0.00516321673863864,3,6934.57109106017,"252,501,752",0.00516321674000289,3,6934.57109106017,"252,501,752",0.00516321674034395,3,6934.57109106017,"252,501,752",0.00516321674102607,3,6934.57109106018,"252,501,752",0.0051632167385818,3,6934.57109106018,"252,501,752",0.00516321674045763,3,6934.57109106017,"252,501,752",0.00516321673710387,3,6934.57109106018,"252,501,752",0.00516321674040079,3,6934.57109106018,"132,252,356,501,635,752,906",7,59.8575015780364,"132,252,356,501,635,752,906",7,59.8575015780364,"132,252,356,501,635,752,906",7,59.8575015780364
"251,501,751",0.005,3,6891.12103882169,"238,250,251,458,467,501,749,751",0.00630517683240858,8,6955.89765164288,"251,467,501,751",0.00571711171261773,4,6892.09382943144,"251,501,751",0.00537153323462975,3,6890.1090810666,"251,501,751",0.0052577718761118,3,6889.88441145942,"251,501,751",0.00525777187577074,3,6889.88441145942,"251,501,751",0.0052577718744065,3,6889.88441145942,"251,501,751",0.00525777187554336,3,6889.88441145942,"251,501,751",0.0052577718752023,3,6889.88441145942,"251,501,751",0.00525777187713498,3,6889.88441145941,"251,501,751",0.00525777187417912,3,6889.88441145943,"251,501,751",0.0052577718761118,3,6889.88441145942,"67,251,395,501,579,751,827,923",8,37.2835625069201,"67,251,395,501,579,751,827,923",8,37.2835625069201,"67,251,395,501,579,751,827,923",8,37.2835625069201
"251,501,751",0.005,3,6990.28697811765,"209,251,254,255,468,497,500,513,522,568,749",0.00747534108339961,11,7104.94859492712,"251,500,749",0.00680770781889903,3,6983.10996801111,"251,500,749",0.00588339179196619,3,6972.80727332489,"251,500,749",0.00588339179041721,3,6972.80727332488,"251,500,749",0.00588339179189514,3,6972.80727332488,"251,500,749",0.00588339178998378,3,6972.80727332488,"251,500,749",0.00588339179049537,3,6972.80727332488,"251,500,749",0.00588339178894638,3,6972.80727332488,"251,500,749",0.00588339179133381,3,6972.80727332488,"251,500,749",0.00588339178875454,3,6972.80727332489,"251,500,749",0.00588339179048826,3,6972.80727332489,"151,251,315,500,674,749,832",7,114.003965421196,"151,255,315,500,674,749,832",7,115.293079986961,"151,255,315,500,674,749,832",7,115.293079986961
"251,501,751",0.005,3,6950.47938342507,"229,240,245,248,251,470,491,501,542,750",0.00610231993497219,10,7039.75063584777,"248,501,750",0.0052169194342459,3,6938.07597632739,"248,501,750",0.00480524590373218,3,6935.2105805758,"248,501,750",0.00480524590629013,3,6935.21058057582,"248,501,750",0.00480524591623773,3,6935.21058057582,"248,501,750",0.00480524590702909,3,6935.21058057581,"248,501,750",0.00480524590231109,3,6935.2105805758,"248,501,750",0.00480524590981442,3,6935.21058057582,"248,501,750",0.00480524591055339,3,6935.21058057582,"248,501,750",0.00480524591333871,3,6935.21058057582,"248,501,750",0.00480524590395955,3,6935.21058057581,"24,150,248,362,501,625,750,836",8,66.0863766379232,"24,150,248,362,501,625,750,836",8,66.0863766379232,"18,150,248,362,501,625,750,836",8,66.8717270893034
"251,501,751",0.005,3,6953.65792229734,"250,251,252,491,495,500,501,509,517,751",0.00651570425617628,10,7085.93013599871,"252,501,751",0.00525098070523867,3,6953.32536135153,"252,501,751",0.00509079140036591,3,6952.70001237389,"252,501,751",0.00509079140104803,3,6952.70001237389,"252,501,751",0.00509079140116172,3,6952.70001237389,"252,501,751",0.00509079140150278,3,6952.70001237389,"252,501,751",0.00509079139900167,3,6952.70001237389,"252,501,751",0.00509079139934273,3,6952.70001237389,"252,501,751",0.0050907914021849,3,6952.7000123739,"252,501,751",0.00509079140025223,3,6952.70001237389,"252,501,751",0.00509079140036591,3,6952.7000123739,"99,251,318,501,638,751,869",7,81.7860015217659,"99,252,393,501,638,751,869",7,82.0111498087398,"99,252,393,501,638,751,869",7,82.0111498087398
"251,501,751",0.005,3,7025.72967721186,"207,209,240,250,252,498,501,504,507,573,751,752",0.00544675753874744,12,7150.77078866585,"252,498,751",0.00483703395571871,3,7023.09994514762,"252,498,751",0.00466507563854641,3,7022.20702001543,"252,498,751",0.00466507563399894,3,7022.20702001543,"252,498,751",0.00466507563968328,3,7022.20702001543,"252,498,751",0.00466507563831904,3,7022.20702001543,"252,498,751",0.00466507563786429,3,7022.20702001543,"252,498,751",0.00466507564172964,3,7022.20702001543,"252,498,751",0.00466507563809166,3,7022.20702001543,"252,498,751",0.00466507563308944,3,7022.20702001543,"252,498,751",0.00466507563650005,3,7022.20702001543,"146,252,400,498,670,751,873",7,140.658358382573,"146,250,400,498,670,751,873",7,142.119923729125,"146,250,400,498,670,751,873",7,142.119923729125
"251,501,751",0.005,3,6881.3799569942,"250,253,492,501,502,504,751,752,779",0.00509558875127554,9,6958.32360309313,"253,501,751",0.00444710052824823,3,6867.58318923794,"253,501,751",0.00443298253337057,3,6867.55611517385,"253,501,751",0.00443298253418059,3,6867.55611517385,"253,501,751",0.00443298253220528,3,6867.55611517385,"253,501,751",0.0044329825310542,3,6867.55611517385,"253,501,751",0.00443298253369742,3,6867.55611517385,"253,501,751",0.00443298252977522,3,6867.55611517385,"253,501,751",0.00443298253216975,3,6867.55611517385,"253,501,751",0.00443298253800331,3,6867.55611517384,"253,501,751",0.00443298253101157,3,6867.55611517385,"53,253,353,501,647,751,871",7,-2.30251302797069,"53,253,353,501,647,751,871",7,-2.30251302797069,"53,253,353,501,647,751,871",7,-2.30251302797069
"251,501,751",0.005,3,6927.6280687987,"229,231,242,246,249,250,253,414,446,491,493,499,501,502,747,749,750,751",0.00543594779233205,18,7129.88737946129,"250,501,750",0.00489437982319229,3,6919.57358867587,"250,501,750",0.00457763128077883,3,6917.30601369621,"250,501,750",0.00457763128475787,3,6917.30601369621,"250,501,750",0.00457763128021039,3,6917.30601369621,"250,501,750",0.00457763127861878,3,6917.30601369622,"250,501,750",0.00457763128077883,3,6917.30601369621,"250,501,750",0.00457763128202938,3,6917.30601369621,"250,501,750",0.00457763128248413,3,6917.30601369622,"250,501,750",0.00457763128248413,3,6917.30601369621,"250,501,750",0.00457763128180201,3,6917.30601369621,"153,250,501,608,750,880",6,48.4131181950998,"153,250,501,608,750,880",6,48.4131181950998,"153,250,501,608,750,880",6,48.4131181950998
"251,501,751",0.005,3,7007.88575188547,"243,251,252,449,495,501,519,531,751,753",0.00668732692877233,10,7124.50329452668,"252,501,753",0.00528601640046099,3,6996.06370868239,"252,501,753",0.00519190473723234,3,6995.96234837981,"252,501,753",0.00519190473939239,3,6995.9623483798,"252,501,753",0.00519190473603862,3,6995.96234837981,"252,501,753",0.00519190473853973,3,6995.96234837981,"252,501,753",0.00519190473711865,3,6995.96234837981,"252,501,753",0.00519190473649337,3,6995.9623483798,"252,501,753",0.00519190473717549,3,6995.96234837981,"252,501,753",0.00519190473609547,3,6995.96234837981,"252,501,753",0.00519190473717549,3,6995.96234837981,"155,252,360,501,590,753,821",7,142.29198433576,"155,252,360,501,590,751,821",7,142.977150689543,"155,252,360,501,590,751,821",7,142.977150689543
"251,501,751",0.005,3,6895.64392617214,"250,252,256,260,435,480,501,502,503,522,751",0.00602819881596346,11,7043.18507803858,"250,501,751",0.00446733445071716,3,6890.66722761295,"250,501,751",0.00441976742080427,3,6890.60641105246,"250,501,751",0.0044197674234617,3,6890.60641105245,"250,501,751",0.00441976742214009,3,6890.60641105245,"250,501,751",0.0044197674175642,3,6890.60641105247,"250,501,751",0.00441976742256642,3,6890.60641105245,"250,501,751",0.00441976742192693,3,6890.60641105246,"250,501,751",0.00441976742168534,3,6890.60641105245,"250,501,751",0.00441976741878633,3,6890.60641105246,"250,501,751",0.00441976742050584,3,6890.60641105246,"85,250,293,501,595,751,841",7,29.1356270857084,"85,250,293,501,595,751,841",7,29.1356270857084,"85,250,293,501,595,751,841",7,29.1356270857084
"251,501,751",0.005,3,6867.62880103894,"251,499,501,503,544,572,751,752,753,763,775",0.00674979114342667,11,7000.4288967506,"251,501,751",0.00537505852351275,3,6860.18838215126,"251,501,751",0.00521687787304926,3,6859.50150975971,"251,501,751",0.00521687787555037,3,6859.5015097597,"251,501,751",0.00521687787213977,3,6859.50150975968,"251,501,751",0.005216877875323,3,6859.5015097597,"251,501,751",0.00521687786918391,3,6859.50150975969,"251,501,751",0.00521687787395876,3,6859.5015097597,"251,501,751",0.00521687787577775,3,6859.5015097597,"251,501,751",0.00521687787395876,3,6859.50150975969,"251,501,751",0.00521687787418613,3,6859.50150975969,"134,251,361,501,645,751,782,909",8,2.04378354921479,"134,251,361,501,645,752,846",7,6.34001195704893,"134,251,361,501,645,751,846,947",8,3.78547513802199
"251,501,751",0.005,3,6939.07251485798,"248,252,501,502,503,504,523,752,754,755,757",0.00666217479445404,11,7109.51586854295,"248,252,501,504,755",0.00519043387335595,5,6955.5225558266,"248,504,755",0.00540637347357759,3,6941.57846180018,"248,504,755",0.00483315212105399,3,6932.88640062753,"248,504,755",0.00483315211991713,3,6932.88640062752,"248,504,755",0.0048331521201445,3,6932.88640062752,"248,504,755",0.00483315212264561,3,6932.88640062753,"248,504,755",0.0048331521201445,3,6932.88640062752,"248,504,755",0.00483315212241824,3,6932.88640062753,"248,504,755",0.00483315212332773,3,6932.88640062753,"248,504,755",0.00483315211968975,3,6932.88640062753,"106,248,348,502,595,755,885",7,62.0173643240784,"106,252,348,502,595,755,885",7,62.2066715268313,"106,252,348,502,587,755,885",7,62.3271976940125
"251,501,751",0.005,3,6933.58897081714,"249,251,252,257,443,449,497,500,503,504,512,751,775",0.00665907392785254,13,7084.599165644,"251,497,503,751",0.00544653036562267,4,6943.02407431412,"251,503,751",0.00520776010639037,3,6932.97369849567,"251,503,751",0.00519912302379631,3,6932.63710858975,"251,503,751",0.00519912301970358,3,6932.63710858975,"251,503,751",0.00519912302106782,3,6932.63710858976,"251,503,751",0.00519912302788903,3,6932.63710858974,"251,503,751",0.00519912302334156,3,6932.63710858975,"251,503,751",0.00519912302334156,3,6932.63710858975,"251,503,751",0.00519912302334156,3,6932.63710858974,"251,503,751",0.00519912302265944,3,6932.63710858975,"93,251,305,500,610,751,790,939",8,68.6538513696885,"93,252,305,500,610,751,790,939",8,70.3303687656212,"93,252,305,500,610,751,790,939",8,70.3303687656212
"251,501,751",0.005,3,7051.47341169077,"251,498,500,501,564,567,751,752,753,756",0.00591093493831392,10,7151.49724044765,"251,501,753,756",0.00489997339853921,4,7049.22288615937,"251,501,753",0.00475411196544865,3,7036.25155574999,"251,501,753",0.00467007028451471,3,7036.18282505258,"251,501,753",0.00467007028442945,3,7036.18282505258,"251,501,753",0.00467007028346311,3,7036.18282505258,"251,501,753",0.00467007028334942,3,7036.18282505258,"251,501,753",0.0046700702839747,3,7036.18282505258,"251,501,753",0.00467007028383259,3,7036.18282505259,"251,501,753",0.0046700702848842,3,7036.18282505258,"251,501,753",0.00467007028386101,3,7036.18282505258,"104,251,391,501,636,753,851",7,165.671563702438,"104,251,391,501,636,752,851",7,166.075269777855,"104,251,391,501,636,752,851",7,166.075269777855
"251,501,751",0.005,3,6965.19410145946,"251,252,254,486,497,500,501,750",0.00576387021167333,8,7034.20653050302,"252,500,750",0.00488310594883944,3,6948.64996066366,"252,500,750",0.00486468308955635,3,6948.6404114065,"252,500,750",0.0048646830881921,3,6948.6404114065,"252,500,750",0.00486468308705524,3,6948.64041140649,"252,500,750",0.00486468308932897,3,6948.6404114065,"252,500,750",0.00486468308614574,3,6948.64041140649,"252,500,750",0.0048646830881921,3,6948.6404114065,"252,500,750",0.00486468308750998,3,6948.6404114065,"252,500,750",0.00486468308728261,3,6948.6404114065,"252,500,750",0.00486468308705524,3,6948.6404114065,"105,252,352,500,601,750,880",7,89.7642921557188,"105,252,352,500,601,750,880",7,89.7642921557188,"105,252,352,500,601,750,880",7,89.7642921557188
"251,501,751",0.005,3,6976.04433260408,"251,252,469,483,495,501,502,505,506,751,755",0.00582280660451788,11,7106.82202295243,"251,495,501,751",0.00459817089462958,4,6984.78753240866,"251,501,751",0.00448661286995936,3,6973.17863487988,"251,501,751",0.00454947722817856,3,6973.04968629519,"251,501,751",0.00454947722920175,3,6973.04968629518,"251,501,751",0.0045494772278375,3,6973.04968629519,"251,501,751",0.00454947722789435,3,6973.04968629518,"251,501,751",0.00454947722763855,3,6973.04968629519,"251,501,751",0.00454947722795119,3,6973.04968629519,"251,501,751",0.00454947723039546,3,6973.04968629518,"251,501,751",0.00454947722709854,3,6973.04968629519,"150,251,390,501,667,751,850",7,98.1714939353476,"150,251,390,501,667,751,850",7,98.1714939353476,"150,251,390,501,667,751,850",7,98.1714939353476
"251,501,751",0.005,3,6985.7819788466,"249,250,251,255,427,500,501,502,505,513,514,544,749,750,752",0.00689772470690087,15,7153.63465303509,"251,500,749,750",0.00620621403066482,4,6995.38666453763,"251,500,750",0.00575264640940131,3,6978.33331064636,"251,500,750",0.00571778301767223,3,6978.32097334861,"251,500,750",0.00571778301789961,3,6978.32097334862,"251,500,750",0.00571778301667747,3,6978.32097334862,"251,500,750",0.00571778301670589,3,6978.32097334862,"251,500,750",0.00571778301639326,3,6978.32097334862,"251,500,750",0.00571778301630799,3,6978.32097334861,"251,500,750",0.00571778301753012,3,6978.32097334862,"251,500,750",0.00571778301596693,3,6978.32097334861,"109,251,350,501,650,750,855",7,127.031975618682,"109,251,350,501,650,749,855",7,127.842774870239,"109,251,350,501,650,749,855",7,127.842774870239
"251,501,751",0.005,3,6951.42760379489,"250,251,491,501,502,544,751,752",0.00607791016146059,8,7045.41646023129,"250,502,752",0.00477740540869689,3,6944.54835963592,"250,502,752",0.00471021691974722,3,6944.43924931597,"250,502,752",0.00471021691940616,3,6944.43924931598,"250,502,752",0.00471021691758717,3,6944.43924931597,"250,502,752",0.00471021691724611,3,6944.43924931598,"250,502,752",0.00471021691838298,3,6944.43924931597,"250,502,752",0.00471021691849666,3,6944.43924931598,"250,502,752",0.00471021691872404,3,6944.43924931596,"250,502,752",0.00471021691872404,3,6944.43924931598,"250,502,752",0.00471021691883772,3,6944.43924931597,"115,250,390,502,507,697,752,855",8,64.9630976211449,"115,250,390,502,507,697,751,855",8,66.1938675752393,"115,250,390,502,507,697,751,855",8,66.1938675752393
"251,501,751",0.005,3,6957.06024697511,"251,253,479,501,502,749,750,751",0.00651835667299756,8,7062.20571800691,"251,501,751",0.00515606202445367,3,6952.99642934827,"251,501,751",0.00505098408399347,3,6952.857117975,"251,501,751",0.00505098408433453,3,6952.85711797501,"251,501,751",0.00505098408433453,3,6952.85711797501,"251,501,751",0.00505098408348188,3,6952.85711797501,"251,501,751",0.00505098408405031,3,6952.85711797501,"251,501,751",0.00505098408405031,3,6952.85711797501,"251,501,751",0.00505098408439137,3,6952.85711797501,"251,501,751",0.00505098408467559,3,6952.85711797501,"251,501,751",0.00505098408410716,3,6952.85711797501,"159,251,390,501,644,751,939",7,91.6158380294897,"159,253,390,501,644,751,939",7,92.9524606659416,"159,253,390,501,644,751,939",7,92.9524606659416
"251,501,751",0.005,3,6915.32864696932,"239,250,497,498,501,504,506,513,751,755",0.00684573030860997,10,7005.12155282511,"250,498,751",0.00588095858947701,3,6892.12680893395,"250,498,751",0.00569266531354315,3,6890.38196435279,"250,498,751",0.0056926653113831,3,6890.38196435279,"250,498,751",0.00569266531206522,3,6890.38196435278,"250,498,751",0.00569266531263366,3,6890.38196435278,"250,498,751",0.00569266531695376,3,6890.38196435278,"250,498,751",0.00569266531251997,3,6890.38196435279,"250,498,751",0.00569266531183785,3,6890.38196435279,"250,498,751",0.00569266531604426,3,6890.38196435279,"250,498,751",0.0056926653139979,3,6890.38196435279,"103,250,374,501,602,751,846",7,29.5382826688715,"103,250,374,501,602,751,846",7,29.5382826688715,"103,250,374,501,602,751,846",7,29.5382826688715
"251,501,751",0.005,3,6957.82552455027,"235,250,252,253,413,441,498,501,749,752",0.00652315886816187,10,7060.16943276194,"250,501,752",0.00560849723157055,3,6951.27029534523,"250,501,752",0.00539843099206604,3,6950.78718469552,"250,501,752",0.00539843099104286,3,6950.78718469552,"250,501,752",0.00539843099092918,3,6950.78718469552,"250,501,752",0.00539843099013337,3,6950.78718469551,"250,501,752",0.00539843098933756,3,6950.78718469552,"250,501,752",0.00539843099001968,3,6950.78718469552,"250,501,752",0.00539843099263448,3,6950.78718469551,"250,501,752",0.00539843099217973,3,6950.7871846955,"250,501,752",0.00539843099024705,3,6950.78718469551,"117,250,384,501,661,752,890",7,96.4226588642444,"117,250,384,501,661,752,890",7,96.4226588642444,"117,250,384,501,661,752,890",7,96.4226588642444
"251,501,751",0.005,3,6976.70334314359,"252,501,502,751,756",0.00607126190871878,5,7037.7033227449,"252,502,751",0.00476157501520462,3,6971.45261357613,"252,502,751",0.00472000719423899,3,6971.38846435954,"252,502,751",0.00472000720026439,3,6971.38846435954,"252,502,751",0.00472000718468929,3,6971.38846435952,"252,502,751",0.0047200071980475,3,6971.38846435954,"252,502,751",0.00472000719378424,3,6971.38846435954,"252,502,751",0.00472000719816118,3,6971.38846435954,"252,502,751",0.00472000719662641,3,6971.38846435954,"252,502,751",0.00472000719668325,3,6971.38846435953,"252,502,751",0.0047200071967401,3,6971.38846435954,"93,252,424,502,608,751,865",7,89.6057224106763,"93,252,424,502,608,751,865",7,89.6057224106763,"252,424,502,608,751,865",6,90.4130092060944
"251,501,751",0.005,3,6976.67168772704,"247,251,252,254,488,501,502,528,751",0.00748317111847413,9,7141.75495318177,"247,254,501,751",0.00559271241739,4,6983.58722617631,"247,501,751",0.00604810009061805,3,6979.37758116757,"247,501,751",0.00540521307396591,3,6975.90618159545,"247,501,751",0.00540521307919551,3,6975.90618159544,"247,501,751",0.00540521307544384,3,6975.90618159545,"247,501,751",0.00540521307692177,3,6975.90618159544,"247,501,751",0.00540521307783127,3,6975.90618159544,"247,501,751",0.00540521307646702,3,6975.90618159544,"247,501,751",0.00540521307703546,3,6975.90618159544,"247,501,751",0.00540521307464803,3,6975.90618159544,"146,251,316,501,587,751,877",7,90.4049935707753,"153,254,316,501,587,751,877",7,92.0789399168358,"153,254,316,501,587,751,877",7,92.0789399168358
"251,501,751",0.005,3,6934.92552588475,"249,251,464,480,501,749,753,754",0.00693871267479614,8,7067.12448372858,"251,501,749",0.0061117657867778,3,6936.27582340606,"251,501,749",0.00509454346253556,3,6926.91952618106,"251,501,749",0.00509454346067394,3,6926.91952618107,"251,501,749",0.00509454346254977,3,6926.91952618106,"251,501,749",0.00509454346195291,3,6926.91952618107,"251,501,749",0.005094543465463,3,6926.91952618106,"251,501,749",0.00509454346300452,3,6926.91952618106,"251,501,749",0.00509454346256398,3,6926.91952618106,"251,501,749",0.00509454346364401,3,6926.91952618106,"251,501,749",0.00509454346303294,3,6926.91952618106,"129,251,407,501,557,683,753,922",8,68.0906270916926,"129,251,407,501,565,683,749,922",8,70.0823038517942,"129,251,407,501,565,749,922",7,71.9251099998045
"251,501,751",0.005,3,6967.2418441827,"251,256,495,497,498,500,502,503,750,751,754,762",0.00590079757566775,12,7097.88457799235,"251,500,750",0.00507159132475491,3,6961.68640749853,"251,500,750",0.00501292627176799,3,6961.43352096442,"251,500,750",0.0050129262716543,3,6961.43352096442,"251,500,750",0.0050129262708585,3,6961.43352096442,"251,500,750",0.00501292626773211,3,6961.43352096443,"251,500,750",0.00501292627094376,3,6961.43352096442,"251,500,750",0.00501292626835739,3,6961.43352096442,"251,500,750",0.00501292627370067,3,6961.43352096442,"251,500,750",0.00501292626767527,3,6961.43352096443,"251,500,750",0.00501292626952268,3,6961.43352096442,"156,251,398,500,555,750,881,883",8,100.980989745436,"156,251,398,500,555,750,881,883",8,100.980989745436,"156,251,398,500,555,750,881,883",8,100.980989745436
"251,501,751",0.005,3,7007.3147252445,"244,251,252,469,500,501,505,519,526,749,751",0.00624627203693069,11,7117.25217519702,"252,501,751",0.00531142763084844,3,7003.09007039355,"252,501,751",0.00516586048075471,3,7002.4353890492,"252,501,751",0.0051658604786515,3,7002.4353890492,"252,501,751",0.0051658604816642,3,7002.4353890492,"252,501,751",0.00516586048058418,3,7002.4353890492,"252,501,751",0.0051658604799589,3,7002.4353890492,"252,501,751",0.00516586048041365,3,7002.4353890492,"252,501,751",0.00516586048177789,3,7002.43538904921,"252,501,751",0.00516586047927678,3,7002.43538904921,"252,501,751",0.00516586048029996,3,7002.43538904921,"155,252,388,501,662,751,887",7,135.376904821243,"155,252,388,501,662,749,887",7,137.002876937426,"155,252,388,501,662,749,887",7,137.002876937426
"251,501,751",0.005,3,7010.83463486027,"251,493,498,501,503,524,532,533,747,753",0.00648972581981189,10,7126.06235774913,"251,503,753",0.00528045381040883,3,7006.44675458717,"251,503,753",0.00508354130996004,3,7005.00607896048,"251,503,753",0.00508354131359802,3,7005.00607896048,"251,503,753",0.00508354131769074,3,7005.00607896049,"251,503,753",0.00508354131405277,3,7005.00607896048,"251,503,753",0.00508354130973267,3,7005.00607896049,"251,503,753",0.00508354131950973,3,7005.00607896049,"251,503,753",0.00508354131246115,3,7005.00607896048,"251,503,753",0.00508354131518963,3,7005.00607896048,"251,503,753",0.00508354131678125,3,7005.00607896049,"92,251,371,503,612,753,882",7,135.088331027113,"92,251,371,503,612,747,882",7,136.844622756572,"92,251,371,503,612,747,882",7,136.844622756572
"251,501,751",0.005,3,6967.73608777754,"246,249,250,500,501,531,750,751,757,770",0.00633807859219635,10,7105.15983206443,"249,501,750",0.00522364498133881,3,6960.78950238823,"249,501,750",0.0048693932184445,3,6959.62335099806,"249,501,750",0.00486939321480652,3,6959.62335099808,"249,501,750",0.00486939321571602,3,6959.62335099808,"249,501,750",0.00486939321457915,3,6959.62335099807,"249,501,750",0.00486939321776238,3,6959.62335099806,"249,501,750",0.00486939321958137,3,6959.62335099807,"249,501,750",0.00486939321435177,3,6959.62335099807,"249,501,750",0.00486939321708026,3,6959.62335099806,"249,501,750",0.00486939322117298,3,6959.62335099806,"39,249,429,501,680,750,770,887",8,91.8730391168203,"39,249,429,501,680,751,887",7,92.3332491111005,"39,249,429,501,680,751,887",7,92.3332491111005
"251,501,751",0.005,3,7035.75463157449,"250,251,487,501,502,507,551,750,751",0.00636998371617875,9,7161.33747822421,"251,502,751",0.00469644033938105,3,7031.55707408752,"251,502,751",0.00454168298708409,3,7031.11832972664,"251,502,751",0.00454168298645881,3,7031.11832972664,"251,502,751",0.0045416829882778,3,7031.11832972663,"251,502,751",0.00454168298745357,3,7031.11832972663,"251,502,751",0.0045416829859188,3,7031.11832972663,"251,502,751",0.00454168298648723,3,7031.11832972663,"251,502,751",0.00454168298645881,3,7031.11832972662,"251,502,751",0.00454168298637355,3,7031.11832972663,"251,502,751",0.00454168298665776,3,7031.11832972663,"179,251,362,502,693,751,858",7,158.471555805235,"179,251,362,502,693,751,858",7,158.471555805235,"179,251,362,502,693,751,858",7,158.471555805235
"251,501,751",0.005,3,6996.08471289311,"250,251,500,501,507,745,751,759",0.00567618145675922,8,7064.70125173422,"251,501,507,745",0.00491692214056008,4,6994.29496608496,"251,501,745",0.00472012723488584,3,6983.67605640353,"251,501,745",0.00475300826775499,3,6983.16148777601,"251,501,745",0.00475300827059716,3,6983.16148777602,"251,501,745",0.00475300827332564,3,6983.16148777602,"251,501,745",0.00475300827071084,3,6983.16148777602,"251,501,745",0.00475300826582231,3,6983.16148777601,"251,501,745",0.00475300827343933,3,6983.16148777601,"251,501,745",0.00475300827014241,3,6983.16148777601,"251,501,745",0.00475300827059716,3,6983.16148777601,"80,251,330,478,501,614,745,933",8,113.803642557624,"80,251,330,478,501,614,745,933",8,113.803642557624,"80,251,330,478,501,614,745,933",8,113.803642557624
"251,501,751",0.005,3,6927.97475958766,"251,495,500,501,504,505,557,747,751,766,769,780",0.0060283072185827,12,7054.44198872985,"251,501,751",0.00511681553554121,3,6916.37742736117,"251,501,751",0.00503493015943488,3,6916.1494169463,"251,501,751",0.005034930155399,3,6916.1494169463,"251,501,751",0.00503493015960541,3,6916.14941694629,"251,501,751",0.00503493015664956,3,6916.14941694631,"251,501,751",0.00503493015892329,3,6916.1494169463,"251,501,751",0.00503493015869592,3,6916.1494169463,"251,501,751",0.00503493016028753,3,6916.14941694629,"251,501,751",0.00503493015585375,3,6916.14941694629,"251,501,751",0.00503493015676324,3,6916.14941694631,"60,251,408,501,594,751,806",7,60.1220116916198,"60,251,408,501,594,751,806",7,60.1220116916198,"60,251,342,501,594,751,806",7,60.538472932465
"251,501,751",0.005,3,6912.5393527059,"244,251,253,423,496,502,509,527,530,744,751,756,757",0.00615720913208095,13,7064.4612717659,"251,502,751",0.00515108185740499,3,6904.85735078849,"251,502,751",0.00491255592880021,3,6904.23370413341,"251,502,751",0.00491255592436642,3,6904.23370413343,"251,502,751",0.00491255593073289,3,6904.23370413341,"251,502,751",0.00491255592868652,3,6904.23370413342,"251,502,751",0.00491255593010761,3,6904.23370413342,"251,502,751",0.00491255592652647,3,6904.23370413343,"251,502,751",0.00491255592556013,3,6904.23370413342,"251,502,751",0.00491255592652647,3,6904.23370413343,"251,502,751",0.00491255592726544,3,6904.23370413343,"131,251,307,502,618,751,924",7,42.5923574372879,"131,251,307,502,618,751,924",7,42.5923574372879,"131,251,307,502,618,751,924",7,42.5923574372879
"251,501,751",0.005,3,7013.58386765163,"250,251,443,450,501,506,508,515,750,751",0.00784098154712578,10,7190.02744927952,"250,501,750",0.00598868438818456,3,7009.56383602986,"250,501,750",0.00549137676394403,3,7007.45184160986,"250,501,750",0.00549137676658148,3,7007.45184160985,"250,501,750",0.00549137676756314,3,7007.45184160986,"250,501,750",0.0054913767609602,3,7007.45184160986,"250,501,750",0.00549137676586938,3,7007.45184160986,"250,501,750",0.00549137676332675,3,7007.45184160986,"250,501,750",0.00549137676577124,3,7007.45184160986,"250,501,750",0.00549137676011332,3,7007.45184160986,"250,501,750",0.00549137676324503,3,7007.45184160987,"113,250,308,501,667,750,899",7,145.035216633786,"113,250,308,501,667,750,899",7,145.035216633786,"113,250,308,501,667,750,899",7,145.035216633786
"251,501,751",0.005,3,6949.76382129203,"251,467,468,501,502,503,508,511,514,743,751,754",0.00688164521061878,12,7076.35046686163,"251,502,751",0.00591437014528831,3,6941.61791681356,"251,502,751",0.005760367363556,3,6941.21120596255,"251,502,751",0.00576036736332862,3,6941.21120596255,"251,502,751",0.00576036736560236,3,6941.21120596256,"251,502,751",0.00576036736378337,3,6941.21120596255,"251,502,751",0.00576036736423812,3,6941.21120596254,"251,502,751",0.00576036736287388,3,6941.21120596254,"251,502,751",0.00576036736446549,3,6941.21120596256,"251,502,751",0.00576036736537499,3,6941.21120596257,"251,502,751",0.00576036736378337,3,6941.21120596255,"87,251,314,502,568,751,899",7,87.006810083974,"87,251,314,502,568,751,899",7,87.006810083974,"87,251,314,502,568,751,899",7,87.006810083974
"251,501,751",0.005,3,6954.41807229361,"229,251,501,502,503,505,751",0.0059904034812054,7,7017.10104805024,"251,501,505,751",0.0051744379596741,4,6961.22993833087,"251,501,751",0.00503075060049424,3,6950.19017727322,"251,501,751",0.00513027655084207,3,6949.88152121333,"251,501,751",0.00513027655180841,3,6949.88152121333,"251,501,751",0.00513027655334318,3,6949.88152121333,"251,501,751",0.00513027655141051,3,6949.88152121333,"251,501,751",0.00513027655067154,3,6949.88152121333,"251,501,751",0.0051302765519221,3,6949.88152121333,"251,501,751",0.0051302765502168,3,6949.88152121332,"251,501,751",0.00513027655050101,3,6949.88152121333,"182,251,425,502,581,751,926",7,94.5105448100241,"182,251,425,502,581,751,926",7,94.5105448100241,"182,251,425,502,581,751,845",7,94.6207886551046
"251,501,751",0.005,3,6918.55869285104,"249,250,252,494,496,501,502,503,504,749,750,751,753",0.00634261079212801,13,7086.84455801017,"252,501,751",0.00526284714527737,3,6920.20432121601,"252,501,751",0.00491747689186669,3,6914.40574608665,"252,501,751",0.00491747689414043,3,6914.40574608664,"252,501,751",0.00491747689345831,3,6914.40574608664,"252,501,751",0.0049174768952773,3,6914.40574608665,"252,501,751",0.00491747689209406,3,6914.40574608664,"252,501,751",0.00491747689368568,3,6914.40574608664,"252,501,751",0.00491747689323093,3,6914.40574608665,"252,501,751",0.0049174768900477,3,6914.40574608663,"252,501,751",0.00491747689300356,3,6914.40574608664,"54,250,307,501,546,706,751,938",8,67.2586765307675,"54,250,307,501,552,706,751,938",8,67.758010252291,"54,250,307,501,546,751,938",7,68.9750279999346
"251,501,751",0.005,3,6949.60935650579,"219,239,245,251,255,256,269,481,483,501,502,512,528,745,749,751",0.00550449288823475,16,7116.78891465257,"251,483,501,751",0.00516858368167029,4,6959.73162985486,"251,501,751",0.00471070867561089,3,6945.07239024903,"251,501,751",0.0046769174192872,3,6944.97418825907,"251,501,751",0.00467691741542185,3,6944.97418825908,"251,501,751",0.0046769174201967,3,6944.97418825907,"251,501,751",0.00467691741633134,3,6944.97418825907,"251,501,751",0.00467691741905983,3,6944.97418825907,"251,501,751",0.00467691741769559,3,6944.97418825907,"251,501,751",0.00467691741564922,3,6944.97418825907,"251,501,751",0.00467691741405761,3,6944.97418825907,"137,251,347,501,659,751,901",7,77.8526742221534,"137,251,347,501,659,751,901",7,77.8526742221534,"137,251,375,501,659,751,913",7,78.2380622953756
"251,501,751",0.005,3,7030.55930801254,"251,499,505,511,516,751",0.00632842737841739,6,7097.20072816493,"251,499,751",0.00483300698602323,3,7015.86433265488,"251,499,751",0.00475360651582158,3,7015.75347710648,"251,499,751",0.00475360651582158,3,7015.75347710648,"251,499,751",0.00475360651582158,3,7015.75347710649,"251,499,751",0.00475360651332047,3,7015.75347710648,"251,499,751",0.00475360651832269,3,7015.75347710649,"251,499,751",0.00475360651695845,3,7015.75347710649,"251,499,751",0.00475360651536683,3,7015.75347710649,"251,499,751",0.00475360651604895,3,7015.75347710649,"251,499,751",0.00475360651673108,3,7015.75347710649,"97,251,365,499,677,751,888",7,126.414426071301,"97,251,365,499,677,751,888",7,126.414426071301,"97,251,365,499,677,751,888",7,126.414426071301
"251,501,751",0.005,3,6978.26225861768,"251,458,483,499,501,510,740,741,749,751,770",0.00590818362719825,11,7115.78368150918,"251,501,751",0.00457099290425443,3,6979.4145550816,"251,501,751",0.00444470885575766,3,6971.84589112626,"251,501,751",0.00444470885518922,3,6971.84589112626,"251,501,751",0.00444470885700821,3,6971.84589112625,"251,501,751",0.00444470885462079,3,6971.84589112625,"251,501,751",0.00444470885541659,3,6971.84589112625,"251,501,751",0.00444470885564397,3,6971.84589112626,"251,501,751",0.00444470885541659,3,6971.84589112625,"251,501,751",0.00444470885564397,3,6971.84589112625,"251,501,751",0.00444470885575766,3,6971.84589112625,"114,251,307,501,672,751,860",7,85.6714975727924,"114,251,307,501,672,751,860",7,85.6714975727924,"114,251,307,501,672,751,860",7,85.6714975727924
"251,501,751",0.005,3,6890.79041508666,"250,485,501,502,504,751",0.00691759245785638,6,6990.79334960556,"250,502,751",0.00517596586878995,3,6881.4750295407,"250,502,751",0.00514252468203665,3,6881.45671395973,"250,502,751",0.00514252468220718,3,6881.45671395972,"250,502,751",0.00514252468408301,3,6881.45671395973,"250,502,751",0.00514252468553252,3,6881.45671395973,"250,502,751",0.00514252468450934,3,6881.45671395972,"250,502,751",0.00514252468482198,3,6881.45671395973,"250,502,751",0.00514252468467987,3,6881.45671395973,"250,502,751",0.0051425246831451,3,6881.45671395972,"250,502,751",0.00514252468408301,3,6881.45671395973,"44,250,293,502,583,751,918",7,24.8637536984828,"44,250,293,502,583,751,918",7,24.8637536984828,"44,250,293,502,583,751,918",7,24.8637536984828
"251,501,751",0.005,3,6943.42462847433,"245,249,251,258,494,501,505,751,756",0.00647470610358107,9,7051.48498939596,"249,494,501,751",0.00555675692212898,4,6951.4374313794,"249,501,751",0.0053023632939386,3,6941.10519158776,"249,501,751",0.00517507607880516,3,6940.78581953955,"249,501,751",0.00517507607914622,3,6940.78581953954,"249,501,751",0.00517507607732724,3,6940.78581953954,"249,501,751",0.00517507607789567,3,6940.78581953955,"249,501,751",0.00517507607709986,3,6940.78581953954,"249,501,751",0.00517507607891885,3,6940.78581953954,"249,501,751",0.00517507607880516,3,6940.78581953955,"249,501,751",0.00517507607823673,3,6940.78581953954,"49,249,411,501,652,751,863",7,95.9605926666668,"49,249,411,501,652,751,863",7,95.9605926666668,"49,249,411,501,652,751,863",7,95.9605926666668
"251,501,751",0.005,3,7006.05870153471,"251,491,500,501,514,515,749,751",0.00580194598576336,8,7095.30356040767,"251,500,749",0.00442478502193176,3,6992.16805104391,"251,500,749",0.00417807270833215,3,6989.50152450439,"251,500,749",0.00417807270873006,3,6989.50152450439,"251,500,749",0.00417807270810478,3,6989.50152450439,"251,500,749",0.0041780727070816,3,6989.50152450438,"251,500,749",0.00417807270821846,3,6989.50152450439,"251,500,749",0.00417807271003745,3,6989.50152450439,"251,500,749",0.00417807270827531,3,6989.50152450439,"251,500,749",0.00417807270929849,3,6989.50152450439,"251,500,749",0.00417807270742266,3,6989.50152450438,"35,251,459,500,696,749,861",7,122.795228871605,"35,251,459,500,696,749,861",7,122.795228871605,"35,251,459,500,696,749,861",7,122.795228871605
"251,501,751",0.005,3,7009.62620760676,"247,249,250,442,494,497,499,500,528,752,755,765,802",0.00617573957853944,13,7139.37664932251,"250,499,500,752",0.00536401685562415,4,7002.34786410261,"250,499,752",0.0052298980998965,3,6989.50422933801,"250,499,752",0.00519950946221899,3,6989.10982050374,"250,499,752",0.00519950946312849,3,6989.10982050373,"250,499,752",0.0051995094613095,3,6989.10982050373,"250,499,752",0.00519950946449273,3,6989.10982050374,"250,499,752",0.00519950946540222,3,6989.10982050375,"250,499,752",0.00519950945812627,3,6989.10982050373,"250,499,752",0.00519950946858546,3,6989.10982050373,"250,499,752",0.00519950946221899,3,6989.10982050371,"162,250,335,500,626,752,802,931",8,119.295211253281,"162,250,335,499,627,755,865",7,126.332263511464,"169,250,335,499,627,755,865",7,127.576506807459
"251,501,751",0.005,3,6954.86703635748,"240,243,253,467,482,491,501,503,508,511,748,749,758",0.00583916154525257,13,7075.90102509952,"243,253,503,749",0.00517338933237779,4,6947.56151434109,"253,503,749",0.00532406994355561,3,6940.72638971674,"253,503,749",0.00494689542214085,3,6938.79056016323,"253,503,749",0.00494689542043555,3,6938.79056016324,"253,503,749",0.00494689542361878,3,6938.79056016323,"253,503,749",0.00494689542293666,3,6938.79056016324,"253,503,749",0.0049468954233914,3,6938.79056016323,"253,503,749",0.00494689542373246,3,6938.79056016324,"253,503,749",0.00494689542305034,3,6938.79056016324,"253,503,749",0.0049468954233914,3,6938.79056016324,"148,243,348,501,609,749,874",7,71.2057488187792,"148,243,348,501,609,748,874",7,71.7642758038843,"148,243,348,501,609,748,874",7,71.7642758038843
"251,501,751",0.005,3,6901.85140217755,"251,487,491,495,500,501,502,508,751,763",0.00552357531132169,10,7003.57732173872,"251,501,751",0.00470206230556554,3,6895.71020873852,"251,501,751",0.00470699085314828,3,6895.37848011384,"251,501,751",0.00470699085360302,3,6895.37848011384,"251,501,751",0.00470699085496726,3,6895.37848011383,"251,501,751",0.00470699085803681,3,6895.37848011384,"251,501,751",0.00470699085405777,3,6895.37848011384,"251,501,751",0.00470699085485358,3,6895.37848011384,"251,501,751",0.0047069908555357,3,6895.37848011382,"251,501,751",0.00470699085257984,3,6895.37848011384,"251,501,751",0.00470699085439883,3,6895.37848011384,"195,251,400,501,555,751,865",7,23.3002529544499,"195,251,400,501,555,751,865",7,23.3002529544499,"195,251,400,501,555,751,865",7,23.3002529544499
"251,501,751",0.005,3,7000.22787608481,"233,234,251,253,254,255,466,497,500,501,508,745,751,758",0.00593652990092959,14,7162.96879357652,"253,501,751",0.00560286950324539,3,6999.77046423427,"253,501,751",0.00498558919640459,3,6995.58615281927,"253,501,751",0.00498558919435823,3,6995.58615281926,"253,501,751",0.00498558919532456,3,6995.58615281927,"253,501,751",0.00498558919640459,3,6995.58615281926,"253,501,751",0.00498558919413085,3,6995.58615281926,"253,501,751",0.00498558919509719,3,6995.58615281926,"253,501,751",0.00498558920009941,3,6995.58615281927,"253,501,751",0.00498558919782567,3,6995.58615281927,"253,501,751",0.00498558919640459,3,6995.58615281927,"159,253,300,501,537,751,867",7,142.233120204287,"159,253,300,501,537,751,867",7,142.233120204287,"159,253,300,501,537,751,867",7,142.233120204287
"251,501,751",0.005,3,6986.27727876752,"248,251,252,476,498,501,503,508,751,752",0.00645203632846006,10,7140.87499720156,"251,501,503,751",0.00468339139044955,4,6996.7255069327,"251,501,751",0.00453640635239814,3,6984.78544143467,"251,501,751",0.0045652356820203,3,6984.37653816088,"251,501,751",0.00456523568331704,3,6984.37653816088,"251,501,751",0.00456523567967906,3,6984.37653816089,"251,501,751",0.00456523568215175,3,6984.37653816089,"251,501,751",0.00456523568044289,3,6984.37653816089,"251,501,751",0.00456523568265268,3,6984.37653816088,"251,501,751",0.00456523568554459,3,6984.37653816088,"251,501,751",0.00456523568216951,3,6984.37653816088,"136,251,344,503,664,751,894",7,113.364482190261,"136,251,344,503,664,751,894",7,113.364482190261,"136,251,344,503,664,751,894",7,113.364482190261
"251,501,751",0.005,3,6964.7117693413,"245,252,257,500,501,503,506,511,514,533,548,749,751,753,759",0.0057805585927358,15,7121.4552145177,"252,257,500,749,759",0.00523415081285649,5,6979.68020591706,"252,257,500,749",0.00504187142197133,4,6967.51564865202,"252,257,500,749",0.00476479548556942,4,6966.8300752825,"252,500,749",0.00557558640079394,3,6961.96057857181,"252,500,749",0.00488401128969909,3,6958.09734069076,"252,500,749",0.00488401128972751,3,6958.09734069076,"252,500,749",0.00488401128998331,3,6958.09734069075,"252,500,749",0.00488401129191599,3,6958.09734069075,"252,500,749",0.00488401128699903,3,6958.09734069076,"252,500,749",0.00488401128947172,3,6958.09734069076,"103,252,306,501,622,751,876",7,97.4308949667433,"103,257,306,501,622,753,876",7,104.824258132324,"103,257,306,501,622,753,876",7,104.824258132324
"251,501,751",0.005,3,6946.43657549186,"231,251,495,501,503,558,751",0.0067507858004481,7,7043.45158857968,"251,501,751",0.00534829157266502,3,6945.47756354068,"251,501,751",0.00502333056936807,3,6943.1632287128,"251,501,751",0.00502333057141444,3,6943.1632287128,"251,501,751",0.00502333056413848,3,6943.16322871281,"251,501,751",0.0050233305657301,3,6943.16322871281,"251,501,751",0.0050233305691407,3,6943.1632287128,"251,501,751",0.00502333057164181,3,6943.16322871281,"251,501,751",0.0050233305700502,3,6943.1632287128,"251,501,751",0.00502333056118262,3,6943.16322871281,"251,501,751",0.00502333057982726,3,6943.16322871279,"124,251,341,501,597,751,956",7,75.320475351117,"124,251,341,501,597,751,956",7,75.320475351117,"124,251,341,501,597,751,956",7,75.320475351117
"251,501,751",0.005,3,6888.89180417899,"251,484,500,501,517,520,531,751,752",0.00655037065538106,9,7044.18407356843,"251,500,751",0.00453294832910201,3,6883.9911408588,"251,500,751",0.00443063653542014,3,6883.79342420532,"251,500,751",0.00443063653385694,3,6883.79342420532,"251,500,751",0.00443063653074476,3,6883.79342420532,"251,500,751",0.00443063653246428,3,6883.79342420532,"251,500,751",0.0044306365255578,3,6883.79342420533,"251,500,751",0.00443063654010972,3,6883.79342420531,"251,500,751",0.00443063653263481,3,6883.79342420532,"251,500,751",0.00443063652815839,3,6883.79342420533,"251,500,751",0.00443063653095793,3,6883.79342420533,"122,251,311,500,607,751,917",7,9.95287023288806,"122,251,311,500,607,751,917",7,9.95287023288806,"122,251,311,500,751,917",6,11.5204604484051
"251,501,751",0.005,3,6983.61241748393,"244,247,251,452,466,487,495,499,502,528,751,753",0.00681926166005781,12,7146.8281143235,"247,251,499,502,751",0.00505573845342337,5,7000.49395148403,"251,499,751",0.00534690330112156,3,6982.71959758244,"251,499,751",0.00489995776705656,3,6977.25996092442,"251,499,751",0.0048999577667155,3,6977.25996092442,"251,499,751",0.00489995777046716,3,6977.25996092442,"251,499,751",0.00489995776455545,3,6977.25996092442,"251,499,751",0.00489995776807974,3,6977.25996092442,"251,499,751",0.00489995776705656,3,6977.25996092442,"251,499,751",0.00489995776876186,3,6977.25996092443,"251,499,751",0.00489995776637444,3,6977.25996092442,"123,247,380,499,626,751,822",7,105.279495863857,"123,247,380,499,626,751,822",7,105.279495863857,"123,247,380,499,626,751,822",7,105.279495863857
"251,501,751",0.005,3,6964.02490064416,"249,251,499,501,516,745,746,748,759,761",0.00680259449744968,10,7085.33755393536,"251,501,761",0.00568041523801964,3,6952.03409302436,"251,501,761",0.00534358892120876,3,6950.50952126945,"251,501,761",0.00534358892410777,3,6950.50952126945,"251,501,761",0.00534358892291406,3,6950.50952126944,"251,501,761",0.00534358892561412,3,6950.50952126944,"251,501,761",0.00534358892683626,3,6950.50952126945,"251,501,761",0.005343588924932,3,6950.50952126945,"251,501,761",0.00534358892908157,3,6950.50952126945,"251,501,761",0.00534358892109507,3,6950.50952126944,"251,501,761",0.00534358892396566,3,6950.50952126944,"144,249,318,466,501,616,745,761,808",9,86.8328408084465,"144,249,318,466,501,616,748,761,808",9,89.4687282264715,"144,249,318,466,501,616,748,761,808",9,89.4687282264715
"251,501,751",0.005,3,6971.48070164872,"245,251,490,496,499,501,510,514,515,748,749,751",0.00651687461523178,12,7113.71470418497,"251,501,749",0.00532466871445133,3,6963.94947256878,"251,501,749",0.00516035917697974,3,6963.28438322364,"251,501,749",0.0051603591737965,3,6963.28438322364,"251,501,749",0.00516035917629762,3,6963.28438322364,"251,501,749",0.00516035917572918,3,6963.28438322364,"251,501,749",0.00516035917618393,3,6963.28438322364,"251,501,749",0.00516035917612708,3,6963.28438322364,"251,501,749",0.00516035917567234,3,6963.28438322364,"251,501,749",0.0051603591751039,3,6963.28438322364,"251,501,749",0.00516035917737764,3,6963.28438322365,"117,251,399,501,589,749,869",7,113.096996666276,"117,251,399,501,589,748,869",7,113.306796528606,"191,251,399,501,568,748,869",7,115.406475418475
"251,501,751",0.005,3,6990.03581171543,"251,455,457,492,501,502,508,743,750",0.00633164863096542,9,7063.98826691987,"251,501,508,750",0.00531760493218665,4,6996.95152686076,"251,508,750",0.00501590430228769,3,6991.56748740843,"251,508,750",0.00514984862721667,3,6990.20571363747,"251,508,750",0.00514984862363553,3,6990.20571363749,"251,508,750",0.00514984862522715,3,6990.20571363747,"251,508,750",0.00514984862158917,3,6990.20571363749,"251,508,750",0.00514984862079336,3,6990.2057136375,"251,508,750",0.00514984862352185,3,6990.20571363749,"251,508,750",0.00514984862181654,3,6990.20571363749,"251,508,750",0.00514984862130495,3,6990.2057136375,"153,251,344,508,509,618,750,822,958",9,105.629558310872,"153,251,344,502,618,750,822,958",8,108.409619033386,"153,251,344,502,618,750,822,958",8,108.409619033386
"251,501,751",0.005,3,6958.94574210487,"244,251,484,501,522,578,749,751",0.00496709920788405,8,7041.96347614074,"251,501,751",0.00458420379458837,3,6958.2609803791,"251,501,751",0.00374023756081107,3,6947.73820003828,"251,501,751",0.00374023755910577,3,6947.73820003828,"251,501,751",0.00374023756012895,3,6947.73820003827,"251,501,751",0.00374023756012895,3,6947.73820003827,"251,501,751",0.00374023756342587,3,6947.73820003827,"251,501,751",0.00374023756001526,3,6947.73820003828,"251,501,751",0.00374023756024264,3,6947.73820003828,"251,501,751",0.00374023756422168,3,6947.73820003827,"251,501,751",0.00374023756263006,3,6947.73820003826,"251,378,501,686,751,919",6,58.8963471592877,"251,378,501,686,751,919",6,58.8963471592877,"251,378,501,686,751,837",6,63.7983490452219
"251,501,751",0.005,3,6973.31259336111,"251,253,448,456,473,490,491,501,503,505,751,752,754,758,759,762",0.00567012166511104,16,7148.70758751607,"251,501,751",0.00514039447846867,3,6976.42989318958,"251,501,751",0.00488400341672889,3,6971.328704314,"251,501,751",0.00488400341644467,3,6971.328704314,"251,501,751",0.0048840034179226,3,6971.328704314,"251,501,751",0.00488400341689942,3,6971.328704314,"251,501,751",0.00488400341655836,3,6971.328704314,"251,501,751",0.00488400341814998,3,6971.328704314,"251,501,751",0.00488400341604677,3,6971.328704314,"251,501,751",0.00488400341905947,3,6971.328704314,"251,501,751",0.00488400341616046,3,6971.328704314,"127,251,383,501,566,752,899",7,106.39430161743,"127,251,383,501,566,752,899",7,106.39430161743,"127,251,383,501,566,752,899",7,106.39430161743
"251,501,751",0.005,3,6960.29151024949,"251,253,501,547,577,748,751,753",0.00568855065693796,8,7054.32707466554,"251,501,753",0.00426127288606477,3,6950.52130801114,"251,501,753",0.00414255568161911,3,6950.31473184343,"251,501,753",0.0041425556825286,3,6950.31473184344,"251,501,753",0.00414255568025486,3,6950.31473184344,"251,501,753",0.00414255568139173,3,6950.31473184344,"251,501,753",0.00414255568048224,3,6950.31473184344,"251,501,753",0.00414255568366547,3,6950.31473184344,"251,501,753",0.00414255568161911,3,6950.31473184343,"251,501,753",0.00414255568230123,3,6950.31473184343,"251,501,753",0.00414255568139173,3,6950.31473184343,"151,251,420,501,753,929",6,82.1050870154518,"151,251,420,501,753,929",6,82.1050870154518,"151,251,420,501,753,929",6,82.1050870154518
"251,501,751",0.005,3,7013.02299430151,"242,252,498,502,503,562,751,753",0.00651688039092031,8,7113.905233152,"252,498,751",0.00521559301285498,3,7004.05603683932,"252,498,751",0.00499865422447094,3,7003.4092655031,"252,498,751",0.00499865422344776,3,7003.40926550311,"252,498,751",0.00499865422708574,3,7003.4092655031,"252,498,751",0.00499865422594887,3,7003.4092655031,"252,498,751",0.00499865422526675,3,7003.40926550311,"252,498,751",0.00499865422401619,3,7003.40926550311,"252,498,751",0.0049986542265173,3,7003.4092655031,"252,498,751",0.0049986542265173,3,7003.4092655031,"252,498,751",0.004998654224812,3,7003.40926550311,"100,252,385,498,619,751,869",7,149.37944515831,"100,252,385,498,619,751,869",7,149.37944515831,"100,252,385,498,619,751,869",7,149.37944515831
"251,501,751",0.005,3,6956.41655380252,"251,474,486,501,751,752,753,764",0.00608505455175547,8,7031.97034613937,"251,501,752",0.00571376803559851,3,6953.4517273331,"251,501,752",0.00532175950099957,3,6951.78851684322,"251,501,752",0.00532175949929427,3,6951.78851684322,"251,501,752",0.00532175950099957,3,6951.78851684322,"251,501,752",0.00532175950111326,3,6951.78851684322,"251,501,752",0.00532175950236382,3,6951.78851684321,"251,501,752",0.00532175950031745,3,6951.78851684322,"251,501,752",0.00532175950099957,3,6951.78851684322,"251,501,752",0.00532175950190907,3,6951.78851684322,"251,501,752",0.00532175949974902,3,6951.78851684321,"105,251,383,501,626,752,896",7,90.2260703493462,"105,251,383,501,626,752,896",7,90.2260703493462,"105,251,383,501,626,752,896",7,90.2260703493462
"251,501,751",0.005,3,6950.01877053089,"250,251,474,483,495,501,502,503,509,514,751,752,766",0.00588997717371065,13,7097.71392300136,"250,501,751",0.00474724806915463,3,6942.77887121001,"250,501,751",0.00471669927505918,3,6942.3901926957,"250,501,751",0.00471669927371937,3,6942.3901926957,"250,501,751",0.00471669927693502,3,6942.3901926957,"250,501,751",0.00471669927651224,3,6942.3901926957,"250,501,751",0.00471669927585832,3,6942.3901926957,"250,501,751",0.00471669927512713,3,6942.3901926957,"250,501,751",0.0047166992769117,3,6942.39019269569,"250,501,751",0.00471669927771262,3,6942.39019269569,"250,501,751",0.00471669927819978,3,6942.3901926957,"154,250,362,501,604,751,880",7,76.0489381947011,"154,250,362,501,604,751,880",7,76.0489381947011,"154,250,362,501,604,751,880",7,76.0489381947011
"251,501,751",0.005,3,6892.27408078397,"251,497,501,509,512,751",0.00691763991779504,6,6951.94760448008,"251,501,751",0.0058755791807499,3,6890.02034516413,"251,501,751",0.00558590581228604,3,6887.01003297939,"251,501,751",0.00558590581128063,3,6887.01003297939,"251,501,751",0.00558590581232157,3,6887.01003297939,"251,501,751",0.00558590581203735,3,6887.01003297939,"251,501,751",0.0055859058115755,3,6887.01003297939,"251,501,751",0.00558590581215459,3,6887.01003297939,"251,501,751",0.00558590581051679,3,6887.01003297939,"251,501,751",0.00558590581283316,3,6887.01003297939,"251,501,751",0.00558590581030718,3,6887.01003297939,"159,251,362,501,580,751,893",7,40.9435765302417,"159,251,362,501,580,751,893",7,40.9435765302417,"159,251,362,501,580,751,893",7,40.9435765302417
"251,501,751",0.005,3,7009.89149226682,"242,249,251,253,501,502,513,750",0.00566421432832385,8,7096.37755423676,"251,502,750",0.00479633115005412,3,7004.09533853846,"251,502,750",0.00457300999998689,3,7003.05246961349,"251,502,750",0.00457301000544386,3,7003.0524696135,"251,502,750",0.00457301000021426,3,7003.05246961349,"251,502,750",0.0045730100058986,3,7003.05246961349,"251,502,750",0.00457301000703547,3,7003.0524696135,"251,502,750",0.00457301000794497,3,7003.05246961349,"251,502,750",0.00457301000703547,3,7003.0524696135,"251,502,750",0.00457301000476173,3,7003.0524696135,"251,502,750",0.00457301000385224,3,7003.05246961349,"137,251,411,502,647,750,876",7,133.881222704671,"137,251,411,502,647,750,876",7,133.881222704671,"137,251,411,502,647,750,873",7,133.897328482376
"251,501,751",0.005,3,6897.22926076797,"244,246,251,495,496,501,560,751,753",0.00655951741487019,9,7016.64757480032,"251,501,751",0.00512980006532215,3,6892.66453630536,"251,501,751",0.00505619647253687,3,6892.58762232017,"251,501,751",0.00505619647390112,3,6892.58762232018,"251,501,751",0.00505619647185475,3,6892.58762232017,"251,501,751",0.00505619647083157,3,6892.58762232017,"251,501,751",0.00505619647174107,3,6892.58762232017,"251,501,751",0.0050561964714,3,6892.58762232016,"251,501,751",0.00505619646889889,3,6892.58762232017,"251,501,751",0.00505619646980839,3,6892.58762232017,"251,501,751",0.00505619647242319,3,6892.58762232018,"152,251,382,501,683,751,877",7,43.4467320892146,"152,251,382,501,683,751,877",7,43.4467320892146,"152,251,382,501,683,751,877",7,43.4467320892146
"251,501,751",0.005,3,6980.94511278149,"250,492,501,503,545,745,750,751",0.00611549036862748,8,7074.69327660827,"250,501,751",0.00479344245716392,3,6971.87455979046,"250,501,751",0.00473286676354958,3,6971.81948837886,"250,501,751",0.00473286676150322,3,6971.81948837885,"250,501,751",0.00473286676354958,3,6971.81948837885,"250,501,751",0.00473286676138953,3,6971.81948837885,"250,501,751",0.00473286676048004,3,6971.81948837886,"250,501,751",0.00473286676138953,3,6971.81948837885,"250,501,751",0.00473286676138953,3,6971.81948837885,"250,501,751",0.00473286676332221,3,6971.81948837886,"250,501,751",0.0047328667634359,3,6971.81948837886,"197,250,465,501,666,751,868",7,107.818684593662,"197,250,465,501,666,751,868",7,107.818684593662,"197,250,465,501,666,751,868",7,107.818684593662
"251,501,751",0.005,3,6912.31828045047,"246,251,252,435,493,495,496,498,501,502,504,751,752",0.00706966175240817,13,7054.71044527916,"252,501,752",0.00615972090012974,3,6898.06687008598,"252,501,752",0.00582071366570564,3,6895.71090081114,"252,501,752",0.0058207136643414,3,6895.71090081115,"252,501,752",0.00582071366843412,3,6895.71090081114,"252,501,752",0.00582071366508036,3,6895.71090081115,"252,501,752",0.00582071366581932,3,6895.71090081115,"252,501,752",0.00582071366797937,3,6895.71090081115,"252,501,752",0.00582071366411402,3,6895.71090081114,"252,501,752",0.00582071366581932,3,6895.71090081114,"252,501,752",0.00582071366525089,3,6895.71090081115,"123,252,388,498,652,752,845",7,55.1091664408003,"123,252,388,498,633,751,845",7,55.6260155450483,"123,252,388,501,633,751,845",7,55.8949031468034
"251,501,751",0.005,3,6954.87766897462,"251,455,465,499,502,510,556,565,568,752",0.00656226016982973,10,7061.96110662277,"251,502,752",0.00516314015122289,3,6944.04853346767,"251,502,752",0.00509994615117752,3,6943.96906150544,"251,502,752",0.00509994614924484,3,6943.96906150543,"251,502,752",0.00509994614947221,3,6943.96906150544,"251,502,752",0.00509994614935853,3,6943.96906150543,"251,502,752",0.00509994614753954,3,6943.96906150544,"251,502,752",0.00509994615185964,3,6943.96906150543,"251,502,752",0.00509994615083646,3,6943.96906150543,"251,502,752",0.00509994614753954,3,6943.96906150543,"251,502,752",0.00509994615242807,3,6943.96906150543,"184,251,361,502,648,752,877",7,56.9196300556475,"184,251,361,502,648,752,877",7,56.9196300556475,"184,251,361,502,648,752,877",7,56.9196300556475
"251,501,751",0.005,3,7019.1322516144,"250,252,257,492,497,501,717,749,755",0.00635872580329132,9,7095.68857406136,"250,501,749",0.00711659804365282,3,7023.98486384013,"250,501,749",0.00586836280729174,3,7010.62941168363,"250,501,749",0.00586836280979285,3,7010.62941168362,"250,501,749",0.00586836280479063,3,7010.62941168365,"250,501,749",0.00586836280683699,3,7010.62941168363,"250,501,749",0.00586836280729174,3,7010.62941168363,"250,501,749",0.00586836280433588,3,7010.62941168364,"250,501,749",0.00586836280797386,3,7010.62941168362,"250,501,749",0.005868362805018,3,7010.62941168364,"250,501,749",0.005868362805018,3,7010.62941168364,"109,250,353,441,501,606,749,820",8,149.902913906426,"109,250,353,441,501,606,749,820",8,149.902913906426,"109,250,353,441,501,606,749,820",8,149.902913906426
"251,501,751",0.005,3,7007.40317776245,"242,248,251,254,255,475,476,494,496,497,500,501,522,727,751,753",0.00541432033138152,16,7169.16112951712,"255,500,751",0.00507307782152786,3,6993.80867452955,"255,500,751",0.0048994863755413,3,6993.3788755875,"255,500,751",0.00489948637599605,3,6993.3788755875,"255,500,751",0.00489948637497287,3,6993.3788755875,"255,500,751",0.00489948637804241,3,6993.3788755875,"255,500,751",0.00489948637463181,3,6993.3788755875,"255,500,751",0.00489948637565499,3,6993.3788755875,"255,500,751",0.00489948637565499,3,6993.3788755875,"255,500,751",0.00489948637679186,3,6993.3788755875,"255,500,751",0.0048994863772466,3,6993.3788755875,"189,255,432,500,614,751,930",7,135.056829842687,"189,255,432,500,614,751,930",7,135.056829842687,"189,255,445,500,614,751,930",7,136.052669953131
"251,501,751",0.005,3,6989.70908702185,"251,252,493,498,501,511,563,751,753",0.00514245732539027,9,7073.13206747511,"251,498,751",0.00398413110654524,3,6983.89675696035,"251,498,751",0.00411840231364687,3,6976.88786615776,"251,498,751",0.0041184023129079,3,6976.88786615776,"251,498,751",0.00411840231276579,3,6976.88786615776,"251,498,751",0.00411840231278001,3,6976.88786615776,"251,498,751",0.0041184023130358,3,6976.88786615776,"251,498,751",0.00411840231349055,3,6976.88786615776,"251,498,751",0.00411840231337686,3,6976.88786615776,"251,498,751",0.00411840231344792,3,6976.88786615776,"251,498,751",0.00411840231282264,3,6976.88786615776,"130,251,405,498,608,751,869",7,110.773038391124,"130,251,405,498,608,751,869",7,110.773038391124,"130,251,405,498,608,751,869",7,110.773038391124
"251,501,751",0.005,3,6896.72824333743,"250,251,500,501,752",0.00677713608485777,5,6943.44037771676,"251,501,752",0.005662243500697,3,6883.07589694855,"251,501,752",0.00559322589233151,3,6883.01540772597,"251,501,752",0.00559322589403681,3,6883.01540772597,"251,501,752",0.00559322589622528,3,6883.01540772596,"251,501,752",0.00559322589241677,3,6883.01540772597,"251,501,752",0.00559322589568527,3,6883.01540772597,"251,501,752",0.00559322589326942,3,6883.01540772597,"251,501,752",0.00559322589338311,3,6883.01540772597,"251,501,752",0.00559322589591264,3,6883.01540772596,"251,501,752",0.00559322589443471,3,6883.01540772597,"137,251,456,501,555,681,752,866",8,29.2171820682355,"137,250,456,501,555,679,752,866",8,31.1608705540741,"137,250,456,501,555,679,752,866",8,31.1608705540741
"251,501,751",0.005,3,6987.69554605797,"250,253,491,495,497,499,501,751",0.00673349599193145,8,7112.45576136401,"253,501,751",0.00496950683415867,3,6978.39332145409,"253,501,751",0.00491938467141828,3,6978.35238798075,"253,501,751",0.00491938467255515,3,6978.35238798075,"253,501,751",0.00491938467414677,3,6978.35238798074,"253,501,751",0.00491938467119091,3,6978.35238798075,"253,501,751",0.00491938466414233,3,6978.35238798075,"253,501,751",0.00491938466687081,3,6978.35238798076,"253,501,751",0.00491938466823505,3,6978.35238798075,"253,501,751",0.00491938467096354,3,6978.35238798074,"253,501,751",0.0049193846686898,3,6978.35238798076,"119,253,387,501,556,751,919",7,120.982599917596,"119,253,387,501,556,751,919",7,120.982599917596,"119,253,387,501,556,751,919",7,120.982599917596
"251,501,751",0.005,3,6992.93380756041,"251,255,257,494,500,501,749,751,755,780",0.00648462959559896,10,7089.96290547261,"255,501,749",0.00606489275055155,3,6980.42283792152,"255,501,749",0.00570974185821979,3,6979.27321600836,"255,501,749",0.00570974185628712,3,6979.27321600835,"255,501,749",0.00570974185867454,3,6979.27321600836,"255,501,749",0.00570974185424075,3,6979.27321600836,"255,501,749",0.00570974185310388,3,6979.27321600836,"255,501,749",0.00570974185526393,3,6979.27321600836,"255,501,749",0.00570974185799242,3,6979.27321600836,"255,501,749",0.00570974185617343,3,6979.27321600836,"255,501,749",0.00570974185833348,3,6979.27321600836,"80,255,371,501,619,749,832,983",8,129.548268425147,"80,255,371,501,619,749,832,983",8,129.548268425147,"80,255,371,501,619,749,832,983",8,129.548268425147
"251,501,751",0.005,3,6940.98855441181,"242,250,251,252,255,497,501,750,751",0.00528388543923415,9,7022.8607914583,"252,497,501,751",0.00527262262787666,4,6953.15861594021,"252,497,751",0.00464648697906882,3,6934.92959918386,"252,497,751",0.00458100981806883,3,6934.77963869404,"252,497,751",0.00458100982331619,3,6934.77963869404,"252,497,751",0.00458100981925544,3,6934.77963869404,"252,497,751",0.00458100981811502,3,6934.77963869404,"252,497,751",0.00458100982050244,3,6934.77963869404,"252,497,751",0.00458100981979901,3,6934.77963869404,"252,497,751",0.00458100981563167,3,6934.77963869404,"252,497,751",0.00458100982498952,3,6934.77963869405,"48,252,440,497,659,751,825",7,71.2463900530277,"48,224,255,440,497,659,751,825",8,74.7963290452497,"48,224,255,440,497,659,751,825",8,74.7963290452497
"251,501,751",0.005,3,6917.54995210042,"251,252,500,501,502,507,534,577,751",0.00625120301345174,9,7009.46460062044,"251,502,751",0.00492408250863852,3,6915.81488748222,"251,502,751",0.00504776400922148,3,6911.94394899889,"251,502,751",0.00504776400870988,3,6911.94394899889,"251,502,751",0.00504776400197394,3,6911.9439489989,"251,502,751",0.00504776400822672,3,6911.94394899889,"251,502,751",0.00504776400383556,3,6911.9439489989,"251,502,751",0.00504776401067098,3,6911.94394899888,"251,502,751",0.0050477640080704,3,6911.94394899888,"251,502,751",0.00504776401023045,3,6911.94394899889,"251,502,751",0.00504776400507191,3,6911.9439489989,"78,251,403,502,604,751,857",7,33.3857451251119,"78,251,403,502,604,751,857",7,33.3857451251119,"78,251,403,502,604,751,857",7,33.3857451251119
"251,501,751",0.005,3,6928.21687417277,"251,254,498,501,502,529,750,751",0.00580239698876535,8,7018.51040912543,"254,501,751",0.00492832478471169,3,6924.57724831741,"254,501,751",0.0047242767772948,3,6924.0212987173,"254,501,751",0.004724276776499,3,6924.02129871731,"254,501,751",0.00472427678286546,3,6924.0212987173,"254,501,751",0.00472427678036435,3,6924.0212987173,"254,501,751",0.00472427678104647,3,6924.02129871731,"254,501,751",0.00472427677831799,3,6924.0212987173,"254,501,751",0.00472427677809061,3,6924.0212987173,"254,501,751",0.00472427677809061,3,6924.02129871731,"254,501,751",0.0047242767782043,3,6924.0212987173,"158,254,390,501,638,751,892",7,69.9817841924662,"158,254,390,501,638,750,892",7,71.620593187701,"158,254,390,501,638,750,892",7,71.620593187701
"251,501,751",0.005,3,6979.48028456764,"250,251,254,497,501,529,536,749,754,755",0.00606263519533636,10,7087.7748256721,"251,501,749",0.00484224146500947,3,6962.03936898422,"251,501,749",0.00465585818610906,3,6961.55990532594,"251,501,749",0.00465585818735962,3,6961.55990532594,"251,501,749",0.00465585819315764,3,6961.55990532595,"251,501,749",0.00465585818940598,3,6961.55990532595,"251,501,749",0.00465585818588169,3,6961.55990532594,"251,501,749",0.00465585818247108,3,6961.55990532595,"251,501,749",0.00465585818610906,3,6961.55990532595,"251,501,749",0.00465585818792805,3,6961.55990532594,"251,501,749",0.00465585818713224,3,6961.55990532594,"199,251,407,501,619,749,816,976",8,81.1002898690459,"199,251,407,501,619,749,816,971",8,81.4931111085295,"199,251,407,501,619,749,816,971",8,81.4931111085295
"251,501,751",0.005,3,7002.63771414088,"246,251,467,501,750,752,759",0.00689966293073701,7,7049.97713020983,"246,251,501,750,759",0.00588818284534886,5,7002.76055345356,"246,501,750,759",0.00659983507067346,4,6996.72634110273,"246,501,750",0.00672032039552993,3,6988.32729260949,"246,501,750",0.00604153749892513,3,6984.90679267897,"246,501,750",0.00604153749812932,3,6984.90679267898,"246,501,750",0.00604153750159677,3,6984.90679267898,"246,501,750",0.00604153749937988,3,6984.90679267898,"246,501,750",0.00604153749932303,3,6984.90679267898,"246,501,750",0.00604153749773142,3,6984.90679267898,"246,501,750",0.00604153750040306,3,6984.90679267897,"99,246,344,501,625,750,821",7,127.148612557802,"99,251,344,501,625,750,759,821",8,137.829510102395,"99,251,344,501,625,759,821",7,137.738576432496
"251,501,751",0.005,3,7021.32286237855,"205,229,231,251,258,493,498,501,503,506,511,751,754",0.0060090621008845,13,7157.39740552214,"251,501,751",0.00529303121409808,3,7012.76661551608,"251,501,751",0.00522430751615804,3,7012.5211620504,"251,501,751",0.00522430752047814,3,7012.5211620504,"251,501,751",0.00522430751706754,3,7012.52116205039,"251,501,751",0.00522430751797703,3,7012.52116205039,"251,501,751",0.00522430751593067,3,7012.52116205039,"251,501,751",0.0052243075147938,3,7012.52116205039,"251,501,751",0.00522430751547592,3,7012.52116205039,"251,501,751",0.00522430751706754,3,7012.52116205039,"251,501,751",0.0052243075191139,3,7012.52116205039,"198,251,405,501,641,751,873",7,143.764936470891,"198,251,405,501,641,751,873",7,143.764936470891,"198,251,405,501,641,751,873",7,143.764936470891
"251,501,751",0.005,3,6953.14406249586,"252,257,500,501,507,743,749,750,751",0.00642986850464276,9,7053.16964331763,"252,507,749",0.0057219312456695,3,6951.02993466033,"252,507,749",0.00503586462314436,3,6943.18486800242,"252,507,749",0.00503586461911203,3,6943.18486800242,"252,507,749",0.00503586462694221,3,6943.18486800243,"252,507,749",0.00503586462421018,3,6943.18486800242,"252,507,749",0.00503586462455124,3,6943.18486800242,"252,507,749",0.0050358646209026,3,6943.18486800241,"252,507,749",0.00503586463020716,3,6943.18486800242,"252,507,749",0.00503586462074983,3,6943.18486800242,"252,507,749",0.00503586462347832,3,6943.18486800242,"213,257,400,501,640,749,914",7,79.6642626997566,"213,257,400,501,640,750,914",7,79.7944164856724,"213,257,400,501,640,750,914",7,79.7944164856724
"251,501,751",0.005,3,6928.74423244913,"251,252,501,751",0.00604893883267872,4,6953.15457871832,"251,501,751",0.00529899275237639,3,6925.82620781621,"251,501,751",0.00528712007098005,3,6925.82425040666,"251,501,751",0.00528712006756945,3,6925.82425040666,"251,501,751",0.00528712006961581,3,6925.82425040667,"251,501,751",0.00528712007234429,3,6925.82425040667,"251,501,751",0.00528712006938844,3,6925.82425040666,"251,501,751",0.00528712007348116,3,6925.82425040666,"251,501,751",0.00528712007098005,3,6925.82425040667,"251,501,751",0.00528712007393591,3,6925.82425040666,"251,501,751",0.00528712007120743,3,6925.82425040667,"132,251,378,501,555,670,751,969",8,68.6960377088208,"132,251,378,501,651,751,969",7,69.9729524682943,"132,251,378,501,651,751,969",7,69.9729524682943
"251,501,751",0.005,3,6937.02479511269,"236,248,250,251,457,458,493,501,505,590,751,755,757",0.00591870189612113,13,7064.30393584249,"248,501,751",0.00494251224422437,3,6934.65695557609,"248,501,751",0.00469666659312156,3,6932.87910574845,"248,501,751",0.00469666659255313,3,6932.87910574845,"248,501,751",0.00469666659118888,3,6932.87910574845,"248,501,751",0.00469666659289419,3,6932.87910574845,"248,501,751",0.0046966665897678,3,6932.87910574845,"248,501,751",0.0046966665940879,3,6932.87910574845,"248,501,751",0.00469666659357631,3,6932.87910574845,"248,501,751",0.00469666659076256,3,6932.87910574845,"248,501,751",0.00469666658811934,3,6932.87910574845,"144,250,383,501,644,751,856",7,72.7305024805421,"144,251,383,501,644,751,856",7,73.9153659814464,"144,251,383,501,644,751,856",7,73.9153659814464
"251,501,751",0.005,3,6887.41402421202,"249,250,251,254,257,501,538,745,749,751,757",0.00527099822015075,11,6999.67799353122,"254,501,751",0.00500371545897939,3,6884.86506239702,"254,501,751",0.00437985541310777,3,6880.85686486014,"254,501,751",0.00437985541353409,3,6880.85686486014,"254,501,751",0.00437985541252512,3,6880.85686486014,"254,501,751",0.00437985541334935,3,6880.85686486014,"254,501,751",0.00437985541283776,3,6880.85686486014,"254,501,751",0.00437985541222669,3,6880.85686486014,"254,501,751",0.00437985541232617,3,6880.85686486013,"254,501,751",0.00437985541351988,3,6880.85686486014,"254,501,751",0.00437985541263881,3,6880.85686486013,"193,254,372,501,577,749,914",7,22.3204369608969,"193,251,372,501,577,749,914",7,25.8961701646949,"90,251,372,501,577,749,914",7,26.7763921474203
"251,501,751",0.005,3,6874.52691044526,"252,253,479,486,493,500,501,534,539,743,751,755,766",0.00558489244938439,13,7017.68749418645,"252,501,751",0.0047672192435944,3,6868.14685299096,"252,501,751",0.0046384103457139,3,6867.78495768352,"252,501,751",0.00463841034378122,3,6867.78495768352,"252,501,751",0.00463841034616865,3,6867.78495768351,"252,501,751",0.00463841034560021,3,6867.78495768351,"252,501,751",0.00463841034628234,3,6867.78495768351,"252,501,751",0.0046384103483287,3,6867.78495768351,"252,501,751",0.00463841034719183,3,6867.78495768351,"252,501,751",0.00463841034605496,3,6867.78495768351,"252,501,751",0.00463841034298542,3,6867.78495768352,"105,252,335,501,670,751,910",7,2.69606743710031,"105,252,335,501,670,751,910",7,2.69606743710031,"105,252,327,501,670,751,910",7,3.04926733348903
"251,501,751",0.005,3,6956.46358200754,"250,447,472,501,504,517,721,745,750,751,752,754",0.00561915981726608,12,7066.74278974319,"250,501,750",0.0052383871204549,3,6947.38304767167,"250,501,750",0.00495606166056394,3,6946.19196360487,"250,501,750",0.00495606166295137,3,6946.19196360487,"250,501,750",0.00495606165942707,3,6946.19196360487,"250,501,750",0.00495606166141659,3,6946.19196360486,"250,501,750",0.00495606165885864,3,6946.19196360487,"250,501,750",0.0049560616631219,3,6946.19196360487,"250,501,750",0.0049560616605071,3,6946.19196360487,"250,501,750",0.00495606165982498,3,6946.19196360486,"250,501,750",0.00495606165965445,3,6946.19196360487,"109,250,374,501,634,750,878",7,89.3695744345433,"109,250,374,501,634,745,878",7,96.0722396554279,"109,250,374,501,634,745,878",7,96.0722396554279
"251,501,751",0.005,3,6934.52875334682,"250,251,252,476,501,506,509,750,751",0.00683245589095617,9,7056.38745686033,"251,501,751",0.00540357037438576,3,6922.50205614871,"251,501,751",0.00516847172291795,3,6921.89164831595,"251,501,751",0.00516847172132634,3,6921.89164831595,"251,501,751",0.00516847171973472,3,6921.89164831595,"251,501,751",0.0051684717233727,3,6921.89164831595,"251,501,751",0.0051684717233727,3,6921.89164831595,"251,501,751",0.00516847172496432,3,6921.89164831596,"251,501,751",0.00516847172360007,3,6921.89164831596,"251,501,751",0.00516847172291795,3,6921.89164831596,"251,501,751",0.0051684717190526,3,6921.89164831596,"150,251,338,501,617,712,751,835",8,42.4576213552071,"150,252,338,501,617,712,751,835",8,43.2760672877718,"150,252,338,501,617,712,729,751,835",9,42.3257420889778
"251,501,751",0.005,3,6905.86478492675,"243,250,251,274,410,416,500,502,533,747,748,750,751",0.00601390132492067,13,7033.90066217465,"243,250,500,751",0.00591759769364569,4,6912.0125524149,"250,500,751",0.00515322172189256,3,6889.85059665084,"250,500,751",0.00503211364491459,3,6889.6986057433,"250,500,751",0.00503211364843888,3,6889.6986057433,"250,500,751",0.00503211364355035,3,6889.6986057433,"250,500,751",0.00503211364286822,3,6889.6986057433,"250,500,751",0.00503211364752938,3,6889.6986057433,"250,500,751",0.00503211364320928,3,6889.6986057433,"250,500,751",0.00503211364696095,3,6889.6986057433,"250,500,751",0.0050321136457104,3,6889.6986057433,"72,243,274,500,631,751,897",7,39.0243740091545,"202,251,291,500,631,751,897",7,40.6955214382445,"202,251,291,500,631,751,897",7,40.6955214382445
"251,501,751",0.005,3,6888.40909466418,"251,252,488,501,504,749,751,757",0.00633534040253489,8,6995.46369697146,"252,504,749",0.00529115509897613,3,6888.59365044603,"252,504,749",0.00479887994418883,3,6885.20270569472,"252,504,749",0.00479887994077823,3,6885.2027056947,"252,504,749",0.00479887994305196,3,6885.20270569473,"252,504,749",0.00479887994350671,3,6885.20270569473,"252,504,749",0.0047988799400961,3,6885.20270569471,"252,504,749",0.00479887994578045,3,6885.20270569473,"252,504,749",0.00479887994418883,3,6885.20270569474,"252,504,749",0.00479887994396146,3,6885.20270569474,"252,504,749",0.00479887993827712,3,6885.20270569471,"182,252,374,504,511,628,749,859",8,17.5180980422831,"182,252,374,504,511,628,751,859",8,17.9746346337848,"182,252,374,504,511,628,751,859",8,17.9746346337848
"251,501,751",0.005,3,6895.59554142503,"254,255,501,502,505,511,751",0.00586985993718112,7,6971.74563580941,"255,501,751",0.00462232502725232,3,6881.81213492324,"255,501,751",0.00456438361433128,3,6880.5430862822,"255,501,751",0.00456438361524078,3,6880.5430862822,"255,501,751",0.004564383620243,3,6880.5430862822,"255,501,751",0.00456438361251229,3,6880.54308628219,"255,501,751",0.00456438361251229,3,6880.54308628222,"255,501,751",0.00456438361387653,3,6880.5430862822,"255,501,751",0.00456438362160724,3,6880.54308628218,"255,501,751",0.00456438361887875,3,6880.54308628219,"255,501,751",0.00456438361478603,3,6880.54308628219,"104,255,327,502,608,751,797",7,-0.2973632289996,"104,255,327,502,608,751,797",7,-0.2973632289996,"104,255,327,502,608,751,797",7,-0.2973632289996
"251,501,751",0.005,3,6951.29433294824,"249,251,252,256,477,501,502,503,751,765,773,801",0.00529740924957135,12,7076.36369049091,"251,502,751",0.00489368584923892,3,6948.02185961522,"251,502,751",0.00467524378673848,3,6947.04005637904,"251,502,751",0.00467524378469211,3,6947.04005637904,"251,502,751",0.00467524378582898,3,6947.04005637904,"251,502,751",0.00467524378423737,3,6947.04005637903,"251,502,751",0.00467524378241838,3,6947.04005637904,"251,502,751",0.00467524378628373,3,6947.04005637903,"251,502,751",0.00467524379014908,3,6947.04005637904,"251,502,751",0.00467524378582898,3,6947.04005637903,"251,502,751",0.00467524378332787,3,6947.04005637904,"151,251,351,502,615,751,801,965",8,76.7135229562342,"151,251,351,502,615,751,801,965",8,76.7135229562342,"251,351,502,615,751,801,965",7,81.2496449881907
"251,501,751",0.005,3,7015.0095688974,"218,249,251,256,459,463,472,486,489,495,502,503,505,507,511,514,749,751,796",0.00549484338971549,19,7218.75880801011,"251,472,502,514,749,751",0.00477388446466241,6,7037.8367756087,"251,502,749,751",0.00365549120426399,4,7032.55253009776,"251,502,751",0.00421802619782663,3,7011.50596740058,"251,502,751",0.00450137822576459,3,7010.39455671459,"251,502,751",0.00450137822758358,3,7010.39455671459,"251,502,751",0.00450137822530985,3,7010.39455671459,"251,502,751",0.00450137822303611,3,7010.3945567146,"251,502,751",0.00450137822121712,3,7010.39455671458,"251,502,751",0.00450137821803389,3,7010.39455671458,"251,502,751",0.00450137822576459,3,7010.39455671459,"98,251,327,503,598,749,838",7,137.844454601015,"98,251,327,502,598,751,838",7,138.830734100747,"98,251,502,598,751,838",6,141.547940053726
"251,501,751",0.005,3,6995.4824744358,"251,255,270,479,481,501,528,751,754",0.0057854344654275,9,7082.93729649794,"251,501,751",0.00516387659647242,3,6991.91313269398,"251,501,751",0.00500211717223672,3,6991.58134273026,"251,501,751",0.00500211716643869,3,6991.58134273027,"251,501,751",0.00500211716928086,3,6991.58134273027,"251,501,751",0.00500211717689788,3,6991.58134273028,"251,501,751",0.00500211717632944,3,6991.58134273027,"251,501,751",0.00500211717644313,3,6991.58134273027,"251,501,751",0.0050021171689398,3,6991.58134273027,"251,501,751",0.00500211717132722,3,6991.58134273027,"251,501,751",0.00500211716984929,3,6991.58134273027,"116,251,320,406,501,626,751,910",8,131.640741401306,"116,251,369,501,626,751,910",7,131.622296936177,"116,251,369,501,626,751,910",7,131.622296936177
"251,501,751",0.005,3,6963.47030548235,"249,250,251,260,498,499,500,501,526,541,575,753,760",0.00688015464299789,13,7121.6367352394,"250,501,753",0.00588517636786324,3,6961.63462285337,"250,501,753",0.0053615701100742,3,6957.65751837889,"250,501,753",0.00536157010802784,3,6957.6575183789,"250,501,753",0.00536157011121107,3,6957.6575183789,"250,501,753",0.00536157011166581,3,6957.65751837891,"250,501,753",0.00536157011052895,3,6957.65751837889,"250,501,753",0.00536157011030157,3,6957.6575183789,"250,501,753",0.00536157010939208,3,6957.65751837889,"250,501,753",0.00536157010984682,3,6957.6575183789,"250,501,753",0.00536157010984682,3,6957.6575183789,"118,250,315,428,500,719,753,843",8,101.660567469879,"118,251,428,501,719,753,843",7,102.659323448366,"118,251,428,500,719,753,843",7,102.077735964961
"251,501,751",0.005,3,6966.21747395653,"251,253,500,501,503,504,564,742,749,751",0.00635671200570663,10,7074.85780653204,"251,501,751",0.00546645676590258,3,6965.75741623517,"251,501,751",0.00517119776385844,3,6964.62538272189,"251,501,751",0.00517119776317632,3,6964.62538272189,"251,501,751",0.00517119776135733,3,6964.6253827219,"251,501,751",0.00517119776135733,3,6964.62538272189,"251,501,751",0.0051711977615847,3,6964.6253827219,"251,501,751",0.00517119776340369,3,6964.62538272189,"251,501,751",0.00517119776112995,3,6964.62538272189,"251,501,751",0.00517119776203945,3,6964.6253827219,"251,501,751",0.00517119776340369,3,6964.62538272189,"89,251,320,501,617,749,823,950",8,106.818647526321,"89,253,320,501,617,751,823,950",8,111.737417794425,"89,253,320,501,617,751,823,950",8,111.737417794425
"251,501,751",0.005,3,6903.01317854384,"231,247,250,251,467,501,511,512,516,518,751,754,760",0.00554222147759187,13,7037.1038787256,"250,501,754",0.00494540099804969,3,6888.01752590401,"250,501,754",0.00463487850141085,3,6886.88721345748,"250,501,754",0.00463487850044452,3,6886.88721345749,"250,501,754",0.00463487850106979,3,6886.88721345749,"250,501,754",0.00463487850044452,3,6886.88721345749,"250,501,754",0.00463487850641307,3,6886.88721345749,"250,501,754",0.00463487850311616,3,6886.88721345749,"250,501,754",0.00463487850442356,3,6886.88721345749,"250,501,754",0.00463487850027399,3,6886.88721345748,"250,501,754",0.00463487849805709,3,6886.88721345748,"160,250,373,501,595,754,916",7,12.9065370021328,"160,250,373,501,595,754,916",7,12.9065370021328,"160,250,373,501,595,754,916",7,12.9065370021328
"251,501,751",0.005,3,6918.15546776296,"250,251,257,501,532,751",0.00519235475756472,6,6960.63582063537,"251,501,751",0.00447515892863176,3,6910.11979308146,"251,501,751",0.00441207302870168,3,6910.06359029084,"251,501,751",0.00441207303270914,3,6910.06359029085,"251,501,751",0.00441207303148701,3,6910.06359029086,"251,501,751",0.00441207302719533,3,6910.06359029085,"251,501,751",0.00441207303165754,3,6910.06359029085,"251,501,751",0.00441207302784903,3,6910.06359029086,"251,501,751",0.00441207303009435,3,6910.06359029085,"251,501,751",0.00441207303404496,3,6910.06359029085,"251,501,751",0.00441207302787745,3,6910.06359029086,"153,251,414,501,606,751,870",7,29.453973525392,"153,251,414,501,606,751,870",7,29.453973525392,"153,251,414,501,606,751,870",7,29.453973525392
"251,501,751",0.005,3,7028.17306930842,"205,251,445,474,491,497,498,499,501,752",0.00663845705501929,10,7153.86079592846,"251,499,752",0.00509932300399064,3,7014.9156788778,"251,499,752",0.00496289578879409,3,7014.02317373908,"251,499,752",0.00496289578197288,3,7014.02317373909,"251,499,752",0.00496289578742985,3,7014.02317373909,"251,499,752",0.00496289578424662,3,7014.02317373909,"251,499,752",0.00496289578674773,3,7014.02317373909,"251,499,752",0.00496289578083601,3,7014.0231737391,"251,499,752",0.00496289577947177,3,7014.02317373908,"251,499,752",0.00496289578652036,3,7014.02317373909,"251,499,752",0.00496289578538349,3,7014.0231737391,"152,251,306,499,576,752,825",7,138.250281285847,"152,251,306,499,576,752,825",7,138.250281285847,"152,251,306,499,576,752,825",7,138.250281285847
"251,501,751",0.005,3,6950.97727352369,"250,251,464,501,502,505,506,749,751",0.00617738096665629,9,7032.93484081898,"251,501,749",0.0055479847786886,3,6945.15377603465,"251,501,749",0.00534240953806737,3,6943.62912327316,"251,501,749",0.00534240953710103,3,6943.62912327316,"251,501,749",0.00534240954142113,3,6943.62912327315,"251,501,749",0.00534240953855054,3,6943.62912327315,"251,501,749",0.00534240954241589,3,6943.62912327315,"251,501,749",0.00534240954270011,3,6943.62912327315,"251,501,749",0.00534240954028426,3,6943.62912327316,"251,501,749",0.00534240953906213,3,6943.62912327315,"251,501,749",0.00534240953940319,3,6943.62912327315,"85,251,347,502,577,749,854",7,75.2362530339565,"85,251,347,502,577,749,854",7,75.2362530339565,"85,251,347,502,577,749,854",7,75.2362530339565
"251,501,751",0.005,3,6961.31047899336,"246,251,253,470,501,747,752",0.00563265520308138,7,7030.58996486391,"251,501,752",0.00482342599510136,3,6953.07470240504,"251,501,752",0.00457016712939841,3,6952.33414491654,"251,501,752",0.00457016713303639,3,6952.33414491654,"251,501,752",0.00457016713440063,3,6952.33414491655,"251,501,752",0.0045701671355375,3,6952.33414491654,"251,501,752",0.00457016713235426,3,6952.33414491654,"251,501,752",0.00457016713576487,3,6952.33414491655,"251,501,752",0.00457016713371851,3,6952.33414491654,"251,501,752",0.00457016712962578,3,6952.33414491653,"251,501,752",0.00457016713076265,3,6952.33414491654,"59,251,376,501,694,752,922",7,78.94555125833,"59,251,376,501,694,752,922",7,78.94555125833,"59,251,376,501,694,752,922",7,78.94555125833
"251,501,751",0.005,3,6914.39354539188,"251,254,474,500,502,517,751,753,759",0.00608939974350106,9,7004.74828519487,"254,500,751",0.0053849074020571,3,6909.36920918266,"254,500,751",0.00508060656288398,3,6907.45925307469,"254,500,751",0.00508060656635142,3,6907.45925307469,"254,500,751",0.00508060656686302,3,6907.45925307468,"254,500,751",0.0050806065669767,3,6907.45925307468,"254,500,751",0.00508060656561246,3,6907.45925307469,"254,500,751",0.00508060656424822,3,6907.45925307469,"254,500,751",0.0050806065652714,3,6907.45925307469,"254,500,751",0.00508060656640827,3,6907.45925307468,"254,500,751",0.00508060656510087,3,6907.45925307469,"174,254,358,502,595,751,859",7,53.6081912883622,"174,254,358,500,595,751,859",7,53.6798665915215,"174,254,358,500,595,751,859",7,53.6798665915215
"251,501,751",0.005,3,6929.33433332638,"249,252,254,258,500,501,503,530,741,749,750,753,770",0.00539839353784554,13,7057.52734871906,"254,503,749",0.00506362249553744,3,6916.11336223369,"254,503,749",0.00466359220372762,3,6912.80817406745,"254,503,749",0.00466359220588767,3,6912.80817406745,"254,503,749",0.0046635922047508,3,6912.80817406744,"254,503,749",0.00466359220526239,3,6912.80817406746,"254,503,749",0.0046635922047508,3,6912.80817406745,"254,503,749",0.00466359220492133,3,6912.80817406745,"254,503,749",0.00466359220787719,3,6912.80817406746,"254,503,749",0.0046635922051487,3,6912.80817406745,"254,503,749",0.00466359220270444,3,6912.80817406745,"137,254,430,501,568,749,900",7,44.8694287244638,"137,252,304,430,503,568,749,900",8,45.7631055772421,"137,252,430,501,568,749,900",7,47.0609956382531
"251,501,751",0.005,3,6967.0373323505,"251,498,501,502,505,749,751",0.00681422802943833,7,7060.0444361402,"251,502,751",0.00593684491904339,3,6966.3684638762,"251,502,751",0.00529923253806792,3,6960.50876504167,"251,502,751",0.0052992325377837,3,6960.50876504167,"251,502,751",0.00529923253823845,3,6960.50876504167,"251,502,751",0.00529923253801108,3,6960.50876504167,"251,502,751",0.00529923253653315,3,6960.50876504167,"251,502,751",0.00529923253767002,3,6960.50876504167,"251,502,751",0.00529923253960269,3,6960.50876504167,"251,502,751",0.0052992325369879,3,6960.50876504167,"251,502,751",0.00529923253550997,3,6960.50876504167,"142,251,359,502,635,751,886",7,107.957418432,"142,251,359,502,635,751,886",7,107.957418432,"142,251,359,502,635,751,886",7,107.957418432
"251,501,751",0.005,3,6939.52214639103,"247,250,251,255,496,500,501,526,708,744,751,758,760",0.00518226012328218,13,7075.32188822761,"250,501,751",0.00507004092888933,3,6939.23886946264,"250,501,751",0.00465962363130786,3,6937.195844906,"250,501,751",0.0046596236280962,3,6937.19584490601,"250,501,751",0.00465962363289947,3,6937.19584490598,"250,501,751",0.00465962363645219,3,6937.19584490599,"250,501,751",0.00465962363079627,3,6937.195844906,"250,501,751",0.00465962362988677,3,6937.195844906,"250,501,751",0.00465962363301316,3,6937.19584490599,"250,501,751",0.00465962362937518,3,6937.195844906,"250,501,751",0.00465962363355317,3,6937.19584490598,"153,250,459,501,706,751,892",7,64.2150304002557,"153,251,459,501,706,751,892",7,64.5466373515448,"153,251,459,501,706,751,892",7,64.5466373515448
"251,501,751",0.005,3,6923.28764306194,"250,254,501,503,751,752,754,760,768",0.00500228753758455,9,7007.02587460138,"250,503,752",0.0043297478920355,3,6906.82008616107,"250,503,752",0.00413784494988295,3,6906.32753827704,"250,503,752",0.00413784494914398,3,6906.32753827705,"250,503,752",0.00413784494539232,3,6906.32753827705,"250,503,752",0.00413784495079244,3,6906.32753827704,"250,503,752",0.00413784495011032,3,6906.32753827705,"250,503,752",0.00413784494749552,3,6906.32753827705,"250,503,752",0.00413784494937136,3,6906.32753827704,"250,503,752",0.00413784494829133,3,6906.32753827705,"250,503,752",0.00413784495300933,3,6906.32753827704,"178,250,424,503,620,752,886",7,43.8435318218669,"178,250,424,503,620,752,886",7,43.8435318218669,"178,250,424,503,620,752,886",7,43.8435318218669
"251,501,751",0.005,3,6984.57554321351,"251,476,491,492,500,502,746,752,753",0.00814260761612023,9,7118.69400267456,"251,491,500,502,753",0.00638575545726118,5,6989.25305875584,"251,500,753",0.00625393949814738,3,6974.39984868456,"251,500,753",0.00606305408223988,3,6968.78187998666,"251,500,753",0.00606305408223988,3,6968.78187998666,"251,500,753",0.00606305408303569,3,6968.78187998666,"251,500,753",0.00606305407985245,3,6968.78187998667,"251,500,753",0.0060630540812167,3,6968.78187998666,"251,500,753",0.0060630540786019,3,6968.78187998667,"251,500,753",0.00606305408235356,3,6968.78187998665,"251,500,753",0.00606305408246725,3,6968.78187998665,"73,192,251,308,500,679,753,887",8,132.952482145716,"73,192,251,308,500,679,753,887",8,132.952482145716,"73,251,308,500,679,753,887",7,134.372455599281
"251,501,751",0.005,3,6932.93821860373,"248,251,422,452,473,500,501,505,508,510,520,750,751",0.00719151833231796,13,7076.22603937142,"251,501,751",0.00598947005725175,3,6929.60960270873,"251,501,751",0.00570798428153439,3,6928.15104954028,"251,501,751",0.00570798428153439,3,6928.15104954028,"251,501,751",0.00570798427812378,3,6928.15104954028,"251,501,751",0.00570798428062489,3,6928.15104954028,"251,501,751",0.00570798427516793,3,6928.15104954028,"251,501,751",0.00570798427903328,3,6928.15104954028,"251,501,751",0.00570798427994277,3,6928.15104954028,"251,501,751",0.00570798428107964,3,6928.15104954029,"251,501,751",0.00570798427675954,3,6928.15104954029,"129,251,313,501,664,751,894",7,60.714691580688,"129,251,313,501,664,750,894",7,62.2261884849057,"129,251,313,501,664,750,894",7,62.2261884849057
"251,501,751",0.005,3,7079.5396614757,"251,252,253,501,552,750,752",0.0059757933616266,7,7180.62510985824,"251,252,501,750",0.00424091554383844,4,7080.6985515643,"252,501,750",0.00424757872497385,3,7067.52697326838,"252,501,750",0.00416279828094017,3,7067.45846075629,"252,501,750",0.00416279827696113,3,7067.45846075629,"252,501,750",0.00416279827838222,3,7067.45846075628,"252,501,750",0.00416279827917802,3,7067.45846075629,"252,501,750",0.0041627982750853,3,7067.45846075629,"252,501,750",0.00416279828076964,3,7067.45846075629,"252,501,750",0.00416279828366865,3,7067.4584607563,"252,501,750",0.0041627982815086,3,7067.45846075629,"251,378,501,653,750,819",6,192.798943927243,"252,378,501,653,750,819",6,192.837240368919,"252,378,501,653,750,819",6,192.837240368919
"251,501,751",0.005,3,7015.2723336444,"233,238,247,251,501,504,751",0.00638475323951194,7,7079.10453895128,"251,501,751",0.00577438680951902,3,7012.30063113814,"251,501,751",0.00554494623054531,3,7011.61435995096,"251,501,751",0.00554494623190956,3,7011.61435995095,"251,501,751",0.00554494623145481,3,7011.61435995095,"251,501,751",0.00554494623100006,3,7011.61435995096,"251,501,751",0.00554494623077269,3,7011.61435995095,"251,501,751",0.00554494623088637,3,7011.61435995095,"251,501,751",0.0055449462323643,3,7011.61435995095,"251,501,751",0.00554494623088637,3,7011.61435995095,"251,501,751",0.00554494623202324,3,7011.61435995095,"135,251,359,501,598,751,897",7,164.456719205574,"135,251,359,501,598,751,897",7,164.456719205574,"135,251,359,501,598,751,897",7,164.456719205574
"251,501,751",0.005,3,6941.60562557678,"251,466,501,507,751",0.0063012157357945,5,7008.47220753051,"251,501,751",0.00479440643878418,3,6932.9997725649,"251,501,751",0.00477407260153136,3,6932.99287431354,"251,501,751",0.00477407260255455,3,6932.99287431354,"251,501,751",0.00477407260244086,3,6932.99287431354,"251,501,751",0.00477407260130399,3,6932.99287431354,"251,501,751",0.00477407260153136,3,6932.99287431354,"251,501,751",0.00477407260062187,3,6932.99287431354,"251,501,751",0.00477407260107662,3,6932.99287431354,"251,501,751",0.00477407260107662,3,6932.99287431354,"251,501,751",0.00477407260028081,3,6932.99287431354,"181,251,386,501,566,751,897",7,80.2694505233499,"181,251,386,501,566,751,897",7,80.2694505233499,"181,251,386,501,676,751,897",7,80.8862143501735
"251,501,751",0.005,3,6963.26810056989,"247,249,251,472,474,500,502,750",0.00650256994024213,8,7049.73424213342,"251,502,750",0.00533768595109755,3,6951.26890926299,"251,502,750",0.00527858855130423,3,6951.22788498975,"251,502,750",0.00527858855221372,3,6951.22788498975,"251,502,750",0.00527858855005367,3,6951.22788498975,"251,502,750",0.00527858855119054,3,6951.22788498975,"251,502,750",0.00527858855278215,3,6951.22788498975,"251,502,750",0.00527858855175897,3,6951.22788498976,"251,502,750",0.00527858855300953,3,6951.22788498975,"251,502,750",0.00527858855175897,3,6951.22788498975,"251,502,750",0.00527858855073579,3,6951.22788498976,"130,251,375,502,574,750,845",7,87.2171094651522,"130,249,375,502,574,750,845",7,89.3206790582078,"130,249,375,502,574,750,845",7,89.3206790582078
"251,501,751",0.005,3,7003.08772732941,"251,492,501,504,509,751",0.00668196016487456,6,7086.37905758988,"251,501,751",0.00514906661427748,3,6998.67843755668,"251,501,751",0.00505243753773989,3,6998.41366483391,"251,501,751",0.00505243753637565,3,6998.41366483391,"251,501,751",0.00505243753546615,3,6998.4136648339,"251,501,751",0.00505243753637565,3,6998.4136648339,"251,501,751",0.00505243753410191,3,6998.41366483391,"251,501,751",0.00505243753933151,3,6998.41366483391,"251,501,751",0.00505243753751252,3,6998.41366483391,"251,501,751",0.00505243753728514,3,6998.41366483392,"251,501,751",0.00505243753728514,3,6998.41366483391,"109,251,372,501,640,751,945",7,133.177377851606,"109,251,372,501,640,751,945",7,133.177377851606,"109,251,372,501,640,751,945",7,133.177377851606
"251,501,751",0.005,3,6961.19122408246,"251,500,501,503,511,748,751,756,758,760",0.00674988784504492,10,7094.09977047304,"251,501,751",0.00633756238632341,3,6965.71669129687,"251,501,751",0.005366629867627,3,6955.83931147093,"251,501,751",0.00536662986677435,3,6955.83931147093,"251,501,751",0.00536662986305821,3,6955.83931147093,"251,501,751",0.00536662986545984,3,6955.83931147094,"251,501,751",0.00536662986017341,3,6955.83931147093,"251,501,751",0.00536662986224108,3,6955.83931147094,"251,501,751",0.00536662986000287,3,6955.83931147093,"251,501,751",0.0053666298667104,3,6955.83931147093,"251,501,751",0.00536662985999577,3,6955.83931147093,"159,251,416,501,646,751,856",7,94.1037197427638,"159,251,416,501,646,748,856",7,95.9656874409602,"159,251,416,501,646,748,856",7,95.9656874409602
"251,501,751",0.005,3,6985.00463686699,"251,473,489,500,501,503,505,545,751,752",0.00781450728764506,10,7148.24542214761,"251,500,752",0.00586597536575421,3,6979.69871825689,"251,500,752",0.00560405871644681,3,6978.83833198553,"251,500,752",0.005604058715651,3,6978.83833198553,"251,500,752",0.00560405871599206,3,6978.83833198554,"251,500,752",0.00560405871485519,3,6978.83833198553,"251,500,752",0.00560405871576469,3,6978.83833198553,"251,500,752",0.0056040587173563,3,6978.83833198554,"251,500,752",0.00560405871576469,3,6978.83833198554,"251,500,752",0.00560405871417307,3,6978.83833198554,"251,500,752",0.00560405871917529,3,6978.83833198552,"134,251,360,500,632,751,848",7,122.760161595105,"134,251,360,500,632,751,848",7,122.760161595105,"134,251,360,500,632,751,848",7,122.760161595105
"251,501,751",0.005,3,6900.14013981717,"251,501,503,751",0.00610485303936243,4,6934.85607748193,"251,501,751",0.00507324398498869,3,6895.94821463971,"251,501,751",0.00507142548421143,3,6895.94816086973,"251,501,751",0.00507142548489355,3,6895.94816086973,"251,501,751",0.00507142548284719,3,6895.94816086974,"251,501,751",0.00507142548898627,3,6895.94816086972,"251,501,751",0.00507142548693991,3,6895.94816086973,"251,501,751",0.00507142548466617,3,6895.94816086973,"251,501,751",0.00507142548671254,3,6895.94816086972,"251,501,751",0.00507142549330637,3,6895.94816086971,"251,501,751",0.00507142548330193,3,6895.94816086973,"179,251,359,501,577,751,841",7,27.4406677253796,"179,251,359,501,577,751,841",7,27.4406677253796,"179,251,359,501,577,751,841",7,27.4406677253796
"251,501,751",0.005,3,6993.30563677177,"227,249,251,482,501,504,625,751",0.00597350498240313,8,7064.25478820484,"251,501,751",0.00506910235961008,3,6989.8308642629,"251,501,751",0.00499522053250038,3,6989.69693271813,"251,501,751",0.00499522053170458,3,6989.69693271813,"251,501,751",0.00499522053693417,3,6989.69693271813,"251,501,751",0.00499522053358041,3,6989.69693271813,"251,501,751",0.00499522053289829,3,6989.69693271813,"251,501,751",0.00499522053301197,3,6989.69693271813,"251,501,751",0.00499522052869187,3,6989.69693271813,"251,501,751",0.00499522053181826,3,6989.69693271813,"251,501,751",0.00499522053443306,3,6989.69693271813,"146,251,389,501,545,751,944",7,112.26787095979,"146,251,389,501,545,751,944",7,112.26787095979,"146,251,389,501,545,751,944",7,112.26787095979
"251,501,751",0.005,3,7008.50650491268,"251,475,477,478,485,502,504,746,751,753,755",0.00553893472382269,11,7120.31970108356,"251,504,751",0.00459171152288089,3,6997.64618145131,"251,504,751",0.00428504300314477,3,6995.99408687817,"251,504,751",0.004285043006328,3,6995.99408687816,"251,504,751",0.00428504300575956,3,6995.99408687816,"251,504,751",0.00428504300052997,3,6995.99408687817,"251,504,751",0.00428504300234896,3,6995.99408687818,"251,504,751",0.00428504300155315,3,6995.99408687818,"251,504,751",0.0042850430010984,3,6995.99408687817,"251,504,751",0.00428504300257633,3,6995.99408687817,"251,504,751",0.0042850430037132,3,6995.99408687817,"74,251,344,504,541,751,980",7,130.750843720485,"74,251,344,504,541,751,980",7,130.750843720485,"74,251,390,504,541,751,980",7,132.625966801304
"251,501,751",0.005,3,6874.61243301582,"235,251,252,476,500,501,540,554,751,753,754,756,759",0.00631953031001512,13,7011.23306332457,"251,500,751",0.00560933799835094,3,6864.10003541194,"251,500,751",0.00525930994313802,3,6862.37408074507,"251,500,751",0.00525930994200115,3,6862.37408074508,"251,500,751",0.00525930993114406,3,6862.37408074506,"251,500,751",0.00525930993830633,3,6862.37408074506,"251,500,751",0.00525930993569153,3,6862.37408074505,"251,500,751",0.00525930993671471,3,6862.37408074507,"251,500,751",0.00525930994535491,3,6862.37408074508,"251,500,751",0.00525930993665787,3,6862.37408074507,"251,500,751",0.00525930994234221,3,6862.37408074508,"122,251,369,500,605,754,908",7,-2.5495139381264,"122,251,369,500,605,754,908",7,-2.5495139381264,"122,251,369,500,605,754,908",7,-2.5495139381264
"251,501,751",0.005,3,6898.80886654286,"251,447,496,501,745,750,751,763",0.00518436430256226,8,6963.66595200479,"251,501,750",0.0052392178499308,3,6897.54930302826,"251,501,750",0.00461909648755939,3,6891.81603342561,"251,501,750",0.00461909648892363,3,6891.81603342561,"251,501,750",0.00461909648983313,3,6891.81603342561,"251,501,750",0.00461909648772992,3,6891.81603342561,"251,501,750",0.0046190964879573,3,6891.81603342561,"251,501,750",0.00461909648699096,3,6891.81603342561,"251,501,750",0.00461909648880995,3,6891.81603342561,"251,501,750",0.00461909648960575,3,6891.81603342561,"251,501,750",0.0046190964887531,3,6891.81603342561,"117,251,369,501,554,750,861",7,40.865284621662,"117,251,369,501,554,750,861",7,40.865284621662,"117,251,369,501,554,745,748,750,861",9,41.4272569731508
"251,501,751",0.005,3,6941.59072557745,"236,251,484,501,743,752",0.00600523374173758,6,6999.56788675782,"251,501,752",0.00512008346912009,3,6934.38681873447,"251,501,752",0.00494309360627297,3,6933.95299051846,"251,501,752",0.00494309360399924,3,6933.95299051845,"251,501,752",0.00494309360627297,3,6933.95299051845,"251,501,752",0.00494309360627297,3,6933.95299051846,"251,501,752",0.00494309360854671,3,6933.95299051847,"251,501,752",0.00494309360127075,3,6933.95299051845,"251,501,752",0.00494309360218025,3,6933.95299051845,"251,501,752",0.00494309360399924,3,6933.95299051846,"251,501,752",0.00494309360490873,3,6933.95299051846,"164,251,393,501,520,677,752",7,68.202734447393,"164,251,393,501,520,677,752",7,68.202734447393,"164,251,393,501,520,677,752,812",8,68.0183960154268
"251,501,751",0.005,3,6988.05817889663,"245,249,251,254,474,501,502,526,593,751,753",0.0062402754388146,11,7097.97074746878,"254,501,753",0.00538849706976869,3,6983.47005458008,"254,501,753",0.00525810861236191,3,6983.27159230854,"254,501,753",0.00525810861236191,3,6983.27159230853,"254,501,753",0.00525810861213454,3,6983.27159230854,"254,501,753",0.00525810861480618,3,6983.27159230854,"254,501,753",0.00525810861355562,3,6983.27159230854,"254,501,753",0.00525810861338509,3,6983.27159230854,"254,501,753",0.00525810861543146,3,6983.27159230854,"254,501,753",0.00525810860878078,3,6983.27159230854,"254,501,753",0.00525810861372615,3,6983.27159230854,"73,194,254,367,501,629,753,894",8,125.043490315631,"73,251,367,501,629,751,884",7,130.589532739987,"73,251,367,501,629,751,884",7,130.589532739987
"251,501,751",0.005,3,6960.27159798077,"249,255,388,460,480,499,501,508,748,751,752",0.00612819541673599,11,7066.04556772385,"249,499,752",0.00518419739693471,3,6951.80257445332,"249,499,752",0.00503174015776992,3,6951.31541424645,"249,499,752",0.00503174015322244,3,6951.31541424644,"249,499,752",0.00503174015754254,3,6951.31541424645,"249,499,752",0.0050317401552688,3,6951.31541424644,"249,499,752",0.00503174015708779,3,6951.31541424644,"249,499,752",0.00503174015595093,3,6951.31541424644,"249,499,752",0.00503174015458668,3,6951.31541424644,"249,499,752",0.00503174015390456,3,6951.31541424644,"249,499,752",0.00503174015754254,3,6951.31541424645,"134,249,420,499,631,751,877",7,91.1215610014405,"134,249,420,499,631,752,877",7,91.6338782915563,"134,249,420,499,631,752,877",7,91.6338782915563
"251,501,751",0.005,3,6952.33250223644,"250,501,502,517,523,751,765",0.00762540337462244,7,7042.187490368,"250,501,523,751",0.00614168975309234,4,6942.99544863169,"250,501,751",0.00590783747946961,3,6940.21084125439,"250,501,751",0.0057310032026127,3,6939.47444495249,"250,501,751",0.00573100320721701,3,6939.47444495249,"250,501,751",0.00573100320608015,3,6939.47444495249,"250,501,751",0.00573100320278323,3,6939.47444495248,"250,501,751",0.00573100320357904,3,6939.47444495249,"250,501,751",0.00573100320363588,3,6939.47444495249,"250,501,751",0.00573100320528434,3,6939.47444495248,"250,501,751",0.0057310032082402,3,6939.47444495249,"187,250,418,502,648,751,843",7,79.3061256973913,"187,250,418,502,648,751,843",7,79.3061256973913,"187,250,418,502,648,751,843",7,79.3061256973913
"251,501,751",0.005,3,6944.04352605369,"207,224,251,253,496,497,500,501,522,753",0.00614102406529287,10,7043.19604904033,"251,500,753",0.00527996526273645,3,6931.68404627865,"251,500,753",0.00523985239228552,3,6931.6441210729,"251,500,753",0.00523985238955703,3,6931.6441210729,"251,500,753",0.00523985239274026,3,6931.6441210729,"251,500,753",0.00523985239342238,3,6931.6441210729,"251,500,753",0.00523985238887491,3,6931.6441210729,"251,500,753",0.00523985239114865,3,6931.6441210729,"251,500,753",0.00523985239023915,3,6931.6441210729,"251,500,753",0.00523985239615087,3,6931.6441210729,"251,500,753",0.00523985239660562,3,6931.64412107289,"163,251,371,500,627,753,922",7,75.3567084603928,"163,251,371,500,627,753,922",7,75.3567084603928,"163,251,371,500,627,753,922",7,75.3567084603928
"251,501,751",0.005,3,7042.59225053699,"250,251,469,471,477,501,505,547,752,797",0.00653746223020357,10,7155.02322442537,"250,501,752",0.00532414676030406,3,7036.25310245806,"250,501,752",0.00515275297197062,3,7035.90955843506,"250,501,752",0.00515275297219799,3,7035.90955843506,"250,501,752",0.00515275297447173,3,7035.90955843505,"250,501,752",0.00515275297378961,3,7035.90955843506,"250,501,752",0.00515275297265274,3,7035.90955843506,"250,501,752",0.00515275297447173,3,7035.90955843505,"250,501,752",0.00515275297447173,3,7035.90955843505,"250,501,752",0.00515275297288011,3,7035.90955843505,"250,501,752",0.00515275297720021,3,7035.90955843506,"153,250,348,501,638,752,815",7,153.842435803567,"153,251,348,501,638,752,815",7,154.372876952204,"153,251,348,501,638,752,815",7,154.372876952204
"251,501,751",0.005,3,6972.14456572783,"237,248,249,250,467,490,491,499,510,749,750,751",0.00658540159207206,12,7092.52421401191,"250,499,749",0.00572282135621205,3,6954.94815616739,"250,499,749",0.00525747203527964,3,6950.82392764907,"250,499,749",0.00525747202993636,3,6950.82392764906,"250,499,749",0.00525747203493858,3,6950.82392764907,"250,499,749",0.00525747203186903,3,6950.82392764907,"250,499,749",0.00525747203311959,3,6950.82392764907,"250,499,749",0.00525747203778075,3,6950.82392764907,"250,499,749",0.00525747203198272,3,6950.82392764907,"250,499,749",0.00525747203527964,3,6950.82392764907,"250,499,749",0.00525747203232378,3,6950.82392764906,"48,173,250,403,499,634,749,785",8,82.9486175861893,"48,168,250,403,499,634,749,785",8,83.4656405894045,"48,168,250,444,499,634,749,785",8,84.2447751293083
"251,501,751",0.005,3,6957.7752901831,"244,251,256,473,478,501,751,752,770",0.00596043327723175,9,7037.7068623769,"251,501,751",0.00560220348350202,3,6949.64748165892,"251,501,751",0.00538524921259224,3,6949.12445648753,"251,501,751",0.00538524921210908,3,6949.12445648753,"251,501,751",0.00538524921173959,3,6949.12445648753,"251,501,751",0.00538524921256382,3,6949.12445648754,"251,501,751",0.00538524921208065,3,6949.12445648753,"251,501,751",0.00538524921176802,3,6949.12445648753,"251,501,751",0.00538524921182486,3,6949.12445648753,"251,501,751",0.00538524921054588,3,6949.12445648753,"251,501,751",0.00538524921068799,3,6949.12445648753,"102,251,381,501,625,751,888",7,78.095625477574,"102,251,381,501,625,751,888",7,78.095625477574,"102,251,381,501,625,751,888",7,78.095625477574
"251,501,751",0.005,3,6944.76811025047,"248,251,257,482,484,499,500,502,514,520,746,751",0.00634610333104386,12,7091.15571961711,"251,502,751",0.00505121868962243,3,6941.29248188698,"251,502,751",0.00495868750051384,3,6940.68886243353,"251,502,751",0.0049586874991496,3,6940.68886243353,"251,502,751",0.00495868750153703,3,6940.68886243353,"251,502,751",0.00495868750585713,3,6940.68886243354,"251,502,751",0.0049586875017644,3,6940.68886243353,"251,502,751",0.00495868750312864,3,6940.68886243354,"251,502,751",0.00495868750358339,3,6940.68886243354,"251,502,751",0.00495868749778536,3,6940.68886243353,"251,502,751",0.00495868750221915,3,6940.68886243354,"101,251,393,502,662,751,914",7,67.8746534884434,"101,251,393,502,662,751,914",7,67.8746534884434,"101,251,393,502,662,751,914",7,67.8746534884434
"251,501,751",0.005,3,6965.48284972928,"251,252,468,493,498,499,502,524,580,746,751,754,755",0.0062243700536635,13,7101.0301997665,"252,499,754",0.00544624709674657,3,6963.24432906999,"252,499,754",0.00468084429563988,3,6952.07130881165,"252,499,754",0.00468084429694017,3,6952.07130881165,"252,499,754",0.00468084429700412,3,6952.07130881164,"252,499,754",0.00468084429729544,3,6952.07130881165,"252,499,754",0.00468084429924233,3,6952.07130881165,"252,499,754",0.00468084429931338,3,6952.07130881165,"252,499,754",0.00468084429876627,3,6952.07130881165,"252,499,754",0.00468084429700412,3,6952.07130881165,"252,499,754",0.00468084429860995,3,6952.07130881164,"107,252,397,499,637,754,923",7,81.7699895069554,"107,251,397,499,637,754,923",7,82.103370769474,"107,251,397,499,754,923",6,83.5207224056125
"251,501,751",0.005,3,6927.86890392515,"233,249,250,251,479,481,488,502,508,751,752",0.00618281902736732,11,7055.54287492728,"251,502,751,752",0.00500774268669546,4,6933.82148105813,"251,502,751",0.0054025792259788,3,6924.40789532745,"251,502,751",0.00480079666178967,3,6920.31104190494,"251,502,751",0.00480079666252864,3,6920.31104190495,"251,502,751",0.00480079666491606,3,6920.31104190495,"251,502,751",0.00480079666190336,3,6920.31104190494,"251,502,751",0.00480079666372235,3,6920.31104190495,"251,502,751",0.00480079666525712,3,6920.31104190495,"251,502,751",0.00480079666406341,3,6920.31104190495,"251,502,751",0.00480079666576871,3,6920.31104190495,"192,251,396,502,581,751,836",7,68.1898309514528,"192,250,396,502,581,751,836",7,70.3031097798799,"192,250,502,581,751,836",6,73.2159925549488
"251,501,751",0.005,3,6946.98997341793,"232,248,251,444,501,526,543,753,754",0.0069776616590777,9,7084.9737655075,"251,501,753",0.00533123308112287,3,6941.8318262103,"251,501,753",0.00524842912328331,3,6941.76258303319,"251,501,753",0.00524842912692129,3,6941.76258303319,"251,501,753",0.00524842912237381,3,6941.76258303319,"251,501,753",0.00524842912760341,3,6941.76258303319,"251,501,753",0.00524842912578442,3,6941.76258303319,"251,501,753",0.00524842912396543,3,6941.7625830332,"251,501,753",0.00524842912032745,3,6941.76258303318,"251,501,753",0.00524842912669391,3,6941.76258303318,"251,501,753",0.00524842912032745,3,6941.76258303319,"14,142,251,327,501,606,753,886",8,74.7535374088366,"14,142,251,327,501,606,753,886",8,74.7535374088366,"14,142,251,327,501,606,753,886",8,74.7535374088366
"251,501,751",0.005,3,6988.57532706384,"250,251,256,498,501,503,751,752,759,761",0.00568328471677574,10,7100.11510555211,"251,501,751,759",0.00485738285705929,4,6992.75695163897,"251,501,751",0.00496710948118181,3,6985.89310162953,"251,501,751",0.00464482969919041,3,6984.58220701813,"251,501,751",0.00464482968850385,3,6984.58220701811,"251,501,751",0.00464482969850829,3,6984.58220701812,"251,501,751",0.00464482969418819,3,6984.58220701812,"251,501,751",0.00464482969532506,3,6984.58220701812,"251,501,751",0.00464482969214182,3,6984.58220701811,"251,501,751",0.00464482969214182,3,6984.5822070181,"251,501,751",0.00464482969089127,3,6984.58220701811,"122,251,453,501,663,759,927",7,124.169708580064,"122,251,453,501,663,759,927",7,124.169708580064,"122,251,315,466,501,663,759,927",8,124.895169623916
"251,501,751",0.005,3,7007.84970414214,"250,251,252,261,413,491,498,501,751,752",0.00630123828188633,10,7117.99452767067,"252,498,751",0.00527172271264047,3,7001.74800087203,"252,498,751",0.0048951155738545,3,6999.88115077598,"252,498,751",0.00489511557010284,3,6999.881150776,"252,498,751",0.00489511557021653,3,6999.881150776,"252,498,751",0.00489511557226289,3,6999.88115077599,"252,498,751",0.00489511557089865,3,6999.88115077599,"252,498,751",0.00489511557112602,3,6999.88115077599,"252,498,751",0.00489511557465031,3,6999.88115077597,"252,498,751",0.00489511557135339,3,6999.88115077599,"252,498,751",0.00489511557158077,3,6999.88115077599,"76,251,316,498,658,751,926",7,123.839914684607,"76,251,316,498,658,751,926",7,123.839914684607,"76,251,316,498,658,751,926",7,123.839914684607
"251,501,751",0.005,3,6927.0094664787,"251,435,475,496,500,501,505,506,522,524,534,743,748,752",0.00664926892167368,14,7073.98461516812,"251,501,752",0.00562028937451895,3,6915.97011429505,"251,501,752",0.00552293340620713,3,6915.11329098861,"251,501,752",0.00552293341007248,3,6915.1132909886,"251,501,752",0.00552293340866561,3,6915.1132909886,"251,501,752",0.00552293340883614,3,6915.1132909886,"251,501,752",0.00552293340711662,3,6915.1132909886,"251,501,752",0.00552293340562448,3,6915.1132909886,"251,501,752",0.0055229334072232,3,6915.1132909886,"251,501,752",0.00552293340533316,3,6915.11329098861,"251,501,752",0.00552293340653398,3,6915.1132909886,"138,251,356,501,628,752,897",7,58.6446253818432,"138,251,356,501,574,748,897",7,61.6921248794404,"138,251,356,501,574,748,897",7,61.6921248794404
"251,501,751",0.005,3,6925.21294197919,"242,251,474,475,479,486,499,501,502,503,747,750,752",0.00639451086043728,13,7066.68767538315,"251,499,502,747,752",0.00535259003341091,5,6940.32631747509,"251,502,747,752",0.00565030649834605,4,6939.81406333867,"251,502,747",0.00545177947598539,3,6920.27002979637,"251,502,747",0.0053057716162579,3,6919.88807546375,"251,502,747",0.00530577161586,3,6919.88807546376,"251,502,747",0.00530577161847479,3,6919.88807546375,"251,502,747",0.00530577161568947,3,6919.88807546376,"251,502,747",0.00530577161654212,3,6919.88807546375,"251,502,747",0.0053057716149505,3,6919.88807546375,"251,502,747",0.00530577161620106,3,6919.88807546375,"160,251,352,502,610,750,910",7,57.5514259295057,"160,251,352,499,610,747,910",7,59.1003769341097,"160,251,319,502,610,747,910",7,60.1653330945723
"251,501,751",0.005,3,6992.80757300922,"251,266,269,481,501,750,751",0.0063454337111595,7,7062.98250988194,"251,501,751",0.00541246282911358,3,6989.83838734715,"251,501,751",0.00526305982581528,3,6989.5703259949,"251,501,751",0.0052630598316133,3,6989.5703259949,"251,501,751",0.00526305982513315,3,6989.5703259949,"251,501,751",0.00526305982922588,3,6989.5703259949,"251,501,751",0.0052630598272932,3,6989.5703259949,"251,501,751",0.00526305983411441,3,6989.57032599491,"251,501,751",0.00526305982968063,3,6989.57032599491,"251,501,751",0.00526305982365523,3,6989.57032599489,"251,501,751",0.00526305982581528,3,6989.5703259949,"101,251,342,501,588,751,951",7,125.465498282425,"101,251,342,501,588,750,951",7,126.692910673521,"101,251,342,501,588,750,951",7,126.692910673521
"251,501,751",0.005,3,6958.25683668886,"251,496,501,503,506,556,750,751",0.00712143907087507,8,7039.97364302203,"251,501,751",0.00611296186231514,3,6955.00891087591,"251,501,751",0.00571189029132712,3,6950.57750007392,"251,501,751",0.00571189028683649,3,6950.57750007392,"251,501,751",0.00571189028785967,3,6950.57750007393,"251,501,751",0.00571189028558594,3,6950.57750007392,"251,501,751",0.00571189029178187,3,6950.57750007392,"251,501,751",0.00571189029399876,3,6950.57750007393,"251,501,751",0.00571189028950813,3,6950.57750007393,"251,501,751",0.00571189028740493,3,6950.57750007392,"251,501,751",0.00571189028996288,3,6950.57750007392,"53,208,251,367,501,670,751,850",8,90.0565821612613,"53,208,251,367,501,670,751,850",8,90.0565821612613,"53,208,251,367,501,670,751,849",8,90.0650768952862
"251,501,751",0.005,3,7046.36319433133,"247,251,487,501,502,506,750,751",0.00635733563044897,8,7157.58687593854,"251,501,750",0.00470387421761457,3,7040.36755259467,"251,501,750",0.00466206936550105,3,7040.3089520484,"251,501,750",0.00466206936686529,3,7040.30895204841,"251,501,750",0.00466206936709267,3,7040.30895204841,"251,501,750",0.00466206936322732,3,7040.30895204842,"251,501,750",0.00466206936413681,3,7040.30895204841,"251,501,750",0.00466206936186307,3,7040.30895204842,"251,501,750",0.00466206936868428,3,7040.3089520484,"251,501,750",0.00466206936299994,3,7040.30895204842,"251,501,750",0.00466206936982115,3,7040.3089520484,"130,251,379,501,669,750,902",7,159.568775167815,"130,251,379,501,669,750,902",7,159.568775167815,"130,251,379,501,669,750,902",7,159.568775167815
"251,501,751",0.005,3,6949.04544626379,"233,241,251,254,258,429,438,466,481,488,498,501,512,526,751,760",0.00572938320427256,16,7134.4939526004,"251,498,512,751",0.00453804089992259,4,6948.60143832575,"251,498,512,751",0.00447995587898485,4,6946.06798616214,"251,498,751",0.00403964335181395,3,6939.24960234412,"251,498,751",0.0042571065174449,3,6938.53294563772,"251,498,751",0.00425710651267006,3,6938.53294563771,"251,498,751",0.00425710651460273,3,6938.53294563772,"251,498,751",0.0042571065174449,3,6938.53294563772,"251,498,751",0.00425710651323849,3,6938.53294563771,"251,498,751",0.00425710651642172,3,6938.53294563772,"251,498,751",0.00425710651426167,3,6938.53294563771,"183,254,501,628,751,840",6,59.2259861390049,"183,254,498,628,751,840",6,60.2123144905506,"183,254,501,628,751,840",6,59.2259861390049
"251,501,751",0.005,3,6951.90173610725,"251,252,482,492,501,502,503,509,751,752",0.00648610684607602,10,7092.92069016422,"252,503,751",0.00497141475254719,3,6948.25418725434,"252,503,751",0.00489682479104396,3,6948.09826177669,"252,503,751",0.00489682478945234,3,6948.09826177669,"252,503,751",0.00489682479286295,3,6948.0982617767,"252,503,751",0.00489682478831547,3,6948.09826177669,"252,503,751",0.00489682479309032,3,6948.0982617767,"252,503,751",0.00489682479036184,3,6948.09826177669,"252,503,751",0.00489682478990709,3,6948.0982617767,"252,503,751",0.00489682478877022,3,6948.09826177669,"252,503,751",0.00489682479149871,3,6948.09826177669,"133,252,318,503,604,751,918",7,76.7208971746411,"133,251,318,503,604,751,918",7,76.8968011315313,"133,251,318,503,604,751,918",7,76.8968011315313
"251,501,751",0.005,3,7047.17396795983,"249,251,498,501,502,511,515,750",0.00575470600547207,8,7141.74995921144,"251,501,750",0.00452813647033012,3,7039.21900649108,"251,501,750",0.00438659900037065,3,7038.7921942345,"251,501,750",0.00438659899946116,3,7038.79219423451,"251,501,750",0.00438659899718742,3,7038.7921942345,"251,501,750",0.00438659899832429,3,7038.7921942345,"251,501,750",0.00438659899809692,3,7038.7921942345,"251,501,750",0.00438659899832429,3,7038.7921942345,"251,501,750",0.00438659899718742,3,7038.79219423451,"251,501,750",0.00438659899786954,3,7038.79219423451,"251,501,750",0.0043865989974148,3,7038.7921942345,"110,251,368,501,582,750,866",7,168.348545978456,"110,251,368,501,582,750,866",7,168.348545978456,"110,251,368,501,582,750",6,169.767034664231
"251,501,751",0.005,3,6994.67405498702,"245,248,250,501,502,751",0.00583322912672148,6,7069.22513616973,"248,502,751",0.00444462680589414,3,6983.85440165799,"248,502,751",0.00439817345144358,3,6983.80025658463,"248,502,751",0.00439817345110252,3,6983.80025658462,"248,502,751",0.0043981734530352,3,6983.80025658463,"248,502,751",0.00439817345223939,3,6983.80025658462,"248,502,751",0.00439817345280783,3,6983.80025658462,"248,502,751",0.00439817345314889,3,6983.80025658462,"248,502,751",0.00439817345144358,3,6983.80025658463,"248,502,751",0.00439817345223939,3,6983.80025658462,"248,502,751",0.00439817345394469,3,6983.80025658462,"185,248,354,502,530,686,751,901",8,115.059658373995,"185,248,354,502,643,751,901",7,116.929064925094,"185,248,354,502,530,686,751,901",8,115.059658373995
"251,501,751",0.005,3,7021.90868737464,"247,250,252,500,501,519,744,751,763",0.00586355147774364,9,7109.81906921251,"250,501,751",0.00521975092076024,3,7015.92264892512,"250,501,751",0.00508482892609557,3,7015.51434547848,"250,501,751",0.00508482892745981,3,7015.51434547848,"250,501,751",0.00508482892643663,3,7015.51434547848,"250,501,751",0.00508482892871037,3,7015.51434547848,"250,501,751",0.00508482892541345,3,7015.51434547848,"250,501,751",0.00508482892780087,3,7015.51434547848,"250,501,751",0.00508482892643663,3,7015.51434547848,"250,501,751",0.00508482892745981,3,7015.51434547849,"250,501,751",0.005084828928483,3,7015.51434547848,"69,250,324,481,500,672,751,928",8,163.331121463717,"69,250,438,501,672,751,928",7,164.533277315735,"69,250,438,501,672,751,928",7,164.533277315735
"251,501,751",0.005,3,6979.53103880984,"250,251,253,475,501,506,751,794",0.00578164475016023,8,7050.17197187548,"251,501,751",0.00548313193500546,3,6978.85216508826,"251,501,751",0.00533601924215375,3,6978.59915241837,"251,501,751",0.00533601924236692,3,6978.59915241837,"251,501,751",0.00533601924390169,3,6978.59915241837,"251,501,751",0.00533601924258008,3,6978.59915241837,"251,501,751",0.00533601924421433,3,6978.59915241837,"251,501,751",0.00533601924520909,3,6978.59915241836,"251,501,751",0.00533601924415749,3,6978.59915241837,"251,501,751",0.00533601924138637,3,6978.59915241837,"251,501,751",0.00533601924242376,3,6978.59915241836,"160,251,417,501,559,751,821",7,117.964875432451,"160,251,417,501,559,751,821",7,117.964875432451,"160,251,328,338,501,559,751,821",8,118.867193396662
"251,501,751",0.005,3,7076.92030471462,"251,267,501,507,746,751",0.0063033606444389,6,7142.18963420996,"251,267,501,751",0.00479677528507932,4,7074.54965986143,"251,501,751",0.00547964013862228,3,7073.30918824622,"251,501,751",0.00506565125124884,3,7071.71209875735,"251,501,751",0.00506565125534157,3,7071.71209875735,"251,501,751",0.00506565125295414,3,7071.71209875734,"251,501,751",0.00506565125431839,3,7071.71209875735,"251,501,751",0.00506565125113516,3,7071.71209875735,"251,501,751",0.00506565125556894,3,7071.71209875735,"251,501,751",0.00506565125431839,3,7071.71209875734,"251,501,751",0.00506565125181728,3,7071.71209875735,"119,251,269,409,501,650,751,864",8,198.9445434311,"119,246,267,409,501,650,751,864",8,200.853613418835,"119,246,267,409,501,650,751,864",8,200.853613418835
"251,501,751",0.005,3,6947.44912000548,"251,433,501,509,511,750,752",0.00589238760657843,7,6998.54516798959,"251,501,752",0.00480357311502322,3,6941.14101909113,"251,501,752",0.00452514163191238,3,6939.01039007124,"251,501,752",0.00452514162838809,3,6939.01039007124,"251,501,752",0.00452514163344715,3,6939.01039007124,"251,501,752",0.00452514163083236,3,6939.01039007124,"251,501,752",0.00452514163168501,3,6939.01039007124,"251,501,752",0.0045251416304913,3,6939.01039007125,"251,501,752",0.00452514163316294,3,6939.01039007124,"251,501,752",0.00452514162975233,3,6939.01039007123,"251,501,752",0.00452514163503877,3,6939.01039007124,"162,251,320,501,631,752,894",7,62.3081386716032,"162,251,320,501,631,752,894",7,62.3081386716032,"162,251,320,501,631,752,894",7,62.3081386716032
"251,501,751",0.005,3,7061.27084686294,"251,256,267,271,488,490,498,499,501,504,751,752",0.00518178753301664,12,7178.17484813788,"251,499,751",0.00458977696491247,3,7054.24892967926,"251,499,751",0.00457894563766939,3,7054.00620306949,"251,499,751",0.00457894563755571,3,7054.00620306949,"251,499,751",0.00457894563880626,3,7054.0062030695,"251,499,751",0.00457894564062525,3,7054.0062030695,"251,499,751",0.00457894563721465,3,7054.00620306949,"251,499,751",0.00457894563619147,3,7054.00620306949,"251,499,751",0.00457894563960207,3,7054.0062030695,"251,499,751",0.00457894563869258,3,7054.0062030695,"251,499,751",0.00457894563869258,3,7054.0062030695,"109,251,309,499,640,751,926",7,180.391119694223,"109,251,309,499,640,751,926",7,180.391119694223,"109,251,309,499,640,751,926",7,180.391119694223
"251,501,751",0.005,3,6978.25559194662,"90,251,499,501,502,749,750,751",0.00629089391498636,8,7049.8986147574,"251,501,750",0.00545689825364254,3,6972.83278329194,"251,501,750",0.00533185492706306,3,6972.52651176262,"251,501,750",0.00533185492444826,3,6972.52651176263,"251,501,750",0.00533185492490301,3,6972.52651176262,"251,501,750",0.00533185492308402,3,6972.52651176264,"251,501,750",0.00533185493342952,3,6972.52651176263,"251,501,750",0.00533185492501669,3,6972.52651176261,"251,501,750",0.00533185493161053,3,6972.52651176264,"251,501,750",0.00533185493047366,3,6972.52651176262,"251,501,750",0.00533185493001891,3,6972.52651176263,"165,251,321,453,501,624,750,819",8,113.596728397373,"165,251,321,453,501,624,750,819",8,113.596728397373,"165,251,321,453,501,624,750,819",8,113.596728397373
"251,501,751",0.005,3,7003.25870376136,"251,483,501,504,751,753,755",0.00691337216500707,7,7091.99318045806,"251,501,751",0.00585557669816112,3,7004.68519067616,"251,501,751",0.00536619111884774,3,7001.98769485278,"251,501,751",0.0053661911157782,3,7001.98769485277,"251,501,751",0.00536619111736981,3,7001.98769485277,"251,501,751",0.00536619111623294,3,7001.98769485278,"251,501,751",0.00536619111782456,3,7001.98769485278,"251,501,751",0.0053661911174835,3,7001.98769485278,"251,501,751",0.00536619111430027,3,7001.98769485277,"251,501,751",0.00536619111702875,3,7001.98769485278,"251,501,751",0.00536619111725612,3,7001.98769485278,"135,251,357,501,536,687,751,861",8,134.237232491258,"135,251,357,501,536,687,751,861",8,134.237232491258,"135,251,357,501,536,687,751,861",8,134.237232491258
"251,501,751",0.005,3,6894.06199319854,"250,251,451,500,531,745,751",0.00581526373042662,7,6960.10241721281,"251,500,751",0.00462395568479727,3,6881.83064450711,"251,500,751",0.0044807237457264,3,6881.46304717735,"251,500,751",0.00448072374981913,3,6881.46304717734,"251,500,751",0.00448072374527165,3,6881.46304717734,"251,500,751",0.0044807237457264,3,6881.46304717734,"251,500,751",0.00448072374413478,3,6881.46304717734,"251,500,751",0.00448072374640852,3,6881.46304717734,"251,500,751",0.00448072374686327,3,6881.46304717734,"251,500,751",0.00448072374163367,3,6881.46304717735,"251,500,751",0.00448072374618115,3,6881.46304717734,"191,251,333,500,606,751,928",7,12.0395118954009,"191,251,333,500,606,751,928",7,12.0395118954009,"191,251,333,500,606,751",6,16.9798724918186
"251,501,751",0.005,3,6974.79183122794,"251,496,500,501,508,748,752",0.00617046568531981,7,7050.31986545591,"251,501,752",0.00492911272500148,3,6967.50999297992,"251,501,752",0.00490491416866851,3,6965.91602632087,"251,501,752",0.00490491416923695,3,6965.91602632086,"251,501,752",0.00490491416892431,3,6965.91602632086,"251,501,752",0.00490491416923695,3,6965.91602632087,"251,501,752",0.00490491417045908,3,6965.91602632087,"251,501,752",0.00490491416940748,3,6965.91602632086,"251,501,752",0.00490491416997591,3,6965.91602632086,"251,501,752",0.00490491417108436,3,6965.91602632087,"251,501,752",0.00490491417085698,3,6965.91602632086,"71,251,368,500,677,752,852",7,106.707192437815,"71,251,368,500,677,752,852",7,106.707192437815,"71,251,368,500,677,752,852",7,106.707192437815
"251,501,751",0.005,3,6894.6833149325,"249,250,252,467,485,489,501,503,555,557,751,757",0.00667322572566357,12,7040.61864094442,"250,501,751",0.00531001346488121,3,6887.34391311525,"250,501,751",0.00515072866187237,3,6886.98493768887,"250,501,751",0.00515072866391873,3,6886.98493768888,"250,501,751",0.00515072866192921,3,6886.98493768887,"250,501,751",0.00515072866408926,3,6886.98493768887,"250,501,751",0.00515072866192921,3,6886.98493768887,"250,501,751",0.00515072866187237,3,6886.98493768888,"250,501,751",0.00515072866397557,3,6886.98493768887,"250,501,751",0.00515072866175868,3,6886.98493768887,"250,501,751",0.00515072866295239,3,6886.98493768888,"146,250,367,501,643,751,925",7,32.9605040359404,"146,250,367,501,643,751,925",7,32.9605040359404,"146,250,367,501,643,751,925",7,32.9605040359404
"251,501,751",0.005,3,6921.71908086813,"251,484,486,500,502,752",0.00711635156468061,6,7008.96380323326,"251,502,752",0.00548957127658319,3,6915.51361562665,"251,502,752",0.00536287636182213,3,6915.14848736591,"251,502,752",0.00536287636284532,3,6915.14848736591,"251,502,752",0.00536287636273163,3,6915.1484873659,"251,502,752",0.00536287636170845,3,6915.14848736591,"251,502,752",0.00536287636159476,3,6915.14848736591,"251,502,752",0.00536287636398218,3,6915.14848736591,"251,502,752",0.00536287636318638,3,6915.14848736591,"251,502,752",0.00536287636216319,3,6915.1484873659,"251,502,752",0.00536287636432324,3,6915.1484873659,"127,251,330,502,633,752,861",7,57.9805932009326,"127,251,330,502,633,752,861",7,57.9805932009326,"127,251,330,502,633,752,861",7,57.9805932009326
"251,501,751",0.005,3,7092.37644759641,"243,251,252,262,459,466,502,519,525,530,751,773",0.00713957347187413,12,7240.14317434861,"251,502,751",0.00581504079931635,3,7084.67468118753,"251,502,751",0.00556576950771203,3,7084.15735053207,"251,502,751",0.00556576950742781,3,7084.15735053207,"251,502,751",0.00556576950594989,3,7084.15735053207,"251,502,751",0.00556576951066789,3,7084.15735053207,"251,502,751",0.00556576950941733,3,7084.15735053206,"251,502,751",0.00556576950572251,3,7084.15735053207,"251,502,751",0.00556576950936049,3,7084.15735053208,"251,502,751",0.00556576950896259,3,7084.15735053207,"251,502,751",0.00556576951038367,3,7084.15735053207,"90,213,252,366,502,703,751,830",8,222.610702825499,"90,213,252,366,502,703,751,830",8,222.610702825499,"90,252,366,502,703,751,830",7,222.315636237401
"251,501,751",0.005,3,7042.22659438132,"250,251,256,262,489,500,501,502,523,751,762",0.00543492918834063,11,7151.07682078723,"251,502,751",0.00523701643662814,3,7043.7894116724,"251,502,751",0.00472573882246105,3,7039.15982281005,"251,502,751",0.00472573882223368,3,7039.15982281005,"251,502,751",0.00472573882325686,3,7039.15982281006,"251,502,751",0.0047257388212105,3,7039.15982281006,"251,502,751",0.00472573882166524,3,7039.15982281006,"251,502,751",0.00472573882041469,3,7039.15982281005,"251,502,751",0.00472573882337055,3,7039.15982281005,"251,502,751",0.00472573882280211,3,7039.15982281006,"251,502,751",0.0047257388212105,3,7039.15982281005,"123,251,382,501,681,751,865,866",8,183.383451517903,"123,251,382,502,681,751,854",7,184.389718441322,"123,251,382,501,681,751,854",7,184.321471888462
"251,501,751",0.005,3,6871.90470642227,"245,249,250,252,408,501,532,543,751",0.0053316132083274,9,6950.09461792893,"252,501,751",0.00443874854400312,3,6859.27473662908,"252,501,751",0.00435445894781155,3,6859.13030670443,"252,501,751",0.00435445894690206,3,6859.13030670443,"252,501,751",0.00435445894639047,3,6859.13030670442,"252,501,751",0.00435445894405989,3,6859.13030670443,"252,501,751",0.00435445894792524,3,6859.13030670443,"252,501,751",0.00435445894823788,3,6859.13030670442,"252,501,751",0.00435445894687364,3,6859.13030670442,"252,501,751",0.00435445894468517,3,6859.13030670443,"252,501,751",0.00435445894303671,3,6859.13030670443,"160,252,448,501,670,751,876",7,-2.47097835876355,"160,252,448,501,670,751,876",7,-2.47097835876355,"160,252,448,501,670,751,876",7,-2.47097835876355
"251,501,751",0.005,3,6946.9387004482,"251,489,493,494,501,503,505,548,599,748,751,787",0.0065684577314217,12,7095.47166526993,"251,494,505,751",0.00499862228222658,4,6962.88566630401,"251,494,505,751",0.00515810807968774,4,6951.88967642688,"251,494,505,751",0.00515810807946037,4,6951.88967642689,"251,494,505,751",0.00515810808241623,4,6951.88967642689,"251,505,751",0.00433291702061381,3,6950.49502606628,"251,505,751",0.00491890240986649,3,6947.11009356187,"251,505,751",0.00491890241304972,3,6947.11009356187,"251,505,751",0.00491890241077598,3,6947.11009356186,"251,505,751",0.0049189024123676,3,6947.11009356187,"251,505,751",0.00491890241600558,3,6947.11009356188,"92,251,424,501,682,751,823",7,71.6696681666225,"92,251,424,503,682,751,823",7,72.0581192973254,"92,251,424,503,682,751,823",7,72.0581192973254
"251,501,751",0.005,3,6977.45530557205,"251,270,500,501,506,515,536,539,752,755,774",0.00602836115400724,11,7090.65900118346,"251,500,752",0.00527063338699733,3,6972.56154396041,"251,500,752",0.00519562763738234,3,6972.4134879048,"251,500,752",0.00519562763715496,3,6972.4134879048,"251,500,752",0.0051956276377234,3,6972.4134879048,"251,500,752",0.00519562763783708,3,6972.4134879048,"251,500,752",0.00519562763726865,3,6972.4134879048,"251,500,752",0.0051956276368139,3,6972.4134879048,"251,500,752",0.00519562763658653,3,6972.4134879048,"251,500,752",0.0051956276385192,3,6972.4134879048,"251,500,752",0.00519562763692759,3,6972.4134879048,"106,251,405,490,500,660,752,901",8,108.434380965648,"106,251,405,490,500,660,752,901",8,108.434380965648,"106,251,405,500,660,752,901",7,108.578391599029
"251,501,751",0.005,3,6865.25005036613,"251,413,440,442,501,546,751",0.00612938298327335,7,6937.92112206882,"251,501,751",0.00471232721781079,3,6863.06640837254,"251,501,751",0.00454027192076472,3,6862.38233239542,"251,501,751",0.0045402719191731,3,6862.38233239541,"251,501,751",0.00454027192235633,3,6862.38233239541,"251,501,751",0.00454027191780886,3,6862.38233239541,"251,501,751",0.00454027191826361,3,6862.38233239542,"251,501,751",0.00454027191962785,3,6862.38233239541,"251,501,751",0.00454027191439825,3,6862.38233239543,"251,501,751",0.00454027191508038,3,6862.38233239542,"251,501,751",0.00454027191689936,3,6862.38233239542,"148,251,348,501,624,751,857",7,-8.92483550501272,"148,251,348,501,624,751,857",7,-8.92483550501272,"148,251,348,501,624,751,857",7,-8.92483550501272
"251,501,751",0.005,3,6998.72265043301,"251,497,500,501,751,753",0.0068809993525263,6,7095.81055144345,"251,501,753",0.00520059934101426,3,6994.09852934124,"251,501,753",0.00516747941252259,3,6994.08526991879,"251,501,753",0.00516747941320471,3,6994.08526991879,"251,501,753",0.00516747941911643,3,6994.08526991878,"251,501,753",0.00516747941752481,3,6994.08526991878,"251,501,753",0.00516747941911643,3,6994.08526991879,"251,501,753",0.00516747941365946,3,6994.08526991879,"251,501,753",0.00516747941274997,3,6994.08526991879,"251,501,753",0.00516747941661532,3,6994.08526991879,"251,501,753",0.00516747941616057,3,6994.08526991878,"127,251,320,501,580,753,899",7,131.908532403117,"127,251,320,501,580,753,899",7,131.908532403117,"127,251,320,501,580,753,905",7,131.924278725997
"251,501,751",0.005,3,6991.78765742124,"251,252,501,502,506,751",0.00662221939803079,6,7043.91462525066,"251,501,502,751",0.00620487684256605,4,7011.2970962913,"251,501,751",0.00576089826795382,3,6991.99403729898,"251,501,751",0.00564743748993101,3,6988.98188814275,"251,501,751",0.00564743748606566,3,6988.98188814275,"251,501,751",0.00564743749243212,3,6988.98188814275,"251,501,751",0.00564743749015839,3,6988.98188814276,"251,501,751",0.00564743749152263,3,6988.98188814275,"251,501,751",0.00564743749038576,3,6988.98188814275,"251,501,751",0.00564743749197738,3,6988.98188814275,"251,501,751",0.00564743749175,3,6988.98188814275,"113,251,322,502,572,751,891",7,141.449777299033,"113,252,322,502,572,751,891",7,141.902842037793,"113,252,322,502,572,751,891",7,141.902842037793
"251,501,751",0.005,3,6960.9718769267,"251,253,255,461,499,501,502,522,751",0.00608728946888744,9,7056.92195742826,"251,501,751",0.00511158577328036,3,6957.30650461327,"251,501,751",0.00501273405221711,3,6956.84369183325,"251,501,751",0.0050127340540361,3,6956.84369183324,"251,501,751",0.00501273405244448,3,6956.84369183325,"251,501,751",0.0050127340531266,3,6956.84369183324,"251,501,751",0.00501273405380872,3,6956.84369183324,"251,501,751",0.00501273405289923,3,6956.84369183324,"251,501,751",0.00501273405198973,3,6956.84369183325,"251,501,751",0.00501273405176236,3,6956.84369183325,"251,501,751",0.00501273405198973,3,6956.84369183325,"94,251,417,501,664,751,852",7,101.064134549954,"94,255,417,501,664,751,852",7,104.229353746945,"94,255,417,501,664,751,852",7,104.229353746945
"251,501,751",0.005,3,7019.61236808095,"242,247,250,252,253,254,473,502,746,751,753",0.00606986687284444,11,7137.66682550722,"252,502,751",0.00543746691722424,3,7007.29407914712,"252,502,751",0.00470886542955158,3,7002.48172060712,"252,502,751",0.0047088654242083,3,7002.48172060711,"252,502,751",0.00470886542884104,3,7002.48172060711,"252,502,751",0.00470886542767575,3,7002.48172060711,"252,502,751",0.00470886542739153,3,7002.48172060711,"252,502,751",0.00470886542963685,3,7002.48172060712,"252,502,751",0.00470886542778943,3,7002.48172060712,"252,502,751",0.00470886542864209,3,7002.48172060712,"252,502,751",0.00470886542986422,3,7002.48172060711,"124,252,304,502,687,751,856",7,135.300074201368,"124,252,304,502,687,751,856",7,135.300074201368,"124,252,502,687,751,856",6,139.197462665095
"251,501,751",0.005,3,7015.05014637008,"223,249,250,251,439,494,501,502,503,743,748,756",0.00561876086813985,12,7126.51345464707,"250,501,748,756",0.0050922653398444,4,7013.51150201246,"250,501,748",0.00520089298586235,3,7003.90903095626,"250,501,748",0.00497780094293419,3,7003.368769179,"250,501,748",0.00497780094486687,3,7003.368769179,"250,501,748",0.00497780094475318,3,7003.36876917901,"250,501,748",0.00497780094304788,3,7003.368769179,"250,501,748",0.00497780094361631,3,7003.36876917901,"250,501,748",0.00497780094782273,3,7003.36876917901,"250,501,748",0.00497780094589005,3,7003.36876917901,"250,501,748",0.0049778009446395,3,7003.368769179,"177,250,355,501,643,748,834",7,142.120253675981,"177,250,355,501,643,748,834",7,142.120253675981,"105,106,177,250,355,501,643,748,834",9,146.574719163473
"251,501,751",0.005,3,6977.42770741022,"233,239,251,254,499,507,742,752,759",0.00543445002110801,9,7057.25124472084,"251,499,752,759",0.00511346410697993,4,6976.39541564595,"251,499,752",0.00491731887642138,3,6964.74493610847,"251,499,752",0.00473241176715496,3,6964.42431698894,"251,499,752",0.00473241176260749,3,6964.42431698894,"251,499,752",0.00473241176488123,3,6964.42431698894,"251,499,752",0.00473241176738234,3,6964.42431698895,"251,499,752",0.00473241176556335,3,6964.42431698894,"251,499,752",0.00473241176670022,3,6964.42431698894,"251,499,752",0.00473241176328961,3,6964.42431698894,"251,499,752",0.00473241176488123,3,6964.42431698894,"74,233,251,459,499,648,752,837",8,107.753115776549,"74,233,251,459,499,648,752,837",8,107.753115776549,"233,251,459,499,648,736,739,742,752,837",10,114.819270290071
"251,501,751",0.005,3,6947.43241819181,"251,252,254,490,503,569,751,752",0.00542365877105627,8,7013.82101746529,"251,503,751",0.00454260444203673,3,6936.59211260789,"251,503,751",0.00438025522691443,3,6936.15589686269,"251,503,751",0.00438025522213958,3,6936.15589686267,"251,503,751",0.0043802552228217,3,6936.15589686267,"251,503,751",0.0043802552250386,3,6936.15589686268,"251,503,751",0.00438025522560703,3,6936.15589686269,"251,503,751",0.00438025522447016,3,6936.15589686267,"251,503,751",0.00438025522520913,3,6936.15589686268,"251,503,751",0.00438025522458385,3,6936.15589686268,"251,503,751",0.0043802552207185,3,6936.15589686267,"39,251,431,503,628,751,821",7,72.7430618241958,"39,252,431,503,628,751,821",7,74.41270230174,"39,172,252,431,503,628,751,821",8,77.3359465266164
"251,501,751",0.005,3,6986.03837771919,"251,491,494,495,501,503,504,750,754",0.00663271087510739,9,7077.64073760212,"251,495,503,750",0.00549216475325475,4,6982.48173314153,"251,503,750",0.00522733238684622,3,6977.60650332521,"251,503,750",0.0052967341755105,3,6976.63713805967,"251,503,750",0.0052967341798306,3,6976.63713805966,"251,503,750",0.00529673418369595,3,6976.63713805967,"251,503,750",0.00529673418051272,3,6976.63713805967,"251,503,750",0.0052967341832412,3,6976.63713805967,"251,503,750",0.00529673418187696,3,6976.63713805966,"251,503,750",0.00529673418392332,3,6976.63713805967,"251,503,750",0.00529673418028534,3,6976.63713805966,"111,251,374,450,495,674,750,898",8,115.907371528678,"111,251,374,501,674,750,898",7,116.97289471711,"111,251,374,450,501,674,750,898",8,118.719951989038
"251,501,751",0.005,3,6942.99549405783,"251,252,474,477,496,501,506,509,524,750,751,753",0.0055322879034847,12,7072.43714916793,"251,501,506,750",0.00455580176885237,4,6949.93518822722,"251,501,750",0.00434782639977855,3,6938.70368662257,"251,501,750",0.00436741983569713,3,6938.54013439149,"251,501,750",0.00436741983205915,3,6938.54013439149,"251,501,750",0.00436741983626556,3,6938.54013439149,"251,501,750",0.00436741983569713,3,6938.5401343915,"251,501,750",0.00436741983467395,3,6938.5401343915,"251,501,750",0.00436741983342339,3,6938.5401343915,"251,501,750",0.00436741983524238,3,6938.54013439149,"251,501,750",0.0043674198342192,3,6938.5401343915,"130,251,387,501,597,750,887",7,72.1829692916178,"130,251,387,501,597,750,887",7,72.1829692916178,"130,251,387,501,597,750,887",7,72.1829692916178
"251,501,751",0.005,3,7031.04232875059,"246,247,248,249,251,495,497,501,503,527,536,751",0.00685236191597243,12,7168.96975466694,"247,503,751",0.0061807594697396,3,7031.32290878394,"247,503,751",0.00558473874558879,3,7025.71599346322,"247,503,751",0.00558473874911308,3,7025.71599346323,"247,503,751",0.00558473874774884,3,7025.71599346323,"247,503,751",0.00558473874610038,3,7025.71599346322,"247,503,751",0.0055847387459867,3,7025.71599346322,"247,503,751",0.00558473874780569,3,7025.71599346323,"247,503,751",0.00558473874723725,3,7025.71599346323,"247,503,751",0.00558473874541826,3,7025.71599346323,"247,503,751",0.00558473874865834,3,7025.71599346323,"137,247,353,501,624,751,863",7,159.059283908677,"137,251,353,501,624,751,863",7,162.326939854499,"137,251,353,501,624,751,863",7,162.326939854499
"251,501,751",0.005,3,6940.92841862893,"251,490,496,501,509,752,753",0.00643008162269263,7,7013.84528294788,"251,501,752",0.00531108686541717,3,6933.18162928795,"251,501,752",0.00528081007630702,3,6933.16755678798,"251,501,752",0.00528081007767126,3,6933.16755678798,"251,501,752",0.00528081007551121,3,6933.16755678798,"251,501,752",0.0052808100756249,3,6933.16755678798,"251,501,752",0.00528081007585227,3,6933.16755678798,"251,501,752",0.00528081007619333,3,6933.16755678798,"251,501,752",0.00528081007482909,3,6933.16755678797,"251,501,752",0.00528081007494277,3,6933.16755678797,"251,501,752",0.00528081007528384,3,6933.16755678798,"132,251,359,501,546,669,752,865",8,79.511118987487,"132,251,359,501,552,752,865",7,80.1484777722987,"132,251,359,501,552,752,865",7,80.1484777722987
"251,501,751",0.005,3,6972.62362996859,"251,484,501,518,751,752",0.00624026837950665,6,7043.64066085352,"251,501,751",0.00506083917666519,3,6968.9126584077,"251,501,751",0.00492679787743711,3,6968.69848575167,"251,501,751",0.00492679787766449,3,6968.69848575168,"251,501,751",0.00492679787766449,3,6968.69848575168,"251,501,751",0.00492679787834661,3,6968.69848575167,"251,501,751",0.00492679788198459,3,6968.69848575167,"251,501,751",0.00492679788107509,3,6968.69848575167,"251,501,751",0.00492679787607287,3,6968.69848575167,"251,501,751",0.00492679788380358,3,6968.69848575167,"251,501,751",0.00492679788175721,3,6968.69848575168,"140,251,360,501,635,751,912",7,101.90762433071,"140,251,360,501,635,751,912",7,101.90762433071,"140,251,360,501,635,751,912",7,101.90762433071
"251,501,751",0.005,3,6932.65986104497,"251,253,459,498,499,501,751,753",0.00745507809666826,8,7033.01963041916,"251,253,498,753",0.00607974783655082,4,6927.96012508592,"253,498,753",0.00621003170790515,3,6916.04229508039,"253,498,753",0.00590156776233088,3,6915.1645561139,"253,498,753",0.00590156775960239,3,6915.16455611389,"253,498,753",0.00590156776483199,3,6915.16455611391,"253,498,753",0.00590156776096664,3,6915.1645561139,"253,498,753",0.00590156776483199,3,6915.16455611391,"253,498,753",0.00590156776437724,3,6915.16455611391,"253,498,753",0.00590156776483199,3,6915.16455611392,"253,498,753",0.00590156776483199,3,6915.16455611392,"121,253,400,498,645,753,889",7,65.0021117220307,"99,251,400,498,645,753,889",7,65.6138665088818,"99,251,400,498,645,753,889",7,65.6138665088818
"251,501,751",0.005,3,6902.18901022776,"226,250,251,254,501,751",0.00680616031201568,6,6949.99186655654,"251,501,751",0.00632198739925799,3,6893.48611654293,"251,501,751",0.00600970948619009,3,6892.4697136029,"251,501,751",0.00600970948334792,3,6892.4697136029,"251,501,751",0.00600970948329108,3,6892.4697136029,"251,501,751",0.00600970948556482,3,6892.4697136029,"251,501,751",0.00600970948368898,3,6892.4697136029,"251,501,751",0.0060097094826658,3,6892.4697136029,"251,501,751",0.00600970948317739,3,6892.4697136029,"251,501,751",0.00600970948573535,3,6892.4697136029,"251,501,751",0.00600970948289318,3,6892.46971360291,"161,251,363,467,501,603,751,897",8,47.0794222917229,"161,251,432,501,603,751,897",7,48.6783752571785,"161,251,432,501,603,751,897",7,48.6783752571785
"251,501,751",0.005,3,6961.8402184258,"239,247,249,251,500,501,528,735,751,937,938",0.00586517668165366,11,7066.20235278077,"251,500,751",0.00497968163246237,3,6961.04802055611,"251,500,751",0.00474176172797167,3,6957.74503674772,"251,500,751",0.00474176172433369,3,6957.74503674772,"251,500,751",0.00474176172797167,3,6957.74503674774,"251,500,751",0.00474176172706217,3,6957.74503674774,"251,500,751",0.00474176172842641,3,6957.74503674774,"251,500,751",0.00474176172842641,3,6957.74503674774,"251,500,751",0.00474176172615268,3,6957.74503674772,"251,500,751",0.00474176172296945,3,6957.74503674771,"251,500,751",0.00474176172569793,3,6957.74503674774,"173,251,401,501,635,751,811",7,87.2470250212183,"173,251,401,501,635,751,811",7,87.2470250212183,"173,251,401,501,635,751,811",7,87.2470250212183
"251,501,751",0.005,3,6977.00913230614,"251,254,257,501,741,751",0.00595947927573417,6,7060.34311806769,"251,254,501,751",0.0045101007589208,4,6983.28059348808,"254,501,751",0.00493338753814225,3,6973.63518422829,"254,501,751",0.00451325270235155,3,6971.93938490443,"254,501,751",0.00451325269882725,3,6971.93938490441,"254,501,751",0.00451325269837251,3,6971.93938490443,"254,501,751",0.00451325270172627,3,6971.93938490442,"254,501,751",0.00451325269990728,3,6971.93938490441,"254,501,751",0.00451325270172627,3,6971.93938490442,"254,501,751",0.00451325270155574,3,6971.93938490442,"254,501,751",0.00451325270257892,3,6971.93938490442,"129,254,436,501,655,751,863",7,101.02071338939,"129,254,436,501,655,751,863",7,101.02071338939,"129,254,436,501,655,751,863",7,101.02071338939
"251,501,751",0.005,3,6945.49307392078,"226,233,251,494,501,505,513,751,754",0.00648157051418118,9,7033.97911982288,"251,501,751",0.00570712262082137,3,6942.57044400313,"251,501,751",0.00560695073432065,3,6942.22905552793,"251,501,751",0.00560695073250167,3,6942.22905552792,"251,501,751",0.00560695073022793,3,6942.22905552793,"251,501,751",0.00560695073113742,3,6942.22905552793,"251,501,751",0.00560695073341116,3,6942.22905552792,"251,501,751",0.00560695073250167,3,6942.22905552793,"251,501,751",0.00560695073341116,3,6942.22905552793,"251,501,751",0.00560695073227429,3,6942.22905552792,"251,501,751",0.00560695073318379,3,6942.22905552792,"107,251,368,501,678,751,867",7,82.0633429139778,"107,251,368,501,678,751,867",7,82.0633429139778,"107,251,368,501,678,751,867",7,82.0633429139778
"251,501,751",0.005,3,6910.04658856774,"250,251,501,751",0.00731361131498264,4,6975.54357212355,"251,501,751",0.00574993182826988,3,6904.14556548858,"251,501,751",0.00574207915688318,3,6904.14493377584,"251,501,751",0.0057420791635907,3,6904.14493377586,"251,501,751",0.00574207915858848,3,6904.14493377584,"251,501,751",0.00574207916262437,3,6904.14493377585,"251,501,751",0.00574207916364755,3,6904.14493377585,"251,501,751",0.00574207915949798,3,6904.14493377584,"251,501,751",0.00574207916313596,3,6904.14493377585,"251,501,751",0.00574207916137381,3,6904.14493377585,"251,501,751",0.00574207916137381,3,6904.14493377584,"79,251,391,501,614,751,889",7,53.5588042134942,"79,251,391,501,614,751,889",7,53.5588042134942,"79,251,391,501,614,751,889",7,53.5588042134942
"251,501,751",0.005,3,6913.93148350338,"244,245,251,252,255,476,490,501,503,515,751,752",0.00739134823446114,12,7072.27246928658,"251,252,501,751",0.00618110645577027,4,6923.18968194762,"252,501,751",0.0058233335152429,3,6908.18040650018,"252,501,751",0.00576581803653445,3,6908.14971520795,"252,501,751",0.00576581803403334,3,6908.14971520794,"252,501,751",0.00576581803573864,3,6908.14971520794,"252,501,751",0.00576581803733025,3,6908.14971520794,"252,501,751",0.00576581803960399,3,6908.14971520794,"252,501,751",0.00576581803721657,3,6908.14971520795,"252,501,751",0.00576581803448808,3,6908.14971520794,"252,501,751",0.0057658180334649,3,6908.14971520794,"96,176,252,410,501,543,751,786,916",9,42.4589173378117,"162,252,410,501,543,751,786,916",8,44.0971876395963,"162,252,410,501,543,751,808,916",8,44.9545049662223
"251,501,751",0.005,3,6992.05391919339,"251,455,477,501,502,503,515,526,529,753,755",0.00611736031548162,11,7121.40261207754,"251,501,753",0.00517394526486065,3,6993.0691269205,"251,501,753",0.00458670561303303,3,6983.18024822442,"251,501,753",0.00458670561621627,3,6983.18024822443,"251,501,753",0.00458670561644364,3,6983.18024822442,"251,501,753",0.0045867056141699,3,6983.18024822442,"251,501,753",0.00458670561758051,3,6983.18024822442,"251,501,753",0.0045867056141699,3,6983.18024822442,"251,501,753",0.00458670561667101,3,6983.18024822443,"251,501,753",0.00458670561212354,3,6983.18024822442,"251,501,753",0.0045867056193995,3,6983.18024822442,"94,251,395,501,654,753,810,943",8,113.875504887315,"94,251,395,501,654,753,811,943",8,113.955225738147,"94,251,395,501,654,753,811,943",8,113.955225738147
"251,501,751",0.005,3,6983.30117520681,"251,498,501,749,750,751",0.00617002616149413,6,7040.05275338385,"251,501,751",0.00527670352735692,3,6977.63102626481,"251,501,751",0.00509811095588261,3,6977.1152191626,"251,501,751",0.00509811095133514,3,6977.11521916261,"251,501,751",0.00509811095042564,3,6977.11521916261,"251,501,751",0.00509811095565524,3,6977.11521916261,"251,501,751",0.00509811095701948,3,6977.1152191626,"251,501,751",0.00509811095065302,3,6977.11521916261,"251,501,751",0.00509811095224463,3,6977.1152191626,"251,501,751",0.0050981109490614,3,6977.11521916261,"251,501,751",0.00509811095565524,3,6977.11521916261,"63,251,411,501,539,750,919",7,108.983144230542,"63,251,411,501,539,751,919",7,109.442679246073,"63,251,411,501,539,751,919",7,109.442679246073
"251,501,751",0.005,3,7053.70961611151,"247,251,254,474,477,492,496,502,514,751",0.00671640940280162,10,7143.85056035091,"251,502,751",0.00620907604147004,3,7046.00247915586,"251,502,751",0.00590324082925152,3,7044.84806174111,"251,502,751",0.00590324082703463,3,7044.8480617411,"251,502,751",0.00590324082913783,3,7044.8480617411,"251,502,751",0.00590324082925152,3,7044.84806174111,"251,502,751",0.00590324082947889,3,7044.8480617411,"251,502,751",0.00590324082811465,3,7044.8480617411,"251,502,751",0.00590324082845571,3,7044.84806174111,"251,502,751",0.00590324082925152,3,7044.84806174111,"251,502,751",0.00590324082703463,3,7044.84806174111,"104,251,310,442,502,623,751,859",8,186.892134577652,"104,254,402,502,623,751,859",7,190.974371020048,"104,254,310,442,502,623,751,859",8,191.58658127705
"251,501,751",0.005,3,6937.98843959019,"245,251,252,492,493,495,504,746,751,753",0.00653036737236483,10,7078.36912913186,"251,504,751",0.00496354988773484,3,6929.60536550617,"251,504,751",0.00485290892325698,3,6929.43328262229,"251,504,751",0.00485290892177905,3,6929.43328262228,"251,504,751",0.00485290892234749,3,6929.43328262228,"251,504,751",0.00485290892149484,3,6929.43328262229,"251,504,751",0.00485290892308645,3,6929.43328262229,"251,504,751",0.00485290892200643,3,6929.43328262229,"251,504,751",0.00485290892166537,3,6929.43328262228,"251,504,751",0.0048529089218359,3,6929.43328262229,"251,504,751",0.00485290892189274,3,6929.43328262228,"68,251,333,504,621,751,828",7,62.0140831003005,"68,251,333,504,621,751,828",7,62.0140831003005,"68,251,333,504,621,751,828",7,62.0140831003005
"251,501,751",0.005,3,6934.15007475723,"250,251,253,498,499,501,749,750,751",0.00607035859118682,9,7038.93693366819,"250,498,751",0.00501885174629938,3,6924.39279210693,"250,498,751",0.00485533720431488,3,6923.93618789124,"250,498,751",0.00485533720704336,3,6923.93618789125,"250,498,751",0.00485533720863498,3,6923.93618789125,"250,498,751",0.00485533720977185,3,6923.93618789125,"250,498,751",0.004855337204997,3,6923.93618789125,"250,498,751",0.0048553372059065,3,6923.93618789125,"250,498,751",0.00485533720704336,3,6923.93618789124,"250,498,751",0.00485533720408751,3,6923.93618789124,"250,498,751",0.00485533720204114,3,6923.93618789124,"87,251,455,498,611,751,899",7,46.1218290268898,"87,250,455,498,611,750,899",7,48.2487987239701,"87,250,455,498,611,750,899",7,48.2487987239701
"251,501,751",0.005,3,6990.97886616993,"251,255,258,465,500,523,751,753,774",0.00584114285050356,9,7093.21173732063,"251,500,751",0.00460222321431673,3,6980.91682225246,"251,500,751",0.00446683935163807,3,6980.65207124666,"251,500,751",0.00446683935379812,3,6980.65207124666,"251,500,751",0.00446683935288863,3,6980.65207124666,"251,500,751",0.004466839353116,3,6980.65207124666,"251,500,751",0.0044668393522065,3,6980.65207124666,"251,500,751",0.00446683935391181,3,6980.65207124665,"251,500,751",0.00446683935391181,3,6980.65207124666,"251,500,751",0.00446683935504868,3,6980.65207124666,"251,500,751",0.00446683935436655,3,6980.65207124666,"79,251,384,500,637,751,803,972",8,118.482895302601,"79,251,384,500,637,751,803,972",8,118.482895302601,"79,251,384,500,636,751,803",7,119.792879085436
"251,501,751",0.005,3,6882.64458280656,"251,493,495,498,504,506,749,750,754,761",0.00640764844351134,10,6974.34294006406,"251,495,749",0.00563235203241103,3,6864.83239197377,"251,495,749",0.00534565928409131,3,6863.48988709704,"251,495,749",0.00534565928363656,3,6863.48988709704,"251,495,749",0.00534565928465974,3,6863.48988709704,"251,495,749",0.00534565928375025,3,6863.48988709705,"251,495,749",0.00534565928272706,3,6863.48988709704,"251,495,749",0.00534565928363656,3,6863.48988709704,"251,495,749",0.00534565928284075,3,6863.48988709704,"251,495,749",0.00534565928477343,3,6863.48988709705,"251,495,749",0.00534565928477343,3,6863.48988709704,"62,251,384,495,606,749,813",7,13.2694253007121,"62,251,384,495,606,750,813",7,13.9415788218292,"62,251,384,495,570,750,813",7,14.1869374916277
"251,501,751",0.005,3,6894.8093342916,"250,251,273,500,504,524,566,751,752",0.0054214924365336,9,6981.93592603991,"251,500,752",0.00448982189257179,3,6878.44052458839,"251,500,752",0.00441171072081847,3,6878.3026005731,"251,500,752",0.00441171071899948,3,6878.3026005731,"251,500,752",0.00441171072275114,3,6878.30260057308,"251,500,752",0.00441171071695311,3,6878.30260057309,"251,500,752",0.00441171072536594,3,6878.30260057308,"251,500,752",0.00441171071570256,3,6878.3026005731,"251,500,752",0.00441171072547963,3,6878.30260057308,"251,500,752",0.00441171071729417,3,6878.3026005731,"251,500,752",0.00441171072638912,3,6878.30260057308,"117,251,400,500,715,752,927",7,8.99814744035621,"117,251,400,500,715,752,927",7,8.99814744035621,"251,400,500,715,752,927",6,11.7248517070867
"251,501,751",0.005,3,6994.31138827893,"250,444,478,500,501,508,510,522,747,750,753",0.00573234116006066,11,7093.00557705765,"250,501,747,750",0.00488333263165678,4,6992.72718535529,"250,501,750",0.00518483983966106,3,6982.74829286039,"250,501,750",0.00479743308941042,3,6980.83458859628,"250,501,750",0.00479743309361684,3,6980.83458859628,"250,501,750",0.00479743309247997,3,6980.83458859628,"250,501,750",0.00479743309009255,3,6980.83458859628,"250,501,750",0.00479743309168416,3,6980.83458859628,"250,501,750",0.00479743309338946,3,6980.83458859628,"250,501,750",0.00479743309145679,3,6980.83458859628,"250,501,750",0.00479743309213891,3,6980.83458859628,"84,250,371,501,585,747,877",7,115.717862847194,"84,250,371,501,585,750,877",7,115.953352578577,"84,250,371,501,585,750,877",7,115.953352578577
"251,501,751",0.005,3,6957.29081546574,"251,252,253,263,270,493,500,502,516,518,558,735,750,751,752",0.00617257545236964,15,7123.21911543004,"251,502,750",0.00534692805265813,3,6947.3978674199,"251,502,750",0.00502881647835727,3,6945.88375998147,"251,502,750",0.00502881647989204,3,6945.88375998147,"251,502,750",0.00502881648034679,3,6945.88375998147,"251,502,750",0.00502881647898255,3,6945.88375998148,"251,502,750",0.00502881647767515,3,6945.88375998147,"251,502,750",0.00502881648046048,3,6945.88375998147,"251,502,750",0.00502881647966467,3,6945.88375998147,"251,502,750",0.00502881647761831,3,6945.88375998148,"251,502,750",0.00502881647886886,3,6945.88375998148,"176,252,342,502,655,750,852",7,74.8457900834341,"176,251,342,502,655,750,852",7,75.307867823153,"176,251,342,502,655,750,852",7,75.307867823153
"251,501,751",0.005,3,6913.79173881838,"159,249,251,429,430,474,501,556,579,751,753",0.00693788974726818,11,7018.08394889256,"251,501,751",0.00581776791088799,3,6910.64328944263,"251,501,751",0.00550604010268053,3,6909.53035160313,"251,501,751",0.00550604010063417,3,6909.53035160313,"251,501,751",0.00550604010575008,3,6909.53035160313,"251,501,751",0.00550604010495427,3,6909.53035160313,"251,501,751",0.00550604009540458,3,6909.53035160309,"251,501,751",0.00550604010404477,3,6909.53035160315,"251,501,751",0.00550604010097523,3,6909.53035160311,"251,501,751",0.00550604010586376,3,6909.53035160315,"251,501,751",0.00550604010154366,3,6909.53035160312,"41,159,251,346,501,684,751,847",8,32.8266677166839,"41,151,251,346,501,684,751,847",8,33.7029563482045,"41,151,251,346,501,684,751,847",8,33.7029563482045
"251,501,751",0.005,3,7118.92002334358,"250,253,502,506,751,753,755",0.00522478187755452,7,7188.88611338585,"253,502,751,753",0.00405594245687668,4,7115.46805168831,"253,502,753",0.00427322828713293,3,7104.14849072611,"253,502,753",0.00394863119569884,3,7103.11618267877,"253,502,753",0.00394863119365248,3,7103.11618267878,"253,502,753",0.00394863119501672,3,7103.11618267878,"253,502,753",0.00394863119501672,3,7103.11618267877,"253,502,753",0.00394863119410723,3,7103.11618267877,"253,502,753",0.00394863119888208,3,7103.11618267878,"253,502,753",0.00394863119501672,3,7103.11618267877,"253,502,753",0.00394863119501672,3,7103.11618267877,"134,253,390,502,641,753",6,233.942762984019,"134,253,390,502,641,753",6,233.942762984019,"134,253,502,641,753",5,236.736682436933
"251,501,751",0.005,3,6984.54809158061,"249,250,251,492,497,498,501,504,508,514,537,749",0.00667582068977962,12,7098.72303432365,"251,497,749",0.00567671325196796,3,6964.22386122326,"251,497,749",0.00550986093795629,3,6963.43555719446,"251,497,749",0.00550986094079846,3,6963.43555719446,"251,497,749",0.00550986093761523,3,6963.43555719447,"251,497,749",0.00550986093818366,3,6963.43555719447,"251,497,749",0.00550986093920684,3,6963.43555719447,"251,497,749",0.00550986093579624,3,6963.43555719447,"251,497,749",0.00550986093465937,3,6963.43555719448,"251,497,749",0.00550986094011634,3,6963.43555719446,"251,497,749",0.00550986093534149,3,6963.43555719448,"91,251,404,497,574,749,858,979",8,102.978175999147,"91,251,404,497,574,749,878",7,104.232744614855,"91,251,404,497,574,749,878",7,104.232744614855
"251,501,751",0.005,3,7010.1843881556,"251,494,499,502,750,751,754,756,757,786",0.00575607662423078,10,7118.1916725982,"251,499,751",0.00487521351620135,3,7003.29884335666,"251,499,751",0.00470618143979862,3,7002.39128097447,"251,499,751",0.00470618143343216,3,7002.39128097446,"251,499,751",0.00470618143797963,3,7002.39128097447,"251,499,751",0.0047061814357059,3,7002.39128097446,"251,499,751",0.00470618144616509,3,7002.39128097446,"251,499,751",0.00470618143979862,3,7002.39128097447,"251,499,751",0.00470618143843438,3,7002.39128097447,"251,499,751",0.00470618144480084,3,7002.39128097448,"251,499,751",0.00470618144161761,3,7002.39128097447,"203,251,355,499,575,751,882",7,123.75445036347,"203,251,355,499,575,751,882",7,123.75445036347,"203,251,355,499,575,751,882",7,123.75445036347
"251,501,751",0.005,3,6925.53473147801,"251,256,494,499,502,751,753",0.00675298088721245,7,7017.60768618867,"251,502,751",0.00546038486979106,3,6922.49972951588,"251,502,751",0.00530246871618832,3,6922.13204041517,"251,502,751",0.00530246871596094,3,6922.13204041517,"251,502,751",0.00530246871823468,3,6922.13204041517,"251,502,751",0.00530246871618832,3,6922.13204041517,"251,502,751",0.00530246871755256,3,6922.13204041517,"251,502,751",0.00530246871834837,3,6922.13204041517,"251,502,751",0.00530246871755256,3,6922.13204041518,"251,502,751",0.00530246871482408,3,6922.13204041518,"251,502,751",0.00530246872244109,3,6922.13204041517,"84,251,406,502,640,751,845",7,61.1981170002406,"84,251,406,502,640,751,845",7,61.1981170002406,"84,251,406,502,640,751,845",7,61.1981170002406
"251,501,751",0.005,3,6961.82129453734,"251,481,497,499,501,509,751",0.00613311331736761,7,7018.79726058051,"251,501,751",0.00535764433690347,3,6954.61370036563,"251,501,751",0.00533574162060831,3,6954.5751098405,"251,501,751",0.00533574162049462,3,6954.5751098405,"251,501,751",0.00533574161878932,3,6954.57510984049,"251,501,751",0.0053357416181072,3,6954.57510984049,"251,501,751",0.00533574161685664,3,6954.57510984049,"251,501,751",0.00533574161935775,3,6954.5751098405,"251,501,751",0.00533574161799351,3,6954.57510984049,"251,501,751",0.00533574161856195,3,6954.5751098405,"251,501,751",0.00533574161969881,3,6954.57510984049,"84,251,403,501,607,751,939",7,102.028629821045,"84,251,403,501,607,751,939",7,102.028629821045,"84,251,403,501,607,751,939",7,102.028629821045
"251,501,751",0.005,3,6955.3748285178,"248,250,251,486,488,500,502,509,750,751",0.0070828705069021,10,7096.03019130836,"250,500,751",0.00541059092281326,3,6941.70570656789,"250,500,751",0.005231763406121,3,6941.21070177547,"250,500,751",0.0052317634027104,3,6941.21070177547,"250,500,751",0.00523176340452939,3,6941.21070177548,"250,500,751",0.00523176340066404,3,6941.21070177547,"250,500,751",0.00523176340361989,3,6941.21070177548,"250,500,751",0.00523176340498414,3,6941.21070177547,"250,500,751",0.00523176340589363,3,6941.21070177547,"250,500,751",0.00523176340407464,3,6941.21070177547,"250,500,751",0.00523176340111878,3,6941.21070177546,"106,250,361,500,667,751,870",7,82.3949243897582,"106,250,361,500,667,751,870",7,82.3949243897582,"106,250,349,500,667,751,870",7,83.186646659197
"251,501,751",0.005,3,6957.85844252737,"241,247,250,251,501,502,537,550,734,737,744,751",0.00512344621902684,12,7081.91884960426,"250,501,751",0.0049182044952392,3,6956.79805831758,"250,501,751",0.00445198448414588,3,6954.13959162923,"250,501,751",0.00445198448641962,3,6954.13959162923,"250,501,751",0.00445198448664699,3,6954.13959162924,"250,501,751",0.00445198448846598,3,6954.13959162923,"250,501,751",0.00445198448346376,3,6954.13959162924,"250,501,751",0.00445198448278164,3,6954.13959162924,"250,501,751",0.0044519844891481,3,6954.13959162923,"250,501,751",0.00445198448232689,3,6954.13959162923,"250,501,751",0.00445198448369113,3,6954.13959162923,"57,250,374,501,709,751,842",7,92.284331782857,"57,250,374,501,709,751,842",7,92.284331782857,"57,250,374,501,709,751",6,96.215407580645
"251,501,751",0.005,3,7048.06276410594,"251,256,260,494,499,500,751",0.00743244696552457,7,7164.66246140728,"251,500,751",0.00567898850024876,3,7042.35963336508,"251,500,751",0.0055798425237712,3,7042.26147099625,"251,500,751",0.00557984252183852,3,7042.26147099626,"251,500,751",0.0055798425220659,3,7042.26147099624,"251,500,751",0.00557984252127009,3,7042.26147099626,"251,500,751",0.00557984252320276,3,7042.26147099625,"251,500,751",0.00557984252092903,3,7042.26147099626,"251,500,751",0.00557984252343014,3,7042.26147099625,"251,500,751",0.00557984252081534,3,7042.26147099626,"251,500,751",0.00557984252081534,3,7042.26147099625,"81,251,328,500,525,676,751,919",8,174.973562703781,"134,251,260,453,500,525,676,751,919",9,178.3228805524,"134,251,260,453,500,525,676,751,919",9,178.3228805524
"251,501,751",0.005,3,6996.40565560566,"250,254,496,499,501,504,507,541,546,750",0.00666418779399608,10,7111.94589938385,"250,499,750",0.00536943040546179,3,6991.32458907368,"250,499,750",0.00524588143696831,3,6989.96134950856,"250,499,750",0.0052458814361725,3,6989.96134950856,"250,499,750",0.00524588144023681,3,6989.96134950857,"250,499,750",0.00524588143730937,3,6989.96134950856,"250,499,750",0.00524588143921362,3,6989.96134950857,"250,499,750",0.00524588143779254,3,6989.96134950856,"250,499,750",0.00524588143810518,3,6989.96134950857,"250,499,750",0.00524588144020838,3,6989.96134950856,"250,499,750",0.00524588143887256,3,6989.96134950856,"191,254,398,499,657,750,855",7,119.731716361894,"191,254,398,499,657,750,855",7,119.731716361894,"191,254,359,499,657,750,855",7,121.313475507699
"251,501,751",0.005,3,6853.78858202025,"250,251,474,483,501,502,503,753,754",0.00686274930822194,9,6926.8443698489,"251,502,503,754",0.00600609398543149,4,6847.57013179685,"251,502,754",0.00566254593302522,3,6831.29952589104,"251,502,754",0.00563019229224333,3,6831.2625533458,"251,502,754",0.0056301922899696,3,6831.2625533458,"251,502,754",0.00563019229156121,3,6831.2625533458,"251,502,754",0.00563019229247071,3,6831.2625533458,"251,502,754",0.00563019228792323,3,6831.26255334579,"251,502,754",0.00563019229247071,3,6831.2625533458,"251,502,754",0.0056301922899696,3,6831.26255334579,"251,502,754",0.00563019228928748,3,6831.2625533458,"46,142,251,332,502,625,754,908",8,-44.7553660918426,"73,251,332,502,625,754,908",7,-40.8418281254636,"73,251,332,502,625,754,908",7,-40.8418281254636
"251,501,751",0.005,3,6939.65116085206,"252,500,502,546,747,751,753",0.00719188275041479,7,7053.06512234951,"252,500,751",0.00579586824303741,3,6934.54596252929,"252,500,751",0.00528641018659463,3,6930.21509161217,"252,500,751",0.00528641018068291,3,6930.21509161217,"252,500,751",0.00528641017749968,3,6930.21509161217,"252,500,751",0.00528641018295665,3,6930.21509161217,"252,500,751",0.00528641018386614,3,6930.21509161216,"252,500,751",0.00528641018113766,3,6930.21509161216,"252,500,751",0.00528641018659463,3,6930.21509161216,"252,500,751",0.00528641017931867,3,6930.21509161216,"252,500,751",0.0052864101877315,3,6930.21509161217,"82,252,313,500,651,751,932",7,60.5894785549934,"82,252,313,500,651,747,932",7,68.1072018031802,"82,252,313,500,651,747,932",7,68.1072018031802
"251,501,751",0.005,3,6975.66304052816,"251,501,517,751,754,757",0.00600166207805554,6,7045.31352463809,"251,501,751",0.00476143201189072,3,6967.96505496939,"251,501,751",0.00459348413303683,3,6967.53439101033,"251,501,751",0.00459348413212733,3,6967.53439101033,"251,501,751",0.00459348413116099,3,6967.53439101033,"251,501,751",0.00459348413099046,3,6967.53439101033,"251,501,751",0.00459348413241155,3,6967.53439101034,"251,501,751",0.00459348413661796,3,6967.53439101033,"251,501,751",0.00459348413820958,3,6967.53439101034,"251,501,751",0.00459348413059256,3,6967.53439101033,"251,501,751",0.00459348413428738,3,6967.53439101034,"137,251,404,501,619,751,842",7,100.376781736265,"137,251,404,501,619,751,842",7,100.376781736265,"137,251,404,501,619,751,842",7,100.376781736265
"251,501,751",0.005,3,7007.86374859301,"231,243,249,251,485,494,495,502,752,764",0.00579378196172427,10,7109.52746122449,"251,502,752",0.00480931533762755,3,6999.75339666308,"251,502,752",0.00462194100891966,3,6998.54383001062,"251,502,752",0.0046219410086763,3,6998.54383001063,"251,502,752",0.0046219410078645,3,6998.54383001062,"251,502,752",0.00462194100823043,3,6998.54383001062,"251,502,752",0.00462194100734936,3,6998.54383001062,"251,502,752",0.00462194100703494,3,6998.54383001062,"251,502,752",0.00462194100882018,3,6998.54383001063,"251,502,752",0.00462194100877577,3,6998.54383001062,"251,502,752",0.00462194100821622,3,6998.54383001062,"157,251,380,502,571,752,852",7,116.446811545777,"157,249,380,495,583,752,852",7,123.374200751626,"157,249,380,502,571,752,852",7,118.83571115768
"251,501,751",0.005,3,6929.42516872469,"251,486,489,501,503,515,742,750,751,756,757,758",0.00555782118347252,12,7076.46788136991,"251,501,751",0.00426701224735002,3,6919.00485217063,"251,501,751",0.00414222061724063,3,6918.66199706611,"251,501,751",0.00414222061678588,3,6918.66199706612,"251,501,751",0.00414222061701325,3,6918.66199706611,"251,501,751",0.00414222061689957,3,6918.66199706611,"251,501,751",0.00414222061815012,3,6918.66199706611,"251,501,751",0.00414222061758169,3,6918.66199706611,"251,501,751",0.0041422206157627,3,6918.66199706611,"251,501,751",0.00414222061712694,3,6918.66199706611,"251,501,751",0.00414222061815012,3,6918.66199706611,"68,251,417,501,607,751,856",7,59.4987002243425,"68,251,417,501,607,751,856",7,59.4987002243425,"68,251,417,501,607,751,856",7,59.4987002243425
"251,501,751",0.005,3,6971.54879585243,"251,252,254,499,500,501,502,509,510,573,749,751",0.00718242462914395,12,7120.33254845397,"252,501,751",0.00606517053433471,3,6970.54631280206,"252,501,751",0.00562518333004882,3,6966.78100623784,"252,501,751",0.00562518333598896,3,6966.78100623784,"252,501,751",0.00562518333164044,3,6966.78100623784,"252,501,751",0.00562518333169728,3,6966.78100623784,"252,501,751",0.00562518333326048,3,6966.78100623784,"252,501,751",0.00562518333004882,3,6966.78100623784,"252,501,751",0.00562518333269204,3,6966.78100623785,"252,501,751",0.00562518333200992,3,6966.78100623785,"252,501,751",0.00562518333249309,3,6966.78100623784,"117,252,414,501,722,751,867",7,105.497920108487,"117,252,414,501,629,749,867",7,105.754454012533,"117,252,414,501,629,749,867",7,105.754454012533
"251,501,751",0.005,3,6966.67206456947,"252,265,501,564,565,751,753",0.00648982257006005,7,7021.92000044885,"252,501,751",0.00535777779135774,3,6948.28603978349,"252,501,751",0.00513097127296192,3,6947.70950824487,"252,501,751",0.00513097127108609,3,6947.70950824487,"252,501,751",0.00513097126847129,3,6947.70950824488,"252,501,751",0.00513097127438301,3,6947.70950824487,"252,501,751",0.00513097127199558,3,6947.70950824488,"252,501,751",0.00513097127642937,3,6947.70950824487,"252,501,751",0.00513097127699781,3,6947.70950824486,"252,501,751",0.00513097127523566,3,6947.70950824487,"252,501,751",0.00513097127978313,3,6947.70950824486,"137,252,360,501,638,751,862",7,93.2041943983092,"137,252,360,501,638,751,862",7,93.2041943983092,"137,252,360,501,751,862",6,94.177283270909
"251,501,751",0.005,3,6961.39027999638,"251,470,488,501,504,751,754",0.00682918406910526,7,7042.00541254371,"251,501,751",0.00555480779066858,3,6959.70986822405,"251,501,751",0.00541498454154704,3,6959.11535765524,"251,501,751",0.00541498454114914,3,6959.11535765524,"251,501,751",0.00541498454552608,3,6959.11535765524,"251,501,751",0.0054149845445029,3,6959.11535765524,"251,501,751",0.00541498454103545,3,6959.11535765525,"251,501,751",0.00541498453955752,3,6959.11535765524,"251,501,751",0.00541498454808404,3,6959.11535765523,"251,501,751",0.00541498454899353,3,6959.11535765524,"251,501,751",0.00541498454887984,3,6959.11535765524,"36,160,251,424,501,627,751,863",8,94.336744717341,"36,160,251,424,501,627,751,863",8,94.336744717341,"36,160,251,424,501,627,751,863",8,94.336744717341
"251,501,751",0.005,3,6923.37055028802,"237,252,253,258,393,501,502,504,514,751,752,754,757",0.00594107856260702,13,7053.11953333219,"252,501,751",0.00573273281971196,3,6916.706579392,"252,501,751",0.00530630847830252,3,6914.06439097611,"252,501,751",0.00530630847614247,3,6914.06439097611,"252,501,751",0.00530630847685302,3,6914.06439097612,"252,501,751",0.00530630847881411,3,6914.06439097611,"252,501,751",0.00530630847560246,3,6914.06439097611,"252,501,751",0.005306308476313,3,6914.06439097611,"252,501,751",0.0053063084776204,3,6914.06439097611,"252,501,751",0.00530630847784778,3,6914.06439097611,"252,501,751",0.00530630847625616,3,6914.06439097611,"81,252,436,501,578,752,893",7,46.563087935443,"81,252,436,501,578,751,893",7,47.5513641170519,"81,252,436,502,578,751,893",7,47.6596578216358
"251,501,751",0.005,3,6935.1801537813,"251,252,469,501,503,749,750",0.00666371484759899,7,7008.77134271247,"251,501,750",0.00544900887590066,3,6927.26472775292,"251,501,750",0.00533375047335209,3,6926.99981834936,"251,501,750",0.00533375047511423,3,6926.99981834937,"251,501,750",0.00533375047397736,3,6926.99981834937,"251,501,750",0.00533375047352262,3,6926.99981834937,"251,501,750",0.00533375047085098,3,6926.99981834937,"251,501,750",0.00533375047068045,3,6926.99981834936,"251,501,750",0.00533375047608057,3,6926.99981834937,"251,501,750",0.00533375047107835,3,6926.99981834936,"251,501,750",0.00533375047096466,3,6926.99981834936,"89,251,362,501,593,750,898",7,75.7335721034216,"89,251,362,501,593,750,898",7,75.7335721034216,"89,251,362,501,593,750,898",7,75.7335721034216
"251,501,751",0.005,3,6979.07305376592,"202,251,475,496,502,503,514,515,539,751,752",0.00634615140010753,11,7090.57257855606,"251,503,752",0.00534515177891678,3,6968.32484526527,"251,503,752",0.00513212695162049,3,6967.40296554042,"251,503,752",0.00513212695173417,3,6967.40296554042,"251,503,752",0.00513212695457634,3,6967.40296554042,"251,503,752",0.00513212695230261,3,6967.40296554042,"251,503,752",0.00513212695162049,3,6967.40296554043,"251,503,752",0.00513212694536771,3,6967.40296554043,"251,503,752",0.00513212694991518,3,6967.40296554042,"251,503,752",0.00513212695025625,3,6967.40296554043,"251,503,752",0.00513212694593615,3,6967.40296554044,"109,195,251,347,503,545,555,709,752,851",10,107.327792797858,"109,195,251,347,503,574,751,851",8,109.145732129139,"109,251,347,503,542,555,709,751,851",9,110.204502092118
"251,501,751",0.005,3,6873.07933899543,"250,251,252,253,482,488,492,494,500,501,502,515,742,751",0.00605604361372945,14,7016.23717202678,"253,501,502,751",0.00554356882116035,4,6881.1026235073,"253,501,751",0.00544999832743811,3,6867.13848524662,"253,501,751",0.00545106176872685,3,6867.12755428471,"253,501,751",0.00545106176599837,3,6867.12755428471,"253,501,751",0.00545106176685102,3,6867.1275542847,"253,501,751",0.00545106176650996,3,6867.12755428471,"253,501,751",0.00545106176633943,3,6867.12755428471,"253,501,751",0.00545106176753314,3,6867.12755428471,"253,501,751",0.00545106176867001,3,6867.1275542847,"253,501,751",0.0054510617678742,3,6867.12755428471,"73,252,387,501,609,751,852",7,4.56655785376037,"73,253,387,501,609,751,852",7,4.6335082597933,"73,253,387,501,609,751,852",7,4.6335082597933
"251,501,751",0.005,3,6988.50429893337,"227,247,251,252,263,464,481,493,499,501,502,504,749,751",0.00539879935544452,14,7145.81872296738,"251,501,749",0.00462653290040444,3,6986.99312582654,"251,501,749",0.00445823545721787,3,6984.01024179841,"251,501,749",0.00445823545571152,3,6984.0102417984,"251,501,749",0.00445823545443254,3,6984.0102417984,"251,501,749",0.00445823545571152,3,6984.0102417984,"251,501,749",0.00445823545659259,3,6984.0102417984,"251,501,749",0.00445823545494413,3,6984.0102417984,"251,501,749",0.00445823545670628,3,6984.0102417984,"251,501,749",0.00445823545747367,3,6984.0102417984,"251,501,749",0.00445823545534204,3,6984.0102417984,"197,251,334,501,631,749,911",7,114.880338248303,"197,251,334,501,631,751,911",7,115.529041112829,"197,251,334,501,631,751,911",7,115.529041112829
"251,501,751",0.005,3,6934.49012275376,"251,471,483,492,500,501,516,528,576,749,751",0.00668491360953097,11,7052.2294653235,"251,501,751",0.00548060578970577,3,6929.92568363242,"251,501,751",0.00537789935292895,3,6929.65778712481,"251,501,751",0.00537789935452056,3,6929.65778712482,"251,501,751",0.00537789935406582,3,6929.65778712481,"251,501,751",0.0053778993524742,3,6929.65778712481,"251,501,751",0.0053778993515647,3,6929.65778712482,"251,501,751",0.00537789935338369,3,6929.65778712481,"251,501,751",0.00537789935179208,3,6929.65778712481,"251,501,751",0.00537789935406582,3,6929.65778712482,"251,501,751",0.0053778993515647,3,6929.65778712481,"93,251,389,501,677,751,876",7,63.3688185030604,"93,251,389,501,677,751,876",7,63.3688185030604,"93,251,389,501,677,751,876",7,63.3688185030604
"251,501,751",0.005,3,6929.61230175513,"248,251,428,470,500,501,502,507,524,751,756",0.00585908932170841,11,7032.70236666112,"248,251,502,524,751",0.00485657775273539,5,6944.84158767239,"251,502,751",0.004655665884703,3,6932.51331067046,"251,502,751",0.00457465698597975,3,6926.26513668099,"251,502,751",0.00457465698632081,3,6926.265136681,"251,502,751",0.00457465698586607,3,6926.26513668101,"251,502,751",0.00457465698347864,3,6926.265136681,"251,502,751",0.00457465698075016,3,6926.265136681,"251,502,751",0.0045746569838197,3,6926.265136681,"251,502,751",0.00457465698268284,3,6926.26513668101,"251,502,751",0.0045746569847292,3,6926.26513668099,"130,248,331,502,621,751,912",7,43.8556533150985,"130,248,331,502,621,751,912",7,43.8556533150985,"130,248,331,502,621,751,912",7,43.8556533150985
"251,501,751",0.005,3,7024.21008270724,"250,251,252,253,254,261,299,301,443,493,501,586,603,752,754",0.00657182726806885,15,7164.11652882344,"253,301,501,603,752,754",0.00595280609731014,6,7034.23698365031,"253,501,752",0.00680341249938391,3,7023.6704404708,"253,501,752",0.00559438134518832,3,7012.87804264262,"253,501,752",0.00559438135189585,3,7012.87804264261,"253,501,752",0.00559438134234615,3,7012.87804264261,"253,501,752",0.00559438135564751,3,7012.87804264262,"253,501,752",0.00559438135121372,3,7012.87804264261,"253,501,752",0.00559438134200509,3,7012.87804264262,"253,501,752",0.00559438135189585,3,7012.87804264261,"253,501,752",0.00559438134564307,3,7012.87804264263,"130,252,301,386,501,561,752,898",8,133.70892529649,"130,251,261,361,501,561,754,898",8,147.900778953899,"130,251,261,361,501,561,754,898",8,147.900778953899
"251,501,751",0.005,3,6927.41346352492,"246,251,252,253,501,502,751",0.00534272768996779,7,6995.1336111217,"252,501,502,751",0.00443994104310944,4,6933.70530218222,"252,502,751",0.00394639640725769,3,6930.71547970158,"252,502,751",0.00440772259491277,3,6920.66516048953,"252,502,751",0.00440772259673176,3,6920.66516048953,"252,502,751",0.00440772259286641,3,6920.66516048953,"252,502,751",0.00440772259809601,3,6920.66516048954,"252,502,751",0.00440772259423065,3,6920.66516048953,"252,502,751",0.00440772259400328,3,6920.66516048954,"252,502,751",0.00440772259741389,3,6920.66516048954,"252,502,751",0.0044077225903653,3,6920.66516048952,"93,252,379,502,543,751,888",7,53.1675214524844,"93,252,379,502,543,751,888",7,53.1675214524844,"93,252,379,501,543,751,857",7,56.7953391376793
"251,501,751",0.005,3,6919.29951738348,"231,245,249,250,253,495,501,502,506,527,549,551,589,598,745,749,751,754",0.00628338082178012,18,7123.97417046973,"250,501,745,751",0.00520169405253997,4,6925.88722742598,"250,501,745",0.00554441500567937,3,6921.4276951169,"250,501,745",0.00496382552508449,3,6918.01805900632,"250,501,745",0.00496382552804035,3,6918.01805900632,"250,501,745",0.00496382552724454,3,6918.01805900633,"250,501,745",0.00496382552565293,3,6918.01805900633,"250,501,745",0.00496382552104861,3,6918.01805900633,"250,501,745",0.00496382552372025,3,6918.01805900633,"250,501,745",0.00496382552030965,3,6918.01805900634,"250,501,745",0.00496382552957512,3,6918.01805900631,"79,206,250,419,501,708,751,908",8,51.7151106279859,"79,206,249,419,501,745,754,908",8,56.7742839072364,"79,206,249,419,501,745,754,908",8,56.7742839072364
"251,501,751",0.005,3,6978.73430367779,"249,501,503,751",0.00675949903433666,4,7042.34200935833,"249,503,751",0.00508728037088478,3,6965.6530661561,"249,503,751",0.00502787476266663,3,6965.59808696947,"249,503,751",0.00502787476187082,3,6965.59808696947,"249,503,751",0.00502787476107501,3,6965.59808696947,"249,503,751",0.00502787476323506,3,6965.59808696946,"249,503,751",0.00502787476016552,3,6965.59808696947,"249,503,751",0.00502787476152976,3,6965.59808696947,"249,503,751",0.00502787476141607,3,6965.59808696946,"249,503,751",0.00502787475936971,3,6965.59808696947,"249,503,751",0.00502787476152976,3,6965.59808696946,"160,249,413,503,639,751,872",7,108.236011697386,"160,249,413,503,639,751,872",7,108.236011697386,"160,249,413,503,639,751,872",7,108.236011697386
"251,501,751",0.005,3,6995.42131942532,"246,251,476,500,501,502,508,516,753",0.0066971890368651,9,7082.51401769286,"251,501,753",0.00568403506958305,3,6982.85355090787,"251,501,753",0.00561418943291967,3,6982.77568665999,"251,501,753",0.00561418943274914,3,6982.77568665999,"251,501,753",0.00561418943240808,3,6982.77568666,"251,501,753",0.00561418943030488,3,6982.77568666,"251,501,753",0.00561418942894063,3,6982.77568666,"251,501,753",0.00561418943104384,3,6982.77568665999,"251,501,753",0.00561418943110068,3,6982.77568666,"251,501,753",0.00561418943155543,3,6982.77568665999,"251,501,753",0.00561418943041856,3,6982.77568665999,"147,251,415,501,611,753,850",7,112.820206909799,"147,251,415,501,611,753,850",7,112.820206909799,"147,251,415,501,611,753,850",7,112.820206909799
"251,501,751",0.005,3,6955.50642444584,"244,246,251,253,502,503,505,506,528,751,753,758",0.00639688210488797,12,7101.73959230261,"251,253,502,751",0.00545470310886579,4,6962.83997632306,"253,502,751",0.00521058128849447,3,6948.83495500357,"253,502,751",0.0050068808519192,3,6948.43207062049,"253,502,751",0.00500688085214658,3,6948.43207062049,"253,502,751",0.0050068808519192,3,6948.43207062049,"253,502,751",0.00500688085044128,3,6948.43207062049,"253,502,751",0.00500688085169183,3,6948.43207062049,"253,502,751",0.00500688085214658,3,6948.43207062049,"253,502,751",0.00500688085464769,3,6948.43207062049,"253,502,751",0.00500688085089602,3,6948.43207062049,"60,251,378,502,703,751,855",7,82.3049919389299,"60,251,378,502,703,751,855",7,82.3049919389299,"60,251,378,502,703,751,855",7,82.3049919389299
"251,501,751",0.005,3,6919.66196329804,"246,249,251,268,475,497,501,502,503,744,745,751,752,754,756,757",0.00532877116134464,16,7105.65988052981,"251,497,502,751",0.00484999478583949,4,6931.46280591257,"251,497,751",0.00450468893758576,3,6920.24898893366,"251,497,751",0.00449114023684743,3,6919.80850691251,"251,497,751",0.00449114023883695,3,6919.80850691252,"251,497,751",0.0044911402353695,3,6919.80850691251,"251,497,751",0.00449114023849589,3,6919.80850691252,"251,497,751",0.00449114023554003,3,6919.80850691251,"251,497,751",0.00449114023787061,3,6919.80850691251,"251,497,751",0.00449114023485791,3,6919.80850691251,"251,497,751",0.00449114023747271,3,6919.80850691251,"98,251,376,503,505,717,751,854",8,61.4049804797647,"98,251,376,501,717,751,854",7,69.8167809837547,"98,251,376,501,505,717,751,854",8,70.1479642720096
"251,501,751",0.005,3,7004.999249072,"241,251,273,478,483,501,502,540,562,751,753,768",0.00561134528911149,12,7130.93385365221,"251,501,751",0.00547370171129409,3,7008.10401490127,"251,501,751",0.00464874769652011,3,6999.36360818157,"251,501,751",0.00464874769765698,3,6999.36360818157,"251,501,751",0.0046487476906084,3,6999.36360818158,"251,501,751",0.00464874769333688,3,6999.36360818157,"251,501,751",0.00464874769038102,3,6999.36360818157,"251,501,751",0.0046487476949285,3,6999.36360818157,"251,501,751",0.0046487476949285,3,6999.36360818156,"251,501,751",0.00464874769879385,3,6999.36360818157,"251,501,751",0.00464874769947597,3,6999.36360818157,"186,251,364,501,602,751,789",7,133.830450924081,"186,251,364,501,602,751,789",7,133.830450924081,"186,251,364,501,602,751,789",7,133.830450924081
"251,501,751",0.005,3,6962.53635977077,"251,252,499,501,502,751,758",0.00618478194642744,7,7057.34930876346,"252,501,751",0.00484992226543049,3,6955.18371033383,"252,501,751",0.00471558580305308,3,6954.9543893375,"252,501,751",0.00471558580487207,3,6954.9543893375,"252,501,751",0.00471558580305308,3,6954.95438933751,"252,501,751",0.00471558580328045,3,6954.9543893375,"252,501,751",0.00471558580271202,3,6954.95438933751,"252,501,751",0.00471558580180252,3,6954.9543893375,"252,501,751",0.00471558580362151,3,6954.9543893375,"252,501,751",0.00471558580430363,3,6954.95438933751,"252,501,751",0.00471558580669106,3,6954.95438933751,"162,252,358,501,720,751,866",7,94.903313929927,"162,252,358,501,720,751,866",7,94.903313929927,"162,252,358,501,720,751,866",7,94.903313929927
"251,501,751",0.005,3,6953.58981820783,"248,249,250,251,487,491,499,501,744,749,751,782",0.00608600933135035,12,7087.84870481651,"248,501,751",0.00575637563570718,3,6957.70808715485,"248,501,751",0.00508771798050092,3,6952.09225004019,"248,501,751",0.00508771798482102,3,6952.09225004021,"248,501,751",0.0050877179832294,3,6952.0922500402,"248,501,751",0.00508771798118304,3,6952.09225004019,"248,501,751",0.00508771798277466,3,6952.09225004021,"248,501,751",0.00508771798072829,3,6952.0922500402,"248,501,751",0.00508771798459365,3,6952.09225004021,"248,501,751",0.00508771798163779,3,6952.09225004019,"248,501,751",0.00508771798231991,3,6952.0922500402,"154,250,423,499,632,751,800,956",8,86.2953550701772,"154,249,423,501,632,744,800,956",8,88.4910364457227,"154,249,423,499,632,744,800,956",8,88.4810866814821
"251,501,751",0.005,3,6904.44539962529,"251,252,500,501,502,525,749,751",0.00622381280416236,8,6996.89913733901,"251,502,751",0.00507041544625718,3,6901.88493703915,"251,502,751",0.00502126792373321,3,6901.80660903249,"251,502,751",0.00502126791850362,3,6901.80660903249,"251,502,751",0.00502126791964049,3,6901.8066090325,"251,502,751",0.00502126791918574,3,6901.80660903249,"251,502,751",0.00502126791668463,3,6901.8066090325,"251,502,751",0.00502126792032261,3,6901.80660903249,"251,502,751",0.00502126791804887,3,6901.8066090325,"251,502,751",0.00502126792077736,3,6901.8066090325,"251,502,751",0.00502126791918574,3,6901.80660903249,"139,251,383,502,586,751,818",7,36.2001253686663,"139,251,383,502,586,751,818",7,36.2001253686663,"139,251,383,502,586,751,818",7,36.2001253686663
"251,501,751",0.005,3,6967.08011347123,"249,251,254,463,500,502,746,751,752",0.00658472007213851,9,7094.46093288162,"249,502,751",0.00583296023411711,3,6967.55146772842,"249,502,751",0.0050402877431032,3,6961.70256119696,"249,502,751",0.00504028774355795,3,6961.70256119696,"249,502,751",0.00504028773991997,3,6961.70256119697,"249,502,751",0.00504028774674118,3,6961.70256119695,"249,502,751",0.00504028774333058,3,6961.70256119696,"249,502,751",0.00504028774537694,3,6961.70256119695,"249,502,751",0.00504028774264845,3,6961.70256119696,"249,502,751",0.00504028775128865,3,6961.70256119693,"249,502,751",0.0050402877440127,3,6961.70256119696,"158,249,335,502,540,686,751,869",8,85.6900049576804,"158,254,370,502,540,665,751,869",8,90.5327597856762,"158,254,370,502,540,665,751,869",8,90.5327597856762
"251,501,751",0.005,3,6997.21779578818,"251,498,501,502,542,739,741,752,753",0.00489534119100649,9,7081.94554424185,"251,502,752",0.00393590549963361,3,6981.4892719551,"251,502,752",0.00387558713193016,3,6981.17233320226,"251,502,752",0.00387558713170279,3,6981.17233320226,"251,502,752",0.0038755871328965,3,6981.17233320226,"251,502,752",0.0038755871332944,3,6981.17233320226,"251,502,752",0.00387558712959958,3,6981.17233320225,"251,502,752",0.00387558713426074,3,6981.17233320226,"251,502,752",0.00387558713448811,3,6981.17233320226,"251,502,752",0.00387558713511339,3,6981.17233320227,"251,502,752",0.00387558713431758,3,6981.17233320227,"251,444,502,604,752,915",6,110.813391124407,"251,444,502,604,752,915",6,110.813391124407,"251,444,502,604,752,915",6,110.813391124407
"251,501,751",0.005,3,6978.4334932228,"251,498,501,508,748,751,753",0.00599229325476018,7,7054.96510788462,"251,501,751",0.00495673599656652,3,6977.3293433173,"251,501,751",0.00494738115444737,3,6977.32786324437,"251,501,751",0.0049473811569769,3,6977.32786324438,"251,501,751",0.00494738115382209,3,6977.32786324438,"251,501,751",0.00494738115186099,3,6977.32786324438,"251,501,751",0.00494738115311155,3,6977.32786324438,"251,501,751",0.0049473811582843,3,6977.32786324438,"251,501,751",0.00494738116138227,3,6977.32786324438,"251,501,751",0.00494738115692006,3,6977.32786324437,"251,501,751",0.00494738115899484,3,6977.32786324438,"200,251,438,501,627,751,879",7,116.872579692736,"200,251,438,501,627,751,879",7,116.872579692736,"200,251,438,501,627,751,879",7,116.872579692736
"251,501,751",0.005,3,6972.01956398987,"250,251,501,502,505,753",0.00650404717224879,6,7032.42293743977,"251,502,505,753",0.00523229572256001,4,6964.1659371952,"251,502,753",0.00511204484236603,3,6953.70031063429,"251,502,753",0.0050997757490213,3,6951.93970209525,"251,502,753",0.00509977574887919,3,6951.93970209524,"251,502,753",0.00509977574819707,3,6951.93970209524,"251,502,753",0.00509977574984553,3,6951.93970209525,"251,502,753",0.0050997757509824,3,6951.93970209524,"251,502,753",0.00509977574691809,3,6951.93970209524,"251,502,753",0.00509977575004448,3,6951.93970209525,"251,502,753",0.00509977574794127,3,6951.93970209524,"120,251,367,502,654,753,810",7,95.8906805518026,"120,251,367,502,654,753,810",7,95.8906805518026,"120,251,367,502,694,753,810",7,95.9267014933593
"251,501,751",0.005,3,7001.73442973507,"249,254,255,498,501,502,505,517,534,572,590,751,752,753",0.00715593309154469,14,7155.25767624639,"249,498,505,753",0.00628413727407679,4,7005.77549292635,"249,498,505,753",0.00601053309839297,4,7002.11863631044,"249,505,753",0.00574062791341307,3,6997.20662943927,"249,505,753",0.00584666242493701,3,6994.52156884382,"249,505,753",0.00584666242550544,3,6994.52156884383,"249,505,753",0.00584666242868868,3,6994.52156884383,"249,505,753",0.00584666243050767,3,6994.52156884383,"249,505,753",0.00584666242664231,3,6994.52156884382,"249,505,753",0.00584666242527807,3,6994.52156884383,"249,505,753",0.00584666242459595,3,6994.52156884383,"105,249,302,409,502,676,753,887",8,137.889982054921,"105,249,302,409,502,676,751,887",8,139.7649526396,"105,249,302,409,502,676,751,887",8,139.7649526396
"251,501,751",0.005,3,7015.23622593714,"249,250,255,269,501,509,750,751,756",0.00539480476305324,9,7098.46588422677,"249,501,750",0.00495775150782786,3,7008.75309956429,"249,501,750",0.0047563387711319,3,7008.30477551135,"249,501,750",0.0047563387702224,3,7008.30477551134,"249,501,750",0.00475633876726654,3,7008.30477551135,"249,501,750",0.00475633876749392,3,7008.30477551135,"249,501,750",0.00475633876772129,3,7008.30477551136,"249,501,750",0.00475633876954028,3,7008.30477551134,"249,501,750",0.00475633876726654,3,7008.30477551135,"249,501,750",0.0047563387668118,3,7008.30477551135,"249,501,750",0.00475633877295089,3,7008.30477551135,"33,249,318,447,501,583,750,926",8,142.089998417977,"33,250,318,447,501,583,750,926",8,143.895429324881,"33,250,318,447,501,583,750,926",8,143.895429324881
"251,501,751",0.005,3,6974.79749143801,"250,251,495,498,500,501,502,503,751",0.00556176560909338,9,7084.51192438549,"250,500,751",0.00414554639657521,3,6963.4070795662,"250,500,751",0.00414885197348519,3,6963.37780610038,"250,500,751",0.00414885197553156,3,6963.37780610038,"250,500,751",0.00414885197575893,3,6963.37780610037,"250,500,751",0.00414885197439469,3,6963.37780610037,"250,500,751",0.00414885196893772,3,6963.37780610037,"250,500,751",0.0041488519725757,3,6963.37780610037,"250,500,751",0.00414885196711873,3,6963.37780610037,"250,500,751",0.00414885197348519,3,6963.37780610038,"250,500,751",0.00414885197007459,3,6963.37780610038,"152,250,400,500,641,751,876",7,89.3579057050271,"152,250,400,500,641,751,876",7,89.3579057050271,"152,250,400,500,641,751,876",7,89.3579057050271
"251,501,751",0.005,3,7008.61530036922,"251,468,499,501,505,507,557,739,749,751,752",0.0068447223074757,11,7157.79293664071,"251,501,752",0.00536562807926542,3,7011.8552224129,"251,501,752",0.00505466047595996,3,7007.67593535286,"251,501,752",0.00505466047925688,3,7007.67593535286,"251,501,752",0.00505466048209905,3,7007.67593535286,"251,501,752",0.00505466048334961,3,7007.67593535286,"251,501,752",0.0050546604816443,3,7007.67593535285,"251,501,752",0.00505466048266748,3,7007.67593535286,"251,501,752",0.00505466048084849,3,7007.67593535286,"251,501,752",0.00505466048539597,3,7007.67593535287,"251,501,752",0.00505466048482753,3,7007.67593535287,"71,251,389,505,653,752,870",7,139.834614613931,"71,251,389,505,653,752,870",7,139.834614613931,"71,251,389,505,653,752,870",7,139.834614613931
"251,501,751",0.005,3,6924.11077680501,"238,249,251,496,501,505,543,583,750,751",0.00655640744567677,10,7024.93449795962,"251,501,750",0.00554480795116126,3,6923.23661019728,"251,501,750",0.00522330161802646,3,6921.72798408142,"251,501,750",0.00522330161535482,3,6921.72798408142,"251,501,750",0.00522330161430321,3,6921.72798408142,"251,501,750",0.00522330161464428,3,6921.72798408141,"251,501,750",0.00522330161342214,3,6921.72798408142,"251,501,750",0.00522330161086419,3,6921.72798408142,"251,501,750",0.00522330161725907,3,6921.72798408142,"251,501,750",0.00522330161350741,3,6921.72798408142,"251,501,750",0.00522330161529797,3,6921.72798408142,"132,251,441,501,696,751,858",7,58.4114396037839,"132,251,441,501,696,750,858",7,58.414021862946,"132,251,441,501,696,750,858",7,58.414021862946
"251,501,751",0.005,3,7019.85229901105,"229,245,251,253,500,501,744,751,759",0.00509827215206541,9,7093.37591143143,"251,501,751",0.00531247625163751,3,7015.16056906348,"251,501,751",0.00493945260633773,3,7013.58919012407,"251,501,751",0.0049394526065651,3,7013.58919012407,"251,501,751",0.00493945260508717,3,7013.58919012407,"251,501,751",0.00493945260770197,3,7013.58919012408,"251,501,751",0.00493945260770197,3,7013.58919012408,"251,501,751",0.00493945260724722,3,7013.58919012408,"251,501,751",0.00493945260599667,3,7013.58919012407,"251,501,751",0.0049394526065651,3,7013.58919012407,"251,501,751",0.00493945260474611,3,7013.58919012407,"125,132,251,415,501,625,751,856",8,158.618886284006,"125,134,251,415,501,625,751,856",8,158.903259378558,"134,251,415,501,625,751,856",7,158.694321492997
"251,501,751",0.005,3,6990.74937438228,"245,248,253,254,501,516,750,751",0.00659762838110213,8,7064.1159344285,"248,501,751",0.00609030036592808,3,6979.70542330386,"248,501,751",0.00548661354555768,3,6976.25104742239,"248,501,751",0.00548661353964596,3,6976.25104742239,"248,501,751",0.00548661353714485,3,6976.25104742238,"248,501,751",0.00548661353941859,3,6976.25104742239,"248,501,751",0.00548661353828172,3,6976.25104742238,"248,501,751",0.00548661353987334,3,6976.25104742238,"248,501,751",0.00548661353737223,3,6976.25104742239,"248,501,751",0.00548661353737223,3,6976.25104742238,"248,501,751",0.00548661354032809,3,6976.25104742239,"130,248,398,501,683,751,890",7,127.175185943978,"130,254,406,501,683,751,890",7,129.134471491928,"130,254,406,501,683,751,890",7,129.134471491928
"251,501,751",0.005,3,6924.79256803976,"250,453,488,495,501,502,511,751,754",0.00702360646606485,9,7009.4578657991,"250,501,511,751",0.00606922598240658,4,6926.57843967672,"250,501,751",0.00588888387908151,3,6917.78226452343,"250,501,751",0.0058344038866914,3,6917.39564272952,"250,501,751",0.00583440388919251,3,6917.39564272953,"250,501,751",0.00583440388816933,3,6917.39564272953,"250,501,751",0.00583440388760089,3,6917.39564272953,"250,501,751",0.0058344038910115,3,6917.39564272953,"250,501,751",0.00583440388748721,3,6917.39564272953,"250,501,751",0.00583440388725983,3,6917.39564272953,"250,501,751",0.00583440388816933,3,6917.39564272953,"85,250,428,501,604,751,819,932",8,64.0006300704143,"85,250,428,501,604,751,850",7,65.8199378785763,"85,250,428,501,604,751,850",7,65.8199378785763
"251,501,751",0.005,3,6939.83765674404,"239,244,252,253,256,489,496,497,501,502,750,752,759",0.00612237793790535,13,7063.67486154073,"253,496,502,750",0.00558452879941673,4,6930.06715548011,"253,496,502,750",0.00550938950947483,4,6929.9212802869,"253,502,750",0.0052727997002815,3,6925.14483905605,"253,502,750",0.00536216157076915,3,6922.75644830752,"253,502,750",0.00536216157167864,3,6922.75644830752,"253,502,750",0.00536216157315657,3,6922.75644830752,"253,502,750",0.00536216157258814,3,6922.75644830751,"253,502,750",0.00536216157241761,3,6922.75644830752,"253,502,750",0.00536216157281551,3,6922.75644830752,"253,502,750",0.00536216157281551,3,6922.75644830752,"134,253,398,501,633,750,937",7,69.0425214153182,"134,253,398,501,633,750,937",7,69.0425214153182,"134,253,398,501,633,750,937",7,69.0425214153182
"251,501,751",0.005,3,6931.54261423036,"251,252,501,506,747,750",0.00632765811113981,6,7002.58329205696,"251,501,750",0.00492113689836662,3,6912.05667873675,"251,501,750",0.00480206147001953,3,6911.87222458388,"251,501,750",0.00480206146638155,3,6911.87222458388,"251,501,750",0.00480206146916688,3,6911.87222458388,"251,501,750",0.00480206147087218,3,6911.87222458388,"251,501,750",0.00480206147109956,3,6911.87222458388,"251,501,750",0.00480206146933741,3,6911.87222458388,"251,501,750",0.00480206146763211,3,6911.87222458389,"251,501,750",0.00480206146950794,3,6911.87222458387,"251,501,750",0.00480206146979216,3,6911.87222458388,"190,252,395,501,649,750,893",7,51.3047989072288,"190,251,395,501,649,750,893",7,51.3081275512313,"190,251,395,501,649,750,893",7,51.3081275512313
"251,501,751",0.005,3,6985.75587035764,"208,248,249,251,257,439,498,501,503,506,509,751",0.00611932379574549,12,7121.67139678193,"251,257,501,503,751",0.00507804342553107,5,7008.15524484581,"251,503,751",0.00508897616858187,3,6986.27991702481,"251,503,751",0.00494898862721694,3,6985.19241375561,"251,503,751",0.00494898862608008,3,6985.1924137556,"251,503,751",0.00494898862335159,3,6985.19241375559,"251,503,751",0.00494898862528427,3,6985.1924137556,"251,503,751",0.00494898862596639,3,6985.19241375561,"251,503,751",0.004948988627558,3,6985.1924137556,"251,503,751",0.00494898862664851,3,6985.19241375561,"251,503,751",0.00494898862392003,3,6985.1924137556,"193,257,367,503,608,751,843",7,114.919336195417,"193,257,367,503,608,751,843",7,114.919336195417,"193,257,367,503,608,751,843",7,114.919336195417
"251,501,751",0.005,3,6944.15461430438,"248,251,501,502,517,529,750,751",0.00625501826667812,8,7049.04251329198,"251,501,751",0.00483706792773069,3,6942.91747973263,"251,501,751",0.00476380067995625,3,6942.81813679524,"251,501,751",0.00476380068052468,3,6942.81813679523,"251,501,751",0.00476380068086574,3,6942.81813679523,"251,501,751",0.00476380068109311,3,6942.81813679523,"251,501,751",0.00476380067938781,3,6942.81813679524,"251,501,751",0.00476380067995625,3,6942.81813679524,"251,501,751",0.00476380068348054,3,6942.81813679524,"251,501,751",0.0047638006812068,3,6942.81813679523,"251,501,751",0.00476380068166155,3,6942.81813679524,"158,251,388,501,660,751,858",7,84.0718483308627,"158,251,388,501,660,751,858",7,84.0718483308627,"158,251,388,501,660,751,858",7,84.0718483308627
"251,501,751",0.005,3,6904.05979609046,"251,454,497,501,503,746,751,752",0.00623667417009509,8,6992.12926490066,"251,501,751",0.0053571087972279,3,6904.60115963112,"251,501,751",0.00507306512609878,3,6901.83269536018,"251,501,751",0.00507306512837252,3,6901.83269536019,"251,501,751",0.00507306512666722,3,6901.83269536018,"251,501,751",0.00507306512609878,3,6901.83269536019,"251,501,751",0.00507306512462086,3,6901.83269536019,"251,501,751",0.00507306512393874,3,6901.83269536019,"251,501,751",0.0050730651250756,3,6901.83269536019,"251,501,751",0.00507306512621247,3,6901.83269536019,"251,501,751",0.00507306512655353,3,6901.83269536019,"91,251,338,501,666,751,926",7,43.4411255896756,"91,251,338,501,666,751,926",7,43.4411255896756,"91,251,338,501,666,751,926",7,43.4411255896756
"251,501,751",0.005,3,6917.83913054456,"248,250,251,256,430,501,502,506,751,752,753,754",0.00476602667249284,12,7029.26552395516,"251,501,752",0.00426463191747712,3,6898.5177772513,"251,501,752",0.00386481807836948,3,6895.96356394492,"251,501,752",0.00386481807912266,3,6895.96356394492,"251,501,752",0.0038648180786537,3,6895.96356394492,"251,501,752",0.0038648180787816,3,6895.96356394492,"251,501,752",0.00386481807919371,3,6895.96356394492,"251,501,752",0.00386481807834106,3,6895.96356394492,"251,501,752",0.00386481807866791,3,6895.96356394491,"251,501,752",0.00386481807902318,3,6895.96356394491,"251,501,752",0.00386481807908003,3,6895.96356394492,"173,251,376,501,631,752,847",7,29.604402163426,"173,251,376,501,631,753,847",7,30.3524131791411,"173,251,376,501,659,753,847",7,30.765130834998
"251,501,751",0.005,3,6994.4474272239,"244,248,250,460,496,499,500,501,512,751,753",0.0062633378432573,11,7113.5756625474,"250,500,753",0.00538614274835067,3,6994.97442495505,"250,500,753",0.00513277870531418,3,6987.75822018951,"250,500,753",0.00513277871193644,3,6987.7582201895,"250,500,753",0.00513277870764476,3,6987.75822018951,"250,500,753",0.00513277870969112,3,6987.7582201895,"250,500,753",0.00513277870335308,3,6987.75822018951,"250,500,753",0.00513277870289833,3,6987.75822018951,"250,500,753",0.00513277870525734,3,6987.7582201895,"250,500,753",0.00513277870684895,3,6987.7582201895,"250,500,753",0.00513277870630894,3,6987.7582201895,"83,250,428,500,584,692,753,940",8,126.856355527502,"83,250,428,500,646,751,940",7,131.597368792712,"83,250,428,500,646,751,940",7,131.597368792712
"251,501,751",0.005,3,6994.43396456108,"244,249,250,251,499,501,751,752",0.00652127857758711,8,7089.91866734382,"251,501,751",0.00558415408584793,3,6989.09815545733,"251,501,751",0.00530410780922921,3,6988.41234385893,"251,501,751",0.00530410780365856,3,6988.41234385895,"251,501,751",0.00530410779967952,3,6988.41234385895,"251,501,751",0.00530410780434068,3,6988.41234385894,"251,501,751",0.00530410780479542,3,6988.41234385894,"251,501,751",0.00530410780183957,3,6988.41234385895,"251,501,751",0.0053041078067281,3,6988.41234385894,"251,501,751",0.00530410780195325,3,6988.41234385895,"251,501,751",0.00530410780354487,3,6988.41234385895,"143,250,325,459,501,639,751,887",8,136.65821720522,"143,251,329,459,501,639,751,887",8,138.086477526473,"143,251,329,459,501,639,751,887",8,138.086477526473
"251,501,751",0.005,3,6914.74991274143,"241,243,251,253,492,499,500,504,751,752",0.00621380995606215,10,7028.10428332089,"241,253,500,752",0.00503477629434004,4,6907.81719070405,"241,253,500,752",0.00475232099890425,4,6906.32775055493,"241,253,500,752",0.00475232099929505,4,6906.32775055493,"241,253,500,752",0.00475232100081561,4,6906.32775055493,"241,253,500,752",0.00475232099920046,4,6906.32775055493,"241,500,752",0.00524186896672673,3,6906.29551552264,"241,500,752",0.00505621658872322,3,6905.97308622339,"241,500,752",0.00505621658485787,3,6905.97308622339,"241,500,752",0.00505621658497156,3,6905.97308622338,"241,500,752",0.00505621658741582,3,6905.97308622337,"135,241,253,370,500,575,752,852",8,29.361084094624,"135,241,251,370,500,575,752,852",8,30.9364325425058,"135,241,251,370,500,575,752,852",8,30.9364325425058
"251,501,751",0.005,3,6959.73391448231,"247,251,436,501,502,513,751",0.00578967134833115,7,7044.03450809278,"251,501,751",0.00449757679486334,3,6955.92164510157,"251,501,751",0.00441775175957453,3,6955.70164551818,"251,501,751",0.00441775175889241,3,6955.70164551818,"251,501,751",0.00441775175866503,3,6955.70164551817,"251,501,751",0.00441775175752816,3,6955.70164551817,"251,501,751",0.00441775175741448,3,6955.70164551817,"251,501,751",0.00441775176059771,3,6955.70164551818,"251,501,751",0.00441775175900609,3,6955.70164551817,"251,501,751",0.00441775175934715,3,6955.70164551817,"251,501,751",0.00441775175525443,3,6955.70164551817,"94,251,475,501,581,751,885",7,90.9331052106065,"94,251,475,501,581,751,885",7,90.9331052106065,"94,251,475,501,581,751,885",7,90.9331052106065
"251,501,751",0.005,3,6870.85202606406,"248,251,493,500,501,504,514,518,536,732,751",0.00558331809935459,11,6989.03439696255,"251,501,751",0.00475981920088658,3,6869.26977236223,"251,501,751",0.00473278231060298,3,6869.24963750556,"251,501,751",0.00473278231287672,3,6869.24963750557,"251,501,751",0.00473278231173985,3,6869.24963750556,"251,501,751",0.00473278231287672,3,6869.24963750557,"251,501,751",0.00473278231355884,3,6869.24963750556,"251,501,751",0.00473278231196722,3,6869.24963750556,"251,501,751",0.00473278231355884,3,6869.24963750557,"251,501,751",0.00473278231105773,3,6869.24963750556,"251,501,751",0.00473278230878399,3,6869.24963750555,"116,251,363,501,629,751,866",7,14.9581651476217,"116,251,363,501,629,751,866",7,14.9581651476217,"116,251,363,501,629,751,866",7,14.9581651476217
"251,501,751",0.005,3,6904.85575041881,"249,251,255,465,474,479,498,501,502,567,751",0.00688002185773635,11,7031.28641196558,"249,501,751",0.00583598497463293,3,6903.21822117104,"249,501,751",0.00534879685115425,3,6900.49061379787,"249,501,751",0.0053487968489942,3,6900.49061379787,"249,501,751",0.00534879684888051,3,6900.49061379787,"249,501,751",0.00534879685058581,3,6900.49061379787,"249,501,751",0.0053487968533143,3,6900.49061379787,"249,501,751",0.00534879685001738,3,6900.49061379787,"249,501,751",0.00534879684797102,3,6900.49061379787,"249,501,751",0.0053487968506995,3,6900.49061379787,"249,501,751",0.0053487968506995,3,6900.49061379787,"97,251,386,501,603,751,877",7,31.603877549871,"97,249,386,501,603,751,877",7,33.555066460147,"97,249,386,501,603,751,877",7,33.555066460147
"251,501,751",0.005,3,7005.02774431081,"247,251,252,501,503,505,746,750,751",0.00558989630178231,9,7115.73047825374,"251,501,751",0.00463923866735676,3,6996.44441490782,"251,501,751",0.00426356748138844,3,6994.87303709329,"251,501,751",0.00426356748161581,3,6994.87303709328,"251,501,751",0.00426356748411692,3,6994.87303709329,"251,501,751",0.00426356748252531,3,6994.87303709327,"251,501,751",0.00426356748184318,3,6994.87303709328,"251,501,751",0.00426356748093369,3,6994.87303709329,"251,501,751",0.00426356748434429,3,6994.87303709327,"251,501,751",0.00426356748093369,3,6994.87303709329,"251,501,751",0.00426356748229793,3,6994.87303709329,"54,251,426,501,702,751",6,125.513955953161,"54,251,426,501,702,751",6,125.513955953161,"54,251,426,501,702,751",6,125.513955953161
"251,501,751",0.005,3,6923.09409399967,"219,230,251,486,500,501,600,751,758,777",0.00682753588004036,10,7027.48716635157,"251,501,751",0.00638861182443091,3,6918.99438237228,"251,501,751",0.00588150125385298,3,6915.6642132298,"251,501,751",0.00588150125362561,3,6915.6642132298,"251,501,751",0.00588150125044238,3,6915.6642132298,"251,501,751",0.00588150125498985,3,6915.66421322981,"251,501,751",0.00588150125464879,3,6915.6642132298,"251,501,751",0.00588150125578566,3,6915.66421322981,"251,501,751",0.00588150125214768,3,6915.6642132298,"251,501,751",0.00588150125248874,3,6915.6642132298,"251,501,751",0.00588150125498985,3,6915.66421322981,"161,251,427,501,547,751,787,882",8,69.3247210314502,"161,251,427,501,530,663,758,882",8,77.3204676274361,"161,251,427,501,663,758,882",7,78.6622062169046
"251,501,751",0.005,3,7013.66361974317,"248,250,253,272,500,501,517,520,750,751,760",0.00593471900332436,11,7134.98966859029,"250,501,751",0.00513944079619446,3,7009.59672136196,"250,501,751",0.00498621261312579,3,7009.11537525239,"250,501,751",0.00498621261193207,3,7009.11537525238,"250,501,751",0.00498621261557005,3,7009.11537525238,"250,501,751",0.00498621261289841,3,7009.11537525239,"250,501,751",0.00498621261460372,3,7009.11537525238,"250,501,751",0.00498621261363738,3,7009.11537525239,"250,501,751",0.00498621261147733,3,7009.11537525239,"250,501,751",0.00498621261284157,3,7009.11537525239,"250,501,751",0.0049862126160248,3,7009.11537525238,"71,250,314,501,675,751,907",7,141.965420657894,"71,250,314,501,675,751,907",7,141.965420657894,"68,250,314,501,675,751,907",7,141.978026139928
"251,501,751",0.005,3,6983.17627563205,"249,468,492,498,501,750,757",0.00670103984448204,7,7053.34816436388,"249,501,750",0.00533671504077817,3,6963.39465562718,"249,501,750",0.00520988241732367,3,6963.02996891797,"249,501,750",0.0052098824188016,3,6963.02996891797,"249,501,750",0.00520988241942687,3,6963.02996891798,"249,501,750",0.00520988241823316,3,6963.02996891797,"249,501,750",0.00520988241942687,3,6963.02996891797,"249,501,750",0.0052098824191995,3,6963.02996891797,"249,501,750",0.00520988241857422,3,6963.02996891797,"249,501,750",0.00520988241925634,3,6963.02996891798,"249,501,750",0.00520988241840369,3,6963.02996891797,"114,249,368,501,644,750,937",7,103.231016396805,"114,249,368,501,644,750,937",7,103.231016396805,"114,249,368,501,644,750,937",7,103.231016396805
"251,501,751",0.005,3,6930.0378146833,"251,444,501,749,751,752,762",0.00616189563616728,7,7005.92880747558,"251,501,752",0.00605832169830379,3,6936.07914983745,"251,501,752",0.00513917038419923,3,6927.60158019469,"251,501,752",0.00513917038471082,3,6927.60158019469,"251,501,752",0.00513917038556347,3,6927.60158019469,"251,501,752",0.00513917038451187,3,6927.60158019469,"251,501,752",0.00513917038485293,3,6927.60158019469,"251,501,752",0.00513917038471082,3,6927.60158019469,"251,501,752",0.0051391703827213,3,6927.60158019469,"251,501,752",0.00513917038527925,3,6927.60158019468,"251,501,752",0.00513917038596138,3,6927.60158019468,"129,251,306,501,545,751,892",7,76.9831742151951,"129,251,306,501,545,749,892",7,79.3776822908488,"129,251,306,501,545,749,892",7,79.3776822908488
"251,501,751",0.005,3,6973.12133863305,"234,251,254,256,479,491,500,501,502,751,752,761",0.00662415208063723,12,7105.55854099607,"251,501,751",0.00576302104141723,3,6966.05459524842,"251,501,751",0.00566941021393936,3,6965.91754532046,"251,501,751",0.00566941021371198,3,6965.91754532045,"251,501,751",0.00566941021467832,3,6965.91754532045,"251,501,751",0.00566941021405304,3,6965.91754532045,"251,501,751",0.00566941021354145,3,6965.91754532045,"251,501,751",0.00566941021365514,3,6965.91754532045,"251,501,751",0.0056694102139962,3,6965.91754532045,"251,501,751",0.00566941021575835,3,6965.91754532045,"251,501,751",0.00566941021371198,3,6965.91754532045,"95,251,387,501,596,751,921",7,119.466227371729,"95,251,387,501,596,751,921",7,119.466227371729,"95,251,387,501,596,751,921",7,119.466227371729
"251,501,751",0.005,3,6937.88247716677,"251,501,503,751",0.00630955541744472,4,6982.16007690961,"251,501,751",0.00498379026575768,3,6928.32075358807,"251,501,751",0.00495353788310436,3,6928.29985995513,"251,501,751",0.00495353788378648,3,6928.29985995512,"251,501,751",0.00495353788333173,3,6928.29985995513,"251,501,751",0.0049535378827633,3,6928.29985995513,"251,501,751",0.00495353788401385,3,6928.29985995513,"251,501,751",0.00495353788230855,3,6928.29985995513,"251,501,751",0.00495353788162643,3,6928.29985995513,"251,501,751",0.00495353788412754,3,6928.29985995513,"251,501,751",0.00495353788378648,3,6928.29985995513,"125,251,287,483,501,606,751,930",8,64.1113035381422,"125,251,372,501,606,751,930",7,66.5101149269464,"125,251,372,501,606,751,930",7,66.5101149269464
"251,501,751",0.005,3,7008.30864671445,"251,501,502,503,750,751",0.00692660080690487,6,7104.58965390091,"251,502,751",0.0052431574054121,3,6998.5104538656,"251,502,751",0.00516419903990271,3,6998.44063534164,"251,502,751",0.00516419903012565,3,6998.44063534162,"251,502,751",0.00516419903171726,3,6998.44063534161,"251,502,751",0.00516419903671948,3,6998.44063534163,"251,502,751",0.0051641990374016,3,6998.44063534164,"251,502,751",0.00516419903785635,3,6998.44063534164,"251,502,751",0.0051641990374016,3,6998.44063534164,"251,502,751",0.00516419902944353,3,6998.4406353416,"251,502,751",0.0051641990374016,3,6998.44063534163,"139,251,371,502,628,751,923",7,131.171496071455,"139,251,371,502,628,750,923",7,132.186397976038,"139,251,371,502,628,750,923",7,132.186397976038
"251,501,751",0.005,3,6943.1813638775,"61,250,251,481,499,501,503,516,554,568,735,750,756,757,759",0.00589807387715468,15,7088.29663901462,"251,499,503,750",0.00560103493017989,4,6962.75377641112,"251,499,750",0.00495457969488119,3,6942.05035767652,"251,499,750",0.00480337433716706,3,6940.36695068701,"251,499,750",0.00480337433216484,3,6940.36695068701,"251,499,750",0.00480337433261958,3,6940.36695068701,"251,499,750",0.00480337432807211,3,6940.36695068702,"251,499,750",0.00480337432761736,3,6940.36695068701,"251,499,750",0.00480337433580282,3,6940.36695068702,"251,499,750",0.00480337433989554,3,6940.36695068702,"251,499,750",0.00480337433489332,3,6940.36695068702,"191,251,363,501,707,756,931",7,60.8450622529599,"191,251,363,501,707,750,931",7,66.5665361228864,"191,251,363,501,707,750,931",7,66.5665361228864
"251,501,751",0.005,3,6936.59911053286,"224,228,248,251,500,502,532,751,752,756,767",0.00566081961237866,11,7052.69510491083,"251,500,751",0.0049375883094457,3,6922.81379463265,"251,500,751",0.00476421494084585,3,6922.41319828851,"251,500,751",0.00476421493914055,3,6922.41319828851,"251,500,751",0.00476421493840158,3,6922.41319828851,"251,500,751",0.00476421493879949,3,6922.4131982885,"251,500,751",0.00476421493902686,3,6922.41319828851,"251,500,751",0.00476421493993635,3,6922.4131982885,"251,500,751",0.00476421493834474,3,6922.41319828851,"251,500,751",0.00476421494027741,3,6922.41319828851,"251,500,751",0.004764214940789,3,6922.41319828851,"133,251,405,500,562,703,751,809",8,58.5552460164823,"133,251,405,500,562,703,751,809",8,58.5552460164823,"133,251,405,500,562,703,751,809",8,58.5552460164823
"251,501,751",0.005,3,6983.6147503758,"232,242,251,252,484,501,751",0.00720812570644072,7,7081.21177059677,"251,501,751",0.00591091276677763,3,6977.96888980309,"251,501,751",0.00558845941750185,3,6976.98394549705,"251,501,751",0.00558845941707552,3,6976.98394549704,"251,501,751",0.00558845941872398,3,6976.98394549704,"251,501,751",0.00558845941744501,3,6976.98394549705,"251,501,751",0.00558845941866714,3,6976.98394549705,"251,501,751",0.00558845941818397,3,6976.98394549705,"251,501,751",0.00558845941831187,3,6976.98394549705,"251,501,751",0.00558845941906504,3,6976.98394549705,"251,501,751",0.00558845941878083,3,6976.98394549705,"90,213,252,361,501,639,751,925",8,111.659682904151,"90,213,251,361,501,639,751,925",8,111.915983589958,"90,213,251,361,501,639,751,925",8,111.915983589958
"251,501,751",0.005,3,6879.16633502468,"251,457,495,501,502,521,737,743,744,752",0.00616022094419302,10,7001.41710011659,"251,502,752",0.00478428296448174,3,6880.65663143259,"251,502,752",0.0047668397185784,3,6877.12866912236,"251,502,752",0.00476683971926052,3,6877.12866912236,"251,502,752",0.00476683971482673,3,6877.12866912236,"251,502,752",0.00476683971346249,3,6877.12866912236,"251,502,752",0.00476683971710047,3,6877.12866912236,"251,502,752",0.00476683971550885,3,6877.12866912236,"251,502,752",0.00476683971789628,3,6877.12866912236,"251,502,752",0.00476683971926052,3,6877.12866912236,"251,502,752",0.0047668397168731,3,6877.12866912236,"102,251,355,501,678,752,876",7,19.6515960602782,"102,251,355,501,678,752,876",7,19.6515960602782,"102,251,355,501,678,752,876",7,19.6515960602782
"251,501,751",0.005,3,7019.39810382123,"243,250,251,496,501,502,507,751,753",0.00616022274899988,9,7121.36177192527,"251,501,753",0.00601444356789676,3,7026.08579715067,"251,501,753",0.00498173326003404,3,7014.0164131272,"251,501,753",0.00498173326549101,3,7014.01641312718,"251,501,753",0.00498173326435414,3,7014.01641312718,"251,501,753",0.00498173326117091,3,7014.0164131272,"251,501,753",0.00498173326230777,3,7014.01641312719,"251,501,753",0.0049817332620804,3,7014.01641312719,"251,501,753",0.00498173326298989,3,7014.01641312719,"251,501,753",0.0049817332586698,3,7014.0164131272,"251,501,753",0.00498173326014772,3,7014.0164131272,"129,250,384,501,596,751,859",7,160.757881978596,"129,250,384,501,596,751,859",7,160.757881978596,"129,250,384,501,596,751,859",7,160.757881978596
"251,501,751",0.005,3,6975.37643194466,"251,463,501,746,751,752,763",0.00608547642631814,7,7067.78017439368,"251,501,751",0.00481197198153504,3,6969.97138433154,"251,501,751",0.00470356474437285,3,6969.84849902322,"251,501,751",0.00470356474494128,3,6969.84849902322,"251,501,751",0.00470356474113278,3,6969.84849902322,"251,501,751",0.00470356474738555,3,6969.84849902321,"251,501,751",0.00470356474215596,3,6969.84849902322,"251,501,751",0.00470356474965929,3,6969.84849902322,"251,501,751",0.00470356474602131,3,6969.84849902321,"251,501,751",0.00470356474636237,3,6969.84849902321,"251,501,751",0.00470356474374757,3,6969.84849902322,"86,251,362,501,643,751,873",7,104.192166948139,"86,251,362,501,643,751,873",7,104.192166948139,"86,251,362,501,643,751,873",7,104.192166948139
"251,501,751",0.005,3,6962.81570391918,"242,250,252,259,501,520,749,750",0.00604110165628001,8,7059.11986064334,"242,250,501,750",0.00540986447692046,4,6969.94966779069,"250,501,750",0.00527221174676756,3,6956.6551510055,"250,501,750",0.00469373974077644,3,6953.78591792617,"250,501,750",0.00469373973350048,3,6953.78591792615,"250,501,750",0.00469373974168594,3,6953.78591792618,"250,501,750",0.00469373974168594,3,6953.78591792617,"250,501,750",0.00469373973622897,3,6953.78591792616,"250,501,750",0.00469373974077644,3,6953.78591792617,"250,501,750",0.0046937397394122,3,6953.78591792617,"250,501,750",0.00469373973713846,3,6953.78591792617,"113,250,399,501,679,750,896",7,86.5422206317213,"113,252,399,501,679,750,896",7,86.8117853662212,"113,252,399,501,679,750,896",7,86.8117853662212
"251,501,751",0.005,3,7017.9496623039,"251,252,486,497,501,504,540,751",0.00689862872210017,8,7150.76276586107,"251,501,751",0.00500938288236605,3,7014.72583709196,"251,501,751",0.00496807808590333,3,7014.7079230716,"251,501,751",0.00496807809113292,3,7014.70792307161,"251,501,751",0.00496807808635808,3,7014.70792307162,"251,501,751",0.00496807808522121,3,7014.7079230716,"251,501,751",0.00496807809181505,3,7014.70792307162,"251,501,751",0.0049680780861307,3,7014.70792307161,"251,501,751",0.00496807808726757,3,7014.7079230716,"251,501,751",0.00496807808794969,3,7014.70792307161,"251,501,751",0.0049680780870402,3,7014.7079230716,"110,251,381,501,656,751,797,929",8,143.031516160721,"110,251,381,501,656,751,797,929",8,143.031516160721,"110,251,380,501,656,751,797,929",8,143.058750244259
"251,501,751",0.005,3,7027.28902166202,"243,250,499,501,509,744,751,759",0.00613858882213632,8,7104.49965629999,"250,501,751",0.00523266643163416,3,7015.47082584462,"250,501,751",0.00500701214800193,3,7014.43294080625,"250,501,751",0.00500701214800193,3,7014.43294080624,"250,501,751",0.0050070121473198,3,7014.43294080625,"250,501,751",0.00500701215095778,3,7014.43294080624,"250,501,751",0.00500701214982092,3,7014.43294080625,"250,501,751",0.00500701214959354,3,7014.43294080625,"250,501,751",0.00500701214845667,3,7014.43294080625,"250,501,751",0.00500701215118516,3,7014.43294080625,"250,501,751",0.00500701214618294,3,7014.43294080625,"72,250,378,501,620,751,857",7,139.240410255411,"72,250,378,501,620,751,857",7,139.240410255411,"72,250,378,501,620,751,857",7,139.240410255411
"251,501,751",0.005,3,7012.34675001605,"235,251,272,498,501,751",0.00585315575671259,6,7056.56925667438,"251,501,751",0.00562901624084219,3,7009.42510149286,"251,501,751",0.00526396410653678,3,7007.82242860442,"251,501,751",0.00526396410767365,3,7007.82242860442,"251,501,751",0.00526396410809998,3,7007.82242860442,"251,501,751",0.00526396410946422,3,7007.82242860442,"251,501,751",0.0052639641090379,3,7007.82242860442,"251,501,751",0.00526396410923685,3,7007.82242860442,"251,501,751",0.00526396410855473,3,7007.82242860442,"251,501,751",0.00526396410480306,3,7007.82242860442,"251,501,751",0.00526396410443358,3,7007.82242860441,"53,251,272,408,501,597,751,912",8,149.785871588163,"53,251,272,408,501,597,751,912",8,149.785871588163,"53,251,272,408,501,597,751,912",8,149.785871588163
"251,501,751",0.005,3,6964.08374647523,"246,247,248,249,251,252,501,502,752",0.00659828276511949,9,7101.20343142725,"249,501,752",0.00515442132586499,3,6958.0760211296,"249,501,752",0.00492750966082139,3,6957.45004156583,"249,501,752",0.00492750966150351,3,6957.45004156584,"249,501,752",0.00492750966900684,3,6957.45004156582,"249,501,752",0.00492750966809735,3,6957.45004156581,"249,501,752",0.00492750966514149,3,6957.45004156583,"249,501,752",0.00492750966832472,3,6957.45004156582,"249,501,752",0.00492750966423199,3,6957.45004156583,"249,501,752",0.00492750966195826,3,6957.45004156583,"249,501,752",0.00492750966605098,3,6957.45004156583,"141,249,390,501,608,752,871",7,85.1154148069704,"141,248,390,501,608,752,871",7,86.0833364208715,"141,248,390,501,608,752,838",7,89.1321368021557
"251,501,751",0.005,3,6945.59866905886,"232,246,247,248,251,253,476,499,501,505,514,750,751",0.00564362506699281,13,7087.94072724945,"251,501,750",0.00595580528282644,3,6957.96822309222,"251,501,750",0.00481118844172162,3,6944.51262453056,"251,501,750",0.00481118844052791,3,6944.51262453056,"251,501,750",0.0048111884393342,3,6944.51262453056,"251,501,750",0.00481118843956157,3,6944.51262453056,"251,501,750",0.00481118844126687,3,6944.51262453056,"251,501,750",0.00481118843831101,3,6944.51262453056,"251,501,750",0.00481118843967526,3,6944.51262453056,"251,501,750",0.00481118843870892,3,6944.51262453056,"251,501,750",0.00481118843995947,3,6944.51262453056,"180,251,380,501,632,750,849",7,77.3923245094494,"124,248,380,501,632,750,849",7,78.9861693216911,"124,248,380,501,632,750,849",7,78.9861693216911
"251,501,751",0.005,3,6924.4878617149,"250,251,252,491,500,501,502,515,751",0.00635419963270629,9,7040.46616696598,"251,501,751",0.00498997761706132,3,6920.69191392376,"251,501,751",0.00496556392459283,3,6920.6292475601,"251,501,751",0.0049655639248202,3,6920.6292475601,"251,501,751",0.00496556392300121,3,6920.6292475601,"251,501,751",0.00496556392368333,3,6920.6292475601,"251,501,751",0.00496556391754425,3,6920.6292475601,"251,501,751",0.0049655639214096,3,6920.6292475601,"251,501,751",0.00496556392732131,3,6920.6292475601,"251,501,751",0.00496556392345596,3,6920.6292475601,"251,501,751",0.00496556392641182,3,6920.6292475601,"202,251,419,501,582,751,891",7,60.6234677091797,"202,251,419,501,582,751,891",7,60.6234677091797,"202,251,419,501,582,751,891",7,60.6234677091797
"251,501,751",0.005,3,6963.8151223922,"251,252,501,502,510,750,760",0.00533385119151462,7,7020.30335653515,"251,501,750",0.00473393551205459,3,6956.85125092204,"251,501,750",0.00466972491122008,3,6956.7303111086,"251,501,750",0.00466972491667705,3,6956.7303111086,"251,501,750",0.00466972491281169,3,6956.7303111086,"251,501,750",0.00466972490962846,3,6956.73031110859,"251,501,750",0.00466972491144745,3,6956.7303111086,"251,501,750",0.00466972490917372,3,6956.73031110861,"251,501,750",0.00466972491144745,3,6956.73031110859,"251,501,750",0.00466972490917372,3,6956.7303111086,"251,501,750",0.00466972491053796,3,6956.7303111086,"140,251,405,501,622,750,971",7,84.9002747085501,"140,251,405,501,622,750,971",7,84.9002747085501,"140,251,405,501,622,750,971",7,84.9002747085501
"251,501,751",0.005,3,6979.27559149223,"251,499,501,514,543,751",0.0076860328620446,6,7061.39511975965,"251,499,501,751",0.00609047168110509,4,6981.33290422948,"251,499,501,751",0.00594423363757169,4,6980.82548060516,"251,501,751",0.00588866819310542,3,6969.05898952682,"251,501,751",0.00590198037491092,3,6968.55550979357,"251,501,751",0.00590198037570673,3,6968.55550979357,"251,501,751",0.00590198037138663,3,6968.55550979358,"251,501,751",0.00590198037718466,3,6968.55550979357,"251,501,751",0.00590198037491092,3,6968.55550979358,"251,501,751",0.00590198037582042,3,6968.55550979357,"251,501,751",0.00590198037331931,3,6968.55550979357,"78,251,353,501,620,751,833",7,113.036329199884,"78,251,353,501,620,751,833",7,113.036329199884,"78,251,353,501,620,751,828",7,113.117146200234
"251,501,751",0.005,3,6991.71235230194,"250,251,252,255,500,501,505,511,751,752",0.00636125285511194,10,7101.82340271888,"251,500,505,752",0.00529903304743824,4,6993.73326675679,"251,500,505,752",0.00525182869104851,4,6993.67886297438,"251,505,752",0.00485950231775408,3,6987.31877408687,"251,505,752",0.00514127571665675,3,6983.91857940832,"251,505,752",0.00514127571370089,3,6983.91857940831,"251,505,752",0.00514127571893049,3,6983.91857940832,"251,505,752",0.00514127571961261,3,6983.91857940832,"251,505,752",0.00514127571551988,3,6983.91857940831,"251,505,752",0.00514127571392827,3,6983.91857940832,"251,505,752",0.00514127571938524,3,6983.91857940832,"166,251,303,454,505,558,709,752,866",9,120.903383029612,"166,251,303,454,505,558,709,752,866",9,120.903383029612,"166,251,303,454,505,558,709,752,866",9,120.903383029612
"251,501,751",0.005,3,6908.03244011238,"225,251,433,481,495,500,501,502,506,751,754",0.00684927617794977,11,7012.71239251462,"251,501,751",0.00592892530972969,3,6896.89182079894,"251,501,751",0.00577542506120885,3,6895.86988769329,"251,501,751",0.00577542506001514,3,6895.8698876933,"251,501,751",0.00577542506170623,3,6895.8698876933,"251,501,751",0.00577542505688875,3,6895.86988769329,"251,501,751",0.00577542506307047,3,6895.86988769329,"251,501,751",0.00577542506200466,3,6895.8698876933,"251,501,751",0.00577542505444449,3,6895.8698876933,"251,501,751",0.00577542506439208,3,6895.86988769329,"251,501,751",0.00577542506062621,3,6895.86988769329,"12,166,251,368,501,584,751,890",8,31.2062843776959,"12,166,251,368,501,584,751,890",8,31.2062843776959,"12,166,251,368,501,584,751,890",8,31.2062843776959
"251,501,751",0.005,3,6944.50475170845,"251,500,501,751,763",0.00707154719965694,5,7017.09712460348,"251,501,751",0.00565604404203171,3,6938.39493084951,"251,501,751",0.00557079597780599,3,6938.30408893278,"251,501,751",0.00557079598007972,3,6938.30408893279,"251,501,751",0.00557079598189871,3,6938.30408893279,"251,501,751",0.00557079597803336,3,6938.30408893278,"251,501,751",0.00557079597894286,3,6938.30408893279,"251,501,751",0.00557079597780599,3,6938.30408893279,"251,501,751",0.00557079597871548,3,6938.30408893279,"251,501,751",0.00557079597917023,3,6938.30408893279,"251,501,751",0.00557079598098922,3,6938.30408893278,"86,251,379,501,567,751,925",7,83.6062613528334,"86,251,379,501,567,751,925",7,83.6062613528334,"82,251,379,501,567,751,925",7,83.9255526349811
"251,501,751",0.005,3,6944.40012421008,"250,251,252,502,751,752,754,756",0.00599975098837849,8,7049.20045773493,"250,502,754",0.00568350444391006,3,6944.31546674565,"250,502,754",0.00456954899304736,3,6932.44411816188,"250,502,754",0.00456954898952307,3,6932.44411816188,"250,502,754",0.00456954899094415,3,6932.44411816189,"250,502,754",0.00456954899014834,3,6932.44411816189,"250,502,754",0.00456954898975044,3,6932.44411816189,"250,502,754",0.0045695489917968,3,6932.44411816189,"250,502,754",0.00456954899083046,3,6932.44411816188,"250,502,754",0.00456954898997781,3,6932.44411816189,"250,502,754",0.00456954899293367,3,6932.44411816189,"190,251,409,502,583,754,878",7,72.8576051113575,"190,251,409,502,583,754,878",7,72.8576051113575,"190,251,409,502,583,754,878",7,72.8576051113575
"251,501,751",0.005,3,6997.40911060334,"242,243,251,490,496,501,502,517,751,765",0.00591060328209315,10,7130.54330201307,"251,501,751",0.00456487993970854,3,6992.63539949411,"251,501,751",0.00450732835300983,3,6992.53684833112,"251,501,751",0.00450732835244139,3,6992.53684833112,"251,501,751",0.00450732835151769,3,6992.53684833112,"251,501,751",0.00450732835451618,3,6992.53684833112,"251,501,751",0.00450732835282509,3,6992.53684833112,"251,501,751",0.0045073283528393,3,6992.53684833112,"251,501,751",0.00450732835451618,3,6992.53684833112,"251,501,751",0.00450732835659096,3,6992.53684833111,"251,501,751",0.00450732835589463,3,6992.53684833112,"147,251,450,501,562,751,791",7,124.052583295161,"147,251,450,501,562,751,791",7,124.052583295161,"147,251,450,501,562,751,791",7,124.052583295161
"251,501,751",0.005,3,6960.25851486436,"250,251,501,567,725,747,750,751",0.00532135420471984,8,7035.30911553275,"251,501,751",0.0049171638739058,3,6957.44598889431,"251,501,751",0.00444877560593495,3,6954.86632599059,"251,501,751",0.00444877560343384,3,6954.86632599059,"251,501,751",0.00444877560820868,3,6954.8663259906,"251,501,751",0.00444877560945924,3,6954.8663259906,"251,501,751",0.00444877560854974,3,6954.86632599059,"251,501,751",0.00444877560684444,3,6954.8663259906,"251,501,751",0.00444877561025505,3,6954.8663259906,"251,501,751",0.00444877560627601,3,6954.86632599059,"251,501,751",0.00444877561173297,3,6954.8663259906,"100,251,422,501,725,751,921",7,78.3011088340178,"100,251,422,501,725,750,921",7,79.4367855254762,"100,251,422,501,725,750,921",7,79.4367855254762
"251,501,751",0.005,3,6954.89939671968,"250,251,500,501,506,507,751",0.00692342405547899,7,7060.56785014661,"251,501,751",0.00533811604805659,3,6950.4782233042,"251,501,751",0.00533382713019279,3,6950.47799865437,"251,501,751",0.00533382712934014,3,6950.47799865438,"251,501,751",0.00533382713042016,3,6950.47799865439,"251,501,751",0.00533382712797589,3,6950.47799865438,"251,501,751",0.00533382712729377,3,6950.47799865438,"251,501,751",0.00533382713098859,3,6950.47799865438,"251,501,751",0.00533382712473582,3,6950.47799865437,"251,501,751",0.00533382712558847,3,6950.47799865438,"251,501,751",0.00533382712882854,3,6950.47799865438,"144,251,382,501,682,751,842",7,89.6505302439208,"144,251,382,501,682,751,842",7,89.6505302439208,"144,251,382,501,682,751,842",7,89.6505302439208
"251,501,751",0.005,3,6899.52785881873,"250,251,495,499,503,504,505,520,527,529,750,751",0.00577778718514282,12,7037.51448948882,"250,499,750",0.00543967930045395,3,6902.72514939899,"250,499,750",0.00448906640902267,3,6885.86350097253,"250,499,750",0.00448906641288803,3,6885.86350097255,"250,499,750",0.00448906640834055,3,6885.86350097254,"250,499,750",0.00448906641061429,3,6885.86350097253,"250,499,750",0.00448906640811318,3,6885.86350097254,"250,499,750",0.00448906641129641,3,6885.86350097253,"250,499,750",0.00448906640925005,3,6885.86350097255,"250,499,750",0.00448906640765843,3,6885.86350097254,"250,499,750",0.00448906641175116,3,6885.86350097254,"66,250,384,499,585,750,842",7,17.5106594342218,"66,250,384,499,585,750,842",7,17.5106594342218,"66,250,384,499,585,750,842",7,17.5106594342218
"251,501,751",0.005,3,7020.75238296022,"251,464,488,501,502,751,755,757",0.00652094864722234,8,7119.3293167503,"251,502,751",0.00580099165345787,3,7036.30312152539,"251,502,751",0.00495972269983359,3,7017.04108808723,"251,502,751",0.00495972270142521,3,7017.04108808723,"251,502,751",0.00495972270369895,3,7017.04108808721,"251,502,751",0.00495972270142521,3,7017.04108808722,"251,502,751",0.00495972270006097,3,7017.04108808722,"251,502,751",0.00495972270142521,3,7017.04108808723,"251,502,751",0.00495972270051572,3,7017.04108808722,"251,502,751",0.00495972269915147,3,7017.04108808722,"251,502,751",0.0049597227032442,3,7017.04108808722,"174,251,412,501,628,751,844",7,157.569122430577,"174,251,412,501,628,757,844",7,163.715044928946,"174,251,412,501,628,757,844",7,163.715044928946
"251,501,751",0.005,3,6946.5319023109,"250,251,253,467,475,478,501,511,751,756",0.00631721691602746,10,7082.96973679995,"251,501,751",0.00473879773951829,3,6942.43027900657,"251,501,751",0.0046390035881369,3,6942.249923062,"251,501,751",0.00463900358790952,3,6942.249923062,"251,501,751",0.00463900358779584,3,6942.249923062,"251,501,751",0.0046390035868295,3,6942.249923062,"251,501,751",0.00463900358631791,3,6942.249923062,"251,501,751",0.00463900358393049,3,6942.249923062,"251,501,751",0.00463900358745478,3,6942.249923062,"251,501,751",0.00463900358808006,3,6942.249923062,"251,501,751",0.00463900358768215,3,6942.249923062,"45,251,308,501,566,751,814",7,73.6552252472134,"45,251,308,501,566,751,814",7,73.6552252472134,"45,251,308,501,566,751,801",7,74.1787182088432
"251,501,751",0.005,3,6958.8269220336,"251,499,501,505,539,751",0.00714040919515666,6,7039.51765910917,"251,499,751",0.00559701380744772,3,6948.795027128,"251,499,751",0.00554506655924543,3,6948.74807445716,"251,499,751",0.00554506655985649,3,6948.74807445717,"251,499,751",0.00554506655898963,3,6948.74807445717,"251,499,751",0.00554506656009808,3,6948.74807445717,"251,499,751",0.00554506655955807,3,6948.74807445717,"251,499,751",0.00554506655920279,3,6948.74807445717,"251,499,751",0.00554506655890437,3,6948.74807445717,"251,499,751",0.0055450665607802,3,6948.74807445717,"251,499,751",0.00554506655870541,3,6948.74807445717,"137,251,357,461,499,588,751,882",8,99.1977919181504,"137,251,357,461,499,588,751,882",8,99.1977919181504,"137,251,298,461,499,588,751,882",8,99.5528058823138
"251,501,751",0.005,3,6996.23225825668,"249,251,254,256,260,501,502,512,536,587,749,751",0.00477058685599691,12,7109.60888694248,"249,260,501,751",0.00375285207833891,4,6989.1823019874,"249,260,501,751",0.00364529965745801,4,6988.83577281577,"249,260,501,751",0.00364529965808329,4,6988.83577281578,"249,260,501,751",0.00364529965899278,4,6988.83577281578,"249,501,751",0.00413479669661364,3,6988.6545588313,"249,501,751",0.00393686479369212,3,6988.1413383864,"249,501,751",0.0039368647915747,3,6988.14133838638,"249,501,751",0.00393686478635932,3,6988.14133838637,"249,501,751",0.00393686478677854,3,6988.14133838637,"249,501,751",0.00393686478400742,3,6988.14133838635,"89,251,339,501,751,854,877",7,112.668888075441,"89,249,256,339,502,751,885",7,117.766586177679,"89,256,339,501,751,854,877",7,117.298427269568
"251,501,751",0.005,3,6895.84727118157,"221,236,246,249,250,500,504,547,748,749,751,755,770",0.00510615385765322,13,7019.97654950249,"250,500,751",0.00550208925012188,3,6892.20582951512,"250,500,751",0.00454051743938497,3,6882.00927647467,"250,500,751",0.0045405174411631,3,6882.00927647469,"250,500,751",0.00454051743982906,3,6882.00927647468,"250,500,751",0.00454051744018433,3,6882.00927647468,"250,500,751",0.00454051744160897,3,6882.00927647469,"250,500,751",0.00454051743976156,3,6882.00927647468,"250,500,751",0.00454051743917003,3,6882.00927647468,"250,500,751",0.00454051743970471,3,6882.00927647467,"250,500,751",0.00454051743835646,3,6882.00927647467,"162,249,367,500,691,751,852",7,14.4014872435594,"162,250,367,500,691,751,852",7,15.0946144477379,"162,250,367,500,691,751,852",7,15.0946144477379
"251,501,751",0.005,3,6898.74209100511,"249,251,501,502,552,559,569,752,765,766",0.00613515560896001,10,7001.09833572542,"251,502,752",0.00517664217092422,3,6887.43103003563,"251,502,752",0.00508752487693846,3,6887.26054841464,"251,502,752",0.00508752487216361,3,6887.26054841465,"251,502,752",0.00508752487557421,3,6887.26054841464,"251,502,752",0.00508752487261836,3,6887.26054841465,"251,502,752",0.00508752487057199,3,6887.26054841465,"251,502,752",0.00508752487511947,3,6887.26054841464,"251,502,752",0.00508752487261836,3,6887.26054841464,"251,502,752",0.00508752487193623,3,6887.26054841465,"251,502,752",0.00508752487284573,3,6887.26054841465,"101,251,311,434,502,660,752,927",8,28.5812872232004,"101,251,407,502,660,752,927",7,31.6744762782296,"101,251,407,502,660,752,927",7,31.6744762782296
"251,501,751",0.005,3,6941.00657354014,"251,486,501,520,751,753",0.00647529620462552,6,7019.3074948406,"251,501,751",0.00507697692505028,3,6930.64457041806,"251,501,751",0.00461339688228434,3,6926.59905141305,"251,501,751",0.00461339688251171,3,6926.59905141306,"251,501,751",0.00461339688228434,3,6926.59905141306,"251,501,751",0.0046133968843307,3,6926.59905141305,"251,501,751",0.00461339688251171,3,6926.59905141306,"251,501,751",0.00461339688501282,3,6926.59905141306,"251,501,751",0.00461339688364858,3,6926.59905141306,"251,501,751",0.00461339688296646,3,6926.59905141305,"251,501,751",0.00461339688410333,3,6926.59905141306,"136,251,409,501,632,751,908",7,62.980161912541,"136,251,409,501,632,751,908",7,62.980161912541,"136,251,409,501,632,751,908",7,62.980161912541
"251,501,751",0.005,3,6937.90208156357,"240,252,256,454,463,501,502,516,520,522,753,756,774",0.00604366744518933,13,7058.05781342128,"252,501,753",0.00581090890396578,3,6920.47930773319,"252,501,753",0.00531531844310623,3,6917.67380377413,"252,501,753",0.00531531844356097,3,6917.67380377412,"252,501,753",0.00531531844447047,3,6917.67380377413,"252,501,753",0.00531531844265148,3,6917.67380377412,"252,501,753",0.00531531844356097,3,6917.67380377412,"252,501,753",0.00531531844287885,3,6917.67380377412,"252,501,753",0.00531531844310623,3,6917.67380377412,"252,501,753",0.00531531844265148,3,6917.67380377412,"252,501,753",0.0053153184433336,3,6917.67380377412,"76,252,352,495,501,562,753,888",8,64.7560872267621,"76,252,428,501,562,753,888",7,66.6077500013004,"76,252,428,501,556,753,888",7,66.6606828761336
"251,501,751",0.005,3,6890.45396926674,"251,280,281,437,501,502,505,526,751,754,758",0.00599599011386833,11,7023.45170993494,"251,501,751",0.00466111524131577,3,6889.30127210299,"251,501,751",0.00463382339727187,3,6888.8279533435,"251,501,751",0.00463382339568025,3,6888.8279533435,"251,501,751",0.00463382339568025,3,6888.8279533435,"251,501,751",0.00463382339454339,3,6888.8279533435,"251,501,751",0.00463382339522551,3,6888.8279533435,"251,501,751",0.00463382339329283,3,6888.8279533435,"251,501,751",0.00463382339727187,3,6888.82795334349,"251,501,751",0.00463382339749924,3,6888.8279533435,"251,501,751",0.00463382339727187,3,6888.82795334349,"148,251,288,502,664,751,820",7,16.950360423466,"148,251,288,502,664,751,820",7,16.950360423466,"148,251,288,502,664,751,820",7,16.950360423466
"251,501,751",0.005,3,6896.17455543707,"202,251,272,457,476,479,499,502,739,751,758",0.00543752714429628,11,6999.79471088885,"251,502,751",0.00481305869737376,3,6892.98690778513,"251,502,751",0.00468006540025341,3,6892.05335300847,"251,502,751",0.00468006539661543,3,6892.05335300847,"251,502,751",0.00468006539957129,3,6892.05335300846,"251,502,751",0.0046800653994576,3,6892.05335300846,"251,502,751",0.00468006540139027,3,6892.05335300845,"251,502,751",0.00468006539866179,3,6892.05335300846,"251,502,751",0.00468006540082184,3,6892.05335300846,"251,502,751",0.00468006539809336,3,6892.05335300847,"251,502,751",0.00468006539979866,3,6892.05335300846,"103,202,251,272,502,656,751,877",8,27.0562214268549,"103,202,251,272,502,656,751,877",8,27.0562214268549,"103,251,272,502,656,751,877",7,29.4256198282437
"251,501,751",0.005,3,6883.54382985102,"250,251,254,500,502,504,750,757",0.00624754783326637,8,6961.51104329234,"250,500,750",0.0053167707847361,3,6869.69801945932,"250,500,750",0.00520030058060036,3,6869.45762150208,"250,500,750",0.00520030058105511,3,6869.45762150209,"250,500,750",0.00520030058173723,3,6869.45762150208,"250,500,750",0.0052003005819646,3,6869.45762150208,"250,500,750",0.00520030058173723,3,6869.45762150209,"250,500,750",0.0052003005828741,3,6869.45762150208,"250,500,750",0.00520030058082773,3,6869.45762150208,"250,500,750",0.00520030058264672,3,6869.45762150209,"250,500,750",0.00520030058014561,3,6869.45762150209,"116,250,295,455,500,639,750,910",8,11.2163206132607,"116,250,295,455,500,639,750,910",8,11.2163206132607,"116,250,295,455,500,639,750,910",8,11.2163206132607
"251,501,751",0.005,3,6959.30740901722,"251,253,454,467,492,496,500,501,750,751,761",0.00579985385989298,11,7079.1018565411,"251,501,751",0.00514652524000785,3,6958.2102035642,"251,501,751",0.00485157575816744,3,6956.84572128687,"251,501,751",0.0048515757581106,3,6956.84572128687,"251,501,751",0.00485157575657583,3,6956.84572128687,"251,501,751",0.00485157575765585,3,6956.84572128687,"251,501,751",0.0048515757568032,3,6956.84572128687,"251,501,751",0.00485157575788323,3,6956.84572128687,"251,501,751",0.00485157575873588,3,6956.84572128687,"251,501,751",0.00485157575805376,3,6956.84572128687,"251,501,751",0.00485157575765585,3,6956.84572128687,"122,251,374,501,507,635,751,887",8,88.8167923130629,"122,253,374,501,507,635,751,887",8,90.5770701457348,"122,253,374,500,635,751,887",7,92.8519246589582
"251,501,751",0.005,3,6978.80636429391,"195,244,251,491,500,501,517,750,752,766",0.00507406869593074,10,7074.20117902745,"251,501,752",0.00464668504578559,3,6968.64805107908,"251,501,752",0.00444049358067427,3,6967.99778714529,"251,501,752",0.00444049357908266,3,6967.99778714529,"251,501,752",0.00444049357817316,3,6967.99778714529,"251,501,752",0.00444049357749104,3,6967.99778714529,"251,501,752",0.0044404935770363,3,6967.9977871453,"251,501,752",0.00444049357294357,3,6967.99778714528,"251,501,752",0.00444049357339832,3,6967.99778714529,"251,501,752",0.00444049357931003,3,6967.99778714529,"251,501,752",0.00444049357408044,3,6967.99778714529,"114,251,424,501,700,752,982",7,102.764534962888,"114,251,424,501,700,752,982",7,102.764534962888,"114,251,424,501,700,752",6,103.8690977205
"251,501,751",0.005,3,6933.15715517031,"251,497,500,504,524,750,753,755",0.00613903602415568,8,7024.88069003542,"251,497,755",0.00479109473007623,3,6923.20752494065,"251,497,755",0.00460660265449304,3,6922.18646200742,"251,497,755",0.00460660265597097,3,6922.18646200743,"251,497,755",0.00460660265346986,3,6922.18646200743,"251,497,755",0.00460660265358355,3,6922.18646200743,"251,497,755",0.00460660265381092,3,6922.18646200742,"251,497,755",0.0046066026548341,3,6922.18646200743,"251,497,755",0.00460660265676678,3,6922.18646200743,"251,497,755",0.00460660265449304,3,6922.18646200743,"251,497,755",0.00460660265619835,3,6922.18646200743,"159,251,454,497,668,755,908",7,47.8660387945744,"159,251,454,500,668,755,908",7,49.5086056313946,"159,251,454,500,668,755,908",7,49.5086056313946
"251,501,751",0.005,3,6990.2536050674,"250,251,255,448,454,455,496,497,501,509,527,751",0.00628127847867103,12,7123.18505551537,"251,501,751",0.00526134339460495,3,6988.11542981493,"251,501,751",0.00504889674107045,3,6987.48040244971,"251,501,751",0.00504889673964936,3,6987.48040244972,"251,501,751",0.00504889673896724,3,6987.48040244971,"251,501,751",0.00504889673999042,3,6987.48040244971,"251,501,751",0.005048896737603,3,6987.48040244972,"251,501,751",0.00504889673873987,3,6987.48040244971,"251,501,751",0.00504889674141151,3,6987.48040244971,"251,501,751",0.00504889674044517,3,6987.48040244971,"251,501,751",0.00504889673913777,3,6987.48040244971,"178,251,353,501,555,751,876",7,119.544476755632,"178,251,353,501,555,751,876",7,119.544476755632,"178,251,353,501,555,751,876",7,119.544476755632
"251,501,751",0.005,3,7018.80679586169,"249,251,496,501,502,533,751,759",0.00604187824369938,8,7087.06829704285,"251,496,502,751",0.00525517796528294,4,7031.17803004289,"251,496,751",0.00491062008295282,3,7022.80451733308,"251,496,751",0.00495898025864696,3,7021.61894321283,"251,496,751",0.00495898025955645,3,7021.61894321284,"251,496,751",0.00495898025893118,3,7021.61894321283,"251,496,751",0.00495898025546373,3,7021.61894321283,"251,496,751",0.00495898025790799,3,7021.61894321284,"251,496,751",0.00495898025688481,3,7021.61894321283,"251,496,751",0.0049589802583059,3,7021.61894321283,"251,496,751",0.00495898025898802,3,7021.61894321283,"79,251,350,501,594,751,866",7,155.426491636088,"79,251,350,501,594,751,866",7,155.426491636088,"79,251,350,501,594,751,866",7,155.426491636088
"251,501,751",0.005,3,6967.59844446948,"250,251,463,501,751",0.00665874167143967,5,7012.56369769928,"251,501,751",0.00570182586998268,3,6963.0242014223,"251,501,751",0.00547631260975217,3,6962.48432816205,"251,501,751",0.00547631261066167,3,6962.48432816205,"251,501,751",0.00547631260963849,3,6962.48432816205,"251,501,751",0.00547631261111642,3,6962.48432816205,"251,501,751",0.00547631260997955,3,6962.48432816205,"251,501,751",0.00547631261270803,3,6962.48432816206,"251,501,751",0.00547631261032061,3,6962.48432816205,"251,501,751",0.00547631261168485,3,6962.48432816205,"251,501,751",0.00547631261066167,3,6962.48432816205,"193,251,358,501,526,647,751,942",8,96.5452572824412,"193,250,358,501,526,647,751,942",8,97.3226987437653,"193,250,358,501,647,751,942",7,97.6639476028936
