"true_model","bic_true_model","cpop","bic_cpop","flasso","bic_flasso","adaflasso","bic_adaflasso","best_iter","changepoints","min_bic_flasso","distance_cpop","distance_flasso","distance_adaflasso","distance_best_iter_flasso"
"359",40.0801935811009,"362",39.7158542051387,"364",41.3263891356796,"364",39.9906435603216,1,"364",39.99064,0.003,0.005,0.005,0.005
"403,535,787",16.0235214331543,"410,545,763",7.03908860202543,"404,545,734,768,783",22.551729352966,"404,545,768",8.00098674023693,3,"404,545,768",7.83561,0.041,2.015,0.03,0.03
"125,234,340,538,653,756,895",161.568418612536,"133,231,349,501",161.998806535982,"109,132,230,355,465,535,665,754,828,917",171.566665579256,"109,132,230,355,535,665,754,917",158.284433802334,3,"132,230,355,535,665,754,917",147.98323,3.431,3.065,1.065,0.065
"206,691,895",89.1220830368666,"199,680,880",76.6952440752973,"199,465,642,686,879",90.4475182830835,"199,642,686,879",82.1761623844884,3,"199,686,879",77.70905,0.033,2.028,1.028,0.028
"242,499,620,757,874",54.4554115951214,"249,531,581,788,876",46.8234969697488,"239,262,501,606,644,746,763,877,888",82.2050392957315,"239,262,501,606,763,888",60.6038320722892,3,"239,501,606,763,888",51.55746,0.111,4.028,1.039,0.039
"363,518,638,743,892",151.96450654335,"341,529,676,737,907",138.577871562814,"332,377,528,647,749,906",152.496852208472,"332,528,647,749,906",142.159592540222,2,"332,528,647,749,906",141.34539,0.092,1.053,0.07,0.07
"166,269,394,527,632,732,893",81.9222208072732,"177,262,366,506,676,677,899",62.2458793906107,"111,163,263,365,433,503,632,735,737,872,897",95.917475881882,"163,263,365,503,632,735,897",68.1402942202486,2,"163,263,365,503,632,735,897",65.58606,0.172,4.069,0.069,0.069
"127",120.675474243361,"153",113.360882153719,"160,414",120.612185739293,"160",113.51894525651,7,"160",113.26252,0.026,1.033,0.033,0.033
"170,348,472,607,746,848",105.05781621903,"178,355,481,606,746,849",92.322224101716,"147,177,350,475,480,605,606,740,866",126.649805805537,"177,350,480,605,740,866",93.4805779810904,2,"177,350,480,605,740,866",93.47493,0.026,3.037,0.043,0.043
"210,363",41.6943168569992,"218,388",31.7741979332999,"195,410,454",48.1526466529816,"195,410",34.991157613821,2,"195,410",34.98889,0.033,1.062,0.062,0.062
"471",32.1448502962642,"479",29.8635077942359,"470,494",38.7605743445733,"470",31.0750582241763,2,"470",31.03421,0.008,1.001,0.001,0.001
"811",-38.2599692253352,"804",-47.5703126714995,"367,788",-45.4193961077536,"367,788",-48.0890586291639,1,"367,788",-48.08906,0.007,1.023,1.023,1.023
"427,809",-36.5294522531033,"429,796",-43.6274675874313,"422,783,795",-24.105036690179,"422,795",-42.7806829454324,2,"422,795",-42.78071,0.015,1.019,0.019,0.019
"105,226,485,642,750,856",46.6312749817735,"245,505,668,760,853",25.9742441680255,"108,233,438,500,643,760,855,881",54.817418081787,"108,233,500,643,760,855",27.0043048285811,2,"108,233,500,643,760,855",27.00209,1.078,2.037,0.037,0.037
"148,328,445,626,832",51.9685465513308,"138,356,412,630,828",32.8584452834161,"115,137,338,441,623,638,827",55.6450218112494,"137,338,441,623,827",36.6496431899608,3,"137,338,441,623,827,943",36.37433,0.079,2.033,0.033,1.033
"523",-25.1846967150102,"524",-29.4346379224306,"519,525",-22.6100758893445,"525",-29.4161648822619,2,"525",-29.41617,0.001,1.002,0.002,0.002
"539",-6.18332135647444,"535",-8.12625003212288,"526,608",-1.60783100698665,"526",-6.25714027969126,3,"526",-6.43209,0.004,1.013,0.013,0.013
"225,361,601,719",37.5977486890233,"207,378,595,709",31.8827020021985,"123,207,342,379,584,727,916",54.1402868545829,"207,379,584,727",33.1235796231048,2,"207,379,584,727",32.59879,0.051,3.061,0.061,0.061
"103,231,336,459,562,688,840",152.818761875083,"712,849",144.85206674782,"101,229,369,686,852",158.447175773051,"101,229,369,476,567,686,852",135.99692920607,2,"101,229,369,476,567,686,852",134.96435,5.137,2.108,0.073,0.073
"257,375",33.2842183227982,"258,386",28.239306403926,"58,256,388,684",40.2487760431817,"256,388",28.4565005677552,2,"256,388",28.35742,0.012,2.014,0.014,0.014
"136,380,877",3.91489609564594,"133,382,869",-7.40237996846942,"135,371,392,610,801,866",12.6106386395158,"135,371,866",-6.01081696213055,2,"135,371,866",-6.37294,0.013,3.021,0.021,0.021
"138,265,544,789",10.3041386464353,"136,274,542,789",0.746632409636213,"113,154,273,295,534,562,784,800",27.3335056121411,"113,273,534,784",8.658993013939,2,"113,273,534,784",4.82019,0.013,4.039,0.048,0.048
"106,209,424,544,679",46.3749721195894,"85,220,425,570,684",37.4855686747809,"93,227,420,567,694,709",67.6420138537236,"93,227,420,567,694",39.3912643239157,2,"93,227,420,567,694",39.36247,0.064,1.073,0.073,0.073
"238,502,672,889",109.806840507237,"229,513,675,896",99.828270969688,"228,427,511,674,703,894",115.986214566699,"228,511,674,894",99.8849566837463,10,"228,511,674,894",99.85471,0.03,2.026,0.026,0.026
"143,252,371,505,629,744,893",64.0899411932188,"131,316,318,507,619,768,925",48.0833358979112,"133,246,369,487,624,767,898,923",70.6695748739431,"133,246,369,487,624,767,923",49.5069821484102,2,"133,246,369,487,624,767,923",49.50688,0.197,1.069,0.094,0.094
"296,511,800",34.0844835603638,"303,507,796",28.7008712474393,"300,507,509,762,815",41.6955829946759,"300,507,762,815",33.272571037239,1,"300,507,762,815",33.27257,0.015,2.021,1.023,1.023
"166,293,398,529,726,896",30.3391835344647,"180,290,395,534,725,904",20.902191341722,"173,178,288,394,434,538,625,741,814,875,917",49.8225372566132,"173,288,394,538,625,741,875,917",28.7158404034588,3,"173,288,394,538,625,741,917",23.18022,0.034,5.061,2.061,1.061
"264,588,753,864",7.30572728959564,"274,592,769,826",-2.70198925234306,"214,279,487,593,743,866",16.9646494669326,"279,487,593,743,866",4.36810582077132,3,"279,593,743,866",0.80312,0.068,2.032,1.032,0.032
"274,391,556,704,897",76.514407451164,"281,408,562,696,908",66.7936536020061,"86,276,389,407,561,694,747,863,904",98.2088390505681,"276,407,561,694,904",67.9685696268075,2,"276,407,561,694,904",67.25938,0.049,4.026,0.04,0.04
"398,502",52.7801648563456,"405,498",50.743496474366,"359,516,784",61.5709450722344,"359,516",56.3033506843173,2,"359,516",55.79102,0.011,1.053,0.053,0.053
"145,272,448,640,770,896",171.045142734171,"499,656,757",167.468179930472,"149,282,422,447,486,618,654,760,916",174.251217294235,"149,282,486,654,760,916",148.829774512056,2,"149,282,486,654,760,916",148.62509,3.08,3.059,0.096,0.096
"754,895",32.0989270667017,"746,895",29.6942861069115,"299,720,892",47.702026285932,"299,720,892",36.3272745417515,6,"299,720,892",36.26381,0.008,1.037,1.037,1.037
"125,233,396,559,660,841",79.3824418211087,"155,238,381,563,657,817",53.4431082732233,"126,146,239,259,380,557,658,817,899",82.0311294886368,"126,239,259,380,557,658,817",62.2780014512827,8,"126,259,380,557,658,817",55.91373,0.081,3.051,1.051,0.071
"105,265,388,594,734,853",63.6887527011448,"108,288,387,644,645,914",51.2360881412031,"107,108,262,287,392,588,726,730,867,895",90.5963702878021,"108,287,392,588,726,867,895",59.5571408697839,8,"108,287,392,588,726,867",53.12901,0.227,4.033,1.057,0.057
"137,309,466,599,792",-3.77968484902391,"139,300,466,611,784",-19.859251197378,"136,299,464,611,790",-6.98884442442093,"136,299,464,611,790",-19.1373764768675,1,"136,299,464,611,790",-19.13738,0.031,0.027,0.027,0.027
"144,353,660",30.7926316903567,"137,340,664",21.7254282272349,"130,139,306,337,364,488,662",47.9479954486455,"139,337,364,662",28.3613429092432,3,"139,337,662",21.90534,0.024,4.018,1.018,0.023
"109,262,393,509,646,752,866",32.88813438934,"102,266,400,534,636,764,865",24.5951823191257,"87,129,262,399,508,528,637,640,760,864,901",60.4976907710182,"87,129,262,399,528,640,760,864,901",36.2389760353888,3,"87,129,262,399,528,640,760,864",30.10984,0.066,4.043,2.061,1.061
"153",-75.7897852351209,"155",-79.0588759874084,"168,531",-72.6119395157419,"168",-76.6391607894681,2,"168",-76.65776,0.002,1.015,0.015,0.015
"205,786",47.2347501153321,"217,783",44.3562685586848,"216,264,772",59.6948205243539,"216,772",45.6216071870786,2,"216,772",45.61456,0.015,1.025,0.025,0.025
"228,455",-20.8356601996051,"227,449",-25.3869210188403,"223,453",-21.8414384827588,"224,453",-24.7534129335776,1,"224,453",-24.75341,0.007,0.007,0.006,0.006
"109,221,333,460,565,774,879",43.5350931484563,"374,510,511,807,808",24.4497038825706,"99,108,220,329,346,468,539,602,746,779,871",55.6354959861877,"108,220,346,468,539,602,779,871",33.0249413392365,4,"108,220,346,468,539,779,871",22.5521,2.249,4.053,1.062,0.062
"108,227,351,516,842",65.0212845167566,"127,219,330,531,839",57.844239572782,"119,218,314,371,472,532,807,844",76.7476652377401,"119,218,371,532,844",64.461012691873,10,"119,218,371,532,844",61.75871,0.066,3.058,0.058,0.058
"143,265,466,608,712,835",72.9846956931983,"133,267,488,602,697,839",59.2179258396834,"127,286,460,595,718,845",95.3054623128525,"127,286,460,595,718,845",63.093124721563,1,"127,286,460,595,718,845",63.09312,0.059,0.072,0.072,0.072
"102,270,388,510,717,872",43.0200908461818,"101,279,349,538,708,882",28.9294640865951,"101,265,389,536,707,881",46.9722754360823,"101,265,389,536,707,881",32.0262431995439,4,"101,265,389,536,707,881",31.99804,0.096,0.052,0.052,0.052
"212,493,659,897",89.6961639684121,"194,491,682,881",72.6426112044726,"193,463,491,666,708,880",91.1110936836333,"193,491,666,708,880",77.5980088244737,3,"193,491,666,880",73.80422,0.059,2.045,1.045,0.045
"848",16.5792481217668,"844",13.7595191266598,"832",16.4841831819847,"832",15.4526763531638,1,"832",15.45268,0.004,0.016,0.016,0.016
"121,224,325,466,637,785,887",27.8383652864852,"157,158,337,492,631,850,851",9.39487803594011,"108,194,222,332,487,491,636,805,890",38.3914222566322,"108,222,332,491,636,805,890",13.4362104543567,2,"108,222,332,491,636,805,890",13.40054,0.247,2.067,0.071,0.071
"203",74.66697459959,"209",71.5280581662427,"180,240",76.6513771508519,"180,240",75.4658866315339,9,"180,240",75.31946,0.006,1.023,1.023,1.023
"115,273,376,492,647,752,855",74.6238067378626,"136,270,380,491,596,824,825",49.792883543197,"80,135,268,378,379,490,596,683,758,856",78.8207381969789,"135,268,379,490,596,683,758,856",59.8794851591166,2,"135,268,379,490,596,683,758,856",59.59275,0.182,3.072,1.073,1.073
"230",91.4969158250148,"228",87.9169743434813,"232",88.7762062073835,"232",88.3107974633406,2,"232",88.31079,0.002,0.002,0.002,0.002
"257,603",-14.3340404782702,"305,595,996",-44.0892046473354,"274,308,602",-26.7075209213645,"308,602",-33.5702812254211,2,"308,602",-34.97007,1.056,1.018,0.052,0.052
"190,453,648",-20.1366255588649,"198,458,659",-24.5095919060673,"197,221,452,667",-11.5167374633706,"197,452,667",-23.8001341764377,2,"197,452,667",-23.80033,0.024,1.027,0.027,0.027
"170,309,425,532,685,885",40.9702025193515,"166,326,419,542,677,892",32.143304469269,"164,319,426,541,676,690,844,890",55.5819281270461,"164,319,426,541,676,890",32.7176615608381,2,"164,319,426,541,676,890",32.68498,0.052,2.036,0.04,0.04
"475,626",61.9472130186996,"481,609",56.465879029424,"387,471,637",70.5163106279618,"471,637",60.8488110799631,3,"471,637",60.69063,0.023,1.015,0.015,0.015
"662",6.10599242975384,"664",1.89655029357121,"641,663",9.17447878452246,"663",1.89655047822608,1,"663",1.89655,0.002,1.001,0.001,0.001
"834",77.9030295920928,"825",72.159001197048,"794,824",79.3608372341956,"824",72.159009698676,9,"824",72.03866,0.009,1.01,0.01,0.01
"133,251,367,494,609,788,900",62.2360743835832,"118,269,388,475,600,797,901",44.7247809570829,"117,262,268,363,386,472,490,596,631,792,901",76.6085360473241,"117,262,386,490,596,792,901",49.8015287725318,6,"117,262,386,490,596,792,901",45.86823,0.092,4.053,0.068,0.068
"293,479,661,773",76.5018904342061,"294,498,656,771",68.377455910859,"282,294,493,641,654,777",88.5361929851324,"282,493,654,777",70.2489911363504,2,"282,493,654,777",70.22305,0.027,2.026,0.036,0.036
"112,259,632,755,898",44.3051781403943,"115,265,633,764,904",36.5000425212614,"114,117,267,428,615,633,763,903",61.2118706009673,"114,267,615,763,903",39.3312939403343,5,"114,267,615,763,903",38.23294,0.025,3.024,0.04,0.04
"185,475",56.8857472190543,"176,490",50.7156189345094,"181,492",52.9679496835304,"181,492",51.062132080676,1,"181,492",51.06213,0.024,0.021,0.021,0.021
"299,432,552,701,851",19.9102883333104,"299,422,596,697,860",11.3598072229882,"292,422,562,594,701,865,868",35.3021917337539,"292,422,562,701,865",12.5305858364645,2,"292,422,562,701,865",12.39313,0.067,2.041,0.041,0.041
"105,439,610,724,857",94.8240110187276,"100,448,607,732,853",90.733276470061,"97,129,405,448,586,604,730,853,893",121.491567635105,"129,448,604,730,853",95.9245480814953,2,"129,448,604,730,853",92.54452,0.029,4.033,0.049,0.049
"507,708",-62.1963274468606,"511,696",-66.4365161222997,"186,502,695,727",-50.4208163431705,"502,695,727",-58.9021353270942,3,"502,695",-64.77274,0.016,2.018,1.018,0.018
"103,208,438,553,670",102.033115471975,"248,458,515,670",82.586225215906,"113,244,431,539,682",102.766964609987,"113,244,437,539,682",85.5348836003476,2,"113,244,437,539,682",85.53404,1.254,0.079,0.073,0.073
"342,710",-42.0834318912963,"353,697",-46.9878170135609,"323,356,694,706",-30.7393790338657,"356,694,706",-39.4072025508085,3,"356,694",-46.49007,0.024,2.018,1.018,0.03
"116,377,480,707,810",57.490705185301,"118,379,465,765,766",47.7705287399251,"121,362,479,715,817,915",63.3315892916179,"121,362,479,715,817",51.5274248315811,2,"121,362,479,715,817",51.51351,0.121,1.036,0.036,0.036
"119,268,381,553,685,811",-28.4120455218073,"117,266,393,561,696,814",-34.030757675618,"105,116,265,395,547,566,687,695,817,839",6.2149272079039,"116,265,395,547,695,817",-32.913927154404,3,"116,265,395,547,695,817",-33.36659,0.038,4.034,0.042,0.042
"363,474,719,841",50.1395605217001,"360,469,717,856",44.8169291232969,"135,342,490,713,857,858",63.4615234968614,"342,490,713,857",45.9882766965397,2,"342,490,713,857",45.57229,0.025,2.059,0.059,0.059
"101,222,348,581,714,893",0.43142455501706,"101,229,348,586,706,897",-5.17396811284767,"100,113,192,235,349,584,705,772,896",19.3020846042144,"100,235,349,584,705,896",-4.78210871608595,9,"100,235,349,584,705,896",-4.99245,0.024,3.03,0.03,0.03
"113,514,696,855",56.0172822168319,"112,523,689,850",43.8489081498048,"115,513,525,688,840,878",60.3981219126639,"115,513,688,840",45.7404273076333,2,"115,513,688,840",44.8992,0.022,2.026,0.026,0.026
"139,239,410,786",-81.7091172030101,"160,244,421,798",-94.927406817812,"128,251,436,543,768,801",-63.1479987557006,"128,251,436,801",-86.6999535696126,2,"128,251,436,801",-88.59095,0.049,2.064,0.064,0.064
"102,206,335,480,674,794,900",45.6187592760489,"121,227,294,531,549",34.6420882557585,"56,120,208,226,291,313,337,438,504,552,670,781,818,888,913",78.7923331000883,"120,226,313,438,504,670,781,818,913",43.3683401600799,3,"120,226,313,438,504,670,818,913",33.34219,2.257,8.075,2.114,1.125
"202,411,535,726,829",41.4311885393214,"204,407,532,722,838",37.0759415785198,"203,208,340,406,535,716,838,874",62.672964800775,"203,406,535,716,838",39.9079957114159,2,"203,406,535,716,838",37.47707,0.022,3.025,0.025,0.025
"368,893",-34.5213342265616,"356,913",-45.0168316556129,"354,712,822,903",-32.8250919573314,"354,903",-42.8488587733911,2,"354,903",-43.00624,0.032,2.024,0.024,0.024
"142,407,709,827",66.1088780989761,"146,399,719,824",57.4353076216002,"145,398,402,696,715,830",74.803870083732,"145,398,715,830",58.2072705679378,2,"145,398,715,830",58.20646,0.025,2.017,0.021,0.021
"103,224,378,529,639,768,879",84.4015013440336,"111,238,398,468,731,732,914",72.3889565751634,"110,237,243,381,394,496,533,650,768,789,912",103.162860430669,"110,237,381,496,533,650,768,912",79.1456879025317,2,"110,237,381,496,533,650,768,912",78.83503,0.266,4.071,1.071,1.071
"130,258,451,553,736,838",23.3522136812559,"122,264,419,534,535,598",-3.52022005278756,"112,170,262,418,456,544,697,732,830,892",22.7831522275425,"112,170,262,418,456,544,697,830",13.2061367695192,2,"112,170,262,418,456,544,697,830",8.04409,0.506,4.048,2.083,2.083
"235,710",-12.9379618007392,"239,704",-17.6631987560388,"241,673,704",-8.13745731044738,"241,704",-17.5442679868127,2,"241,704",-17.5445,0.01,1.012,0.012,0.012
"161,404,534,639,796",129.289061501689,"162,404,553,638,787",120.700655396737,"161,184,398,540,644,790",136.39468252905,"161,398,540,644,790",122.5667675949,2,"161,398,540,644,790",122.56382,0.03,1.023,0.023,0.023
"145,247,439,603,752,861",7.52269875317673,"158,248,444,633,731,894",-2.5209911163812,"149,255,444,459,607,737,757,893",28.2233855644597,"149,255,444,607,757,893",4.4494631484885,4,"149,255,444,607,757,893",-0.47124,0.103,2.058,0.058,0.058
"103,258,358,483,589,741,873",57.643729947183,"53,242,671,715,883",43.7802696600919,"55,95,268,377,391,474,582,642,720,740,877,884",70.608881927051,"55,268,391,474,582,642,720,884",39.6193472949118,2,"55,268,391,474,582,642,720,884",37.72146,2.29,5.058,1.139,1.139
"135,239,387,523,637,739,863",90.8537982469724,"141,250,378,506,879",73.7454561371999,"130,136,250,377,387,514,876",98.7688294359293,"136,250,377,514,755,876",80.5739308516331,3,"136,250,377,514,876",74.63095,2.265,0.879,1.162,2.266
"429",57.7516237538961,"431",57.6659269788093,"424,435",64.8652099503932,"435",58.3061601279905,2,"435",58.30157,0.002,1.005,0.006,0.006
"359,710",75.9616381703795,"362,710",72.2567138074401,"349,364,712",83.9461441140932,"349,712",74.3198459022495,4,"349,712",73.99931,0.003,1.007,0.012,0.012
"224,374",70.3609723921561,"228,359",63.7087257437503,"185,204,399",86.7674981709919,"185,399",74.0412514042275,2,"185,399",73.99634,0.019,1.045,0.064,0.064
"362",74.6301802886656,"368",72.4647670631537,"373,431",85.3129278606786,"373",73.4405993276313,1,"373",73.4406,0.006,1.011,0.011,0.011
"136,259,381,486,591,729,856",117.77852136851,"137,307,354,470,619,724,837",93.2878719458675,"136,269,370,378,472,477,590,617,725,840",128.028214227562,"136,269,378,477,617,725,840",97.529142611668,2,"136,269,378,477,617,725,840",97.27143,0.144,3.043,0.068,0.068
"171,480",3.43906086762454,"159,489",-3.42019057983904,"143,196,482,615",8.78739554564097,"143,482",-1.21437571152266,2,"143,482",-1.64094,0.021,2.027,0.03,0.03
"215,315",24.0562298631236,"233,292",17.4460781601486,"209,312,356,651",33.4142573034938,"209,312",19.7119405991831,2,"209,312",19.5197,0.041,2.009,0.009,0.009
"207,334,480,678,783,900",93.1283152561836,"202,336,484,652,817,903",87.2674973496364,"149,201,335,338,469,509,651,782,905,911",123.637401619144,"201,338,469,509,651,782,905",95.2373679642228,2,"201,338,469,509,651,782,905",92.73005,0.074,4.051,1.054,1.054
"104,220,325,483,702,851",121.95219793547,"103,209,331,487,716,848",114.418670469348,"101,208,330,344,486,643,714,852",135.226220243056,"101,208,344,486,714,852",115.124674837413,2,"101,208,344,486,714,852",115.08717,0.039,2.036,0.05,0.05
"204,336,491,727",31.2666496476077,"229,354,484,709",14.6996934146574,"160,228,353,483,499,671,707,728,807,942",52.7346326341495,"228,353,499,671,728",22.6420706313584,2,"228,353,499,671,728",20.932,0.068,6.05,1.05,1.05
"118,238,345,463,585,699,843",134.586442091592,"81,249,376,453,579,696,845",113.940915177161,"81,93,247,358,462,578,698,838,853",149.315334703897,"81,247,358,462,578,698,853",115.998498162659,2,"81,247,358,462,578,698,853",115.48846,0.1,2.061,0.078,0.078
"244,794",-2.47428703011926,"254,798",-7.8486298797392,"245,308,574,795,805",8.04508713356262,"245,805",-5.95005164142741,2,"245,805",-6.30376,0.014,3.002,0.012,0.012
"222,341,442",36.2823379439193,"225,367,445",30.6853465296969,"219,340,353,464,494,805",59.7967585542578,"219,340,464,494",41.3850095434841,3,"219,340,464",32.42187,0.032,3.026,1.026,0.026
"323,468,716",22.5845717503742,"327,450,730",14.0643704734984,"192,317,463,701,745",32.6725847869647,"317,463,701,745",21.6693131234714,2,"317,463,701,745",21.66808,0.036,2.026,1.026,1.026
"143,525,883",74.9286364202661,"157,520,904",65.9140006079633,"167,521,846",85.0663782724634,"167,521,846",68.5809154642376,3,"167,521,846",68.47667,0.04,0.065,0.065,0.065
"116,318,545,675,777,883",35.5899612303138,"112,316,539,658,784,902",26.932580645133,"112,315,533,657,783,901",37.2523345981063,"112,315,533,657,783,901",27.3357596774435,2,"112,315,533,657,783,901",27.33574,0.055,0.061,0.061,0.061
"112,239,374,481,661,782,900",36.8737546003445,"128,226,370,498,659,788,902",25.9300083807485,"125,223,261,368,497,592,656,784,806,902",48.7862599574933,"125,223,368,497,656,784,902",27.8864344105159,2,"125,223,368,497,656,784,902",26.27856,0.06,3.06,0.06,0.06
"130,262,379,493,593,774,886",34.2755404401777,"127,266,366,535,562,789,860",7.28024551224035,"125,261,366,374,492,516,565,625,746,786,866",42.5200089581094,"125,261,374,516,565,625,786,866",16.8347691795184,2,"125,261,374,516,565,625,786,866",15.29808,0.134,4.072,1.094,1.094
"189,323,582,742",72.2934587790688,"173,335,562,764",65.1991157553034,"167,340,344,560,561,766",85.1307522618559,"167,340,561,766",65.5924286651172,2,"167,340,561,766",65.5924,0.07,2.084,0.084,0.084
"124,659,780",17.3892722609534,"125,660,770",13.7435082975279,"124,167,365,511,655,772,876",39.4500618477544,"124,655,772",14.2582797556373,6,"124,655,772",13.84961,0.012,4.012,0.012,0.012
"122,503,886",37.9165039865473,"100,485,926",24.8018951608162,"127,421,501,557,870,876",50.0448230508576,"127,421,501,870",35.2136980619132,2,"127,421,501,870",34.41207,0.08,3.017,1.023,1.023
"276,589",-27.4164196124306,"263,596",-35.464588180291,"216,250,304,598",-21.4270559949909,"250,598",-33.894182454021,10,"250,598",-34.32881,0.02,2.035,0.035,0.035
"265,548,650,769,871",62.3366534597924,"292,534,648,768,888",47.6488437045297,"78,142,250,279,304,530,647,767,890",76.7897780589097,"250,304,530,647,767,890",53.5375375497702,3,"250,304,530,647,767,890",53.45326,0.061,4.056,1.057,1.057
"628",59.7840150673958,"624",56.3512567298092,"619",61.0577604020281,"619",56.6679224878974,8,"619",56.57224,0.004,0.009,0.009,0.009
"112,289,482,745,900",86.2844427205367,"119,291,498,759,916",74.8997885829758,"119,291,498,727,758,897,910",103.631119590342,"119,291,498,758,910",75.189517166358,2,"119,291,498,758,910",75.11291,0.055,2.041,0.048,0.048
"164",72.1849969364312,"154",62.2523895453448,"154,187",69.8398277311611,"154",62.2932611397961,6,"154",62.17615,0.01,1.01,0.01,0.01
"739,888",26.9066374578823,"754,881",21.4244783035639,"368,738,881",36.643455522592,"738,881",25.0789341160239,2,"738,881",24.86168,0.022,1.008,0.008,0.008
"101,214,454,641,872",38.1894175826964,"87,214,447,643,889",28.2088431371641,"86,215,264,442,501,642,882,889",50.7328979115097,"86,215,442,642,882",28.8601175068893,2,"86,215,442,642,882",28.6251,0.04,3.039,0.039,0.039
"223,353,481,594,704,885",3.80999187470373,"221,361,481,599,718,883",-7.94723117058808,"170,220,358,480,598,719,754,879,898",21.0923171331805,"220,358,480,598,719,879",-6.87576097760432,2,"220,358,480,598,719,879",-7.86432,0.031,3.034,0.034,0.034
"117,597",-13.0246742698451,"128,592",-16.4039129605965,"135,551,614",-11.3900402894353,"135,551,614",-12.7391151065575,2,"135,551,614",-12.73919,0.016,1.035,1.035,1.035
"166,327,496,608,708,810",125.623652905764,"155,335,461,650,651,805",103.884626435695,"152,322,471,820",132.017005586578,"152,322,471,584,703,820",112.358127949811,2,"152,322,471,584,703,820",111.3415,0.158,2.256,0.083,0.083
"137",76.3990083973478,"187,188",65.5723772959526,"153",75.1218145864468,"153",73.807095766612,6,"153",73.71086,1.05,0.016,0.016,0.016
"119,352,484,636,788,898",69.1943210953084,"111,365,471,637,745",61.4416026293997,"110,172,349,476,633,773,898",81.8844263225848,"110,172,349,476,633,773,898",66.3941706384911,1,"110,172,349,476,633,773,898",66.39417,1.078,1.038,1.038,1.038
"142,254,376,490,656,760,883",152.966006328244,"150,266,378,488,656,759,874",141.538508557091,"147,264,377,489,618,653,758,873,895",163.495579526523,"147,264,377,489,653,758,873",143.522292136691,2,"147,264,377,489,653,758,873",141.72386,0.034,2.032,0.032,0.032
"319,732",44.0611292380916,"317,736",42.9464104436443,"316,701,737",51.3671104197955,"316,737",43.023147389681,2,"316,737",43.02268,0.006,1.008,0.008,0.008
"129,278,569,782",127.100774463122,"118,365,366,577,785",112.576997651329,"121,281,345,429,568,663,780,838",136.785647490478,"121,281,345,429,568,663,780",126.840976387619,10,"121,281,345,429,568,663,780",126.83506,1.109,4.014,3.014,3.014
"529,754,855",40.2741868449265,"537,771,848",33.3352340725999,"519,531,751,878",53.3949242513676,"531,751,878",37.346885919217,2,"531,751,878",37.26366,0.032,1.028,0.028,0.028
"178,281,433,762,879",68.5973742439778,"255,256,441,733,963",57.1159144330817,"162,284,452,716,742,766,887,938",87.5271043303788,"162,284,452,742,887",64.6930776725404,2,"162,284,452,742,887",63.02445,0.223,3.05,0.066,0.066
"141,276,451,614,723,857",-3.0002800366497,"142,278,449,625,717,863",-11.4414609259397,"139,141,277,279,408,446,482,598,616,728,864",27.2133752829814,"139,279,408,482,616,728,864",-7.8019183892514,2,"139,279,408,482,616,728,864",-7.82338,0.028,5.02,1.05,1.05
"485,814",-12.6669494781205,"475,821",-21.2839910163884,"121,456,488,819",-13.8548878159274,"121,456,488,819",-18.3026742917829,3,"121,456,819",-23.77953,0.017,2.008,2.008,1.034
"115,223,330,436,613,734,865",19.2410105761651,"113,278,279,449,608,737,876",6.59257273952115,"114,222,319,449,450,563,612,736,875,881",38.819880688165,"114,222,319,450,612,736,881",12.5636986451865,2,"114,222,319,450,612,736,881",9.88026,0.14,3.039,0.046,0.046
"113,253,389,524",4.72630309021807,"93,332,333,533",-6.02619462876445,"100,103,262,387,535,557,776",33.293342946046,"100,262,387,535",0.888282953365831,2,"100,262,387,535",0.86843,0.164,3.032,0.035,0.035
"433",40.5387211756607,"438",36.7939843584161,"435,544",43.6125346050376,"435",36.8969365885051,2,"435",36.89623,0.005,1.002,0.002,0.002
"104,265,533,696,821",50.3469520017404,"101,268,516,737,738",29.7277754378466,"102,265,299,381,510,688,814",55.8006904881496,"102,265,510,688,814",39.635207346853,2,"102,265,510,688,814",38.91379,0.147,2.04,0.04,0.04
"130,565,683,859",15.7459424538562,"121,574,715,852",0.42393070198829,"120,180,380,555,585,701,722,853",31.1442232293465,"120,555,722,853",1.17952372118032,7,"120,555,722,853",0.96421,0.057,4.044,0.065,0.065
"148,257,408,544,674,875",87.9157035761468,"127,284,434,524,675,895",59.1199870949684,"124,283,416,431,526,546,688,850,894",94.0247402888179,"124,283,416,546,688,894",63.9918340951039,2,"124,283,416,546,688,894",62.32507,0.115,3.093,0.093,0.093
"538,638,858",99.5535140829817,"540,652,869",91.1663889661926,"408,531,649,688,861,868",113.652145491061,"531,688,861",94.0321214667596,2,"531,688,861",92.60058,0.027,3.021,0.06,0.06
"153,278,398,754,864",72.2847178120901,"141,274,396,762,828",62.6260576716385,"134,273,404,449,582,678,751,854",86.8620773897113,"134,273,404,582,751,854",65.8931189933898,2,"134,273,404,582,751,854",65.73708,0.062,3.043,1.043,1.043
"333,642,745",35.6668912476439,"349,650,727",21.4362970706086,"338,348,584,632,761",41.7445316818102,"348,632,761",24.6639027899108,2,"348,632,761",24.66184,0.042,2.031,0.041,0.041
"379,602",-53.4344919430467,"394,598",-57.5606058693387,"306,385,613",-45.9058216880223,"385,613",-55.1258421016668,8,"385,613",-55.40492,0.019,1.017,0.017,0.017
"139,311,456,666,821",64.9300384323014,"136,313,449,664,830",61.5223963858093,"131,310,462,657,829,842",88.668236968688,"131,310,462,657,829",62.1660185523842,2,"131,310,462,657,829",62.16559,0.023,1.032,0.032,0.032
"160,302,466,594,732,848",39.1583245313364,"126,331,454,591,732,844",28.9126478587327,"125,201,301,364,453,590,708,731,843,903",53.4010100932969,"125,301,364,453,590,731,843",34.2951706231449,2,"125,301,364,453,590,731,843",31.02156,0.082,4.059,1.059,1.059
"234,623",143.268014401921,"244,618",141.080235611827,"228,321,584,619",150.625000138195,"228,321,619",143.856203520261,6,"228,321,619",143.64994,0.015,2.01,1.01,1.01
"542,830",20.1605172199516,"543,862",5.67373923821356,"463,522,555,855",23.2148400808617,"555,855",7.87103505211264,2,"555,855",7.20802,0.033,2.038,0.038,0.038
"144,296,420,522,646,749,900",55.9324853367676,"138,296,463,471,700,701",49.2115697780599,"137,296,411,418,508,649,753,760,918",69.1097494692805,"137,296,418,508,649,760,918",44.5237576522441,2,"137,296,418,508,649,760,918",44.52365,1.324,2.048,0.055,0.055
"495",15.3198703559666,"498",13.7213370114765,"465,502",20.6630926320006,"502",14.405866124673,2,"502",14.40508,0.003,1.007,0.007,0.007
"112,289,414,519,619,732,852",118.008085103142,"88,341,418,545,637,746,841",79.4758745044877,"85,118,291,336,418,544,636,735,754,848",106.474379267015,"118,291,336,418,544,636,735,754,848",93.2917163907897,3,"118,336,418,544,636,735,848",80.35235,0.149,3.061,2.061,0.106
"399",65.2754138126832,"411",58.2951833456495,"415",64.2579499008704,"415",58.7062967970425,1,"415",58.7063,0.012,0.016,0.016,0.016
"125,335,443,718,876",-37.3161528742299,"134,351,450,710,933",-53.6323275954603,"134,323,474,686,709,894,917",-19.0042446224572,"134,323,474,709,894,917",-43.260864413817,7,"134,323,474,709,917",-50.16655,0.097,2.079,1.079,0.102
"353",-26.1410272803596,"341",-33.84509189385,"342",-33.145189293203,"342",-33.6853523860478,9,"342",-33.89821,0.012,0.011,0.011,0.011
"131,250,432,637,871",-25.0223529190998,"130,260,432,640,870",-38.2764203326175,"128,235,273,396,438,547,644,647,673,826,871",-3.1094653215028,"128,273,438,547,644,673,871",-30.8695423297391,4,"128,273,438,547,673,871",-37.84984,0.015,6.031,2.039,1.068
"148,253,373,482,616,760,876",156.599172366865,"223,226,385,461,608,808,873",141.52973671586,"127,143,252,260,375,479,613,772,893",179.727161859006,"143,260,375,479,613,772,893",147.630582696301,2,"143,260,375,479,613,772,893",147.62805,0.194,2.043,0.049,0.049
"149,252,391,502,621,738,880",22.3639016740138,"178,239,386,471,661,733,874",10.6322693198658,"138,251,382,472,496,615,619,746,873,886",42.3328981159073,"138,251,382,472,619,746,886",15.3606279119217,2,"138,251,382,472,619,746,886",12.4343,0.129,3.043,0.067,0.067
"114,221,472,719",15.9260058188162,"135,236,480,736",2.14620240553684,"126,258,479,708,751,758",18.0611179460478,"126,258,479,708,758",8.03162763115785,2,"126,258,479,708,758",8.03161,0.061,2.067,1.067,1.067
"149,286",111.185838145338,"146,299",108.782802941589,"140,145,306",120.06251014258,"145,306",109.760483066295,8,"145,306",109.63288,0.016,1.024,0.024,0.024
"357,613,797",12.8507328838987,"364,609,802",10.7704091713327,"317,364,593,631,792,846",29.8761415958275,"364,593,631,792",16.8400541773155,2,"364,593,631,792",16.60293,0.016,3.03,1.03,1.03
"516",42.9434965163733,"518",41.8639561131817,"352,505,530",54.9257190086051,"530",45.1799233996396,2,"530",45.13252,0.002,2.011,0.014,0.014
"160,263,410,635",13.9963280646464,"166,280,403,649",-0.496343936571613,"133,147,279,423,648",18.6608388673811,"133,279,423,648",2.33035734463822,7,"133,279,423,648",2.2271,0.044,1.055,0.069,0.069
"157,258,367,479,638,769,891",68.6030106171638,"414,471,621,808,894",53.6853046331123,"116,256,381,483,622,784,902",73.2027186402701,"116,256,381,483,622,784,902",50.5092872458387,1,"116,256,381,483,622,784,902",50.50929,2.114,0.103,0.103,0.103
"111,234,367,565,669,787,891",46.1036577272781,"113,240,343,521",44.4325504318462,"111,236,368,373,530,672,790,907",58.5138270806416,"111,236,368,530,672,790,907",31.7698828249706,7,"111,236,368,530,672,790,907",31.73532,3.488,1.06,0.06,0.06
"102,269,403,511,620,732,881",-27.9041669101066,"103,268,383,507,620,737,900",-43.1612499334406,"102,263,382,506,624,738,898,899",-13.9470409763633,"102,263,382,506,624,738,898",-42.63359740864,2,"102,263,382,506,624,738,898",-42.63492,0.05,1.059,0.059,0.059
"148,895",0.0429421356736128,"147,912",-6.10807025418451,"134,225,585,850,895",13.5879677215183,"134,895",-3.72003811939645,2,"134,895",-4.15817,0.018,3.014,0.014,0.014
"128,559,875",-38.2389458355461,"132,549,895",-50.2924000279099,"133,477,540,573,892",-37.3089498334218,"133,540,573,892",-43.8135028077449,4,"133,540,892",-48.78015,0.034,2.036,1.036,0.041
"131,266,392,497,614,733,881",57.2937349555638,"122,281,379,501,624,706,876",28.4000267809259,"120,133,278,378,497,507,581,624,712,836,875",57.5232692326782,"120,278,378,507,624,712,875",31.9918398223304,2,"120,278,378,507,624,712,875",29.40046,0.083,4.065,0.084,0.084
"116,221,324,440,592,732,890",68.2511688200098,"347,440,590,752,893",61.4002901173841,"118,234,321,441,591,739,752,892",71.8548615811559,"118,234,321,441,591,752,892",57.7842036280498,2,"118,234,321,441,591,752,892",55.17384,2.048,1.029,0.042,0.042
"121,241,473,593,720",40.5956369924724,"118,251,470,591,719",33.3721834403363,"117,252,402,478,590,605,719,865",53.2209504388904,"117,252,402,478,590,719",37.086931738402,1,"117,252,402,478,590,719",37.08693,0.019,3.024,1.024,1.024
"198,301,541,642",86.0494900126728,"197,303,525,682",70.1282625893933,"192,314,476,524,693",83.4313370415884,"192,314,524,693",73.6238561819943,5,"192,314,524,693",72.5088,0.059,1.087,0.087,0.087
"610",57.1585455256915,"618",55.5568983848511,"607,641",62.1438141717921,"607",57.6604634500332,2,"607",57.64364,0.008,1.003,0.003,0.003
"595,812",-7.9665727375266,"609,801",-16.0362338565155,"252,586,608,802",-4.304073301886,"586,802",-9.92576617374554,3,"270,586,802",-10.88046,0.025,2.019,0.019,1.019
"101,201,355,459,610,736,858",30.868701814351,"105,220,331,478,624,713,855",9.75831538170516,"102,104,219,330,365,477,599,622,721,858",38.4248323865876,"102,219,330,477,599,622,721,858",16.9375520094058,3,"102,219,330,477,622,721,858",10.5722,0.106,3.073,1.088,0.089
"571,761",15.6614022594661,"581,774",9.10256199489311,"406,580,759,801",21.423647320783,"580,759,801",14.5570538689751,3,"580,759",10.2167,0.023,2.011,1.011,0.011
"451,683",-0.62098023590578,"458,688",-7.15242618952406,"445,455,693",2.08168086340527,"445,693",-5.06831204270891,7,"445,693",-5.29244,0.012,1.014,0.016,0.016
"125,416,566,835",46.1021784793047,"140,424,593,806",31.0614933898318,"141,412,598,803,819",48.9506958774175,"141,412,598,819",34.0898890668912,2,"141,412,598,819",32.80955,0.079,1.068,0.068,0.068
"175,410,880",7.33242293253041,"168,400,885",-3.79454107311336,"152,170,403,424,855",24.076325177905,"170,403,855",-0.651259975261439,2,"170,403,855",-0.65926,0.022,2.037,0.037,0.037
"254,891",21.3200157249023,"262,885",15.5290046369913,"261,479,805,884",29.3400198573086,"261,884",16.4126208341374,2,"261,884",15.529,0.014,2.014,0.014,0.014
"164,276,790",109.349130445818,"183,284,786",105.424980558934,"151,183,290,537,719,777,783,915",133.382805359708,"151,290,777",109.287286323747,3,"151,290,777",106.93314,0.031,5.034,0.04,0.04
"161",54.6504969631719,"149",50.5747862804849,"160,228",61.2107608913079,"160",52.3097173446168,6,"160",52.15209,0.012,1.001,0.001,0.001
"114,219,361,471,695",148.084242376481,"104,255,364,468,702",125.692200072101,"103,246,363,475,477,616,709",143.747374904733,"103,246,363,475,616,709",128.499232773267,2,"103,246,363,475,616,709",128.49892,0.059,2.058,1.058,1.058
"384,633,821",38.3462591172373,"392,631,813",31.4048661653159,"319,384,392,630,812",46.4980087784223,"392,630,812",31.4737734250721,4,"392,630,812",31.39012,0.018,2.012,0.02,0.02
"159,284,405,732,861",53.8081394130146,"197,286,406,750,846",38.3850865024831,"98,201,287,405,604,678,743,746,845,925",65.1993026844278,"98,201,287,405,743,845",45.1647405377975,2,"98,201,287,405,743,845",40.96685,0.074,5.072,1.072,1.072
"114,509",25.3524474611149,"115,504",22.1687210376953,"125,501,526",35.3705489689032,"125,501",23.8658141805324,2,"125,501",23.85376,0.006,1.019,0.019,0.019
"240,472,610,738,899",26.6642187153934,"238,467,632,748,899",10.9165210343831,"115,237,425,466,577,631,747,898",31.602224313964,"237,466,631,747,898",10.969138056455,2,"237,466,631,747,898",10.91652,0.039,3.04,0.04,0.04
"124,491",77.9373811849365,"142,427,568",66.6470768992085,"145,427,488,567",79.2283089976539,"145,427,567",66.9326444940359,2,"145,427,567",66.88846,1.082,2.024,1.085,1.085
"177,352,459,609,823",74.0937418401705,"165,386,387,616,812",59.9483838439201,"164,342,454,612,771,843",77.454753105623,"164,342,454,612,771,843",64.8808457632282,1,"164,342,454,612,771,843",64.88085,0.136,1.051,1.051,1.051
"109,233,356,586,734",45.6398826315976,"186,214,349,592,733",35.8868294828984,"109,235,376,583,732,762",73.1772987853454,"109,235,376,583,732,762",48.6189869591982,6,"109,235,376,583,732",41.94778,0.11,1.027,1.027,0.027
"457,658,792",48.5727621617936,"467,663,790",43.2023993477942,"166,410,462,656,801",65.1337591081423,"462,656,801",45.3140949641325,2,"462,656,801",45.29455,0.017,2.016,0.016,0.016
"135,418,654",48.2910650310426,"153,419,652",39.130464704463,"153,418,658",50.3533033867725,"153,418,658",40.0690185898734,1,"153,418,658",40.06902,0.021,0.022,0.022,0.022
"768",6.17503385071492,"776",1.92896443754839,"754",9.56486660203137,"754",5.66171950986585,1,"754",5.66172,0.008,0.014,0.014,0.014
"273,595,709,827",-37.4285405514222,"265,613,711,826",-47.5586088190627,"253,283,577,713,843",-23.8134754837549,"253,283,577,713,843",-34.4166650503046,7,"253,283,577,713,843",-34.48254,0.029,1.048,1.048,1.048
"101,250,364,504,611,750,894",69.6495870478837,"112,253,359,487,582,779,889",41.3109488349383,"94,121,252,359,484,580,597,778,849,889,944",66.6478138627688,"94,252,359,484,597,778,889",44.6432897799177,6,"94,252,359,484,597,778,889",41.93093,0.099,4.081,0.081,0.081
"147,315,448,567,677",100.849537761598,"118,314,440,575,653",85.8185957344244,"116,148,302,439,563,681,785",104.395754469766,"116,302,439,563,681,785",89.2766776955923,2,"116,302,439,563,681,785",88.47115,0.07,2.031,1.061,1.061
"114,257,362,501,661,767,897",119.913075345757,"97,235,325,512,650,762,882",90.8866889415878,"97,203,229,324,361,494,511,615,651,761,882",120.447391208756,"97,229,324,361,511,651,761,882",98.2415151465642,4,"97,229,324,511,651,761,882",90.95409,0.118,4.084,1.087,0.124
"102,226,359,472,602,705,847",77.6952316048734,"79,270,331,461,625,705,850",46.9101644777138,"77,146,230,267,330,397,458,512,586,622,705,714,851,940",92.4568223105438,"77,267,330,458,622,714,851",51.4320390245136,2,"77,267,330,458,622,714,851",47.51092,0.132,7.092,0.142,0.142
"604",-95.8662899524189,"606",-97.8100702611938,"600",-92.6958194936335,"600",-97.2191320992858,8,"600",-97.22122,0.002,0.004,0.004,0.004
"278,477,577,704,818",38.1328636093502,"298,461,579,705,833",28.27198136297,"236,300,459,578,672,708,835",43.779752908132,"300,459,578,708,835",29.5924986363626,2,"300,459,578,708,835",28.65281,0.054,2.062,0.062,0.062
"102,302,439,560,745,899",83.5404449940592,"101,303,450,551,728,865",68.4060151517159,"100,302,445,552,593,722,730,864,913",92.0462160536899,"100,302,445,552,722,864",68.9320887201162,2,"100,302,445,552,722,864",68.65995,0.073,3.045,0.074,0.074
"122",76.8031683202341,"126",76.1814005140891,"147",81.7006470207436,"147",80.05228038213,2,"147",79.85989,0.004,0.025,0.025,0.025
"160,263,376,482,586,746,864",42.9044557199737,"197,268,390,471,582,737,869",33.3005560171685,"155,164,271,385,476,583,734,736,870",64.238970898924,"155,271,385,476,583,736,870",35.0705372137525,2,"155,271,385,476,583,736,870",35.06968,0.085,2.046,0.047,0.047
"158,497,733,885",31.4384145057689,"130,503,752,825",17.618028285531,"134,235,499,731,879,882",38.3159366816541,"134,499,731,879",19.9631595204684,3,"134,499,731,879",19.95272,0.113,2.031,0.034,0.034
"650",54.5431151190409,"652",50.580541194598,"615,680",54.1033877640342,"615,680",53.9879052232982,6,"615,680",53.81613,0.002,1.03,1.03,1.03
"515",67.046691462574,"516",66.4903787837545,"490,519",75.5222464938658,"519",66.8752272257168,2,"519",66.87394,0.001,1.004,0.004,0.004
"101,258,382,501,638,772,876",98.2613896681126,"98,263,405,501,649,761,866",84.4108783366439,"99,262,389,502,645,647,760,874",106.786404001235,"99,262,389,502,647,760,874",85.046846776275,2,"99,262,389,502,647,760,874",85.04679,0.063,1.035,0.037,0.037
"120,228,342,446,598,827",13.2971375019474,"420,421,595,836",5.19129139206108,"121,231,232,318,389,462,588,652,753,837",24.9465172481843,"121,232,318,462,588,837",2.14148815270211,2,"121,232,318,462,588,837",-2.48678,2.115,4.064,0.065,0.065
"219,340,635",77.9171093152892,"245,330,641",69.7899597426391,"184,217,354,447,639,654",103.659413438215,"217,354,639",74.8422354009211,2,"217,354,639",74.39005,0.042,3.02,0.02,0.02
"112,223,330,530,631,746,878",49.1551084093722,"104,221,362,522,661,730,887",30.8997983428791,"102,222,361,363,521,657,730,758,866,889",56.0192147427613,"102,222,361,521,657,730,758,889",38.6358718036655,3,"102,222,361,521,657,730,889",31.32922,0.105,3.1,1.1,0.104
"548",44.7696884103931,"550",39.8947516112677,"534,549",47.9509614860382,"549",39.8947518375908,3,"549",39.88307,0.002,1.001,0.001,0.001
"193,606,754,878",77.3731921899965,"188,617,788,868",62.2481180676086,"137,200,520,618,762,778,876",94.3748305992906,"200,520,618,762,876",71.7580434262174,3,"200,618,762,876",67.03004,0.06,3.029,1.029,0.029
"173,279,473,731",50.7754032935231,"161,290,485,725",39.1935491440943,"153,291,485,521,674,724,820",62.2307328035691,"153,291,485,724",40.6862597981004,2,"153,291,485,724",39.78582,0.041,3.051,0.051,0.051
"177,296,438,595,704,838",53.6657685422198,"185,292,407,590,720,840",42.8710324505585,"162,183,292,401,418,440,582,715,718,843,871",85.0542888978745,"162,292,418,582,718,843",49.8268704022447,5,"109,162,292,418,582,718,843",44.73676,0.066,5.041,0.071,1.071
"155,321,432,583,686,896",58.3783087448195,"161,288,473,589,673,879",37.9650954678778,"56,158,159,287,468,581,586,673,735,875",69.4654953281229,"159,287,468,586,673,875",39.8767065173759,2,"159,287,468,586,673,875",38.46958,0.116,4.109,0.111,0.111
"133,300,557,747",21.6165395460102,"139,293,574,748",12.8168731224001,"137,285,292,408,512,579,611,753",36.7998674349765,"137,292,512,579,753",19.5755065930832,3,"137,292,579,753",13.4333,0.031,4.04,1.04,0.04
"238",30.6690524237903,"238",30.2010916667038,"240,847",34.2777875592756,"240",30.3322879432801,10,"240",30.11121,0,1.002,0.002,0.002
"170,348,462,586,703,858",34.2346630552795,"178,345,471,600,701,860",18.8674659686655,"164,195,343,469,597,702,731,860",43.604275417378,"164,343,469,597,702,860",20.1064608682748,2,"164,343,469,597,702,860",19.63858,0.038,2.032,0.032,0.032
"170,552",70.1718613522333,"169,562",65.4173654424467,"168,191,561,588",81.8785198235402,"168,561",65.4418716833931,2,"168,561",65.41737,0.011,2.011,0.011,0.011
"179",-57.9502851965202,"160",-62.341027412172,"168,185,212",-45.9909472094916,"168",-62.0594700881659,4,"168",-62.21319,0.019,2.006,0.011,0.011
"114,337,440,549,721,827",52.9515783765396,"112,325,472,544,711,841",42.6758327630243,"115,318,451,560,707,849",62.9036397416045,"115,318,451,560,707,849",46.0725273722483,1,"115,318,451,560,707,849",46.07253,0.075,0.078,0.078,0.078
"642",-72.3797628965738,"630",-82.1369309977347,"564,633",-73.0777875756371,"633",-81.6139271745038,2,"633",-81.62972,0.012,1.009,0.009,0.009
"311,470,608,724,861",22.7081720547873,"311,446,644,730,895",11.9554047102772,"304,451,600,743,745,870,894",37.1583865575681,"304,451,600,743,894",13.0309745439658,2,"304,451,600,743,894",13.03092,0.1,2.062,0.086,0.086
"191,301,515,616,771,899",140.261673336057,"191,298,497,663,664",137.797719720167,"92,189,297,361,447,544,616,683,769,855,908",159.816617543337,"189,297,447,544,616,683,769,908",137.87125134428,2,"189,297,447,544,616,683,769,908",137.52139,1.175,5.046,2.046,2.046
"114,331,575,711,820",61.5697561741714,"109,326,589,709,843",54.4586232251588,"109,297,326,345,559,600,708,845",74.4801696008536,"109,326,559,600,708,845",59.9211103038037,2,"109,326,559,600,708,845",59.90836,0.049,3.054,1.054,1.054
"431,531",34.3995693270695,"425,541",23.429434912035,"328,418,552",33.3067296403938,"418,552",25.7832955974845,2,"418,552",25.47932,0.016,1.034,0.034,0.034
"379,774",86.4730397197103,"389,771",80.9479453055087,"382,439,757,768",98.758233520139,"382,768",82.0244250287365,2,"382,768",82.0095,0.013,2.009,0.009,0.009
"178,289,454,745,874",100.590083632419,"186,270,459,714,903",83.2244416139744,"154,174,277,287,452,482,639,729,846,902",118.327252031909,"154,174,287,452,482,639,729,902",104.029372736579,4,"174,287,452,729,902",85.78921,0.092,5.052,3.052,0.052
"137",8.39975928310339,"138",-4.87717979182079,"135,176,655,824",2.67098205594608,"135,655",-7.73730618841444,2,"135,655",-7.8633,0.001,3.002,1.002,1.002
"705",37.881889097303,"720",30.0733940804443,"517,678,723",42.4883942577495,"723",30.6400481615649,2,"723",30.63648,0.015,2.018,0.018,0.018
"187,493",74.0714703753763,"188,489",64.7641845810673,"187,481,510",72.4694841401482,"187,481",68.0236361486984,2,"187,481",65.9623,0.005,1.012,0.012,0.012
"208,371,520,804",-22.903470581266,"215,373,516,804",-29.6355845169491,"84,217,355,372,515,526,705,803",-7.46762313465496,"84,217,372,526,803",-30.2471002920641,2,"84,217,372,526,803",-30.26736,0.013,4.016,1.017,1.017
"101,224,329,467,599,750,899",155.370427127178,"137,138,390,472,557,775,882",144.275703510723,"100,220,302,387,471,552,619,759,764,876,898",172.130705804387,"100,220,302,387,471,552,619,764,898",150.992823216069,2,"100,220,302,387,471,552,619,764,898",150.45674,0.272,4.066,2.071,2.071
"106,213,325,431,556,669,824",55.9404673893798,"91,230,323,405,571,666,830",42.2923169755028,"90,229,321,414,434,569,666,825,842",61.4407354737393,"90,229,321,414,569,666,825,842",49.1609815181739,3,"90,229,321,414,569,666,825",42.5959,0.084,2.056,1.07,0.07
"172,303,453,724,866",87.710681653393,"163,312,453,742,854",79.9825493946192,"151,307,311,477,715,859",102.972555486432,"151,307,477,715,859",81.8473707868619,2,"151,307,477,715,859",81.80546,0.048,1.065,0.065,0.065
"439,633",6.32443401834344,"430,638",3.90255432040448,"409,662",13.4855747022457,"409,658",6.7811235181736,2,"409,658",6.781,0.014,0.059,0.055,0.055
"115,222,384,496,596,746,869",-18.8804778200769,"141,237,383,480,596,749,884",-36.252500339932,"84,109,140,239,377,481,598,748,885",-12.0872716271472,"84,140,239,377,481,598,748,885",-32.4035176756796,2,"84,140,239,377,481,598,748,885",-32.41028,0.076,2.065,1.084,1.084
"147,356,599,750",61.9134851574752,"139,363,590,761",57.0293933604511,"136,154,358,401,582,588,763",81.0609666068236,"136,358,582,763",61.1341409728039,2,"136,358,582,763",58.29352,0.035,3.033,0.043,0.043
"265,721",54.0382607436303,"279,715",49.5375909295916,"217,279,646,715",64.0607367025743,"279,715",49.6229450362165,2,"279,715",49.62249,0.02,2.02,0.02,0.02
"723",-4.61243858104923,"742",-9.76186944701952,"725",-2.82796155315929,"725",-7.0154450897272,1,"725",-7.01545,0.019,0.002,0.002,0.002
"678",-62.1772797316538,"683",-64.7679419749783,"558,681",-57.273755145804,"681",-64.7400399769439,2,"681",-64.74005,0.005,1.003,0.003,0.003
"130,230,350,489,606,712,882",65.9115435135532,"172,173,376,488,619,699,892",53.2987148871746,"117,228,365,488,611,708,869,891",75.3608861436372,"117,228,365,488,611,708,891",56.5637492847217,2,"117,228,365,488,611,708,891",56.46564,0.162,1.049,0.049,0.049
"101,223,370,582,693,794,897",72.7363092920462,"303,330,609,711,805,882",47.3155170023465,"112,225,373,515,587,707,801,891",75.1240282196426,"112,225,373,587,707,801,891",55.4775581675593,2,"112,225,373,587,707,801,891",51.22371,1.295,1.048,0.048,0.048
"239",-36.1140408941872,"242",-42.9909289896742,"241,291",-35.8177407968084,"241",-42.9908720877445,4,"241",-43.09029,0.003,1.002,0.002,0.002
"119,229",11.6169998674668,"128,228",8.94511933040878,"120,230,551,791",23.6325507389257,"120,230",9.48380790955621,2,"120,230",9.44093,0.01,2.002,0.002,0.002
"424",-32.8786712066036,"422",-33.4463418324084,"422,429",-24.6670157381337,"422",-33.4381363617438,9,"422",-33.54279,0.002,1.002,0.002,0.002
"173,357,472,632,762",114.83688774487,"163,344,462,658,721",93.1109115909183,"134,162,331,471,642,754,811",124.540633551823,"162,331,471,642,754",99.032313955634,2,"162,331,471,642,754",99.02549,0.1,2.056,0.056,0.056
"137,237,628,742,850",91.3397404246442,"137,217,643,743,862",75.1658500431938,"134,219,240,625,742,869",89.5477932864956,"134,219,625,742,869",76.8201295269718,2,"134,219,625,742,869",76.81938,0.048,1.028,0.043,0.043
"162,323,444,669,779",35.7070701502343,"164,331,442,672,786",28.9410781274228,"161,327,447,473,666,788,949",45.8455473617161,"161,327,447,666,788",29.8853767230865,2,"161,327,447,666,788",29.7418,0.022,2.02,0.02,0.02
"183,505,630",55.5454764149104,"191,515,612",46.3328506555349,"190,247,462,514,615,686",67.9397940335114,"190,462,514,615,686",58.0516548189758,7,"190,514,615",46.63469,0.036,3.031,2.031,0.031
"132,246,418,547,746,900",118.77128368328,"158,247,410,548,748,865",101.45083008344,"149,250,409,410,549,713,746,864,891",134.426217022041,"149,250,409,549,746,891",103.819887179326,2,"149,250,409,549,746,891",103.05288,0.073,3.04,0.041,0.041
"124,274,397,499,641,749,892",62.3809301692335,"137,279,398,503,623,739,902",39.5798260204779,"132,276,397,503,622,741,888,902",62.6196405115273,"132,276,397,503,622,741,902",40.511440067131,2,"132,276,397,503,622,741,902",40.11816,0.061,1.045,0.051,0.051
"349,591,698",117.783375355078,"343,575,710",112.622022357178,"324,340,568,719,835",128.866742139617,"340,568,719",113.135680040117,2,"340,568,719",113.0846,0.034,2.053,0.053,0.053
"242,443,625",80.3173312650586,"243,440,622",73.2488212006943,"213,257,435,442,621,632",93.5942603055845,"213,257,435,621",79.1366081419338,3,"257,435,621",74.63907,0.007,3.02,1.027,0.027
"126,240,355,489,665,768,873",86.1314123754378,"118,256,365,515,665,745,885",68.2046252659564,"117,253,360,394,470,518,644,663,746,749,884",94.8863972841407,"117,253,394,470,518,663,749,884",78.8444561161124,2,"117,253,394,470,518,663,749,884",72.94997,0.095,4.078,1.112,1.112
"622,777",44.576987644121,"628,768",37.2119760668414,"533,583,623,778",54.3302650160511,"623,778",38.0774647256764,2,"623,778",37.9811,0.015,2.002,0.002,0.002
"127,312,492,606",48.3973949239984,"188,298,501,600",32.7950581493059,"121,188,297,321,443,488,597,671,788",63.5511798301532,"121,188,297,488,597,671",42.1321000104444,3,"188,297,488,597,671",36.22173,0.09,5.028,2.034,1.089
"277,411,558,829",96.0026108397305,"290,413,562,818",87.6692964048971,"259,282,415,564,818",106.027690185972,"282,415,564,818",88.7148548348651,2,"282,415,564,818",88.70632,0.03,1.026,0.026,0.026
"327",-69.9377796447967,"324",-71.7134084729389,"325",-71.4526390879399,"325",-71.6838958148277,1,"325",-71.6839,0.003,0.002,0.002,0.002
"273,398,522,822",-14.7461908788937,"281,415,528,798",-29.1270663052974,"128,277,410,535,590,793,837",-3.66114670798812,"128,277,410,535,793",-23.9012452769756,9,"277,410,535,793",-28.17871,0.055,3.044,1.058,0.058
"538",28.7480852335592,"537",25.8015292782755,"532,617",35.8908780599219,"532",25.9896967069285,10,"532",25.87384,0.001,1.006,0.006,0.006
"404,611",37.2267229099346,"379,621",30.1710205006978,"362,398,620,675",43.4254966526924,"362,620",33.3630453873338,2,"362,620",32.88651,0.035,2.015,0.051,0.051
"175,307,416,525,645,767,896",68.0843988405597,"181,282,457,515,670,742,891",39.8720947911208,"69,176,281,319,442,529,646,665,752,891",71.2587560132425,"69,176,281,442,529,646,752,891",48.1232245663738,3,"176,281,442,529,646,752,891",43.09918,0.137,3.064,1.078,0.078
"183,391,578,692,838",-2.94807934913296,"204,382,574,708,819",-11.6253938863937,"121,180,213,379,398,569,706,818,844",17.9745434822604,"180,213,379,569,706,818",-5.48509508366396,2,"180,213,379,569,706,818",-5.99425,0.069,4.039,1.058,1.058
"230,558,767",-13.6401282915268,"243,560,759",-20.9981092190182,"242,489,558,757,787",-3.66865248005336,"242,558,757,787",-14.9592176851015,3,"242,558,757",-20.9489,0.023,2.022,1.022,0.022
"107,235,464,673,893",22.5241137800364,"102,220,455,665,878",0.344351647602011,"101,224,424,468,649,669,853,877",27.1464006592076,"101,224,468,669,877",8.39058292212437,2,"101,224,468,669,877",3.46604,0.052,3.041,0.041,0.041
"529",-27.1840626444298,"529",-28.3269614288346,"510,550",-17.5043373551964,"510,550",-23.3544720158328,1,"510,550",-23.35447,0,1.019,1.019,1.019
"115,243,346,594,695,884",66.353659813328,"138,248,342,603,687,883",47.3197218492229,"124,132,243,375,522,598,689,788,881",75.2375454087023,"132,243,375,522,598,689,881",55.3736872832986,3,"132,243,375,598,689,881",49.60761,0.05,3.051,1.059,0.059
"156,347,731,878",-83.9429388002259,"145,346,732,887",-88.8237037120511,"143,332,382,597,718,887",-70.5006720836256,"143,332,382,718,887",-84.7758340828456,2,"143,332,382,718,887",-84.82377,0.022,2.05,1.05,1.05
"125,455,637,764",-21.8462427999908,"123,440,641,775",-30.5062201665265,"131,435,633,783,794",-15.0739604672358,"131,435,633,783",-28.9662191877796,2,"131,435,633,783",-29.06774,0.032,1.049,0.049,0.049
"244,575,764,867",71.2043894614109,"252,625,627,827,866",46.5644598883594,"253,529,568,746,882",80.1602169499939,"253,568,746,882",62.7407121340126,2,"253,568,746,882",62.7016,1.122,1.049,0.049,0.049
"263,885",158.518443251842,"279,889",149.108188025258,"246,302,667,878",163.448950508539,"246,302,878",154.940578432534,2,"246,302,878",154.92136,0.02,2.024,1.024,1.024
"138,282,390,517,626,728,835",94.6011831564285,"138,184,375,413,416,910",70.3410640729602,"130,192,280,401,517,624,633,737,845,911",107.78477867802,"130,280,401,517,633,737,845,911",86.0964119285377,3,"130,280,401,517,633,737,845",80.18231,1.497,3.042,1.047,0.047
"180,300,439,605,735,885",77.7338149956177,"216,313,435,602,728,888",59.6567944806062,"151,197,314,438,598,729,887",80.6139670281782,"197,314,438,598,729,887",61.5121038150352,10,"197,314,438,598,729,887",61.50925,0.066,1.047,0.047,0.047
"330,670",35.5881306574443,"338,668",22.3643887791141,"337,557,680",26.5204468332426,"337,557,681",23.5625856566901,2,"337,557,681",23.56257,0.01,1.017,1.018,1.018
"537",71.1501535320356,"532",68.9503515741717,"502,535",75.5958204744774,"535",69.594433737626,2,"535",69.59314,0.005,1.002,0.002,0.002
"148,426,579",1.22607947754283,"152,429,568",-5.1458091608513,"154,395,421,579",8.64557656672196,"154,421,579",-3.05548709764552,2,"154,421,579",-3.05665,0.018,1.011,0.011,0.011
"106,404,738",109.536003173066,"136,414,745",102.610742168168,"137,413,416,707,756",117.48818445161,"137,416,756",104.621632629544,2,"137,416,756",104.12423,0.047,2.058,0.061,0.061
"696",36.5441062455685,"702",35.2814206826196,"162,572,706",45.423002944763,"706",35.6612550619277,3,"706",35.27588,0.006,2.01,0.01,0.01
"155,455,601,761",36.821739469456,"133,456,606,742",27.6179541420947,"131,159,431,462,595,605,739,811",54.0608807925263,"131,431,462,595,739,811",38.1985423194412,9,"131,462,595,739,811",30.94958,0.047,4.037,2.059,1.059
"192,513,613,781,900",68.1446943549898,"188,508,604,780,906",56.1992530688981,"187,208,422,496,617,777",91.486250694749,"187,496,617,777",67.6570119877691,3,"187,496,617,777,892",59.57356,0.025,1.5,1.277,0.038
"188,597,822",11.1892311811051,"195,599,813",6.9116728005285,"183,284,509,596,808,845",24.4764317414031,"183,596,808",10.2439228885931,2,"183,596,808",8.96453,0.018,3.02,0.02,0.02
"123,403,799",43.3399637390782,"127,406,804",39.8876558262283,"129,405,417,662,784,799,830",67.1097923955449,"129,405,799,830",46.5789186959727,3,"129,405,799",40.36436,0.012,4.008,1.008,0.008
"324,428,724",15.0641840256914,"315,425,723",-1.11862367800961,"302,424,451,609,694,729,821",23.103119436924,"302,424,694,729",9.93491195936713,3,"302,424,729",0.06795,0.013,4.031,1.031,0.031
"159,310,480,635,790",43.5010182423853,"164,304,512,602,806",29.956652715102,"159,305,312,505,604,629,805",48.1264645401772,"159,305,505,604,629,805",37.1655465453167,5,"159,305,505,604,805",30.59771,0.092,2.048,1.051,0.076
"103,332,466,658,764,873",147.467757776761,"122,331,473,657,798,800",135.659434670178,"114,124,329,472,474,642,759,883",175.415179070936,"124,329,474,642,759,883",143.127527018299,2,"124,329,474,642,759,883",143.12034,0.135,2.051,0.063,0.063
"113,226,327,522,653,764,880",104.369195557848,"108,238,330,517,661,779,872",88.2677560222152,"101,235,335,513,657,775,885",114.587449388906,"101,235,335,513,657,775,885",89.9351633512027,1,"101,235,335,513,657,775,885",89.93516,0.056,0.058,0.058,0.058
"748",117.732286758447,"745",113.31223900798,"698,745",124.615498368124,"745",114.213531545071,2,"745",113.35035,0.003,1.003,0.003,0.003
"115,264,372,482,662,895",49.4675917750758,"125,256,418,419,685,895",24.3259087342573,"123,255,384,475,681,891,894",49.8331832072549,"123,255,384,475,681,894",34.2826983167452,2,"123,255,384,475,681,894",34.28269,0.15,1.056,0.056,0.056
"417,531,682,816",56.3346097575312,"398,552,698,812",43.8128682217271,"282,380,422,551,691,696,815,901",72.676529796775,"380,551,696,815",44.9593980540622,2,"380,551,696,815",44.62039,0.06,4.035,0.072,0.072
"103,225,369,562,682,895",49.7361467025923,"109,225,351,592,696,905",27.6488283677909,"107,224,244,351,550,606,698,711,903",50.4101870169371,"107,224,351,550,606,698,903",32.4990135353429,3,"107,224,351,550,606,698,903",32.09643,0.078,3.059,1.059,1.059
"238,365,492,601,764,865",81.7439055363664,"257,354,502,617,744,866",71.756261066566,"226,356,500,616,744,866",83.8284407979891,"226,356,500,616,744,866",72.6189306908858,1,"226,356,500,616,744,866",72.61893,0.077,0.065,0.065,0.065
"135,358,503,604,769",64.8534579024227,"143,348,504,597,763",58.0336233909808,"142,144,328,347,479,615,764,788",97.2819596381052,"142,328,347,479,615,764",66.7318596223233,6,"142,347,479,615,764",59.82519,0.032,3.058,1.058,0.058
"116,278,422,549,701,847",57.9010736543055,"128,272,424,558,715,839",49.8387049515692,"83,127,128,240,287,422,557,712,843",76.0183192187752,"127,240,287,422,557,712,843",54.770263829633,2,"127,240,287,422,557,712,843",54.65298,0.051,3.043,1.043,1.043
"361,693,844",52.2620945503425,"352,690,843",46.1739958111125,"326,365,675,846",63.8163148516636,"326,365,675,846",53.5499201444593,3,"365,675,846",48.99838,0.013,1.024,1.024,0.024
"557,676,783",99.8448053579055,"559,704,782",91.4524422751572,"199,554,696,796,804",108.281945794404,"554,696,804",93.7494504672603,7,"554,696,804",93.37424,0.031,2.036,0.044,0.044
"202,333,530,703",103.449395165441,"216,323,515,696",91.6742530914094,"184,341,514,700,718",111.205201065218,"184,341,514,700",94.3172746818333,2,"184,341,514,700",94.31481,0.046,1.045,0.045,0.045
"138,289,567,721,836",91.491401702377,"159,283,562,716,853",82.9214379738375,"103,157,285,321,536,562,715,855",107.274793717363,"157,285,536,562,715,855",89.5820063598994,3,"157,285,562,715,855",83.30393,0.054,3.053,1.053,0.053
"111,247,362,534,644,791",71.8810773204672,"129,299,338,518,644,812",46.8300599310795,"128,244,368,387,513,650,812,846",79.5350618397069,"128,244,368,513,650,812",53.1890432997156,2,"128,244,368,513,650,812",51.42014,0.131,2.074,0.074,0.074
"126,247,369,505,614,782,888",-4.25475595082027,"149,224,376,513,613,816,817",-21.7012766185887,"99,126,234,374,507,625,631,763,786,893",22.9484514446323,"126,234,374,507,625,763,786,893",-10.8993896328205,3,"126,234,374,507,625,786,893",-17.53082,0.167,3.04,1.04,0.04
"190,405,553,710,834",99.1581068920292,"185,387,578,713,848",87.1055235729899,"183,386,563,712,853",93.8044005089142,"183,386,563,712,853",87.4173430119063,4,"183,386,563,712,853",87.41302,0.065,0.057,0.057,0.057
"170,318,736,864",59.4938624005683,"169,323,753,837",52.4004030549872,"158,342,486,721,873",74.8611489971155,"158,342,721,873",57.1836707981652,2,"158,342,721,873",57.15203,0.05,1.06,0.06,0.06
"475,651",41.7643281936083,"454,666",32.5188995898003,"436,669,681",44.7476689613119,"436,681",35.4683341574114,2,"436,681",35.46725,0.036,1.057,0.069,0.069
"147,319,420,554,688,849",104.273510059222,"141,339,413,556,647,844",84.4161160977891,"121,154,316,328,420,554,648,678,817,870",116.619946578135,"121,154,316,420,554,648,817,870",97.2322041857277,3,"154,316,420,554,648,870",87.11996,0.081,4.041,2.071,0.071
"145,308,531,783",73.3295848282516,"134,322,532,780",61.8520498229948,"115,144,316,345,532,750,798",83.1307738880243,"115,144,316,532,750,798",73.5965580972734,4,"115,316,532,798",65.72392,0.029,3.025,2.025,0.054
"156",36.0471699065021,"158",32.7252188919084,"178",38.058419615265,"178",35.6080268913298,9,"178",35.22126,0.002,0.022,0.022,0.022
"109,839",25.3099815066706,"111,850",16.8535858854284,"110,131,255,843",31.6306662965851,"131,843",18.0936220311941,2,"131,843",17.99503,0.013,2.005,0.026,0.026
"196,365,468,596,765,868",38.3452229025354,"202,368,466,572,775,865",11.3465153312273,"65,187,213,358,362,466,578,618,750,768,871",53.9116092705324,"65,213,362,466,578,768,871",15.8945812068629,2,"65,213,362,466,578,768,871",15.89356,0.048,5.038,1.046,1.046
"202,346,517,663,849",-29.5564529314905,"216,342,517,671,853",-42.740920172717,"212,342,516,662,679,851,887",-25.9304052092882,"212,342,516,662,851",-38.7911265684853,7,"212,342,516,662,851",-42.16414,0.03,2.018,0.018,0.018
"192,305",58.4572485422806,"189,323",48.8718754857416,"131,184,329,347",67.0460012057393,"184,329",50.003918754456,2,"184,329",49.98699,0.021,2.032,0.032,0.032
"460,772",31.0014504521701,"451,787",21.661710217552,"442,484,777,788",36.8186908370561,"442,777",24.3929131575954,2,"442,777",24.32584,0.024,2.023,0.023,0.023
"158,307,458,560,890",20.1059566339304,"159,325,428,571,880",-0.0437195266162718,"156,317,429,579,584,756,879",20.8345595327007,"156,317,429,579,879",2.89275818498987,2,"156,317,429,579,879",1.86796,0.07,2.071,0.071,0.071
"102,207,364,686,794,896",66.8418667825173,"89,218,369,629",71.6785730099712,"80,104,217,221,370,581,625,686,799,903,916",96.8955508896236,"80,104,217,370,581,686,799,903",70.3877817797188,2,"80,104,217,370,581,686,799,903",70.38421,2.086,5.03,2.03,2.03
"463,658,880",-21.3502287885902,"454,660,873",-27.3184660532692,"203,449,659,872",-18.776958183097,"449,659,872",-27.2369690290905,2,"449,659,872",-27.23762,0.018,1.023,0.023,0.023
"490",19.910277537804,"492",18.5577945573601,"377,494",23.3845265155702,"494",18.8908771321138,2,"494",18.88814,0.002,1.004,0.004,0.004
"331",-18.2746667096938,"337",-21.9113715178702,"334,585",-16.4740401955635,"334",-21.7138158213534,8,"334",-21.79269,0.006,1.003,0.003,0.003
"677,798",22.6207848575552,"699,769",13.9564141210233,"383,682,685,789",33.2601508607581,"685,789",17.8695872600229,2,"685,789",17.86945,0.051,2.014,0.017,0.017
"137,900",10.3330100653617,"145,902",5.30759674517899,"143,180,283,834,894",28.3126987408137,"143,894",6.20297952199283,9,"143,894",5.58198,0.01,3.012,0.012,0.012
"693",-12.4758079668187,"686",-15.328809714039,"672",-5.11266409683472,"672",-12.3641945101377,1,"672",-12.36419,0.007,0.021,0.021,0.021
"130,278,394,515,660,764,867",4.15894413302487,"140,257,405,471,659,775,847",-12.0770670294725,"108,129,162,193,251,316,389,470,528,657,731,774,852",22.9626005465472,"129,251,316,389,470,528,657,774,852",-2.60608408162749,3,"129,251,316,389,470,657,774,852",-9.4861,0.118,6.074,2.074,1.106
"185,726",-32.0052561106143,"191,725",-35.3841166851772,"194,278,627,726,730",-13.434676478635,"194,726",-34.8021257436313,2,"194,726",-34.82067,0.007,3.009,0.009,0.009
"198,627",-28.3004094827781,"205,615",-38.1912975973034,"194,240,583,621",-25.8465567584392,"194,621",-34.5309904123127,2,"194,621",-35.57921,0.019,2.01,0.01,0.01
"665",54.2356350390937,"663",51.7604877963074,"654",55.3381155786623,"654",52.5812145137675,1,"654",52.58121,0.002,0.011,0.011,0.011
"134,335,531,645,745,899",45.9805976321608,"134,343,508,658,723,898",26.3340846960824,"134,339,340,503,651,734,897",50.3189812892407,"134,340,503,651,734,897",28.729582807982,7,"134,340,503,651,734,897",28.71158,0.067,1.051,0.052,0.052
"219,329,433",47.0227251347224,"224,330,434",44.1458187945663,"164,211,448,549",70.2318555744584,"164,448",58.3783744981116,5,"164,326,448",53.08696,0.007,1.188,1.07,0.073
"319,523,647,891",31.1842622109139,"310,509,640,906",20.3768098855966,"300,499,656,881",43.0419685252656,"300,499,656,881",24.5114737836499,3,"135,300,499,656,881",23.89167,0.045,0.062,0.062,1.062
"149,303,444,562,675,777,883",52.5819853586457,"141,314,445,551,674,753,903",35.8056459566137,"123,141,313,442,550,671,756,875,903",52.8742581352088,"141,313,442,550,671,756,903",36.3034200137722,4,"141,313,442,550,671,756,903",36.15132,0.076,2.065,0.077,0.077
"173,329,495,602,743,856",81.0663685124672,"224,330,484,633,680,886",58.8107259466412,"162,222,342,481,606,609,727,863,885",90.1926678067982,"162,222,342,481,606,727,885",67.4229859128041,2,"162,222,342,481,606,727,885",65.42265,0.187,3.065,1.087,1.087
"285,590",70.2426268565895,"281,604",61.1187813530044,"278,604,608",72.3147576547947,"278,604",61.1927348408591,2,"278,604",61.19272,0.018,1.021,0.021,0.021
"118,267,386,525,664,789",42.5542857960862,"191,261,372,538,671,798",28.1235304084197,"112,265,382,394,536,670,802",51.4073949608294,"112,265,382,536,670,802",29.1280126688989,2,"112,265,382,536,670,802",29.12342,0.122,1.042,0.042,0.042
"315,879",76.6816474562002,"326,880",68.9427145985431,"262,311,369,854",85.166684138938,"311,369,854",75.1933466041205,2,"311,369,854",74.91317,0.012,2.029,1.029,1.029
"150,276,424,585,775,892",52.6918614361646,"157,287,410,611,777,912",40.5954428025094,"74,87,156,286,412,467,588,652,774,898,912",74.7996186780209,"156,286,412,588,652,774,912",44.7055711064799,2,"156,286,412,588,652,774,912",43.90363,0.08,5.038,1.052,1.052
"103,372,483,595,843",18.9918692911216,"109,374,480,587,862",6.92634902529363,"108,136,362,479,598,860",30.126263885254,"136,362,479,598,860",10.1376818702923,2,"136,362,479,598,860",9.97019,0.038,1.039,0.067,0.067
"139,254,383,487,600,706,815",44.6015527077287,"141,264,429,430,658,702,823",25.2877582047096,"107,138,267,386,465,513,581,643,714,820,832",59.9220788564202,"138,267,386,465,513,581,643,714,832",39.652597797455,2,"138,267,386,465,513,581,643,714,832",39.64923,0.185,4.071,2.083,2.083
"117,235,335,488,630,734,863",114.91368130427,"108,263,265,500,624,766,859",102.339527492176,"105,234,351,482,489,623,760,862",126.979461010781,"105,234,351,489,623,760,862",103.946910404532,2,"105,234,351,489,623,760,862",103.58206,0.161,1.064,0.064,0.064
"121,260,384,575,739,875",55.0263885244275,"128,259,385,560,741,868",42.0339890606079,"126,244,258,384,559,561,736,866,919",63.9060849980653,"126,258,384,559,736,866,919",47.0024781851689,6,"126,258,384,559,736,866,919",46.98383,0.033,3.033,1.035,1.035
"174,280,628,739,853",59.4575304847527,"190,282,632,725,868",48.2373990284147,"143,186,286,376,540,628,725,868,911",79.5531950288855,"143,186,286,628,725,868",55.0048290469827,6,"186,286,628,725,868",48.87154,0.051,4.047,1.047,0.047
"118,315,418,559,864",43.7470690240156,"111,299,405,571,843",25.8818503108575,"111,292,412,544,577,594,842",49.7067544418937,"111,292,412,577,842",27.7024278367286,2,"111,292,412,577,842",27.3269,0.069,2.073,0.076,0.076
"221,788",98.7038968731097,"209,808",92.9637034865227,"205,367,732,810",103.175036144439,"205,810",93.3809937575374,2,"205,810",93.24803,0.032,2.038,0.038,0.038
"110,302,405,510,666,837",-52.0524335743989,"86,330,400,506,660,816",-64.2822363851788,"86,130,295,405,407,508,659,802,847,870",-31.7156169925245,"86,295,405,508,659,802,870",-53.7141310606334,2,"86,295,405,508,659,802,870",-58.26047,0.088,4.046,1.073,1.073
"315,643,747,848",-92.1419337433848,"316,637,736,847",-96.1474295541703,"310,617,853",-72.8174599181439,"310,617,733,853",-88.6595045883403,9,"310,617,733,853",-90.12889,0.019,1.137,0.05,0.05
"117,247,359,514,676,898",-13.0181582905058,"133,263,351,528,659,907",-31.5520713765801,"109,132,259,355,360,526,639,660,727,904",-0.272898523414199,"132,259,355,526,660,904",-29.1757550002804,2,"132,259,355,526,660,904",-31.04512,0.08,4.055,0.065,0.065
"286,500,741,863",73.9418380884926,"285,497,721,860",67.4403395456535,"280,490,507,703,875",84.6381570119284,"280,490,703,875",69.4180598679021,4,"280,490,703,875",68.87306,0.027,1.063,0.066,0.066
"158,340,674,897",-10.3832042462458,"176,333,681,903",-16.3184812723629,"119,178,337,399,673,682,897",4.86206076038902,"119,178,337,673,897",-11.3142195351078,3,"178,337,673,897",-15.15821,0.038,3.024,1.024,0.024
"104,232,380,588,725",36.4594308639811,"110,235,391,583,725",29.2554438690907,"108,237,393,581,582,726,847",50.9142995363185,"108,237,393,581,726",29.6447128578887,2,"108,237,393,581,726",29.61492,0.025,2.029,0.03,0.03
"196,527,670",-103.406177818053,"211,529,683",-115.753317460507,"210,414,519,698",-103.427079549646,"210,519,698",-114.1058394758,2,"210,519,698",-114.10666,0.03,1.05,0.05,0.05
"165,284,412,561,743,896",84.9721626562882,"185,259,430,576,739,924",68.0841941481225,"161,167,283,429,536,592,725,740,911",99.1467129139397,"161,283,429,536,592,740,911",74.341785159983,2,"161,283,429,536,592,740,911",74.33497,0.11,3.063,1.065,1.065
"238,374,592",32.2321809341217,"251,383,593",22.6575485547024,"170,253,390,591,753",30.8427269135491,"170,253,390,591",24.0398221085283,2,"170,253,390,591",22.9126,0.023,2.032,1.032,1.032
"117,240,380,655,782,883",11.7757469335752,"132,210,401,665,737,880",-1.90280640203809,"98,130,209,271,383,402,497,655,662,739,794,879",37.8293036729428,"130,209,271,402,662,739,879",7.26311672508571,4,"130,209,402,662,739,879",-1.51596,0.124,6.063,1.12,0.12
"103,224,324,434,580,724,859",91.5791807967605,"49,456,591,718,853",79.7993106443684,"69,105,220,345,443,588,590,717,853",106.420579461868,"105,220,345,443,588,717,853",75.4339647008263,3,"105,220,345,443,588,717,853",75.33838,2.32,2.057,0.057,0.057
"277,395,571,797",2.45081840248788,"270,390,585,796",-1.35682604246145,"241,397,588,798",14.3367730611926,"144,241,397,588,798",0.393825336263724,2,"144,241,397,588,798",-0.53246,0.027,0.056,1.056,1.056
"473,814",48.6188906407743,"472,819",40.2096914589403,"419,443,516,774,818",54.3049316521851,"419,516,818",40.3053544206364,2,"419,516,818",40.27101,0.006,3.034,1.047,1.047
"164,547",-36.7353810860472,"202,551",-50.5526227340333,"177,227,257,549,695",-31.9996879132638,"177,549",-48.3936424944429,2,"177,549",-48.71826,0.042,3.015,0.015,0.015
"152,323,430,731,881",28.8852107499747,"152,306,431,749,839",17.244285567325,"151,304,435,498,718,747,839,884",41.3576937534663,"151,304,435,718,747,839",30.115782763849,3,"151,304,435,747,839",17.42348,0.078,3.041,1.08,0.083
"374,518,674,876",26.8453803166292,"380,503,671,868",16.1251254167857,"372,502,529,672,867",26.353324555556,"372,502,672,867",16.8462874560131,2,"372,502,672,867",16.84581,0.032,1.024,0.029,0.029
"199,544,675",36.8143623872816,"203,532,683",29.7784646168534,"172,203,236,497,532,686,882",55.8228164116872,"203,497,532,686",38.5471876242568,3,"203,532,686",30.08366,0.024,4.027,1.027,0.027
"204,362,467,609,870",-15.3808685196518,"205,355,488,608,845",-30.8999780931282,"153,190,352,487,615,844",-5.90055001248889,"190,352,487,615,844",-28.9127473301346,2,"190,352,487,615,844",-28.91287,0.055,1.076,0.076,0.076
"246,365,534,642,812",112.415823769573,"243,384,493,680,805",101.409773309407,"61,145,245,382,492,533,635,681,804,924",127.958153926175,"245,382,492,635,681,804,924",113.972555918049,3,"245,382,492,635,804",103.38016,0.108,5.034,2.075,0.075
"153,274,432,536,665,781,886",58.5311617889443,"135,344,409,526,655,781,923",44.9317336144731,"138,153,288,336,421,525,654,780,888,922",74.7142359465744,"138,288,421,525,654,780,922",50.4989635543596,2,"138,288,421,525,654,780,922",47.02584,0.168,3.05,0.099,0.099
"122,233,464,634,748,876",83.4362638588407,"171,238,469,695,725,871",60.7945460724412,"134,248,281,470,641,742,872",92.2645944542294,"134,248,281,470,641,742,872",78.2017810805334,5,"134,248,470,641,742,872",71.74004,0.148,1.05,1.05,0.05
"160,294,620,779",114.735976381351,"152,302,620,779",106.7753569987,"147,303,616,618,781",115.585651985843,"147,303,618,781",106.976529629258,2,"147,303,618,781",106.97652,0.016,1.026,0.026,0.026
"566,674,891",126.715720834058,"607,627,901",118.664646424108,"496,551,708,892",139.758187133089,"496,551,708,892",128.248498413508,3,"551,708,892",121.40223,0.098,1.05,1.05,0.05
"113,348,459,595,886",31.2730281539788,"95,358,453,594,888",18.7794086763705,"102,327,354,459,601,847,888",46.1645786324878,"102,327,459,601,888",27.9877388734478,2,"102,327,459,601,888",24.34555,0.037,2.025,0.04,0.04
"115,219,390,581,718,833",-31.438231941186,"117,225,394,549,732,833",-39.4052796824641,"116,201,263,392,537,546,579,715,718,836",-10.68557904725,"116,201,263,392,546,715,836",-33.4512812776039,2,"116,201,263,392,546,715,836",-34.92726,0.058,4.026,1.062,1.062
"234,341,535,803",5.41526635874982,"237,341,519,810",-8.75467290371884,"133,226,345,519,525,794,815",16.9334599729983,"133,226,345,525,815",-1.71916557755721,9,"226,345,525,815",-6.59872,0.026,3.031,1.034,0.034
"106,207,324,437,573,680,819",145.919213626942,"184,186,310,486,487,747,794",128.822748133521,"117,206,316,324,451,550,579,687,744,803,896",167.43012734423,"117,206,324,451,579,687,803",136.03508782221,2,"117,206,324,451,579,687,803",134.63535,0.34,4.055,0.055,0.055
"123,333,449,673,883",36.6322925225592,"119,340,455,673,889",27.4953075831931,"118,124,336,456,529,656,675,861,888",56.6389000340905,"118,336,456,675,888",28.2003870757251,2,"118,336,456,675,888",27.98561,0.023,4.018,0.022,0.022
"184,484,660,857",-19.5770593005143,"174,478,663,910",-31.8820429948501,"167,174,476,668,813,910",-22.100383419916,"174,476,668,813,910",-32.0217927442412,10,"174,476,668,813,910",-32.04051,0.072,2.07,1.07,1.07
"460",9.71372412686909,"456",8.75191829004411,"450,459",15.4716018956671,"459",9.03705594380255,2,"459",9.0366,0.004,1.001,0.001,0.001
"319,464,586,744,866",13.3004247047377,"302,465,598,751,852",3.41684226750766,"288,338,461,599,735,765,857",19.6911411896824,"288,461,599,735,857",4.99416464245238,2,"288,461,599,735,857",4.58656,0.051,2.053,0.065,0.065
"210,326,444,592,889",23.0157203232274,"211,325,421,606,906",13.9941834344519,"188,207,318,442,603,649,866,906",39.9883455148141,"207,318,442,603,906",15.3040206819734,5,"207,318,442,603,906",14.22803,0.056,3.041,0.041,0.041
"110,214,331,431,568,690,883",99.8173658805964,"86,218,372,376,583,685,889",83.1837491968172,"85,92,217,321,432,575,689,887",123.725106554908,"92,217,321,432,575,689,887",89.2292785035774,2,"92,217,321,432,575,689,887",89.1295,0.15,1.044,0.044,0.044
"200,305,426,557",107.175640527889,"199,310,414,561",103.740197911755,"181,309,419,559,608,737,798",130.652982557507,"181,309,419,559,798",108.168094014218,3,"181,309,419,559",104.4074,0.022,3.032,1.032,0.032
"110,317,435,542,649,792",103.527680863038,"108,324,427,559,651,803",91.3527343601792,"110,299,322,434,551,656,804",107.455566500883,"110,299,434,551,656,804",93.4209216887111,2,"110,299,434,551,656,804",93.18352,0.047,1.034,0.047,0.047
"105,645,879",-2.32708994682154,"99,637,885",-11.2318178038802,"122,629,873",11.2145821260048,"122,629,873",-4.72940385551598,2,"122,629,873",-4.72942,0.02,0.039,0.039,0.039
"162,568,880",-3.16265913371848,"160,581,895",-12.5469501608559,"151,191,572,877",10.8881482919832,"191,572,877",-6.66994619551141,2,"191,572,877",-7.03219,0.03,1.018,0.036,0.036
"380,568,671",106.430401829444,"382,553,689",97.5140733402877,"241,259,381,551,703,725",119.250054555001,"381,551,703",99.1674719752257,2,"381,551,703",98.21788,0.035,3.05,0.05,0.05
"343,761",-62.599310207739,"341,760",-73.7675792054002,"289,343,361,382,722,763",-48.818402860488,"343,763",-69.2880475600756,2,"343,763",-73.12838,0.003,4.002,0.002,0.002
"208,407",97.7125379195065,"215,412",94.664299095913,"169,213,398,472",108.272875213183,"213,398,472",97.9673771155765,2,"213,398,472",97.96681,0.012,2.014,1.014,1.014
"253,364,639",38.3813635150931,"247,370,640",34.3560277608833,"212,243,382,641",46.1952273248186,"212,382,641",41.935482399005,2,"212,382,641",39.22041,0.013,1.03,0.061,0.061
"199,489",46.3098053465936,"196,483",42.4779644135446,"196,488",45.9201937743047,"196,482",42.4787969481804,2,"196,482",42.47879,0.009,0.004,0.01,0.01
"318,499,712",51.9641696300942,"320,506,719",42.8450102220983,"316,505,719,754",50.4480526322228,"316,505,719",42.9573643468323,2,"316,505,719",42.95735,0.016,1.015,0.015,0.015
"191,321,443,563,709,889",38.7696000508264,"198,357,459,554,730,896",14.5493794507079,"113,199,354,429,460,560,712,730,894,910",45.3246441554822,"199,354,460,560,730,894",19.0223061378397,2,"199,354,460,560,730,894",15.31193,0.096,4.066,0.087,0.087
"348,656",64.8724557891545,"344,664",62.0658197981414,"339,656,713",70.8009171859791,"339,656",63.5360328973537,4,"339,656",63.32562,0.012,1.009,0.009,0.009
"116,231,341,458,740,880",-10.8768591409208,"66,478,752,860",-16.6452141201908,"78,363,473,738,859,882",9.86957060230305,"78,232,363,473,738,859,882",-15.7688900110342,3,"78,232,363,473,738,859",-22.13019,2.327,0.703,1.08,0.099
"108,217,347,493,703",-36.2627308607045,"109,236,338,474,721",-45.4660329128028,"108,216,237,339,475,483,696,725,734",-12.4755134723493,"108,216,237,339,475,725",-37.279001592456,3,"108,237,339,475,725",-44.60475,0.066,4.026,1.049,0.068
"121,249,380,529",55.2066631847178,"95,261,359,538",35.0606769855736,"99,253,358,397,539",48.8568578614529,"99,253,397,539",40.0303840647683,2,"99,253,397,539",37.93791,0.068,1.053,0.053,0.053
"103,270,413,516,617,739,845",53.2336576035725,"96,307,311,966",33.9123641112248,"96,101,255,287,360,387,537,616,726,841,882",62.2897275320956,"96,255,287,360,387,537,616,726,882",35.035329778526,4,"96,287,360,537,616,726,882",20.9919,3.381,4.082,2.12,0.149
"182,358,535",24.0987099454336,"199,346,529",12.5842067533,"183,195,347,534,540,706",34.1742868534985,"183,347,540",17.1254938437269,3,"183,347,540,700",16.3721,0.035,3.013,0.017,1.017
"187,843",-6.3696477884802,"198,846",-9.96681458028707,"163,213,459,564,645,845",3.95566600805018,"213,845",-5.47945041999782,4,"213,352,845",-7.14372,0.014,4.026,0.028,1.028
"165,544,723,892",25.49328324477,"155,556,706,895",13.5560581405722,"155,546,707,891",31.0470515255143,"155,546,707,891",15.6072022618374,7,"155,546,707,891",15.55715,0.042,0.029,0.029,0.029
"110,268,435,560,762,869",20.9659511648612,"123,263,456,555,744,873",2.53647894649917,"49,122,262,452,557,643,735,872,914",26.1085721623211,"122,262,452,557,735,872",3.2636014672476,2,"122,262,452,557,735,872",3.00517,0.066,3.068,0.068,0.068
"114,219,334,461,594,764,864",128.274873561629,"424,435,620,741,894,895",99.6073098461275,"118,203,312,339,452,618,738,739,853",132.281376022668,"118,203,339,452,618,739,853",107.127951615094,2,"118,203,339,452,618,739,853",107.12012,1.416,2.094,0.094,0.094
"304,555,763",19.6211771822569,"300,559,771",15.9392907875544,"282,311,516,559,769,786",36.6591659295053,"282,311,559,769",22.3150028353057,3,"311,559,769",17.42709,0.016,3.017,1.017,0.017
"601,890",-13.3561801481378,"602,903",-18.6635222921253,"167,596,603,846,900",2.20213418593276,"603,900",-18.0393600321308,2,"603,900",-18.4918,0.014,3.012,0.012,0.012
"569",50.595705102974,"556",43.1830125466444,"554",43.8420347130291,"554",43.2057197672568,1,"554",43.20572,0.013,0.015,0.015,0.015
"252,363",-11.0362474629013,"266,353",-16.3775309287741,"254,369,592,758",-8.02080322950202,"254,369",-14.2402085905482,8,"254,369",-14.77503,0.024,2.008,0.008,0.008
"138,267,448,615,734,892",37.5004558438894,"142,260,447,619,736,878",26.6289526845436,"136,261,282,419,447,609,612,736,878,891",65.1704926654393,"136,261,447,609,736,878",27.3176765531018,2,"136,261,447,609,736,878",27.30133,0.032,4.015,0.031,0.031
"424,725,878",46.7120927092752,"415,717,878",38.6694118178838,"90,183,415,670,714,779,851,878",63.7086569313439,"415,714,779,851,878",49.8611272439467,4,"415,714,779,851",40.29754,0.017,5.02,2.02,1.047
"107,229,448,565,696,868",1.51573573909318,"131,233,454,563,697,872",-7.44694041150058,"113,130,231,274,449,562,567,697,870,916",22.7614410604018,"113,231,274,449,562,697,870",-0.953391489726258,2,"113,231,274,449,562,697,870",-1.61242,0.041,4.014,1.015,1.015
"414,581",141.456337512844,"409,595",133.895471863548,"134,407,600,825",142.254685144812,"407,600",134.803520471652,9,"407,600",134.5409,0.019,2.026,0.026,0.026
"313",4.07478224073268,"318",0.190039484309324,"317,766",5.62515598487594,"317",0.191272399996272,2,"317",0.12927,0.005,1.004,0.004,0.004
"145,365,591",-14.9677757852077,"123,372,586",-26.4533593777277,"133,369,589,659",-12.8572558209488,"133,369,589",-26.0206461908233,1,"133,369,589",-26.02065,0.034,1.018,0.018,0.018
"239,829",-54.520838118155,"249,828",-59.9009228846622,"256,758,827",-44.6614233367189,"256,758,827",-54.6677741820482,3,"256,827",-58.77352,0.011,1.019,1.019,0.019
"660,840",-34.0390554476819,"675,852",-46.5035045125569,"645,674,851",-38.2320764261486,"674,851",-46.5034804633501,10,"674,851",-46.61478,0.027,1.025,0.025,0.025
"374,777",63.1874447152411,"378,779",59.7024637950614,"367,385,777",67.0399643072345,"385,777",60.7679684640641,2,"385,777",60.29344,0.006,1.007,0.011,0.011
"258,361,555,667,857",71.7964085327955,"256,350,612,625,866",56.2046533074636,"207,252,356,556,677,850,865",81.3814369395392,"252,356,556,677,850,865",67.1855866346038,3,"252,356,556,677,850",60.56114,0.121,2.029,1.029,0.029
"140,305,417,641,767,889",42.5223551097246,"172,235,418,683,723,895",26.4331122266397,"115,170,234,320,329,416,630,682,735,762,894",54.7562446564318,"170,234,320,416,630,735,894",36.6819697280645,2,"170,234,320,416,630,735,894",29.83916,0.195,5.062,1.094,1.094
"185",47.1834288012885,"171",38.6788055315939,"184,315",53.0089862854508,"184",41.4873166376279,2,"184",41.48715,0.014,1.001,0.001,0.001
"178,375,666,805",11.5986879594127,"174,376,659,819",2.86696374890993,"155,176,374,385,644,656,822",29.8002469971192,"155,176,385,656,822",10.4289626221008,3,"155,385,656,822",4.1879,0.026,3.03,1.039,0.06
"104,362,634,837",-20.4559647496821,"100,365,621,848",-23.8623018523785,"99,192,346,377,433,611,635,837,848",8.59747527372033,"99,346,611,848",-17.9926756487481,2,"99,346,611,848",-18.52193,0.031,5.021,0.055,0.055
"122,292,397,500,603,707,854",99.8374807005656,"132,238,468,497,584,711,856",74.6189899372812,"108,131,231,274,425,463,504,582,621,709,853,883",113.982846315818,"131,231,274,425,504,582,621,709,853",95.2253941346499,2,"131,231,274,425,504,582,621,709,853",91.96836,0.163,5.08,2.08,2.08
"143,303,664",-5.74571895740912,"135,296,659",-14.0946780895663,"132,291,356,541,659,815",4.67375333862213,"132,291,659",-12.8096106593019,2,"132,291,659",-13.68201,0.02,3.028,0.028,0.028
"495",16.0616504671465,"500",13.8655324145939,"491,540",20.2413764165793,"491",15.1506542957061,2,"491",15.14438,0.005,1.004,0.004,0.004
"103,302,403,511,626,751,867",136.003491482343,"102,313,391,456,666,718,854",121.48868803844,"62,103,184,243,310,389,451,510,610,663,713,767,793,851",158.631965467014,"103,310,389,451,510,663,713,793,851",133.038514839184,2,"103,310,389,451,510,663,713,793,851",128.90115,0.165,7.071,2.114,2.114
"125,259,643",65.4090588258149,"144,250,640",54.7470406395704,"121,282,639",69.5363193059131,"121,282,639",60.1475354187702,5,"121,282,639",60.07478,0.031,0.031,0.031,0.031
"217,413,566",-33.1247691682497,"217,397,590",-42.071514669984,"210,396,410,593,723",-23.3104591425622,"210,396,593",-41.399136474785,2,"210,396,593",-41.41753,0.04,2.037,0.051,0.051
"144,253,427,532,751,864",117.803498337011,"135,241,421,539,775,844",103.876774364824,"124,134,239,298,368,418,539,750,771,857,871",139.715135134853,"124,239,418,539,771,857",110.576115411229,2,"124,239,418,539,771,857",105.0334,0.078,5.048,0.077,0.077
"140,266,448,657,813",65.9531752317484,"147,262,435,660,810",58.1592035157312,"114,140,267,298,437,654,657,810,838",94.4524132456837,"140,267,437,657,810",58.9090361765669,2,"140,267,437,657,810",58.90145,0.03,4.015,0.015,0.015
"185,287,426,535,647,766,874",48.6003819361023,"183,280,430,542,654,768,883",25.6493669190696,"162,175,281,427,539,653,767,774,885",59.6421685988603,"175,281,427,539,653,767,885",26.6131929828347,2,"175,281,427,539,653,767,885",26.5878,0.038,2.039,0.039,0.039
"110",29.8764262754333,"92",24.608465942999,"112,596",27.1824100225229,"112,596",26.5764841857522,1,"112,596",26.57648,0.018,1.002,1.002,1.002
"390,776",-13.6605915667334,"388,781",-21.5628908157755,"367,406,771,810",-8.2750464869053,"367,406,771",-15.0836484566352,2,"367,406,771",-15.20736,0.007,2.021,1.021,1.021
"131,241,401,511,618,883",70.928654468868,"220,221,412,524,621,881",58.7830792287817,"110,241,267,408,523,629,750,844,880,927",91.6226804322916,"110,241,408,523,629,844,927",64.7608282765916,2,"110,241,408,523,629,844,927",64.60547,0.138,4.054,1.09,1.09
"155,441,715,900",39.6077234326729,"157,436,735,907",32.4256836519572,"152,234,434,724,903",43.1927218927906,"152,434,724,903",34.3578480522663,2,"152,434,724,903",33.40792,0.034,1.022,0.022,0.022
"125,672",8.64831270534066,"145,666",-0.26727813331749,"152,156,587,674",15.3619193110097,"156,674",4.09257548799843,8,"156,674",3.3384,0.026,2.029,0.033,0.033
"105,332,458,585,737,845",79.9968901318836,"104,286,493,580,732,850",67.3109116929176,"100,146,279,375,465,487,579,603,729,849,891",99.5216862319805,"100,279,375,465,579,729,849",71.1570608654302,6,"100,279,375,465,579,729,849",69.46764,0.097,5.073,1.073,1.073
"188,318,494,621,742,845",101.663499553394,"193,328,518,616,803,839",79.8646930926465,"185,332,337,501,623,743,852,863",115.824266549942,"185,332,501,623,743,852",85.5729086644509,2,"185,332,501,623,743,852",85.56799,0.111,2.034,0.034,0.034
"102,222,322,479,676,778,887",84.8071469313976,"351,477,673,808,811",72.4753799620008,"45,93,237,320,338,475,546,664,685,779,859",94.2991590021107,"93,237,320,475,664,779,859",66.9471175219631,2,"93,237,320,475,664,779,859",65.64091,2.14,4.068,0.071,0.071
"469,581,870",-17.6660980498622,"463,577,883",-26.9445982374941,"203,360,422,463,578,715,826,884",4.52408189888646,"463,578,884",-24.7196860238178,2,"463,578,884",-26.59309,0.023,5.023,0.023,0.023
"109,229,417,678,848",88.6616031413724,"292,418,674,855",81.2167838483118,"157,238,289,417,435,674,805,863,874",100.761919881658,"157,238,417,435,674,805,874",84.7509111522693,3,"157,238,417,674,805,874",78.42694,1.365,4.076,2.087,1.087
"244,362,573,694",-73.1140428679135,"240,383,577,689",-77.8082294306633,"162,225,385,550,570,695,707",-50.2911147420198,"225,385,570,695",-76.8907985548802,2,"225,385,570,695",-76.89383,0.034,3.046,0.046,0.046
"139,253,377,612,779,898",72.8516821407225,"172,223,383,610,787,891",60.9019435758622,"140,248,378,418,589,607,766,784,894",98.6994892665406,"140,248,378,418,607,784,894",70.4992958144661,3,"140,248,378,607,784,894",64.73606,0.086,3.021,1.021,0.021
"269",-28.6404726186576,"268",-29.9604607263428,"275,474",-19.9224828670747,"275",-29.2770421757639,2,"275",-29.27713,0.001,1.006,0.006,0.006
"125,286,523,695,826",77.6968248114057,"133,292,525,699,828",69.7367433583371,"132,296,519,693,838",84.8207116105444,"132,296,519,693,838",70.8009425936027,4,"132,296,519,693,838",70.76348,0.022,0.035,0.035,0.035
"150,339,514,693,821",121.720561818481,"140,326,527,673,832",108.28949633134,"139,326,494,530,672,697,831,916",129.034514419339,"139,326,530,672,831",115.271189903185,4,"139,326,530,672,831",108.37593,0.067,3.054,0.071,0.071
"237,579,719",10.3828432656937,"242,601,713",5.96867417243259,"241,341,519,616,715,727",18.632637849624,"241,519,616,715",5.72603354277076,2,"241,519,616,715",5.11797,0.033,3.045,1.045,1.045
"117,425,639",90.2805212423244,"126,415,639",82.615889932228,"116,187,409,412,640",96.1740560592937,"116,187,409,640",84.773873140508,2,"116,187,409,640",84.77381,0.019,2.015,1.018,1.018
"364,705,822",15.850626662786,"361,717,833",0.0569863386578788,"190,341,361,415,619,711,832,875",32.1403532083244,"361,711,832",0.39354066308141,2,"361,711,832",0.21007,0.026,5.019,0.019,0.019
"192,340,674,808",-25.8139269661148,"215,329,672,810",-33.8803382409893,"102,190,337,349,664,814",-12.4968290656476,"190,337,664,814",-31.7588184362668,10,"190,337,664,814",-31.78097,0.038,2.021,0.021,0.021
"130,231,350,454,562,681,847",51.4911260773754,"113,204,366,454,604,661,848",19.6152483605808,"110,207,355,460,570,600,671,847",32.6687095730303,"110,207,355,460,600,671,847",21.217629213841,2,"110,207,355,460,600,671,847",21.21319,0.123,1.073,0.103,0.103
"123,250,713",96.9621354444626,"111,243,705",87.7653224791814,"103,110,246,518,695,798,827",115.753662399624,"110,246,695",89.85674793786,2,"110,246,695",89.54793,0.027,4.035,0.035,0.035
"310,531",78.1725931694943,"307,528",74.4338916920374,"282,334,518,564,822",89.9827064980875,"282,518",81.2341342812708,2,"282,518",80.28136,0.006,3.037,0.041,0.041
"101,210,319,430,604,716,837",67.596232240979,"454,631,684,867",51.1633749522631,"437,444,608,722,866",74.9061374953796,"444,608,722,866",53.8908103628518,3,"357,444,608,722,866",52.67676,3.436,2.171,3.464,2.091
"109,217,364,467,573,722,848",72.6045239326858,"108,225,349,476,558,724,841",53.9342687069241,"107,208,232,339,351,462,469,560,624,707,723,831,864",99.3890312462125,"107,232,351,469,560,707,864",63.3789191305832,2,"107,232,351,469,560,707,864",56.01543,0.057,6.056,0.076,0.076
"121",-27.7591161520193,"131",-31.2655644226595,"161",-25.6291171296363,"161",-27.1144752400317,2,"161",-27.11452,0.01,0.04,0.04,0.04
"361",-89.7297843682533,"366",-91.8844094696158,"363,466",-85.5271983602591,"363",-91.6746251016439,2,"363",-91.67602,0.005,1.002,0.002,0.002
"135,323,423,532,756,876",122.109282206544,"138,329,438,523,765,884",106.71176398382,"79,137,306,436,544,588,755,885",129.589878987788,"137,306,436,544,755,885",111.084045212648,2,"137,306,436,544,755,885",107.88192,0.05,2.054,0.054,0.054
"126,235,348,472,586,735,837",10.4718424680437,"134,236,355,507,538,733,838",-11.3722681043548,"125,133,235,259,355,460,488,559,730,837,874",26.4078876929773,"125,235,355,460,488,559,730,837,874",5.01939828943755,9,"125,235,355,488,559,730,837",-7.75992,0.102,4.052,2.052,0.056
"109,254,361,484,607,711,831",76.9952901270653,"101,250,443,445,639,705,807",50.9283692754864,"71,111,265,341,380,468,485,619,707,807,827",86.1015582791896,"71,111,265,341,380,468,619,707,807,827",71.435582692276,3,"71,111,265,341,380,468,619,707,807",64.54685,0.195,4.053,3.068,2.088
"159,318,442,655,847",49.98336093177,"158,314,438,654,852",43.3789071272143,"149,306,459,647,653,851",67.7520919105901,"149,306,459,653,851",44.6190757594296,2,"149,306,459,653,851",44.61854,0.015,1.045,0.045,0.045
"184,291,459,629,792",195.759113077722,"187,293,441,647,798",183.633446197504,"169,299,439,461,635,644,804",214.15135819804,"169,299,461,635,804",186.504531981699,2,"169,299,461,635,804",186.49158,0.047,2.043,0.043,0.043
"125",-23.5530485510854,"128",-27.914946091612,"136,300,678",-12.8698015130954,"136",-26.9911247692623,2,"136",-26.99573,0.003,2.011,0.011,0.011
"216,859",24.2295204694736,"219,861",22.1936023044143,"220,222,591,855",36.0890405182292,"222,855",22.9174508608164,2,"222,855",22.87708,0.005,2.008,0.01,0.01
"147,268,465,621,760,879",68.2590923888714,"159,267,484,627,739,885",57.9628727270664,"147,272,478,621,738,756,884",77.0278995230133,"147,272,478,621,756,884",59.4524750360105,2,"147,272,478,621,756,884",59.32305,0.065,1.026,0.026,0.026
"134,235,342,469,580,715,841",100.827031318622,"138,783,828",107.168414857699,"145,228,256,348,358,475,572,638,723,838,885",116.539987051406,"145,256,348,475,572,723,838",88.2593933877827,2,"145,256,348,475,572,723,838",87.23219,4.075,4.049,0.063,0.063
"337",55.0346480583579,"346",48.1374377416887,"350,439",58.739040616152,"350",48.7413539838229,2,"350",48.63192,0.009,1.013,0.013,0.013
"197,805",62.2163447971778,"198,803",60.0241216977848,"196,251,667,766,778,833",83.6738366825137,"196,766,833",62.390483653426,5,"196,766,833",62.28082,0.003,4.028,1.029,1.029
"150,530",58.1331886793941,"142,532",56.0290742294245,"141,197,523,537",71.2058176790416,"141,537",56.8128643880056,2,"141,537",56.67423,0.01,2.016,0.016,0.016
"196,674",3.73439942107954,"210,668",-0.980388188761303,"217,655,674",9.73921390705074,"217,674",0.593135215331685,9,"217,674",0.44198,0.02,1.021,0.021,0.021
"123,485,590,780,897",87.3087004048402,"119,488,581,792,939,941",71.9869596080226,"117,184,349,485,586,788,806,902,914",108.294512110968,"117,485,586,788,902",83.8790348405314,2,"117,485,586,788,902",81.70306,1.07,4.023,0.023,0.023
"110,265,476,628,878",13.8996179034457,"97,271,499,627,878",1.63596874660677,"96,113,270,278,483,499,628,657,728,879",33.8641302369086,"96,270,483,628,879",6.08983246101904,2,"96,270,483,628,879",2.57895,0.043,5.016,0.027,0.027
"133,283,394,533,648,763,875",33.2629693317671,"145,259,423,601,602,772,867",1.33068376537351,"127,144,259,425,542,648,762,765,870",44.7263137268151,"127,259,425,542,648,765,870",10.9797779861946,2,"127,259,425,542,648,765,870",10.6712,0.196,2.076,0.077,0.077
"140,330,531,853",-10.2476562246089,"146,353,520,869",-24.6338878381101,"145,350,510,539,857",-7.2493979562929,"145,350,539,857",-21.155913935993,2,"145,350,539,857",-21.50053,0.056,1.037,0.037,0.037
"132,240",95.8508470768838,"129,255",93.3114282205624,"123,261,327",110.381095734,"123,261,789",100.417783034398,3,"123,261",93.92658,0.018,1.03,1.03,0.03
"184,296,419,547,650,752,854",62.8366558423031,"173,296,445,567,568,917",54.6679167210128,"165,295,436,544,653,768,882",79.9987012145167,"165,295,436,544,653,768,882",53.8592709332388,3,"165,295,436,544,653,768,882",53.84729,1.367,0.087,0.087,0.087
"151,290,391,534,655,769,885",63.742715913906,"171,280,407,522,681,762,859",49.3961281586328,"59,171,280,369,416,522,621,680,761,858,907",73.5615822327118,"59,171,280,416,522,621,680,761,858,907",67.8373422227298,6,"171,280,416,522,680,761,858",49.9328,0.117,4.119,3.122,0.127
"124,228,335,479,620,746,874",65.9137238931287,"122,224,338,466,630,743,851",50.4164806041915,"75,121,224,337,465,482,628,725,733,759,848,910,925",92.4679234798597,"121,224,337,465,628,733,759,848",59.2842480443136,6,"121,224,337,465,628,759,848",50.7328,0.058,6.059,1.07,0.07
"881",-83.5116555932426,"891",-85.7694045261031,"461,876",-82.6000445365503,"461,876",-86.2160116309305,1,"461,876",-86.21601,0.01,1.005,1.005,1.005
"158,261,383,505,613,731,890",-5.81980127257926,"135,280,390,481",-7.55888621152047,"127,133,257,278,386,390,499,502,614,727,870,885",18.5536132207574,"133,278,386,499,614,727,870",-24.4303787954933,2,"133,278,386,499,614,727,870",-24.43127,3.44,5.045,0.076,0.076
"136,609",6.48842238994176,"119,615",2.30932089457909,"138,248,568,625",17.831719867753,"138,568,625",8.12196734670786,1,"138,568,625",8.12197,0.023,2.018,1.018,1.018
"134,447,570,713,885",50.6179292353688,"135,453,568,719,886",40.5395244825515,"141,445,568,719,885",55.9287728804816,"141,445,568,719,885",41.7301957990938,1,"141,445,568,719,885",41.7302,0.016,0.017,0.017,0.017
"328,519,899",23.7411038266564,"339,531,889",14.5869893835158,"330,534,559,841",32.5437013514516,"330,534,841",17.9572718064213,2,"330,534,841",17.91422,0.033,1.075,0.075,0.075
"277",74.8938085707089,"282",73.1665028783037,"282,349",80.2933250353681,"282",73.1962888690198,1,"282",73.19629,0.005,1.005,0.005,0.005
"198,353,618",66.7638353754516,"209,351,607",50.9825131097123,"201,350,367,556,606,666,775",77.8069357130079,"201,367,606",53.1503424191528,2,"201,367,606",52.98466,0.024,4.018,0.029,0.029
"243,351,459,575,705,861",70.356050825761,"247,355,464,569,712,870",48.1328031862978,"232,354,463,568,576,709,783,868",67.4250839152088,"232,354,463,568,709,868",49.5032603131949,2,"232,354,463,568,709,868",48.77008,0.035,2.03,0.036,0.036
"195",-1.64174541618546,"207",-11.2165727604246,"213",-9.22549405354022,"213",-10.362068517555,7,"213",-10.56085,0.012,0.018,0.018,0.018
"534",56.5951714342851,"532",54.0388356783108,"531",54.6834918217215,"531",54.0388360151973,10,"531",53.94528,0.002,0.003,0.003,0.003
"246,421,564,668,768,892",-7.94398836355511,"255,410,562,670,763,913",-20.7096580848484,"80,217,259,409,411,529,556,669,770,894,916",23.6208317674493,"217,259,411,556,669,770,894,916",-7.90094927977214,7,"259,411,556,669,770,894",-19.94444,0.05,5.036,2.036,0.036
"117,299,597,738,865",-4.92055982383827,"117,296,624,744,888",-17.3304911773913,"116,289,321,351,586,627,746,883,893",11.0551061270717,"116,289,586,627,746,893",-8.85107902892935,9,"116,289,627,746,893",-16.30129,0.059,4.048,1.058,0.077
"213",31.765905993677,"228",26.104582584811,"230",26.3344633841845,"229",26.1187593302265,2,"229",25.88938,0.015,0.017,0.016,0.016
"111,213,387,564,826",27.2919835145332,"244,399,566,858",10.82997507297,"88,226,396,398,562,597,844,928",29.255398873641,"88,226,396,562,597,844,928",14.5176327224204,3,"88,226,396,562,844,928",8.08736,1.322,3.065,2.065,1.065
"109,240,400,550,770,898",42.6481320300112,"136,248,399,550,771,894",21.6001890300589,"84,130,250,395,398,535,549,593,634,759,895",57.0168965640593,"130,250,398,535,634,759,895",23.2496151192644,9,"130,250,398,535,634,759,895",23.23435,0.041,5.048,1.062,1.062
"107,227,375,520,630,734,878",37.4576135398573,"130,201,392,482,652,730,871",19.2065618846728,"108,213,377,505,639,735,872",50.4820383076325,"108,213,377,506,639,735,872",22.2692548807948,4,"108,213,377,506,639,735,872",22.23153,0.137,0.048,0.047,0.047
"312,595,712,817",65.3081256241059,"316,590,686,833",54.7130936598748,"314,344,554,697,841",73.5770763291486,"314,554,697,841",59.4384177085836,5,"314,554,697,841",59.18541,0.051,1.082,0.082,0.082
"190,591,763",96.9436328442181,"184,584,758",84.0235826885167,"181,210,378,584,757,792",101.596330186279,"181,584,757",85.6900065190591,2,"181,584,757",84.09103,0.018,3.022,0.022,0.022
"299,406,522,651,788,891",133.004104035109,"275,424,527,683,684",128.143991777141,"93,240,275,391,422,527,649,764,782,891",155.339502202182,"93,240,275,422,527,649,764,891",135.522112331097,3,"93,240,422,527,649,764,891",128.80978,1.183,4.052,2.071,1.106
"342,689,851",-72.8664504653501,"359,688,845",-82.3194492842513,"347,367,681,846",-71.6322823214439,"347,382,681,846",-75.3970324924823,3,"347,681,846",-79.27966,0.024,1.018,1.018,0.018
"138,413,644,784,890",56.5602521781679,"141,411,640,781,903",37.9514568452589,"124,143,374,410,639,736,785,903,904",67.0220906467933,"143,410,639,736,785,903",43.8711251709894,9,"143,410,639,785,903",38.2816,0.025,4.027,1.027,0.027
"171,341,447,566,804",40.5156651507196,"167,361,457,541,821",29.0906244923345,"161,186,354,447,456,560,562,807,834",59.3439570173918,"161,354,447,560,807",36.3882505977775,2,"161,354,447,560,807",30.9987,0.076,4.03,0.032,0.032
"437",-32.3369678291316,"434",-34.9938719431931,"432,500",-25.5385836377023,"432",-34.9880123459661,2,"432",-34.9881,0.003,1.005,0.005,0.005
"111,477,776,895",125.331470046011,"96,469,792,897",113.580732947274,"100,164,196,437,523,780,898",137.100035211928,"100,437,523,780,898",118.183800832573,2,"100,437,523,780,898",117.92675,0.041,3.058,1.058,1.058
"210,369,617,776",-14.0313939099485,"216,384,611,772",-20.3029081650651,"215,351,422,541,609,774",-8.59479351159082,"215,351,422,609,774",-17.3285871402659,2,"215,351,422,609,774",-17.33914,0.031,2.033,1.033,1.033
"170,342,495",54.996797139912,"180,344,499",49.720734023064,"174,343,510",57.6019882048258,"174,343,510",52.2488214423677,7,"174,343,510",52.15817,0.016,0.02,0.02,0.02
"112,219,340,513,683,865",51.7830061422929,"122,266,336,518,704,832",24.793969849777,"124,179,264,340,517,521,682,705,831,933",51.1718690104265,"124,264,340,517,705,831",27.9337874563873,2,"124,264,340,517,705,831",25.50064,0.12,4.091,0.117,0.117
"224,427,898",-78.6753760580318,"221,421,892",-83.0584027898646,"217,427,553,807,869,889",-59.3178059655377,"217,427,807,889",-77.3648479763957,3,"217,427,889",-82.63932,0.015,3.016,1.016,0.016
"448",-57.1230357484318,"454",-57.7661740288383,"423,442,479,541",-40.1587762834533,"423,479",-54.6314618147664,2,"423,479",-54.8957,0.006,3.006,1.025,1.025
"166,299,401,585,709,896",34.7118701516292,"171,306,393,588,722,888",26.577992477624,"151,295,409,451,584,722,887,894",60.8264814610135,"151,295,409,451,584,722,887",33.7356955725394,2,"151,295,409,451,584,722,887",33.73567,0.044,2.043,1.05,1.05
"182,362,622,764",86.2486663689601,"165,366,633,751",76.2041511870937,"149,166,365,623,624,760",95.7723454737232,"166,365,624,760",77.2815111874408,2,"166,365,624,760",77.27864,0.045,2.024,0.025,0.025
"154,273,402,587,805",63.5792856555885,"151,269,437,592,806",51.1807568730784,"147,270,436,588,605,805,807",70.8937217893576,"147,270,436,605,805",52.7748057499725,2,"147,270,436,605,805",52.17629,0.048,2.045,0.062,0.062
"224,377",32.6761696752055,"215,378",27.9425883842796,"119,214,380,551",35.1229934748011,"214,380",31.2250959028439,2,"214,380",28.03992,0.01,2.013,0.013,0.013
"126,316,423,568,677,778,894",83.2670404148582,"111,332,416,551,695,783,889",62.4579199635136,"110,120,323,422,550,687,692,783,889,907",92.481398045821,"110,323,422,550,692,783,889",63.3415153623518,2,"110,323,422,550,692,783,889",63.33181,0.083,3.052,0.067,0.067
"254,359,877",21.0444397824407,"254,381,891",15.2316239822087,"237,392,427,595,798,890",34.4007167418396,"237,392,890",18.9129340359058,2,"237,392,890",15.86368,0.036,3.063,0.063,0.063
"115,230,353,520,626,727,865",68.1187748263214,"159,215,350,524,618,709,881",38.207381911471,"121,220,352,395,519,617,713,879,912",65.8824375443747,"121,220,352,519,617,713,879",41.5063706850194,10,"121,220,352,519,617,713,879",41.45648,0.108,2.055,0.055,0.055
"149,257,424,539,649,775,879",72.0486204953648,"168,276,420,543,654,787,857",45.7190188527464,"161,275,284,418,539,542,654,775,861",72.15093423407,"161,275,418,539,654,775,861",47.2263142259464,2,"161,275,418,539,654,775,861",46.98624,0.085,2.059,0.059,0.059
"148,268,429,613,764",-8.06396615703733,"146,270,426,602,758",-14.2175068538027,"135,279,426,600,756,781",5.6130427768403,"135,279,426,600,781",-10.9509805154032,2,"135,279,426,600,781",-11.51992,0.024,1.048,0.057,0.057
"142,263,368,495,653,782,883",73.5352791061943,"152,257,368,500,654,736,908",56.3402975462278,"93,150,256,370,499,511,635,653,740,793,903",91.2292248164584,"150,256,370,499,635,740,793,903",63.3650844947902,2,"150,256,370,499,635,740,793,903",62.30735,0.093,4.052,1.07,1.07
"883",41.6175570426654,"877",38.7290741402369,"631,858",51.0079585946025,"858",40.3537832534845,5,"858",39.96535,0.006,1.025,0.025,0.025
"233,390,501,647,785",-16.4546181686614,"262,357,510,645,783",-35.4532865289798,"249,358,506,509,644,789,813",-7.15823794777707,"249,358,509,644,789",-32.5456627560905,2,"249,358,509,644,789",-32.54581,0.075,2.06,0.063,0.063
"146,293,422,541,694,889",84.734853174919,"78,291,490,491,709,893",64.8958770533469,"88,141,286,437,534,699,708,890,908",94.6732374105918,"88,286,437,534,708,890",67.4750724638841,2,"88,286,437,534,708,890",67.09692,0.207,3.04,0.102,0.102
"199,321,470,768",68.7678445635608,"184,305,509,747",51.9150630896339,"173,316,327,512,749",72.1396365588831,"173,316,512,749",53.6335387174694,2,"173,316,512,749",53.63346,0.091,1.092,0.092,0.092
"438,884",-60.8831226026968,"437,877",-63.9401051229606,"257,429,867",-61.0585445847383,"257,429,867",-63.2879471156407,2,"257,429,867",-63.288,0.008,1.026,1.026,1.026
"112,235,354,466,659,786,888",78.6182374834821,"108,224,395,455,667,747,901",45.5299346450317,"103,223,235,389,464,491,645,666,753,896,914,919",89.0493478851742,"103,223,389,464,645,666,753,896",54.3255296736787,3,"103,223,389,464,666,753,896",48.01763,0.127,5.094,1.106,0.106
"357,575",62.5553951299734,"365,572",59.8832309281366,"295,357,583",74.3875556487934,"357,583",62.8552599400872,2,"357,583",62.85505,0.011,1.008,0.008,0.008
"143,311,447,764,897",63.4544899304642,"135,308,452,763,905",54.3832065368161,"132,299,307,459,750,754,901",79.91256854826,"132,307,459,754,901",55.6443883033205,6,"132,307,459,754,901",55.21593,0.025,2.041,0.041,0.041
"258,360,483,649,798",27.1207188428748,"255,389,468,675,795",14.9957444949954,"243,379,479,492,658,659,795,875",46.3530629280048,"243,379,479,658,795,875",22.3587361579808,2,"243,379,479,658,795,875",22.35859,0.076,3.05,1.05,1.05
"182,485",47.4313915694703,"193,487",42.0675131215531,"108,195,486,539",53.1986304661879,"195,486",42.3877092493845,7,"195,486",42.28256,0.013,2.014,0.014,0.014
"436,829",38.50720217705,"425,815",29.2947094910056,"377,449,800,824",38.4376118514254,"377,449,800",30.3606713393923,2,"377,449,800",30.34527,0.025,2.018,1.042,1.042
"144,247,359,501,641,749,849",149.648080692741,"393,495,615",156.326164828846,"123,372,496,632,864",168.465215006279,"123,238,372,496,632,735,864",137.441270740912,2,"123,238,372,496,632,735,864",137.20072,4.066,2.266,0.086,0.086
"120,884",22.0160030861771,"120,895",17.1606848792871,"127,477,875",27.9932193625997,"127,875",20.6246565238009,6,"127,875",20.06462,0.011,1.016,0.016,0.016
"145,249,394,505,647,756,861",55.6737389551581,"135,262,399,457,694,695,860",35.8871362289204,"131,253,261,387,474,490,639,719,763,858",64.0319906241253,"131,261,387,490,639,763,858",41.9417952339522,2,"131,261,387,490,639,763,858",39.65157,0.185,3.058,0.066,0.066
"139,281,431,536,666,814",-8.72727892115809,"164,274,464,527,663,811",-21.1984254878056,"144,277,284,427,540,667,817",7.16152383727749,"144,284,427,540,667,817",-18.1972992379641,2,"144,284,427,540,667,817",-18.19747,0.08,1.02,0.02,0.02
"719,839",3.4551019238284,"727,861",-1.89107140657864,"567,716,864",7.02691151609843,"716,864",-1.45318531376196,2,"716,864",-1.46027,0.03,1.028,0.028,0.028
"864",47.40041904767,"875",45.2980684625384,"391,867",52.886156771899,"867",45.8590091293397,2,"867",45.85812,0.011,1.003,0.003,0.003
"244,359,504,633,767",-21.1163405773328,"256,326,502,641,764",-27.5269103441358,"232,249,344,364,496,498,638,770",-0.97081996694034,"232,364,498,638,770",-25.2814875963896,3,"232,364,498,638,770",-25.38114,0.058,3.024,0.031,0.031
"222,406,841",71.3707988201716,"214,400,841",64.1450352011696,"210,401,410,778,840",82.2265679623734,"210,410,840",66.0880513917998,2,"210,410,840",66.0432,0.014,2.017,0.017,0.017
"530,780",53.7208044484919,"536,792",50.1845877151711,"483,553,774,799",60.8060132090247,"483,553,799",52.1365334407465,6,"483,553,799",52.06903,0.018,2.029,1.042,1.042
"101,221,356,505,614,725,832",22.4190753381644,"102,220,346,525,607,727,818",6.92503804758054,"101,206,219,343,406,513,610,718,724,817,869,952",41.5252382280001,"101,219,343,406,513,610,724,817,869",17.8370499243363,4,"101,219,343,513,610,724,817",8.06553,0.055,5.043,2.043,0.043
"144,379,591,882",53.735734319253,"144,366,600,868",38.6665416299885,"144,365,367,600,861",63.2491797385403,"144,365,600,861",39.0060445398959,1,"144,365,600,861",39.00604,0.036,1.042,0.044,0.044
"104,231,352,468,640,751,890",99.8233927517159,"109,246,357,476,664,730,885",84.6616487390187,"108,242,356,477,550,636,749,879,928",109.178760607509,"108,242,356,477,636,749,879",87.7953668957061,2,"108,242,356,477,636,749,879",85.47582,0.083,2.045,0.045,0.045
"151,638,752,895",45.6094981570972,"161,618,795,890",35.9255064630833,"160,386,596,627,778,889,907",61.0364583946507,"160,596,778,907",39.8815056232804,2,"160,596,778,907",39.3157,0.078,3.052,0.089,0.089
"113,293,409,546,659,760,881",-5.133973316661,"96,282,416,557,652,759,880",-20.9612052326373,"83,110,262,281,416,549,550,651,661,758,879,890",20.0212496308567,"110,281,416,550,651,758,879",-18.0872277763767,2,"110,281,416,550,651,758,879",-20.14463,0.055,5.031,0.038,0.038
"233,425",-32.5400869677841,"225,423",-48.170525016118,"216,429,439",-35.6600304358091,"216,429",-46.9685055590956,2,"216,429",-46.96957,0.01,1.021,0.021,0.021
"108,319,523,629,871",75.72480455981,"102,343,499,663,873",61.1140061138255,"109,322,358,498,664,871,932",79.4903141510919,"109,322,498,664,871",67.9154090175316,2,"109,322,498,664,871",63.63349,0.09,2.064,0.064,0.064
"104,241,354,463,569,676,786",71.6012286148694,"4,91,251,382,396,803",51.5302258629759,"96,97,243,365,456,569,682,703,784",75.8942486703794,"96,243,365,456,569,703,784",52.7839464603746,2,"96,243,365,456,569,703,784",52.78394,1.432,2.035,0.057,0.057
"219,706",63.8778140359925,"211,712",60.7613627850146,"216,507,684,721",73.3492213051444,"216,507,721",62.0652962812152,3,"216,507,721",62.02375,0.014,2.018,1.018,1.018
"123,232,363,499,658,780,897",104.013392231977,"72,249,406,500,673,694",92.6688147290471,"71,127,248,310,403,473,501,656,768,780,885",116.109748406472,"71,248,403,501,656,780,885",87.2820920733394,6,"71,248,403,501,656,780,885",86.14541,1.358,4.076,0.124,0.124
"320,804",-5.62372417614017,"324,790",-15.2869599881912,"311,326,786",-2.23917098887149,"326,786",-14.9004539910751,2,"326,786",-14.90585,0.018,1.024,0.024,0.024
"118,220,370,546,689,793,900",129.031987438115,"390,579,692,806,888",128.243930398943,"120,219,317,373,542,580,664,711,794,805,888",141.538311805623,"120,219,373,542,580,711,794,888",125.392034121265,4,"120,219,373,542,711,794,888",116.21253,2.081,4.045,1.045,0.045
"315,466,674",108.488177221869,"312,496,667",101.16849343201,"272,313,469,506,669",115.719507999464,"313,506,669",103.795359723391,2,"313,506,669",102.44516,0.04,2.01,0.047,0.047
"108,569",-49.0941167832246,"120,563",-59.3820291214533,"139,547,618,655",-44.2734114774241,"139,547,618",-54.9504865606081,4,"139,547,618",-54.99456,0.018,2.053,1.053,1.053
"187,320,449,581,687,790",114.941076263903,"204,305,465,580,716,793",102.958671756258,"159,203,304,314,460,579,675,714,799,935",127.819473285926,"203,314,460,579,714,799,935",102.201754707853,7,"203,314,460,579,714,799,935",101.89284,0.081,4.056,1.071,1.071
"230,517,696,855",25.7328957007521,"261,504,643,645,854",2.02596121454708,"258,506,513,682,855",23.9531256891151,"258,513,682,855",8.63528488507053,2,"258,513,682,855",8.63477,1.096,1.046,0.046,0.046
"161,283,454,599",22.2544887401287,"157,280,477,593",13.3748092590697,"149,280,291,437,476,597,813",34.8146105776479,"149,280,476,597",15.9255828121642,8,"149,280,476,597",13.60584,0.036,3.034,0.039,0.039
"135,296,439,775,884",75.900671880851,"136,291,440,797,864",66.0448249847539,"133,290,460,751,764,880",99.8478260983962,"133,290,460,764,880",71.2894863910651,7,"133,290,460,764,880",71.22968,0.049,1.044,0.044,0.044
"145,309,453,554,659,847",-27.8439729161121,"138,304,477,593,594,882",-52.2029978976302,"137,299,303,468,568,651,821,882",-23.639197490741,"137,303,468,568,651,821,882",-45.5369455151102,1,"137,303,468,568,651,821,882",-45.53695,0.175,2.077,1.077,1.077
"186,326,431,567,692,842",33.401574974,"201,341,431,557,710,866",14.839123972999,"195,314,329,433,558,710,865",34.4536781637904,"195,314,329,433,558,710,865",22.4807590214079,3,"195,329,433,558,710,865",15.62881,0.082,1.064,1.064,0.064
"140,819",3.67608160744112,"154,819",-0.949146188460713,"157,814",1.30991573345493,"157,814",-0.353285256522803,2,"157,814",-0.40608,0.014,0.022,0.022,0.022
"503,868",11.5632872431102,"505,869",5.5765459232892,"484,520,841",23.4908839911216,"484,520,841",13.3841363758843,8,"520,841",9.15475,0.003,1.044,1.044,0.044
"248,397,892",54.8138781893438,"249,388,891",45.5237827552653,"210,248,414,800,884",70.6288195550481,"210,414,884",51.387763210518,2,"210,414,884",50.45992,0.011,2.025,0.063,0.063
"211,678,895",-87.9100834680961,"222,681,901",-95.7075480372198,"184,211,300,544,679,696,875,941",-71.357903416423,"211,300,679,875,941",-87.4763378674106,2,"211,300,679,875,941",-90.97307,0.02,5.021,2.021,2.021
"417,790",19.4184774742072,"413,794",14.6573616185533,"403,439,670,794",25.6909008655225,"403,794",16.3454096142113,2,"403,794",15.89313,0.008,2.018,0.018,0.018
"286,498,693,817",29.9235671149142,"271,508,695,812",11.6267232560729,"270,483,508,693,813,833",26.9000023038199,"270,508,693,813",11.7768624882305,7,"270,508,693,813",11.67668,0.032,2.03,0.03,0.03
"401,568",-28.8878371781852,"404,559",-35.2324437631731,"313,401,559,616",-19.4674208458834,"401,559",-34.852358175925,9,"401,559",-35.30738,0.012,2.009,0.009,0.009
"191,296,405,588,738,895",7.24791850987133,"160,346,348,614,733,909",-24.879902242193,"158,307,390,419,551,614,732,764,902,906",6.83095493770165,"158,307,390,551,614,732,906",-17.304253736617,2,"158,307,390,551,614,732,906",-18.61674,0.183,4.097,1.102,1.102
"267,398,683",-35.6864968622387,"268,386,679",-47.1667392950429,"200,263,398,640,687",-29.6689248060309,"263,398,687",-44.0203609168496,2,"263,398,687",-44.12108,0.017,2.008,0.008,0.008
"122,243,359,482,698,816",44.2493901556554,"146,266,336,492,719,798",30.8742693919796,"67,143,237,258,362,493,499,693,801,833",68.6320333704183,"143,258,362,493,693,833",39.1423848036811,4,"143,258,362,493,693,833",35.06105,0.119,4.061,0.072,0.072
"349,545,749",61.885705114356,"361,537,769",51.2775915580607,"340,350,540,779",77.4083260542113,"350,540,779",54.0888866889551,2,"350,540,779",54.08571,0.04,1.036,0.036,0.036
"493,821",29.3416113974594,"491,837",23.0288000908438,"469,487,825",43.1606455796227,"487,825",24.7729297208443,2,"487,825",24.77217,0.018,1.01,0.01,0.01
"103,291,501,617,747,855",39.2907466109087,"108,297,505,623,768,863",19.6838093217561,"106,131,295,316,495,500,623,744,767,874",57.219365983375,"106,295,500,623,744,874",20.9537816660697,9,"106,295,500,623,744,874",20.58731,0.05,4.036,0.036,0.036
"104,368,488,697",4.77597029913549,"103,373,478,737",-12.448401123641,"111,331,362,487,562,720,747",14.346625880719,"111,362,487,720,747",-4.14048805055759,2,"111,362,487,720,747",-4.55466,0.056,3.037,1.037,1.037
"198,330,550,778,899",97.2035062400494,"186,314,552,757",80.567758883713,"169,181,327,551,763",100.221633767208,"181,327,551,763",82.553874957093,3,"181,327,551,763,898",81.02594,1.304,0.764,1.289,0.037
"105,206,329,447,639,753,889",36.3998791297114,"106,208,324,456,634,733,905",23.7621197014052,"96,207,329,456,470,601,630,740,901,902",66.1766064309308,"96,207,329,456,630,740,901",24.821184780441,2,"96,207,329,456,630,740,901",24.81682,0.058,3.053,0.053,0.053
"250,422,634,810",-0.0576644675603504,"254,423,636,812",-4.7371406894598,"178,253,420,437,623,639,814",17.8907751004703,"253,420,437,623,639,814",8.57213646317118,4,"253,420,639,814",-4.3926,0.009,3.014,2.014,0.014
"556",69.2144913087162,"555",66.6914418835451,"526,572",74.6270832484288,"526,572",71.9134391619306,1,"526,572",71.91344,0.001,1.016,1.016,1.016
"196,784",8.64324809306048,"211,804",-5.96043623902199,"215,769,796",8.13286713167782,"215,796",-4.95928182777303,4,"215,796",-5.13975,0.035,1.031,0.031,0.031
"192,296,477",49.7332946033967,"203,300,487",45.1429734411502,"177,308,322,498",65.0332635536231,"177,308,498",49.5682905714143,2,"177,308,498",49.56685,0.025,1.048,0.048,0.048
"173,385,486,669",52.2466341185247,"179,366,505,654",40.6535897924835,"176,201,363,503,507,628,674,731,831",70.5631619124393,"176,363,507,628,674",45.6646461918385,2,"176,363,507,628,674",44.72594,0.059,5.047,1.051,1.051
"152,392,679,801",56.9988852451284,"125,386,658,837",37.5178511501207,"128,384,407,635,643,839",63.1454960764032,"128,384,643,839",38.4545785872543,2,"128,384,643,839",38.43651,0.09,2.106,0.106,0.106
"462,622",72.1162333275939,"456,629",64.7228846577858,"386,453,645",76.8602973605092,"453,645",68.0663348311453,2,"453,645",67.38269,0.013,1.032,0.032,0.032
"661,848",40.2767973497615,"670,842",37.1036035785093,"317,661,843",46.7854394443345,"661,843",38.8846518690853,3,"661,843",38.50405,0.015,1.005,0.005,0.005
"384,686",6.71997769631737,"385,689",0.0941654984674756,"309,384,683,701,722",22.8915982059253,"384,683",0.548157156752815,6,"384,683,911",0.12398,0.004,3.003,0.003,1.003
"112,227,347,570,749,863",113.299659779445,"416,563,749,857",116.87057530672,"113,223,334,418,551,640,643,746,831,867",129.89437699975,"113,223,334,418,551,643,746,867",116.468795265556,2,"113,223,334,418,551,643,746,867",115.1371,2.082,4.044,2.044,2.044
"184,379,656,888",106.764515458085,"183,368,645,892",95.419667588112,"180,368,643,652,873,890",112.26364025385,"180,368,643,890",95.5539663391539,2,"180,368,643,890",95.54968,0.027,2.021,0.03,0.03
"109,211,361,534,691",107.482977096724,"114,212,355,517,710",97.0493923622632,"102,218,356,516,527,709,733,895",128.999722659654,"102,218,356,527,709",99.938924651563,2,"102,218,356,527,709",98.79056,0.048,3.044,0.044,0.044
"267,776",-103.432248252171,"273,770",-106.997706113879,"273,759,773",-98.0797471244083,"273,759",-105.793540537967,2,"273,759",-105.87192,0.012,1.009,0.023,0.023
"356",41.2235408064306,"362",28.4264348464936,"359,380",37.2034796703521,"359",28.510443322558,2,"359",28.50558,0.006,1.003,0.003,0.003
"276,447,669,900",36.7296013375535,"269,435,688,905",24.4324123086328,"262,438,681,688,897",43.285220369789,"262,438,681,897",26.1021235732847,2,"262,438,681,897",26.10059,0.043,1.038,0.038,0.038
"856",47.2973082643643,"824",35.0299417454581,"611,821",42.5587435846359,"821",35.0584855465542,7,"821",34.9465,0.032,1.035,0.035,0.035
"115,268,373,492,647,769,871",55.7713094786225,"107,296,349,484,662,769,871",48.3250965983183,"106,116,226,270,374,483,514,627,661,768,879",95.3218303898726,"116,270,374,483,514,627,661,768,879",65.1294769816616,3,"116,270,374,483,661,768,879",52.44165,0.083,4.036,2.036,0.036
"195,403,516,725,893",34.8919681086355,"209,373,516,726,897",30.2699545272219,"193,208,371,401,523,696,736,887,896",66.6216750805009,"193,371,523,696,736,896",37.8542856294482,2,"193,371,523,696,736,896",37.34187,0.049,4.025,1.055,1.055
"419,618,764,889",82.6190960020727,"428,621,741,908",67.4260164763103,"419,613,741,745,905",88.8311567611603,"419,613,745,905",69.6341870410864,2,"419,613,745,905",69.63376,0.054,1.04,0.04,0.04
"397,641,746",66.2173122597957,"400,624,769",60.2486127452899,"137,354,410,596,623,780",75.9201298633944,"410,623,780",66.378523990743,5,"159,410,623,780",61.84693,0.043,3.065,0.065,1.065
"124,284,549,657,765,893",39.8194270966755,"126,283,548,675,772,897",29.9799770833799,"116,125,285,334,538,547,673,772,898",55.0476993985033,"125,285,538,673,772,898",31.2691121672036,2,"125,285,538,673,772,898",30.71228,0.033,3.032,0.041,0.041
"113,616,737",-0.00230600743219611,"127,620,734",-7.71624424984721,"139,204,458,591,619,735,860",16.3780734705837,"139,619,735",-5.82301916898633,2,"139,619,735",-7.22516,0.021,4.031,0.031,0.031
"141,299,412,530,710,894",-12.9546994240084,"151,304,382,513,724,900",-36.6218211679495,"141,150,166,299,381,424,505,564,699,725,814,899",4.15390260915491,"141,299,381,505,564,725,899",-28.3283769659648,3,"141,299,381,505,725,899",-34.99573,0.082,6.053,1.076,0.076
"354",-16.65990432828,"360",-21.2468910749859,"369",-11.0953251941905,"369",-19.2050589999623,9,"369",-19.32436,0.006,0.015,0.015,0.015
"548,829",53.2351047262919,"558,826",47.3465800511173,"546,824",56.9018315791474,"546,824",49.7187247785312,7,"546,824",49.67866,0.013,0.007,0.007,0.007
"197,511,652,835",28.924896802842,"201,482,675,840",13.5845155877483,"200,478,654,673,843",25.9001592552942,"200,478,673,843",13.7508313161946,2,"200,478,673,843",13.75081,0.061,1.046,0.065,0.065
"777",12.6082344408166,"782",9.38548192816105,"319,738,780",18.5741274496905,"780",9.51636382585836,4,"780",9.48456,0.005,2.003,0.003,0.003
"150,274,379,554,722",41.1964866942873,"149,270,373,575,720",32.7088304121457,"143,266,267,386,560,574,720,742",58.7952058405874,"143,267,386,574,720",33.8831551848376,2,"143,267,386,574,720",33.64882,0.034,3.029,0.043,0.043
"126,244,347,497,623,782,882",112.795913318947,"120,282,347,508,629,739,922",98.2924264845855,"103,122,249,265,352,502,507,627,738,796,911,921",140.568990346968,"122,265,352,507,627,738,911",101.999788583735,2,"122,265,352,507,627,738,911",99.48439,0.144,5.066,0.117,0.117
"278,429,826",5.89377993177994,"275,431,834",2.84150130212154,"253,446,760,835",17.818281058246,"253,446,835",7.65026173627865,2,"253,446,835",7.08277,0.013,1.051,0.051,0.051
"192,304,421,550,773,888",53.7700773584639,"193,316,427,535,770,882",49.0415627871276,"186,306,314,425,552,756,758,881,898",77.6098905983336,"186,314,425,552,756,898",50.1300267877615,2,"186,314,425,552,756,898",50.11917,0.043,3.036,0.049,0.049
"101,226,345,454,629,741,853",125.75974054004,"84,272,348,437,614,811,840",97.8011766639743,"83,127,198,271,338,351,438,461,547,634,723,791,851,898",143.916550460442,"83,271,351,438,547,634,791,851",109.030187816627,2,"83,271,351,438,547,634,791,851",104.41504,0.181,7.084,1.142,1.142
"131,238,405,534,678,789,896",82.3146556457524,"130,237,416,513,658",75.5230055851833,"122,238,291,405,408,520,521,670,798,891",98.8055734244033,"122,238,408,521,670,798,891",65.3302391174873,2,"122,238,408,521,670,798,891",65.00576,2.054,3.044,0.047,0.047
"122,255,403,566,752",91.2722090640228,"175,223,373,571,758",75.2188645643342,"113,239,241,378,398,568,760,799",118.346552336572,"113,241,398,568,760",82.6851011359499,2,"113,241,398,568,760",81.77508,0.126,3.038,0.038,0.038
"150,334,474,642,868",62.1479670088047,"162,341,486,628,862",43.5157410159757,"146,161,336,484,632,650,817,861",79.7304808475301,"161,336,484,632,650,861",51.3746836128049,2,"161,336,484,632,861",43.76596,0.051,3.031,1.038,0.04
"112,243,370,526,768,879",-30.5393425194829,"159,242,381,530,780,854",-46.44763657489,"118,145,248,373,404,512,529,552,761,900",-7.23317779913801,"118,145,248,373,404,529,761,900",-31.1807982952557,3,"145,248,373,529,761,900",-44.83939,0.1,4.045,2.045,0.072
"126",36.5199840909878,"119",32.6200913863501,"135",39.0692308283061,"135",36.7381191689999,1,"135",36.73812,0.007,0.009,0.009,0.009
"133,390,527",-12.0167602347483,"140,399,520",-19.5821454424072,"141,363,395,534,587",2.05370660424506,"141,395,534",-16.0464921329751,2,"141,395,534",-16.83883,0.023,2.02,0.02,0.02
"107,214,314,456,581,694,806",113.542695898621,"380,449,572,708,798",113.7963702864,"89,201,338,451,573,705,807",120.023143402431,"89,201,338,451,573,705,807",101.116026799999,4,"89,201,338,451,573,705,807",101.11134,2.104,0.08,0.08,0.08
"225,355,512,642,745,900",75.3473686718218,"233,360,506,650,740,905",70.0427538761645,"169,229,254,359,372,501,505,647,749,875,905",107.352264718862,"229,359,501,647,749,905",73.6786210909819,3,"229,359,501,647,749,905",70.57823,0.037,5.029,0.033,0.033
"176,300,622,804",-11.2065311717969,"150,302,636,803",-18.1407209750093,"147,314,474,631,798,814",-1.28031297936674,"147,314,631,814",-15.8691778301635,2,"147,314,631,814",-16.45565,0.043,2.058,0.062,0.062
"184,467,825",22.5918442855503,"181,461,822",16.3754787243579,"180,186,461,517,797,827",40.7281502298045,"186,461,797,827",23.9487653454437,9,"186,461,827",17.16115,0.012,3.01,1.01,0.01
"225",10.6669347717662,"226",9.87606208509161,"227",10.3713430230127,"227",10.0530964301942,5,"227",9.942,0.001,0.002,0.002,0.002
"711",55.2188018026379,"716",53.194567774642,"576,715",60.4443426953715,"715",53.1946260398509,2,"715",53.19457,0.005,1.004,0.004,0.004
"269,520,694,888",50.3430921586711,"271,515,708,878",45.4005983518819,"256,325,491,514,704,877",63.2515908504948,"256,514,704,877",47.413697222081,2,"256,514,704,877",46.85015,0.031,2.04,0.04,0.04
"242",-2.68724920599239,"249",-7.39401377052578,"256",-4.24274520360012,"256",-6.16374343337226,1,"256",-6.16374,0.007,0.014,0.014,0.014
"111,287,438,563,730,881",54.1707379410327,"123,295,439,556,731,871",31.0749822473769,"122,264,294,437,555,560,730,871,940",54.466004431963,"122,294,437,560,730,871",31.5379262921696,4,"122,294,437,560,730,871,944",30.856,0.039,3.032,0.032,1.032
"217,320,433,634,751,867",13.1565310069268,"263,322,428,626,803,853",-2.08324874684799,"179,186,261,325,431,577,629,742,771,858,907",33.5843548669264,"179,261,325,431,629,771,858,907",6.73259186517283,2,"179,261,325,431,629,771,858,907",6.60878,0.127,5.061,2.079,2.079
"220,583,687",35.2037850535975,"223,562,696",28.0260959502699,"203,223,545,710",37.2227183685472,"223,545,710",28.9271274599831,4,"223,545,710",28.87983,0.033,1.064,0.064,0.064
"122,255,412,580,694,870",103.850230660734,"117,246,442,549,709,867",88.2997154562296,"111,162,245,432,466,548,562,701,715,867,868",124.11802377929,"111,245,432,548,701,867",91.0763524967658,2,"111,245,432,548,701,867",90.11266,0.093,5.068,0.083,0.083
"107,213,368,471,675",54.0847506495938,"100,213,369,495,683",47.0002145605215,"85,100,213,368,499,643,655,682,741",73.2660142113561,"85,213,368,499,643,741",47.7042179522906,2,"85,213,368,499,643,741",47.15127,0.04,4.042,1.082,1.082
"126",27.4435204243858,"149",20.7298554278826,"164,503",29.2114899054865,"164",21.5806278628801,7,"164",21.39176,0.023,1.038,0.038,0.038
"136,337,444,610,736",49.2020791315154,"140,334,443,667,668",34.5208231311951,"137,153,332,444,598,619,718,741,870,894",71.0741890607384,"137,332,444,619,718",37.3920705643253,2,"137,332,444,619,718",37.01523,0.133,5.02,0.033,0.033
"640",53.4252987163533,"651",47.1286616373673,"624,651",54.6562477698239,"651",47.1784916359671,2,"651",47.17468,0.011,1.011,0.011,0.011
"168,357,535,700,856",122.208147952077,"181,366,512,728,870",110.944718018396,"180,356,368,512,601,707,733,873",136.198738183426,"180,356,512,707,873",112.67179564452,2,"180,356,512,707,873",112.22739,0.087,3.06,0.06,0.06
"149,257,448,594,749,851",82.789841417106,"155,310,428,576,762,852",58.1866803281944,"155,253,311,427,443,575,700,733,760,852,863",93.623993631734,"155,311,427,575,760,852",61.7513742224712,2,"155,311,427,575,760,852",58.28322,0.111,5.046,0.112,0.112
"102,255,651",17.6552258947919,"101,256,656",11.7538700342718,"285,656",33.3678623727105,"88,285,656",21.1244353978473,3,"88,285,656",18.66169,0.007,1.188,0.049,0.049
"884",19.5534321636794,"883",15.8661068329009,"804,869",29.9487830334711,"869",17.4675824043116,6,"869",17.18486,0.001,1.015,0.015,0.015
"275,476,756,896",66.0612983389189,"287,454,776,896",54.8113035912707,"267,470,754,896",77.0903621003944,"267,470,754,896",59.2196376360547,2,"267,470,754,896",59.21963,0.054,0.016,0.016,0.016
"267,397,567,718,865",38.9358641894609,"272,399,557,714,860",23.449092144932,"261,399,401,545,596,712,860",43.671744605091,"261,401,545,596,712,860",27.8485860983032,2,"261,401,545,596,712,860",27.84849,0.026,2.041,1.043,1.043
"151,346,511,732",24.2012167628116,"149,331,520,736",12.9707603325744,"133,149,323,383,519,735,760,860",39.4557142910697,"149,323,519,735",13.2651389470625,6,"149,323,519,735",13.03249,0.03,4.036,0.036,0.036
"140,240,352,471,630,756,889",25.0978911219797,"213,214,349,464,604,790,869",2.72457883670945,"143,236,348,464,473,609,634,745,788,874,913",39.6471729989636,"143,236,348,464,609,745,788,874",14.0635359434366,10,"143,236,348,464,609,788,874",8.38955,0.189,4.043,1.065,0.086
"175,308,611,721,828",79.6188783989958,"168,308,642,691,817",63.7825388718158,"132,167,310,330,555,637,710,821",89.1029573338937,"167,310,555,637,710,821",71.8085318484069,3,"167,310,637,710,821",66.16371,0.079,3.054,1.054,0.054
"118",105.530411927405,"108",102.203820872249,"137",114.878248255596,"137",109.32653679792,2,"137",109.32652,0.01,0.019,0.019,0.019
"108,212,589",57.8199900547978,"240,591",48.7694404097237,"238,305,588,648",62.7869706428012,"238,588",48.8683731512797,1,"238,588",48.86837,1.134,1.224,1.131,1.131
"200,314,433,546,684,800",48.3442026073684,"197,326,392,577,635,802",33.9114539263391,"194,322,392,423,546,549,636,682,801",57.6560874421203,"194,322,392,423,549,682,801",43.7451437549677,3,"194,322,392,549,682,801",35.6084,0.138,3.027,1.03,0.061
"782,897",27.9775723688965,"784,895",26.1029651681007,"765,899",39.9363721476253,"765,899",30.5203073567077,3,"628,765,899",28.83347,0.004,0.019,0.019,1.019
"180,712,883",38.3902290338538,"173,717,880",29.0883822852656,"177,674,716,881",46.4693312894526,"177,674,716,881",35.8232057015933,3,"177,716,881",29.54938,0.015,1.009,1.009,0.009
"870",61.4112995837837,"894",52.4218098807885,"827,885",61.2182258358859,"885",53.1742960059848,4,"885",53.13607,0.024,1.015,0.015,0.015
"142",-10.3693575145806,"142",-10.8287125576237,"141,188,577",3.80782195261106,"141",-10.7469226686349,8,"141",-11.12764,0,2.001,0.001,0.001
"446,766",124.330552986483,"430,770",117.547751702713,"422,767,769",131.582944469886,"422,769",118.104220830726,1,"422,769",118.10422,0.02,1.025,0.027,0.027
"105,229,362,519,625,751",46.3798595310774,"83,244,367,483,673,722",32.0782489523507,"83,87,241,366,482,522,635,651,747",66.7731648966386,"83,241,366,482,522,635,747",40.6854383698248,2,"83,241,366,482,522,635,747",40.68105,0.155,3.051,1.055,1.055
"262,577",22.7220865078026,"276,576,957,958",3.31891291896056,"261,276,581",27.2549445601864,"276,581",19.2236632448073,5,"276,581",18.99301,2.015,1.005,0.018,0.018
"167,289,600",63.8731640120898,"144,285,599",47.1244995854765,"142,301,339,599",60.8556582562325,"142,301,599",48.1361120725622,2,"142,301,599",48.135,0.028,1.038,0.038,0.038
"131,253,366,559,666,793,898",53.5235676648681,"117,249,367,547,655,799,911",34.6228955313939,"110,128,248,368,543,655,797,910",46.9918174929742,"110,248,368,543,655,797,910",35.5838728549275,2,"110,248,368,543,655,797,910",35.23647,0.061,1.053,0.071,0.071
"191,351,492,620,721,867",8.06143369297829,"202,353,490,627,720,847",-12.0125215469371,"167,200,306,352,487,489,623,723,849,925",21.9063419074556,"200,352,489,623,723,849",-11.4920205860744,2,"200,352,489,623,723,849",-11.57644,0.043,4.036,0.036,0.036
"277,709",-17.6629012431748,"210,255,709",-34.9559885598287,"276,346,674,717",-8.22012032237847,"276,717",-21.7272701188719,4,"144,276,717",-23.91729,1.022,2.009,0.009,1.009
"401",-105.629945000958,"412",-110.524186465503,"410,664",-104.548901615482,"410",-110.488038732992,2,"410",-110.48881,0.011,1.009,0.009,0.009
"118,480,655",43.2365243141622,"129,462,664",34.6228042044906,"132,414,474,663,845",47.048421572769,"132,474,663",38.6807547509216,9,"132,231,474,663",34.75966,0.038,2.028,0.028,1.028
"103",48.4094100713951,"114",46.2162549711162,"120,695",54.8494121489789,"120",47.0639283606033,3,"120",47.0604,0.011,1.017,0.017,0.017
"132,485,586,824",-0.418256682793107,"136,499,589,821",-7.60592000101892,"129,174,473,600,623,794,847",13.3069236978636,"129,174,473,623,794,847",4.0996249683589,2,"129,174,473,623,794,847",3.98039,0.024,3.052,2.075,2.075
"229,342,584",83.1175397660683,"238,339,572",80.2787815216304,"184,207,359,559,625,671",102.37787746628,"207,359,559,671",84.6313187670732,2,"207,359,559,671",84.63089,0.024,3.064,1.064,1.064
"211,360,512,702,844",-2.48051152457838,"192,362,534,714,819",-17.865875984022,"180,361,533,700,838",6.05246792744497,"180,361,533,700,838",-15.2874445321914,1,"180,361,533,700,838",-15.28744,0.08,0.061,0.061,0.061
"125,257,362,490,627,764,899",43.4791220562139,"106,294,353,481,626,787,896",30.8743579336529,"106,248,288,360,483,625,627,764,786,895,911",68.5130646304397,"106,288,360,483,627,786,895",32.7903686546019,2,"106,288,360,483,627,786,895",32.19087,0.101,4.041,0.085,0.085
"108,355,552,667,768,874",94.0144984741107,"101,344,555,651,768,883",70.8419045686694,"104,222,304,348,361,502,554,652,748,767,883",100.338453024589,"104,222,361,554,652,767,883",71.4605914612626,2,"104,222,361,554,652,767,883",71.28184,0.046,5.037,1.037,1.037
"215,336,485,615,720",20.9421619731809,"194,344,475,637,709",7.60781029447407,"192,340,473,514,621,726",23.264117603059,"192,340,473,621,726",11.0820631066723,2,"192,340,473,621,726",10.71804,0.072,1.051,0.051,0.051
"658,888",28.4120264636225,"651,923",20.3813587868276,"215,575,657,902",36.1729466210343,"657,902",24.7097714563459,9,"657,902",22.61157,0.042,2.015,0.015,0.015
"384,539",-4.39207860018001,"375,547",-12.7381342523589,"153,355,370,555",1.04188032937931,"370,555",-11.5699880632455,9,"370,555",-11.75111,0.017,2.03,0.03,0.03
"474",-44.7575175045367,"457",-50.6878505906783,"447,488",-40.5870586330789,"447",-48.6488885115935,2,"447",-48.73098,0.017,1.014,0.027,0.027
"218,427,809",18.7481401691497,"205,432,803",4.97487899934103,"188,223,430,458,710,808,912",28.3772578129455,"188,223,430,808",11.4792177036498,3,"188,430,808",7.52709,0.024,4.009,1.009,0.034
"390",82.4306685049625,"382",79.7962023858597,"385",81.598842655647,"385",80.1250062597767,2,"385",80.125,0.008,0.005,0.005,0.005
"507",45.0975662867219,"510",42.839377469469,"397,512",51.3790493144882,"512",42.9559001724117,2,"512",42.95557,0.003,1.005,0.005,0.005
"463,745,859",49.3336233059393,"467,749,888",37.3147898563965,"366,467,642,748,888",51.8419469602037,"467,748,888",37.3616391013289,2,"467,748,888",37.32927,0.037,2.036,0.036,0.036
"124,485,680,831",45.9302411680533,"119,492,699,811",28.9628667385785,"118,177,320,403,497,693,811,939",54.4314022557581,"118,497,693,811",29.6203343907452,2,"118,497,693,811",29.41852,0.051,4.051,0.051,0.051
"108,232,339,464,622,755,881",39.8035221124312,"141,200,339,445,632,756,880",20.8318844057242,"110,221,224,337,450,611,631,755,880",64.3350142102668,"110,224,337,450,611,755,880",23.7746097690406,2,"110,224,337,450,611,755,880",23.62615,0.096,2.036,0.038,0.038
"441,568,684,889",67.5316603635232,"458,568,674,894",59.8800139094552,"134,282,435,453,567,683,892",85.5805759625031,"453,567,683,892",64.7135094331384,2,"453,567,683,892",61.03006,0.032,3.011,0.017,0.017
"234,839",54.9932857096698,"239,855",47.0722869854735,"244,570,851",52.0061522165234,"244,851",47.6363930813113,2,"244,851",47.55087,0.021,1.022,0.022,0.022
"385,627",71.5886922288833,"386,624",68.559986353332,"377,627,705",80.367373986124,"377,627",70.0533456072414,2,"377,627",70.05077,0.004,1.008,0.008,0.008
"849",7.81919895975875,"850",5.31921997396564,"740,828",18.533515886442,"828",8.33050945490297,2,"828",8.32996,0.001,1.021,0.021,0.021
"102,222,328,534,662,772,898",24.9037315370115,"100,246,292,504,996",10.2982241389199,"99,233,313,502,538,660,766,799,901",26.3282210669341,"99,233,313,538,660,766,901",8.87071866154952,2,"99,233,313,538,660,766,901",7.38077,2.426,2.044,0.044,0.044
"228,341,566,746",56.7884181131794,"224,349,579,740",51.9033943540322,"170,210,338,376,561,576,744",75.0832919992036,"210,376,576,744",53.0565909364861,2,"210,376,576,744",52.94181,0.031,3.028,0.065,0.065
"180,314,514",-36.9047494047272,"187,325,512",-41.2269414514327,"122,186,330,520,633,855",-14.7590930585116,"186,330,520",-34.741130893362,3,"186,330,520",-39.36999,0.02,3.028,0.028,0.028
"117,245,387,556,771,871",67.5245336826081,"116,261,425,518,796,871",55.75661166684,"115,260,386,424,516,580,670,778,883,891",82.6599107840381,"115,260,424,516,580,778,883",63.0265814835849,2,"115,260,424,516,580,778,883",60.42613,0.118,4.061,1.097,1.097
"175,364,562",92.3534251152519,"189,346,578",82.2278196886539,"182,183,352,579",91.8991232804843,"183,352,579",82.7776509017783,1,"183,352,579",82.77765,0.048,1.036,0.037,0.037
"143,255,372,489,642,744,875",99.3565616012386,"162,238,396,467,718,719,878",81.2534006487847,"124,159,245,363,380,483,539,641,649,742,779,877,913",131.238666944402,"159,245,380,483,649,742,877",85.4881405045087,2,"159,245,380,483,649,742,877",83.67601,0.186,6.045,0.051,0.051
"157,260,363,503,617,738,875",70.2001354575152,"123,312,313,531,606,726,874",54.7697005970232,"122,158,257,355,365,498,615,725,737,873,890",103.234440976154,"122,158,257,355,365,498,615,737,873",75.8005491130696,6,"158,257,355,498,615,737,873",59.19237,0.188,4.016,2.016,0.022
"250,369,581,784,893",3.21065024990743,"227,371,577,791,884",-6.96882007399368,"158,226,377,576,775,886,898",13.16940291035,"226,377,576,775,886",-5.03597346066278,8,"226,377,576,775,886",-5.75741,0.045,2.051,0.053,0.053
"206,361,478,583,752",43.9578055323452,"201,378,428,644,743",23.6668792573551,"174,200,362,471,611,636,744,770,898",61.923357267989,"200,362,471,636,744",28.1539580301357,8,"200,362,471,636,744",28.11442,0.142,4.05,0.075,0.075
"197,320,489,700,874",39.9821261576087,"203,326,485,697,856",28.5660058681506,"165,200,325,344,459,484,560,693,855,873",62.4535216651371,"200,325,484,693,855",29.9556366285385,2,"200,325,484,693,855",28.92366,0.037,5.021,0.039,0.039
"172,302,548,650,877",1.71127445606097,"182,290,548,658,869",-9.92081415568737,"111,170,304,316,500,539,661,778,865",19.4412294296421,"170,304,539,661,865",-7.48095643110918,2,"170,304,539,661,865",-9.26499,0.038,4.036,0.036,0.036
"248,435,611,738,847",112.841493199767,"259,421,615,735,857",97.1579522328058,"97,197,257,420,603,614,698,735,858",122.361835008902,"257,420,614,735,858",98.8077961467471,2,"257,420,614,735,858",97.34476,0.042,4.041,0.041,0.041
"156,277,400,506,619,758,895",70.1467611586503,"155,282,420,506,614,728,910",56.4140052257812,"113,153,279,417,506,613,636,727,771,895",90.2863649142931,"153,279,417,506,613,727,771,895",61.7483952019442,2,"153,279,417,506,613,727,771,895",61.6795,0.076,3.041,1.041,1.041
"102,216,328,428,549,663,806",148.039937173444,"479,537,658,814",131.673404617177,"77,230,353,446,542,544,660,792,824,912",156.370707883524,"77,230,353,446,544,660,792,824",133.906972708725,2,"77,230,353,446,544,660,792,824",130.62933,3.396,3.104,1.104,1.104
"124,251,356,612",62.8994472422535,"116,272,359,614",55.3506136016035,"115,261,377,594,694,755",79.3820446252623,"115,261,377,594,694",58.8447824410918,2,"115,261,377,594,694",58.82365,0.034,2.058,1.058,1.058
"111",5.0448330866773,"99",0.574035608873853,"125",9.85855791259353,"125",6.80211864868489,2,"125",6.80152,0.012,0.014,0.014,0.014
"119,269,454,602,785",81.4473283226515,"155,244,455,605,799",69.7414952588702,"88,97,151,262,443,453,606,800",96.1437359667588,"88,151,262,453,606,800",73.7270842739256,2,"88,151,262,453,606,800",73.72254,0.079,3.049,1.058,1.058
"116,464,610,729,863",26.1362534775124,"110,460,651,652,780,846",-7.19043812900256,"109,141,447,594,616,722,756,855,866,874",49.1642254517036,"109,141,447,616,722,756,866",20.6146614756593,3,"109,447,616,722,756,866",13.93307,1.119,5.04,2.04,1.04
"712,838",-45.2085719259311,"725,826",-51.8215005883269,"495,719,832",-41.5224422512802,"719,832",-50.8290725110476,4,"719,832",-50.96837,0.025,1.013,0.013,0.013
"247,387,557,677,876",84.22576032661,"242,371,556,674,866",73.4153445949674,"219,377,546,551,679,868",108.522972927751,"219,377,551,679,868",77.1353595124168,2,"219,377,551,679,868",77.13509,0.035,1.054,0.054,0.054
"381,576",-6.2754975826994,"358,598",-14.1751949601489,"292,307,382,550,648",-4.25681890750859,"382,550,648",-13.8990406810447,2,"382,550,648",-14.6289,0.045,3.027,1.027,1.027
"109,306,449,889",13.9612940356818,"112,301,445,910",4.59592253380012,"111,300,447,472,737,861,905",32.2337636899569,"111,300,447,905",5.04444202649185,2,"111,300,447,905",4.94387,0.033,3.026,0.026,0.026
"153,287,412,513,862",16.0090388909943,"143,272,401,526,872",-2.07646575257232,"132,271,400,551,702,867,893",22.0755838888037,"132,271,400,551,867",2.28980609536686,2,"132,271,400,551,867",1.2444,0.059,2.092,0.092,0.092
"275,562,729",34.9720359144939,"265,567,735",31.6891607462272,"263,549,750",48.1110296289999,"263,549,750",34.5855002156643,1,"263,549,750",34.5855,0.021,0.046,0.046,0.046
"585",27.5109833272853,"588",24.8549555697009,"575,630",31.759121946374,"575",28.3727834605757,2,"575",28.34328,0.003,1.01,0.01,0.01
"352,709",-20.0710661652853,"346,706",-25.9820356777849,"310,334,371,705",-11.3161848480678,"310,371,705",-23.0321340238194,2,"310,371,705",-23.03226,0.009,2.022,1.023,1.023
"201,618,721,883",36.1797456807244,"199,625,718,885",30.8331181942384,"152,200,458,602,734,884",56.3187303266734,"200,602,734,884",34.4632914014706,2,"200,602,734,884",34.45925,0.014,2.031,0.031,0.031
"112,320,543,695,808",5.0746446279442,"149,320,553,693,813",-9.33386129064588,"126,148,319,452,548,681,695,813",11.0028757503333,"148,319,548,695,813",-8.28621359580365,2,"148,319,548,695,813",-8.91564,0.054,3.025,0.047,0.047
"236,345,556,770",24.3228907105228,"263,332,558,764",6.03030802944934,"241,340,556,567,762,808",28.73443335595,"241,340,556,762",10.7214084842988,7,"241,340,556,762",10.6722,0.048,2.018,0.018,0.018
"756",19.7612298294812,"748",18.8434910292425,"534,741",31.0216936138504,"741",19.7671331681027,2,"741",19.76639,0.008,1.015,0.015,0.015
"403,847",26.8664397807364,"397,837",20.8561037014847,"387,440,823",33.6806131231661,"387,823",24.5775379611179,2,"387,823",24.49964,0.016,1.04,0.04,0.04
"282,407,540,773,877",24.8983686565239,"284,398,523,794,842",8.52444543367578,"219,282,397,522,546,764,884",32.3747399373833,"282,397,546,764,884",13.2369419513873,10,"282,397,546,764,884",12.41617,0.084,2.032,0.032,0.032
"115,811",6.76660851322245,"105,822",2.06865893916192,"110,810,836",9.61622196217821,"110,810",3.42033251166754,3,"110,810",3.30645,0.021,1.006,0.006,0.006
"428,754",13.8961148701829,"426,754",9.62126573422899,"312,427,750,849",21.3243212139334,"427,750",9.77880166220689,2,"427,750",9.76658,0.002,2.005,0.005,0.005
"101,244,425,557,666,767,874",43.5419147315067,"99,209,437,588,657,784,881",18.3563354572598,"98,187,246,343,434,510,585,667,668,782,881,947",42.4157844528432,"98,187,246,343,434,510,585,667,782,881,947",28.0998806470253,3,"98,187,343,434,510,585,667,782,881,947",21.33076,0.113,5.065,4.065,3.12
"183,326,463,719",82.6692883047162,"180,323,446,726",72.1466060629766,"177,322,459,723,770",85.3101226331281,"177,322,459,723",72.9688565869652,2,"177,322,459,723",72.96163,0.03,1.018,0.018,0.018
"161,302,474,575,784,888",15.8825291538141,"136,320,463,560,794,864",-3.71487010993476,"136,293,320,431,460,576,780,887",25.6655795971693,"136,320,460,576,780,887",5.20488990378643,2,"136,320,460,576,780,887",0.07706,0.103,2.054,0.063,0.063
"122,294,661,870",70.206450046357,"124,298,667,861",61.4076645611454,"124,299,417,643,670,860,871",84.4180719077925,"124,299,643,871",66.8091354281164,2,"124,299,643,871",63.24686,0.021,3.017,0.026,0.026
"284,483,762",92.8626813433092,"278,491,769",88.6109657713824,"275,490,496,756,773",106.670610953136,"275,496,773",89.8067385937095,10,"171,275,496,773",88.58526,0.021,2.022,0.033,1.033
"851",-4.02045293602791,"842",-9.43871353761266,"807",1.39619154411369,"807",-2.39534840726445,1,"807",-2.39535,0.009,0.044,0.044,0.044
"186,344,487,848",59.0476289563944,"173,347,494,851",52.4776450588162,"144,252,345,474,517,732,837,921",69.4743084012525,"144,252,345,474,517,837,921",62.6233654718679,2,"144,252,345,474,517,837,921",62.36431,0.026,4.067,3.067,3.067
"214,457,598,738,890",155.39698064431,"210,457,604,741,889",143.543601065659,"117,208,436,473,558,603,742,859,896",169.254710209927,"208,436,473,603,742,896",151.119495263288,3,"208,473,603,742,896",144.74939,0.014,4.037,1.037,0.037
"681",55.5527382133272,"676",52.7304440822459,"648,672",66.2134425441925,"672",52.9130927070931,4,"672",52.49377,0.005,1.009,0.009,0.009
"102,279,402,511,611,722,877",61.8367708988725,"97,284,401,745,823",56.6517331071067,"103,270,275,408,721,854,866",85.7030639879323,"103,270,408,721,866",59.794525408985,3,"103,270,408,500,608,721,866",54.3804,2.197,0.493,2.125,0.042
"434,764",45.0391636105461,"440,760",35.8534805169464,"403,433,760",50.9593706952352,"433,760",36.2141824488927,2,"433,760",36.21406,0.01,1.005,0.005,0.005
"231,405,518,627,826",47.0507033029218,"219,417,524,609,828",40.4288361804764,"217,400,520,614,631,827",56.0457555740844,"217,400,520,614,827",41.6038517187025,6,"217,400,520,614,827",41.58612,0.05,1.026,0.035,0.035
"214,378,486,619,742",46.5169269874265,"209,358,487,635,727",32.1405104541134,"204,354,487,624,739,791",49.8669455685863,"204,354,487,624,739",33.0619861530267,2,"204,354,487,624,739",32.96105,0.057,1.043,0.043,0.043
"111,211,329,524,638,781",11.4024982565625,"183,184,339,537,644,787",-2.15577826154822,"113,209,336,368,526,643,653,791,820",34.008118763754,"113,209,336,368,526,643,791",10.0711142443053,2,"113,209,336,368,526,643,791",10.06524,0.134,3.028,1.028,1.028
"112,336,447,562,695,796,896",141.736673195881,"99,390,392,573,737,765,913",125.958563167966,"92,144,283,337,428,456,555,581,709,784,888,920",167.778067159592,"92,144,337,456,555,709,784,920",137.032849435067,3,"144,337,456,555,709,784,920",130.14903,0.223,5.071,1.087,0.099
"282",52.2203051360579,"282",51.0187623815379,"289,300",61.9970588936375,"289",52.1249505242058,9,"289",52.05321,0,1.007,0.007,0.007
"143,357,480,727,891",14.4095039394232,"127,360,496,713,896",7.05710548018315,"68,145,359,466,508,611,711,783,892",24.7248515017826,"68,145,359,508,711,892",13.8063210331876,2,"68,145,359,508,711,892",10.11978,0.054,4.035,1.049,1.049
"187,319,519,782",84.7087041514564,"206,310,533,774",75.5227036567756,"147,201,310,404,530,738,775",95.5800844786199,"201,310,530,775",77.0886489835688,2,"201,310,530,775",75.89094,0.05,3.041,0.041,0.041
"161,280,400,501,620,729,900",51.993643866168,"168,269,436,453,623,732,900",38.2965160006344,"102,167,268,277,282,396,487,621,733,765,899",75.7347082207591,"167,277,396,487,621,733,899",44.8837345962,2,"167,277,396,487,621,733,899",43.44503,0.108,4.032,0.033,0.033
"147,285,427,618",-34.0540480171206,"149,298,421,613",-39.8548615907214,"138,296,432,617,681",-17.7423091052007,"138,296,432,617",-37.9114890844609,2,"138,296,432,617",-37.91228,0.026,1.026,0.026,0.026
"304,404,754",-10.4981267207652,"306,409,753",-15.4292617797886,"269,414,536,751",-2.54704415805632,"269,414,751",-10.5761573803438,2,"269,414,751",-11.10062,0.008,1.048,0.048,0.048
"132,264,372,473,640,752,876",33.6181407110621,"131,270,373,481,647,754,871",27.9158649425398,"128,246,268,372,482,493,644,754,874",54.4331621894549,"128,268,372,493,644,754,874",29.0658778585156,6,"128,268,372,493,644,754,874",28.96192,0.03,2.025,0.036,0.036
"195,342,564,724,825",56.6913229661487,"181,378,519,745,811",46.4860129606508,"169,179,208,358,377,507,553,720,842,871",88.1237233191698,"179,358,507,553,720,871",63.1046041227694,3,"179,358,553,720,871",51.35641,0.13,5.061,1.093,0.093
"519",7.36923613621877,"528",4.8025885089192,"360,529",10.4377991930722,"529",4.97848175480395,6,"529",4.84918,0.009,1.01,0.01,0.01
"123,464,576",77.7152096942179,"123,485,548",69.4253932101694,"122,199,433,599,637",98.3619099378245,"122,433,599",83.9885125844737,2,"122,433,599",80.89488,0.049,2.055,0.055,0.055
"213,345,530,692,798",29.3461914779018,"206,325,525,685,802",13.7756954232106,"123,201,320,365,518,682,804,908",36.9756685722029,"201,320,365,518,682,804",17.1524311373221,6,"201,320,365,518,682,804",16.96296,0.043,3.06,1.06,1.06
"132,267,381,517,688,864",74.5293971771835,"126,265,387,521,690,881",67.7311216494444,"124,264,386,520,580,689,862,881",83.7010068866907,"124,264,386,520,689,881",67.8717860696144,2,"124,264,386,520,689,881",67.76666,0.037,2.022,0.037,0.037
"195,808",84.2698221649436,"184,822",79.1864644086075,"192,673,820",87.977667554705,"192,820",80.1562385609767,2,"192,820",80.12804,0.025,1.015,0.015,0.015
"138,247,367,510,661,783",-14.4620200283753,"198,201,368,491,717,737",-28.1496820021974,"136,240,366,460,543,654,674,774,795",0.296368906430715,"136,240,366,460,543,674,774,795",-15.763033116869,3,"136,240,366,460,543,674,774",-22.66798,0.228,3.059,2.065,1.065
"427,546,754",18.2616310716272,"430,553,764",12.3705819243865,"418,556,766,850",25.3731561342974,"418,556,766",14.1117346178973,2,"418,556,766",14.09652,0.02,1.031,0.031,0.031
"749,862",75.5424313948234,"775,841",66.3663236937219,"699,745,865",88.0940067605344,"745,865",72.9099445822865,2,"745,865",72.88673,0.047,1.007,0.007,0.007
"104,251,383,640,787,895",70.2858204655376,"101,251,415,639,801,881",61.4203318437514,"101,257,381,418,636,792,891",82.9248468139317,"101,257,418,636,792,891",62.9478586308126,2,"101,257,418,636,792,891",62.79587,0.064,1.024,0.057,0.057
"106,210,348,474,575,756,881",23.4922415661951,"113,236,337,474,595,772,877",9.19406651849788,"109,233,338,473,595,758,771,877",25.054889591365,"109,233,338,473,595,771,877",9.47934771214686,2,"109,233,338,473,595,771,877",9.47931,0.084,1.063,0.076,0.076
"429,605",23.9321219495054,"432,611",21.5045207947262,"423,617,637",30.1897354146426,"423,617",22.1872583310956,2,"423,617",22.18723,0.009,1.018,0.018,0.018
"178,280,397,505,643,753,876",100.845737219466,"176,326,327,583,584,837,840",73.6114857440108,"168,295,395,404,513,630,645,773,887,903",107.065961164193,"168,295,404,513,630,773,887",78.42864393967,5,"168,295,404,513,630,773,887",78.24667,0.375,3.068,0.084,0.084
"116,216,351,501,635,813",67.8634233100448,"276,333,511,626,807",58.9299149353804,"114,221,255,343,486,510,620,650,801,871",86.3732302391435,"114,255,343,510,620,650,801",67.5777275196607,2,"114,255,343,510,620,650,801",62.36074,1.103,4.051,1.085,1.085
"111,227,365,477,600,759,867",111.347118433993,"96,247,322,483,597,763,870",87.8527156310206,"95,97,236,342,349,457,482,598,752,761,874",129.475632155147,"97,236,342,457,598,761,874",93.1561303677776,2,"97,236,342,457,598,761,874",89.18928,0.094,4.055,0.077,0.077
"101,256,464,622,750,873",90.3311742644116,"115,269,465,621,717,879",68.3667573338902,"114,276,399,474,609,732,736,878",86.989640288175,"114,276,399,474,609,732,878",70.8633422343106,1,"114,276,399,474,609,732,878",70.86334,0.068,2.075,1.079,1.079
"356,508,748",65.409328497016,"358,510,752",56.6055830251694,"351,511,537,746,758",73.0791752161869,"351,511,758",57.5129651661298,2,"351,511,758",57.50628,0.008,2.01,0.018,0.018
"176,309,537,717,869",36.7372705057089,"142,308,538,721,856",27.9722859125923,"134,136,162,307,521,537,718,856,877",58.157262943281,"136,162,307,537,718,856",34.2250460044614,3,"136,307,537,718,856",28.57698,0.053,4.025,1.03,0.056
"106,272,380,497,629,732,886",-51.6462213510836,"117,270,379,498,644,761,868",-87.680044075644,"108,120,268,350,384,498,619,643,742,760,871,872",-47.7056302648956,"108,268,384,498,643,760,871",-86.3992639416926,2,"108,268,384,498,643,760,871",-87.02969,0.077,5.045,0.068,0.068
"115,286,397,514,643,746,883",26.7446108225806,"117,274,431,503,637,749,877",20.1033875395774,"115,144,273,390,418,513,634,635,749,876,883",57.9972288997765,"115,273,418,513,635,749,883",21.256019289151,2,"115,273,418,513,635,749,883",21.17442,0.074,4.032,0.046,0.046
"154,305,476,711",20.1366086397975,"163,317,473,699",6.81125761689213,"93,161,303,343,471,483,684,714",36.5400797327738,"161,303,483,684,714",14.8725969275376,4,"161,303,483,684",7.80277,0.036,4.017,1.019,0.043
"428,576,878",76.7782655338179,"424,585,892",65.5601417702148,"411,588,594,882",82.8538852836765,"411,594,882",69.2853549052368,2,"411,594,882",69.23779,0.027,1.033,0.039,0.039
"141,359,630,741,877",54.3109880231478,"146,358,631,740,874",37.8554280363285,"110,148,358,593,630,740,776,876",61.1402638322356,"148,358,630,740,876",38.9367652739244,2,"148,358,630,740,876",38.14878,0.011,3.01,0.01,0.01
"134,344,518,622,729,871",75.8460444176295,"141,340,528,595,738,857",61.5717687511166,"140,331,366,497,524,605,699,738,860",85.8612671100722,"140,331,366,497,524,605,738,860",74.7786163668709,4,"140,331,524,605,738,860",63.39565,0.071,3.062,2.062,0.062
"138,246,415,533,666,781,894",-14.8908026385991,"141,238,403,537,665,796,856",-32.9811491286415,"137,239,401,536,664,784,792,891,907",-6.58295311158437,"137,239,401,536,664,784,907",-29.1512860008958,2,"137,239,401,536,664,784,907",-30.04406,0.081,2.033,0.043,0.043
"104,657",111.053943424384,"145,658",102.386063392709,"185,652,657",111.788448549223,"185,657",103.053395724039,2,"185,657",103.05325,0.042,1.081,0.081,0.081
"155,262,494,856",106.573776011421,"176,262,476,858",97.4296205280811,"157,264,310,475,531,739,858",119.742118743125,"157,264,310,475,858",107.825695460147,4,"157,264,475,858",99.81652,0.041,3.025,1.025,0.025
"203,651,757,878",81.8981339074303,"212,657,789,867",71.3698147623122,"211,642,653,768,884",90.6177758510664,"211,653,768,884",74.7746034254688,2,"211,653,768,884",74.7623,0.058,1.027,0.027,0.027
"325,538,756,900",40.0313814911151,"336,545,757,912",32.6940966421035,"328,335,535,573,751,900",57.3012152537348,"328,535,751,900",36.4865215276141,2,"328,535,751,900",35.77552,0.031,2.011,0.011,0.011
"116,240,383,741,897",23.3710079043908,"126,227,387,736,907",17.4535081619456,"118,229,239,390,415,730,902",43.82971227624,"118,239,390,730,902",19.5724524755131,2,"118,239,390,730,902",19.55925,0.042,2.026,0.026,0.026
"161",49.017987913305,"152",38.8310179127334,"156,482",46.3782568278762,"156",39.120067198961,2,"156",39.12006,0.009,1.005,0.005,0.005
"105,309,413,517,675,783,886",86.2820456466295,"105,313,424,522,665,825,826",75.4838423220023,"106,307,422,522,661,664,783,899",99.2739006931963,"106,307,422,522,664,783,899",81.0695557158984,2,"106,307,422,522,664,783,899",81.05608,0.132,1.041,0.041,0.041
"465,754",12.9309775370266,"472,766",7.29083594942615,"398,469,766",21.3310705409442,"469,766",7.37644576280347,2,"469,766",7.37504,0.019,1.016,0.016,0.016
"116,220,389,499,624,762,863",19.3376572594373,"108,234,403,498,628,748,749,860",-0.380749164365838,"99,107,236,399,505,632,760,867,881",42.030430716289,"99,236,399,505,632,760,881",8.07548447815016,2,"99,236,399,505,632,760,881",8.04344,1.057,2.055,0.077,0.077
"112,212,373,495,647,756,885",62.1375760978385,"178,180,375,524,644,771,892",42.010782987619,"114,231,371,373,519,622,644,680,770,892",76.7372722275188,"114,231,373,519,644,770,892",44.7052590676048,2,"114,231,373,519,644,770,892",44.59582,0.154,3.069,0.069,0.069
"104,237,352,454,574,678,837",119.666093017976,"704,845",118.452899370593,"83,252,336,356,467,575,584,685,840,919",132.859379789085,"83,252,336,467,575,685,840,919",107.650827170024,2,"83,252,336,467,575,685,840,919",107.55905,5.138,3.064,1.076,1.076
"117,222,462,589,729,831",43.3320962605134,"119,215,444,565",37.3367171496986,"99,118,222,441,480,575,736,833",50.5712216078468,"99,222,441,575,736,833",30.649253164243,7,"99,222,441,575,736,833",30.59557,2.051,2.042,0.062,0.062
"259,436,577,723,882",12.5536370585311,"264,453,567,701,916",-4.23823556477347,"246,262,303,398,449,557,594,699,728,911",32.337413316221,"262,449,557,594,699,911",0.450968000203254,2,"262,449,557,594,699,911",0.3769,0.088,5.067,1.086,1.086
"173,416,731",-30.4070795614112,"187,410,739",-36.1630830056816,"185,412,429,738,789",-18.0755603796719,"185,412,738",-36.0893582776823,2,"185,412,738",-36.0898,0.028,2.023,0.023,0.023
"132,299,421,721,846",91.3374993784519,"138,308,403,718,833",76.5180846446569,"137,281,305,397,426,486,708,836",96.0561358492049,"137,281,305,397,486,708,836",85.0805847363747,3,"137,305,397,486,708,836",78.57343,0.049,3.039,2.058,1.058
"268,473,783,896",77.8897066348511,"287,473,771,892",71.6668899074039,"260,303,461,482,722,767,895",99.3909871149916,"260,482,767,895",83.5054129906086,2,"260,482,767,895",74.85466,0.035,3.034,0.034,0.034
"182",19.7115865046967,"180",15.3826044224019,"192",18.9100127387624,"192",17.32662410591,1,"192",17.32662,0.002,0.01,0.01,0.01
"551",-6.7697116454285,"551",-8.07933730559166,"549",-3.90327532969659,"549",-8.01622700339506,10,"549",-8.07262,0,0.002,0.002,0.002
"102",35.8360995999003,"88",31.8195752814733,"97,521,823",46.4278677327365,"97",32.6182013147649,2,"97",32.61644,0.014,2.005,0.005,0.005
"170,296,709,825",-0.197412235492791,"171,310,709,824",-4.63764833435218,"110,183,309,462,706,825,827",13.8421090093668,"110,183,309,706,825",-0.495898992683912,2,"110,183,309,706,825",-0.51092,0.016,3.029,1.029,1.029
"114,221,378,503,619,873",22.3756705517169,"141,248,399,507,620,869",-7.89704301759053,"133,247,262,395,506,617,619,711,864",14.7517520718488,"133,247,262,395,506,619,864",1.35706918949527,3,"133,247,395,506,619,864",-7.39766,0.084,3.074,1.074,0.074
"128,239,408,556,722,850",79.7446787613027,"87,260,395,577,671,863",60.5936683203181,"84,124,256,395,570,670,743,851",74.2978263881844,"84,256,395,570,670,743,851",65.7115717060327,2,"84,256,395,570,670,743,851",61.56599,0.16,2.07,1.11,1.11
"255,357",42.6707822753774,"273,367",36.9238070744674,"234,387,405",52.3591990493302,"234,387",41.9045478600601,3,"234,387",41.8044,0.028,1.051,0.051,0.051
"175,288,439,543,643,774,893",92.9402102554397,"201,275,493,495,667,772,881",69.0387148890159,"188,286,295,445,516,523,666,771,884",90.4222166909805,"188,286,445,516,666,771,884",71.1794204137472,2,"188,286,445,516,666,771,884",71.17823,0.179,2.076,0.083,0.083
"291,464,739,883",45.7417410543384,"291,466,736,897",43.7215068932333,"183,289,467,505,727,888,896",76.8803704589222,"289,467,727,888",45.8404628569088,2,"289,467,727,888",45.17996,0.019,3.022,0.022,0.022
"115,252,407,527,691,812",54.4417067096182,"105,251,430,523,708,813",30.3956582787402,"104,250,267,409,430,525,531,704,813,840",60.5096462204249,"104,250,409,525,704,813",33.7046852324827,2,"104,250,409,525,704,813",32.1661,0.056,4.031,0.031,0.031
"386,834",-5.35576971328721,"388,829",-7.84530500857154,"275,370,400,404,801,857",14.4134808062435,"275,404,801,857",0.869210867813081,2,"275,404,801,857",0.77453,0.007,4.037,2.041,2.041
"203,354,493,784,893",21.427829316779,"207,355,489,779,880",6.85081474041619,"148,206,354,489,547,742,770,882",36.1718831219331,"206,354,489,770,882",7.55906803298635,5,"206,354,489,770,882",7.35622,0.027,3.032,0.032,0.032
"128,232,360,490,633,753,857",121.098713085612,"143,219,375,482,649,756,835",104.671131832628,"127,235,369,484,501,643,751,868,877",142.651694444001,"127,235,369,484,643,751,868",109.880074867916,3,"127,235,369,484,643,751,868",109.57202,0.092,2.042,0.042,0.042
"295",22.5078709521009,"297",14.5558435661226,"289,513",17.7674941442067,"289",15.4403901801645,2,"289",15.41529,0.002,1.006,0.006,0.006
"205,426,858",-19.097031617367,"189,452,867",-34.0662973492415,"187,221,404,494,501,828,858,907",-6.73678474507601,"187,404,494,858",-26.465622876983,2,"187,404,494,858",-31.01915,0.051,5.038,1.04,1.04
"104,235,335,655,761",51.8818017422066,"132,233,341,633,785",35.7918599932881,"128,232,350,595,630,789",51.5464644232089,"128,232,350,630,789",36.8440890510754,5,"128,232,350,630,789",36.82694,0.082,1.095,0.095,0.095
"231,348,690,802",108.44952318272,"234,342,683,802",100.76636668328,"224,364,656,816",116.529887368943,"224,364,656,816",106.087590960538,1,"224,364,656,816",106.08759,0.016,0.071,0.071,0.071
"548,653",46.5836637198368,"581,624",36.9767136669707,"504,518,696",56.7980545641855,"518,696",44.7153183913184,5,"518,696",44.61722,0.062,1.073,0.073,0.073
"116,247,360,511,615,718,881",66.0807965172443,"139,246,350,514,616,704,881",54.8717416709813,"118,145,245,353,359,380,508,611,716,879,944",89.9281348708035,"118,245,353,508,611,716,879",58.0107092889314,2,"118,245,353,508,611,716,879",56.48773,0.052,4.016,0.022,0.022
"139,248,367,500,615,737,851",23.4477984151464,"175,188,444,453,596",13.2486054337339,"132,243,378,487,607,728,862",37.2285512359262,"132,243,378,487,607,728,862",9.3925386336286,1,"132,243,378,487,607,728,862",9.39254,2.239,0.064,0.064,0.064
"115,555,737",29.6324145503483,"119,560,721",25.1474359481484,"133,173,441,554,739",46.8459470630465,"133,554,739",30.3758178946859,2,"133,554,739",29.52418,0.025,2.021,0.021,0.021
"236,495",33.5880850343789,"223,502",28.8420398020929,"222,475,508,560",43.6841958078419,"222,508",29.5826102957851,2,"222,508",29.56164,0.02,2.027,0.027,0.027
"153,299,444,648,863",-4.66503495836855,"162,304,472,638,899",-20.755401944598,"142,158,303,332,471,650,861,904",7.81886902079196,"142,303,471,650,861,904",-12.2303572165875,2,"142,303,471,650,861,904",-15.27679,0.088,3.04,1.046,1.046
"113,260,372,497,614,760,865",115.187441678509,"96,259,370,548,605,758,833",92.7732648878338,"95,211,257,379,485,546,606,633,755,832,921",117.838213109524,"95,257,379,485,546,606,755,832,921",100.214152556491,4,"95,257,379,485,546,606,755,832,921",100.15935,0.114,4.086,2.086,2.086
"236,383,677,790",48.5224680582653,"228,392,663,782",33.9489945912385,"174,224,396,645,811",50.5476834351646,"224,396,645,811",35.7834863211473,2,"224,396,645,811",35.74575,0.039,1.078,0.078,0.078
"149,446,571,697,879",87.5883195236459,"144,437,576,702,865",75.9572405780337,"146,419,434,575,706,864,881",98.7148912629459,"146,434,575,706,864",76.2921218960105,7,"146,434,575,706,864",76.1664,0.038,2.03,0.043,0.043
"134,241,346,513,628,738,874",100.669885759056,"382,438,807,866",98.875187401927,"146,252,343,360,465,505,639,736,757,868,900",124.148076489102,"146,252,360,505,639,757,868",89.3312506382492,2,"146,252,360,505,639,757,868",88.01198,3.203,4.053,0.081,0.081
"184",45.6170249341969,"194",44.4104487005046,"178,228",50.6273115921135,"178,228",48.5984540699714,3,"178",46.12498,0.01,1.006,1.006,0.006
"304",39.3767346585972,"313",37.1027091610599,"296,328",45.3756729811087,"328",40.284945225738,2,"328",40.25027,0.009,1.008,0.024,0.024
"124,320,465,579,747",-3.89685714189429,"122,324,472,583,740",-23.3682593547852,"123,291,321,469,588,744",-0.0392335367239198,"123,321,469,588,744",-22.0095660602852,2,"123,321,469,588,744",-22.05465,0.024,1.018,0.018,0.018
"153,312,478,668,852",103.245988067714,"152,296,490,669,849",89.9548911479807,"148,295,335,488,500,667,848,854",112.346360187986,"148,295,488,667,848",90.0800717727045,2,"148,295,488,667,848",90.06077,0.033,3.035,0.037,0.037
"190,376,532,668",77.6295986824505,"198,369,547,660",71.6551736414924,"184,197,371,482,548,657,696,786,869",102.148252888131,"197,371,548,657",73.9137196546758,2,"197,371,548,657",71.92328,0.038,5.038,0.039,0.039
"144,343,479,584,694,850",93.2765828395168,"140,348,472,623,640,841",65.7069419353161,"139,328,345,447,472,594,686,839",91.9704250452469,"139,345,472,594,686,839",70.116864229368,2,"139,345,472,594,686,839",69.92673,0.118,2.043,0.043,0.043
"127,234,340,471,580,680,842",52.1378812609408,"82,720,846",59.7669386542314,"90,133,221,342,464,570,668,708,785,848",67.4597937846433,"90,133,221,342,464,570,708,848",47.141250405801,2,"90,133,221,342,464,570,708,848",46.88304,4.171,3.056,1.072,1.072
"293,667",144.097506537034,"290,662",139.276647722907,"288,660,783",147.421261507558,"288,660",139.446888586035,2,"288,660",139.40216,0.008,1.012,0.012,0.012
"124,283,399,601,776,885",32.8113889837493,"125,298,395,594,781,899",25.3796830746455,"124,269,418,588,592,771,899",53.8711299461034,"124,269,418,592,771,899",27.0831610595406,2,"124,269,418,592,771,899",27.07955,0.046,1.061,0.061,0.061
"150,290,402,506,635,743,889",105.316482323519,"156,281,400,494,642,742,877",91.6291788197612,"151,270,275,398,502,617,639,752,886",134.045043771789,"151,275,398,502,639,752,886",93.464745818642,2,"151,275,398,502,639,752,886",93.33751,0.049,2.04,0.04,0.04
"336,615,733,846",0.190414744573843,"349,624,724,845",-5.6291777024954,"313,357,371,574,609,723,741,851",23.4156618555259,"313,357,609,723,851",0.276574291359246,3,"357,609,723,851",-4.08019,0.032,4.04,1.042,0.042
"158,294,401,530,636,740,879",120.026763523529,"141,313,389,488,952",121.332671996929,"131,140,289,396,528,647,753,881,890",143.607609084287,"140,289,396,528,647,753,890",112.663931178636,7,"140,289,396,528,647,753,890",112.64033,2.315,2.056,0.065,0.065
"110,257,362,466,581,775,900",22.3565186825579,"113,274,354,471,584,767,897",11.6541278396354,"112,260,359,364,470,585,602,762,898",46.7709355434916,"112,260,364,470,585,602,762,898",19.4681712451167,3,"112,260,364,470,585,762,898",12.57988,0.047,2.03,1.03,0.03
"104,217,339,447,602,776,887",51.0962942225444,"139,148,402,403,592,759,882",18.8324861928445,"67,106,192,237,340,356,434,499,585,591,757,808,881",72.9419042279188,"106,192,340,434,585,757,881",34.3076254102139,2,"106,192,340,434,585,757,881",29.53842,0.243,6.072,0.083,0.083
"248,422,654,789",102.61751138586,"244,421,667,791",91.9059378808742,"251,323,420,461,588,646,665,793",112.090535624023,"251,323,461,665,793",89.6255464693737,2,"251,323,461,665,793",89.47905,0.02,4.017,1.057,1.057
"140,250,459,848",43.4069910724236,"136,253,458,855",38.3113126619824,"113,135,256,401,481,589,856",53.0597248851686,"135,256,401,481,589,856",44.8590698477124,2,"135,256,401,481,589,856",44.85674,0.015,3.041,2.041,2.041
"502,647",12.8908319240812,"528,648",1.16789507192006,"499,668",13.5535882313908,"499,668",8.55136699552505,2,"499,668",8.55135,0.027,0.024,0.024,0.024
"218,337,440,592,731,886",113.835210719305,"233,361,382,625,732,882",98.8211634434006,"114,222,235,332,441,456,568,616,731,743,881",143.220454874765,"222,332,441,616,731,881",105.252824465553,7,"222,332,441,616,731,881",104.717,0.135,5.039,0.039,0.039
"156,309,496,631,735,837",16.5370879480783,"160,320,500,626,729,844",13.1869536505562,"130,159,197,319,481,499,625,728,730,859",48.6375197714733,"159,319,481,625,728,859",20.2408030554924,2,"159,319,481,625,728,859",15.10203,0.037,4.049,0.063,0.063
"325",3.93730368628187,"317",-0.941334526364226,"290,321,480",9.49225412924054,"290,321",5.34573124096936,7,"321",-0.25817,0.008,2.004,1.004,0.004
"188,455,749,866",46.2819474308123,"208,461,750,851",36.7897598438323,"175,221,223,421,463,642,733,863",71.6997812920429,"175,221,463,733,863",45.0998369940213,2,"175,221,463,733,863",44.99071,0.042,4.04,1.04,1.04
"351",-10.4759361470179,"352",-10.6198013450678,"134,344,730",-2.6110162680998,"344",-9.86155439677749,5,"344",-10.16605,0.001,2.007,0.007,0.007
"246",54.141816606252,"237",49.4446153668478,"238,259",59.0101227755762,"238",49.5245976769152,2,"238",49.1264,0.009,1.008,0.008,0.008
"623",36.6502280135904,"614",30.4172774142979,"607",37.6976060299985,"607",31.3818666818894,1,"607",31.38187,0.009,0.016,0.016,0.016
"103,232,410,564,670,780,897",93.6585577419159,"115,208,426,573,690,784,892",80.0017686210466,"105,219,340,424,556,571,687,783,895",100.579086894474,"105,219,424,571,687,783,895",80.5940904187421,2,"105,219,424,571,687,783,895",80.58052,0.09,2.058,0.058,0.058
"262,419,685",64.2847162845712,"266,442,668",55.5748194294756,"186,265,441,662,691",69.4450549768166,"265,441,691",61.2421551839968,2,"265,441,691",58.09295,0.044,2.031,0.031,0.031
"497,885",30.6016344432207,"502,874",28.7368802523998,"245,499,546,756,873",46.2874245087059,"499,873",29.0936356464416,2,"499,873",28.82305,0.016,3.014,0.014,0.014
"229,335,507,708,818",104.604040643414,"230,333,518,700,840",98.2577009692027,"180,220,344,517,693,698,849",120.127950508619,"220,344,517,693,849",99.3692355664826,7,"220,344,517,693,849",99.35709,0.044,2.069,0.074,0.074
"104,220,362,493,643,774,897",98.8164305767276,"108,247,366,490,645,804,904",82.4129866315761,"106,245,365,491,644,802,907",96.9172427290944,"106,245,365,491,644,802,907",82.661638204006,1,"106,245,365,491,644,802,907",82.66164,0.077,0.071,0.071,0.071
"173,343,552,854",-2.09268202479392,"160,366,555,861",-10.5128557947459,"153,183,351,372,509,567,806,859",18.3588177394606,"153,372,567,859",-8.40518465885209,2,"153,372,567,859",-8.77365,0.046,4.038,0.069,0.069
"140,268,387,523,732,883",51.4905362404267,"160,279,392,517,740,878",39.7903431929007,"121,159,277,278,392,506,530,620,691,740,877",71.6414691540901,"159,278,392,506,620,691,740,877",46.8309778203731,2,"159,278,392,506,620,691,740,877",46.55181,0.055,5.054,2.065,2.065
"163,284,386,512,668,775",72.7846614730765,"147,298,402,475,639,640,789",42.4977541819398,"124,146,290,397,528,666,681,794,803",81.5185954499728,"146,290,397,528,666,794",50.6696721910335,2,"146,290,397,528,666,794",50.65672,1.125,3.071,0.071,0.071
"146,260,463,646,803",84.3021135179501,"162,238,459,619,796",64.680946399011,"152,239,262,458,604,656,705,794",84.6060549650697,"152,239,458,604,656,794",70.0405184777213,2,"152,239,458,604,656,794",69.13138,0.076,3.032,1.051,1.051
"238,686,875",69.1569121883943,"227,664,899",55.2659198029485,"225,338,653,668,884",74.8039589791122,"225,653,884",57.6177692698923,2,"225,653,884",57.57422,0.057,2.04,0.055,0.055
"154,304,432,747,863",90.7239618588441,"154,312,402,771,859",74.4975372480679,"151,301,427,592,609,726,769,861,886",107.202146315464,"151,301,427,609,769,861",79.2019147616954,2,"151,301,427,609,769,861",79.19773,0.066,4.034,1.035,1.035
"129,290,433,605,820",87.175886781004,"149,290,443,592,798",78.0702438121768,"129,148,290,442,582,603,790,817",102.20336350806,"148,290,442,603,790,817",87.4384904527018,3,"148,290,442,603,790",78.98442,0.065,3.014,1.033,0.06
"127,263,384,484,608,726,852",154.537767612098,"149,269,361,492,609,727,881",134.373116566324,"138,263,361,491,608,725,726,769,880",160.319734249071,"138,263,361,491,608,725,769,880",140.550836918997,3,"138,263,361,491,608,725,880",135.12205,0.09,2.069,1.07,0.07
"108,218,371,571,683,794,899",63.7646780142037,"110,175,397,581,682,863,864",34.0259855765428,"105,204,337,396,529,571,687,802,929",85.5872583931813,"105,204,396,571,687,802,929",43.8561738859266,2,"105,204,396,571,687,802,929",43.20905,0.186,2.084,0.084,0.084
"557,801",66.0191425294286,"575,791",57.2431018474577,"548,795",76.2545439822193,"548,795",63.4602258033614,8,"548,795",63.3229,0.028,0.015,0.015,0.015
"206,368,544,770",64.6432226816613,"187,405,515,772",47.4758450351219,"184,385,544,772",63.8355316065396,"184,385,544,772",50.1851021594282,1,"184,385,544,772",50.1851,0.087,0.041,0.041,0.041
"152,298,402,578,722,852",63.7460509947256,"215,216,430,584,739,856",51.4771600706019,"155,170,227,305,407,451,583,738,827,871",77.1642331405819,"170,227,305,407,583,738,871",58.8507444891862,2,"170,227,305,407,583,738,871",55.59917,0.2,4.055,1.07,1.07
"105,258,370,537,661,780,883",50.9982099484588,"97,176,392,539,680,790,849",18.4979988597335,"89,178,254,378,391,498,544,677,786,853",47.667346908037,"89,178,254,378,544,677,786,853",26.8740851566062,2,"89,178,254,378,544,677,786,853",24.09899,0.177,3.087,1.087,1.087
"101,212,365,487,604,871",158.468360913658,"104,206,379,490,629,869",149.661783804776,"100,213,219,349,379,490,627,665,742,868",178.774024750247,"100,213,349,379,490,627,665,868",165.283556051178,3,"100,213,349,490,627,868",150.82157,0.053,4.045,2.045,0.047
"219",-77.5937365224709,"217",-78.0203606646592,"230",-73.2459153057652,"230",-75.5514369444627,1,"230",-75.55144,0.002,0.011,0.011,0.011
"620,828",110.436488069325,"614,854",107.367633325001,"279,612,829,856",119.932959068002,"612,856",108.661307276581,2,"612,856",107.43448,0.032,2.009,0.036,0.036
"263",47.0816335327274,"264",44.5454553599475,"271",47.1086837937673,"271",45.6104442996555,1,"271",45.61044,0.001,0.008,0.008,0.008
"358",66.4196763684803,"355",62.7314582253507,"314,357,388,414",80.7293179854197,"314,388",64.3834010235654,2,"314,388",64.37169,0.003,3.001,1.03,1.03
"529",26.7166664121369,"537",21.8191147126514,"535",26.3919830949699,"535",21.8759998108826,6,"535",21.78596,0.008,0.006,0.006,0.006
"251,363,493,693",35.1644191555848,"247,389,494,699",30.0716288475781,"235,244,385,499,502,698,920",52.0397928571965,"244,385,499,698,920",31.8246068812876,7,"244,385,499,698,815,920",31.57147,0.037,3.04,1.04,2.04
"110,224,325,476,598,718,868",71.7444859698654,"120,192,342,462,609,708,899",54.3558589253464,"113,205,339,461,606,721,869,902",74.2179367207342,"113,205,339,461,606,721,902",58.7453611307189,2,"113,205,339,461,606,721,902",56.73082,0.125,1.063,0.096,0.096
"481",-5.37231677254928,"484",-7.92128151026565,"316,486",-2.95934317426433,"486",-7.53699539238768,2,"486",-7.53951,0.003,1.005,0.005,0.005
"111,250,625,890",39.9887054197991,"140,258,624,890",31.3002225947978,"133,260,315,552,594,636,683,876,888",66.4829439577861,"133,260,636,888",36.2932595232564,2,"133,260,636,888",33.62333,0.038,5.045,0.045,0.045
"269",47.9246442840277,"264",44.8328927095442,"257,378",50.3826604367107,"257",45.3802412938917,2,"257",45.37047,0.005,1.012,0.012,0.012
"188",78.2228289448044,"189",76.0834655209446,"190",76.1490803480031,"190",76.1571453005372,5,"190",76.01857,0.001,0.002,0.002,0.002
"108,273,407,511,738,841",12.3873922564627,"113,291,385,514,741,822",4.26445328508848,"112,273,288,386,405,515,710,732,848",37.8758718235913,"112,288,405,515,710,848",10.415667350651,2,"112,288,405,515,710,848",7.7282,0.07,3.023,0.06,0.06
"240,780",-7.65376766547418,"243,780",-11.5882093865052,"232,273,705,780",1.42460521605416,"232,780",-10.392918596346,2,"232,780",-10.59859,0.003,2.008,0.008,0.008
"393,563",19.8634497051177,"373,565",13.7921453078877,"205,314,428,532,569,808",21.8392690860568,"314,428,532",12.7463915949885,2,"314,428,532",10.152,0.022,4.041,1.066,1.066
"151,286,394,501,624,759,890",-4.8473322404175,"155,289,384,496,608,774,906",-26.1447371970501,"77,134,161,285,288,384,495,599,640,773,858,915",2.6308125385161,"77,134,288,384,495,599,640,773,858,915",-14.4138727594398,2,"77,134,288,384,495,599,640,773,858,915",-14.41396,0.069,5.082,3.09,3.09
"212,320,798",39.0164127002229,"199,343,795",26.1100532512982,"195,344,752,793,908",37.5238988511619,"195,344,793",26.7223546241518,2,"195,344,793",26.37709,0.039,2.046,0.046,0.046
"140,473,692,818",42.3556245142059,"138,470,697,802",37.721459574043,"137,138,468,679,685,813,899",60.4450866597386,"137,468,685,813",38.4768565589044,2,"137,468,685,813",38.38899,0.026,3.019,0.02,0.02
"124,293,418",-21.2957196697003,"136,300,415",-29.0579343055486,"130,285,431,468",-6.14330555740425,"130,285,431",-27.0121345904486,2,"130,285,431",-27.04061,0.022,1.027,0.027,0.027
"101,400",135.18025533752,"99,404",132.948209125044,"123,403,436,459",154.525574803452,"123,403",134.732563299469,3,"123,403",134.72341,0.006,2.025,0.025,0.025
"162,285,421,581,699,851",53.1469312529128,"168,288,412,568,718,865",28.836328105286,"145,165,287,412,565,568,717,872",52.729601320411,"165,287,412,568,717,872",28.9759133974504,2,"165,287,412,568,717,872",28.97461,0.064,2.066,0.066,0.066
"396",55.1905240786273,"394",50.8355901734078,"392,461",57.7254117408635,"392",50.8675889450346,2,"392",50.86757,0.002,1.004,0.004,0.004
"192,441,666",3.89707388402879,"197,447,668",0.406646927009568,"195,441,445,674",17.484459545199,"195,445,674",1.48381508913425,2,"195,445,674",1.48381,0.013,1.011,0.015,0.015
"284,454,649,767,877",9.210712465362,"275,472,653,781,890",-5.91174390100738,"202,274,288,458,481,650,780,889",16.7732117910494,"274,458,650,780,889",-0.370855737991263,2,"274,458,650,780,889",-4.63803,0.058,3.034,0.04,0.04
"159,323,434,756,894",-9.99282192004605,"159,364,392,748,905",-25.4971746967082,"140,161,302,437,447,731,903",13.7956698273391,"161,302,437,731,903",-17.8766536956199,2,"161,302,437,731,903",-17.87959,0.102,2.06,0.06,0.06
"107,263,389,597,703",90.4507405965981,"137,275,382,626,710",72.0139374107597,"131,134,273,390,612,718",85.3365565038914,"134,273,390,612,718",73.9328152993612,2,"134,273,390,612,718",73.93279,0.085,1.065,0.068,0.068
"284,456,815",11.3094205421649,"276,467,817",4.09040730480144,"131,269,449,499,749,821",22.0411182535366,"269,499,821",9.51575463661582,4,"269,499,622,821",7.91699,0.021,3.028,0.064,1.064
"192,796",54.9028805798822,"184,803",51.9110327036808,"181,276,773,790,810",71.330671748749,"181,790",54.6489960872069,8,"181,790",53.2777,0.015,3.017,0.017,0.017
"167,361,597,735",95.9136050491472,"167,363,591,779",89.044930762609,"145,168,350,381,586,784",109.25593727317,"168,350,381,586,784",95.4920552688156,3,"168,350,586,784",90.10595,0.052,2.072,1.072,0.072
"349,458,606,762",67.2461677754458,"328,548,577,752",54.9974926395689,"328,468,602,621,752,791",76.7645721804091,"328,468,621,752",58.92625352442,2,"328,468,621,752",58.84354,0.15,2.045,0.056,0.056
"341,537,665",0.347788285013429,"351,546,670",-8.4520190921323,"250,362,529,673,719",6.54184228541285,"250,362,529,673,719",-0.940793182561336,5,"250,362,529,673",-6.61326,0.024,2.037,2.037,1.037
"107,237,370,490,619,746,889",19.8135248685745,"112,227,372,492,663,738,892",0.422949250811037,"109,111,226,371,379,497,577,662,738,891,905",26.8700439881623,"111,226,371,497,577,662,738,891",3.92225662268777,6,"111,226,371,497,577,662,738,891",3.89777,0.074,4.073,1.075,1.075
"262",86.9678708011381,"274",82.792373332126,"278",84.298032941421,"278",83.1926348422982,3,"278",82.91276,0.012,0.016,0.016,0.016
"119,299,464,624,748,884",22.826134078313,"104,320,472,611,757,898",11.3125335630762,"103,128,237,319,471,585,620,756,897",35.670818198836,"103,319,471,620,756,897",11.8655376650735,6,"103,319,471,620,756,897",11.30377,0.08,3.061,0.068,0.068
"123,277,389,552",19.7511116285382,"123,287,384,546",10.9511057810726,"105,122,277,286,391,545,624,774,873",42.5095557537465,"122,277,391,545",13.6397617623505,2,"122,277,391,545",11.69461,0.021,5.01,0.01,0.01
"328,502,637,753",15.4947870531103,"326,508,648,758",-1.47184197712895,"321,505,646,757,788",10.861026744083,"321,505,646,757,788",5.60417572902153,3,"321,505,646,757",-0.76942,0.024,1.023,1.023,0.023
"113,253,508",60.2465859839925,"119,251,519",53.5696217198254,"113,114,258,520",63.9974367220505,"113,258,520",54.3201970490607,1,"113,258,520",54.3202,0.019,1.017,0.017,0.017
"405,778",85.4927748635029,"408,780",77.5756817348469,"389,454,778",82.945595068787,"389,454,778",80.6162594699972,1,"389,454,778",80.61626,0.005,1.016,1.016,1.016
"130,313,479,752,880",-46.7392797499875,"140,300,488,744,870",-59.7670448290946,"135,299,482,505,738,871",-43.3871736888508,"135,299,482,505,738,871",-52.9668918217462,3,"135,299,482,738,871",-58.93325,0.05,1.045,1.045,0.045
"151,296,424,530,649,749,888",85.4940795206739,"152,315,421,527,646,745,895",58.105034215737,"122,151,263,314,420,510,531,644,745,894",83.154762576185,"151,314,420,531,644,745,894",58.415255172432,2,"151,314,420,531,644,745,894",58.22374,0.04,3.038,0.038,0.038
"227,375,608,737",57.9365190898853,"209,385,633,728",43.6287076537004,"155,209,247,384,607,757",57.2523049076122,"155,247,384,607,757",47.9167607419807,2,"155,247,384,607,757",47.91647,0.062,2.048,1.05,1.05
"266,526,649,752",21.6301582322955,"254,529,619,762",12.2033992821994,"228,239,263,512,634,782",40.971551540663,"228,263,512,634,782",23.9619811373929,3,"263,512,634,782",18.36031,0.055,2.062,1.062,0.062
"203,403,516,630,739,853",98.8583233322306,"206,438,439,848,850",91.2040878882742,"202,404,516,620,634,735,865,872",115.094853369578,"202,404,516,620,735,865",87.6228792728198,2,"202,404,516,620,735,865",87.62058,1.295,2.022,0.028,0.028
"474",37.4091378397411,"475",34.095925997751,"300,476,479,761",41.9446643248038,"300,479,761",35.0367980864773,2,"300,479,761",35.02475,0.001,3.002,2.005,2.005
"353,652,769,894",94.491153090809,"368,639,794,917",79.1007024041806,"91,215,348,373,637,793,853,916",98.3393603256774,"91,215,373,637,793,916",84.6688309501926,8,"91,215,373,637,793,916",84.40267,0.076,4.066,2.081,2.081
"210,310,462,581,705,857",69.2520214848371,"184,364,453,588,730,853",59.3602923689737,"182,334,462,587,591,729,861",91.332818566104,"182,334,462,587,729,861",61.7348785048994,2,"182,334,462,587,729,861",61.73487,0.125,1.086,0.086,0.086
"110,253,375,678,844",78.6573372640875,"123,239,389,675,872",65.696741207509,"119,244,249,391,652,681,847,873",94.0552686361819,"119,244,391,681,873",71.364318277208,2,"119,244,391,681,873",67.13263,0.072,3.035,0.066,0.066
"284,656",48.8226144017182,"280,667",43.3813484305988,"271,295,666",52.8800392984216,"271,666",44.2031785773681,2,"271,666",44.1438,0.015,1.021,0.023,0.023
"179,287,421,774",81.1353250453934,"170,283,429,772",72.4873744782226,"106,168,286,428,474,647,741,800",97.1644771666761,"168,286,428,741,800",79.7573278111825,2,"168,286,428,741,800",78.57009,0.023,4.045,1.045,1.045
"129,344,449,586,865",33.2015115386385,"149,365,432,610,863",21.3654244377657,"130,156,347,446,453,594,619,789,866",54.7164480563927,"156,347,446,619,866",24.9940063626075,2,"156,347,446,619,866",24.45452,0.084,4.016,0.067,0.067
"212,357,517,838",-22.9216015373627,"225,348,507,851",-34.6496048731445,"201,215,349,513,576,849",-15.4064483472426,"215,349,513,849",-33.6969747031495,2,"215,349,513,849",-33.69709,0.045,2.026,0.026,0.026
"116,264,403,541,745,878",31.665444028521,"125,263,398,543,741,880",11.5903716005236,"124,252,262,397,542,554,730,746,881",40.3051163021847,"124,262,397,542,730,881",12.3949288822418,2,"124,262,397,542,730,881",12.15831,0.023,3.021,0.035,0.035
"142,347,471,590,710,850",67.2084806884143,"146,350,479,575,689,876",45.0819460426857,"114,147,154,308,349,466,576,690,715,874",82.940969444063,"114,154,349,466,576,690,874",52.2422973222505,2,"114,154,349,466,576,690,874",50.98378,0.077,4.055,1.077,1.077
"387,708",-47.1321380844168,"407,706",-55.8637762776148,"308,342,414,708",-43.0171527470426,"414,708",-54.3576088962468,6,"414,708",-54.58578,0.022,2.027,0.027,0.027
"142,269,409,646,747,882",-7.57755680707265,"149,262,424,651,747,874",-15.996622106773,"101,148,261,298,429,521,609,650,741,760,873",17.7996704708075,"148,261,429,650,760,873",-12.8833002901742,2,"148,261,429,650,760,873",-14.82042,0.042,5.053,0.06,0.06
"718",-12.5818607786359,"708",-24.4662037609161,"316,410,689,801",-23.148704399442,"410,689",-26.1573460335812,3,"280,410,689",-27.38519,0.01,3.029,1.029,2.029
"157,303,409,524,646,750,851",20.6836033275217,"150,333,335,729,730,844",11.7507935156265,"90,149,312,411,525,534,644,648,755,850",35.1873005359598,"149,312,411,525,648,755,850",9.69084711560629,2,"149,312,411,525,648,755,850",9.38276,1.221,3.028,0.028,0.028
"113,221,366,478,579,757,865",33.0606489221201,"126,214,369,483,575,757,862",13.7279400383877,"102,216,224,362,481,577,754,883",46.7505704724232,"102,216,362,481,577,754,883",16.5830741529323,5,"102,216,362,481,577,754,883",16.5432,0.035,1.044,0.046,0.046
"154,734",22.234465259433,"166,735",15.7743636040662,"165,262,641,725,751",36.4468300149229,"165,725",16.9476677025574,2,"165,725",16.83168,0.013,3.02,0.02,0.02
"402,639,898",9.00335100802424,"400,648,901",4.77678558420123,"392,399,642,648,870,889",29.0365080631215,"392,648,889",6.23880204614089,2,"392,648,889",5.90067,0.014,3.015,0.028,0.028
"154,298,814",3.78735858382083,"181,282,814",-2.75680411530817,"151,180,287,357,782,816,835",25.3244801794034,"151,287,782",6.58601630087299,2,"151,287,782",4.79223,0.043,4.016,0.046,0.046
"133,399,535,647",40.6438177330937,"155,395,531,649",33.6684186204693,"156,373,530,663",52.6241606716733,"156,373,530,663",38.5128765192507,10,"156,373,530,663",38.46517,0.032,0.07,0.07,0.07
"186,330,458,578,713,886",68.7277240267265,"221,320,462,575,706,862",50.6853758211576,"175,217,330,455,456,579,708,864",81.8308567873644,"175,217,330,455,579,708,864",56.7853267576549,3,"217,330,455,579,708,864",51.21401,0.083,2.041,1.042,0.062
"107,338,448,553,700,845",77.6740408908306,"141,319,521,522,722,843",58.5293557897671,"117,139,168,320,447,571,716,844",87.2559030355689,"139,320,447,571,716,844",64.3522271772926,2,"139,320,447,571,716,844",64.23727,0.181,2.064,0.086,0.086
"179,592",-33.1755216999114,"183,591",-37.9670841116205,"158,182,235,589,657",-16.8578785060318,"182,589",-37.9154269401686,2,"182,589",-37.92102,0.005,3.006,0.006,0.006
"492,653,769",91.3845378204293,"493,647,755",84.705812951949,"105,256,482,644,753,792",99.8082223305292,"482,644,753",88.9621014925517,2,"482,644,753",85.32286,0.021,3.035,0.035,0.035
"264,376,547,707,879",150.559828780208,"282,361,554,721,874",134.113331588468,"121,207,274,360,393,553,559,656,725,872,932",169.982192732163,"274,393,553,725,872",146.696512050026,2,"274,393,553,725,872",137.40016,0.059,6.057,0.058,0.058
"325,671,834",22.2600916993554,"317,677,832",11.4903655489446,"193,316,666,837",24.2890220050586,"316,666,837",12.8781166096499,6,"316,666,837",12.83061,0.016,1.017,0.017,0.017
"513",29.1786137034925,"512",25.3388331513425,"511",28.608395380949,"511",25.3388331512656,4,"511",25.24289,0.001,0.002,0.002,0.002
"792",-14.923269285351,"777",-20.0527090876475,"295,771",-13.0220562085525,"771",-19.5398068460086,2,"771",-19.54255,0.015,1.021,0.021,0.021
"111,447,624,772",55.6320862947067,"99,457,634,774",46.4360642621359,"106,445,453,630,777",59.8330572255618,"106,453,630,777",47.4109333066851,2,"106,453,630,777",47.41064,0.034,1.018,0.022,0.022
"218,506,741,862",50.682890496587,"218,508,759,810",28.9877128803487,"217,505,735,848",42.0119594390556,"217,505,735,848",36.2148499386499,1,"217,505,735,848",36.21485,0.072,0.022,0.022,0.022
"251,444,661,849",72.0794723385363,"261,426,662,844",65.551415005705,"248,423,437,646,658,848",88.7288454515822,"248,437,658,848",66.39582450822,2,"248,437,658,848",66.39344,0.034,2.014,0.014,0.014
"134,494",88.2805481687467,"99,512",65.7617678510367,"116,513",76.5322376349649,"116,513",69.4790197274312,1,"116,513",69.47902,0.053,0.037,0.037,0.037
"319,898",37.3499999980512,"309,897",33.4500250403363,"295,319,762,888",49.3104252892466,"319,888",36.2894001359779,2,"319,888",35.72173,0.011,2.01,0.01,0.01
"145,295,405,548,674,839",71.6286394854508,"158,281,400,565,668,843",58.5007310635108,"155,280,400,551,563,669,842,895",76.5566895869399,"155,280,400,563,669,842",58.7516638764933,2,"155,280,400,563,669,842",58.67623,0.059,2.041,0.053,0.053
"133,519,801",-59.4207933054846,"5,124,535,807",-80.8534889478537,"140,195,433,534,786,812",-45.1685797622227,"140,534,812",-69.5819977495968,10,"140,534,812",-69.73124,1.031,3.033,0.033,0.033
"113,257,646,786",33.6664839021908,"128,239,661,789",22.9002130323647,"126,243,373,576,660,794",36.9133289685707,"126,243,660,794",25.6902740539925,2,"126,243,660,794",23.75802,0.051,2.049,0.049,0.049
"155,708,831",83.0602083152404,"155,703,854",70.5834596874756,"154,226,469,604,700,855",94.008645416667,"154,700,855",71.025905914217,8,"154,700,855",70.57234,0.028,3.033,0.033,0.033
"219,421,873",51.5837682721932,"219,415,884",44.5846763118013,"174,219,424,425,550,871",69.7999509940336,"219,424,871",46.5271510206682,5,"219,424,871",46.36823,0.017,3.005,0.005,0.005
"154,257,459,618,779",-13.1937614324901,"141,256,454,619,775",-20.6618013783641,"139,256,266,440,461,584,625,775",0.52498091254364,"139,256,461,625,775",-18.3543230406205,2,"139,256,461,625,775",-19.32127,0.024,3.029,0.029,0.029
"236,866",26.9390366072706,"245,871",21.0208432066044,"243,282,450,843",43.1411510043197,"243,843",27.4138510616855,2,"243,843",27.35387,0.014,2.03,0.03,0.03
"172,387,637",21.5058327539487,"188,393,635",16.1943590469439,"95,186,390,496,626,687",32.5434855269183,"186,390,496,626",17.7848102762833,2,"186,390,496,626",17.75255,0.024,3.028,1.028,1.028
"154",-18.2498718151312,"154",-18.5305638899553,"157,810",-11.9384918904213,"157",-18.1914095221506,6,"157",-18.4015,0,1.003,0.003,0.003
"194,309,409,695",-5.22744193778787,"203,330,405,693",-12.208121944573,"133,196,312,433,493,692",12.2544247311815,"196,312,433,692",-8.6515262809292,2,"196,312,433,692",-8.73875,0.036,2.032,0.032,0.032
"145,314,467,630,818",76.4126262522052,"150,322,462,611,815",63.3825733733047,"147,319,461,613,814,820",83.1707921855745,"147,319,461,613,814",63.7560327672707,2,"147,319,461,613,814",63.75602,0.04,1.032,0.034,0.034
"761",62.3389359571342,"762",59.0908368013874,"733,772",66.7010750052889,"733,772",64.6262955814364,3,"772",60.9946,0.001,1.011,1.011,0.011
"102,451",-85.6492859367761,"99,441",-100.500704726796,"116,443",-92.9493162635406,"116,443",-97.2327870495238,3,"116,443",-97.37605,0.013,0.022,0.022,0.022
"234,347,576,720,871",61.0058347811187,"240,329,575,732,868",54.3899657709082,"218,352,395,564,728,874",76.5254344719527,"218,352,564,728,874",58.7693847606142,2,"218,352,564,728,874",57.68974,0.04,1.044,0.044,0.044
"121,302,408",85.2779429138198,"129,284,411",81.3958224450597,"124,127,283,424",95.3313520221362,"127,283,424",82.582016359541,9,"127,283,424",82.46694,0.029,1.038,0.041,0.041
"125,310,446,571,706",56.2588012496736,"131,307,444,582,688",49.6044328692472,"122,130,295,442,577,711",80.89538758809,"130,295,442,577,711",52.7098719160192,2,"130,295,442,577,711",52.70985,0.04,1.033,0.035,0.035
"108,393,561,709,894",112.306992405039,"116,378,567,712,880",100.766998885013,"84,117,201,376,565,712,874,927",121.471016793095,"117,376,565,712,874",101.476593457372,4,"117,376,565,712,874",100.92768,0.046,3.053,0.053,0.053
"296,869",-59.0369649152865,"302,839",-65.5851740484555,"302,822",-56.8947658291215,"302,822",-63.4519632002222,1,"302,822",-63.45196,0.036,0.053,0.053,0.053
"139,365,513,720,840",-36.0181505502963,"134,370,513,739,834",-41.3797562244987,"134,325,372,514,708,738,842,912",-18.9230501911961,"134,372,514,708,842",-38.0361790214714,2,"134,372,514,708,842",-38.83795,0.035,3.027,0.027,0.027
"137,259,385,564,724,853",29.8294417518066,"144,243,387,544,783,827",15.0575635157304,"121,139,245,260,386,549,598,715,744,869",53.7085936174582,"121,260,386,549,715,744,869",25.4530790783821,7,"121,260,386,549,744,869",18.37064,0.13,4.044,1.058,0.069
"139,260,383,500,622,751,869",117.710190885779,"144,268,377,492,616,725,902",105.786610834919,"122,143,243,267,301,376,491,615,715,761,871,901",140.95333886138,"143,267,376,491,615,715,761,901",113.131621983364,4,"143,267,376,491,615,715,901",105.92537,0.092,5.046,1.076,0.102
"103,235,342,452,574,693,844",57.6897577662992,"95,237,332,448,575,705,823",42.0142322317899,"94,232,334,450,574,578,704,829,882",81.9448079705713,"94,232,334,450,574,704,829",43.0546130069738,2,"94,232,334,450,574,704,829",42.91935,0.058,2.048,0.048,0.048
"330",-8.12189723726826,"339",-12.3582140174895,"338,358",-5.26655935101289,"338",-12.3582095306822,9,"338",-12.54837,0.009,1.008,0.008,0.008
"114,258,384,540,863",12.6211921950031,"122,265,403,548,863",2.47637133643165,"111,263,408,558,860",27.0346688021366,"111,263,408,558,860",4.71312003110626,1,"111,263,408,558,860",4.71312,0.042,0.053,0.053,0.053
"271,555,682,851",-18.819328259956,"284,540,742,828",-27.1504039203974,"113,269,327,539,689,741,839,884",-2.41426221960332,"269,327,539,689,741,839",-18.9239244052904,2,"269,327,539,689,741,839",-19.01826,0.111,4.037,2.037,2.037
"395,502,766",59.3648420788814,"408,503,775",48.0181601569125,"391,399,513,771,894",63.139373727638,"391,513,771",51.5678575305803,4,"391,513,771",50.84597,0.023,2.02,0.02,0.02
"271,395,548,663",54.684079839516,"258,402,567,659",49.1748577623593,"157,251,402,548,559,682",74.3012282348232,"251,402,548,682",52.7270513529106,2,"251,402,548,682",52.72561,0.043,2.046,0.046,0.046
"179,386,565,680,785",-4.97285252714312,"171,400,564,694,788",-17.224973823925,"156,173,371,401,552,562,691,792",6.76062187429365,"173,401,562,691,792",-13.2399566250976,3,"173,401,562,691,792",-16.55167,0.04,3.042,0.042,0.042
"672,828",3.14053125120351,"675,852",-8.0841844452443,"328,611,683,826,859",10.1113408349838,"611,683,859",-5.69794420974563,7,"611,683,859",-5.83884,0.027,3.013,1.042,1.042
"162,324,665,804",64.7529061968895,"157,329,668,781",53.262762988685,"155,334,432,662,782,803",68.2854144592279,"155,334,662,782",53.8282083726261,2,"155,334,662,782",53.81073,0.036,2.021,0.042,0.042
"110,220,341,523,647,761,866",76.1962607528939,"122,185,382,518,646,769,864",56.1117926561456,"109,188,221,343,381,517,640,645,767,867",84.3474677606144,"109,188,221,381,517,645,767,867",64.2449381608102,3,"109,188,381,517,645,767,867",57.35932,0.104,3.019,1.057,0.088
"298,464,586",20.8193490276607,"301,468,597",17.0403377506047,"258,302,464,622",32.7872331919671,"258,302,464,622",26.4444168585913,3,"302,464,622",21.24023,0.018,1.04,1.04,0.04
"319,560,837",11.6223346010777,"332,568,829",0.702538252451888,"309,335,528,582,808,830",20.5675416494049,"335,528,582,830",4.89216207496528,2,"335,528,582,830",4.857,0.029,3.039,1.045,1.045
"272,534,864",-20.1395315718198,"271,540,861",-22.1397244726068,"267,531,556,858",-8.63828389293615,"267,531,858",-19.4258549187748,2,"267,531,858",-20.84561,0.01,1.014,0.014,0.014
"134,868",-49.4178031913474,"144,887",-53.9321364636129,"148,216,868,886",-37.6317560341265,"148,868",-50.4608866615001,2,"148,868",-50.70195,0.029,2.014,0.014,0.014
"119,221,586,723,850",86.9565140339781,"126,218,571,741,868",65.7340562885088,"109,120,222,392,550,570,733,867,880",92.9290354257569,"120,222,392,550,733,880",68.560433150398,2,"120,222,392,550,733,880",68.33507,0.061,4.045,1.078,1.078
"138,262,362,482,623,756,899",59.8937920990836,"162,268,374,480,647,718",40.1380766342302,"147,267,373,480,639,744,759,901",58.4882301666704,"147,267,373,480,639,744,901",38.9804766847968,2,"147,267,373,480,639,744,901",38.98041,1.333,1.048,0.057,0.057
"178",42.5230837079404,"179",42.0801254500429,"175,215",49.1413556411254,"175",42.2790709587956,7,"175",42.1651,0.001,1.003,0.003,0.003
"103,264,386,514,691,896",12.3028717473015,"88,258,409,508,711,921",-14.1832172629377,"92,252,257,404,513,710,779,897,929",10.4742752491125,"92,252,404,513,710,897",-13.136221393214,2,"92,252,404,513,710,897",-13.41225,0.095,3.057,0.062,0.062
"616",-2.80317553978723,"626",-13.3261791507378,"518,625",-4.62066473783636,"625",-13.3261246659196,3,"625",-13.4099,0.01,1.009,0.009,0.009
"163,271,408,600,774",70.683192765133,"226,227,411,597,764",48.1385602319443,"124,157,278,411,559,596,768,839",81.5132453344785,"157,278,411,596,768",53.8559347796914,2,"157,278,411,596,768",53.56109,0.123,3.026,0.026,0.026
"291,521,784",27.9316854891092,"291,518,789",23.4571552837287,"222,295,520,788",32.5261148428155,"222,295,520,788",25.8314696927492,1,"222,295,520,788",25.83147,0.008,1.009,1.009,1.009
"123,241,352,466,599,737,840",-40.2824040995137,"113,226,348,452,604,744,836",-51.174184581458,"107,225,346,464,603,720,737,843",-24.0633585125761,"107,225,346,464,603,737,843",-49.9574434017604,2,"107,225,346,464,603,737,843",-49.96304,0.059,1.047,0.047,0.047
"314,475,759",-6.88391910584942,"304,477,753",-14.8829757836813,"282,491,750,782",4.1705563902884,"282,491,750",-12.1514185467448,2,"282,491,750",-12.19131,0.018,1.057,0.057,0.057
"300,484,650,755,857",-68.4732314516298,"308,480,643,753,874",-79.6323532061117,"247,313,479,618,641,752,875",-59.9194861632466,"247,313,479,641,752,875",-74.4942325784505,3,"313,479,641,752,875",-78.82156,0.038,2.048,1.048,0.048
"294,453",51.6046550584609,"315,450",47.918929206018,"274,290,479",64.6321107467679,"290,479",53.3163593797737,3,"290,479,638",50.03134,0.024,1.03,0.03,1.03
"110,263,459,575,810",63.1021403933525,"145,236,451,575,821",53.9839115126715,"112,135,238,259,429,449,582,616,754,826",94.2051014898474,"135,238,259,449,582,754,826",65.9585992644991,3,"135,238,449,582,826",55.80391,0.081,5.039,2.062,0.083
"289,588",-27.0875979160947,"304,586",-28.7342055715861,"291,308,588,716",-9.80644322140727,"291,588",-27.7997244785809,2,"291,588",-27.8906,0.017,2.002,0.002,0.002
"344,828",-5.00092100953275,"347,826",-6.07950683511652,"261,347,815",5.73579179624257,"347,815",-4.82090143900166,10,"347,815",-4.82686,0.005,1.016,0.016,0.016
"132,372,496,848",92.1247741743657,"113,391,499,827",72.3468717958978,"113,124,300,377,515,702,830",93.5904031343816,"113,377,515,830",77.6501809677798,10,"113,377,515,650,830",75.1517,0.062,3.05,0.061,1.061
"114,221,334,462,605,792,892",100.54848333575,"155,216,320,495,617,793,866",67.5018326282022,"144,223,339,368,482,618,620,778,879,892",109.281602516226,"144,223,339,482,618,778,892",73.1230103680105,2,"144,223,339,482,618,778,892",72.93844,0.132,3.084,0.084,0.084
"254,487,633,779",42.9747394452906,"265,487,634,783",36.3849874588908,"243,263,482,633,792",49.9742222928893,"263,482,633,792",37.5371982289716,2,"263,482,633,792",37.53711,0.016,1.027,0.027,0.027
"127,250,387,503,607,713",42.8613596161244,"124,323,336,511,635,703",27.6910941787151,"49,125,251,298,307,369,417,507,591,634,706,728,832,951",63.9006007639216,"125,251,307,369,507,634,706,832,951",42.115429137466,4,"125,307,369,507,634,706,832,951",24.67433,0.173,8.048,3.059,2.115
"103,204,308,423,629,784,889",38.3841697029367,"102,210,314,425,632,780,903",30.0245713019843,"101,209,313,423,520,608,625,775,781,902",49.9433873065015,"101,209,313,423,520,625,775,902",34.0091176942555,2,"101,209,313,423,520,625,775,902",33.96643,0.036,3.032,1.038,1.038
"112,330,488,611,756,892",48.2624988865197,"121,319,474,621,767,879",29.8433849157404,"120,124,312,322,473,618,764,881",56.7730899260526,"120,312,473,618,764,881",30.4456648526339,2,"120,312,473,618,764,881",30.43205,0.068,2.057,0.067,0.067
"143,426,683,899",41.0302592227422,"137,425,694,915",30.0554696751601,"138,388,429,440,649,697,884,911",60.1407738543698,"138,429,649,697,911",35.2015481437501,3,"138,429,697,911",31.51008,0.034,4.034,1.034,0.034
"117,285,397,550,682",62.0051381355415,"104,347,350,570,678",40.6069193346608,"109,124,282,406,562,680,700",66.1704379279936,"124,282,406,562,680",43.812979421935,5,"124,282,406,562,680",43.74279,0.146,2.033,0.033,0.033
"105",-12.6294317543091,"99",-14.8068689091607,"103,763,856",-2.46948161793318,"103",-14.4236943125902,5,"103",-14.64345,0.006,2.002,0.002,0.002
"187,428,813",130.403868673205,"182,438,817",124.148613267103,"181,183,438,815",135.071964673086,"181,438,815",124.22752453003,1,"181,438,815",124.22752,0.019,1.016,0.018,0.018
"167,294,395,502,653,775,890",2.54698891125151,"167,304,394,460,660,789,900",-8.99958451911887,"165,296,391,498,655,783,787,895,905",15.395810210735,"165,296,391,498,655,787,905",-7.03178647872399,2,"165,296,391,498,655,787,905",-7.03468,0.084,2.027,0.041,0.041
"286,394,510,713,853",39.1949352831504,"309,398,487,728,850",29.80994586405,"106,289,397,486,523,710,729,849,854",60.3342752660329,"289,397,523,710,854",33.7696155434071,3,"289,397,523,710,854",33.02246,0.068,4.023,0.023,0.023
"114,292,439,540,646,783,896",18.2050519726454,"85,295,405,734,735,907",0.083253160775385,"84,129,293,427,542,646,781,896,906",21.4969205677456,"84,293,427,542,646,781,896",1.59977753115893,2,"84,293,427,542,646,781,896",1.1866,1.213,2.032,0.047,0.047
"290,391,592",106.03172238591,"294,416,607",95.4300333580763,"231,421,614,632",118.610367888744,"231,421,614",100.162113666436,5,"231,421,614",100.05685,0.044,1.111,0.111,0.111
"188,485,807",4.94274394246096,"203,473,807",-7.84304074129184,"193,209,458,482,799,804",17.0058319538503,"193,209,482,804",-0.217696208419525,3,"193,482,804",-6.83416,0.027,3.011,1.011,0.011
"145,473,686,799",-16.2238921295975,"159,474,688,801",-23.2316896054397,"163,451,476,648,683,817,861",12.6346154076317,"163,451,476,683,817",-14.2082864920655,4,"163,476,683,817",-20.32906,0.019,3.042,1.042,0.042
"412",-86.3274085036828,"414",-87.382228434464,"381,413,458",-73.6129532314746,"413",-87.3531146455383,2,"413",-87.38223,0.002,2.001,0.001,0.001
"130,255,399,505,659,787,896",0.194137047974642,"161,254,373,512,668,730,933",-23.5404139962253,"128,255,380,510,511,658,761,916",9.70078978311528,"128,255,380,510,658,761,916",-18.3434001668294,1,"128,255,380,510,658,761,916",-18.3434,0.168,1.073,0.073,0.073
"143,301,411,520,624,774,898",92.3458515753115,"137,265,662,784,936",78.4407213672572,"136,204,303,392,411,518,593,659,787,888,935",95.7511625624499,"136,303,392,518,659,787,935",72.4458031227097,2,"136,303,392,518,659,787,935",70.35179,2.214,4.065,0.115,0.115
"392,524,767",11.5818070253469,"380,545,762",5.73132827570074,"367,547,770",18.7334796472228,"367,547,770",8.81907373244608,1,"367,547,770",8.81907,0.038,0.051,0.051,0.051
"431,703",25.3418323534838,"442,697",19.3813016368931,"436,693,780",26.4363800986023,"436,693",20.5034141492569,2,"436,693",20.41462,0.017,1.015,0.015,0.015
"854",35.8886030886439,"846",33.9594008453406,"468,839",41.6930547597156,"839",34.4754009030977,6,"839",34.40941,0.008,1.015,0.015,0.015
"186,316,433,542",-26.2230909618349,"196,313,424,547",-29.7435559213251,"130,194,312,423,549,603,764",-6.16503578217113,"194,312,423,549",-29.4631551306982,2,"194,312,423,549",-29.67297,0.027,3.029,0.029,0.029
"268,628",13.8488290377059,"277,629",11.7258198995249,"271,292,628,649",28.0740232192855,"271,628",11.8748659049704,2,"271,628",11.874,0.01,2.003,0.003,0.003
"386,831",-20.1319367001311,"390,829",-22.3445694461479,"301,347,394,823",-3.9389269930411,"394,823",-21.343707091463,6,"394,823",-21.55572,0.006,2.016,0.016,0.016
"141,869",-17.5459896527944,"155,870",-19.7787095757366,"165,183,858",-4.0628931427391,"165,858",-17.462825760262,8,"165,858",-17.61763,0.015,1.035,0.035,0.035
"119,383",37.4472489973455,"124,383",36.3248919019956,"124,148,384,741",52.2520260495926,"124,384",36.476873984046,2,"124,384",36.47357,0.005,2.006,0.006,0.006
"101",65.0901564356277,"75",55.7670872331577,"92,261",68.6924316928069,"92",58.4698764726469,9,"92",58.30311,0.026,1.009,0.009,0.009
"111,317,418,536,637,771,898",77.9441054472148,"124,352,353,866,867",63.3226780564698,"120,127,299,414,538,651,779,899,920",93.5487016614822,"127,299,414,538,651,779,920",63.5947507342366,3,"127,299,414,538,651,779,920",63.00052,2.176,2.056,0.084,0.084
"150,289,409,521,674,788",-4.82684192502049,"177,283,383,524,683,751",-24.7763173894271,"133,171,280,282,394,523,622,676,788,881",13.3837936458406,"171,282,394,523,676,788,881",-19.1870824633474,2,"171,282,394,523,676,788,881",-22.51626,0.108,4.043,1.047,1.047
"153,253,354,478,655,766,884",15.7549633115448,"177,231,356,465,706,707,892",-9.46809062303555,"88,168,231,250,355,464,504,657,687,742,775,884",27.7707730819544,"168,231,355,464,687,742,884",-2.59715183470925,2,"168,231,355,464,687,742,884",-7.83097,0.179,5.044,0.108,0.108
"163,404,563,716,843",33.9877356874865,"166,400,565,672,861",28.7182964445931,"88,169,398,522,560,670,734,760,857",51.175178879668,"88,169,398,560,670,760,857",33.7920878307582,2,"88,169,398,560,670,760,857",33.78167,0.071,4.047,2.073,2.073
"185,286,418,591,863",76.908265438965,"184,312,418,592,871",66.9986313821243,"153,188,253,312,416,504,586,633,722,868",95.0540861260141,"188,253,312,416,504,586,868",72.2844851209239,2,"188,253,312,416,504,586,868",72.27465,0.036,5.041,2.041,2.041
"383",10.6980303720624,"397",6.24220399110107,"397",7.42576364958532,"397",6.33409995564217,1,"397",6.3341,0.014,0.014,0.014,0.014
"225,438,545,786",-8.17974547916528,"230,425,526,786",-22.2632798847257,"184,229,407,546,784,833",-3.08788817400679,"229,407,546,784",-21.4048158533921,2,"229,407,546,784",-21.45994,0.037,2.038,0.038,0.038
"389,550,675,798",19.714091153315,"405,524,682,814",13.2794407165308,"334,410,523,543,677,808,825",33.1047839617264,"334,410,523,677,825",18.4090211311437,6,"410,523,677,825",13.81831,0.065,3.04,1.077,0.077
"272,396,561,771,888",17.1541567916947,"296,393,563,787,852",8.63539268854726,"216,280,407,564,761,887",40.4035138727121,"280,407,564,761,887",13.5101830830495,2,"280,407,564,761,887",13.42324,0.081,1.033,0.033,0.033
"148,321,487,605,731,831",27.436687171747,"119,314,536,591,737,820",4.73271238459311,"108,147,306,314,485,519,606,731,824,839,938",44.5240616233785,"108,147,306,519,606,731,839",15.9174435154235,2,"108,147,306,519,606,731,839",13.29351,0.116,5.018,1.057,1.057
"153,370,843",36.6055204279787,"149,382,833",26.1398269568847,"151,369,450,751,832",41.0610355110545,"151,369,450,832",29.9996209510388,3,"151,369,832",26.68755,0.026,2.014,1.014,0.014
"167,322,470,624,735,858",37.7836957727805,"171,327,466,618,764,816",25.669613552062,"138,183,324,464,484,605,619,723,825,865",57.7083585116188,"138,183,324,464,619,723,865",33.7904408574215,8,"138,183,324,464,619,723,865",33.19862,0.09,4.048,1.048,1.048
"155,273,400,501,637,748,886",76.5189574120459,"157,274,408,479,629,742,927",58.3989062123569,"90,156,273,388,405,491,532,627,748,895,926",96.2881740693952,"90,156,273,405,491,627,748,895",67.7558631624282,3,"156,273,405,491,627,748,895",59.66829,0.088,4.035,1.035,0.035
"167,273,378,692,818",34.4491431834386,"184,324,383,677,815",8.88651679135552,"163,318,411,637,674,807,854",29.3253069514153,"163,318,411,674,807,854",18.0297163212268,7,"163,318,411,674,807",12.34434,0.091,2.111,1.111,0.111
"116,233,333,481,584,698,845",-3.50171309643864,"145,230,326,488,553,714,837",-18.2024391143323,"105,123,229,335,471,591,710,841",10.105517988548,"123,229,335,471,591,710,841",-16.1596312302226,2,"123,229,335,471,591,710,841",-16.16042,0.101,1.046,0.046,0.046
"109,232,372,499,638,777,898",80.7801994850802,"96,256,373,488,634,779,908",74.0906552146179,"96,252,369,375,487,499,633,777,907",100.749370279993,"96,252,369,487,633,777,907",75.2203540776984,2,"96,252,369,487,633,777,907",74.34656,0.065,2.05,0.062,0.062
"318",-66.217770281168,"320",-69.0312538953966,"319,496",-62.1234949826563,"319",-69.0312411577457,2,"319",-69.03125,0.002,1.001,0.001,0.001
"117,493,628,750",-4.35071191525819,"122,492,643,750",-17.1456756399385,"119,159,489,611,639,753",-1.84255878009279,"119,489,639,753",-16.4083945604937,8,"119,489,639,753",-16.73783,0.021,2.02,0.02,0.02
"879",32.2292218596367,"874",28.9255843765746,"360,866",34.210524957821,"866",29.598238914451,9,"866",28.98828,0.005,1.013,0.013,0.013
"125,252,362,497,607,849",66.9071120095012,"132,257,383,488,610,851",60.5504345610957,"125,256,375,381,488,608,642,812,854",94.8018240343416,"125,256,381,488,642,812,854",68.2092369026095,2,"125,256,381,488,642,812,854",67.95404,0.047,3.032,1.072,1.072
"113,399,588,882",22.5095968472785,"122,411,576,881",17.1464333366406,"101,126,210,379,410,583,861,880",45.4108181462401,"126,410,583,880",18.3379636458426,2,"126,410,583,880",17.57418,0.034,4.03,0.031,0.031
"538",76.3989047681008,"528",72.8379564379514,"522,526",87.0922909312527,"526",72.8441333565615,1,"526",72.84413,0.01,1.012,0.012,0.012
"467,767",65.9098993529534,"466,760",54.1833725574726,"457,757,833",63.4607407315286,"457,757",55.0921087981729,2,"457,757",55.0736,0.008,1.02,0.02,0.02
"847",28.3769700913016,"837",24.6435169921308,"364,825",27.4460382140148,"825",26.0589301159193,2,"825",26.00583,0.01,1.022,0.022,0.022
"242,569,682",73.3664093530411,"258,583,669",62.1887075469142,"255,565,700",77.7281287398679,"255,565,700",70.1120923341742,1,"255,565,700",70.11209,0.043,0.035,0.035,0.035
"201,533",16.8056749967501,"182,545",3.67337307597818,"180,204,513,576",15.5293808437969,"180,513,576",8.20922476476698,2,"180,513,576",8.19416,0.031,2.023,1.041,1.041
"401,637,776",0.754015733960863,"398,641,768",-6.36516160376458,"330,391,625,791",17.3287691264245,"391,625,791",-1.0977205776271,2,"391,625,791",-1.22158,0.015,1.037,0.037,0.037
"179,813",31.285937335145,"176,808",27.809863078463,"172,258,450,704,812",44.5241126825855,"172,812",28.6327176475945,3,"172,812",27.97364,0.008,3.008,0.008,0.008
"115,238,354,488,588,772,889",92.7616956576624,"155,226,336,486,620,778,883",70.4577040663381,"126,228,337,345,482,486,622,745,778,884,898",107.048160392413,"126,228,337,482,622,745,778,884",77.9346719817554,3,"126,228,337,482,622,778,884",72.39656,0.116,4.077,1.089,0.089
"133,596,734,869",104.168160117221,"139,608,720,862",86.1308605698992,"140,425,604,719,857,875",101.704407297868,"140,604,719,875",87.2188183226397,2,"140,604,719,875",86.92925,0.039,2.036,0.036,0.036
"349",-40.5898660006178,"352",-42.7000908576275,"355",-40.551472498015,"355",-42.3524809236817,1,"355",-42.35248,0.003,0.006,0.006,0.006
"284",108.727422736613,"287",105.872803573078,"284,417",112.396059376706,"284",105.932812872327,2,"284",105.9317,0.003,1,0,0
"204,551",52.6400920526481,"213,552",48.8794040449256,"206,250,551,601",65.5083766180621,"206,551",49.3931575165121,7,"206,551",49.23452,0.01,2.002,0.002,0.002
"240,361,486,597,758,870",128.668133016906,"246,347,521,583,713",99.05432544443,"193,245,346,357,503,590,726,771,846",122.063795632469,"193,245,357,503,590,726,771,846",108.386618840519,3,"245,357,503,590,771,846",97.13417,1.114,3.07,2.07,0.07
